time_h,tissue,histamine_nm,R_surf,R_int,G_signal,G_signal_pct,G_signal_ligand,G_signal_ligand_pct,G_signal_constitutive,G_signal_constitutive_pct,beta_arr_signal,beta_arr_signal_pct,internalization_drive,k_int_eff_per_h,driver_type,driver_id,antagonist_concentration_nm
0.0,bladder,20.555449826912117,0.937479228481,0.062520771519,0.3491884503671566,34.91884503671566,0.3182257778348491,31.822577783484913,0.04687396142405,4.687396142405,0.026676120225272902,2.6676120225272903,0.026676120225272902,0.03334515028159113,scenario,cyp_cystitis,0.001
0.083333333333,bladder,19.469503483054474,0.937734762666,0.062265237334,0.33510610054587786,33.51061005458779,0.30338880253955564,30.338880253955562,0.0468867381333,4.68867381333,0.022928554216235283,2.2928554216235284,0.022928554216235283,0.028660692770294104,scenario,cyp_cystitis,106.22447669262858
0.166666666667,bladder,16.81134590056803,0.938312580042,0.061687419958,0.3042775260805495,30.42775260805495,0.2709072600825784,27.090726008257842,0.0469156290021,4.69156290021,0.01815191352604237,1.8151913526042371,0.01815191352604237,0.022689891907552964,scenario,cyp_cystitis,212.44795338653185
0.25,bladder,14.107898239165253,0.939290171678,0.060709828322,0.2708362510910256,27.08362510910256,0.2356544657969743,23.56544657969743,0.0469645085839,4.6964508583899995,0.01406413808420966,1.406413808420966,0.014064138084209662,0.017580172605262078,scenario,cyp_cystitis,318.6714300791606
0.333333333333,bladder,12.345407569589499,0.940549315583,0.059450684417,0.2469419852493202,24.69419852493202,0.21043633628438968,21.04363362843897,0.047027465779150006,4.702746577915001,0.01142018328918046,1.1420183289180459,0.011420183289180458,0.014275229111475572,scenario,cyp_cystitis,424.8949067717892
0.416666666667,bladder,11.579078380413122,0.941975367408,0.058024632592,0.2350862714534554,23.50862714534554,0.1978815821926899,19.78815821926899,0.0470987683704,4.70987683704,0.009982670945958123,0.9982670945958123,0.009982670945958123,0.012478338682447654,scenario,cyp_cystitis,531.1183834656922
0.5,bladder,11.417160458078335,0.943428777576,0.056571222424,0.23099449652641585,23.099449652641585,0.193497955418543,19.349795541854302,0.0471714388788,4.71714388788,0.009211669736876083,0.9211669736876084,0.009211669736876083,0.011514587171095103,scenario,cyp_cystitis,637.3418601583209
0.583333333333,bladder,11.514853243236969,0.94487855764,0.05512144236,0.230275149985519,23.0275149985519,0.19266444431949373,19.266444431949374,0.047243927882,4.7243927882,0.008728737505550739,0.8728737505550739,0.008728737505550737,0.010910921881938422,scenario,cyp_cystitis,743.5653368509493
0.666666666667,bladder,11.705727363009851,0.946305708275,0.053694291725,0.23074139508465724,23.074139508465723,0.19308011544306028,19.308011544306027,0.047315285413750005,4.731528541375001,0.008366927300505804,0.8366927300505804,0.008366927300505804,0.010458659125632255,scenario,cyp_cystitis,849.7888135448533
0.75,bladder,11.936689170557148,0.947703802391,0.052296197609,0.23168984078999785,23.168984078999785,0.19400489544257668,19.400489544257667,0.04738519011955,4.738519011955001,0.008071078945674083,0.8071078945674083,0.008071078945674081,0.010088848682092602,scenario,cyp_cystitis,956.0122902374812
0.833333333333,bladder,12.196883947700995,0.949069441031,0.050930558969,0.2329661545957392,23.296615459573918,0.1952765079412518,19.52765079412518,0.047453472051550004,4.745347205155,0.007824164251502093,0.7824164251502094,0.007824164251502093,0.009780205314377616,scenario,cyp_cystitis,1062.2357669301095
0.916666666667,bladder,12.486246370197202,0.950394473389,0.049605526611,0.23455139971994435,23.455139971994434,0.19687544847420457,19.687544847420458,0.04751972366945,4.751972366945,0.007618997209122392,0.7618997209122392,0.007618997209122391,0.009523746511402989,scenario,cyp_cystitis,1168.4592436240132
1.0,bladder,12.806738294006486,0.951676391682,0.048323608318,0.2364517447038662,23.64517447038662,0.19880834223133284,19.880834223133284,0.047583819584100004,4.75838195841,0.007450895029753057,0.7450895029753056,0.007450895029753057,0.009313618787191322,scenario,cyp_cystitis,1274.682720316642
1.083333333333,bladder,13.160635160454543,0.952915195912,0.047084804088,0.23951374686760427,23.951374686760428,0.20196630218105713,20.196630218105714,0.047645759795600005,4.764575979560001,0.007442934263003718,0.7442934263003718,0.007442934263003719,0.009303667828754648,scenario,cyp_cystitis,1340.0594365094296
1.166666666667,bladder,13.550267687212457,0.954110473472,0.045889526528,0.24290674009201688,24.290674009201688,0.20547496465096513,20.54749646509651,0.0477055236736,4.7705523673600005,0.00745492052980837,0.745492052980837,0.007454920529808371,0.009318650662260463,scenario,cyp_cystitis,1405.4361527030026
1.25,bladder,13.977975435917488,0.955256254473,0.044743745527,0.24663778832126226,24.663778832126226,0.20934207957643394,20.934207957643395,0.04776281272365,4.776281272365,0.007486512809026688,0.7486512809026689,0.0074865128090266875,0.00935814101128336,scenario,cyp_cystitis,1470.8128688957897
1.333333333333,bladder,14.446080872967489,0.956350578832,0.043649421168,0.25071257681262465,25.071257681262466,0.21357373460107856,21.357373460107855,0.047817528941600004,4.78175289416,0.007537393973150321,0.753739397315032,0.00753739397315032,0.009421742466437899,scenario,cyp_cystitis,1536.1895850885774
1.416666666667,bladder,14.956862625539502,0.95739344655,0.04260655345,0.2551346279001623,25.513462790016227,0.2181736374449077,21.81736374449077,0.0478696723275,4.78696723275,0.007607254118879901,0.76072541188799,0.0076072541188799,0.009509067648599875,scenario,cyp_cystitis,1601.566301282151
1.5,bladder,15.512526265224263,0.958384943831,0.041615056169,0.2599045581132704,25.99045581132704,0.2231424325491794,22.31424325491794,0.04791924719155,4.791924719155,0.007695775150405012,0.7695775150405012,0.0076957751504050115,0.009619718938006264,scenario,cyp_cystitis,1666.9430174749389
1.583333333333,bladder,16.115172667342524,0.95932589673,0.04067410327,0.26502002598746666,26.502002598746664,0.22847761173785966,22.847761173785965,0.0479662948365,4.79662948365,0.007802616440588622,0.7802616440588622,0.007802616440588623,0.009753270550735778,scenario,cyp_cystitis,1732.319733667726
1.666666666667,bladder,16.766764161833343,0.960216511604,0.039783488396,0.27047518283834315,27.047518283834314,0.23417300764015073,23.417300764015074,0.048010825580200006,4.801082558020001,0.007927401507368816,0.7927401507368816,0.007927401507368814,0.009909251884211018,scenario,cyp_cystitis,1797.696449861298
1.75,bladder,17.469088762520904,0.961056788452,0.038943211548,0.27626064688960045,27.626064688960046,0.24021874470210572,24.021874470210573,0.048052839422600004,4.80528394226,0.008069705686900436,0.8069705686900436,0.008069705686900436,0.010087132108625545,scenario,cyp_cystitis,1863.0731660540862
1.833333333333,bladder,18.22372282885462,0.961845945223,0.038154054777,0.28236326294839165,28.236326294839166,0.24660101651288596,24.660101651288596,0.048092297261150004,4.809229726115,0.008229044818333201,0.8229044818333201,0.008229044818333201,0.0102863060229165,scenario,cyp_cystitis,1928.4498822468754
1.916666666667,bladder,19.031992580948042,0.962578692674,0.037421307326,0.2887649631398219,28.87649631398219,0.2533010826380231,25.33010826380231,0.0481289346337,4.81289346337,0.008404864981296736,0.8404864981296736,0.008404864981296736,0.01050608122662092,scenario,cyp_cystitis,1993.8265984404472
2.0,bladder,19.894934954180734,0.963254041679,0.036745958321,0.2954453895422153,29.544538954221526,0.2602975657455424,26.02975657455424,0.04816270208395,4.816270208395,0.008596533347124258,0.8596533347124258,0.008596533347124258,0.010745666683905322,scenario,cyp_cystitis,2059.203314633235
2.083333333333,bladder,20.81325834149058,0.963871992238,0.036128007762,0.30365273153688616,30.365273153688616,0.2689043493947223,26.89043493947223,0.048193599611900007,4.819359961190001,0.008962493816352845,0.8962493816352844,0.008962493816352845,0.011203117270441057,scenario,cyp_cystitis,2068.598251775502
2.166666666667,bladder,21.78730382779719,0.964432544351,0.035567455649,0.3121244492218165,31.212444922181646,0.27779244421501736,27.779244421501737,0.04822162721755,4.822162721755,0.009349641802919422,0.9349641802919423,0.009349641802919422,0.011687052253649279,scenario,cyp_cystitis,2077.993188917881
2.25,bladder,22.81700757075368,0.964935698019,0.035064301981,0.3208298636877612,32.08298636877612,0.286929556617696,28.6929556617696,0.04824678490095,4.824678490095001,0.009757704583445841,0.9757704583445841,0.009757704583445841,0.0121971307293073,scenario,cyp_cystitis,2087.388126060147
2.333333333333,bladder,23.901865022655258,0.96538145324,0.03461854676,0.3297351545773167,32.97351545773167,0.2962800862266492,29.628008622664918,0.04826907266200001,4.826907266200001,0.010186224341202197,1.0186224341202197,0.010186224341202199,0.012732780426502749,scenario,cyp_cystitis,2096.7830632024147
2.416666666667,bladder,25.040897717868443,0.965769648271,0.034230351729,0.33880373894024945,33.88037389402495,0.30580553318599946,30.580553318599947,0.04828848241355,4.828848241355,0.010634547918552065,1.0634547918552066,0.010634547918552065,0.013293184898190081,scenario,cyp_cystitis,2106.1780003447943
2.5,bladder,26.23262336791749,0.966099165489,0.033900834511,0.3479964666693547,34.799646666935466,0.315464745678847,31.5464745678847,0.04830495827445,4.830495827445,0.011101818325591551,1.110181832559155,0.011101818325591551,0.01387727290698944,scenario,cyp_cystitis,2115.5729374870593
2.583333333333,bladder,27.47503000998276,0.966369791736,0.033630208264,0.35727278956453834,35.72727895645384,0.3252150526081456,32.52150526081456,0.048318489586800004,4.83184895868,0.011586968271250539,1.158696827125054,0.011586968271250539,0.014483710339063174,scenario,cyp_cystitis,2124.967874629327
2.666666666667,bladder,28.765554942575232,0.966581527011,0.033418472989,0.3665910895099508,36.659108950995076,0.3350126454309482,33.50126454309482,0.048329076350550004,4.832907635055,0.012088715963833242,1.2088715963833243,0.012088715963833242,0.015110894954791553,scenario,cyp_cystitis,2134.3628117717058
2.75,bladder,30.101069154732745,0.966734371314,0.033265628686,0.37590915789532536,37.59091578953254,0.3448130940311846,34.48130940311846,0.0483367185657,4.8336718565700005,0.01260556340228764,1.2605563402287638,0.012605563402287637,0.015756954252859546,scenario,cyp_cystitis,2143.757748913974
2.833333333333,bladder,31.477867910531376,0.966828324646,0.033171675354,0.3851847352867333,38.51847352867333,0.35457191479414035,35.457191479414035,0.048341416232300004,4.834141623230001,0.013135797347252636,1.3135797347252636,0.013135797347252636,0.016419746684065796,scenario,cyp_cystitis,2153.152686056239
2.916666666667,bladder,32.89166808858644,0.966863387006,0.033136612994,0.39437602354689305,39.437602354689304,0.3642451096806243,36.42451096806243,0.0483431693503,4.83431693503,0.013677493122545278,1.367749312254528,0.013677493122545278,0.017096866403181598,scenario,cyp_cystitis,2162.547623198618
3.0,bladder,34.33761279799859,0.966840526478,0.033159473522,0.40344256144624485,40.34425614462449,0.3737900369708893,37.37900369708893,0.0483420263239,4.83420263239,0.014228521354394938,1.4228521354394938,0.01422852135439494,0.017785651692993676,scenario,cyp_cystitis,2171.9425603408845
3.083333333333,bladder,35.810283697268886,0.966766578482,0.033233421518,0.4123477798218375,41.23477798218375,0.38316784305025003,38.316784305025,0.048338328924100005,4.83383289241,0.014786557707781228,1.478655770778123,0.014786557707781228,0.018483197134726535,scenario,cyp_cystitis,2181.3374974831518
3.166666666667,bladder,37.30372133199148,0.96664287247,0.03335712753,0.4210546739268638,42.10546739268638,0.3923395055824882,39.23395055824882,0.0483321436235,4.833214362350001,0.015349095627656462,1.5349095627656462,0.015349095627656462,0.019186369534570577,scenario,cyp_cystitis,2190.7324346255314
3.25,bladder,38.81145368359,0.966469408444,0.033530591556,0.4295277000010501,42.95277000010501,0.40126761008300016,40.126761008300015,0.048323470422200004,4.83234704222,0.01591346203931736,1.591346203931736,0.01591346203931736,0.0198918275491467,scenario,cyp_cystitis,2200.1273717677977
3.333333333333,bladder,40.326532985625605,0.966246186402,0.033753813598,0.43773354837659706,43.7733548376597,0.4099170937436811,40.991709374368114,0.0483123093201,4.8312309320099995,0.01647683590744865,1.647683590744865,0.016476835907448653,0.020596044884310816,scenario,cyp_cystitis,2209.5223089100646
3.416666666667,bladder,41.84158071859321,0.965973277019,0.034026722981,0.4456413426141362,44.56413426141362,0.4182554513296697,41.825545132966965,0.048298663850950004,4.829866385095,0.017036269498658323,1.7036269498658323,0.01703626949865832,0.021295336873322898,scenario,cyp_cystitis,2218.917246052445
3.5,bladder,43.34884054292372,0.965658914071,0.034341085929,0.45322654546067354,45.322654546067355,0.4262564207969721,42.625642079697215,0.048282945703550004,4.828294570355,0.017588712139517737,1.7588712139517737,0.017588712139517737,0.02198589017439717,scenario,cyp_cystitis,2228.3121831947115
3.583333333333,bladder,44.840238774795814,0.965308735704,0.034691264296,0.46046618760692537,46.04661876069254,0.4338955271807636,43.38955271807636,0.048265436785200004,4.82654367852,0.018131036211921265,1.8131036211921265,0.018131036211921265,0.02266379526490158,scenario,cyp_cystitis,2237.707120336978
3.666666666667,bladder,46.30745185369036,0.964922741919,0.035077258081,0.46733726658751645,46.73372665875164,0.44114855735954367,44.114855735954364,0.04824613709595,4.824613709595,0.0186600650811833,1.86600650811833,0.0186600650811833,0.023325081351479125,scenario,cyp_cystitis,2247.1020574793565
3.75,bladder,47.741980099450366,0.964500932715,0.035499067285,0.4738192505640456,47.38192505640456,0.4479938988718901,44.79938988718901,0.04822504663575,4.822504663575,0.019172602611318937,1.9172602611318936,0.019172602611318937,0.02396575326414867,scenario,cyp_cystitis,2256.4969946216233
3.833333333333,bladder,49.13522691208793,0.964043308092,0.035956691908,0.4798939913197543,47.98939913197543,0.4544124483317414,45.44124483317414,0.048202165404600004,4.820216540460001,0.019665463886783127,1.9665463886783128,0.019665463886783127,0.02458182985847891,scenario,cyp_cystitis,2265.8919317638897
3.916666666667,bladder,50.47858243339961,0.963551699951,0.036448300049,0.4855465311862283,48.55465311862283,0.4603883644091351,46.038836440913514,0.04817758499755,4.8177584997550005,0.02013550673136976,2.013550673136976,0.02013550673136976,0.025169383414212203,scenario,cyp_cystitis,2275.28686890627
4.0,bladder,51.7635105705636,0.963030726135,0.036969273865,0.4907655032188383,49.07655032188383,0.46590943885482977,46.59094388548298,0.04815153630675,4.815153630675,0.02057966359408687,2.057966359408687,0.02057966359408687,0.02572457949260859,scenario,cyp_cystitis,2284.681806048536
4.083333333333,bladder,52.98163818012238,0.962480610587,0.037519389413,0.4963931511042088,49.63931511042088,0.4718622321840619,47.18622321840619,0.04812403052935,4.812403052935,0.021189786784571497,2.11897867845715,0.021189786784571493,0.026487233480714367,scenario,cyp_cystitis,2263.142386522884
4.166666666667,bladder,54.12484512923419,0.961901353307,0.038098646693,0.501566585221198,50.1566585221198,0.47733843953247157,47.73384395324716,0.04809506766535,4.809506766535001,0.02177775544086628,2.177775544086628,0.02177775544086628,0.02722219430108285,scenario,cyp_cystitis,2241.6029669969735
4.25,bladder,55.1853538936598,0.961292954296,0.038707045704,0.5062768676036244,50.627686760362444,0.4823286525145521,48.23286525145521,0.048064647714800006,4.806464771480001,0.022340141019001607,2.2340141019001605,0.022340141019001607,0.02792517627375201,scenario,cyp_cystitis,2220.0635474713217
4.333333333333,bladder,56.155817319328094,0.960656442909,0.039343557091,0.5105172741985297,51.051727419852966,0.48682573900324183,48.682573900324186,0.04803282214545,4.803282214545,0.022873604275498987,2.2873604275498987,0.022873604275498987,0.028592005344373735,scenario,cyp_cystitis,2198.5241279456704
4.416666666667,bladder,57.0294031682204,0.960002245073,0.039997754927,0.5142876222185827,51.42876222185827,0.4908289578578239,49.08289578578239,0.04800011225365,4.800011225365,0.023374929378397746,2.337492937839775,0.02337492937839775,0.029218661722997186,scenario,cyp_cystitis,2176.9847084197595
4.5,bladder,57.799874091655,0.959333073377,0.040666926623,0.5175850429735704,51.75850429735704,0.4943351466365479,49.43351466365479,0.04796665366885,4.796665366885,0.02384105731107435,2.384105731107435,0.023841057311074346,0.029801321638842932,scenario,cyp_cystitis,2155.4452888941073
4.583333333333,bladder,58.46166172381478,0.958648927822,0.041351072178,0.5204063584571483,52.04063584571483,0.4973409600695246,49.73409600695246,0.0479324463911,4.79324463911,0.024269118103166443,2.4269118103166445,0.024269118103166443,0.030336397628958053,scenario,cyp_cystitis,2133.905869368455
4.666666666667,bladder,59.00993366533973,0.957949808408,0.042050191592,0.5227493637332179,52.27493637332179,0.4998440771713873,49.98440771713873,0.04789749042040001,4.78974904204,0.024656461437106075,2.4656461437106074,0.02465646143710607,0.030820576796382587,scenario,cyp_cystitis,2112.3664498425455
4.75,bladder,59.44065223056165,0.957241860996,0.042758139004,0.5246160649882166,52.46160649882165,0.5018462862509648,50.18462862509649,0.0478620930498,4.78620930498,0.0250006852006772,2.5000685200677197,0.025000685200677206,0.03125085650084651,scenario,cyp_cystitis,2090.827030316893
4.833333333333,bladder,59.750623959633124,0.95653936453,0.04346063547,0.5260137171795949,52.60137171795949,0.5033544725822052,50.335447258220526,0.047826968226500004,4.78269682265,0.02529966158454402,2.529966158454402,0.025299661584544015,0.03162457698068002,scenario,cyp_cystitis,2069.287610791242
4.916666666667,bladder,59.937539046229546,0.955842899147,0.044157100853,0.5269427206773234,52.69427206773234,0.5043690270736563,50.436902707365626,0.047792144957350007,4.779214495735,0.02555156035832133,2.555156035832133,0.025551560358321332,0.03193945044790167,scenario,cyp_cystitis,2047.7481912653311
5.0,bladder,60.0,0.955152464847,0.044847535153,0.5274036609437553,52.74036609437553,0.5048905660014794,50.48905660014794,0.04775762324235,4.775762324235,0.025754868999096535,2.5754868999096536,0.025754868999096535,0.03219358624887067,scenario,cyp_cystitis,2026.2087717396798
5.083333333333,bladder,59.937539046229546,0.954468280366,0.045531719634,0.5273976930501136,52.739769305011365,0.5049202937176985,50.49202937176985,0.0477234140183,4.77234140183,0.02590840939118022,2.590840939118022,0.025908409391180224,0.03238551173897528,scenario,cyp_cystitis,2004.6693522140274
5.166666666667,bladder,59.750623959633124,0.953802734816,0.046197265184,0.5269331123586838,52.69331123586838,0.5044662901240882,50.44662901240882,0.0476901367408,4.76901367408,0.026011350864625884,2.6011350864625884,0.026011350864625884,0.03251418858078235,scenario,cyp_cystitis,1983.1299326881162
5.25,bladder,59.44065223056165,0.953162991554,0.046837008446,0.526015706276412,52.6015706276412,0.5035342702091706,50.35342702091706,0.0476581495777,4.76581495777,0.0260632193921353,2.60632193921353,0.026063219392135295,0.03257902424016912,scenario,cyp_cystitis,1961.5905131624645
5.333333333333,bladder,59.00993366533973,0.95254905058,0.04745094942,0.5246476648237317,52.46476648237317,0.5021265392576123,50.21265392576123,0.047627452529,4.762745252899999,0.02606390281827,2.606390281827,0.02606390281827,0.0325798785228375,scenario,cyp_cystitis,1940.0510936368132
5.416666666667,bladder,58.46166172381478,0.951960911894,0.048039088106,0.5228315671418159,52.28315671418159,0.5002458121548589,50.02458121548589,0.0475980455947,4.75980455947,0.026013652050813692,2.601365205081369,0.026013652050813692,0.03251706506351711,scenario,cyp_cystitis,1918.5116741109023
5.5,bladder,57.799874091655,0.951398862498,0.048601137502,0.5205705900635544,52.057059006355445,0.49789541783016256,49.789541783016254,0.047569943124900003,4.756994312490001,0.025913078200961365,2.5913078200961364,0.025913078200961368,0.03239134775120171,scenario,cyp_cystitis,1896.972254585251
5.583333333333,bladder,57.0294031682204,0.95086620768,0.04913379232,0.517870063305975,51.78700633059749,0.4950807925494474,49.50807925494474,0.047543310384000004,4.7543310384,0.025763145715838473,2.5763145715838474,0.025763145715838476,0.032203932144798095,scenario,cyp_cystitis,1875.4328350595988
5.666666666667,bladder,56.155817319328094,0.950367573361,0.049632426639,0.5147365933446346,51.47365933446346,0.4918086470279838,49.18086470279838,0.047518378668050004,4.751837866805,0.025565161603099542,2.556516160309954,0.025565161603099542,0.031956452003874425,scenario,cyp_cystitis,1853.893415533688
5.75,bladder,55.1853538936598,0.949907530794,0.050092469206,0.5111773925776893,51.11773925776893,0.4880863326715677,48.80863326715677,0.047495376539700006,4.749537653970001,0.02532076090216902,2.532076090216902,0.02532076090216902,0.031650951127711276,scenario,cyp_cystitis,1832.3539960080361
5.833333333333,bladder,54.12484512923419,0.949490651231,0.050509348769,0.5072004122999738,50.72004122999738,0.483921978672025,48.392197867202505,0.04747453256155,4.7474532561550005,0.025031888609316526,2.503188860931653,0.025031888609316523,0.03128986076164565,scenario,cyp_cystitis,1810.8145764823844
5.916666666667,bladder,52.98163818012238,0.949121505926,0.050878494074,0.5028144606474894,50.281446064748934,0.4793246161591467,47.93246161591467,0.0474560752963,4.74560752963,0.024700778313615633,2.4700778313615634,0.024700778313615633,0.030875972892019543,scenario,cyp_cystitis,1789.275156956474
6.0,bladder,51.7635105705636,0.94880466613,0.05119533387,0.49802933336231897,49.802933336231895,0.4743043158482305,47.430431584823054,0.047440233306500004,4.74402333065,0.02432992784692148,2.4329927846921477,0.024329927846921475,0.030412409808651845,scenario,cyp_cystitis,1767.7357374308222
6.083333333333,bladder,50.47858243339961,0.948544703098,0.051455296902,0.4928559547174763,49.28559547174763,0.46887233638165926,46.887233638165924,0.0474272351549,4.74272351549,0.02392207229271861,2.392207229271861,0.02392207229271861,0.029902590365898263,scenario,cyp_cystitis,1746.1963179051706
6.166666666667,bladder,49.13522691208793,0.94834609405,0.05165390595,0.4873064770378838,48.730647703788385,0.4630412340372462,46.30412340372462,0.0474173047025,4.74173047025,0.02348015473545642,2.348015473545642,0.023480154735456418,0.029350193419320523,scenario,cyp_cystitis,1724.6568983792604
6.25,bladder,47.741980099450366,0.948204519302,0.051795480698,0.4813900161971,48.13900161971,0.4568208318231579,45.68208318231579,0.0474102259651,4.74102259651,0.023007295162734576,2.300729516273458,0.023007295162734576,0.02875911895341822,scenario,cyp_cystitis,1703.1174788536075
6.333333333333,bladder,46.30745185369036,0.948115686328,0.051884313672,0.4751175123141301,47.51175123141301,0.450222871576558,45.022287157655796,0.0474057843164,4.74057843164,0.022506757957068944,2.2506757957068944,0.022506757957068947,0.028133447446336182,scenario,cyp_cystitis,1681.5780593279562
6.416666666667,bladder,44.840238774795814,0.948079870897,0.051920129103,0.46850415039408333,46.85041503940833,0.443263322999193,44.3263322999193,0.047403993544850004,4.7403993544850005,0.02198191843151186,2.198191843151186,0.021981918431511857,0.02747739803938982,scenario,cyp_cystitis,1660.038639802045
6.5,bladder,43.34884054292372,0.948097348774,0.051902651226,0.4615671307990899,46.15671307990899,0.4359602772214631,43.59602772214631,0.0474048674387,4.74048674387,0.021436228873177438,2.143622887317744,0.021436228873177435,0.026795286091471793,scenario,cyp_cystitis,1638.499220276393
6.583333333333,bladder,41.84158071859321,0.948168395729,0.051831604271,0.4543257926156496,45.43257926156496,0.4283340766623154,42.83340766623154,0.04740841978645,4.740841978645,0.020873184560794986,2.087318456079499,0.020873184560794983,0.02609148070099373,scenario,cyp_cystitis,1616.9598007507411
6.666666666667,bladder,40.326532985625605,0.948293282312,0.051706717688,0.44680170682070447,44.68017068207045,0.42040741337379417,42.040741337379416,0.047414664115600004,4.74146641156,0.02029629021667888,2.0296290216678883,0.02029629021667888,0.0253703627708486,scenario,cyp_cystitis,1595.4203812248306
6.75,bladder,38.81145368359,0.948469482055,0.051530517945,0.4390174450097601,43.90174450097601,0.4122041799021159,41.22041799021159,0.04742347410275,4.742347410275,0.019709027339395207,1.9709027339395206,0.019709027339395207,0.02463628417424401,scenario,cyp_cystitis,1573.880961699179
6.833333333333,bladder,37.30372133199148,0.948693881908,0.051306118092,0.43099772221993965,43.099772221993966,0.4037505559205681,40.37505559205681,0.0474346940954,4.74346940954,0.019114822841584993,1.9114822841584993,0.019114822841584996,0.023893528551981246,scenario,cyp_cystitis,1552.3415421735278
6.916666666667,bladder,35.810283697268886,0.948965240201,0.051034759799,0.42277049476526973,42.277049476526976,0.3950760344791787,39.50760344791787,0.04744826201005001,4.744826201005001,0.018517019388291468,1.8517019388291467,0.018517019388291464,0.02314627423536433,scenario,cyp_cystitis,1530.802122647617
7.0,bladder,34.33761279799859,0.949282315268,0.050717684732,0.41436598119635404,41.436598119635406,0.38621248992942536,38.62124899294253,0.047464115763400004,4.746411576340001,0.017918847794709352,1.7918847794709352,0.017918847794709352,0.02239855974338669,scenario,cyp_cystitis,1509.2627031219652
7.083333333333,bladder,32.89166808858644,0.949643865442,0.050356134558,0.4058165200011263,40.581652000112626,0.37719402813581715,37.719402813581716,0.0474821932721,4.74821932721,0.017323401799841952,1.732340179984195,0.017323401799841952,0.02165425224980244,scenario,cyp_cystitis,1487.7232835963127
7.166666666667,bladder,31.477867910531376,0.950048649054,0.049951350946,0.3971563644861411,39.71563644861411,0.36805677056151703,36.8056770561517,0.0475024324527,4.75024324527,0.016733615485068954,1.6733615485068953,0.016733615485068954,0.02091701935633619,scenario,cyp_cystitis,1466.1838640704023
7.25,bladder,30.101069154732745,0.95049357935,0.04950642065,0.3884206600787886,38.84206600787886,0.35883787485398805,35.883787485398805,0.047524678967500004,4.752467896750001,0.01615224355458747,1.6152243554587469,0.01615224355458747,0.020190304443234337,scenario,cyp_cystitis,1444.6444445447512
7.333333333333,bladder,28.765554942575232,0.95097463356,0.04902536644,0.37964556368524466,37.96455636852446,0.34957561263920495,34.957561263920496,0.047548731678,4.7548731678,0.015581844639885415,1.5581844639885414,0.015581844639885415,0.019477305799856768,scenario,cyp_cystitis,1423.1050250190983
7.416666666667,bladder,27.47503000998276,0.951489415498,0.048510584502,0.37086889872928935,37.086889872928936,0.3403099241625151,34.03099241625151,0.047574470774900006,4.75744707749,0.015024767734122728,1.5024767734122728,0.015024767734122728,0.018780959667653408,scenario,cyp_cystitis,1401.5656054931878
7.5,bladder,26.23262336791749,0.952035530015,0.047964469985,0.3621290201503562,36.21290201503562,0.3310813091048487,33.10813091048487,0.04760177650075,4.760177650075001,0.014483141805290926,1.4483141805290927,0.014483141805290926,0.018103927256613656,scenario,cyp_cystitis,1380.026185967536
7.583333333333,bladder,25.040897717868443,0.952610581962,0.047389418038,0.35346433228045987,35.34643322804599,0.3219303191393262,32.19303191393262,0.047630529098100005,4.763052909810001,0.013958868581212957,1.3958868581212958,0.013958868581212956,0.017448585726516194,scenario,cyp_cystitis,1358.4867664418846
7.666666666667,bladder,23.901865022655258,0.953212176191,0.046787823809,0.3449127782043233,34.49127782043233,0.31289702041555084,31.289702041555085,0.047660608809550004,4.766060880955,0.013453618446080505,1.3453618446080504,0.013453618446080506,0.016817023057600633,scenario,cyp_cystitis,1336.9473469159745
7.75,bladder,22.81700757075368,0.953837539563,0.046162460437,0.3365111813090782,33.65111813090782,0.3040203203483455,30.402032034834548,0.04769187697815,4.769187697815,0.012968829337961174,1.2968829337961174,0.012968829337961172,0.016211036672451464,scenario,cyp_cystitis,1315.407927390322
7.833333333333,bladder,21.78730382779719,0.954483566108,0.045516433892,0.3282947539197457,32.82947539197457,0.29533744801510076,29.533744801510075,0.0477241783054,4.77241783054,0.01250570849116725,1.2505708491167251,0.01250570849116725,0.015632135613959063,scenario,cyp_cystitis,1293.86850786467
7.916666666667,bladder,20.81325834149058,0.95514757947,0.04485242053,0.32029686089489046,32.02968608948905,0.286883665180411,28.688366518041096,0.0477573789735,4.77573789735,0.012065236827401645,1.2065236827401646,0.012065236827401645,0.015081546034252057,scenario,cyp_cystitis,1272.3290883387597
8.0,bladder,19.894934954180734,0.955826907151,0.044173092849,0.3125483894511184,31.25483894511184,0.27869162536165093,27.869162536165092,0.04779134535755,4.779134535755,0.011648175765418782,1.1648175765418782,0.011648175765418782,0.014560219706773478,scenario,cyp_cystitis,1250.789668813108
8.083333333333,bladder,19.031992580948042,0.956518876653,0.043481123347,0.304851112894198,30.485111289419798,0.27055280953847155,27.055280953847156,0.04782594383265,4.782594383265,0.011210945186703526,1.1210945186703525,0.011210945186703526,0.014013681483379408,scenario,cyp_cystitis,1238.1254083314543
8.166666666667,bladder,18.22372282885462,0.957220815478,0.042779184522,0.297462726449068,29.746272644906803,0.2627386165001769,26.27386165001769,0.0478610407739,4.78610407739,0.010800397864593825,1.0800397864593825,0.010800397864593827,0.013500497330742284,scenario,cyp_cystitis,1225.4611478496488
8.25,bladder,17.469088762520904,0.957930638249,0.042069361751,0.2904045291536356,29.040452915363563,0.2552715760433533,25.527157604335333,0.047896531912450004,4.789653191245001,0.010416454036698157,1.0416454036698157,0.010416454036698157,0.013020567545872696,scenario,cyp_cystitis,1212.7968873679956
8.333333333333,bladder,16.766764161833343,0.958646929981,0.041353070019,0.283694135464608,28.369413546460798,0.24817030417427155,24.817030417427155,0.04793234649905,4.793234649905,0.010058854043922177,1.0058854043922176,0.010058854043922177,0.012573567554902722,scenario,cyp_cystitis,1200.1326268863413
8.416666666667,bladder,16.115172667342524,0.959367348036,0.040632651964,0.27734488489501125,27.734488489501125,0.24144896578232763,24.144896578232764,0.0479683674018,4.79683674018,0.009727176121143141,0.9727176121143142,0.009727176121143143,0.012158970151428928,scenario,cyp_cystitis,1187.4683664045363
8.5,bladder,15.512526265224263,0.960089527255,0.039910472745,0.2713661151380682,27.13661151380682,0.23511751450033497,23.511751450033497,0.04800447636275,4.800447636275,0.009420854637509694,0.9420854637509694,0.009420854637509694,0.011776068296887116,scenario,cyp_cystitis,1174.8041059228824
8.583333333333,bladder,14.9568626255395,0.960811102477,0.039188897523,0.26576323925349127,26.576323925349126,0.22918177276804344,22.918177276804343,0.04804055512385,4.804055512385,0.00913919847854186,0.913919847854186,0.009139198478541862,0.011423998098177327,scenario,cyp_cystitis,1162.1398454412288
8.666666666667,bladder,14.446080872967363,0.961529708542,0.038470291458,0.26053789542611533,26.053789542611533,0.22364358947264773,22.364358947264773,0.0480764854271,4.80764854271,0.00888140928657742,0.888140928657742,0.008881409286577421,0.011101761608221777,scenario,cyp_cystitis,1149.4755849594233
8.75,bladder,13.977975435911386,0.96224298029,0.03775701971,0.25568816676119244,25.568816676119244,0.21850107131230784,21.850107131230782,0.048112149014500005,4.8112149014500005,0.008646599303987194,0.8646599303987195,0.008646599303987194,0.010808249129983993,scenario,cyp_cystitis,1136.8113244777705
8.833333333333,bladder,13.550267686983485,0.962948552561,0.037051447439,0.25120885960733164,25.120885960733162,0.21374887576766485,21.374887576766486,0.04814742762805,4.814742762805,0.008433808594296432,0.8433808594296432,0.008433808594296434,0.010542260742870542,scenario,cyp_cystitis,1124.1470639961162
8.916666666667,bladder,13.160635153762957,0.963644060194,0.036355939806,0.247091827659455,24.7091827659455,0.20937855226290003,20.937855226290004,0.0481822030097,4.818220300969999,0.008242021448826825,0.8242021448826825,0.008242021448826825,0.010302526811033531,scenario,cyp_cystitis,1111.482803514311
9.0,bladder,12.806738141706688,0.964327138029,0.035672861971,0.24332632859147676,24.332632859147676,0.20537891756844923,20.53789175684492,0.04821635690145001,4.821635690145,0.008070181819550201,0.8070181819550202,0.008070181819550201,0.010087727274437751,scenario,cyp_cystitis,1098.8185430326575
9.083333333333,bladder,12.486243670618698,0.96499569857,0.03500430143,0.23989946917031613,23.989946917031613,0.20173650972822751,20.173650972822752,0.0482497849285,4.824978492850001,0.007917207651927653,0.7917207651927654,0.007917207651927653,0.009896509564909567,scenario,cyp_cystitis,1086.1542825510046
9.166666666667,bladder,12.196846681169273,0.965651100005,0.034348899995,0.23679736065119691,23.67973606511969,0.19843663752731255,19.843663752731256,0.04828255500025,4.828255500025,0.00778200402375534,0.778200402375534,0.00778200402375534,0.009727505029694175,scenario,cyp_cystitis,1073.4900220691982
9.25,bladder,11.936288517583218,0.966293023147,0.033706976853,0.23400420571295005,23.400420571295005,0.19546268900589478,19.546268900589478,0.04831465115735001,4.831465115735001,0.007663475026627844,0.7663475026627844,0.007663475026627844,0.009579343783284806,scenario,cyp_cystitis,1060.8257615875455
9.333333333333,bladder,11.702372736730853,0.966920230424,0.033079769576,0.23150288041832204,23.150288041832205,0.19279670410223373,19.279670410223375,0.0483460115212,4.83460115212,0.007560534355223015,0.7560534355223015,0.007560534355223016,0.00945066794402877,scenario,cyp_cystitis,1048.1615011058911
9.416666666667,bladder,11.492978332054987,0.967531484266,0.032468515734,0.22927551271743626,22.927551271743628,0.1904199352675119,19.041993526751188,0.0483765742133,4.83765742133,0.007472114595720312,0.7472114595720312,0.007472114595720313,0.00934014324465039,scenario,cyp_cystitis,1035.497240624086
9.5,bladder,11.306070492695913,0.968125547101,0.031874452899,0.2273038013981573,22.730380139815733,0.18831318320327084,18.831318320327085,0.04840627735505,4.8406277355050005,0.007397175227871149,0.7397175227871149,0.007397175227871149,0.009246469034838936,scenario,cyp_cystitis,1022.8329801424326
9.583333333333,bladder,11.139709044181245,0.968701181358,0.031298818642,0.22556930299551115,22.556930299551116,0.18645709887116965,18.645709887116965,0.0484350590679,4.84350590679,0.007334709375493406,0.7334709375493407,0.0073347093754934055,0.009168386719366758,scenario,cyp_cystitis,1010.1687196607794
9.666666666667,bladder,10.99205473721796,0.969257149464,0.030742850536,0.22405368409246895,22.405368409246897,0.18483244907291468,18.483244907291468,0.048462857473200005,4.8462857473200005,0.007283749357319078,0.7283749357319078,0.007283749357319077,0.009104686696648847,scenario,cyp_cystitis,997.5044591789737
9.75,bladder,10.861373565581756,0.96979241194,0.03020758806,0.22273898342547566,22.273898342547565,0.18342038192471122,18.342038192471122,0.048489620597,4.8489620597,0.007243371104113863,0.7243371104113863,0.007243371104113863,0.009054213880142329,scenario,cyp_cystitis,984.8401986973197
9.833333333333,bladder,10.746039303453825,0.970308958217,0.029691041783,0.22160843822621598,22.160843822621597,0.18220314770038526,18.220314770038527,0.04851544791085,4.851544791085001,0.00721269751898725,0.721269751898725,0.0072126975189872496,0.009015871898734061,scenario,cyp_cystitis,972.1759382156662
9.916666666667,bladder,10.644534457199693,0.97080745135,0.02919254865,0.22064562467923193,22.064562467923192,0.18116342327550727,18.116342327550726,0.048540372567500004,4.854037256750001,0.007190900865924406,0.7190900865924406,0.007190900865924407,0.008988626082405509,scenario,cyp_cystitis,959.5116777338607
10.0,bladder,10.555449826912115,0.971287653404,0.028712346596,0.21983468012308535,21.983468012308535,0.18028452363461617,18.028452363461618,0.0485643826702,4.856438267020001,0.007177204276960585,0.7177204276960585,0.007177204276960585,0.00897150534620073,scenario,cyp_cystitis,946.8474172522073
10.083333333333,bladder,10.477482869751306,0.971749326442,0.028250673558,0.21916059680720834,21.916059680720835,0.1795506636685351,17.955066366853508,0.0485874663221,4.85874663221,0.007170882471382137,0.7170882471382137,0.007170882471382136,0.008963603089227671,scenario,cyp_cystitis,934.1831567705539
10.166666666667,bladder,10.40943505071845,0.972192232528,0.027807767472,0.21860928034653532,21.860928034653533,0.17894701970540558,17.89470197054056,0.048609611626400005,4.860961162640001,0.007171261781109419,0.7171261781109419,0.007171261781109418,0.008964077226386773,scenario,cyp_cystitis,921.5188962887488
10.25,bladder,10.350208357468121,0.972616133726,0.027383866274,0.21816758433263,21.816758433263,0.1784597659435053,17.845976594350528,0.0486308066863,4.86308066863,0.007177719575269652,0.7177719575269652,0.007177719575269652,0.008972149469087065,scenario,cyp_cystitis,908.8546358070945
10.333333333333,bladder,10.298801144750488,0.973020792098,0.026979207902,0.21782332434672932,21.78233243467293,0.1780760892019256,17.80760892019256,0.0486510396049,4.86510396049,0.00718968317421931,0.718968317421931,0.0071896831742193105,0.008987103967774138,scenario,cyp_cystitis,896.1903753254417
10.416666666667,bladder,10.25430346155047,0.973406049426,0.026593950574,0.21756529238010328,21.756529238010327,0.17778419990400346,17.778419990400344,0.0486703024713,4.86703024713,0.00720662833918885,0.720662833918885,0.007206628339188851,0.009008285423986065,scenario,cyp_cystitis,883.526114843636
10.5,bladder,10.215892000381654,0.973773280904,0.026226719096,0.2173835634750518,21.73835634750518,0.17757357834721244,17.757357834721244,0.0486886640452,4.86886640452,0.007228077418583984,0.7228077418583984,0.007228077418583985,0.009035096773229981,scenario,cyp_cystitis,870.8618543619824
10.583333333333,bladder,10.182824794002768,0.97412327051,0.02587672949,0.21726899107428768,21.726899107428768,0.17743455531451335,17.743455531451335,0.0487061635255,4.87061635255,0.007253597226054476,0.7253597226054476,0.007253597226054477,0.009066996532568096,scenario,cyp_cystitis,858.1975938803287
10.666666666667,bladder,10.154435770411734,0.974456293244,0.025543706756,0.21721318849917295,21.721318849917296,0.17735828824944522,17.735828824944523,0.0487228146622,4.87228146622,0.007282796718956796,0.7282796718956797,0.007282796718956797,0.009103495898695996,scenario,cyp_cystitis,845.5333333985229
10.75,bladder,10.13012926263627,0.974772624108,0.025227375892,0.21720859806625953,21.720859806625953,0.1773368072219574,17.73368072219574,0.04873863120540001,4.873863120540001,0.007315324539033107,0.7315324539033107,0.007315324539033108,0.009144155673791385,scenario,cyp_cystitis,832.8690729168699
10.833333333333,bladder,10.109374555909222,0.975072538104,0.024927461896,0.21724844157673032,21.724844157673033,0.1773629628121372,17.736296281213722,0.0487536269052,4.87536269052,0.007350866470186521,0.7350866470186521,0.007350866470186521,0.00918858308773315,scenario,cyp_cystitis,820.2048124352161
10.916666666667,bladder,10.091700541503593,0.975356310232,0.024643689768,0.2173266678729466,21.73266678729466,0.17743037090668065,17.743037090668064,0.048767815511600004,4.876781551160001,0.007389142861304657,0.7389142861304657,0.007389142861304657,0.009236428576630821,scenario,cyp_cystitis,807.5405519534105
11.0,bladder,10.076690533966223,0.975624215496,0.024375784504,0.2174378989449988,21.74378989449988,0.17753335596863032,17.75333559686303,0.0487812107748,4.87812107748,0.007429906055344397,0.7429906055344396,0.0074299060553443975,0.009287382569180496,scenario,cyp_cystitis,794.8762914717571
11.083333333333,bladder,10.063977296895043,0.975876543791,0.024123456209,0.21757737913080247,21.75773791308025,0.17766689678026576,17.766689678026577,0.04879382718955,4.879382718955,0.0074729378594288465,0.7472937859428846,0.0074729378594288465,0.009341172324286058,scenario,cyp_cystitis,782.2120309901039
11.166666666667,bladder,10.053238311833356,0.976113955599,0.023886044401,0.21774100112099087,21.774100112099088,0.1778266350958325,17.782663509583248,0.04880569777995,4.880569777995,0.007518047084603392,0.7518047084603392,0.007518047084603391,0.009397558855754239,scenario,cyp_cystitis,769.5477705082977
11.25,bladder,10.044191315346753,0.976336989533,0.023663010467,0.217925144505868,21.7925144505868,0.17800873160970318,17.80087316097032,0.04881684947665,4.881684947665,0.007565067178258694,0.7565067178258694,0.007565067178258694,0.009456333972823368,scenario,cyp_cystitis,756.8835100266443
11.333333333333,bladder,10.036590120944052,0.976546046888,0.023453953112,0.21812662267254224,21.812662267254225,0.17820981087172869,17.820981087172868,0.0488273023444,4.882730234439999,0.007613853967066095,0.7613853967066095,0.007613853967066095,0.009517317458832619,scenario,cyp_cystitis,744.2192495449914
11.416666666667,bladder,10.030220735187955,0.976741528957,0.023258471043,0.21834266637545352,21.83426663754535,0.17842693676589846,17.842693676589846,0.04883707644785,4.883707644785,0.007664283523604525,0.7664283523604525,0.007664283523604524,0.009580354404505656,scenario,cyp_cystitis,731.5549890631853
11.5,bladder,10.024897771075164,0.976923837038,0.023076162962,0.21857087959807425,21.857087959807426,0.17865756604860447,17.865756604860447,0.048846191851900006,4.884619185190001,0.007716250165746107,0.7716250165746107,0.007716250165746107,0.009645312707182633,scenario,cyp_cystitis,718.8907285815317
11.583333333333,bladder,10.020461156511425,0.977093372424,0.022906627576,0.2188091984894923,21.88091984894923,0.17889950512451822,17.889950512451822,0.0488546686212,4.8854668621199995,0.007769664594265298,0.7769664594265299,0.007769664594265298,0.009712080742831622,scenario,cyp_cystitis,706.2264680998785
11.666666666667,bladder,10.016773131395112,0.977250536412,0.022749463588,0.21905585347241424,21.905585347241423,0.1791508701598045,17.91508701598045,0.0488625268206,4.88625268206,0.007824452171023562,0.7824452171023563,0.007824452171023562,0.009780565213779454,scenario,cyp_cystitis,693.562207618073
11.75,bladder,10.01371552337467,0.977395755403,0.022604244597,0.21930934015811113,21.93093401581111,0.17941005514522226,17.941005514522228,0.048869787770150004,4.886978777015001,0.007880551337486942,0.7880551337486943,0.007880551337486942,0.009850689171858678,scenario,cyp_cystitis,680.8979471364195
11.833333333333,bladder,10.01118728968604,0.977530273052,0.022469726948,0.2195685657122351,21.95685657122351,0.1796758442733001,17.96758442733001,0.048876513652600005,4.887651365260001,0.007937912171179418,0.7937912171179418,0.007937912171179418,0.009922390213974272,scenario,cyp_cystitis,668.233686654766
11.916666666667,bladder,10.009102310518342,0.977655050363,0.022344949637,0.21983257395155273,21.983257395155274,0.1799471804562134,17.99471804562134,0.048882752518150004,4.888275251815,0.007996495075920854,0.7996495075920854,0.007996495075920854,0.009995618844901067,scenario,cyp_cystitis,655.5694261729603
12.0,bladder,10.007387418011602,0.977770691368,0.022229308632,0.22010050263028152,22.010050263028152,0.18022312427566475,18.022312427566476,0.048888534568400005,4.888853456840001,0.008056269600361519,0.8056269600361519,0.008056269600361517,0.010070337000451896,scenario,cyp_cystitis,642.9051656913069
12.083333333333,bladder,10.005980644179056,0.977877800099,0.022122199901,0.2201758133886984,22.01758133886984,0.18029676145657728,18.029676145657728,0.04889389000495001,4.889389000495001,0.008071559400824303,0.8071559400824303,0.008071559400824303,0.010089449251030379,scenario,cyp_cystitis,639.53725819614
12.166666666667,bladder,10.004829670686105,0.97797698059,0.02202301941,0.22025296800914002,22.025296800914003,0.1803727568206737,18.03727568206737,0.04889884902950001,4.8898849029500004,0.008087116769123104,0.8087116769123104,0.008087116769123102,0.010108895961403878,scenario,cyp_cystitis,636.1693507009323
12.25,bladder,10.003890463430777,0.978068836871,0.021931163129,0.22033149092263818,22.03314909226382,0.18045057797798755,18.045057797798755,0.04890344184355,4.8903441843549995,0.008102907961073269,0.8102907961073269,0.008102907961073269,0.010128634951341586,scenario,cyp_cystitis,632.801443205765
12.333333333333,bladder,10.003126075188744,0.978153972976,0.021846027024,0.2204110044560638,22.04110044560638,0.18052979558659346,18.052979558659345,0.048907698648800006,4.89076986488,0.008118904662923145,0.8118904662923145,0.008118904662923143,0.010148630828653929,scenario,cyp_cystitis,629.4335357105975
12.416666666667,bladder,10.00250560014431,0.978232992935,0.021767007065,0.22049121451976705,22.049121451976706,0.1806100682873864,18.06100682873864,0.04891164964675,4.891164964675,0.008135083203443793,0.8135083203443793,0.008135083203443794,0.010168854004304742,scenario,cyp_cystitis,626.0656282153901
12.5,bladder,10.002003264869648,0.978306500782,0.021693499218,0.2205718981409262,22.05718981409262,0.1806911295808697,18.06911295808697,0.048915325039100004,4.891532503910001,0.008151423866620697,0.8151423866620697,0.008151423866620697,0.010189279833275871,scenario,cyp_cystitis,622.6977207202228
12.583333333333,bladder,10.001597641188722,0.978375100549,0.021624899451,0.22065289264586216,22.065289264586216,0.18077277644043385,18.077277644043384,0.04891875502745,4.891875502745,0.008167910294606198,0.8167910294606198,0.0081679102946062,0.01020988786825775,scenario,cyp_cystitis,619.3298132250555
12.666666666667,bladder,10.001270967325809,0.978439396268,0.021560603732,0.22073408631695007,22.073408631695006,0.18085485947742114,18.085485947742114,0.0489219698134,4.892196981340001,0.008184528971194911,0.8184528971194911,0.00818452897119491,0.010230661213993637,scenario,cyp_cystitis,615.9619057298479
12.75,bladder,10.001008564753828,0.97849975431,0.02150024569,0.220815356722242,22.081535672224202,0.18093723053341265,18.093723053341265,0.0489249877155,4.892498771550001,0.008201268776752708,0.8201268776752708,0.008201268776752708,0.010251585970940886,scenario,cyp_cystitis,612.5939982346812
12.833333333333,bladder,10.00079833919489,0.978555429055,0.021444570945,0.22089636637635227,22.089636637635227,0.18101957360379184,18.101957360379185,0.048927771452750006,4.892777145275001,0.008218120606224077,0.8218120606224076,0.008218120606224077,0.010272650757780097,scenario,cyp_cystitis,609.2260907395139
12.916666666667,bladder,10.000630355258853,0.978606579859,0.021393420141,0.22097701191533306,22.097701191533307,0.18110177149724535,18.110177149724535,0.04893032899295,4.893032899295,0.008235077042541398,0.8235077042541398,0.008235077042541398,0.010293846303176746,scenario,cyp_cystitis,605.8581832443061
13.0,bladder,10.000496475215293,0.978653535047,0.021346464953,0.2210572531659394,22.10572531659394,0.1811837646458836,18.11837646458836,0.04893267675235,4.893267675235,0.008252132078463616,0.8252132078463617,0.008252132078463618,0.010315165098079523,scenario,cyp_cystitis,602.4902757491388
13.083333333333,bladder,10.000390053365116,0.978696622946,0.021303377054,0.22113707079522482,22.11370707952248,0.18126551541886823,18.126551541886823,0.048934831147300004,4.89348311473,0.008269280880551635,0.8269280880551635,0.008269280880551635,0.010336601100689544,scenario,cyp_cystitis,599.1223682539716
13.166666666667,bladder,10.000305678398318,0.978736171883,0.021263828117,0.22121646273947387,22.121646273947388,0.18134700436349882,18.13470043634988,0.048936808594150005,4.893680859415,0.008286519589633536,0.8286519589633535,0.008286519589633536,0.01035814948704192,scenario,cyp_cystitis,595.7544607587639
13.25,bladder,10.00023895698661,0.978772510184,0.021227489816,0.22129544120226294,22.129544120226292,0.1814282270453294,18.14282270453294,0.0489386255092,4.89386255092,0.008303845152733929,0.8303845152733929,0.008303845152733929,0.01037980644091741,scenario,cyp_cystitis,592.3865532635972
13.333333333333,bladder,10.000186332658604,0.978805966177,0.021194033823,0.2213740301408125,22.13740301408125,0.1815091914020658,18.150919140206582,0.04894029830885,4.8940298308850005,0.008321255182017165,0.8321255182017164,0.008321255182017163,0.010401568977521454,scenario,cyp_cystitis,589.0186457684297
13.416666666667,bladder,10.000144934738731,0.978836868186,0.021163131814,0.2214522631660547,22.14522631660547,0.18158991553342602,18.158991553342602,0.0489418434093,4.89418434093,0.008338747836820325,0.8338747836820325,0.008338747836820325,0.010423434796025408,scenario,cyp_cystitis,585.6507382732223
13.5,bladder,10.000112452798351,0.97886554454,0.02113445546,0.22153018179927447,22.153018179927447,0.18167042586555207,18.16704258655521,0.048943277227,4.8943277227,0.00835632172534488,0.835632172534488,0.00835632172534488,0.0104454021566811,scenario,cyp_cystitis,582.2828307780547
13.583333333333,bladder,10.000087032669825,0.978892323565,0.021107676435,0.22160783402371434,22.160783402371433,0.1817507556268046,18.17507556268046,0.04894461617825,4.894461617825,0.008373975823018213,0.8373975823018213,0.008373975823018213,0.010467469778772767,scenario,cyp_cystitis,578.9149232828878
13.666666666667,bladder,10.000067190613882,0.978917533587,0.021082466413,0.22168527309043964,22.168527309043963,0.1818309435906207,18.183094359062068,0.04894587667935,4.894587667935,0.00839170940492943,0.8391709404929429,0.008391709404929431,0.01048963675616179,scenario,cyp_cystitis,575.5470157876804
13.75,bladder,10.000051742710555,0.978940908283,0.021059091717,0.22176242182722916,22.176242182722916,0.18191092254008334,18.191092254008336,0.04894704541415,4.894704541415,0.008409521990105735,0.8409521990105735,0.008409521990105735,0.010511902487632169,scenario,cyp_cystitis,572.1791082925131
13.833333333333,bladder,10.000039746968076,0.978961648949,0.021038351051,0.2218390857235489,22.18390857235489,0.18199052976431465,18.199052976431464,0.04894808244745,4.894808244745,0.008427413295712618,0.8427413295712618,0.008427413295712618,0.010534266619640771,scenario,cyp_cystitis,568.8112007973458
13.916666666667,bladder,10.000030456016578,0.978979811519,0.021020188481,0.2219152664840119,22.19152664840119,0.1820697641137494,18.20697641137494,0.04894899057595001,4.894899057595,0.008445383199534605,0.8445383199534605,0.008445383199534605,0.010556728999418256,scenario,cyp_cystitis,565.4432933021385
14.0,bladder,10.00002327857858,0.978995465372,0.021004534628,0.2219909710610902,22.19909710610902,0.18214862925525285,18.214862925525285,0.048949773268600005,4.89497732686,0.0084634317093441,0.8463431709344099,0.0084634317093441,0.010579289636680124,scenario,cyp_cystitis,562.0753858069711
14.083333333333,bladder,10.000017748190436,0.97900867989,0.02099132011,0.22206620817437803,22.206620817437802,0.1822271307156611,18.222713071566112,0.0489504339945,4.8950433994499996,0.008481558937979578,0.8481558937979577,0.008481558937979578,0.010601948672474472,scenario,cyp_cystitis,558.7074783118038
14.166666666667,bladder,10.000013497892517,0.979019524454,0.020980475546,0.22214098795615866,22.214098795615868,0.18230527550890385,18.230527550890386,0.048950976222700004,4.895097622270001,0.008499765083133675,0.8499765083133675,0.008499765083133675,0.010624706353917093,scenario,cyp_cystitis,555.3395708165963
14.25,bladder,10.000010239815106,0.979028068446,0.020971931554,0.2222153216665746,22.22153216665746,0.18238307183607852,18.23830718360785,0.048951403422300005,4.89514034223,0.008518050411017254,0.8518050411017254,0.008518050411017254,0.010647563013771568,scenario,cyp_cystitis,551.9716633214288
14.333333333333,bladder,10.000007748765679,0.979034381246,0.020965618754,0.2222892214634809,22.22892214634809,0.18246052884334832,18.246052884334834,0.0489517190623,4.895171906230001,0.00853641524320251,0.8536415243202511,0.00853641524320251,0.010670519054003139,scenario,cyp_cystitis,548.6037558262618
14.416666666667,bladder,10.000005849075201,0.979038532236,0.020961467764,0.22236270021936178,22.23627002193618,0.1825376564290124,18.25376564290124,0.048951926611800006,4.89519266118,0.008554859946059182,0.8554859946059182,0.008554859946059182,0.010693574932573977,scenario,cyp_cystitis,545.2358483310545
14.5,bladder,10.000004404089598,0.979040590797,0.020959409203,0.22243577137359422,22.24357713735942,0.1826144650881518,18.26144650881518,0.048952029539850006,4.895202953985001,0.00857338492230303,0.8573384922303031,0.008573384922303032,0.01071673115287879,scenario,cyp_cystitis,541.8679408358871
14.583333333333,bladder,10.000003307800819,0.979040626311,0.020959373689,0.22250844881574813,22.250844881574814,0.18269096578968225,18.269096578968224,0.04895203131555,4.895203131555,0.008591990604259789,0.8591990604259789,0.00859199060425979,0.010739988255324738,scenario,cyp_cystitis,538.5000333407197
14.666666666667,bladder,10.00000247820266,0.97903870725,0.02096129275,0.2225807465854224,22.25807465854224,0.18276716970833937,18.276716970833938,0.048951935362500004,4.895193536250001,0.00861067744851231,0.8610677448512309,0.00861067744851231,0.010763346810640386,scenario,cyp_cystitis,535.1321258455123
14.75,bladder,10.000001852032275,0.979034870217,0.020965129783,0.2226526717575221,22.26526717575221,0.182843082364918,18.2843082364918,0.04895174351085,4.895174351085,0.008629445931663754,0.8629445931663754,0.008629445931663756,0.010786807414579696,scenario,cyp_cystitis,531.7642183503451
14.833333333333,bladder,10.000001380621228,0.979029162349,0.020970837651,0.22272423401873256,22.272423401873258,0.1829187114750343,18.29187114750343,0.04895145811745,4.8951458117449995,0.00864829654699907,0.864829654699907,0.00864829654699907,0.010810370683748838,scenario,cyp_cystitis,528.396310855178
14.916666666667,bladder,10.000001026632022,0.979021645072,0.020978354928,0.222795446480198,22.2795446480198,0.18299406760694525,18.299406760694524,0.0489510822536,4.8951082253600005,0.008667229801861721,0.8667229801861721,0.008667229801861721,0.010834037252327152,scenario,cyp_cystitis,525.0284033599703
15.0,bladder,10.000000761498987,0.979012379814,0.020987620186,0.22286632239460175,22.286632239460175,0.18306916147779131,18.30691614777913,0.0489506189907,4.89506189907,0.008686246215602754,0.8686246215602754,0.008686246215602754,0.010857807769503442,scenario,cyp_cystitis,521.660495864803
15.083333333333,bladder,10.0000005634276,0.979001428002,0.020998571998,0.22293687512743282,22.293687512743283,0.18314400392350824,18.314400392350823,0.0489500714001,4.89500714001,0.00870534631798698,0.8705346317986979,0.00870534631798698,0.010881682897483725,scenario,cyp_cystitis,518.2925883696357
15.166666666667,bladder,10.000000415835123,0.978988851061,0.021011148939,0.22300711813488558,22.300711813488558,0.1832186058756164,18.321860587561638,0.048949442553050004,4.894944255305001,0.008724530647957886,0.8724530647957887,0.008724530647957886,0.010905663309947359,scenario,cyp_cystitis,514.9246808744282
15.25,bladder,10.000000306138876,0.97897471042,0.02102528958,0.22307706494823104,22.307706494823105,0.18329297834445374,18.329297834445374,0.048948735521,4.8948735521,0.008743799752687638,0.8743799752687638,0.00874379975268764,0.01092974969085955,scenario,cyp_cystitis,511.55677337926124
15.333333333333,bladder,10.000000224817473,0.978959067504,0.021040932496,0.2231467291588384,22.31467291588384,0.1833671324038299,18.33671324038299,0.0489479533752,4.89479533752,0.008763154186853769,0.8763154186853769,0.008763154186853769,0.010953942733567212,scenario,cyp_cystitis,508.1888658840937
15.416666666667,bladder,10.000000164685705,0.97894198374,0.02105801626,0.22321612440937724,22.321612440937724,0.18344107918144975,18.344107918144974,0.048947099187,4.8947099187,0.008782594512090219,0.8782594512090218,0.008782594512090219,0.010978243140112774,scenario,cyp_cystitis,504.82095838888654
15.5,bladder,10.000000120336122,0.978923520556,0.021076479444,0.22328526438576718,22.328526438576716,0.18351482985049178,18.351482985049177,0.0489461760278,4.89461760278,0.008802121296576607,0.8802121296576606,0.008802121296576607,0.011002651620720758,scenario,cyp_cystitis,501.4530508937189
15.583333333333,bladder,10.000000087710257,0.978903739377,0.021096260623,0.223354162810273,22.3354162810273,0.18358839562255055,18.358839562255056,0.04894518696885,4.894518696885,0.008821735114737456,0.8821735114737457,0.008821735114737455,0.011027168893421818,scenario,cyp_cystitis,498.08514339855185
15.666666666667,bladder,10.000000063770381,0.978882697134,0.021117302866,0.2234228324118775,22.34228324118775,0.18366178690018686,18.366178690018685,0.0489441348567,4.89441348567,0.008841436547023494,0.8841436547023493,0.008841436547023494,0.011051795683779366,scenario,cyp_cystitis,494.71723590334443
15.75,bladder,10.000000046248953,0.978860429123,0.021139570877,0.2234912810075041,22.34912810075041,0.18373501005405693,18.373501005405693,0.04894302145615,4.894302145615001,0.008861226179758232,0.8861226179758233,0.008861226179758234,0.011076532724697793,scenario,cyp_cystitis,491.34932840817714
15.833333333333,bladder,10.00000003345793,0.978836988459,0.021163011541,0.2235595205022538,22.35595205022538,0.18380807482031983,18.380807482031983,0.048941849422950004,4.894184942295,0.008881104605037349,0.8881104605037349,0.008881104605037349,0.011101380756296686,scenario,cyp_cystitis,487.9814209130099
15.916666666667,bladder,10.000000024144072,0.978812431694,0.021187568306,0.22362756360825828,22.362756360825827,0.18388099160374557,18.38809916037456,0.0489406215847,4.89406215847,0.008901072420665167,0.8901072420665167,0.008901072420665167,0.011126340525831458,scenario,cyp_cystitis,484.6135134178022
16.0,bladder,10.000000017379456,0.978786815377,0.021213184623,0.2236954230582698,22.369542305826982,0.18395377083096823,18.39537708309682,0.04893934076885,4.893934076885,0.00892113023012141,0.8921130230121411,0.008921130230121413,0.011151412787651766,scenario,cyp_cystitis,481.2456059226353
16.083333333333,bladder,10.000000012478896,0.978760196059,0.021239803941,0.22376311160567913,22.376311160567912,0.1840264229502412,18.40264229502412,0.04893800980295,4.893800980295,0.008941278642553547,0.8941278642553547,0.008941278642553547,0.011176598303191934,scenario,cyp_cystitis,477.8776984274678
16.166666666667,bladder,10.000000008937795,0.97873263029,0.02126736971,0.22383064202298505,22.383064202298506,0.18409895842998428,18.409895842998427,0.048936631514500006,4.893663151450001,0.008961518272784972,0.8961518272784972,0.00896151827278497,0.011201897840981212,scenario,cyp_cystitis,474.5097909322605
16.25,bladder,10.000000006385557,0.97870417462,0.02129582538,0.22389802710139833,22.389802710139833,0.18417138775831404,18.417138775831404,0.048935208731000004,4.893520873100001,0.0089818497413372,0.89818497413372,0.0089818497413372,0.0112273121766715,scenario,cyp_cystitis,471.1418834370931
16.333333333333,bladder,10.000000004550735,0.9786748856,0.0213251144,0.22396527965061847,22.396527965061846,0.1842437214427563,18.42437214427563,0.048933744280000004,4.893374428,0.009002273674465001,0.9002273674465001,0.009002273674465003,0.011252842093081254,scenario,cyp_cystitis,467.7739759419257
16.416666666667,bladder,10.000000003235032,0.978644819779,0.021355180221,0.22403241249781358,22.40324124978136,0.1843159700093301,18.43159700093301,0.04893224098895,4.893224098895,0.009022790704197745,0.9022790704197745,0.009022790704197745,0.01127848838024718,scenario,cyp_cystitis,464.40606844671856
16.5,bladder,10.000000002293982,0.978614033708,0.021385966292,0.22409943848829514,22.409943848829514,0.1843881440030475,18.43881440030475,0.04893070168540001,4.89307016854,0.00904340146838731,0.904340146838731,0.00904340146838731,0.011304251835484136,scenario,cyp_cystitis,461.0381609515513
16.583333333333,bladder,10.000000001622615,0.978582583936,0.021417416064,0.22416637048444094,22.416637048444095,0.18446025398699045,18.446025398699046,0.0489291291968,4.8929129196800005,0.009064106610763307,0.9064106610763307,0.009064106610763305,0.011330133263454131,scenario,cyp_cystitis,457.6702534563838
16.666666666667,bladder,10.000000001144867,0.978550527015,0.021449472985,0.22423322136672372,22.423322136672372,0.1845323105431302,18.453231054313022,0.048927526350750004,4.892752635075,0.009084906780990271,0.9084906780990271,0.009084906780990271,0.011356133476237838,scenario,cyp_cystitis,454.30234596117657
16.75,bladder,10.000000000805766,0.978517877156,0.021482122844,0.22429999432736453,22.42999943273645,0.18460431628375215,18.460431628375215,0.0489258938578,4.89258938578,0.009105802634728107,0.9105802634728106,0.009105802634728108,0.011382253293410135,scenario,cyp_cystitis,450.93443846600906
16.833333333333,bladder,10.000000000565688,0.978484509734,0.021515490266,0.22436666072789485,22.436666072789485,0.18467624762231039,18.46762476223104,0.0489242254867,4.89242254867,0.009126794833697483,0.9126794833697484,0.009126794833697485,0.011408493542121857,scenario,cyp_cystitis,447.5665309708417
16.916666666667,bladder,10.00000000039615,0.978450431295,0.021549568705,0.22443322197950996,22.443322197950994,0.18474810569974734,18.474810569974736,0.04892252156475,4.892252156475,0.009147884045745314,0.9147884045745314,0.009147884045745314,0.011434855057181642,scenario,cyp_cystitis,444.1986234756344
17.0,bladder,10.00000000027673,0.978415664494,0.021584335506,0.22449968319160293,22.449968319160295,0.18481989470200308,18.481989470200308,0.048920783224700004,4.892078322470001,0.009169070944912119,0.9169070944912119,0.009169070944912119,0.01146133868114015,scenario,cyp_cystitis,440.8307159804671
17.083333333333,bladder,10.000000000192827,0.978380231987,0.021619768013,0.22456604948063122,22.456604948063124,0.1848916188224013,18.48916188224013,0.04891901159935,4.891901159935,0.009190356211503421,0.9190356211503421,0.009190356211503423,0.011487945264379278,scenario,cyp_cystitis,437.46280848529983
17.166666666667,bladder,10.000000000134028,0.978344156432,0.021655843568,0.2246323259703353,22.46323259703353,0.18496328226182665,18.496328226182666,0.0489172078216,4.89172078216,0.00921174053216035,0.921174053216035,0.009211740532160352,0.01151467566520044,scenario,cyp_cystitis,434.0949009900926
17.25,bladder,10.000000000092925,0.978307460484,0.021692539516,0.22469851779058614,22.469851779058615,0.18503488922777486,18.503488922777485,0.0489153730242,4.89153730242,0.009233224599931701,0.9233224599931702,0.009233224599931701,0.011541530749914626,scenario,cyp_cystitis,430.7269934949251
17.333333333333,bladder,10.000000000064267,0.978270166799,0.021729833201,0.22476463007831013,22.47646300783101,0.18510644393511594,18.510644393511594,0.04891350833995001,4.891350833995,0.009254809114349572,0.9254809114349573,0.009254809114349572,0.011568511392936966,scenario,cyp_cystitis,427.35908599975795
17.416666666667,bladder,10.000000000044336,0.978232298034,0.021767701966,0.22483066797749338,22.483066797749338,0.1851779506060983,18.517795060609828,0.048911614901700005,4.891161490170001,0.009276494781503991,0.9276494781503991,0.009276494781503993,0.011595618476879992,scenario,cyp_cystitis,423.9911785045503
17.5,bladder,10.000000000030509,0.978193876845,0.021806123155,0.22489663663872692,22.48966366387269,0.18524941346997573,18.524941346997572,0.04890969384225,4.890969384225,0.009298282314118732,0.9298282314118732,0.009298282314118732,0.011622852892648416,scenario,cyp_cystitis,420.6232710093831
17.583333333333,bladder,10.000000000020943,0.978154925888,0.021845074112,0.2249625412194524,22.49625412194524,0.18532083676321304,18.532083676321303,0.048907746294400006,4.890774629440001,0.009320172431630686,0.9320172431630686,0.009320172431630686,0.011650215539538357,scenario,cyp_cystitis,417.25536351421573
17.666666666667,bladder,10.00000000001434,0.978115467819,0.021884532181,0.22502838688397,22.502838688397002,0.18539222472949474,18.539222472949472,0.04890577339095001,4.8905773390950005,0.009342165860268056,0.9342165860268056,0.009342165860268056,0.01167770732533507,scenario,cyp_cystitis,413.8874560190086
17.75,bladder,10.000000000009795,0.978075525295,0.021924474705,0.22509417880367885,22.509417880367884,0.1854635816199251,18.54635816199251,0.04890377626475,4.890377626475,0.009364263333129756,0.9364263333129755,0.009364263333129754,0.011705329166412193,scenario,cyp_cystitis,410.519548523841
17.833333333333,bladder,10.000000000006672,0.978035098304,0.021964901696,0.22515991693808507,22.515991693808505,0.1855349073925106,18.55349073925106,0.048901754915200005,4.890175491520001,0.009386465590268313,0.9386465590268314,0.009386465590268313,0.011733081987835393,scenario,cyp_cystitis,407.1516410286738
17.916666666667,bladder,10.000000000004535,0.977994136563,0.022005863437,0.22522558966955025,22.522558966955025,0.18560619246463184,18.560619246463183,0.04889970682815001,4.889970682815001,0.00940877337877166,0.940877337877166,0.00940877337877166,0.011760966723464576,scenario,cyp_cystitis,403.7837335334665
18.0,bladder,10.000000000003075,0.977952644749,0.022047355251,0.22529119802606123,22.529119802606125,0.18567743767222236,18.567743767222236,0.04889763223745,4.889763223745,0.009431187452846053,0.9431187452846053,0.009431187452846055,0.011788984316057568,scenario,cyp_cystitis,400.4158260382991
18.083333333333,bladder,10.000000000002078,0.977910631591,0.022089368409,0.2253567439707356,22.53567439707356,0.18574864462230062,18.57486446223006,0.048895531579550004,4.8895531579550005,0.00945370857390264,0.945370857390264,0.009453708573902642,0.011817135717378302,scenario,cyp_cystitis,397.04791854313174
18.166666666667,bladder,10.000000000001402,0.977868105816,0.022131894184,0.22542222946883622,22.542222946883623,0.18581981492424868,18.581981492424866,0.0488934052908,4.88934052908,0.009476337510642866,0.9476337510642866,0.009476337510642866,0.011845421888303582,scenario,cyp_cystitis,393.68001104792455
18.25,bladder,10.000000000000943,0.977825076152,0.022174923848,0.22548765648846508,22.54876564884651,0.1858909501903843,18.589095019038428,0.0488912538076,4.88912538076,0.0094990750391451,0.94990750391451,0.009499075039145101,0.011873843798931376,scenario,cyp_cystitis,390.3121035527571
18.333333333333,bladder,10.000000000000632,0.977781551327,0.022218448673,0.2255530270003434,22.55530270003434,0.18596205203578256,18.596205203578258,0.04888907756635,4.888907756635,0.009521921942954944,0.9521921942954944,0.009521921942954944,0.01190240242869368,scenario,cyp_cystitis,386.9441960575899
18.416666666667,bladder,10.000000000000425,0.977737540068,0.022262459932,0.22561834297758418,22.561834297758416,0.18603312207808861,18.603312207808862,0.0488868770034,4.88868770034,0.009544879013174466,0.9544879013174465,0.009544879013174466,0.011931098766468083,scenario,cyp_cystitis,383.5762885623824
18.5,bladder,10.000000000000282,0.977693051105,0.022306948895,0.2256836063966171,22.568360639661712,0.18610416193828117,18.610416193828115,0.048884652555250006,4.888465255525,0.009567947048552634,0.9567947048552634,0.009567947048552636,0.011959933810690795,scenario,cyp_cystitis,380.20838106721516
18.583333333333,bladder,10.000000000000188,0.977648093163,0.022351906837,0.2257488192353543,22.574881923535433,0.18617517323916244,18.617517323916243,0.048882404658150004,4.8882404658150005,0.009591126855579637,0.9591126855579637,0.009591126855579639,0.011988908569474549,scenario,cyp_cystitis,376.840473572048
18.666666666667,bladder,10.000000000000126,0.977602674972,0.022397325028,0.22581398347550063,22.581398347550063,0.18624615760726382,18.624615760726382,0.04888013374860001,4.888013374860001,0.00961441924858002,0.9614419248580021,0.00961441924858002,0.012018024060725024,scenario,cyp_cystitis,373.47256607684034
18.75,bladder,10.000000000000083,0.977556805259,0.022443194741,0.22587910110070997,22.587910110070997,0.18631711667132628,18.631711667132627,0.04887784026295,4.887784026295,0.009637825049807217,0.9637825049807216,0.009637825049807217,0.01204728131225902,scenario,cyp_cystitis,370.1046585816733
18.833333333333,bladder,10.000000000000055,0.977510492751,0.022489507249,0.22594417409728884,22.594417409728884,0.18638805206288298,18.638805206288296,0.04887552463755,4.887552463755,0.009661345089541983,0.9661345089541983,0.009661345089541983,0.01207668136192748,scenario,cyp_cystitis,366.736751086506
18.916666666667,bladder,10.000000000000036,0.977463743967,0.022536256033,0.2260092039436653,22.60092039436653,0.18645896499506873,18.645896499506872,0.04887318719835,4.887318719835,0.009684980206189736,0.9684980206189736,0.009684980206189735,0.012106225257737168,scenario,cyp_cystitis,363.3688435912985
19.0,bladder,10.000000000000023,0.977416562225,0.022583437775,0.22607419137985618,22.60741913798562,0.18652985607221703,18.6529856072217,0.04887082811125,4.887082811125,0.009708731246379323,0.9708731246379323,0.009708731246379325,0.012135914057974156,scenario,cyp_cystitis,360.00093609613134
19.083333333333,bladder,10.000000000000016,0.977368955019,0.022631044981,0.2261391381130891,22.61391381130891,0.18660072669698854,18.660072669698856,0.048868447750950006,4.886844775095001,0.009732599065065814,0.9732599065065813,0.009732599065065812,0.012165748831332264,scenario,cyp_cystitis,356.63302860096405
19.166666666667,bladder,10.00000000000001,0.97732093,0.02267907,0.22620404588921564,22.620404588921563,0.1866715783044375,18.667157830443752,0.0488660465,4.886604650000001,0.009756584525632231,0.975658452563223,0.00975658452563223,0.012195730657040287,scenario,cyp_cystitis,353.26512110575663
19.25,bladder,10.000000000000007,0.977272494823,0.022727505177,0.22626891645735045,22.626891645735046,0.18674241233284258,18.67424123328426,0.048863624741150004,4.886362474115001,0.009780688499992817,0.9780688499992817,0.009780688499992817,0.012225860624991022,scenario,cyp_cystitis,349.89721361058935
19.333333333333,bladder,10.000000000000004,0.977223657139,0.022776342861,0.22633375156803037,22.633375156803037,0.18681323022218987,18.681323022218987,0.04886118285695,4.886118285695,0.00980491186870039,0.9804911868700391,0.009804911868700389,0.012256139835875486,scenario,cyp_cystitis,346.5293061154219
19.416666666667,bladder,10.000000000000004,0.977174424604,0.022825575396,0.2263985529753005,22.63985529753005,0.1868840334158953,18.68840334158953,0.0488587212302,4.8858721230199995,0.00982925552105272,0.982925552105272,0.00982925552105272,0.012286569401315901,scenario,cyp_cystitis,343.1613986202145
19.5,bladder,10.000000000000002,0.977124804869,0.022875195131,0.22646332243440054,22.646332243440053,0.1869548233588953,18.69548233588953,0.048856240243450005,4.885624024345001,0.009853720355200482,0.9853720355200482,0.009853720355200483,0.012317150444000604,scenario,cyp_cystitis,339.7934911250473
19.583333333333,bladder,10.000000000000002,0.977074805589,0.022925194411,0.22652806170385997,22.652806170385997,0.18702560149937894,18.702560149937895,0.04885374027945,4.885374027945,0.009878307278259474,0.9878307278259474,0.009878307278259472,0.01234788409782434,scenario,cyp_cystitis,336.42558362988007
19.666666666667,bladder,10.0,0.977024434415,0.022975565585,0.22659277254364707,22.659277254364707,0.18709636928726006,18.709636928726006,0.04885122172075,4.885122172075,0.009903017206421841,0.9903017206421841,0.00990301720642184,0.0123787715080273,scenario,cyp_cystitis,333.05767613467253
19.75,bladder,10.0,0.976973699003,0.023026300997,0.22665745671725707,22.665745671725706,0.18716712817590217,18.716712817590217,0.048848684950150004,4.8848684950150005,0.009927851065069009,0.9927851065069009,0.009927851065069009,0.01240981383133626,scenario,cyp_cystitis,329.68976863950536
19.833333333333,bladder,10.0,0.976922607004,0.023077392996,0.22672211598940417,22.672211598940418,0.18723787962021493,18.723787962021493,0.0488461303502,4.88461303502,0.009952809788888977,0.9952809788888977,0.009952809788888977,0.01244101223611122,scenario,cyp_cystitis,326.32186114433796
19.916666666667,bladder,10.0,0.976871166072,0.023128833928,0.22678675212787935,22.678675212787937,0.18730862507818882,18.730862507818884,0.0488435583036,4.8843558303600005,0.009977894321992682,0.9977894321992682,0.00997789432199268,0.012472367902490851,scenario,cyp_cystitis,322.9539536491307
20.0,bladder,10.0,0.97681938159,0.02318061841,0.22685136637545208,22.68513663754521,0.1873793655746864,18.73793655746864,0.0488409690795,4.88409690795,0.01000310561803217,1.000310561803217,0.01000310561803217,0.012503882022540214,scenario,cyp_cystitis,319.58604615396337
20.083333333333,bladder,10.0,0.976767253051,0.023232746949,0.22691595860824748,22.691595860824748,0.18745010100599735,18.745010100599735,0.04883836265255,4.883836265255001,0.010028444640323231,1.002844464032323,0.01002844464032323,0.012535555800404037,scenario,cyp_cystitis,316.218138658796
20.166666666667,bladder,10.0,0.976714780427,0.023285219573,0.2269805288135367,22.698052881353668,0.18752083136019654,18.752083136019653,0.04883573902135,4.883573902135,0.010053912361967201,1.00539123619672,0.010053912361967201,0.012567390452459002,scenario,cyp_cystitis,312.85023116358866
20.25,bladder,10.0,0.976661963717,0.023338036283,0.22704507698484527,22.704507698484527,0.18759155663052135,18.759155663052134,0.04883309818585,4.883309818585,0.010079509765974631,1.007950976597463,0.010079509765974631,0.01259938720746829,scenario,cyp_cystitis,309.48232366842126
20.333333333333,bladder,10.0,0.97660880292,0.02339119708,0.22710960311569023,22.71096031156902,0.18766227681020026,18.766227681020027,0.048830440146,4.8830440146,0.010105237845393562,1.0105237845393562,0.010105237845393562,0.012631547306741953,scenario,cyp_cystitis,306.1144161732541
20.416666666667,bladder,10.0,0.976555298037,0.023444701963,0.22717410720004294,22.717410720004295,0.18773299189283468,18.773299189283467,0.04882776490185001,4.882776490185001,0.010131097603437073,1.0131097603437074,0.010131097603437073,0.01266387200429634,scenario,cyp_cystitis,302.7465086780466
20.5,bladder,10.0,0.976501449069,0.023498550931,0.22723858923186147,22.723858923186146,0.1878037018720121,18.78037018720121,0.048825072453450004,4.882507245345001,0.010157090053612717,1.0157090053612716,0.010157090053612717,0.012696362567015897,scenario,cyp_cystitis,299.37860118287944
20.583333333333,bladder,10.0,0.976447256014,0.023552743986,0.22730304920439764,22.730304920439764,0.18787440674073436,18.787440674073437,0.0488223628007,4.88223628007,0.010183216219856803,1.0183216219856803,0.010183216219856805,0.012729020274821007,scenario,cyp_cystitis,296.01069368771203
20.666666666667,bladder,10.0,0.976392718873,0.023607281127,0.22736748711159055,22.736748711159056,0.18794510649256901,18.7945106492569,0.048819635943650005,4.881963594365001,0.01020947713666792,1.020947713666792,0.010209477136667918,0.012761846420834898,scenario,cyp_cystitis,292.6427861925046
20.75,bladder,10.0,0.976337837646,0.023662162354,0.22743190294713295,22.743190294713294,0.1880158011208768,18.801580112087677,0.048816891882300005,4.88168918823,0.010235873849242546,1.0235873849242545,0.010235873849242547,0.012794842311553183,scenario,cyp_cystitis,289.2748786973373
20.833333333333,bladder,10.0,0.976282612333,0.023717387667,0.2274962967047093,22.74962967047093,0.1880864906190098,18.80864906190098,0.04881413061665,4.8814130616649996,0.010262407413615593,1.0262407413615593,0.010262407413615593,0.012828009267019491,scenario,cyp_cystitis,285.90697120217015
20.916666666667,bladder,10.0,0.976227042934,0.023772957066,0.22756066837799338,22.756066837799338,0.18815717498030884,18.815717498030885,0.0488113521467,4.88113521467,0.010289078896800303,1.0289078896800303,0.010289078896800303,0.012861348621000378,scenario,cyp_cystitis,282.5390637069627
21.0,bladder,10.0,0.976171129449,0.023828870551,0.22762501796064513,22.762501796064512,0.18822785419810015,18.822785419810014,0.04880855647245,4.880855647245,0.010315889376930317,1.0315889376930316,0.010315889376930317,0.012894861721162896,scenario,cyp_cystitis,279.1711562117953
21.083333333333,bladder,10.0,0.976114872423,0.023885127577,0.22768934557344336,22.768934557344338,0.18829852837083513,18.829852837083514,0.048805743621150005,4.880574362115,0.010342839943406859,1.0342839943406859,0.010342839943406859,0.012928549929258574,scenario,cyp_cystitis,275.8032487166281
21.166666666667,bladder,10.0,0.976058276811,0.023941723189,0.22775365236635944,22.775365236635945,0.18836919844822048,18.83691984482205,0.04880291384055,4.880291384055,0.010369931697045351,1.0369931697045351,0.010369931697045351,0.012962414621306689,scenario,cyp_cystitis,272.4353412214207
21.25,bladder,10.0,0.976001343804,0.023998656196,0.22781793861233465,22.781793861233464,0.1884398646548786,18.84398646548786,0.048800067190200004,4.880006719020001,0.010397165750224322,1.0397165750224322,0.010397165750224322,0.012996457187780402,scenario,cyp_cystitis,269.0674337262534
21.333333333333,bladder,10.0,0.9759440734,0.0240559266,0.2278822043061186,22.78822043061186,0.188510526985388,18.8510526985388,0.048797203670000004,4.879720367,0.01042454322703958,1.042454322703958,0.010424543227039581,0.013030679033799477,scenario,cyp_cystitis,265.69952623108605
21.416666666667,bladder,10.0,0.975886465599,0.024113534401,0.2279464494429192,22.79464494429192,0.18858118543470442,18.858118543470443,0.04879432327995001,4.8794323279950005,0.010452065263457927,1.0452065263457928,0.010452065263457929,0.013065081579322412,scenario,cyp_cystitis,262.3316187358787
21.5,bladder,10.0,0.975828520403,0.024171479597,0.22801067401840053,22.801067401840054,0.18865183999815843,18.865183999815844,0.048791426020150006,4.879142602015,0.010479733007473293,1.0479733007473293,0.010479733007473293,0.013099666259341615,scenario,cyp_cystitis,258.9637112407114
21.583333333333,bladder,10.0,0.97577023781,0.02422976219,0.22807487802728668,22.80748780272867,0.18872249067030178,18.87224906703018,0.04878851189050001,4.878851189050001,0.010507547619268297,1.0507547619268298,0.010507547619268297,0.013134434524085371,scenario,cyp_cystitis,255.5958037455442
21.666666666667,bladder,10.0,0.975711617821,0.024288382179,0.22813906146499446,22.813906146499445,0.18879313744625734,18.879313744625733,0.04878558089105001,4.878558089105001,0.010535510271375477,1.0535510271375477,0.010535510271375477,0.013169387839219346,scenario,cyp_cystitis,252.2278962503367
21.75,bladder,10.0,0.975652660436,0.024347339564,0.2282032243266957,22.82032243266957,0.18886378032094286,18.886378032094285,0.0487826330218,4.87826330218,0.010563622148841018,1.0563622148841016,0.01056362214884102,0.013204527686051274,scenario,cyp_cystitis,248.85998875516952
21.833333333333,bladder,10.0,0.975593365654,0.024406634346,0.22826736660732277,22.826736660732276,0.18893441928907662,18.893441928907663,0.0487796682827,4.87796682827,0.01059188444939418,1.059188444939418,0.01059188444939418,0.013239855561742724,scenario,cyp_cystitis,245.4920812600022
21.916666666667,bladder,10.0,0.975533733476,0.024466266524,0.2283314883022674,22.83314883022674,0.18900505434575518,18.900505434575518,0.0487766866738,4.87766866738,0.010620298383616408,1.0620298383616409,0.01062029838361641,0.013275372979520512,scenario,cyp_cystitis,242.1241737647946
22.0,bladder,10.0,0.975473763902,0.024526236098,0.22839558940667629,22.83955894066763,0.18907568548586978,18.90756854858698,0.0487736881951,4.87736881951,0.010648865175113145,1.0648865175113145,0.010648865175113147,0.013311081468891433,scenario,cyp_cystitis,238.7562662696275
22.083333333333,bladder,10.0,0.975413456932,0.024586543068,0.22845966991569042,22.845966991569043,0.1891463127043057,18.914631270430572,0.0487706728466,4.87706728466,0.010677586060691545,1.0677586060691544,0.010677586060691547,0.013346982575864433,scenario,cyp_cystitis,235.3883587744601
22.166666666667,bladder,10.0,0.975352812565,0.024647187435,0.22852372982420802,22.852372982420803,0.1892169359957453,18.921693599574528,0.04876764062825,4.876764062825,0.010706462290537917,1.0706462290537917,0.010706462290537915,0.013383077863172393,scenario,cyp_cystitis,232.02045127925277
22.25,bladder,10.0,0.975291826619,0.024708173381,0.22858776814717788,22.85877681471779,0.18928755454339777,18.928755454339775,0.048764591330950006,4.8764591330950005,0.010735495128398134,1.0735495128398134,0.010735495128398134,0.013419368910497668,scenario,cyp_cystitis,228.6525437840855
22.333333333333,bladder,10.0,0.97523049382,0.02476950618,0.22865178364216887,22.865178364216888,0.18935816731701988,18.935816731701987,0.04876152469100001,4.876152469100001,0.010764685851764023,1.0764685851764024,0.010764685851764025,0.013455857314705031,scenario,cyp_cystitis,225.28463628891822
22.416666666667,bladder,10.0,0.975168814151,0.024831185849,0.2287157762980175,22.871577629801752,0.18942877430575528,18.94287743057553,0.048758440707550005,4.875844070755001,0.010794035752059745,1.0794035752059745,0.010794035752059745,0.01349254469007468,scenario,cyp_cystitis,221.91672879371066
22.5,bladder,10.0,0.975106787612,0.024893212388,0.22877974610752805,22.877974610752805,0.18949937550202953,18.949937550202954,0.048755339380600005,4.87553393806,0.01082354613483116,1.082354613483116,0.01082354613483116,0.01352943266853895,scenario,cyp_cystitis,218.54882129854346
22.583333333333,bladder,10.0,0.975044414202,0.024955585798,0.2288436930632602,22.88436930632602,0.18956997089806338,18.956997089806336,0.048752220710100005,4.8752220710100005,0.010853218319941547,1.0853218319941547,0.010853218319941547,0.013566522899926933,scenario,cyp_cystitis,215.18091380337611
22.666666666667,bladder,10.0,0.974981693922,0.025018306078,0.22890761715823046,22.890761715823047,0.1896405604864531,18.96405604864531,0.0487490846961,4.87490846961,0.010883053641767303,1.0883053641767302,0.010883053641767303,0.013603817052209128,scenario,cyp_cystitis,211.8130063081688
22.75,bladder,10.0,0.974918626772,0.025081373228,0.22897151838520527,22.89715183852053,0.1897111442595845,18.97111442595845,0.0487459313386,4.87459313386,0.01091305344939693,1.091305344939693,0.01091305344939693,0.013641316811746162,scenario,cyp_cystitis,208.44509881300152
22.833333333333,bladder,10.0,0.974855212752,0.025144787248,0.22903539673694115,22.903539673694116,0.1897817222098328,18.978172220983282,0.048742760637600004,4.87427606376,0.010943219106836493,1.0943219106836493,0.010943219106836493,0.013679023883545617,scenario,cyp_cystitis,205.0771913178341
22.916666666667,bladder,10.0,0.974791451861,0.025208548139,0.22909925220594723,22.909925220594722,0.1898522943293655,18.985229432936553,0.04873957259305001,4.8739572593050005,0.010973551993215312,1.0973551993215311,0.010973551993215312,0.01371693999151914,scenario,cyp_cystitis,201.70928382262673
23.0,bladder,10.0,0.9747273441,0.0252726559,0.22916308478518663,22.916308478518662,0.18992286061072278,18.992286061072278,0.048736367205,4.8736367204999995,0.01100405350299503,1.100405350299503,0.01100405350299503,0.01375506687874379,scenario,cyp_cystitis,198.34137632745947
23.083333333333,bladder,10.0,0.974662889469,0.025337110531,0.22922689446737804,22.922689446737802,0.18999342104624004,18.999342104624002,0.04873314447345001,4.873314447345001,0.011034725046185497,1.1034725046185496,0.011034725046185499,0.013793406307731872,scenario,cyp_cystitis,194.97346883229218
23.166666666667,bladder,10.0,0.974598087968,0.025401912032,0.22929068124522717,22.92906812452272,0.19006397562823912,19.006397562823913,0.0487299043984,4.87299043984,0.011065568048560953,1.1065568048560954,0.011065568048560955,0.013831960060701195,scenario,cyp_cystitis,191.6055613370848
23.25,bladder,10.0,0.974532939597,0.025467060403,0.22935444511142417,22.935444511142418,0.19013452434902542,19.013452434902543,0.048726646979850005,4.872664697985001,0.011096583951879863,1.1096583951879864,0.011096583951879863,0.013870729939849828,scenario,cyp_cystitis,188.2376538419175
23.333333333333,bladder,10.0,0.974467441704,0.025532558296,0.2294181854342907,22.941818543429072,0.19020506668325338,19.02050666832534,0.0487233720852,4.87233720852,0.01112777421411176,1.1127774214111759,0.01112777421411176,0.0139097177676397,scenario,cyp_cystitis,184.86974634675028
23.416666666667,bladder,10.0,0.974401576729,0.025598423271,0.22948189807028124,22.948189807028125,0.1902755991935066,19.027559919350658,0.04872007883645,4.872007883645,0.011159140309664632,1.1159140309664632,0.011159140309664632,0.01394892538708079,scenario,cyp_cystitis,181.50183885154277
23.5,bladder,10.0,0.974335341452,0.025664658548,0.22954558224850674,22.954558224850675,0.19034612123779657,19.034612123779656,0.048716767072600003,4.871676707260001,0.011190683729616109,1.1190683729616109,0.011190683729616109,0.013988354662020136,scenario,cyp_cystitis,178.13393135637554
23.583333333333,bladder,10.0,0.974268735872,0.025731264128,0.22960923795564298,22.960923795564298,0.1904166328021505,19.041663280215047,0.048713436793600004,4.871343679360001,0.011222405981951986,1.1222405981951986,0.011222405981951986,0.014028007477439982,scenario,cyp_cystitis,174.76602386120825
23.666666666667,bladder,10.0,0.974201759989,0.025798240011,0.22967286517857827,22.967286517857826,0.1904871338727666,19.04871338727666,0.04871008799945001,4.871008799945001,0.011254308591805443,1.1254308591805442,0.011254308591805443,0.014067885739756803,scenario,cyp_cystitis,171.3981163660008
23.75,bladder,10.0,0.974134413804,0.025865586196,0.22973646390441105,22.973646390441104,0.19055762443601165,19.055762443601164,0.0487067206902,4.87067206902,0.011286393101700294,1.1286393101700294,0.011286393101700294,0.014107991377125368,scenario,cyp_cystitis,168.03020887083343
23.833333333333,bladder,10.0,0.974066697316,0.025933302684,0.22980003411974773,22.980003411974774,0.19062810447783973,19.062810447783974,0.0487033348658,4.87033348658,0.011318661071801907,1.1318661071801908,0.011318661071801905,0.014148326339752382,scenario,cyp_cystitis,164.6623013756663
23.916666666667,bladder,10.0,0.973998610525,0.026001389475,0.22986357581140748,22.986357581140748,0.1906985739843763,19.06985739843763,0.048699930526250004,4.869993052625,0.011351114080168955,1.1351114080168956,0.011351114080168955,0.014188892600211195,scenario,cyp_cystitis,161.2943938804587
24.0,bladder,10.0,0.973930153431,0.026069846569,0.2299270889661833,22.992708896618332,0.19076903294171926,19.076903294171927,0.04869650767155,4.869650767155,0.011383753723009503,1.1383753723009502,0.011383753723009505,0.01422969215376188,scenario,cyp_cystitis,157.9264863852915
0.0,spinal_coord,30.11270795402566,0.962834194672,0.037165805328,0.5508542733325095,55.08542733325095,0.41352763288601263,41.35276328860126,0.240708548668,24.0708548668,0.03860042106311194,3.860042106311194,0.03860042106311195,0.02702029474417836,scenario,cyp_cystitis,0.001
0.083333333333,spinal_coord,30.386474760650888,0.962929139941,0.037070860059,0.5506630140456744,55.06630140456744,0.41324097208056587,41.324097208056585,0.24073228498525,24.073228498525,0.03671614253658322,3.6716142536583223,0.036716142536583216,0.025701299775608248,scenario,cyp_cystitis,62.95845550730917
0.166666666667,spinal_coord,30.65840327059857,0.96308543496,0.03691456504,0.5505009310952302,55.050093109523026,0.4129727631403069,41.29727631403069,0.24077135874,24.077135874,0.03503435796160588,3.503435796160588,0.03503435796160589,0.02452405057312412,scenario,cyp_cystitis,125.91591101537387
0.25,spinal_coord,30.92837120303389,0.963304099973,0.036695900027,0.5503680057742759,55.03680057742759,0.4127226410413678,41.27226410413678,0.24082602499325,24.082602499325002,0.03352365903607439,3.352365903607439,0.03352365903607439,0.023466561325252072,scenario,cyp_cystitis,188.87336652268297
0.333333333333,spinal_coord,31.196256094140082,0.96358957966,0.03641042034,0.5502661880371016,55.02661880371016,0.412491724162802,41.2491724162802,0.240897394915,24.0897394915,0.032158788819393706,3.2158788819393704,0.0321587888193937,0.022511152173575587,scenario,cyp_cystitis,251.83082202999233
0.416666666667,spinal_coord,31.46193538758699,0.963929760119,0.036070239881,0.5501879848788324,55.01879848788324,0.4122740597987765,41.22740597987765,0.24098244002975,24.098244002975,0.030919206124309217,3.0919206124309215,0.03091920612430922,0.021643444287016454,scenario,cyp_cystitis,314.78827753805683
0.5,spinal_coord,31.72528652602372,0.96431415658,0.03568584342,0.5501268590372357,55.012685903723565,0.4120644265229809,41.206442652298094,0.241078539145,24.107853914499998,0.029788034054311914,2.9788034054311914,0.029788034054311914,0.02085162383801834,scenario,cyp_cystitis,377.7457330453659
0.583333333333,spinal_coord,31.986187043530556,0.964738567814,0.035261432186,0.5500798806701619,55.007988067016186,0.41186031828888253,41.186031828888254,0.2411846419535,24.11846419535,0.028751277883604764,2.8751277883604764,0.028751277883604764,0.020125894518523334,scenario,cyp_cystitis,440.7031885526753
0.666666666667,spinal_coord,32.244514658877506,0.965196116646,0.034803883354,0.5500426120990525,55.004261209905245,0.4116581105834033,41.16581105834033,0.2412990291615,24.12990291615,0.027797235081929963,2.7797235081929963,0.027797235081929963,0.01945806455735097,scenario,cyp_cystitis,503.66064406073997
0.75,spinal_coord,32.50014736952159,0.965677271181,0.034322728819,0.5500091239356268,55.000912393562686,0.41145307485383575,41.145307485383576,0.24141931779525,24.141931779525,0.026916044578518056,2.6916044578518057,0.026916044578518056,0.018841231204962637,scenario,cyp_cystitis,566.6180995680494
0.833333333333,spinal_coord,32.75296354627107,0.966173260486,0.033826739514,0.549973943868132,54.997394386813205,0.4112408383288427,41.12408383288427,0.2415433151215,24.15433151215,0.026099338377579995,2.6099338377579997,0.026099338377579995,0.018269536864305994,scenario,cyp_cystitis,629.5755550753585
0.916666666667,spinal_coord,33.00284202845978,0.966684785374,0.033315214626,0.5499370113335562,54.99370113335562,0.41102108665340825,41.10210866534082,0.2416711963435,24.16711963435,0.025339969399109506,2.5339969399109505,0.025339969399109503,0.017737978579376652,scenario,cyp_cystitis,692.5330105834229
1.0,spinal_coord,33.24966221955765,0.967210380228,0.032789619772,0.5498970446731481,54.989704467314816,0.4107925994881976,41.079259948819754,0.241802595057,24.1802595057,0.02463179677205927,2.463179677205927,0.024631796772059265,0.017242257740441483,scenario,cyp_cystitis,755.4904660907322
1.083333333333,spinal_coord,33.493304183139614,0.967746738097,0.032253261903,0.5493922670185958,54.93922670185958,0.4099407766591278,40.99407766591278,0.24193668452425,24.193668452424998,0.023743974316133093,2.374397431613309,0.023743974316133093,0.016620782021293162,scenario,cyp_cystitis,836.1452941563472
1.166666666667,spinal_coord,33.73364873905331,0.968292620423,0.031707379577,0.5488905269645148,54.88905269645148,0.40908982914501973,40.908982914501976,0.24207315510575,24.207315510575,0.02292725831852336,2.292725831852336,0.02292725831852336,0.01604908082296635,scenario,cyp_cystitis,916.8001222229302
1.25,spinal_coord,33.97057755970685,0.968848323877,0.031151676123,0.5483912916595317,54.83912916595317,0.40823894758704216,40.82389475870421,0.24221208096925,24.221208096925,0.02217311193015557,2.217311193015557,0.02217311193015557,0.015521178351108897,scenario,cyp_cystitis,997.4549502885454
1.333333333333,spinal_coord,34.203973266393895,0.969412662043,0.030587337957,0.5478932127655217,54.78932127655217,0.40738672967302897,40.7386729673029,0.24235316551075,24.235316551075,0.021474301427245004,2.1474301427245006,0.021474301427245,0.0150320109990715,scenario,cyp_cystitis,1078.109778354161
1.416666666667,spinal_coord,34.433719525495434,0.969983863338,0.030016136662,0.5473946384969804,54.73946384969805,0.40653156354997394,40.65315635499739,0.2424959658345,24.24959658345,0.020824656862597393,2.0824656862597393,0.020824656862597393,0.014577259803818174,scenario,cyp_cystitis,1158.7646064207433
1.5,spinal_coord,34.65970114447569,0.970557570553,0.029442429447,0.5468924880346512,54.68924880346512,0.40567079386186833,40.56707938618683,0.24263939263825,24.263939263824998,0.020218883613610596,2.0218883613610594,0.020218883613610593,0.014153218529527414,scenario,cyp_cystitis,1239.4194344863586
1.583333333333,spinal_coord,34.881804167585955,0.971130640604,0.028869359396,0.5463843996745943,54.638439967459426,0.40480231936479244,40.48023193647924,0.242782660151,24.2782660151,0.019652412632180326,1.9652412632180327,0.019652412632180326,0.013756688842526227,scenario,cyp_cystitis,1320.074262551974
1.666666666667,spinal_coord,35.099915971116204,0.971700147516,0.028299852484,0.5458681649629507,54.586816496295064,0.4039241707786009,40.39241707786009,0.242925036879,24.2925036879,0.019121280430616026,1.9121280430616026,0.019121280430616023,0.013384896301431215,scenario,cyp_cystitis,1400.7290906185578
1.75,spinal_coord,35.313925358109486,0.972263066277,0.027736933723,0.5453415499037493,54.53415499037493,0.4030343777793324,40.30343777793324,0.24306576656925,24.306576656925,0.0186220321352748,1.8622032135274798,0.0186220321352748,0.013035422494692358,scenario,cyp_cystitis,1481.3839186841724
1.833333333333,spinal_coord,35.52372265245073,0.972816386485,0.027183613515,0.5448023585733184,54.480235857331834,0.40213101593609113,40.21310159360911,0.24320409662125,24.320409662125,0.01815164259554247,1.8151642595542468,0.01815164259554247,0.012706149816879727,scenario,cyp_cystitis,1562.0387467497874
1.916666666667,spinal_coord,35.72919979217187,0.973357134376,0.026642865624,0.5442484449853715,54.42484449853715,0.40121221518849537,40.12122151884954,0.243339283594,24.3339283594,0.01770745174316761,1.770745174316761,0.01770745174316761,0.012395216220217326,scenario,cyp_cystitis,1642.6935748163712
2.0,spinal_coord,35.93025042188743,0.973882336184,0.026117663816,0.5436776921508568,54.36776921508568,0.40027614413980916,40.02761441398091,0.243470584046,24.3470584046,0.0172871112864484,1.72871112864484,0.0172871112864484,0.01210097790051388,scenario,cyp_cystitis,1723.348402881986
2.083333333333,spinal_coord,36.12676998427123,0.974389009961,0.025610990039,0.5456263658108809,54.562636581088086,0.4027054844275078,40.27054844275078,0.24359725249025,24.359725249025,0.01757325778872545,1.7573257788725452,0.01757325778872545,0.012301280452107816,scenario,cyp_cystitis,1692.8723456944397
2.166666666667,spinal_coord,36.31865581042011,0.974870496319,0.025129503681,0.5475402239745009,54.754022397450086,0.40509679985966784,40.509679985966784,0.24371762407975,24.371762407975,0.017863544477321545,1.7863544477321545,0.017863544477321545,0.01250448113412508,scenario,cyp_cystitis,1662.3962885065287
2.25,spinal_coord,36.50580720901905,0.975319212708,0.024680787292,0.5494145968633596,54.94145968633596,0.40744639158181273,40.74463915818127,0.243829803177,24.3829803177,0.01815806421037986,1.815806421037986,0.018158064210379857,0.0127106449472659,scenario,cyp_cystitis,1631.9202313189833
2.333333333333,spinal_coord,36.688125554219134,0.975729899131,0.024270100869,0.5512460902094873,55.12460902094873,0.40975148723564986,40.975148723564985,0.24393247478275,24.393247478274997,0.018456915221335184,1.8456915221335184,0.01845691522133518,0.012919840654934626,scenario,cyp_cystitis,1601.4441741314386
2.416666666667,spinal_coord,36.86551437207959,0.976097295589,0.023902704411,0.5530312898572276,55.30312898572276,0.4120092879466368,41.20092879466368,0.24402432389725,24.402432389725,0.018760201475118782,1.8760201475118783,0.018760201475118782,0.013132141032583146,scenario,cyp_cystitis,1570.9681169435273
2.5,spinal_coord,37.0378794254904,0.976416142086,0.023583857914,0.5547667629655822,55.476676296558225,0.414216969925443,41.4216969925443,0.2441040355215,24.41040355215,0.01906803304870574,1.906803304870574,0.01906803304870574,0.013347623134094017,scenario,cyp_cystitis,1540.4920597559808
2.583333333333,spinal_coord,37.20512879748852,0.976688647126,0.023311352874,0.5564533142803348,55.64533142803349,0.4163748699984465,41.63748699984465,0.2441721617815,24.41721617815,0.01938052653802208,1.938052653802208,0.01938052653802208,0.013566368576615456,scenario,cyp_cystitis,1510.016002568436
2.666666666667,spinal_coord,37.367172972826744,0.976925740157,0.023074259843,0.5580967605059466,55.80967605059466,0.41848710062226213,41.84871006222621,0.24423143503925,24.423143503924997,0.01969780549332295,1.969780549332295,0.019697805493322947,0.013788463845326062,scenario,cyp_cystitis,1479.5399453805253
2.75,spinal_coord,37.52392491771433,0.977130759554,0.022869240446,0.5596986524733658,55.96986524733658,0.42055461677982103,42.0554616779821,0.2442826898885,24.42826898885,0.02002000088546379,2.002000088546379,0.020020000885463785,0.014014000619824649,scenario,cyp_cystitis,1449.0638881929783
2.833333333333,spinal_coord,37.675300157646376,0.977306939193,0.022693060807,0.5612605151230889,56.12605151230889,0.4225783737664519,42.25783737664519,0.24432673479825,24.432673479825002,0.0203472516057295,2.03472516057295,0.0203472516057295,0.01424307612401065,scenario,cyp_cystitis,1418.5878310054338
2.916666666667,spinal_coord,37.8212168531894,0.977455377446,0.022544622554,0.5627826764317668,56.27826764317668,0.42455844276035576,42.45584427603558,0.2443638443615,24.43638443615,0.020679705002047452,2.067970500204745,0.020679705002047456,0.014475793501433219,scenario,cyp_cystitis,1388.1117738175226
3.0,spinal_coord,37.961595873647255,0.977576696303,0.022423303697,0.5642652087215596,56.42652087215596,0.42649471286107943,42.64947128610794,0.24439417407575,24.439417407575,0.021017517454807188,2.1017517454807186,0.021017517454807188,0.014712262218365031,scenario,cyp_cystitis,1357.6357166299763
3.083333333333,spinal_coord,38.09636086852875,0.977672546361,0.022327453639,0.5657087957080877,56.57087957080877,0.4283875454904504,42.838754549045035,0.24441813659025,24.441813659024998,0.021360854995844645,2.1360854995844645,0.02136085499584464,0.014952598497091248,scenario,cyp_cystitis,1327.1596594424316
3.166666666667,spinal_coord,38.22543833669517,0.977744512735,0.022255487265,0.567114104789965,56.711410478996505,0.43023730214162015,43.023730214162015,0.24443612818375,24.443612818374998,0.021709893974407975,2.1709893974407977,0.021709893974407975,0.015196925782085582,scenario,cyp_cystitis,1296.6836022545197
3.25,spinal_coord,38.348757693117534,0.977793082458,0.022206917542,0.5684811857006242,56.848118570062425,0.43204388678149896,43.2043886781499,0.2444482706145,24.44482706145,0.022064821774441277,2.2064821774441277,0.022064821774441277,0.015445375242108893,scenario,cyp_cystitis,1266.2075450669745
3.333333333333,spinal_coord,38.46625133317101,0.977818958625,0.022181041375,0.5698102283836125,56.98102283836125,0.43380731830315006,43.38073183031501,0.24445473965625,24.445473965625002,0.02242583758799002,2.2425837587990016,0.022425837587990022,0.015698086311593015,scenario,cyp_cystitis,1235.7314878794286
3.416666666667,spinal_coord,38.577854694356745,0.977823113056,0.022176886944,0.5711015949034135,57.11015949034135,0.43552775551921796,43.5527755519218,0.244455778264,24.4455778264,0.02279315324993628,2.279315324993628,0.022793153249936283,0.015955207274955398,scenario,cyp_cystitis,1205.2554306915172
3.5,spinal_coord,38.68350631538782,0.977806482751,0.022193517249,0.5723556431724663,57.235564317246634,0.43720536331295506,43.720536331295506,0.24445162068775,24.445162068775,0.023166994139967083,2.3166994139967083,0.023166994139967086,0.01621689589797696,scenario,cyp_cystitis,1174.779373503972
3.583333333333,spinal_coord,38.78314789257409,0.977769797428,0.022230202572,0.5735726251588684,57.357262515886845,0.43884023440249126,43.88402344024912,0.244442449357,24.4442449357,0.023547600158341057,2.3547600158341058,0.023547600158341057,0.01648332011083874,scenario,cyp_cystitis,1144.3033163164264
3.666666666667,spinal_coord,38.87672433340948,0.977713878671,0.022286121329,0.5747528610580477,57.47528610580477,0.4404325218537302,44.04325218537302,0.24442846966775,24.442846966775,0.02393522678263854,2.393522678263854,0.02393522678263854,0.016754658747846977,scenario,cyp_cystitis,1113.8272591285152
3.75,spinal_coord,38.964183807306426,0.977639573208,0.022360426792,0.5758967002004131,57.589670020041304,0.441982409197884,44.198240919788404,0.244409893302,24.4409893302,0.024330146213633563,2.4330146213633563,0.024330146213633566,0.017031102349543494,scenario,cyp_cystitis,1083.3512019409702
3.833333333333,spinal_coord,39.04547779342067,0.977548341682,0.022451658318,0.5770048683551255,57.70048683551256,0.44349037724616736,44.349037724616736,0.2443870854205,24.43870854205,0.024732648619377608,2.4732648619377606,0.024732648619377604,0.01731285403356432,scenario,cyp_cystitis,1052.8751447534244
3.916666666667,spinal_coord,39.12056112548439,0.977442940581,0.022557059419,0.5780788742252009,57.80788742252009,0.4449575187732678,44.495751877326775,0.24436073514525,24.436073514525,0.025143043487529517,2.5143043487529515,0.025143043487529517,0.01760013044127066,scenario,cyp_cystitis,1022.3990875655129
4.0,spinal_coord,39.18939203360148,0.977324872259,0.022675127741,0.5791195052631026,57.911950526310264,0.4463843829311369,44.638438293113694,0.24433121806475,24.433121806475,0.02556166109730523,2.556166109730523,0.02556166109730523,0.01789316276811366,scenario,cyp_cystitis,991.9230303779674
4.083333333333,spinal_coord,39.2519321829573,0.977195559534,0.022804440466,0.5797586843981355,57.97586843981355,0.44727972601951393,44.72797260195139,0.2442988898835,24.429888988349997,0.025807801552647953,2.5807801552647955,0.02580780155264796,0.01806546108685357,scenario,cyp_cystitis,975.5745062135092
4.166666666667,spinal_coord,39.308146709376544,0.977056425226,0.022943574774,0.580363338384522,58.0363338384522,0.44813230943736276,44.81323094373628,0.2442641063065,24.42641063065,0.026053838905837047,2.605383890583705,0.026053838905837047,0.01823768723408593,scenario,cyp_cystitis,959.225982048855
4.25,spinal_coord,39.358004251692826,0.976908892152,0.023091107848,0.5809342593411179,58.093425934111785,0.4489427150708238,44.89427150708238,0.244227223038,24.4227223038,0.026299753349197506,2.6299753349197506,0.026299753349197506,0.018409827344438252,scenario,cyp_cystitis,942.877457884397
4.333333333333,spinal_coord,39.401476980892305,0.976754383132,0.023245616868,0.5814722492699814,58.14722492699814,0.4497115379826419,44.97115379826419,0.244188595783,24.4188595783,0.02654552675752732,2.654552675752732,0.02654552675752732,0.01858186873026912,scenario,cyp_cystitis,926.5289337199398
4.416666666667,spinal_coord,39.438540625981375,0.976594300231,0.023405699769,0.5819781071454135,58.197810714541355,0.4504393761168848,45.04393761168848,0.24414857505775,24.414857505775,0.026791142771216456,2.6791142771216454,0.026791142771216456,0.018753799939851518,scenario,cyp_cystitis,910.1804095552858
4.5,spinal_coord,39.46917449655254,0.976428688857,0.023571311143,0.5824518314343092,58.24518314343092,0.4511262122934122,45.11262122934122,0.24410717221425,24.410717221425,0.027036586881426277,2.7036586881426277,0.02703658688142628,0.018925610816998395,scenario,cyp_cystitis,893.8318853908272
4.583333333333,spinal_coord,39.49336150202137,0.976257763908,0.023742236092,0.5828935270080805,58.28935270080805,0.45177211470810735,45.17721147081073,0.244064440977,24.4064440977,0.027281846517472168,2.728184651747217,0.027281846517472168,0.019097292562230517,scenario,cyp_cystitis,877.4833612263694
4.666666666667,spinal_coord,39.51108816750157,0.976082420116,0.023917579884,0.5833037104468031,58.330371044680305,0.4523774738904041,45.237747389040415,0.244020605029,24.4020605029,0.027526911136483728,2.752691113648373,0.027526911136483728,0.019268837795538608,scenario,cyp_cystitis,861.1348370617159
4.75,spinal_coord,39.52234464630329,0.975903552213,0.024096447787,0.5836829049600707,58.36829049600707,0.4529426892090942,45.29426892090942,0.24397588805325,24.397588805325,0.027771772315508005,2.7771772315508003,0.027771772315508002,0.0194402406208556,scenario,cyp_cystitis,844.7863128972579
4.833333333333,spinal_coord,39.52712472903853,0.975722054933,0.024277945067,0.5840316400269152,58.40316400269152,0.4534681683915536,45.346816839155366,0.24393051373325,24.393051373325,0.028016423846234064,2.801642384623406,0.028016423846234064,0.019611496692363842,scenario,cyp_cystitis,828.4377887328
4.916666666667,spinal_coord,39.52542584931821,0.975538823009,0.024461176991,0.5843504510383171,58.435045103831705,0.45395432704808947,45.39543270480895,0.24388470575225,24.388470575225,0.02826086183245154,2.826086183245154,0.028260861832451536,0.019782603282716076,scenario,cyp_cystitis,812.0892645681458
5.0,spinal_coord,39.51724908603707,0.975354751173,0.024645248827,0.5846398789473501,58.46398789473501,0.4544015882054669,45.44015882054669,0.24383868779325,24.383868779325,0.02850508479044987,2.850508479044987,0.02850508479044987,0.019953559353314908,scenario,cyp_cystitis,795.7407404036876
5.083333333333,spinal_coord,39.50259916224181,0.975170241437,0.024829758563,0.5849001743960474,58.490017439604735,0.45481015204906305,45.481015204906306,0.24379256035925,24.379256035925,0.02874909375258101,2.874909375258101,0.02874909375258101,0.020124365626806705,scenario,cyp_cystitis,779.3922162392299
5.166666666667,spinal_coord,39.481484440584396,0.974983516011,0.025016483989,0.5851302840215834,58.51302840215834,0.45517920669177786,45.517920669177784,0.24374587900275,24.374587900275,0.02899289237414646,2.899289237414646,0.02899289237414646,0.02029502466190252,scenario,cyp_cystitis,763.0436920745759
5.25,spinal_coord,39.45391691536821,0.974794397473,0.025205602527,0.5853301166273828,58.533011662738275,0.4555086896788436,45.55086896788436,0.24369859936825,24.369859936825,0.02923648704386722,2.9236487043867223,0.02923648704386722,0.020465540930707054,scenario,cyp_cystitis,746.6951679101179
5.333333333333,spinal_coord,39.41991220119368,0.974602988693,0.025397011307,0.5854997529366391,58.54997529366391,0.45579867435118554,45.57986743511855,0.24365074717325,24.365074717325,0.029479886998215715,2.9479886998215714,0.029479886998215715,0.020635920898751,scenario,cyp_cystitis,730.3466437456598
5.416666666667,spinal_coord,39.37948951822294,0.974409392542,0.025590607458,0.5856392774971239,58.563927749712384,0.4560492391488318,45.60492391488318,0.2436023481355,24.36023481355,0.02972310443983133,2.972310443983133,0.02972310443983133,0.02080617310788193,scenario,cyp_cystitis,713.9981195810058
5.5,spinal_coord,39.33267167408242,0.974213711892,0.025786288108,0.5857487786023763,58.57487786023763,0.456260467505835,45.6260467505835,0.243553427973,24.3553427973,0.029966154660344236,2.9966154660344237,0.02996615466034424,0.020976308262240968,scenario,cyp_cystitis,697.6495954165481
5.583333333333,spinal_coord,39.279485042421165,0.974016049613,0.025983950387,0.5858283482175836,58.582834821758354,0.45643244775244474,45.643244775244476,0.24350401240325,24.350401240325002,0.03020905616795757,3.020905616795757,0.03020905616795757,0.021146339317570297,scenario,cyp_cystitis,681.3010712520899
5.666666666667,spinal_coord,39.21995953816186,0.973816508576,0.026183491424,0.5858780819155307,58.58780819155307,0.4565652730287077,45.65652730287077,0.243454127144,24.3454127144,0.03045183082008735,3.045183082008735,0.030451830820087348,0.021316281574061142,scenario,cyp_cystitis,664.9525470874358
5.75,spinal_coord,39.15412858947422,0.973615139292,0.026384860708,0.5858980473076782,58.589804730767824,0.45665901664623776,45.665901664623775,0.243403784823,24.3403784823,0.030694503961468552,3.069450396146855,0.030694503961468556,0.021486152773027987,scenario,cyp_cystitis,648.604022922978
5.833333333333,spinal_coord,39.08202910649963,0.973411969595,0.026588030405,0.5858883018270407,58.588830182704065,0.4567137459043875,45.67137459043875,0.24335299239875,24.335299239875,0.030937104568168797,3.0937104568168796,0.030937104568168797,0.021655973197718156,scenario,cyp_cystitis,632.25549875852
5.916666666667,spinal_coord,39.00370144688057,0.973207075598,0.026792924402,0.5858489354013823,58.584893540138225,0.456729555335843,45.6729555335843,0.2433017688995,24.33017688995,0.031179665397908007,3.1179665397908005,0.031179665397908004,0.0218257657785356,scenario,cyp_cystitis,615.906974593866
6.0,spinal_coord,38.91918937813531,0.973000533442,0.026999466558,0.5857800414003786,58.57800414003786,0.45670654405317157,45.67065440531716,0.2432501333605,24.32501333605,0.03142222314720054,3.1422223147200543,0.03142222314720054,0.02199555620304038,scenario,cyp_cystitis,599.5584504294083
6.083333333333,spinal_coord,38.8285400369167,0.972792419269,0.027207580731,0.5856817165938796,58.56817165938796,0.4566448157021728,45.66448157021728,0.24319810481725,24.319810481725,0.031664818615878366,3.1664818615878367,0.031664818615878366,0.022165373031114856,scenario,cyp_cystitis,583.20992626495
6.166666666667,spinal_coord,38.73180388522513,0.972582809223,0.027417190777,0.5855540611334634,58.55540611334634,0.45654447843695123,45.654447843695124,0.24314570230575,24.314570230575,0.03190749687952204,3.190749687952204,0.031907496879522046,0.02233524781566543,scenario,cyp_cystitis,566.8614021002963
6.25,spinal_coord,38.62903466362569,0.972371779444,0.027628220556,0.5853971785362132,58.53971785362132,0.45640564490028424,45.640564490028424,0.243092944861,24.3092944861,0.03215030747045526,3.215030747045526,0.03215030747045526,0.02250521522931868,scenario,cyp_cystitis,550.512877935838
6.333333333333,spinal_coord,38.520289341518094,0.972159437272,0.027840562728,0.5852111944623813,58.52111944623813,0.45622844685917513,45.622844685917514,0.243039859318,24.3039859318,0.03239330456801421,3.239330456801421,0.03239330456801421,0.022675313197609945,scenario,cyp_cystitis,534.1643537713805
6.416666666667,spinal_coord,38.405628064544786,0.971946134436,0.028053865564,0.5849963850161637,58.49963850161637,0.45601313520955156,45.60131352095516,0.242986533609,24.298653360899998,0.03263654719878508,3.263654719878508,0.03263654719878508,0.022845583039149554,scenario,cyp_cystitis,517.8158296067259
6.5,spinal_coord,38.285114099196115,0.971731950846,0.028268049154,0.5847528659638036,58.47528659638036,0.4557598376697381,45.57598376697381,0.2429329877115,24.29329877115,0.03288009944764766,3.2880099447647657,0.032880099447647665,0.023016069613353365,scenario,cyp_cystitis,501.4673054422682
6.583333333333,spinal_coord,38.15881377467011,0.971516886502,0.028483113498,0.58448070832173,58.448070832173,0.4554686489283067,45.54686489283067,0.2428792216255,24.28792216255,0.03312403068053622,3.3124030680536225,0.03312403068053623,0.02318682147637536,scenario,cyp_cystitis,485.1187812778102
6.666666666667,spinal_coord,38.026796422086264,0.971300941404,0.028699058596,0.5841799865058978,58.41799865058977,0.4551396682065304,45.51396682065304,0.242825235351,24.2825235351,0.033368415779829505,3.3368415779829506,0.0333684157798295,0.02335789104588065,scenario,cyp_cystitis,468.7702571131562
6.75,spinal_coord,37.88913431112054,0.971084115552,0.028915884448,0.5838507783789388,58.38507783789388,0.4547729993212517,45.47729993212517,0.242771028888,24.277102888800002,0.03361333539344825,3.361333539344825,0.03361333539344825,0.02352933477541377,scenario,cyp_cystitis,452.42173294869826
6.833333333333,spinal_coord,37.74590258412657,0.970866408946,0.029133591054,0.5834931653032478,58.34931653032478,0.4543687507556637,45.43687507556637,0.2427166022365,24.27166022365,0.03385887619883531,3.385887619883531,0.03385887619883531,0.023701213339184717,scenario,cyp_cystitis,436.0732087842406
6.916666666667,spinal_coord,37.59717918785586,0.970647821586,0.029352178414,0.5831072321999445,58.31072321999445,0.453927035737926,45.392703573792595,0.2426619553965,24.266195539650003,0.03410513118302047,3.410513118302047,0.034105131183020464,0.023873591828114323,scenario,cyp_cystitis,419.7246846195862
7.0,spinal_coord,37.44304480285065,0.970428353472,0.029571646528,0.5826930676136011,58.269306761360106,0.45344797232746814,45.344797232746814,0.242607088368,24.2607088368,0.034352199940167596,3.4352199940167596,0.034352199940167596,0.024046539958117317,scenario,cyp_cystitis,403.37616045512834
7.083333333333,spinal_coord,37.28358277058166,0.970208004603,0.029791995397,0.5822507637819915,58.22507637819915,0.4529316835083219,45.29316835083219,0.24255200115075,24.255200115075002,0.03460018898813242,3.460018898813242,0.03460018898813243,0.024220132291692696,scenario,cyp_cystitis,387.02763629067056
7.166666666667,spinal_coord,37.11887901845451,0.96998679353,0.03001320647,0.5817804278397524,58.178042783975236,0.45237830594300316,45.23783059430031,0.2424966983825,24.24966983825,0.03484921210562066,3.4849212105620664,0.034849212105620656,0.024394448473934457,scenario,cyp_cystitis,370.6791121260165
7.25,spinal_coord,36.94902198276478,0.969764753265,0.030235246735,0.5812821794126217,58.12821794126217,0.45178798812849563,45.178798812849564,0.24244118831625,24.244118831625,0.035099390691774694,3.5099390691774692,0.03509939069177469,0.02456957348424228,scenario,cyp_cystitis,354.3305879615584
7.333333333333,spinal_coord,36.77410252967898,0.96954188445,0.03045811555,0.5807561226176794,58.07561226176794,0.45116086867357247,45.11608686735725,0.2423854711125,24.23854711125,0.03535085415019195,3.535085415019195,0.03535085415019194,0.024745597905134357,scenario,cyp_cystitis,337.98206379710075
7.416666666667,spinal_coord,36.59421387437547,0.969318187085,0.030681812915,0.580202365207208,58.0202365207208,0.450497091247944,45.049709124794404,0.24232954677125,24.232954677124997,0.03560374029949116,3.5603740299491164,0.03560374029949116,0.024922618209643813,scenario,cyp_cystitis,321.63353963244657
7.5,spinal_coord,36.40945149842985,0.969093661171,0.030906338829,0.579621019051348,57.9621019051348,0.4497968050114639,44.97968050114639,0.24227341529275,24.227341529275,0.03585819581283831,3.585819581283831,0.035858195812838306,0.025100737068986814,scenario,cyp_cystitis,305.28501546798867
7.583333333333,spinal_coord,36.219913065525944,0.968868306707,0.031131693293,0.5790122002378562,57.90122002378561,0.44906016474814153,44.90601647481415,0.24221707667675,24.221707667675,0.036114376689084196,3.6114376689084198,0.036114376689084196,0.025280063682358935,scenario,cyp_cystitis,288.9364913035307
7.666666666667,spinal_coord,36.02569833563534,0.968642123694,0.031357876306,0.5783760291807591,57.837602918075916,0.4482873310096788,44.82873310096788,0.2421605309235,24.216053092350002,0.03637244875834999,3.6372448758349987,0.03637244875834998,0.025460714130844986,scenario,cyp_cystitis,272.5879671388765
7.75,spinal_coord,35.8269090777526,0.968415112132,0.031584887868,0.5777126307293039,57.77126307293039,0.44747847026173854,44.74784702617385,0.242103778033,24.210377803300002,0.03663258822527488,3.6632588225274882,0.036632588225274876,0.02564281175769241,scenario,cyp_cystitis,256.2394429744188
7.833333333333,spinal_coord,35.62364898127051,0.96818727202,0.03181272798,0.5770221342829478,57.70221342829478,0.4466337550372638,44.663375503726385,0.242046818005,24.2046818005,0.03689498225347373,3.6894982253473727,0.03689498225347373,0.025826487577431608,scenario,cyp_cystitis,239.8909188099609
7.916666666667,spinal_coord,35.416023566144844,0.967959038424,0.032040961576,0.5763049329419474,57.63049329419474,0.44575356444792996,44.575356444792995,0.241989759606,24.1989759606,0.037159829595037795,3.7159829595037794,0.037159829595037795,0.026011880716526454,scenario,cyp_cystitis,223.54239464530676
8.0,spinal_coord,35.20414009193764,0.967737522653,0.032262477347,0.5755653942264879,57.55653942264879,0.4448413514176505,44.48413514176505,0.24193438066325,24.193438066324997,0.03742734126941061,3.742734126941061,0.0374273412694106,0.02619913888858742,scenario,cyp_cystitis,207.1938704808488
8.083333333333,spinal_coord,34.98810746582462,0.967525227214,0.032474772786,0.5743856359532351,57.43856359532351,0.4433391055329802,44.333910553298026,0.2418813068035,24.18813068035,0.037263172264833555,3.7263172264833555,0.037263172264833555,0.026084220585383486,scenario,cyp_cystitis,205.27722298061272
8.166666666667,spinal_coord,34.76803614972147,0.967326891859,0.032673108141,0.5731873712543514,57.318737125435135,0.44180753105280185,44.18075310528018,0.24183172296475,24.183172296475,0.03709427497045081,3.7094274970450813,0.03709427497045081,0.025965992479315567,scenario,cyp_cystitis,203.3605754803536
8.25,spinal_coord,34.544038066618164,0.967149248278,0.032850751722,0.5719747108779167,57.197471087791676,0.44024986507788894,44.024986507788896,0.2417873120695,24.178731206949998,0.03692073727611637,3.692073727611637,0.03692073727611636,0.02584451609328145,scenario,cyp_cystitis,201.44392798011742
8.333333333333,spinal_coord,34.31622650620696,0.966992054963,0.033007945037,0.5707476229109807,57.07476229109807,0.4386661455603076,43.86661455603076,0.24174801374075,24.174801374075,0.036742649070920765,3.6742649070920765,0.036742649070920765,0.025719854349644532,scenario,cyp_cystitis,199.52728047988123
8.416666666667,spinal_coord,34.084716029962316,0.966853696453,0.033146303547,0.5695052711156796,56.950527111567965,0.4370557960032395,43.70557960032395,0.24171342411325,24.171342411325,0.036560102173498296,3.6560102173498294,0.036560102173498296,0.025592071521448805,scenario,cyp_cystitis,197.61063297962212
8.5,spinal_coord,33.84962237576058,0.966733899766,0.033266100234,0.5682476203892396,56.82476203892396,0.4354188605969861,43.54188605969861,0.2416834749415,24.168347494149998,0.03637319026099219,3.6373190260992194,0.03637319026099219,0.025461233182694533,scenario,cyp_cystitis,195.69398547938607
8.583333333333,spinal_coord,33.611062362123846,0.966630946211,0.033369053789,0.5669737936143818,56.69737936143818,0.4337547427488424,43.37547427488424,0.24165773655275,24.165773655275,0.036182008796725854,3.6182008796725853,0.036182008796725854,0.025327406157708097,scenario,cyp_cystitis,193.77733797914985
8.666666666667,spinal_coord,33.36915379224784,0.966543784904,0.033456215096,0.5656833182020453,56.568331820204534,0.432063162634727,43.2063162634727,0.241635946226,24.163594622599998,0.03598665495668988,3.598665495668988,0.03598665495668988,0.025190658469682915,scenario,cyp_cystitis,191.8606904788908
8.75,spinal_coord,33.12401535789928,0.966472415845,0.033527584155,0.5643763461169045,56.43763461169045,0.43034432287420604,43.03443228742061,0.24161810396125,24.161810396125,0.03578722755489786,3.5787227554897862,0.035787227554897855,0.025051059288428497,scenario,cyp_cystitis,189.94404297865466
8.833333333333,spinal_coord,32.87576654326415,0.966416839036,0.033583160964,0.5630530351068322,56.305303510683224,0.4285984337971097,42.85984337971097,0.241604209759,24.1604209759,0.035583826967661714,3.5583826967661714,0.035583826967661714,0.0249086788773632,scenario,cyp_cystitis,188.02739547841858
8.916666666667,spinal_coord,32.62452752890709,0.966376853088,0.033623146912,0.561713431871516,56.1713431871516,0.42682562479935465,42.68256247993546,0.241594213272,24.1594213272,0.03537655505690294,3.5376555056902936,0.03537655505690294,0.024763588539832054,scenario,cyp_cystitis,186.11074797815942
9.0,spinal_coord,32.37041909592325,0.966350168438,0.033649831562,0.5603563796026467,56.03563796026467,0.42502511665752885,42.502511665752884,0.2415875421095,24.15875421095,0.03516551509255498,3.516551509255498,0.03516551509255498,0.024615860564788483,scenario,cyp_cystitis,184.19410047792326
9.083333333333,spinal_coord,32.11356253036023,0.96633613936,0.03366386064,0.5589816918280932,55.89816918280932,0.4231968759841243,42.31968759841243,0.24158403484,24.158403483999997,0.03495081167410962,3.495081167410962,0.03495081167410963,0.02446556817187674,scenario,cyp_cystitis,182.27745297768726
9.166666666667,spinal_coord,31.85407952806846,0.966334765852,0.033665234148,0.5575895654644494,55.758956546444935,0.4213411653352659,42.13411653352659,0.241583691463,24.1583691463,0.03473255065142949,3.473255065142949,0.03473255065142948,0.024312785456000637,scenario,cyp_cystitis,180.3608054774281
9.25,spinal_coord,31.59209210005674,0.966346047915,0.033653952085,0.5561802048229043,55.61802048229043,0.4194582571255391,41.945825712553905,0.24158651197875,24.158651197875,0.03451083904488343,3.451083904488343,0.03451083904488343,0.0241575873314184,scenario,cyp_cystitis,178.444157977192
9.333333333333,spinal_coord,31.327722478424782,0.966369570945,0.033630429055,0.5547535838115147,55.47535838115147,0.4175482547670197,41.75482547670197,0.24159239273625,24.159239273624998,0.034285784964859414,3.4285784964859416,0.034285784964859414,0.02400004947540159,scenario,cyp_cystitis,176.5275104769559
9.416666666667,spinal_coord,31.06109302302864,0.966403528436,0.033596471564,0.5533088897383786,55.33088897383786,0.4156106768391714,41.561067683917145,0.241600882109,24.1600882109,0.03405749753078149,3.405749753078149,0.03405749753078149,0.02384024827154704,scenario,cyp_cystitis,174.61086297669672
9.5,spinal_coord,30.792326128948886,0.966447709966,0.033552290034,0.5518462404861832,55.184624048618325,0.4136457506595777,41.36457506595777,0.2416119274915,24.16119274915,0.03382608678968889,3.382608678968889,0.03382608678968889,0.02367826075278222,scenario,cyp_cystitis,172.69421547646067
9.583333333333,spinal_coord,30.52154413482765,0.966502115533,0.033497884467,0.5503658836131591,55.03658836131591,0.4116538063065454,41.16538063065454,0.24162552888325,24.162552888325,0.03359166363443232,3.359166363443232,0.03359166363443232,0.02351416454410262,scenario,cyp_cystitis,170.77756797622447
9.666666666667,spinal_coord,30.24886923222546,0.966566745138,0.033433254862,0.5488680754330036,54.886807543300364,0.4096351855313382,40.963518553133824,0.2416416862845,24.16416862845,0.03335433972161818,3.335433972161818,0.03335433972161818,0.023348037805132723,scenario,cyp_cystitis,168.86092047596526
9.75,spinal_coord,29.974423376060766,0.966641485196,0.033358514804,0.5473530168747507,54.73530168747507,0.40759019410100095,40.759019410100095,0.241660371299,24.1660371299,0.033114227389358535,3.3114227389358533,0.033114227389358535,0.023179959172550973,scenario,cyp_cystitis,166.94427297572926
9.833333333333,spinal_coord,29.698328196190843,0.966725807362,0.033274192638,0.5458206845372249,54.582068453722485,0.4055189769289665,40.55189769289665,0.2416814518405,24.16814518405,0.032871439574882325,3.2871439574882326,0.032871439574882325,0.023010007702417627,scenario,cyp_cystitis,165.02762547549312
9.916666666667,spinal_coord,29.42070491027929,0.966819156041,0.033180843959,0.5442710524643597,54.42710524643597,0.4034216846054795,40.34216846054795,0.24170478901025,24.170478901025,0.03262608973214098,3.2626089732140975,0.03262608973214098,0.02283826281249868,scenario,cyp_cystitis,163.110977975234
10.0,spinal_coord,29.14167423800479,0.966920978576,0.033079021424,0.5427041095911405,54.270410959114045,0.4012984865961874,40.12984865961874,0.241730244644,24.1730244644,0.032378291749465764,3.2378291749465764,0.03237829174946576,0.02266480422462603,scenario,cyp_cystitis,161.1943304749978
10.083333333333,spinal_coord,28.861356316661777,0.967030722313,0.032969277687,0.5411198583423485,54.11198583423486,0.39914957035213133,39.914957035213135,0.24175768057825,24.175768057825,0.03212815986733145,3.2128159867331454,0.03212815986733145,0.022489711907132014,scenario,cyp_cystitis,159.27768297476172
10.166666666667,spinal_coord,28.579870618291196,0.967147834598,0.032852165402,0.539518314882174,53.95183148821741,0.3969751416435655,39.69751416435655,0.2417869586495,24.17869586495,0.031875808596361244,3.1875808596361246,0.031875808596361244,0.02231306601745287,scenario,cyp_cystitis,157.36103547450264
10.25,spinal_coord,28.297335868387226,0.967271762774,0.032728237226,0.5378995093487029,53.78995093487029,0.3947754248736039,39.47754248736039,0.2418179406935,24.181794069349998,0.03162135263562846,3.162135263562846,0.03162135263562846,0.02213494684493992,scenario,cyp_cystitis,155.44438797426653
10.333333333333,spinal_coord,28.01386996622164,0.967401954187,0.032598045813,0.5362634860771859,53.62634860771859,0.3925506633739145,39.25506633739145,0.24185048854675,24.185048854675,0.03136490679130824,3.136490679130824,0.03136490679130824,0.021955434753915766,scenario,cyp_cystitis,153.5277404740303
10.416666666667,spinal_coord,27.729589906916193,0.967537856183,0.032462143817,0.534610303801506,53.461030380150596,0.39030111967434133,39.03011196743413,0.24188446404575,24.188446404575,0.031106585895814408,3.110658589581441,0.03110658589581441,0.021774610127070087,scenario,cyp_cystitis,151.6110929737712
10.5,spinal_coord,27.444611705299284,0.96767923788,0.03232076212,0.5329402130523941,53.29402130523941,0.3880272047765256,38.80272047765256,0.24191980947,24.191980947,0.03084650472747465,3.084650472747465,0.030846504727474647,0.02159255330923225,scenario,cyp_cystitis,149.69444547353513
10.583333333333,spinal_coord,27.15905032157928,0.967826598229,0.032173401771,0.5312538773761935,53.12538773761935,0.3857296370919246,38.57296370919246,0.24195664955725,24.195664955725,0.03058477793079479,3.058477793079479,0.030584777930794785,0.02140934455155635,scenario,cyp_cystitis,147.777797973299
10.666666666667,spinal_coord,26.87301958895602,0.967979708924,0.032020291076,0.529551569557197,52.955156955719694,0.38340885643492933,38.34088564349293,0.241994927231,24.1994927231,0.030321519937446334,3.0321519937446335,0.03032151993744634,0.021225063956212438,scenario,cyp_cystitis,145.8611504730398
10.75,spinal_coord,26.586632143196866,0.968138288653,0.031861711347,0.5278335459322413,52.78335459322413,0.38106529835865505,38.1065298358655,0.24203457216325,24.203457216325,0.03005684488802727,3.0056844888027268,0.03005684488802727,0.021039791421619086,scenario,cyp_cystitis,143.94450297280378
10.833333333333,spinal_coord,26.299999354199883,0.968302056108,0.031697943892,0.5261000757435703,52.610007574357034,0.3786994156220937,37.86994156220937,0.242075514027,24.207551402700002,0.029790866554643487,2.9790866554643487,0.029790866554643487,0.020853606588250438,scenario,cyp_cystitis,142.02785547256764
10.916666666667,spinal_coord,26.0132312596562,0.968470729977,0.031529270023,0.5243514411778126,52.43514411778126,0.3763116782447502,37.63116782447502,0.24211768249425,24.211768249425,0.02952369826444288,2.9523698264442877,0.02952369826444288,0.020666588785110015,scenario,cyp_cystitis,140.11120797230845
11.0,spinal_coord,25.726436500827752,0.968644028949,0.031355971051,0.5225879373921518,52.25879373921518,0.37390257353986905,37.390257353986904,0.24216100723725,24.216100723725003,0.0292554528241479,2.92554528241479,0.029255452824147897,0.020478816976903527,scenario,cyp_cystitis,138.1945604720724
11.083333333333,spinal_coord,25.439722260452854,0.968821671716,0.031178328284,0.520809872518039,52.080987251803904,0.3714726061187187,37.14726061187187,0.242205417929,24.2205417929,0.02898624244562976,2.898624244562976,0.028986242445629768,0.020290369711940835,scenario,cyp_cystitis,136.27791297183626
11.166666666667,spinal_coord,25.15319420288181,0.969003376966,0.030996623034,0.519017567639034,51.90175676390339,0.3690222978633786,36.902229786337855,0.2422508442415,24.22508442415,0.028716178672652987,2.8716178672652988,0.028716178672652984,0.020101325070857087,scenario,cyp_cystitis,134.36126547157713
11.25,spinal_coord,24.86695641644836,0.969188959333,0.030811040667,0.5172114079547132,51.72114079547132,0.366552224161951,36.6552224161951,0.24229723983325,24.229723983324998,0.028445372308831002,2.8445372308831,0.028445372308831002,0.0199117606161817,scenario,cyp_cystitis,132.44461797134105
11.333333333333,spinal_coord,24.581111358079326,0.969378582731,0.030621417269,0.5153919764580839,51.539197645808386,0.3640631077004452,36.40631077004452,0.24234464568275,24.234464568274998,0.028173933346830993,2.817393334683099,0.028173933346830993,0.019721753342781694,scenario,cyp_cystitis,130.52797047110485
11.416666666667,spinal_coord,24.295759800234364,0.969572119022,0.030427880978,0.5135597106517824,51.35597106517824,0.3615555745283765,36.15555745283765,0.2423930297555,24.23930297555,0.02790197089895212,2.7901970898952118,0.02790197089895212,0.01953137962926648,scenario,cyp_cystitis,128.61132297084578
11.5,spinal_coord,24.011000780171315,0.969769399777,0.030230600223,0.5117150381580373,51.17150381580373,0.35903025095171637,35.903025095171635,0.24244234994425,24.244234994425,0.027629593129112024,2.7629593129112022,0.02762959312911202,0.019340715190378412,scenario,cyp_cystitis,126.69467547060962
11.583333333333,spinal_coord,23.72693155152946,0.969970256571,0.030029743429,0.5098583981564782,50.985839815647815,0.3564877786849709,35.64877786849709,0.24249256414275,24.249256414275,0.02735690718627381,2.7356907186273807,0.027356907186273812,0.01914983503039167,scenario,cyp_cystitis,124.7780279703735
11.666666666667,spinal_coord,23.443647538312238,0.970174520977,0.029825479023,0.507990241213327,50.79902412133271,0.35392881462543613,35.39288146254361,0.24254363024425,24.254363024425,0.027084019139432324,2.7084019139432325,0.02708401913943232,0.018958813397602622,scenario,cyp_cystitis,122.86138047011436
11.75,spinal_coord,23.161242291254588,0.970382024566,0.029617975434,0.5061110290906061,50.61110290906061,0.3513540305988081,35.13540305988081,0.2425955061415,24.25955061415,0.02681103391418762,2.681103391418762,0.026811033914187623,0.018767723739931335,scenario,cyp_cystitis,120.94473296987829
11.833333333333,spinal_coord,22.87980744655767,0.970592598912,0.029407401088,0.5042212345342835,50.42212345342835,0.3487641130750446,34.87641130750446,0.242648149728,24.2648149728,0.026538055230931695,2.6538055230931694,0.026538055230931695,0.018576638661652184,scenario,cyp_cystitis,119.02808546964216
11.916666666667,spinal_coord,22.59943268706182,0.970806075588,0.029193924412,0.5023213410342685,50.23213410342685,0.3461597628496913,34.61597628496913,0.242701518897,24.2701518897,0.02626518554476024,2.626518554476024,0.026265185544760244,0.01838562988133217,scenario,cyp_cystitis,117.111437969383
12.0,spinal_coord,22.32020570583325,0.971022391156,0.028977608844,0.500411896668844,50.0411896668844,0.34354173183979203,34.354173183979206,0.242755597789,24.2755597789,0.025992525987130373,2.5992525987130373,0.025992525987130373,0.01819476819099126,scenario,cyp_cystitis,115.1947904691469
12.083333333333,spinal_coord,22.042212172137784,0.971242095052,0.028757904948,0.4984408772556374,49.84408772556374,0.3408404713235166,34.08404713235166,0.242810523763,24.2810523763,0.025676377907746586,2.5676377907746586,0.025676377907746586,0.01797346453542261,scenario,cyp_cystitis,115.22728943809139
12.166666666667,spinal_coord,21.76553569986205,0.971465306261,0.028534693739,0.49646219069400066,49.64621906940007,0.33812781883833426,33.81278188383342,0.24286632656525,24.286632656525,0.025361538712473188,2.536153871247319,0.025361538712473188,0.01775307709873123,scenario,cyp_cystitis,115.2597884070363
12.25,spinal_coord,21.4902578183485,0.971692040019,0.028307959981,0.4944764605153089,49.44764605153089,0.3354046006807452,33.540460068074516,0.24292301000475,24.292301000475,0.025048103652762273,2.5048103652762275,0.025048103652762273,0.01753367255693359,scenario,cyp_cystitis,115.29228737598085
12.333333333333,spinal_coord,21.216457945608344,0.971922311557,0.028077688443,0.49248431778374535,49.24843177837454,0.3326716531926604,33.26716531926604,0.24298057788925,24.298057788925,0.02473616579681572,2.473616579681572,0.024736165796815722,0.017315316057771004,scenario,cyp_cystitis,115.32478634492534
12.416666666667,spinal_coord,20.944213363963016,0.97215613611,0.02784386389,0.490486400688786,49.048640068878605,0.3299298222150481,32.99298222150481,0.2430390340275,24.30390340275,0.024425815991915727,2.4425815991915725,0.024425815991915727,0.017098071194341008,scenario,cyp_cystitis,115.35728531387018
12.5,spinal_coord,20.673599198071607,0.97239352891,0.02760647109,0.48848335410846244,48.848335410846246,0.3271799625079499,32.71799625079499,0.2430983822275,24.30983822275,0.0241171428292976,2.41171428292976,0.024117142829297597,0.016881999980508315,scenario,cyp_cystitis,115.38978428281473
12.583333333333,spinal_coord,20.404688395300088,0.972634505192,0.027365494808,0.4864758291583574,48.64758291583574,0.3244229371471432,32.442293714714324,0.243158626298,24.3158626298,0.02381023261154282,2.381023261154282,0.02381023261154282,0.016667162828079972,scenario,cyp_cystitis,115.42228325175921
12.666666666667,spinal_coord,20.137551708473275,0.97287908019,0.02712091981,0.48446448271565384,48.44644827156539,0.3216596168908718,32.16596168908718,0.2432197700475,24.32197700475,0.023505169322567118,2.3505169322567117,0.023505169322567118,0.016453618525796982,scenario,cyp_cystitis,115.45478222070416
12.75,spinal_coord,19.872257680958857,0.973127121754,0.026872878246,0.48244990385721376,48.24499038572137,0.31889083122495165,31.889083122495165,0.2432817804385,24.32817804385,0.0232020346001734,2.32020346001734,0.0232020346001734,0.01624142422012138,scenario,cyp_cystitis,115.48728118964863
12.833333333333,spinal_coord,19.608872634031787,0.973377186177,0.026622813823,0.4804320403649768,48.04320403649768,0.3161169917609691,31.61169917609691,0.24334429654425,24.334429654424998,0.022900907711137643,2.290090771113764,0.022900907711137643,0.01603063539779635,scenario,cyp_cystitis,115.51978015859315
12.916666666667,spinal_coord,19.3474606565507,0.973628903262,0.026371096738,0.4784113845948055,47.84113845948055,0.3133388783724073,31.33388783724073,0.2434072258155,24.34072258155,0.022601865528890375,2.2601865528890377,0.02260186552889037,0.01582130587022326,scenario,cyp_cystitis,115.55227912753807
13.0,spinal_coord,19.088083596888502,0.97388227301,0.02611772699,0.4763886170848599,47.63886170848599,0.3105573984431466,31.05573984431466,0.2434705682525,24.34705682525,0.022304982513753645,2.2304982513753644,0.022304982513753648,0.015613487759627552,scenario,cyp_cystitis,115.58477809648258
13.083333333333,spinal_coord,18.830801057058515,0.97413729542,0.02586270458,0.4743644216287242,47.436442162872424,0.30777346369829894,30.777346369829893,0.243534323855,24.3534323855,0.022010330695691707,2.2010330695691707,0.022010330695691707,0.015407231486984195,scenario,cyp_cystitis,115.6172770654271
13.166666666667,spinal_coord,18.575670389059344,0.974393970493,0.025606029507,0.47233948468335885,47.23394846833588,0.3049879894134785,30.49879894134785,0.24359849262325,24.359849262325,0.02171797965962628,2.171797965962628,0.02171797965962628,0.015202585761738394,scenario,cyp_cystitis,115.64977603437195
13.25,spinal_coord,18.322746693374178,0.974652298228,0.025347701772,0.4703144947583888,47.03144947583888,0.3022018936018518,30.22018936018518,0.243663074557,24.3663074557,0.021427996533266706,2.1427996533266707,0.02142799653326671,0.014999597573286696,scenario,cyp_cystitis,115.6822750033165
13.333333333333,spinal_coord,18.07208281955989,0.974912278626,0.025087721374,0.4682901417954063,46.82901417954063,0.29941609618520837,29.941609618520836,0.2437280696565,24.37280696565,0.021140445977403693,2.1140445977403695,0.021140445977403693,0.014798312184182585,scenario,cyp_cystitis,115.714773972261
13.416666666667,spinal_coord,17.823729368941265,0.975173911687,0.024826088313,0.46626711653163005,46.62671165316301,0.29663151814650673,29.663151814650675,0.24379347792175,24.379347792175,0.020855390178706367,2.085539017870637,0.020855390178706367,0.014598773125094456,scenario,cyp_cystitis,115.74727294120594
13.5,spinal_coord,17.577734699340596,0.97543719741,0.02456280259,0.464246109853788,46.4246109853788,0.293849080668384,29.3849080668384,0.2438592993525,24.38592993525,0.020572888844963638,2.057288884496364,0.020572888844963638,0.014401022191474546,scenario,cyp_cystitis,115.77977191015036
13.583333333333,spinal_coord,17.334144931772798,0.975701445308,0.024298554692,0.4622274850323814,46.222748503238144,0.29106949827384193,29.10694982738419,0.243925361327,24.3925361327,0.02029299920271005,2.029299920271005,0.02029299920271005,0.014205099441897033,scenario,cyp_cystitis,115.81227087909497
13.666666666667,spinal_coord,17.093003959114462,0.975965352781,0.024034647219,0.46021132158771183,46.02113215877118,0.2882933111899491,28.82933111899491,0.24399133819525,24.399133819525,0.02001577599726488,2.001577599726488,0.020015775997264885,0.014011043198085419,scenario,cyp_cystitis,115.84476984803983
13.75,spinal_coord,16.85435345667236,0.976228889222,0.023771110778,0.45819830560220276,45.819830560220275,0.28552144439560373,28.552144439560372,0.2440572223055,24.40572223055,0.019741271495117257,1.9741271495117259,0.01974127149511726,0.013818890046582082,scenario,cyp_cystitis,115.87726881698428
13.833333333333,spinal_coord,16.618232894577453,0.976492054631,0.023507945369,0.45618913513822656,45.618913513822655,0.2827548286406354,28.27548286406354,0.24412301365775,24.412301365775,0.019469535488589467,1.9469535488589467,0.019469535488589467,0.013628674842012627,scenario,cyp_cystitis,115.90976778592879
13.916666666667,spinal_coord,16.384679552006595,0.976754849008,0.023245150992,0.454184504974894,45.418450497489395,0.279994390297192,27.9994390297192,0.244188712252,24.4188712252,0.019200615302797246,1.9200615302797246,0.01920061530279725,0.013440430711958074,scenario,cyp_cystitis,115.94226675487377
14.0,spinal_coord,16.153728533153735,0.977017272353,0.022982727647,0.45218510590920136,45.21851059092013,0.2772410504279351,27.72410504279351,0.24425431808825,24.425431808825,0.018934555804832193,1.8934555804832192,0.018934555804832193,0.013254189063382535,scenario,cyp_cystitis,115.97476572381821
14.083333333333,spinal_coord,15.925412784873572,0.977279324666,0.022720675334,0.4501916240558954,45.01916240558954,0.27449572385252724,27.449572385252726,0.2443198311665,24.43198311665,0.0186713994150918,1.8671399415091798,0.0186713994150918,0.01306997959056426,scenario,cyp_cystitis,116.00726469276277
14.166666666667,spinal_coord,15.699763115994323,0.977541005948,0.022458994052,0.4482047401485759,44.820474014857595,0.27175931821543453,27.175931821543454,0.244385251487,24.4385251487,0.01841118612076631,1.841118612076631,0.018411186120766313,0.012887830284536418,scenario,cyp_cystitis,116.03976366170761
14.25,spinal_coord,15.476808218218885,0.977802316197,0.022197683803,0.44622512884067334,44.62251288406733,0.2690327330552311,26.90327330552311,0.24445057904925,24.445057904925,0.01815395349140141,1.815395349140141,0.018153953491401406,0.012707767443980984,scenario,cyp_cystitis,116.07226263065219
14.333333333333,spinal_coord,15.25657468853495,0.978063215052,0.021936784948,0.4442534396814679,44.42534396814679,0.2663168478912905,26.63168478912905,0.244515803763,24.4515803763,0.017899736696456208,1.7899736696456208,0.017899736696456205,0.012529815687519343,scenario,cyp_cystitis,116.10476159959667
14.416666666667,spinal_coord,15.039087053126318,0.978322907119,0.021677092881,0.44228997376053075,44.22899737605307,0.26361232930770767,26.36123293077077,0.24458072677975,24.458072677975,0.01764856852485743,1.764856852485743,0.01764856852485743,0.012353997967400202,scenario,cyp_cystitis,116.13726056854156
14.5,spinal_coord,14.824367792702853,0.978581083788,0.021418916212,0.44033524979807914,44.033524979807915,0.26091997180143883,26.091997180143885,0.244645270947,24.4645270947,0.017400479406463595,1.7400479406463596,0.017400479406463595,0.012180335584524516,scenario,cyp_cystitis,116.1697595374861
14.583333333333,spinal_coord,14.612437369168479,0.97883774506,0.02116225494,0.4383899184593604,43.838991845936036,0.2582406429258138,25.82406429258138,0.244709436265,24.4709436265,0.017155497435353856,1.7155497435353855,0.017155497435353856,0.012008848204747699,scenario,cyp_cystitis,116.20225850643058
14.666666666667,spinal_coord,14.403314253615598,0.979092890936,0.020907109064,0.43645462084933495,43.6454620849335,0.2555751974871132,25.55751974871132,0.244773222734,24.477322273400002,0.01691364839493518,1.6913648394935181,0.016913648394935178,0.011839553876454623,scenario,cyp_cystitis,116.23475747537545
14.75,spinal_coord,14.197014955562757,0.979346521414,0.020653478586,0.4345299878543738,43.45299878543738,0.25292447666783174,25.292447666783175,0.2448366303535,24.483663035350002,0.016674955784777477,1.6674955784777477,0.016674955784777477,0.011672469049344233,scenario,cyp_cystitis,116.26725644432003
14.833333333333,spinal_coord,13.993554053354469,0.979598636495,0.020401363505,0.4326166395014633,43.26166395014633,0.25028930717028436,25.028930717028437,0.24489965912375,24.489965912375,0.01643944084908801,1.6439440849088012,0.01643944084908801,0.011507608594361608,scenario,cyp_cystitis,116.29975541326452
14.916666666667,spinal_coord,13.792944225708737,0.979849236178,0.020150763822,0.4307151843279961,43.07151843279961,0.24767050037799482,24.767050037799482,0.2449623090445,24.49623090445,0.016207122606812324,1.6207122606812323,0.016207122606812324,0.011344985824768625,scenario,cyp_cystitis,116.33225438220947
15.0,spinal_coord,13.595196284329264,0.980098320465,0.019901679535,0.42882621877279015,42.882621877279014,0.24506885154205355,24.506885154205353,0.24502458011625,24.502458011625,0.015978017883268712,1.5978017883268711,0.015978017883268712,0.011184612518288098,scenario,cyp_cystitis,116.36475335115395
15.083333333333,spinal_coord,13.400319207501653,0.980345889355,0.019654110645,0.42695032658030496,42.6950326580305,0.24248513898874,24.248513898874,0.24508647233875,24.508647233875,0.01575214134322511,1.5752141343225108,0.01575214134322511,0.011026498940257576,scenario,cyp_cystitis,116.39725232009846
15.166666666667,spinal_coord,13.208320174657178,0.980591787091,0.019408212909,0.42508801070827895,42.50880107082789,0.2399200852473719,23.99200852473719,0.24514794677275,24.514794677275002,0.015529505525400562,1.5529505525400562,0.015529505525400564,0.010870653867780394,scenario,cyp_cystitis,116.42975128904334
15.25,spinal_coord,13.01920460182205,0.980835570117,0.019164429883,0.42323963734927844,42.323963734927844,0.2373743264267046,23.737432642670463,0.24520889252925,24.520889252925,0.015310120878296906,1.5310120878296907,0.015310120878296906,0.010717084614807833,scenario,cyp_cystitis,116.46225025798785
15.333333333333,spinal_coord,12.832976177872734,0.981077211189,0.018922788811,0.42140574065689146,42.140574065689144,0.23484858381285525,23.484858381285527,0.24526930279725,24.526930279725,0.01509399579726818,1.5093995797268178,0.01509399579726818,0.010565797058087726,scenario,cyp_cystitis,116.49474922693234
15.416666666667,spinal_coord,12.64963690157968,0.981316710308,0.018683289692,0.4195868517305051,41.95868517305051,0.23234356553800678,23.234356553800676,0.245329177577,24.5329177577,0.014881136662806266,1.4881136662806267,0.014881136662806266,0.010416795663964386,scenario,cyp_cystitis,116.52724819587719
15.5,spinal_coord,12.469187119359093,0.981554067473,0.018445932527,0.4177834862643721,41.778348626437214,0.22985995919482946,22.985995919482946,0.24538851686825,24.538851686825,0.014671547879947884,1.4671547879947884,0.014671547879947882,0.010270083515963516,scenario,cyp_cystitis,116.55974716482174
15.583333333333,spinal_coord,12.291625563655405,0.981789282685,0.018210717315,0.4159961440904907,41.59961440904907,0.22739843122565426,22.739843122565425,0.24544732067125,24.544732067125,0.014465231918710585,1.4465231918710586,0.014465231918710585,0.010125662343097409,scenario,cyp_cystitis,116.59224613376624
15.666666666667,spinal_coord,12.116949391936163,0.982022355943,0.017977644057,0.4142253087452672,41.42253087452672,0.22495962634602293,22.495962634602293,0.24550558898575,24.550558898575,0.014262189355533566,1.4262189355533565,0.014262189355533568,0.009983532548873497,scenario,cyp_cystitis,116.62474510271122
15.75,spinal_coord,11.945154226221536,0.982253287248,0.017746712752,0.412471447067498,41.2471447067498,0.22254416700733068,22.254416700733067,0.245563321812,24.5563321812,0.014062418915629073,1.4062418915629074,0.014062418915629074,0.009843693240940352,scenario,cyp_cystitis,116.65724407165573
15.833333333333,spinal_coord,11.776234193073714,0.982482076599,0.017517923401,0.4107350088215099,41.07350088215099,0.22015265289567984,22.015265289567985,0.24562051914975,24.562051914975,0.013865917516153431,1.386591751615343,0.013865917516153431,0.0097061422613074,scenario,cyp_cystitis,116.68974304060018
15.916666666667,spinal_coord,11.610181964028126,0.982708723584,0.017291276416,0.4090164261814725,40.90164261814725,0.21778566038063005,21.778566038063005,0.245677180896,24.5677180896,0.013672680310171725,1.3672680310171725,0.013672680310171725,0.009570876217120206,scenario,cyp_cystitis,116.72224200954511
16.0,spinal_coord,11.446988796391697,0.982933017886,0.017066982114,0.4073160266079248,40.73160266079248,0.21544369618189976,21.544369618189975,0.2457332544715,24.573325447149998,0.013482700731323951,1.348270073132395,0.013482700731323951,0.009437890511926766,scenario,cyp_cystitis,116.75474097848961
16.083333333333,spinal_coord,11.286644574336826,0.983154783673,0.016845216327,0.40563413528782444,40.56341352878244,0.21312725249276593,21.312725249276593,0.24578869591825,24.578869591825,0.013295970539103813,1.3295970539103812,0.013295970539103811,0.009307179377372667,scenario,cyp_cystitis,116.78723994743406
16.166666666667,spinal_coord,11.129137850273638,0.983374020946,0.016625979054,0.403971132595162,40.397113259516196,0.210836836478216,21.083683647821598,0.2458435052365,24.584350523650002,0.013112479864723631,1.3112479864723632,0.013112479864723631,0.009178735905306542,scenario,cyp_cystitis,116.81973891637898
16.25,spinal_coord,10.974455886429423,0.983590729705,0.016409270295,0.4023273803587059,40.23273803587059,0.20857293057660786,20.857293057660787,0.24589768242625,24.589768242625002,0.01293221725747609,1.293221725747609,0.012932217257476088,0.009052552080233261,scenario,cyp_cystitis,116.85223788532355
16.333333333333,spinal_coord,10.822584696567871,0.98380490995,0.01619509005,0.4007032216707245,40.07032216707245,0.20633599224429933,20.633599224429933,0.2459512274875,24.59512274875,0.01275516973150729,1.275516973150729,0.01275516973150729,0.008928618812055103,scenario,cyp_cystitis,116.88473685426806
16.416666666667,spinal_coord,10.673509087831722,0.98401656168,0.01598343832,0.3990989807270866,39.90989807270866,0.2041264537427821,20.41264537427821,0.24600414042,24.600414042,0.012581322812974778,1.2581322812974778,0.012581322812974778,0.008806925969082344,scenario,cyp_cystitis,116.91723582321289
16.5,spinal_coord,10.527212702642048,0.984225684896,0.015774315104,0.39751496270104963,39.751496270104965,0.2019447219693995,20.194472196939948,0.246056421224,24.605642122400003,0.01241066058750523,1.2410660587505231,0.01241066058750523,0.008687462411253661,scenario,cyp_cystitis,116.94973479215743
16.583333333333,spinal_coord,10.38367806059096,0.984432279598,0.015567720402,0.3959514536464491,39.595145364644914,0.19979117832926552,19.97911783292655,0.2461080698995,24.61080698995,0.012243165747870224,1.2243165747870224,0.012243165747870223,0.008570216023509155,scenario,cyp_cystitis,116.98223376110192
16.666666666667,spinal_coord,10.242886600313069,0.984636345785,0.015363654215,0.3944087204341895,39.44087204341895,0.19766617865058597,19.766617865058596,0.24615908644625,24.615908644625,0.012078819641855105,1.2078819641855105,0.012078819641855103,0.008455173749298571,scenario,cyp_cystitis,117.01473273004682
16.75,spinal_coord,10.104818721273466,0.984837869425,0.015162130575,0.39288700512331526,39.28870051233152,0.19557005035608702,19.5570050356087,0.24620946735625,24.620946735624997,0.011917602320240042,1.1917602320240042,0.011917602320240042,0.00834232162416803,scenario,cyp_cystitis,117.0472316989914
16.833333333333,spinal_coord,9.969453825413627,0.985036712566,0.014963287434,0.39138648141041255,39.13864814104125,0.19350307102521672,19.350307102521672,0.2462591781415,24.62591781415,0.011759492584816737,1.1759492584816738,0.011759492584816737,0.008231644809371715,scenario,cyp_cystitis,117.07973066793586
16.916666666667,spinal_coord,9.836770358642628,0.985232840088,0.014767159912,0.3899073453733466,38.99073453733466,0.1914655138017955,19.14655138017955,0.246308210022,24.6308210022,0.011604468036417475,1.1604468036417475,0.011604468036417475,0.008123127625492232,scenario,cyp_cystitis,117.11222963688074
17.0,spinal_coord,9.706745852116285,0.985426251993,0.014573748007,0.3884497880080823,38.84497880080823,0.18945763334644306,18.945763334644305,0.24635656299825,24.635656299825,0.011452505122881153,1.1452505122881154,0.011452505122881155,0.008016753586016808,scenario,cyp_cystitis,117.14472860582524
17.083333333333,spinal_coord,9.57935696325052,0.985616948278,0.014383051722,0.38701398124831154,38.70139812483116,0.18747965890508209,18.74796589050821,0.2464042370695,24.64042370695,0.011303579186884929,1.130357918688493,0.011303579186884929,0.00791250543081945,scenario,cyp_cystitis,117.1772275747698
17.166666666667,spinal_coord,9.45457951645868,0.985804928946,0.014195071054,0.38560007808933366,38.56000780893336,0.18553179447044488,18.55317944704449,0.2464512322365,24.64512322365,0.011157664513620895,1.1157664513620895,0.011157664513620895,0.0078103651595346265,scenario,cyp_cystitis,117.20972654371468
17.25,spinal_coord,9.332388543560498,0.985990193995,0.014009806005,0.3842082127317288,38.420821273172876,0.18361421897730504,18.361421897730505,0.24649754849875,24.649754849875,0.011014734378248153,1.1014734378248154,0.011014734378248152,0.007710314064773706,scenario,cyp_cystitis,117.24222551265919
17.333333333333,spinal_coord,9.212758323814075,0.986172743426,0.013827256574,0.3828385007600062,38.28385007600062,0.18172708653800826,18.172708653800825,0.2465431858565,24.65431858565,0.010874761093054797,1.0874761093054797,0.010874761093054797,0.0076123327651383575,scenario,cyp_cystitis,117.27472448160376
17.416666666667,spinal_coord,9.095662423563184,0.986352577239,0.013647422761,0.3814910393434814,38.14910393434814,0.17987052671164186,17.987052671164186,0.24658814430975,24.658814430975003,0.010737716054312351,1.0737716054312352,0.01073771605431235,0.007516401238018644,scenario,cyp_cystitis,117.30722345054859
17.5,spinal_coord,8.981073735452783,0.986529695433,0.013470304567,0.3801659074645627,38.01659074645627,0.17804464480841692,17.80446448084169,0.24663242385825,24.663242385824997,0.010603569788759166,1.0603569788759166,0.010603569788759166,0.007422498852131415,scenario,cyp_cystitis,117.3397224194931
17.583333333333,spinal_coord,8.868964517169296,0.986704095738,0.013295904262,0.3788631653008879,37.88631653008879,0.17624952182185055,17.624952182185055,0.2466760239345,24.66760239345,0.010472291999653544,1.0472291999653545,0.010472291999653542,0.007330604399757479,scenario,cyp_cystitis,117.37222138843765
17.666666666667,spinal_coord,8.759306429700697,0.986875772178,0.013124227822,0.377582853967912,37.7582853967912,0.17448521456454935,17.448521456454934,0.2467189430445,24.67189430445,0.010343851612382606,1.0343851612382606,0.010343851612382606,0.007240696128667823,scenario,cyp_cystitis,117.40472035738252
17.75,spinal_coord,8.652070575074559,0.987044724438,0.012955275562,0.37632499941409225,37.63249994140922,0.1727517577394564,17.27517577394564,0.2467611811095,24.67611811095,0.01021821681956985,1.021821681956985,0.010218216819569848,0.007152751773698893,scenario,cyp_cystitis,117.43721932632698
17.833333333333,spinal_coord,8.547227533535803,0.987210952518,0.012789047482,0.3750896106720139,37.50896106720139,0.17104916339001855,17.104916339001853,0.2468027381295,24.68027381295,0.010095355125628624,1.0095355125628624,0.010095355125628624,0.007066748587940036,scenario,cyp_cystitis,117.46971829527156
17.916666666667,spinal_coord,8.444747400162024,0.987374456417,0.012625543583,0.3738766800781768,37.38766800781768,0.16937742129856911,16.93774212985691,0.24684361410425,24.684361410424998,0.0099752333907513,0.9975233390751299,0.009975233390751298,0.006982663373525908,scenario,cyp_cystitis,117.50221726421643
18.0,spinal_coord,8.3445998208798,0.987535236136,0.012464763864,0.37268618363486533,37.26861836348653,0.16773649946782043,16.773649946782044,0.246883809034,24.688380903400002,0.00985781787428361,0.9857817874283611,0.00985781787428361,0.006900472511998526,scenario,cyp_cystitis,117.53471623316095
18.083333333333,spinal_coord,8.246754027848851,0.987693291675,0.012306708325,0.3715180813875555,37.15180813875555,0.16612634462507403,16.6126344625074,0.24692332291875,24.692332291875,0.009743074277438023,0.9743074277438023,0.009743074277438025,0.006820151994206617,scenario,cyp_cystitis,117.5672152021055
18.166666666667,spinal_coord,8.151178874214828,0.987848623034,0.012151376966,0.37037231782068825,37.03723178206882,0.16454688274958437,16.454688274958436,0.2469621557585,24.69621557585,0.009630967785339749,0.9630967785339749,0.009630967785339749,0.006741677449737824,scenario,cyp_cystitis,117.59971417105031
18.25,spinal_coord,8.05784286819924,0.988001230212,0.011998769788,0.3692488222681225,36.92488222681225,0.16299801962016333,16.299801962016332,0.247000307553,24.700030755300002,0.009521463108361557,0.9521463108361556,0.009521463108361557,0.006665024175853089,scenario,cyp_cystitis,117.6322131399949
18.333333333333,spinal_coord,7.966714206498475,0.988151113211,0.011848886789,0.3681475093394958,36.81475093394958,0.16147964138232776,16.147964138232776,0.24703777830275,24.703777830275,0.009414524522707702,0.9414524522707702,0.009414524522707704,0.006590167165895392,scenario,cyp_cystitis,117.6647121089394
18.416666666667,spinal_coord,7.8777608069955,0.988298336972,0.011701663028,0.36706830347626124,36.70683034762612,0.15999162564434832,15.999162564434833,0.247074584243,24.7074584243,0.009310115910244625,0.9310115910244625,0.009310115910244625,0.006517081137171237,scenario,cyp_cystitis,117.69721107788422
18.5,spinal_coord,7.790950340757761,0.988442965332,0.011557034668,0.36601111458115115,36.60111145811511,0.15853383099753487,15.853383099753488,0.247110741333,24.711074133300002,0.009208200797541038,0.9208200797541038,0.009208200797541038,0.006445740558278726,scenario,cyp_cystitis,117.72971004682883
18.583333333333,spinal_coord,7.706250263298134,0.98858499829,0.01141500171,0.36497581533840323,36.497581533840325,0.157106087687871,15.710608768787099,0.2471462495725,24.71462495725,0.009108742394084228,0.9108742394084228,0.009108742394084228,0.0063761196758589595,scenario,cyp_cystitis,117.76220901577331
18.666666666667,spinal_coord,7.623627845105231,0.988724435848,0.011275564152,0.363962265541934,36.3962265541934,0.15570820877324537,15.570820877324538,0.247181108962,24.7181108962,0.009011703629674008,0.9011703629674008,0.009011703629674008,0.006308192540771806,scenario,cyp_cystitis,117.7947079847182
18.75,spinal_coord,7.543050201421407,0.988861278004,0.011138721996,0.36297031256923507,36.2970312569235,0.1543399907576468,15.433999075764678,0.247215319501,24.7215319501,0.00891704719096347,0.891704719096347,0.00891704719096347,0.0062419330336744286,scenario,cyp_cystitis,117.82720695366268
18.833333333333,spinal_coord,7.464484321250021,0.988995524759,0.011004475241,0.3619997918668864,36.199979186688644,0.15300121423618188,15.300121423618188,0.24724888118975,24.724888118975,0.008824735557119429,0.8824735557119429,0.008824735557119429,0.0061773148899835996,scenario,cyp_cystitis,117.85970592260723
18.916666666667,spinal_coord,7.38789709560079,0.989127176112,0.010872823888,0.36105052743711075,36.10505274371108,0.151691644545481,15.1691644545481,0.247281794028,24.7281794028,0.008734731034607885,0.8734731034607885,0.008734731034607883,0.006114311724225518,scenario,cyp_cystitis,117.89220489155213
19.0,spinal_coord,7.313255344956227,0.989256232065,0.010743767935,0.3601223323321565,36.01223323321565,0.15041103242120865,15.041103242120865,0.24731405801625,24.731405801625,0.0086469957910797,0.8646995791079699,0.0086469957910797,0.0060528970537557895,scenario,cyp_cystitis,117.92470386049668
19.083333333333,spinal_coord,7.24052584594508,0.989382692617,0.010617307383,0.3592150091475538,35.92150091475538,0.14915911465773835,14.915911465773835,0.24734567315425,24.734567315425,0.008561491888335332,0.8561491888335332,0.008561491888335333,0.005993044321834733,scenario,cyp_cystitis,117.95720282944116
19.166666666667,spinal_coord,7.169675357234084,0.989506566499,0.010493433501,0.35832835368275195,35.8328353682752,0.1479356160773359,14.79356160773359,0.24737664162475,24.737664162475,0.00847818131437758,0.8478181314377581,0.008478181314377579,0.005934726920064305,scenario,cyp_cystitis,117.98970179838605
19.25,spinal_coord,7.1006706446252705,0.989628009797,0.010371990203,0.3574622054710015,35.74622054710015,0.1467402706956686,14.674027069566861,0.24740700244925,24.740700244925,0.008397026014533222,0.8397026014533222,0.008397026014533222,0.005877918210173255,scenario,cyp_cystitis,118.02220076733059
19.333333333333,spinal_coord,7.033478505348929,0.989747080136,0.010252919864,0.35661635904728894,35.6616359047289,0.14557278535105195,14.557278535105194,0.247436770034,24.7436770034,0.008317987921628104,0.8317987921628104,0.008317987921628106,0.005822591545139674,scenario,cyp_cystitis,118.0546997362751
19.416666666667,spinal_coord,6.968065791565691,0.989863777516,0.010136222484,0.3557905795877233,35.57905795877233,0.14443284694496444,14.443284694496445,0.247465944379,24.7465944379,0.008241028985227824,0.8241028985227824,0.008241028985227824,0.005768720289659477,scenario,cyp_cystitis,118.08719870521992
19.5,spinal_coord,6.904399433069038,0.989978101938,0.010021898062,0.3549846243255667,35.49846243255667,0.14332013178808894,14.332013178808895,0.2474945254845,24.749452548449998,0.008166111199930421,0.8166111199930421,0.008166111199930421,0.005716277839951295,scenario,cyp_cystitis,118.11969767416446
19.583333333333,spinal_coord,6.84244645918207,0.990090053401,0.009909946599,0.3541982430405983,35.41982430405983,0.14223430625379777,14.223430625379777,0.24752251335025,24.752251335025,0.008093196632700708,0.8093196632700708,0.008093196632700708,0.005665237642890495,scenario,cyp_cystitis,118.15219664310897
19.666666666667,spinal_coord,6.782174019864065,0.990199631906,0.009800368094,0.35343117854695416,35.343117854695414,0.14117502742727223,14.117502742727222,0.2475499079765,24.754990797650002,0.008022247449261475,0.8022247449261475,0.008022247449261475,0.0056155732144830325,scenario,cyp_cystitis,118.18469561205382
19.75,spinal_coord,6.72354940602172,0.990306837452,0.009693162548,0.352683167173115,35.2683167173115,0.14014194374682,14.014194374682,0.247576709363,24.7576709363,0.007953225939532944,0.7953225939532944,0.007953225939532944,0.005567258157673061,scenario,cyp_cystitis,118.21719458099842
19.833333333333,spinal_coord,6.666540069022429,0.990411670039,0.009588329961,0.3519539392385354,35.195393923853544,0.13913469563838055,13.913469563838055,0.24760291750975,24.760291750975,0.00788609454211481,0.788609454211481,0.00788609454211481,0.005520266179480367,scenario,cyp_cystitis,118.24969354994283
19.916666666667,spinal_coord,6.611113639426852,0.990514129668,0.009485870332,0.35124321952274795,35.1243219522748,0.13815291614099726,13.815291614099726,0.247628532417,24.7628532417,0.007820815867828833,0.7820815867828833,0.007820815867828835,0.005474571107480184,scenario,cyp_cystitis,118.28219251888785
20.0,spinal_coord,6.557237944938965,0.990614259244,0.009385740756,0.35055074290939503,35.0550742909395,0.13719623746452667,13.719623746452667,0.247653564811,24.7653564811,0.007757352722317873,0.7757352722317873,0.007757352722317873,0.005430146905622511,scenario,cyp_cystitis,118.31469148783229
20.083333333333,spinal_coord,6.504881027574084,0.990712266013,0.009287733987,0.3498762975728035,34.987629757280345,0.13626430809273793,13.626430809273792,0.24767806650325,24.767806650325,0.00769566812769989,0.769566812769989,0.00769566812769989,0.005386967689389922,scenario,cyp_cystitis,118.34719045677683
20.166666666667,spinal_coord,6.45401116006358,0.990808177317,0.009191822683,0.3492196035264219,34.92196035264219,0.13535674559622923,13.535674559622922,0.24770204432925,24.770204432925,0.007635725343297358,0.7635725343297358,0.007635725343297358,0.00534500774030815,scenario,cyp_cystitis,118.37968942572165
20.25,spinal_coord,6.40459686149743,0.990901993154,0.009098006846,0.348580367375371,34.8580367375371,0.1344731587824947,13.44731587824947,0.2477254982885,24.77254982885,0.00757748788544182,0.7577487885441819,0.0075774878854418205,0.005304241519809274,scenario,cyp_cystitis,118.41218839466619
20.333333333333,spinal_coord,6.356606912207881,0.990993713526,0.009006286474,0.3479582924400434,34.79582924400434,0.13361315207805788,13.361315207805788,0.2477484283815,24.77484283815,0.00752091954635612,0.752091954635612,0.007520919546356121,0.005264643682449284,scenario,cyp_cystitis,118.44468736361068
20.416666666667,spinal_coord,6.310010367914096,0.991083338432,0.008916661568,0.34735307916944813,34.73530791694481,0.13277632608193085,13.277632608193086,0.247770834608,24.7770834608,0.007465984412136459,0.7465984412136459,0.007465984412136459,0.005226189088495521,scenario,cyp_cystitis,118.47718633255568
20.5,spinal_coord,6.26477657313159,0.991170867871,0.008829132129,0.3467644255475655,34.67644255475655,0.13196227810642067,13.196227810642066,0.24779271696775,24.779271696774998,0.00741264687983779,0.741264687983779,0.007412646879837789,0.005188852815886452,scenario,cyp_cystitis,118.50968530150014
20.583333333333,spinal_coord,6.220875173852074,0.991256301845,0.008743698155,0.34619202748873046,34.61920274887304,0.13117060270330724,13.117060270330724,0.24781407546125,24.781407546125,0.007360871673668184,0.7360871673668185,0.0073608716736681835,0.005152610171567728,scenario,cyp_cystitis,118.54218427044466
20.666666666667,spinal_coord,6.178276129514559,0.991339640353,0.008660359647,0.3456355792187078,34.56355792187078,0.1304008921739437,13.040089217394371,0.24783491008825,24.783491008825003,0.007310623860316048,0.7310623860316048,0.007310623860316048,0.005117436702221233,scenario,cyp_cystitis,118.57468323938953
20.75,spinal_coord,6.1369497242737365,0.991420883394,0.008579116606,0.3450947736473959,34.50947736473959,0.1296527370651945,12.96527370651945,0.2478552208485,24.78552208485,0.007261868863416623,0.7261868863416623,0.007261868863416623,0.005083308204391636,scenario,cyp_cystitis,118.60718220833408
20.833333333333,spinal_coord,6.0968665775733095,0.991500125559,0.008499874441,0.3445693356015578,34.456933560155775,0.12892573894907702,12.892573894907702,0.24787503138975,24.787503138975,0.007214572477166342,0.7214572477166342,0.007214572477166342,0.005050200734016439,scenario,cyp_cystitis,118.63968117727855
20.916666666667,spinal_coord,6.057997654045799,0.991577568085,0.008422431915,0.3440590260989831,34.405902609898305,0.12821951210364416,12.821951210364416,0.24789439202125,24.789439202125,0.007168700879109995,0.7168700879109995,0.007168700879109997,0.005018090615376997,scenario,cyp_cystitis,118.67218014622344
21.0,spinal_coord,6.020314272746736,0.991653217585,0.008346782415,0.3435635380418829,34.35635380418829,0.12753364486084384,12.753364486084385,0.24791330439625,24.791330439625,0.007124220642109823,0.7124220642109823,0.007124220642109823,0.004986954449476876,scenario,cyp_cystitis,118.70467911516796
21.083333333333,spinal_coord,5.9837881157325965,0.991727074059,0.008272925941,0.34308256210926963,34.30825621092696,0.12686772479269287,12.686772479269287,0.24793176851475,24.793176851475,0.007081098745507373,0.7081098745507373,0.007081098745507374,0.004956769121855161,scenario,cyp_cystitis,118.73717808411251
21.166666666667,spinal_coord,5.948391236004444,0.991799137507,0.008200862493,0.3426157893688977,34.26157893688977,0.12622133998953022,12.622133998953021,0.24794978437675,24.794978437675,0.007039302585503945,0.7039302585503945,0.007039302585503945,0.004927511809852761,scenario,cyp_cystitis,118.76967705305734
21.25,spinal_coord,5.914096064826724,0.991869407929,0.008130592071,0.3421629115748863,34.216291157488634,0.12559407945684842,12.559407945684843,0.24796735198225,24.796735198225,0.006998799984770845,0.6998799984770845,0.0069987999847708465,0.004899159989339592,scenario,cyp_cystitis,118.80217602200189
21.333333333333,spinal_coord,5.880875418431942,0.991937885324,0.008062114676,0.34172362145246327,34.172362145246325,0.12498553349528432,12.498553349528432,0.247984471331,24.798447133099998,0.006959559201302181,0.6959559201302181,0.006959559201302182,0.004871691440911527,scenario,cyp_cystitis,118.83467499094637
21.416666666667,spinal_coord,5.8487025041333744,0.992004569693,0.007995430307,0.34129761297165784,34.129761297165786,0.12439529406454375,12.439529406454374,0.24800114242325,24.800114242325,0.00692154893653651,0.692154893653651,0.006921548936536511,0.004845084255575558,scenario,cyp_cystitis,118.86717395989126
21.5,spinal_coord,5.817550925856456,0.992069461036,0.007930538964,0.34088458160647034,34.088458160647036,0.12382295512996046,12.382295512996047,0.248017365259,24.8017365259,0.006884738342760201,0.68847383427602,0.006884738342760201,0.00481931683993214,scenario,cyp_cystitis,118.8996729288358
21.583333333333,spinal_coord,5.787394689100677,0.992132559453,0.007867440547,0.3404842246173014,34.04842246173014,0.12326811300540184,12.326811300540184,0.24803313986325,24.803313986325,0.006849097029806762,0.6849097029806762,0.006849097029806763,0.004794367920864734,scenario,cyp_cystitis,118.9321718977803
21.666666666667,spinal_coord,5.758208205354036,0.992194023077,0.007805976923,0.3400962954212571,34.00962954212571,0.1227303862026761,12.27303862026761,0.24804850576925,24.804850576925,0.006814595071078576,0.6814595071078576,0.006814595071078575,0.004770216549755002,scenario,cyp_cystitis,118.96467086672527
21.75,spinal_coord,5.729966295971669,0.99225399487,0.00774600513,0.339720544199579,33.9720544199579,0.12220939397610533,12.220939397610534,0.2480634987175,24.80634987175,0.006781203008905157,0.6781203008905158,0.006781203008905158,0.004746842106233611,scenario,cyp_cystitis,118.99716983566975
21.833333333333,spinal_coord,5.7026441955311995,0.992312474831,0.007687525169,0.33935667445497636,33.935667445497636,0.1217047409963018,12.17047409963018,0.24807811870775,24.807811870775,0.006748891859253274,0.6748891859253274,0.006748891859253274,0.004724224301477292,scenario,cyp_cystitis,119.02966880461427
21.916666666667,spinal_coord,5.6762175546866445,0.99236946296,0.00763053704,0.3390043923338548,33.900439233385484,0.12121603545847309,12.121603545847309,0.24809236574,24.809236574,0.006717633115815208,0.6717633115815208,0.006717633115815207,0.004702343181070645,scenario,cyp_cystitis,119.06216777355912
22.0,spinal_coord,5.650662442533102,0.992424959257,0.007575040743,0.3386634068126778,33.86634068126778,0.1207428893312371,12.074288933123709,0.24810623981425,24.810623981425,0.006687398753490201,0.66873987534902,0.0066873987534902014,0.004681179127443141,scenario,cyp_cystitis,119.09466674250362
22.083333333333,spinal_coord,5.625955348495276,0.992478963723,0.007521036277,0.33833342987344395,33.833342987344395,0.12028491859025862,12.028491859025863,0.24811974093075,24.811974093075,0.006658161231275076,0.6658161231275076,0.006658161231275075,0.004660712861892552,scenario,cyp_cystitis,119.12716571144816
22.166666666667,spinal_coord,5.602073183761232,0.992531476357,0.007468523643,0.3380141766665221,33.80141766665221,0.11984174343636286,11.984174343636287,0.24813286908925,24.813286908925,0.006629893494589938,0.6629893494589938,0.006629893494589937,0.004640925446212956,scenario,cyp_cystitis,119.15966468039308
22.25,spinal_coord,5.578993282273968,0.992582497159,0.007417502841,0.3377053656644379,33.77053656644379,0.11941298849958382,11.941298849958383,0.24814562428975,24.814562428975,0.00660256897705452,0.660256897705452,0.00660256897705452,0.004621798283938164,scenario,cyp_cystitis,119.1921636493376
22.333333333333,spinal_coord,5.556693401294146,0.99263202613,0.00736797387,0.33740671880374273,33.74067188037427,0.11899828302832362,11.899828302832361,0.2481580065325,24.81580065325,0.006576161601731537,0.6576161601731536,0.0065761616017315375,0.004603313121212076,scenario,cyp_cystitis,119.22466261828208
22.416666666667,spinal_coord,5.535151721554708,0.992680072843,0.007319927157,0.337117964866665,33.7117964866665,0.1185972622078867,11.859726220788671,0.24817001821075,24.817001821075,0.00655064578186234,0.6550645781862341,0.00655064578186234,0.004585452047303638,scenario,cyp_cystitis,119.25716158722697
22.5,spinal_coord,5.5143468470201755,0.992726832773,0.007273167227,0.33683889941780487,33.683889941780485,0.11820958829940648,11.820958829940647,0.24818170819325,24.818170819325,0.006525996421110605,0.6525996421110605,0.006525996421110605,0.004568197494777423,scenario,cyp_cystitis,119.2896605561715
22.583333333333,spinal_coord,5.4942578042639445,0.992772383091,0.007227616909,0.33656928151724147,33.656928151724145,0.11783491432598862,11.783491432598863,0.24819309577275,24.819309577275,0.006502188913330569,0.6502188913330569,0.006502188913330568,0.004551532239331397,scenario,cyp_cystitis,119.32215952511599
22.666666666667,spinal_coord,5.4748640414835945,0.992816723797,0.007183276203,0.3363088479381451,33.63088479381451,0.11747288931852677,11.747288931852678,0.24820418094925,24.820418094925,0.006479199141884177,0.6479199141884177,0.006479199141884177,0.004535439399318924,scenario,cyp_cystitis,119.35465849406089
22.75,spinal_coord,5.45614542716691,0.992859854892,0.007140145108,0.33605733948924077,33.605733948924076,0.11712316768832104,11.712316768832103,0.248214963723,24.8214963723,0.006457003478522901,0.6457003478522901,0.006457003478522903,0.004519902434966032,scenario,cyp_cystitis,119.38715746300535
22.833333333333,spinal_coord,5.4380822484217965,0.992901776374,0.007098223626,0.3358145010950676,33.58145010950676,0.11678540933542346,11.678540933542346,0.2482254440935,24.82254440935,0.006435578781850524,0.6435578781850524,0.006435578781850524,0.004504905147295367,scenario,cyp_cystitis,119.4196564319499
22.916666666667,spinal_coord,5.420655208989209,0.992942488244,0.007057511756,0.3355800818707535,33.55800818707535,0.11645927974633803,11.645927974633803,0.248235622061,24.8235622061,0.006414902395390246,0.6414902395390246,0.006414902395390245,0.004490431676773171,scenario,cyp_cystitis,119.4521554008948
23.0,spinal_coord,5.4038454269515475,0.992981990502,0.007018009498,0.33535383518480155,33.53538351848015,0.11614445007906873,11.614445007906873,0.2482454976255,24.82454976255,0.006394952145271561,0.6394952145271561,0.006394952145271561,0.004476466501690092,scenario,cyp_cystitis,119.48465436983936
23.083333333333,spinal_coord,5.387634432149399,0.993020283149,0.006979716851,0.3351355187155838,33.51355187155838,0.11584059723777836,11.584059723777836,0.24825507078725,24.825507078725,0.006375706337552871,0.6375706337552871,0.006375706337552871,0.00446299443628701,scenario,cyp_cystitis,119.51715333878388
23.166666666667,spinal_coord,5.372004163324724,0.993057366183,0.006942633817,0.33492489449784324,33.49248944978432,0.11554740393612435,11.554740393612436,0.24826434154575,24.826434154575,0.006357143755201926,0.6357143755201926,0.006357143755201927,0.004450000628641349,scenario,cyp_cystitis,119.54965230772873
23.25,spinal_coord,5.3569369650025775,0.993093267996,0.006906732004,0.3347217385340596,33.47217385340596,0.11526456204674615,11.526456204674615,0.248273316999,24.8273316999,0.006339243654749153,0.6339243654749153,0.006339243654749154,0.004437470558324407,scenario,cyp_cystitis,119.58215127667326
23.333333333333,spinal_coord,5.342415584123766,0.993128177718,0.006871822282,0.3345258853763578,33.45258853763578,0.11499178792914372,11.499178792914371,0.2482820444295,24.82820444295,0.006321985762629185,0.6321985762629185,0.006321985762629186,0.00442539003384043,scenario,cyp_cystitis,119.6146502456178
23.416666666667,spinal_coord,5.328423166445452,0.993162130225,0.006837869775,0.3343371219537319,33.43371219537319,0.11472878586330923,11.472878586330923,0.24829053255625,24.829053255625,0.006305350271231446,0.6305350271231446,0.0063053502712314465,0.0044137451898620126,scenario,cyp_cystitis,119.6471492145627
23.5,spinal_coord,5.314943252721308,0.993195125516,0.006804874484,0.3341552279182633,33.41552279182633,0.11447526205235106,11.447526205235107,0.248298781379,24.8298781379,0.006289317834674186,0.6289317834674185,0.006289317834674186,0.00440252248427193,scenario,cyp_cystitis,119.67964818350715
23.583333333333,spinal_coord,5.301959774673021,0.993227163592,0.006772836408,0.33397998742051277,33.39799874205128,0.1142309286966837,11.42309286966837,0.248306790898,24.8306790898,0.006273869564316543,0.6273869564316543,0.006273869564316543,0.00439170869502158,scenario,cyp_cystitis,119.71214715245166
23.666666666667,spinal_coord,5.289457050769009,0.993258244453,0.006741755547,0.3338111891142514,33.38111891142514,0.11399550400133517,11.399550400133517,0.24831456111325,24.831456111325,0.006258987024028127,0.6258987024028128,0.0062589870240281256,0.004381290916819687,scenario,cyp_cystitis,119.74464612139661
23.75,spinal_coord,5.277419781821376,0.993288368098,0.006711631902,0.33364862615633484,33.364862615633484,0.11376871217577979,11.376871217577978,0.2483220920245,24.832209202450002,0.006244652225229741,0.6244652225229741,0.006244652225229741,0.004371256557660818,scenario,cyp_cystitis,119.77714509034108
23.833333333333,spinal_coord,5.265833046412166,0.993317534527,0.006682465473,0.3334920962016544,33.34920962016544,0.11355028342653915,11.355028342653915,0.24832938363175,24.832938363175,0.0062308476217189535,0.6230847621718953,0.0062308476217189535,0.0043615933352032675,scenario,cyp_cystitis,119.8096440592856
23.916666666667,spinal_coord,5.254682296163679,0.993345743741,0.006654256259,0.3333414013921432,33.33414013921432,0.11333995394252419,11.333995394252419,0.24833643593525,24.833643593525,0.006217556104298621,0.621755610429862,0.006217556104298621,0.004352289273009034,scenario,cyp_cystitis,119.84214302823045
24.0,spinal_coord,5.243953350863091,0.99337299574,0.00662700426,0.3331963483401004,33.319634834010046,0.11313746587346724,11.313746587346724,0.248343248935,24.8343248935,0.0062047609952210385,0.6204760995221038,0.0062047609952210385,0.004343332696654727,scenario,cyp_cystitis,119.874641997175
0.0,ganglia,11.656835765612096,0.946112943067,0.053887056933,0.28676037672030874,28.676037672030873,0.21349898045956525,21.349898045956525,0.09461129430670001,9.46112943067,0.02278250491253005,2.278250491253005,0.02278250491253005,0.028478131140662562,scenario,cyp_cystitis,0.001
0.083333333333,ganglia,11.796638323404085,0.946358590959,0.053641409041,0.28194376698139617,28.194376698139617,0.2081198976505513,20.81198976505513,0.0946358590959,9.46358590959,0.018144308247984797,1.8144308247984797,0.018144308247984794,0.022680385309980993,scenario,cyp_cystitis,276.7195445613833
0.166666666667,ganglia,11.945120209704273,0.946933503508,0.053066496492,0.27767464997189134,27.767464997189133,0.2033125551345459,20.33125551345459,0.09469335035080001,9.46933503508,0.015146016192007708,1.5146016192007707,0.015146016192007708,0.018932520240009635,scenario,cyp_cystitis,553.4380891260871
0.25,ganglia,12.10247502746497,0.947733124987,0.052266875013,0.27387616713113844,27.387616713113843,0.1990031718138205,19.90031718138205,0.09477331249870001,9.477331249870002,0.01305298290642996,1.305298290642996,0.01305298290642996,0.01631622863303745,scenario,cyp_cystitis,830.1566336874705
0.333333333333,ganglia,12.268864414419467,0.948676809681,0.051323190319,0.270485686079461,27.0485686079461,0.19513111679040107,19.513111679040108,0.0948676809681,9.48676809681,0.011512423870268186,1.1512423870268187,0.011512423870268185,0.014390529837835231,scenario,cyp_cystitis,1106.8751782488532
0.416666666667,ganglia,12.44441425079423,0.9497113818,0.0502886182,0.2674540699321361,26.74540699321361,0.1916477019468179,19.16477019468179,0.09497113818000001,9.497113818,0.010333821388076066,1.0333821388076065,0.010333821388076066,0.012917276735095082,scenario,cyp_cystitis,1383.593722813557
0.5,ganglia,12.62921088141795,0.9508002369,0.0491997631,0.264741205016606,26.474120501660597,0.18851242369622884,18.851242369622884,0.09508002369000002,9.508002369000002,0.009405234375322036,0.9405234375322036,0.009405234375322036,0.011756542969152545,scenario,cyp_cystitis,1660.3122673749403
0.583333333333,ganglia,12.82329739423903,0.951929934143,0.048070065857,0.26231683484951757,26.231683484951756,0.1856931571502417,18.56931571502417,0.0951929934143,9.519299341430001,0.008656560019077475,0.8656560019077475,0.008656560019077475,0.010820700023846844,scenario,cyp_cystitis,1937.030811936324
0.666666666667,ganglia,13.026669999823143,0.953077354455,0.046922645545,0.2601507231336109,26.015072313361088,0.18315887520901208,18.315887520901207,0.0953077354455,9.53077354455,0.008041644025973129,0.8041644025973129,0.008041644025973129,0.01005205503246641,scenario,cyp_cystitis,2213.7493565010286
0.75,ganglia,13.239274558639224,0.95423372919,0.04576627081,0.25821885379710224,25.821885379710224,0.1808838676423358,18.08838676423358,0.09542337291900001,9.542337291900001,0.007528846256935642,0.7528846256935642,0.007528846256935642,0.009411057821169553,scenario,cyp_cystitis,2490.4679010624113
0.833333333333,ganglia,13.46100330462692,0.955387281733,0.044612718267,0.25649824970385515,25.649824970385517,0.1788439128117279,17.88439128117279,0.0955387281733,9.55387281733,0.007095739868323666,0.7095739868323666,0.007095739868323666,0.008869674835404582,scenario,cyp_cystitis,2767.1864456237954
0.916666666667,ganglia,13.69169181457557,0.956525676396,0.043474323604,0.2549673773971751,25.496737739717513,0.1770164552861946,17.701645528619462,0.0956525676396,9.56525676396,0.00672597495310157,0.672597495310157,0.00672597495310157,0.008407468691376962,scenario,cyp_cystitis,3043.9049901885
1.0,ganglia,13.931116273382507,0.957630173563,0.042369826437,0.253604367644848,25.3604367644848,0.17537927809838666,17.537927809838667,0.0957630173563,9.57630173563,0.0064073413224222915,0.6407341322422292,0.0064073413224222915,0.008009176653027864,scenario,cyp_cystitis,3320.623534749882
1.083333333333,ganglia,14.178991085056683,0.958715680859,0.041284319141,0.2572433565558821,25.72433565558821,0.179301987188869,17.9301987188869,0.09587156808590001,9.58715680859,0.006635578435256591,0.663557843525659,0.006635578435256591,0.008294473044070739,scenario,cyp_cystitis,3245.268265609564
1.166666666667,ganglia,14.434966878317999,0.959740391726,0.040259608274,0.26097092750900636,26.097092750900636,0.18332987592934039,18.33298759293404,0.0959740391726,9.59740391726,0.006875786206716128,0.6875786206716128,0.006875786206716129,0.00859473275839516,scenario,cyp_cystitis,3169.912996468337
1.25,ganglia,14.698628954013888,0.960697960798,0.039302039202,0.26478099956961754,26.478099956961753,0.1874568927664639,18.74568927664639,0.0960697960798,9.60697960798,0.0071284138680638735,0.7128413868063873,0.0071284138680638735,0.008910517335079842,scenario,cyp_cystitis,3094.5577273280182
1.333333333333,ganglia,14.969496219094417,0.961590669638,0.038409330362,0.2686691096320647,26.866910963206468,0.19167782518696075,19.167782518696075,0.0961590669638,9.61590669638,0.007393911228653433,0.7393911228653434,0.0073939112286534325,0.00924238903581679,scenario,cyp_cystitis,3019.202458187702
1.416666666667,ganglia,15.247020648517363,0.962419208366,0.037580791634,0.2726296900920971,27.26296900920971,0.19598641028388566,19.598641028388567,0.0962419208366,9.62419208366,0.007672728517676638,0.7672728517676638,0.007672728517676637,0.009590910647095796,scenario,cyp_cystitis,2943.847189046478
1.5,ganglia,15.530587312457335,0.963185337384,0.036814662616,0.27665682247344997,27.665682247344996,0.20037587637227774,20.037587637227773,0.0963185337384,9.63185337384,0.007965316504723681,0.7965316504723682,0.007965316504723681,0.009956645630904601,scenario,cyp_cystitis,2868.491919906159
1.583333333333,ganglia,15.819515001344072,0.963890101507,0.036109898493,0.28074376555207714,28.074376555207714,0.20483861711264129,20.48386171126413,0.0963890101507,9.638901015070001,0.008272126954208932,0.8272126954208932,0.008272126954208932,0.010340158692761165,scenario,cyp_cystitis,2793.136650765839
1.666666666667,ganglia,16.11305747556327,0.964534560131,0.035465439869,0.2848831910637378,28.488319106373776,0.2093663722784864,20.93663722784864,0.09645345601310001,9.645345601310002,0.008593613474253928,0.8593613474253927,0.008593613474253928,0.01074201684281741,scenario,cyp_cystitis,2717.781381624616
1.75,ganglia,16.41040536044475,0.965121182392,0.034878817608,0.28906764288491194,28.906764288491193,0.21395058293967995,21.395058293967995,0.0965121182392,9.65121182392,0.008930232826986887,0.8930232826986887,0.008930232826986888,0.011162791033733611,scenario,cyp_cystitis,2642.4261124842956
1.833333333333,ganglia,16.710688700235174,0.965651733746,0.034348266254,0.29328897212458677,29.328897212458678,0.2185819986110964,21.85819986110964,0.09656517337460001,9.65651733746,0.009282446774335776,0.9282446774335775,0.009282446774335776,0.01160305846791972,scenario,cyp_cystitis,2567.0708433439772
1.916666666667,ganglia,17.01298017716557,0.966127975394,0.033872024606,0.29753859117343384,29.753859117343385,0.2232508818155932,22.32508818155932,0.0966127975394,9.66127975394,0.009650724541441917,0.9650724541441916,0.009650724541441917,0.012063405676802396,scenario,cyp_cystitis,2491.7155742027535
2.0,ganglia,17.31629899386088,0.966551668534,0.033448331466,0.3018075329884209,30.180753298842088,0.22794707348335655,22.794707348335656,0.0966551668534,9.66551668534,0.010035545989419968,1.0035545989419967,0.010035545989419968,0.01254443248677496,scenario,cyp_cystitis,2416.360305062434
2.083333333333,ganglia,17.619615409020476,0.966924574365,0.033075425635,0.30535079183926483,30.535079183926484,0.23184259378084984,23.184259378084985,0.09669245743650001,9.669245743650002,0.010319035699746435,1.0319035699746435,0.010319035699746435,0.012898794624683043,scenario,cyp_cystitis,2379.73401313603
2.166666666667,ganglia,17.92185590763087,0.967248454086,0.032751545914,0.30886589269512676,30.886589269512676,0.23571227476280748,23.571227476280747,0.0967248454086,9.672484540860001,0.010607939334356917,1.0607939334356917,0.010607939334356917,0.013259924167946146,scenario,cyp_cystitis,2343.1077212091886
2.25,ganglia,18.221908978378078,0.967525069556,0.032474930444,0.31234316110429394,31.234316110429393,0.23954517127632657,23.954517127632656,0.0967525069556,9.67525069556,0.010901774721660332,1.0901774721660331,0.010901774721660332,0.013627218402075415,scenario,cyp_cystitis,2306.481429282786
2.333333333333,ganglia,18.518631462245693,0.967757094772,0.032242905228,0.31577319076022525,31.577319076022526,0.24333053475891692,24.333053475891692,0.0967757094772,9.67757094772,0.011200020575615215,1.1200020575615215,0.011200020575615215,0.014000025719519018,scenario,cyp_cystitis,2269.8551373563832
2.416666666667,ganglia,18.810855427653223,0.96794738234,0.03205261766,0.3191466810110073,31.91466810110073,0.24705771419667474,24.705771419667474,0.096794738234,9.6794738234,0.011502118549261562,1.1502118549261562,0.011502118549261562,0.014377648186576952,scenario,cyp_cystitis,2233.2288454295413
2.5,ganglia,19.097395519345884,0.968098096005,0.031901903995,0.32245421269902763,32.245421269902764,0.2507160034428084,25.071600344280842,0.09680980960050001,9.68098096005,0.011807475699563984,1.1807475699563985,0.011807475699563986,0.014759344624454983,scenario,cyp_cystitis,2196.6025535031386
2.583333333333,ganglia,19.377056720433863,0.968211399512,0.031788600488,0.3256865278519745,32.56865278519745,0.25429487544530494,25.429487544530495,0.09682113995120001,9.682113995120002,0.012115467356530308,1.2115467356530307,0.012115467356530307,0.015144334195662884,scenario,cyp_cystitis,2159.976261576736
2.666666666667,ganglia,19.64864245964744,0.968289456606,0.031710543394,0.3288345866172126,32.88345866172126,0.25778404550734735,25.778404550734734,0.0968289456606,9.68289456606,0.012425440384640014,1.2425440384640014,0.012425440384640015,0.01553180048080002,scenario,cyp_cystitis,2123.3499696498952
2.75,ganglia,19.91096298944101,0.968334431033,0.031665568967,0.3318896209291907,33.18896209291907,0.2611735309176563,26.117353091765633,0.0968334431033,9.68334431033,0.012736716819906907,1.2736716819906906,0.012736716819906907,0.015920896024883634,scenario,cyp_cystitis,2086.723677723492
2.833333333333,ganglia,20.16284395487763,0.968348486538,0.031651513462,0.334843184521993,33.484318452199304,0.26445370652021444,26.445370652021445,0.0968348486538,9.68348486538,0.013048597861193847,1.3048597861193847,0.013048597861193847,0.01631074732649231,scenario,cyp_cystitis,2050.09738579709
2.916666666667,ganglia,20.40313506839496,0.968333762138,0.031666237862,0.33768719037372996,33.768719037372996,0.26761534906658885,26.761534906658884,0.0968333762138,9.68333762138,0.013360368189762054,1.3360368189762055,0.013360368189762052,0.016700460237202567,scenario,cyp_cystitis,2013.4710938702474
3.0,ganglia,20.630718801955,0.968290334014,0.031709665986,0.3404132357618088,34.04132357618088,0.2706491137337875,27.064911373378752,0.0968290334014,9.682903340140001,0.0136713005868517,1.36713005868517,0.013671300586851702,0.017089125733564626,scenario,cyp_cystitis,1976.8448019438445
3.083333333333,ganglia,20.844519005524162,0.968218471762,0.031781528238,0.343013411327701,34.301341132770105,0.27354618239055667,27.354618239055668,0.09682184717620002,9.682184717620002,0.013980660815125315,1.3980660815125314,0.013980660815125317,0.017475826018906647,scenario,cyp_cystitis,1940.2185100174418
3.166666666667,ganglia,21.043509359420973,0.968119549993,0.031880450007,0.3454806649402615,34.548066494026145,0.2762985666010683,27.629856660106828,0.09681195499930001,9.68119549993,0.014287712726124155,1.4287712726124155,0.014287712726124157,0.017859640907655197,scenario,cyp_cystitis,1903.5922180905993
3.25,ganglia,21.2267215680805,0.967994943315,0.032005056685,0.347808450061181,34.7808450061181,0.2788988396996456,27.889883969964558,0.09679949433150001,9.67994943315,0.014591723552857894,1.4591723552857894,0.014591723552857892,0.018239654441072367,scenario,cyp_cystitis,1866.9659261641973
3.333333333333,ganglia,21.393253203996338,0.967846026339,0.032153973661,0.3499907521892977,34.99907521892977,0.2813401661726641,28.13401661726641,0.0967846026339,9.67846026339,0.014891969344017606,1.4891969344017606,0.014891969344017604,0.018614961680022003,scenario,cyp_cystitis,1830.3396342377944
3.416666666667,ganglia,21.542275113065536,0.967674173674,0.032325826326,0.35202211143134005,35.20221114313401,0.28361632673771114,28.361632673771116,0.09676741736740001,9.67674173674,0.015187740494124,1.5187740494124,0.015187740494123999,0.018984675617655,scenario,cyp_cystitis,1793.7133423109517
3.5,ganglia,21.673038296443224,0.967480759931,0.032519240069,0.353897641406008,35.389764140600796,0.2857217393476755,28.572173934767548,0.09674807599310001,9.67480759931,0.015478347322533906,1.5478347322533905,0.015478347322533904,0.01934793415316738,scenario,cyp_cystitis,1757.0870503845497
3.583333333333,ganglia,21.784880189061457,0.967267215407,0.032732784593,0.35561306518069913,35.56130651806991,0.28765149293333236,28.765149293333238,0.0967267215407,9.67267215407,0.015763125653354554,1.5763125653354555,0.01576312565335455,0.01970390706669319,scenario,cyp_cystitis,1720.4607584581477
3.666666666667,ganglia,21.877230261174674,0.967036577209,0.032963422791,0.35716530091407384,35.716530091407385,0.28940182577019313,28.940182577019314,0.0967036577209,9.670365772090001,0.01604144234799083,1.604144234799083,0.016041442347990827,0.02005180293498853,scenario,cyp_cystitis,1683.8344665313043
3.75,ganglia,21.94961487670749,0.966791410922,0.033208589078,0.3585517126086513,35.855171260865134,0.2909695239071681,29.09695239071681,0.09667914109220001,9.667914109220002,0.016312700742571275,1.6312700742571276,0.01631270074257127,0.020390875928214088,scenario,cyp_cystitis,1647.2081746049025
3.833333333333,ganglia,22.001661350531073,0.96653365347,0.03346634653,0.35977005231473436,35.977005231473434,0.29235187440859367,29.235187440859367,0.096653365347,9.6653365347,0.0165763459435729,1.6576345943572899,0.016576345943572896,0.02072043242946612,scenario,cyp_cystitis,1610.5818826785005
3.916666666667,ganglia,22.033101156021594,0.966265241778,0.033734758222,0.36081869336628336,36.08186933662834,0.2935468546538704,29.354685465387043,0.0966265241778,9.66265241778,0.01683186993660407,1.6831869936604071,0.01683186993660407,0.02103983742075509,scenario,cyp_cystitis,1573.955590751657
4.0,ganglia,22.043772244291013,0.965988112771,0.034011887229,0.3616966314930562,36.16966314930562,0.29455313357328466,29.455313357328468,0.09659881127710002,9.659881127710001,0.017078816465761343,1.7078816465761344,0.01707881646576134,0.021348520582201675,scenario,cyp_cystitis,1537.329298825255
4.083333333333,ganglia,22.033620447061974,0.965704203372,0.034295796628,0.3618983056381432,36.18983056381432,0.2948087614454924,29.48087614454924,0.09657042033720001,9.657042033720002,0.01717790611152961,1.717790611152961,0.017177906111529608,0.02147238263941201,scenario,cyp_cystitis,1521.2769057097823
4.166666666667,ganglia,22.00269994618764,0.965415450508,0.034584549492,0.3619250448021947,36.19250448021947,0.29487055527932743,29.487055527932743,0.09654154505080001,9.654154505080001,0.017262232675377995,1.7262232675377995,0.017262232675377995,0.021577790844222493,scenario,cyp_cystitis,1505.2245125941154
4.25,ganglia,21.95117280413198,0.965123908795,0.034876091205,0.36177825428034105,36.177825428034105,0.29473984822315674,29.473984822315675,0.0965123908795,9.65123908795,0.017331644297617493,1.7331644297617492,0.017331644297617493,0.021664555372021867,scenario,cyp_cystitis,1489.1721194786421
4.333333333333,ganglia,21.87930756109512,0.964833346179,0.035166653821,0.3614605864416935,36.14605864416935,0.29441916869310386,29.441916869310386,0.0964833346179,9.64833346179,0.017386066859459596,1.7386066859459597,0.017386066859459596,0.021732583574324494,scenario,cyp_cystitis,1473.119726363169
4.416666666667,ganglia,21.787476915782673,0.964546767154,0.035453232846,0.36097500278197714,36.097500278197714,0.2939114734073079,29.39114734073079,0.0964546767154,9.64546767154,0.017425504662029866,1.7425504662029867,0.01742550466202987,0.021781880827537337,scenario,cyp_cystitis,1457.0673332475035
4.5,ganglia,21.676154517847422,0.964266680985,0.035733319015,0.3603248643120437,36.03248643120437,0.2932202180150485,29.32202180150485,0.0964266680985,9.64266680985,0.017450040468138552,1.7450040468138552,0.017450040468138552,0.02181255058517319,scenario,cyp_cystitis,1441.0149401320298
4.583333333333,ganglia,21.545910910613188,0.963995596938,0.036004403062,0.3595141060685877,35.95141060685877,0.29234949597198634,29.234949597198636,0.0963995596938,9.63995596938,0.0174598349069265,1.74598349069265,0.017459834906926503,0.021824793633658128,scenario,cyp_cystitis,1424.9625470165565
4.666666666667,ganglia,21.39740867272712,0.963736024277,0.036263975723,0.35854722452744414,35.85472245274441,0.29130402455527127,29.130402455527125,0.0963736024277,9.63736024277,0.01745512524849151,1.745512524849151,0.01745512524849151,0.021818906560614387,scenario,cyp_cystitis,1408.9101539008911
4.75,ganglia,21.23139681661444,0.963490472267,0.036509527733,0.3574292634725624,35.74292634725624,0.2900891291620693,29.00891291620693,0.09634904722670001,9.63490472267,0.01743622356251393,1.7436223562513928,0.01743622356251393,0.02179527945314241,scenario,cyp_cystitis,1392.8577607854168
4.833333333333,ganglia,21.048704509959766,0.963261450174,0.036738549826,0.356165798183047,35.6165798183047,0.28871072573960777,28.871072573960777,0.0963261450174,9.632614501740001,0.017403514281598184,1.7403514281598185,0.017403514281598184,0.02175439285199773,scenario,cyp_cystitis,1376.8053676699433
4.916666666667,ganglia,20.850234193852625,0.963050830702,0.036949169298,0.35476268329178196,35.4762683291782,0.2871751113573133,28.71751113573133,0.09630508307020001,9.630508307020001,0.017357451196490167,1.7357451196490168,0.01735745119649017,0.021696813995612713,scenario,cyp_cystitis,1360.752974554278
5.0,ganglia,20.6369541774427,0.962855026575,0.037144973425,0.35322426850530986,35.32242685053099,0.2854875176086776,28.54875176086776,0.09628550265750001,9.62855026575,0.017298553916414366,1.7298553916414365,0.01729855391641437,0.02162319239551796,scenario,cyp_cystitis,1344.700581438804
5.083333333333,ganglia,20.40989079399801,0.962673576083,0.037326423917,0.3515565584104872,35.15565584104872,0.2836546675579858,28.36546675579858,0.0962673576083,9.62673576083,0.01722740383341144,1.7227403833411439,0.01722740383341144,0.0215342547917643,scenario,cyp_cystitis,1328.6481883233314
5.166666666667,ganglia,20.17012020714065,0.962507180267,0.037492819733,0.3497664550442019,34.97664550442019,0.28168415224166876,28.168415224166875,0.0962507180267,9.62507180267,0.017144639634718444,1.7144639634718444,0.017144639634718444,0.021430799543398056,scenario,cyp_cystitis,1312.5957952076647
5.25,ganglia,19.918759958499223,0.962356540164,0.037643459836,0.3478613029823191,34.78613029823191,0.27958405440657674,27.958405440657675,0.0962356540164,9.62356540164,0.017050952411792445,1.7050952411792446,0.01705095241179244,0.021313690514740552,scenario,cyp_cystitis,1296.5434020921916
5.333333333333,ganglia,19.656960349228978,0.962222356816,0.037777643184,0.34584886138163956,34.58488613816396,0.2773629174444884,27.736291744448838,0.0962222356816,9.62222356816,0.016947080418508623,1.6947080418508624,0.016947080418508627,0.021183850523135782,scenario,cyp_cystitis,1280.4910089767184
5.416666666667,ganglia,19.385895747862204,0.962105331261,0.037894668739,0.34373727291056183,34.373727291056184,0.27502971087162426,27.502971087162425,0.0962105331261,9.62105331261,0.016833803534354427,1.6833803534354426,0.016833803534354427,0.021042254417943034,scenario,cyp_cystitis,1264.4386158610525
5.5,ganglia,19.10675591554243,0.96200616454,0.03799383546,0.34153502949894476,34.153502949894474,0.27259379227216085,27.259379227216087,0.096200616454,9.6200616454,0.01671193749095734,1.671193749095734,0.016711937490957337,0.020889921863696672,scenario,cyp_cystitis,1248.3862227455795
5.583333333333,ganglia,18.820737437140103,0.961925141742,0.038074858258,0.3392507881721486,33.92507881721486,0.27006474888660953,27.006474888660954,0.0961925141742,9.61925141742,0.016582327922064613,1.6582327922064612,0.016582327922064613,0.020727909902580766,scenario,cyp_cystitis,1232.333829630106
5.666666666667,ganglia,18.529035343148685,0.961860285318,0.038139714682,0.3368926886491249,33.68926886491249,0.2674518445748054,26.74518445748054,0.09618602853180001,9.61860285318,0.016445844298151772,1.6445844298151773,0.01644584429815177,0.02055730537268971,scenario,cyp_cystitis,1216.28143651444
5.75,ganglia,18.232835002429688,0.961811175934,0.038188824066,0.3344696669233552,33.44696669233552,0.2647650548110614,26.476505481106138,0.0961811175934,9.618111759340001,0.01630337380704295,1.630337380704295,0.01630337380704295,0.020379217258803685,scenario,cyp_cystitis,1200.229043398967
5.833333333333,ganglia,17.933304360173597,0.961777743116,0.038222256884,0.3319909728713078,33.19909728713078,0.26201466506634197,26.201466506634198,0.0961777743116,9.61777743116,0.016155815241384517,1.6155815241384517,0.016155815241384517,0.020194769051730645,scenario,cyp_cystitis,1184.1766502834932
5.916666666667,ganglia,17.631586589010247,0.96175991639,0.03824008361,0.3294659972070162,32.94659972070162,0.2592111172977958,25.92111172977958,0.09617599163900001,9.617599163900001,0.01600407295256537,1.6004072952565371,0.01600407295256537,0.020005091190706713,scenario,cyp_cystitis,1168.1242571678274
6.0,ganglia,17.328793213870586,0.961757625282,0.038242374718,0.3269042198223579,32.69042198223579,0.25636495254906433,25.636495254906432,0.09617576252820001,9.617576252820001,0.01584905092860579,1.584905092860579,0.015849050928605786,0.01981131366075723,scenario,cyp_cystitis,1152.0718640523537
6.083333333333,ganglia,17.025997763388855,0.961770799319,0.038229200681,0.3243151560750567,32.431515607505666,0.2534867512701741,25.34867512701741,0.0961770799319,9.61770799319,0.0156916470508083,1.5691647050808302,0.015691647050808298,0.019614558813510374,scenario,cyp_cystitis,1136.019470936881
6.166666666667,ganglia,16.724229992490326,0.961799368027,0.038200631973,0.3217083015156579,32.17083015156579,0.25058707190328655,25.058707190328654,0.0961799368027,9.61799368027,0.01553274758064412,1.5532747580644122,0.015532747580644123,0.019415934475805155,scenario,cyp_cystitis,1119.967077821215
6.25,ganglia,16.424470712178756,0.96184252817,0.03815747183,0.31909283252216813,31.909283252216813,0.247676199672409,24.7676199672409,0.09618425281700001,9.6184252817,0.015373221924340952,1.5373221924340952,0.01537322192434095,0.01921652740542619,scenario,cyp_cystitis,1103.9146847057416
6.333333333333,ganglia,16.127647253856058,0.96189731241,0.03810268759,0.316477088755459,31.6477088755459,0.24476373057162112,24.476373057162114,0.096189731241,9.6189731241,0.015213917718156908,1.5213917718156909,0.015213917718156908,0.019017397147696135,scenario,cyp_cystitis,1087.8622915902683
6.416666666667,ganglia,15.834629586912904,0.961963414313,0.038036585687,0.31387012064155484,31.387012064155485,0.24185975467806087,24.185975467806088,0.09619634143130001,9.619634143130002,0.015055656272453997,1.5055656272453997,0.015055656272453997,0.0188195703405675,scenario,cyp_cystitis,1071.8098984746025
6.5,ganglia,15.54622709966135,0.962040833879,0.037959166121,0.3112808355408049,31.128083554080487,0.2389741690587832,23.89741690587832,0.0962040833879,9.62040833879,0.014899228407346274,1.4899228407346274,0.014899228407346272,0.01862403550918284,scenario,cyp_cystitis,1055.7575053591283
6.583333333333,ganglia,15.263186045362307,0.962129571108,0.037870428892,0.3087178412827176,30.871784128271763,0.23611653796879736,23.611653796879736,0.09621295711080001,9.62129571108,0.014745390707136043,1.4745390707136043,0.014745390707136041,0.01843173838392005,scenario,cyp_cystitis,1039.705112243655
6.666666666667,ganglia,14.986187647237514,0.962229626001,0.037770373999,0.3061893946803721,30.61893946803721,0.23329603564474677,23.329603564474677,0.0962229626001,9.622296260010001,0.014594862215054927,1.4594862215054927,0.014594862215054927,0.01824357776881866,scenario,cyp_cystitis,1023.652719127989
6.75,ganglia,14.71584684876888,0.962340998557,0.037659001443,0.303703353233968,30.3703353233968,0.23052139264252,23.052139264252,0.0962340998557,9.62340998557,0.01444832158393219,1.4448321583932189,0.01444832158393219,0.018060401979915236,scenario,cyp_cystitis,1007.6003260125163
6.833333333333,ganglia,14.452711688660354,0.962463688776,0.037536311224,0.30126713069898164,30.126713069898166,0.2278008464682018,22.780084646820182,0.0962463688776,9.624636887760001,0.014306404692569186,1.4306404692569186,0.014306404692569186,0.017883005865711482,scenario,cyp_cystitis,991.5479328970424
6.916666666667,ganglia,14.197263273628955,0.962597588913,0.037402411087,0.29888762367918753,29.88876236791875,0.2251420719865417,22.51420719865417,0.0962597588913,9.62597588913,0.014169702731886918,1.4169702731886917,0.01416970273188692,0.01771212841485865,scenario,cyp_cystitis,975.4955397813766
7.0,ganglia,13.949916316499849,0.962738366374,0.037261633626,0.2965699097568408,29.656990975684078,0.22255119235493417,22.255119235493417,0.09627383663740001,9.627383663740002,0.014038760759273787,1.4038760759273787,0.014038760759273785,0.017548450949092232,scenario,cyp_cystitis,959.4431466659032
7.083333333333,ganglia,13.711020202231445,0.962883767429,0.037116232571,0.2943191951617951,29.431919516179512,0.22003424268766122,22.00342426876612,0.0962883767429,9.62883767429,0.01391407671422419,1.3914076714224188,0.01391407671422419,0.017392595892780235,scenario,cyp_cystitis,943.39075355043
7.166666666667,ganglia,13.480860540498945,0.963033792076,0.036966207924,0.2921408169956924,29.21408169956924,0.21759715309788044,21.759715309788046,0.09630337920760002,9.630337920760002,0.013796100883384442,1.3796100883384443,0.013796100883384444,0.017245126104230554,scenario,cyp_cystitis,927.3383604347641
7.25,ganglia,13.259661160095153,0.963188440315,0.036811559685,0.29003951996049737,29.003951996049736,0.21524519547666376,21.524519547666376,0.0963188440315,9.63188440315,0.013685235798444996,1.3685235798444997,0.013685235798444995,0.017106544748056243,scenario,cyp_cystitis,911.2859673192912
7.333333333333,ganglia,13.047586497927075,0.963347712147,0.036652287853,0.2880194448497178,28.80194448497178,0.21298297070557531,21.29829707055753,0.09633477121470001,9.633477121470001,0.013581836546133897,1.3581836546133896,0.013581836546133897,0.01697729568266737,scenario,cyp_cystitis,895.2335742038172
7.416666666667,ganglia,12.844744333757726,0.963511607572,0.036488392428,0.2860841233753638,28.608412337536382,0.21081440290907089,21.08144029090709,0.09635116075720002,9.635116075720001,0.013486211465899983,1.3486211465899984,0.013486211465899981,0.016857764332374976,scenario,cyp_cystitis,879.1811810881512
7.5,ganglia,12.65118882082732,0.963679671539,0.036320328461,0.2842363450250081,28.42363450250081,0.208742642079009,20.8742642079009,0.0963679671539,9.63679671539,0.013398623207652597,1.3398623207652596,0.013398623207652598,0.01674827900956575,scenario,cyp_cystitis,863.1287879726779
7.583333333333,ganglia,12.466923762286005,0.963847774758,0.036152225242,0.2824772249943594,28.24772249943594,0.20676938613173268,20.676938613173267,0.0963847774758,9.63847774758,0.013319290119293595,1.3319290119293594,0.013319290119293595,0.016649112649116993,scenario,cyp_cystitis,847.0763948572048
7.666666666667,ganglia,12.291906083908007,0.964014927454,0.035985072546,0.2808082341362531,28.08082341362531,0.20489637932317012,20.489637932317013,0.0964014927454,9.64014927454,0.013248387931727537,1.3248387931727537,0.013248387931727537,0.01656048491465942,scenario,cyp_cystitis,831.0240017415389
7.75,ganglia,12.126049454594236,0.964181129626,0.035818870374,0.2792305641606175,27.923056416061748,0.20312494577557497,20.312494577557498,0.0964181129626,9.64181129626,0.01318605170748301,1.318605170748301,0.013186051707483012,0.016482564634353766,scenario,cyp_cystitis,814.9716086260656
7.833333333333,ganglia,11.969228007854973,0.964346381276,0.035653618724,0.2777448567824187,27.774485678241874,0.20145579850535414,20.145579850535412,0.0964346381276,9.64346381276,0.013132378018118096,1.3132378018118096,0.013132378018118096,0.01641547252264762,scenario,cyp_cystitis,798.9192155105923
7.916666666667,ganglia,11.821280119700983,0.964510682402,0.035489317598,0.27635123111448323,27.635123111448323,0.19988906986031468,19.98890698603147,0.0964510682402,9.64510682402,0.013087427315171419,1.3087427315171418,0.013087427315171419,0.016359284143964273,scenario,cyp_cystitis,782.8668223949264
8.0,ganglia,11.682012200931444,0.964674033006,0.035325966994,0.27504931483281014,27.504931483281013,0.1984243461469002,19.84243461469002,0.0964674033006,9.64674033006,0.013051226459472352,1.3051226459472351,0.013051226459472352,0.01631403307434044,scenario,cyp_cystitis,766.814429279453
8.083333333333,ganglia,11.55120246479946,0.964836629187,0.035163370813,0.2736374645837969,27.36374645837969,0.19683755740566322,19.683755740566323,0.0964836629187,9.64836629187,0.012953528319438691,1.2953528319438692,0.01295352831943869,0.016191910399298362,scenario,cyp_cystitis,760.3811649430462
8.166666666667,ganglia,11.428604634359198,0.964999198649,0.035000801351,0.27231691126531055,27.231691126531054,0.1953522126671228,19.53522126671228,0.0964999198649,9.64999198649,0.012864218558175365,1.2864218558175367,0.012864218558175364,0.016080273197719205,scenario,cyp_cystitis,753.9479006065616
8.25,ganglia,11.313951557247922,0.965161809779,0.034838190221,0.27108583473854897,27.108583473854896,0.19396628195627663,19.396628195627663,0.0965161809779,9.651618097790001,0.01278309662133871,1.278309662133871,0.01278309662133871,0.015978870776673388,scenario,cyp_cystitis,747.5146362701543
8.333333333333,ganglia,11.206958699314848,0.965324462575,0.034675537425,0.2699420556031834,26.994205560318342,0.19267734371742598,19.2677343717426,0.09653244625750002,9.653244625750002,0.012709938911781918,1.2709938911781917,0.012709938911781921,0.0158874236397274,scenario,cyp_cystitis,741.0813719337476
8.416666666667,ganglia,11.107327492282728,0.965487157038,0.034512842962,0.26888309690762474,26.888309690762473,0.19148264578202745,19.148264578202745,0.09654871570380001,9.654871570380001,0.012644502153326718,1.2644502153326718,0.012644502153326716,0.015805627691658396,scenario,cyp_cystitis,734.6481075972631
8.5,ganglia,11.014748514345273,0.965649893168,0.034350106832,0.26790622615336984,26.790622615336986,0.19037915204063316,19.037915204063317,0.0965649893168,9.65649893168,0.012586526647500063,1.2586526647500063,0.012586526647500063,0.015733158309375078,scenario,cyp_cystitis,728.2148432608562
8.583333333333,ganglia,10.928904486333725,0.965812670965,0.034187329035,0.2670084965544561,26.70084965544561,0.18936358828661787,18.93635882866179,0.0965812670965,9.65812670965,0.012535739399090225,1.2535739399090224,0.012535739399090225,0.015669674248862783,scenario,cyp_cystitis,721.7815789244493
8.666666666667,ganglia,10.84947306975132,0.965968426775,0.034031573225,0.2661848405887019,26.61848405887019,0.18843110879022432,18.843110879022433,0.09659684267750002,9.659684267750002,0.012491857089953455,1.2491857089953455,0.012491857089953456,0.01561482136244182,scenario,cyp_cystitis,715.3483145879646
8.75,ganglia,10.776129456441343,0.966122971937,0.033877028063,0.26543361536413856,26.543361536413855,0.18757924241159835,18.757924241159834,0.09661229719370001,9.661229719370002,0.012454588884021874,1.2454588884021873,0.012454588884021874,0.015568236105027342,scenario,cyp_cystitis,708.9150502515577
8.833333333333,ganglia,10.708548742985961,0.966277517099,0.033722482901,0.2647517974681203,26.475179746812028,0.18680449528691143,18.680449528691142,0.09662775170990001,9.66277517099,0.01242363904994103,1.242363904994103,0.012423639049941032,0.01552954881242629,scenario,cyp_cystitis,702.4817859151506
8.916666666667,ganglia,10.646408086074203,0.966420645089,0.033579354911,0.2641328430655192,26.413284306551922,0.18610086506291024,18.610086506291022,0.0966420645089,9.664206450890001,0.012398709391130944,1.2398709391130944,0.012398709391130944,0.01549838673891368,scenario,cyp_cystitis,696.0485215786665
9.0,ganglia,10.589388637931073,0.966563088785,0.033436911215,0.26357624294787924,26.357624294787925,0.18546659341042138,18.546659341042137,0.0966563088785,9.66563088785,0.012379501476241448,1.2379501476241448,0.012379501476241448,0.015474376845301811,scenario,cyp_cystitis,689.6152572422592
9.083333333333,ganglia,10.53717726352886,0.966705529313,0.033294470687,0.2630787196296287,26.30787196296287,0.18489796299814296,18.489796299814294,0.0966705529313,9.66705529313,0.012365718665975127,1.2365718665975127,0.012365718665975127,0.015457148332468909,scenario,cyp_cystitis,683.181992905852
9.166666666667,ganglia,10.489468043672368,0.966844968888,0.033155031112,0.2626360162276485,26.26360162276485,0.184390577043165,18.4390577043165,0.0966844968888,9.668449688880001,0.01235706793503112,1.2357067935031119,0.01235706793503112,0.0154463349187889,scenario,cyp_cystitis,676.7487285693682
9.25,ganglia,10.445963570099945,0.966978777879,0.033021222121,0.262244025908142,26.2244025908142,0.18394016457804666,18.394016457804664,0.09669787778790001,9.66978777879,0.012353261490441381,1.235326149044138,0.012353261490441381,0.015441576863051726,scenario,cyp_cystitis,670.3154642329606
9.333333333333,ganglia,10.406376040533988,0.967106956288,0.032893043712,0.26189942260477567,26.189942260477565,0.18354302997330627,18.354302997330628,0.09671069562880001,9.671069562880001,0.012354018189842858,1.2354018189842857,0.012354018189842856,0.01544252273730357,scenario,cyp_cystitis,663.8821998965536
9.416666666667,ganglia,10.370428163133576,0.967229504114,0.032770495886,0.26159896189723886,26.159896189723884,0.1831955683175987,18.31955683175987,0.0967229504114,9.67229504114,0.012359064765227655,1.2359064765227654,0.012359064765227655,0.015448830956534569,scenario,cyp_cystitis,657.4489355600693
9.5,ganglia,10.337853881014372,0.967346421357,0.032653578643,0.2613394962911342,26.133949629113417,0.18289428239492683,18.289428239492683,0.0967346421357,9.67346421357,0.012368136859432664,1.2368136859432663,0.012368136859432666,0.015460171074290832,scenario,cyp_cystitis,651.015671223662
9.583333333333,ganglia,10.308398928466579,0.967457693531,0.032542306469,0.2611179840128834,26.11179840128834,0.18263579406642597,18.263579406642595,0.0967457693531,9.67457693531,0.012380979884085614,1.2380979884085614,0.012380979884085614,0.015476224855107017,scenario,cyp_cystitis,644.5824068872552
9.666666666667,ganglia,10.281821231221809,0.967562896809,0.032437103191,0.260931392810666,26.093139281066602,0.18241678125529553,18.241678125529553,0.0967562896809,9.675628968089999,0.012397349708906828,1.2397349708906829,0.01239734970890683,0.015496687136133537,scenario,cyp_cystitis,638.1491425507713
9.75,ganglia,10.257891163579803,0.967661835067,0.032338164933,0.26077688000070726,26.077688000070726,0.1822341072155636,18.22341072155636,0.09676618350670001,9.676618350670001,0.012417013193195619,1.2417013193195618,0.012417013193195619,0.015521266491494523,scenario,cyp_cystitis,631.715878214364
9.833333333333,ganglia,10.236391675462642,0.967754508304,0.032245491696,0.2606517895313285,26.06517895313285,0.1820848207788094,18.208482077880937,0.09677545083040001,9.677545083040002,0.012439748571019298,1.2439748571019298,0.012439748571019298,0.015549685713774124,scenario,cyp_cystitis,625.2826138779568
9.916666666667,ganglia,10.217118302527085,0.967840916521,0.032159083479,0.2605536029703512,26.05536029703512,0.18196612368694576,18.196612368694577,0.0967840916521,9.67840916521,0.012465345702075286,1.2465345702075286,0.012465345702075286,0.015581682127594108,scenario,cyp_cystitis,618.8493495414725
10.0,ganglia,10.199879072334076,0.967921059717,0.032078940283,0.2604799417323391,26.047994173233914,0.18187537306737675,18.187537306737674,0.09679210597170002,9.679210597170002,0.012493606200450563,1.2493606200450564,0.012493606200450563,0.015617007750563204,scenario,cyp_cystitis,612.4160852050658
10.083333333333,ganglia,10.184494319297936,0.967994948681,0.032005051319,0.2604285706533925,26.04285706533925,0.18181008420588055,18.181008420588054,0.09679949486810001,9.679949486810001,0.012524343453565063,1.2524343453565063,0.01252434345356506,0.015655429316956328,scenario,cyp_cystitis,605.9828208686586
10.166666666667,ganglia,10.170796420730332,0.968062686155,0.031937313845,0.2603974191188495,26.03974191188495,0.18176794500372165,18.176794500372164,0.09680626861550001,9.680626861550001,0.012557382543466685,1.2557382543466686,0.012557382543466684,0.015696728179333354,scenario,cyp_cystitis,599.549556532174
10.25,ganglia,10.158629465761353,0.96812429769,0.03187570231,0.2603845336639955,26.03845336639955,0.18174678210555054,18.174678210555054,0.09681242976900001,9.6812429769,0.012592560082395239,1.2592560082395239,0.012592560082395237,0.015740700102994047,scenario,cyp_cystitis,593.1162921957671
10.333333333333,ganglia,10.14784886830337,0.968179783285,0.031820216715,0.26038808896937155,26.038808896937155,0.18174456737874614,18.174456737874614,0.0968179783285,9.68179783285,0.01262972397414897,1.262972397414897,0.012629723974148969,0.01578715496768621,scenario,cyp_cystitis,586.68302785936
10.416666666667,ganglia,10.138320934536658,0.96822914294,0.03177085706,0.2604063909604112,26.04063909604112,0.18175941851823466,18.175941851823467,0.096822914294,9.6822914294,0.01266873311228365,1.266873311228365,0.012668733112283653,0.015835916390354567,scenario,cyp_cystitis,580.249763522876
10.5,ganglia,10.129922394646735,0.968272376656,0.031727623344,0.2604378723253221,26.04378723253221,0.18178959406635792,18.17895940663579,0.0968272376656,9.68272376656,0.01270945702560499,1.270945702560499,0.01270945702560499,0.01588682128200624,scenario,cyp_cystitis,573.8164991864688
10.583333333333,ganglia,10.122539907764093,0.968309628022,0.031690371978,0.260481126095214,26.0481126095214,0.18183351477001553,18.18335147700155,0.09683096280220001,9.683096280220001,0.012751775480769572,1.2751775480769572,0.01275177548076957,0.015939719350961962,scenario,cyp_cystitis,567.3832348500616
10.666666666667,ganglia,10.116069548258643,0.96834154591,0.03165845409,0.26053499751329695,26.053499751329696,0.18188982546921884,18.188982546921885,0.096834154591,9.6834154591,0.012795578051098969,1.2795578051098968,0.01279557805109897,0.015994472563873714,scenario,cyp_cystitis,560.9499705135771
10.75,ganglia,10.110416280730691,0.968368209387,0.031631790613,0.26059828908399596,26.059828908399595,0.18195718682810666,18.195718682810664,0.0968368209387,9.683682093869999,0.01284076365999271,1.2840763659992709,0.012840763659992708,0.016050954574990884,scenario,cyp_cystitis,554.5167061771702
10.833333333333,ganglia,10.10549343024018,0.968389618454,0.031610381546,0.260669886532816,26.066988653281598,0.18203436076379556,18.203436076379557,0.0968389618454,9.68389618454,0.012887240106577273,1.2887240106577273,0.012887240106577273,0.01610905013322159,scenario,cyp_cystitis,548.0834418407635
10.916666666667,ganglia,10.101222153534076,0.968405773111,0.031594226889,0.2607487739397,26.07487739397,0.18212021847622217,18.212021847622218,0.0968405773111,9.68405773111,0.01293492358045826,1.293492358045826,0.012934923580458259,0.016168654475572822,scenario,cyp_cystitis,541.6501775042791
11.0,ganglia,10.097530916272119,0.968416673357,0.031583326643,0.2608340275717718,26.083402757177183,0.18221373359563534,18.221373359563533,0.0968416673357,9.68416673357,0.012983738171707749,1.2983738171707748,0.012983738171707747,0.016229672714634685,scenario,cyp_cystitis,535.2169131678717
11.083333333333,ganglia,10.094354980528523,0.968422319193,0.031577680807,0.26092480975303756,26.092480975303754,0.18231397537081948,18.231397537081946,0.09684223191930001,9.684223191930002,0.01303361538148741,1.303361538148741,0.013033615381487408,0.01629201922685926,scenario,cyp_cystitis,528.7836488314648
11.166666666667,ganglia,10.091635906165099,0.968422710619,0.031577289381,0.26102036282858454,26.102036282858453,0.1824201019629828,18.24201019629828,0.0968422710619,9.68422710619,0.013084493637984647,1.3084493637984647,0.013084493637984647,0.016355617047480807,scenario,cyp_cystitis,522.3503844949803
11.25,ganglia,10.089321069031179,0.968417847634,0.031582152366,0.26112000327585355,26.112000327585356,0.18253135390272618,18.253135390272618,0.0968417847634,9.68417847634,0.013136317821678659,1.3136317821678658,0.01313631782167866,0.016420397277098327,scenario,cyp_cystitis,515.9171201585734
11.333333333333,ganglia,10.087363198355543,0.968407730239,0.031592269761,0.26122311600405324,26.122311600405325,0.1826470477557258,18.26470477557258,0.0968407730239,9.68407730239,0.013189038803316636,1.3189038803316635,0.013189038803316637,0.016486298504145798,scenario,cyp_cystitis,509.4838558221664
11.416666666667,ganglia,10.085719935155696,0.968392358434,0.031607641566,0.26132914887201614,26.132914887201615,0.1827665700317957,18.27665700317957,0.0968392358434,9.68392358434,0.013242612997367492,1.324261299736749,0.013242612997367492,0.016553266246709365,scenario,cyp_cystitis,503.0505914856822
11.5,ganglia,10.084353412999194,0.968371732218,0.031628267782,0.26143760745215355,26.143760745215356,0.18288937136705946,18.288937136705947,0.09683717322180001,9.683717322180001,0.01329700193318577,1.329700193318577,0.013297001933185771,0.016621252416482213,scenario,cyp_cystitis,496.6173271492751
11.583333333333,ganglia,10.083229862013553,0.968345851592,0.031654148408,0.2615480500590116,26.15480500590116,0.18301496099979062,18.30149609997906,0.09683458515920002,9.683458515920002,0.013352171845615048,1.3352171845615048,0.013352171845615048,0.01669021480701881,scenario,cyp_cystitis,490.18406281286804
11.666666666667,ganglia,10.082319236653213,0.968314783087,0.031685216913,0.2616601010306455,26.16601010306455,0.18314291413549497,18.314291413549498,0.09683147830870001,9.68314783087,0.013408093286285607,1.3408093286285607,0.013408093286285606,0.016760116607857006,scenario,cyp_cystitis,483.7507984763835
11.75,ganglia,10.08159486739188,0.968280730552,0.031719269448,0.26177400619459956,26.177400619459956,0.18327325904377728,18.327325904377727,0.09682807305520001,9.68280730552,0.013464740756469385,1.3464740756469384,0.013464740756469383,0.01683092594558673,scenario,cyp_cystitis,477.3175341399766
11.833333333333,ganglia,10.081033136215778,0.968244764031,0.031755235969,0.26188974535863463,26.188974535863462,0.18340585439503848,18.340585439503847,0.0968244764031,9.68244764031,0.013522092361993412,1.3522092361993412,0.01352209236199341,0.016902615452491762,scenario,cyp_cystitis,470.8842698035695
11.916666666667,ganglia,10.08061317554471,0.968206883524,0.031793116476,0.2620070450249312,26.20070450249312,0.18354039630281246,18.354039630281246,0.0968206883524,9.68206883524,0.013580129490377681,1.3580129490377681,0.013580129490377681,0.016975161862972103,scenario,cyp_cystitis,464.4510054670854
12.0,ganglia,10.08031659000002,0.96816708903,0.03183291097,0.26212566383806585,26.212566383806585,0.1836766165945176,18.36766165945176,0.09681670890300001,9.681670890300001,0.013638836510107643,1.3638836510107644,0.013638836510107645,0.017048545637634555,scenario,cyp_cystitis,458.0177411306782
12.083333333333,ganglia,10.080127200269255,0.968125380551,0.031874619449,0.26215288114975116,26.215288114975117,0.1837114923273902,18.371149232739022,0.0968125380551,9.68125380551,0.013656854923075773,1.3656854923075774,0.013656854923075773,0.017071068653844716,scenario,cyp_cystitis,456.0401236582518
12.166666666667,ganglia,10.080030808183084,0.968081758086,0.031918241914,0.2621808323135183,26.21808323135183,0.18374739611657587,18.37473961165759,0.09680817580860002,9.680817580860001,0.013675046127140503,1.3675046127140502,0.013675046127140503,0.01709380765892563,scenario,cyp_cystitis,454.0625061858019
12.25,ganglia,10.08001498201706,0.968036221635,0.031963778365,0.2622093523904982,26.22093523904982,0.18378414469666465,18.378414469666467,0.09680362216350001,9.680362216350002,0.013693394154924213,1.3693394154924214,0.013693394154924213,0.017116742693655266,scenario,cyp_cystitis,452.0848887133758
12.333333333333,ganglia,10.080068860956382,0.967988771198,0.032011228802,0.2622382972092542,26.22382972092542,0.18382157787717132,18.382157787717134,0.09679887711980001,9.679887711980001,0.013711885061870396,1.3711885061870397,0.013711885061870398,0.017139856327338,scenario,cyp_cystitis,450.1072712409495
12.416666666667,ganglia,10.080182977612399,0.967939434233,0.032060565767,0.2622675484674337,26.226754846743372,0.18385956116014857,18.385956116014857,0.0967939434233,9.67939434233,0.013730506701270236,1.3730506701270235,0.013730506701270236,0.017163133376587796,scenario,cyp_cystitis,448.1296537684992
12.5,ganglia,10.08034909745189,0.967889575971,0.032110424029,0.26229736671524456,26.229736671524456,0.18389823235349395,18.389823235349397,0.0967889575971,9.67889575971,0.013749248520236351,1.374924852023635,0.013749248520236351,0.01718656065029544,scenario,cyp_cystitis,446.152036296073
12.583333333333,ganglia,10.080560073991519,0.967839956376,0.032160043624,0.2623278630981277,26.232786309812774,0.18393763051169745,18.393763051169746,0.0967839956376,9.67839956376,0.013768101375277514,1.3768101375277513,0.013768101375277514,0.017210126719096892,scenario,cyp_cystitis,444.1744188236469
12.666666666667,ganglia,10.080809718616942,0.967790575445,0.032209424555,0.26235895556879385,26.235895556879385,0.18397766447143757,18.397766447143756,0.0967790575445,9.67790575445,0.013787057366116679,1.378705736611668,0.013787057366116677,0.017233821707645848,scenario,cyp_cystitis,442.1968013511967
12.75,ganglia,10.081092683906714,0.96774143318,0.03225856682,0.26239057322869375,26.239057322869375,0.18401825545632636,18.401825545632637,0.09677414331800001,9.677414331800001,0.013806109686413744,1.3806109686413743,0.013806109686413742,0.017257637108017178,scenario,cyp_cystitis,440.2191838787706
12.833333333333,ganglia,10.081404359372652,0.967692529581,0.032307470419,0.2624226549468562,26.24226549468562,0.1840593355430624,18.405933554306237,0.09676925295810002,9.676925295810001,0.01382525249008246,1.382525249008246,0.013825252490082462,0.017281565612603078,scenario,cyp_cystitis,438.24156640634453
12.916666666667,ganglia,10.081740778568332,0.967643864647,0.032356135353,0.2624551481308287,26.24551481308287,0.18410084629569853,18.41008462956985,0.09676438646470001,9.67643864647,0.01384448077192462,1.384448077192462,0.013844480771924622,0.017305600964905778,scenario,cyp_cystitis,436.2639489338945
13.0,ganglia,10.08209853656441,0.967595438379,0.032404561621,0.262488007634991,26.2488007634991,0.18414273755232338,18.414273755232337,0.0967595438379,9.67595438379,0.013863790261360667,1.3863790261360667,0.013863790261360667,0.017329737826700834,scenario,cyp_cystitis,434.2863314614681
13.083333333333,ganglia,10.082474716841213,0.967547250776,0.032452749224,0.26252119479134645,26.252119479134645,0.18418496634860718,18.418496634860716,0.09675472507760001,9.67547250776,0.013883177328092914,1.3883177328092915,0.013883177328092914,0.01735397166011614,scenario,cyp_cystitis,432.30871398904196
13.166666666667,ganglia,10.082866826704093,0.967499301179,0.032500698821,0.2625546763759907,26.25546763759907,0.184227495842323,18.4227495842323,0.09674993011790001,9.67499301179,0.013902638898593622,1.3902638898593622,0.013902638898593623,0.017378298623242028,scenario,cyp_cystitis,430.3310965165917
13.25,ganglia,10.08327274038431,0.967451533956,0.032548466044,0.2625884091127191,26.258840911271907,0.1842702841301323,18.42702841301323,0.09674515339560001,9.674515339560001,0.013922172382382194,1.3922172382382194,0.013922172382382194,0.017402715477977743,scenario,cyp_cystitis,428.35347904416574
13.333333333333,ganglia,10.083690649046268,0.96740391352,0.03259608648,0.2626223593623802,26.26223593623802,0.18431329778931135,18.431329778931136,0.09674039135200001,9.674039135200001,0.013941775607123907,1.3941775607123907,0.013941775607123905,0.01742721950890488,scenario,cyp_cystitis,426.37586157173934
13.416666666667,ganglia,10.08411901697967,0.967356439872,0.032643560128,0.2626565067671611,26.265650676716113,0.18435651419995677,18.435651419995676,0.09673564398720001,9.673564398720002,0.013961446761644436,1.3961446761644436,0.013961446761644437,0.017451808452055545,scenario,cyp_cystitis,424.39824409928946
13.5,ganglia,10.084556543312322,0.967309113011,0.032690886989,0.2626908340864339,26.26908340864339,0.18439991420592655,18.439991420592655,0.09673091130110001,9.67309113011,0.013981184346029263,1.3981184346029263,0.013981184346029261,0.01747648043253658,scenario,cyp_cystitis,422.4206266268631
13.583333333333,ganglia,10.085002128634754,0.967261932938,0.032738067062,0.2627253267552323,26.27253267552323,0.1844434816238137,18.44434816238137,0.0967261932938,9.67261932938,0.014000987128043672,1.4000987128043672,0.014000987128043672,0.017501233910054592,scenario,cyp_cystitis,420.4430091544369
13.666666666667,ganglia,10.085454845981033,0.967214899652,0.032785100348,0.26275997249824057,26.27599724982406,0.1844872028144895,18.44872028144895,0.09672148996520001,9.67214899652,0.014020854105167601,1.4020854105167602,0.0140208541051676,0.0175260676314595,scenario,cyp_cystitis,418.46539168198694
13.75,ganglia,10.085913915661191,0.967168013154,0.032831986846,0.262794760996977,26.279476099697703,0.18453106631286334,18.453106631286335,0.0967168013154,9.67168013154,0.014040784471608158,1.4040784471608159,0.014040784471608156,0.017550980589510195,scenario,cyp_cystitis,416.4877742095605
13.833333333333,ganglia,10.086378683488832,0.967121273443,0.032878726557,0.2628296835997975,26.28296835997975,0.1845750625061083,18.45750625061083,0.09671212734430001,9.671212734430002,0.014060777589711903,1.4060777589711904,0.0140607775897119,0.017575971987139876,scenario,cyp_cystitis,414.51015673713425
13.916666666667,ganglia,10.086848601992582,0.967074679954,0.032925320046,0.2628647329197673,26.28647329197673,0.18461918324929702,18.4619183249297,0.0967074679954,9.67074679954,0.014080832965248508,1.4080832965248509,0.014080832965248506,0.01760104120656063,scenario,cyp_cystitis,412.5325392646844
14.0,ganglia,10.087323214242305,0.967028131426,0.032971868574,0.2628998753975596,26.28998753975596,0.18466340250551064,18.466340250551063,0.0967028131426,9.67028131426,0.014100950226096065,1.4100950226096065,0.014100950226096063,0.017626187782620078,scenario,cyp_cystitis,410.55492179225826
14.083333333333,ganglia,10.08780213996017,0.966981553145,0.033018446855,0.2629350856911824,26.29350856911824,0.184707700418536,18.4707700418536,0.0966981553145,9.66981553145,0.01412112910390742,1.412112910390742,0.01412112910390742,0.017651411379884276,scenario,cyp_cystitis,408.5773043198319
14.166666666667,ganglia,10.088285063622454,0.966934945109,0.033065054891,0.2629703596235674,26.29703596235674,0.18475207234740823,18.47520723474082,0.09669349451090001,9.669349451090001,0.014141369418375257,1.4141369418375258,0.014141369418375257,0.017676711772969072,scenario,cyp_cystitis,406.599686847382
14.25,ganglia,10.08877172429117,0.96688830732,0.03311169268,0.2630056937445041,26.30056937445041,0.18479651445833786,18.479651445833785,0.096688830732,9.6688830732,0.014161671063761963,1.4161671063761962,0.014161671063761963,0.017702088829702454,scenario,cyp_cystitis,404.62206937495546
14.333333333333,ganglia,10.089261906944703,0.966841639778,0.033158360222,0.2630410852138517,26.30410852138517,0.18484102359561305,18.484102359561305,0.0966841639778,9.66841639778,0.014182033997398117,1.4182033997398118,0.014182033997398117,0.017727542496747645,scenario,cyp_cystitis,402.6444519025292
14.416666666667,ganglia,10.089755435103767,0.966794942482,0.033205057518,0.26307653170383927,26.307653170383926,0.18488559717293251,18.488559717293253,0.0966794942482,9.667949424820002,0.014202458229881795,1.4202458229881796,0.014202458229881795,0.017753072787352244,scenario,cyp_cystitis,400.6668344300794
14.5,ganglia,10.090252164573831,0.966748215433,0.033251784567,0.263112031316728,26.3112031316728,0.18493023308158668,18.49302330815867,0.09667482154330001,9.667482154330001,0.014222943816748426,1.4222943816748426,0.014222943816748424,0.01777867977093553,scenario,cyp_cystitis,398.68921695765295
14.583333333333,ganglia,10.090751978147365,0.96670145863,0.03329854137,0.263147582513317,26.3147582513317,0.18497492961146333,18.497492961146335,0.096670145863,9.6670145863,0.014243490851409645,1.4243490851409646,0.014243490851409645,0.017804363564262057,scenario,cyp_cystitis,396.71159948522666
14.666666666667,ganglia,10.091254781128884,0.966654672074,0.033345327926,0.2631831840545459,26.318318405454587,0.1850196853857176,18.501968538571763,0.0966654672074,9.666546720740001,0.0142640994591782,1.4264099459178199,0.0142640994591782,0.01783012432397275,scenario,cyp_cystitis,394.73398201277695
14.75,ganglia,10.09176049756372,0.966607855764,0.033392144236,0.2632188349502663,26.321883495026633,0.18506449930429586,18.506449930429586,0.09666078557640001,9.66607855764,0.014284769792225281,1.428476979222528,0.01428476979222528,0.0178559622402816,scenario,cyp_cystitis,392.7563645403505
14.833333333333,ganglia,10.092269067067111,0.9665610097,0.0334389903,0.26325453441789765,26.325453441789765,0.18510937049766404,18.510937049766405,0.09665610097,9.665610097,0.014305502025337017,1.4305502025337016,0.014305502025337017,0.01788187753167127,scenario,cyp_cystitis,390.7787470679244
14.916666666667,ganglia,10.092780442163972,0.966514133883,0.033485866117,0.26329028184704667,26.32902818470467,0.18515429828749627,18.515429828749628,0.09665141338830001,9.66514133883,0.014326296352348195,1.4326296352348193,0.014326296352348195,0.017907870440435243,scenario,cyp_cystitis,388.8011295954742
15.0,ganglia,10.093294586062182,0.966467228313,0.033532771687,0.2633260767693425,26.33260767693425,0.18519928215338052,18.51992821533805,0.0966467228313,9.66467228313,0.01434715298315366,1.434715298315366,0.014347152983153661,0.017933941228942075,scenario,cyp_cystitis,386.8235121230479
15.083333333333,ganglia,10.093811470792911,0.966420272505,0.033579727495,0.2633619132515467,26.33619132515467,0.1852443177789407,18.524431777894073,0.0966420272505,9.66420272505,0.014368072141212086,1.4368072141212087,0.014368072141212085,0.017960090176515106,scenario,cyp_cystitis,384.8458946506218
15.166666666667,ganglia,10.09433107566089,0.966373216255,0.033626783745,0.26339777735292236,26.339777735292238,0.1852893952526915,18.528939525269152,0.0966373216255,9.66373216255,0.014389054061462202,1.43890540614622,0.014389054061462203,0.017986317576827754,scenario,cyp_cystitis,382.8682771781719
15.25,ganglia,10.094853385955812,0.966326057266,0.033673942734,0.2634336682624828,26.343366826248282,0.1853345139287587,18.533451392875868,0.0966326057266,9.66326057266,0.014410098988589021,1.4410098988589022,0.014410098988589021,0.018012623735736276,scenario,cyp_cystitis,380.8906597057454
15.333333333333,ganglia,10.095378391883312,0.966278795539,0.033721204461,0.26346958586089353,26.346958586089354,0.1853796736744372,18.53796736744372,0.09662787955390001,9.662787955390002,0.014431207175587157,1.4431207175587157,0.014431207175587157,0.018039008969483947,scenario,cyp_cystitis,378.91304223331923
15.416666666667,ganglia,10.095906087679934,0.966231431074,0.033768568926,0.2635055300822973,26.35055300822973,0.1854248744165526,18.542487441655258,0.0966231431074,9.66231431074,0.014452378882569525,1.4452378882569525,0.014452378882569526,0.01806547360321191,scenario,cyp_cystitis,376.9354247608694
15.5,ganglia,10.096436470882061,0.966183963871,0.033816036129,0.2635415009048525,26.354150090485252,0.18547011613083614,18.547011613083615,0.09661839638710001,9.661839638710001,0.014473614375783546,1.4473614375783546,0.014473614375783546,0.01809201796972943,scenario,cyp_cystitis,374.9578072884431
15.583333333333,ganglia,10.096969541723377,0.96613639393,0.03386360607,0.2635774983427118,26.357749834271182,0.18551539883301316,18.551539883301317,0.096613639393,9.6613639393,0.014494913926803202,1.4494913926803201,0.014494913926803202,0.018118642408504002,scenario,cyp_cystitis,372.98018981601683
15.666666666667,ganglia,10.097505302639272,0.96608872125,0.03391127875,0.2636135224391478,26.36135224391478,0.18556072257127534,18.556072257127536,0.09660887212500001,9.6608872125,0.014516277811863565,1.4516277811863565,0.014516277811863565,0.018145347264829456,scenario,cyp_cystitis,371.00257234356667
15.75,ganglia,10.09804375786008,0.966040945833,0.033959054167,0.2636495732622244,26.364957326222438,0.18560608742102705,18.560608742102705,0.09660409458330001,9.660409458330001,0.014537706311315785,1.4537706311315786,0.014537706311315783,0.01817213288914473,scenario,cyp_cystitis,369.02495487114055
15.833333333333,ganglia,10.098584913078042,0.965993067677,0.034006932323,0.26368565089845314,26.368565089845315,0.1856514934786146,18.56514934786146,0.09659930676770001,9.659930676770001,0.01455919970918447,1.455919970918447,0.01455919970918447,0.018198999636480587,scenario,cyp_cystitis,367.0473373987141
15.916666666667,ganglia,10.099128775175092,0.965945086783,0.034054913217,0.2637217554510749,26.37217554510749,0.18569694085863875,18.569694085863876,0.0965945086783,9.65945086783,0.0145807582928056,1.45807582928056,0.014580758292805602,0.018225947866007,scenario,cyp_cystitis,365.06971992626416
16.0,ganglia,10.099675352000878,0.965897003151,0.034102996849,0.2637578870360082,26.375788703600822,0.18574242968989804,18.574242968989804,0.0965897003151,9.65897003151,0.014602382352532993,1.4602382352532992,0.014602382352532993,0.018252977940666243,scenario,cyp_cystitis,363.0921024538378
16.083333333333,ganglia,10.100224652192189,0.965848816781,0.034151183219,0.263794045779719,26.379404577971897,0.18578796011290993,18.578796011290994,0.0965848816781,9.65848816781,0.014624072181503597,1.4624072181503598,0.014624072181503595,0.018280090226879493,scenario,cyp_cystitis,361.11448498141164
16.166666666667,ganglia,10.100776685026284,0.965800526221,0.034199473779,0.26383023142061646,26.383023142061646,0.18583353199835156,18.583353199835155,0.09658005262210001,9.65800526221,0.01464582807544698,1.464582807544698,0.01464582807544698,0.018307285094308724,scenario,cyp_cystitis,359.1368675089617
16.25,ganglia,10.101331460302049,0.965752119149,0.034247880851,0.2638664407338746,26.386644073387462,0.185879143132194,18.5879143132194,0.09657521191490001,9.657521191490002,0.014667650332533012,1.4667650332533013,0.014667650332533012,0.018334562915666264,scenario,cyp_cystitis,357.1592500365356
16.333333333333,ganglia,10.101888988243951,0.96570359276,0.03429640724,0.2639026730986261,26.390267309862608,0.1859247931362512,18.59247931362512,0.096570359276,9.657035927599999,0.014689539253253227,1.4689539253253228,0.014689539253253227,0.018361924066566535,scenario,cyp_cystitis,355.1816325641091
16.416666666667,ganglia,10.102449279424503,0.965654947054,0.034345052946,0.2639389286647939,26.39389286647939,0.18597048217710432,18.597048217710434,0.0965654947054,9.65654947054,0.014711495140325374,1.4711495140325375,0.014711495140325376,0.01838936892540672,scenario,cyp_cystitis,353.2040150916593
16.5,ganglia,10.103012344701831,0.965606182033,0.034393817967,0.26397520758669835,26.397520758669835,0.18601621042599814,18.601621042599813,0.0965606182033,9.65606182033,0.014733518298618993,1.4733518298618993,0.014733518298618993,0.018416897873273743,scenario,cyp_cystitis,351.2263976192328
16.583333333333,ganglia,10.103578195169568,0.965557297694,0.034442702306,0.264011510020478,26.4011510020478,0.18606197805675334,18.606197805675333,0.09655572976940001,9.65557297694,0.014755609035100217,1.4755609035100217,0.014755609035100216,0.018444511293875268,scenario,cyp_cystitis,349.24878014680655
16.666666666667,ganglia,10.104146842116634,0.96550829404,0.03449170596,0.26404783612655847,26.404783612655848,0.18610778524728722,18.610778524728723,0.096550829404,9.6550829404,0.01477776765878822,1.4777767658788221,0.01477776765878822,0.018472209573485276,scenario,cyp_cystitis,347.27116267435673
16.75,ganglia,10.104718296995058,0.965459171069,0.034540828931,0.26408418606621437,26.408418606621435,0.18615363217701597,18.615363217701596,0.09654591710690001,9.654591710690001,0.014799994480722776,1.4799994480722776,0.014799994480722776,0.01849999310090347,scenario,cyp_cystitis,345.2935452019304
16.833333333333,ganglia,10.105292571394349,0.965409928781,0.034590071219,0.26412056000314377,26.412056000314376,0.18619951902782636,18.619951902782635,0.0965409928781,9.65409928781,0.014822289813943361,1.4822289813943361,0.014822289813943361,0.018527862267429203,scenario,cyp_cystitis,343.3159277295041
16.916666666667,ganglia,10.105869677021023,0.965360567177,0.034639432823,0.2641569581029203,26.41569581029203,0.18624544598357806,18.624544598357808,0.0965360567177,9.65360567177,0.014844653973473237,1.4844653973473236,0.014844653973473239,0.018555817466841547,scenario,cyp_cystitis,341.3383102570542
17.0,ganglia,10.106449625682341,0.965311086257,0.034688913743,0.26419338053222746,26.419338053222745,0.18629141322947493,18.629141322947493,0.09653110862570001,9.653110862570001,0.01486708727630948,1.486708727630948,0.014867087276309478,0.01858385909538685,scenario,cyp_cystitis,339.36069278462793
17.083333333333,ganglia,10.10703242927346,0.96526148602,0.03473851398,0.2642298274586897,26.42298274586897,0.1863374209518775,18.63374209518775,0.096526148602,9.6526148602,0.014889590041420198,1.4889590041420198,0.0148895900414202,0.01861198755177525,scenario,cyp_cystitis,337.3830753122015
17.166666666667,ganglia,10.107618099767222,0.965211766467,0.034788233533,0.26426629905155585,26.426629905155586,0.18638346933872874,18.638346933872874,0.09652117664670001,9.652117664670001,0.014912162589743266,1.4912162589743265,0.014912162589743266,0.018640203237179083,scenario,cyp_cystitis,335.4054578397516
17.25,ganglia,10.108206649206094,0.965161927548,0.034838072452,0.264302795467076,26.430279546707602,0.1864295585691956,18.64295585691956,0.0965161927548,9.65161927548,0.014934805244188132,1.4934805244188132,0.014934805244188132,0.018668506555235165,scenario,cyp_cystitis,333.4278403673255
17.333333333333,ganglia,10.10879808969587,0.965111961889,0.034888038111,0.2643393148563701,26.433931485637007,0.1864756874083001,18.64756874083001,0.0965111961889,9.65111961889,0.0149575183296426,1.4957518329642598,0.014957518329642597,0.018696897912053246,scenario,cyp_cystitis,331.45022289489907
17.416666666667,ganglia,10.109392433400695,0.965061864198,0.034938135802,0.26437585594019736,26.437585594019737,0.18652185502266375,18.652185502266374,0.09650618641980001,9.650618641980001,0.014980302172979208,1.4980302172979207,0.014980302172979207,0.01872537771622401,scenario,cyp_cystitis,329.47260542244925
17.5,ganglia,10.109989692539136,0.965011634474,0.034988365526,0.26441241888870465,26.441241888870465,0.1865680616014496,18.65680616014496,0.0965011634474,9.65011634474,0.015003157103063245,1.5003157103063245,0.015003157103063243,0.018753946378829055,scenario,cyp_cystitis,327.49498795002296
17.583333333333,ganglia,10.110589879381203,0.964961272717,0.035038727283,0.2644490038730348,26.444900387303484,0.18661430733481646,18.661430733481644,0.09649612727170001,9.649612727170002,0.015026083450764532,1.5026083450764531,0.01502608345076453,0.018782604313455662,scenario,cyp_cystitis,325.5173704775967
17.666666666667,ganglia,10.111193006245964,0.964910778927,0.035089221073,0.2644856110650199,26.448561106501987,0.18666059241368874,18.666059241368874,0.0964910778927,9.649107789270001,0.015049081548967858,1.5049081548967858,0.01504908154896786,0.018811351936209825,scenario,cyp_cystitis,323.5397530051467
17.75,ganglia,10.11179908549969,0.964860153105,0.035139846895,0.26452224063742813,26.45222406374281,0.18670691702992015,18.670691702992016,0.0964860153105,9.64860153105,0.015072151732584275,1.5072151732584276,0.015072151732584275,0.018840189665730343,scenario,cyp_cystitis,321.56213553272033
17.833333333333,ganglia,10.1124081295545,0.96480939525,0.03519060475,0.2645588927631273,26.45588927631273,0.18675328137569697,18.675328137569696,0.096480939525,9.6480939525,0.01509529433856558,1.5095294338565581,0.01509529433856558,0.018869117923206974,scenario,cyp_cystitis,319.58451806029393
17.916666666667,ganglia,10.113020150867243,0.964758505362,0.035241494638,0.2645955676158896,26.45955676158896,0.18679968564409954,18.679968564409954,0.0964758505362,9.64758505362,0.015118509705916928,1.5118509705916927,0.015118509705916928,0.01889813713239616,scenario,cyp_cystitis,317.6069005878443
18.0,ganglia,10.113635161938667,0.964707483441,0.035292516559,0.2646322653701055,26.46322653701055,0.18684613002889494,18.684613002889495,0.09647074834410001,9.64707483441,0.015141798175709976,1.5141798175709975,0.015141798175709978,0.018927247719637472,scenario,cyp_cystitis,315.62928311541776
18.083333333333,ganglia,10.114253175312832,0.964656329488,0.035343670512,0.2646689862010525,26.46689862010525,0.18689261472472496,18.689261472472495,0.0964656329488,9.64656329488,0.015165160091098844,1.5165160091098844,0.015165160091098846,0.018956450113873556,scenario,cyp_cystitis,313.65166564299153
18.166666666667,ganglia,10.114874203576628,0.964605043502,0.035394956498,0.26470573028406486,26.470573028406484,0.18693913992651648,18.693913992651648,0.09646050435020001,9.646050435020001,0.015188595797334063,1.5188595797334064,0.015188595797334063,0.018985744746667577,scenario,cyp_cystitis,311.67404817054154
18.25,ganglia,10.115498259359406,0.964553625484,0.035446374516,0.26474249779562353,26.474249779562353,0.18698570583024834,18.698570583024836,0.09645536254840001,9.645536254840001,0.015212105641776724,1.5212105641776723,0.015212105641776724,0.019015132052220905,scenario,cyp_cystitis,309.6964306981155
18.333333333333,ganglia,10.116125355332771,0.964502075432,0.035497924568,0.2647792889119851,26.47792889119851,0.18703231263198342,18.70323126319834,0.0964502075432,9.645020754319999,0.015235689973915504,1.5235689973915505,0.015235689973915506,0.019044612467394383,scenario,cyp_cystitis,307.71881322568896
18.416666666667,ganglia,10.116755504210401,0.964450388568,0.035549611432,0.26481610249861903,26.4816102498619,0.18707895960202114,18.707895960202116,0.0964450388568,9.64450388568,0.015259349145381334,1.5259349145381333,0.015259349145381334,0.019074186431726668,scenario,cyp_cystitis,305.7411957532391
18.5,ganglia,10.11738871874788,0.964398554488,0.035601445512,0.2648529358755043,26.48529358755043,0.18712564491856035,18.712564491856035,0.09643985544880002,9.643985544880001,0.015283083509962358,1.5283083509962359,0.015283083509962358,0.019103854387452948,scenario,cyp_cystitis,303.7635782808129
18.583333333333,ganglia,10.118025011742697,0.964346572833,0.035653427167,0.26488978912019734,26.488978912019732,0.18717236870766374,18.717236870766374,0.0964346572833,9.64346572833,0.015306893423621609,1.5306893423621608,0.01530689342362161,0.01913361677952701,scenario,cyp_cystitis,301.78596080838645
18.666666666667,ganglia,10.118664396034161,0.964294443601,0.035705556399,0.264926662408844,26.4926662408844,0.18721913116527106,18.721913116527105,0.09642944436010001,9.642944436010001,0.01533077924451231,1.5330779244512311,0.015330779244512309,0.019163474055640388,scenario,cyp_cystitis,299.8083433359367
18.75,ganglia,10.119306884503377,0.964242166793,0.035757833207,0.2649635559189959,26.49635559189959,0.18726593248855097,18.726593248855096,0.09642421667930001,9.642421667930002,0.01535474133299342,1.535474133299342,0.01535474133299342,0.019193426666241773,scenario,cyp_cystitis,297.83072586351045
18.833333333333,ganglia,10.119952490073292,0.964189742408,0.035810257592,0.2650004698282412,26.50004698282412,0.18731277287493467,18.731277287493466,0.09641897424080001,9.641897424080001,0.015378780051647847,1.5378780051647847,0.015378780051647847,0.01922347506455981,scenario,cyp_cystitis,295.85310839108394
18.916666666667,ganglia,10.120601225708691,0.964137170447,0.035862829553,0.26503740431530176,26.503740431530176,0.18735965252289083,18.735965252289084,0.0964137170447,9.64137170447,0.015402895765298309,1.5402895765298308,0.015402895765298309,0.019253619706622885,scenario,cyp_cystitis,293.87549091863406
19.0,ganglia,10.121253104416212,0.964084450909,0.035915549091,0.265074359558932,26.5074359558932,0.18740657163114666,18.740657163114665,0.0964084450909,9.64084450909,0.015427088841023359,1.542708884102336,0.015427088841023359,0.0192838610512792,scenario,cyp_cystitis,291.8978734462077
19.083333333333,ganglia,10.121908139244427,0.964031583796,0.035968416204,0.2651113357392978,26.51113357392978,0.18745353039966417,18.745353039966417,0.0964031583796,9.640315837960001,0.015451359648176136,1.5451359648176135,0.015451359648176136,0.01931419956022017,scenario,cyp_cystitis,289.92025597378154
19.166666666667,ganglia,10.122566343283866,0.963978569106,0.036021430894,0.2651483330360501,26.514833303605013,0.18750052902827793,18.750052902827793,0.0963978569106,9.63978569106,0.015475708558400716,1.5475708558400716,0.015475708558400716,0.019344635698000896,scenario,cyp_cystitis,287.9426385013317
19.25,ganglia,10.12322772966705,0.963925406839,0.036074593161,0.2651853516299738,26.51853516299738,0.18754756771785977,18.754756771785978,0.0963925406839,9.63925406839,0.015500135945648608,1.5500135945648608,0.01550013594564861,0.019375169932060763,scenario,cyp_cystitis,285.9650210289054
19.333333333333,ganglia,10.123892311568593,0.963872096996,0.036127903004,0.2652223917027166,26.52223917027166,0.18759464667012954,18.759464667012953,0.0963872096996,9.63872096996,0.015524642186198024,1.5524642186198023,0.01552464218619802,0.019405802732747526,scenario,cyp_cystitis,283.98740355647885
19.416666666667,ganglia,10.124560102205232,0.963818639577,0.036181360423,0.2652594534362381,26.525945343623807,0.18764176608726452,18.76417660872645,0.0963818639577,9.638186395770001,0.015549227658670702,1.5549227658670701,0.015549227658670702,0.01943653457333838,scenario,cyp_cystitis,282.0097860840291
19.5,ganglia,10.12523111483587,0.963765032924,0.036234967076,0.26529653655668406,26.529653655668405,0.18768892584920452,18.76889258492045,0.0963765032924,9.63765032924,0.015573892744048901,1.55738927440489,0.0155738927440489,0.019467365930061126,scenario,cyp_cystitis,280.03216861160274
19.583333333333,ganglia,10.125905362761683,0.963711266296,0.036288733704,0.2653336382896576,26.53336382896576,0.1877361240667307,18.77361240667307,0.09637112662960001,9.637112662960002,0.015598637825695153,1.5598637825695154,0.015598637825695153,0.01949829728211894,scenario,cyp_cystitis,278.0545511391765
19.666666666667,ganglia,10.126582859326158,0.963657337761,0.036342662239,0.2653707582848443,26.53707582848443,0.18778336056527142,18.77833605652714,0.09636573377610001,9.63657337761,0.015623463289369602,1.5623463289369601,0.015623463289369602,0.019529329111712002,scenario,cyp_cystitis,276.0769336667266
19.75,ganglia,10.127263617915132,0.96360324732,0.03639675268,0.2654078967245058,26.540789672450583,0.18783063554722865,18.783063554722865,0.09636032473200001,9.636032473200002,0.015648369523247455,1.5648369523247454,0.01564836952324745,0.019560461904059315,scenario,cyp_cystitis,274.09931619430034
19.833333333333,ganglia,10.12794765195691,0.963548994973,0.036451005027,0.2654450537912143,26.544505379121432,0.18787794921546036,18.787794921546038,0.0963548994973,9.63548994973,0.015673356917939293,1.5673356917939294,0.015673356917939293,0.019591696147424117,scenario,cyp_cystitis,272.1216987218739
19.916666666667,ganglia,10.128634974922297,0.96349458072,0.03650541928,0.2654822296681264,26.54822296681264,0.18792530177347372,18.792530177347373,0.09634945807200002,9.634945807200001,0.015698425866508867,1.5698425866508867,0.015698425866508867,0.019623032333136083,scenario,cyp_cystitis,270.1440812494241
20.0,ganglia,10.129325600324645,0.96344000456,0.03655999544,0.2655194245387058,26.55194245387058,0.18797269342522868,18.797269342522867,0.096344000456,9.6344000456,0.01572357676449109,1.5723576764491092,0.015723576764491088,0.01965447095561386,scenario,cyp_cystitis,268.1664637769977
20.083333333333,ganglia,10.130019541719962,0.963385266495,0.036614733505,0.2655566385878309,26.55566385878309,0.18802012437592322,18.80201243759232,0.0963385266495,9.63385266495,0.015748810009912836,1.5748810009912837,0.015748810009912836,0.019686012512391046,scenario,cyp_cystitis,266.1888463045714
20.166666666667,ganglia,10.130716812706952,0.963330366523,0.036669633477,0.26559387199986356,26.559387199986357,0.18806759483062618,18.806759483062617,0.0963330366523,9.63330366523,0.0157741260033113,1.57741260033113,0.015774126003311295,0.01971765750413912,scenario,cyp_cystitis,264.21122883212155
20.25,ganglia,10.13141742692706,0.963275304644,0.036724695356,0.2656311249603018,26.56311249603018,0.1881151049954464,18.81151049954464,0.09632753046440001,9.632753046440001,0.01579952514775245,1.5799525147752451,0.015799525147752447,0.01974940643469056,scenario,cyp_cystitis,262.23361135969526
20.333333333333,ganglia,10.132121398064578,0.96322008086,0.03677991914,0.2656683976557842,26.566839765578422,0.18816265507753796,18.816265507753798,0.096322008086,9.6322008086,0.015825007848852442,1.5825007848852441,0.015825007848852442,0.01978125981106555,scenario,cyp_cystitis,260.2559938872688
20.416666666667,ganglia,10.132828739846687,0.963164695169,0.036835304831,0.2657056902724346,26.57056902724346,0.18821024528392732,18.821024528392734,0.09631646951690001,9.631646951690001,0.015850574514796423,1.5850574514796423,0.015850574514796423,0.01981321814349553,scenario,cyp_cystitis,258.2783764148191
20.5,ganglia,10.133539466043498,0.963109147572,0.036890852428,0.26574300299779074,26.574300299779075,0.18825787582287856,18.825787582287855,0.0963109147572,9.63109147572,0.01587622555635761,1.587622555635761,0.015876225556357614,0.01984528194544702,scenario,cyp_cystitis,256.3007589423927
20.583333333333,ganglia,10.134253590468164,0.963053437869,0.036946562131,0.26578033596451,26.578033596451,0.1883055468640111,18.83055468640111,0.0963053437869,9.630534378690001,0.015901961386919194,1.5901961386919194,0.015901961386919194,0.019877451733648993,scenario,cyp_cystitis,254.32314146996632
20.666666666667,ganglia,10.134971126976916,0.96299755783,0.03700244217,0.2658176870892628,26.58176870892628,0.18835325700695862,18.83532570069586,0.096299755783,9.6299755783,0.01592778242249373,1.5927782422493728,0.01592778242249373,0.019909728028117163,scenario,cyp_cystitis,252.3455239975164
20.75,ganglia,10.135692089469103,0.962941503148,0.037058496852,0.26585505537058796,26.585505537058797,0.18840100561754217,18.840100561754216,0.0962941503148,9.62941503148,0.015953689081742745,1.5953689081742746,0.015953689081742748,0.019942111352178434,scenario,cyp_cystitis,250.36790652509012
20.833333333333,ganglia,10.136416491887303,0.962885273825,0.037114726175,0.26589244099655973,26.58924409965597,0.18844879290451083,18.844879290451082,0.0962885273825,9.62885273825,0.015979681785999237,1.5979681785999238,0.015979681785999237,0.019974602232499045,scenario,cyp_cystitis,248.39028905266395
20.916666666667,ganglia,10.137144348217362,0.962828869859,0.037171130141,0.26592984415473364,26.592984415473364,0.18849661907648183,18.849661907648184,0.0962828869859,9.62828869859,0.016005760959287643,1.6005760959287643,0.016005760959287643,0.020007201199109554,scenario,cyp_cystitis,246.41267158021407
21.0,ganglia,10.137875672488427,0.962772291251,0.037227708749,0.2659672650340777,26.59672650340777,0.18854448434330853,18.854448434330852,0.0962772291251,9.62772291251,0.016031927028343974,1.6031927028343975,0.01603192702834397,0.020039908785429963,scenario,cyp_cystitis,244.43505410778766
21.083333333333,ganglia,10.138610478773067,0.962715538,0.037284462,0.266004703823596,26.600470382359596,0.18859238891510666,18.859238891510664,0.0962715538,9.627155380000001,0.016058180422638957,1.6058180422638957,0.016058180422638957,0.020072725528298696,scenario,cyp_cystitis,242.45743663536143
21.166666666667,ganglia,10.1393487811873,0.962658610107,0.037341389893,0.26604216071343223,26.604216071343224,0.18864033300303581,18.864033300303582,0.0962658610107,9.62658610107,0.016084521574398564,1.6084521574398565,0.016084521574398568,0.02010565196799821,scenario,cyp_cystitis,240.47981916291158
21.25,ganglia,10.140090593890625,0.962601507571,0.037398492429,0.266079635893763,26.6079635893763,0.18868831681851442,18.868831681851443,0.09626015075710001,9.62601507571,0.01611095091862474,1.611095091862474,0.01611095091862474,0.020138688648280927,scenario,cyp_cystitis,238.5022016904851
21.333333333333,ganglia,10.140835931086148,0.962544230394,0.037455769606,0.2661171295561843,26.611712955618426,0.18873634057420471,18.87363405742047,0.09625442303940002,9.625442303940002,0.016137468893119167,1.6137468893119167,0.01613746889311917,0.020171836116398965,scenario,cyp_cystitis,236.5245842180589
21.416666666667,ganglia,10.141584807020607,0.962486778574,0.037513221426,0.2661546418917745,26.61546418917745,0.18878440448263833,18.878440448263834,0.0962486778574,9.624867785740001,0.0161640759385044,1.6164075938504399,0.0161640759385044,0.0202050949231305,scenario,cyp_cystitis,234.5469667456089
21.5,ganglia,10.142337235984405,0.962429152111,0.037570847889,0.26619217309275234,26.619217309275236,0.18883250875739144,18.883250875739144,0.09624291521110001,9.62429152111,0.01619077249824518,1.619077249824518,0.01619077249824518,0.020238465622806477,scenario,cyp_cystitis,232.5693492731827
21.583333333333,ganglia,10.143093232311724,0.962371351007,0.037628648993,0.2662297233524805,26.62297233524805,0.18888065361308942,18.888065361308943,0.0962371351007,9.62371351007,0.016217559018672865,1.6217559018672865,0.016217559018672865,0.02027194877334108,scenario,cyp_cystitis,230.59173180075635
21.666666666667,ganglia,10.143852810380562,0.962313375259,0.037686624741,0.2662672928635288,26.62672928635288,0.18892883926403198,18.892883926403197,0.0962313375259,9.62313375259,0.01624443594900718,1.6244435949007179,0.016244435949007176,0.02030554493625897,scenario,cyp_cystitis,228.61411432830653
21.75,ganglia,10.144615984612756,0.96225521978,0.03774478022,0.2663048804120536,26.630488041205357,0.1889770649267262,18.89770649267262,0.096225521978,9.6225521978,0.01627140374137816,1.627140374137816,0.01627140374137816,0.0203392546767227,scenario,cyp_cystitis,226.63649685588007
21.833333333333,ganglia,10.145382769474107,0.962196877288,0.037803122712,0.2663424841760768,26.63424841760768,0.18902532938586308,18.902532938586308,0.0962196877288,9.62196877288,0.01629846285085124,1.629846285085124,0.01629846285085124,0.02037307856356405,scenario,cyp_cystitis,224.6588793834538
21.916666666667,ganglia,10.146153179474396,0.962138347726,0.037861652274,0.2663801043329113,26.638010433291132,0.18907363284479034,18.907363284479032,0.09621383477260001,9.62138347726,0.01632561373544964,1.6325613735449642,0.01632561373544964,0.02040701716931205,scenario,cyp_cystitis,222.68126191100393
22.0,ganglia,10.14692722916743,0.962079631094,0.037920368906,0.2664177410762258,26.641774107622577,0.18912197551869533,18.912197551869532,0.0962079631094,9.62079631094,0.016352856856176982,1.6352856856176983,0.01635285685617698,0.020441071070221223,scenario,cyp_cystitis,220.70364443857764
22.083333333333,ganglia,10.14770493315114,0.962020727394,0.037979272606,0.2664553946008306,26.64553946008306,0.1891703576238118,18.91703576238118,0.09620207273940001,9.620207273940002,0.01638019267704302,1.6380192677043022,0.01638019267704302,0.020475240846303776,scenario,cyp_cystitis,218.72602696615138
22.166666666667,ganglia,10.14848630606762,0.961961636624,0.038038363376,0.2664930651010148,26.64930651010148,0.18921877937623863,18.92187793762386,0.09619616366240001,9.61961636624,0.016407621665086747,1.6407621665086747,0.016407621665086747,0.020509527081358433,scenario,cyp_cystitis,216.7484094937014
22.25,ganglia,10.149271362603155,0.961902358785,0.038097641215,0.2665307527724828,26.653075277248277,0.18926724099331418,18.92672409933142,0.09619023587850001,9.61902358785,0.016435144290399634,1.6435144290399633,0.01643514429039963,0.02054393036299954,scenario,cyp_cystitis,214.77079202127507
22.333333333333,ganglia,10.15006011748833,0.961842893876,0.038157106124,0.26656845781097427,26.656845781097427,0.18931574269263807,18.931574269263805,0.0961842893876,9.61842893876,0.016462761026152115,1.6462761026152115,0.016462761026152115,0.020578451282690143,scenario,cyp_cystitis,212.79317454884875
22.416666666667,ganglia,10.15085258549806,0.961783241898,0.038216758102,0.26660618041337025,26.660618041337024,0.18936428469285582,18.93642846928558,0.0961783241898,9.61783241898,0.016490472348617315,1.6490472348617315,0.016490472348617315,0.02061309043577164,scenario,cyp_cystitis,210.81555707639896
22.5,ganglia,10.151648781451614,0.961723402851,0.038276597149,0.26664392077686033,26.664392077686035,0.18941286721306702,18.941286721306703,0.09617234028510001,9.617234028510001,0.016518278737195056,1.6518278737195056,0.016518278737195056,0.02064784842149382,scenario,cyp_cystitis,208.83793960397264
22.583333333333,ganglia,10.152448720212734,0.961663376734,0.038336623266,0.26668167909894686,26.668167909894684,0.18946149047282984,18.946149047282983,0.0961663376734,9.616633767340002,0.01654618067443901,1.6546180674439008,0.016546180674439012,0.020682725843048765,scenario,cyp_cystitis,206.8603221315463
22.666666666667,ganglia,10.153252416689655,0.961603163548,0.038396836452,0.26671945557827487,26.671945557827488,0.18951015469274984,18.951015469274985,0.0961603163548,9.61603163548,0.01657417864608121,1.6574178646081212,0.01657417864608121,0.020717723307601514,scenario,cyp_cystitis,204.88270465909648
22.75,ganglia,10.154059885835133,0.961542763292,0.038457236708,0.26675725041352133,26.675725041352134,0.18955886009369036,18.955886009369035,0.0961542763292,9.61542763292,0.01660227314105668,1.660227314105668,0.016602273141056684,0.020752841426320855,scenario,cyp_cystitis,202.90508718667016
22.833333333333,ganglia,10.154871142646558,0.961482173374,0.038517826626,0.266795063084995,26.6795063084995,0.1896076063862167,18.96076063862167,0.0961482173374,9.614821733740001,0.016630464651531448,1.6630464651531447,0.016630464651531448,0.02078808081441431,scenario,cyp_cystitis,200.92746971424384
22.916666666667,ganglia,10.155686202165976,0.961421384298,0.038578615702,0.26683289115686787,26.683289115686787,0.18965639191896427,18.96563919189643,0.0961421384298,9.61421384298,0.01665875367292768,1.665875367292768,0.01665875367292768,0.020823442091159602,scenario,cyp_cystitis,198.949852241794
23.0,ganglia,10.156505079480116,0.961360395188,0.038639604812,0.2668707345846195,26.687073458461953,0.18970521673979948,18.97052167397995,0.09613603951880001,9.613603951880002,0.016687140703949166,1.6687140703949166,0.016687140703949166,0.020858925879936457,scenario,cyp_cystitis,196.97223476936753
23.083333333333,ganglia,10.157327789720501,0.961299206046,0.038700793954,0.2669085935678959,26.69085935678959,0.1897540810703288,18.97540810703288,0.09612992060460002,9.612992060460002,0.01671562624661003,1.671562624661003,0.01671562624661003,0.020894532808262534,scenario,cyp_cystitis,194.9946172969413
23.166666666667,ganglia,10.158154348063466,0.96123781687,0.03876218313,0.26694646830581575,26.694646830581576,0.1898029851320175,18.98029851320175,0.096123781687,9.612378168700001,0.016744210806260658,1.6744210806260658,0.01674421080626066,0.020930263507825828,scenario,cyp_cystitis,193.01699982449136
23.25,ganglia,10.158984769730191,0.961176227662,0.038823772338,0.26698435899919004,26.698435899919005,0.18985192914776675,18.985192914776675,0.0961176227662,9.61176227662,0.01677289489161396,1.6772894891613959,0.01677289489161396,0.02096611861451745,scenario,cyp_cystitis,191.039382352065
23.333333333333,ganglia,10.159819069986801,0.96111443842,0.03888556158,0.26702226584830496,26.702226584830495,0.18990091334033882,18.99009133403388,0.096111443842,9.611144384200001,0.01680167901477486,1.6801679014774857,0.01680167901477486,0.021002098768468574,scenario,cyp_cystitis,189.06176487963876
23.416666666667,ganglia,10.160657264144398,0.961052449145,0.038947550855,0.2670601890548636,26.70601890548636,0.18994993793373732,18.994993793373734,0.09610524491450001,9.61052449145,0.01683056369126707,1.683056369126707,0.01683056369126707,0.021038204614083837,scenario,cyp_cystitis,187.08414740718894
23.5,ganglia,10.161499367559069,0.960990259838,0.039009740162,0.2670981288211514,26.70981288211514,0.18999900315261267,18.999900315261268,0.0960990259838,9.60990259838,0.016859549440060052,1.6859549440060053,0.016859549440060052,0.021074436800075064,scenario,cyp_cystitis,185.10652993476248
23.583333333333,ganglia,10.162345395632011,0.960927870497,0.039072129503,0.2671360853492065,26.713608534920652,0.19004810922167392,19.004810922167394,0.09609278704970001,9.60927870497,0.016888636783599427,1.6888636783599427,0.016888636783599427,0.021110795979499282,scenario,cyp_cystitis,183.12891246233616
23.666666666667,ganglia,10.16319536380954,0.960865281123,0.039134718877,0.267174058842485,26.717405884248503,0.19009725636687227,19.00972563668723,0.09608652811230001,9.608652811230002,0.016917826247834514,1.6917826247834513,0.016917826247834514,0.021147282809793142,scenario,cyp_cystitis,181.1512949898864
23.75,ganglia,10.164049287583119,0.960802491716,0.039197508284,0.2672120495047478,26.72120495047478,0.19014644481460868,19.01464448146087,0.0960802491716,9.60802491716,0.016947118362246168,1.6947118362246167,0.016947118362246164,0.021183897952807704,scenario,cyp_cystitis,179.17367751745996
23.833333333333,ganglia,10.164907182489456,0.960739502276,0.039260497724,0.2672500575403422,26.72500575403422,0.19019567479193575,19.019567479193576,0.09607395022760001,9.607395022760002,0.016976513659877988,1.6976513659877988,0.016976513659877988,0.021220642074847484,scenario,cyp_cystitis,177.19606004503373
23.916666666667,ganglia,10.165769064110538,0.960676311344,0.039323688656,0.26728808274826416,26.728808274826417,0.19024494623762683,19.024494623762685,0.0960676311344,9.606763113440001,0.017006012677364755,1.7006012677364755,0.017006012677364752,0.02125751584670594,scenario,cyp_cystitis,175.21844257258374
24.0,ganglia,10.166634948073634,0.960612902485,0.039387097515,0.2673261207601275,26.732612076012753,0.19029425612403056,19.029425612403056,0.0960612902485,9.60612902485,0.01703561595496107,1.703561595496107,0.01703561595496107,0.021294519943701337,scenario,cyp_cystitis,173.2408251001575
0.0,brain,2.3516004500665,0.990096927836,0.009903072164,0.2887560624540819,28.875606245408193,0.05497577399344257,5.497577399344257,0.247524231959,24.7524231959,0.003125663724795627,0.3125663724795627,0.003125663724795627,0.002500530979836502,scenario,cyp_cystitis,0.001
0.083333333333,brain,2.357656627499595,0.990105619174,0.009894380826,0.28870930674338297,28.870930674338297,0.054910535933177275,5.491053593317727,0.2475264047935,24.75264047935,0.003063225695680833,0.3063225695680833,0.003063225695680833,0.0024505805565446666,scenario,cyp_cystitis,23.076032323604892
0.166666666667,brain,2.363891729580689,0.990114310512,0.009885689488,0.2886658607848636,28.86658607848636,0.05484971087581815,5.484971087581815,0.247528577628,24.7528577628,0.0030037614291391246,0.30037614291391246,0.0030037614291391246,0.0024030091433112997,scenario,cyp_cystitis,46.151064647486685
0.25,brain,2.3703080005505575,0.990128305568,0.009871694432,0.28862727094080326,28.862727094080327,0.054793592731737645,5.479359273173764,0.247532076392,24.7532076392,0.0029470817143720874,0.29470817143720873,0.002947081714372087,0.0023576653714976695,scenario,cyp_cystitis,69.22609697109161
0.333333333333,brain,2.3769075378267432,0.990144412723,0.009855587277,0.28859260416180393,28.859260416180394,0.05474200130807192,5.474200130807192,0.24753610318075,24.753610318075,0.0028930131073472963,0.28930131073472964,0.002893013107347296,0.002314410485877837,scenario,cyp_cystitis,92.3011292946965
0.416666666667,brain,2.3836922822083872,0.990160761732,0.009839238268,0.288561310466766,28.856131046676598,0.054694826711687954,5.469482671168795,0.247540190433,24.754019043299998,0.0028413962925248272,0.2841396292524827,0.002841396292524827,0.0022731170340198614,scenario,cyp_cystitis,115.37616161857821
0.5,brain,2.3906640080243307,0.990179298508,0.009820701492,0.28853394947311894,28.853394947311894,0.05465216646149189,5.465216646149189,0.247544824627,24.7544824627,0.002792084643236753,0.2792084643236753,0.002792084643236753,0.002233667714589403,scenario,cyp_cystitis,138.45119394218312
0.583333333333,brain,2.3978243132491177,0.990200446714,0.009799553286,0.28851063422499845,28.851063422499845,0.05461403006199794,5.461403006199794,0.2475501116785,24.75501116785,0.002744942953186841,0.2744942953186841,0.0027449429531868413,0.002195954362549473,scenario,cyp_cystitis,161.52622626578798
0.666666666667,brain,2.4051746096103477,0.99022420635,0.00977579365,0.28849135141178467,28.84913514117847,0.05458039976571291,5.458039976571291,0.2475560515875,24.75560515875,0.0026998463158339142,0.2699846315833914,0.0026998463158339142,0.0021598770526671317,scenario,cyp_cystitis,184.6012585896699
0.75,brain,2.4127161127140027,0.990250577415,0.009749422585,0.2884760847445486,28.847608474454862,0.05455125385439812,5.455125385439812,0.24756264435375,24.756264435375,0.0026566791319510797,0.26566791319510796,0.0026566791319510797,0.002125343305560864,scenario,cyp_cystitis,207.67629091327467
0.833333333333,brain,2.4204498322155157,0.990278795627,0.009721204373,0.28846459222110366,28.846459222110365,0.054526524419138224,5.4526524419138225,0.24756969890675,24.756969890675002,0.0026153342286038875,0.2615334228603888,0.0026153342286038875,0.0020922673828831103,scenario,cyp_cystitis,230.7513232368796
0.916666666667,brain,2.4283765620628395,0.99030758217,0.00969241783,0.2884564788365897,28.84564788365897,0.054506111058786284,5.450611105878629,0.2475768955425,24.75768955425,0.0025757120752661917,0.25757120752661916,0.0025757120752661917,0.0020605696602129533,scenario,cyp_cystitis,253.82635556076147
1.0,brain,2.4364968708409505,0.990336917044,0.009663082956,0.2884517130151669,28.845171301516693,0.05448997833888921,5.448997833888921,0.247584229261,24.7584229261,0.0025377200848394755,0.25377200848394754,0.0025377200848394755,0.0020301760678715806,scenario,cyp_cystitis,276.9013878843663
1.083333333333,brain,2.4448110922481963,0.990366800251,0.009633199749,0.2886244101496169,28.862441014961686,0.05471028011582248,5.471028011582248,0.24759170006275,24.759170006275,0.0025567806582285977,0.2556780658228598,0.0025567806582285973,0.002045424526582878,scenario,cyp_cystitis,271.6826731232704
1.166666666667,brain,2.453319315732974,0.990397128329,0.009602871671,0.2888005206343331,28.880052063433308,0.05493498473611082,5.493498473611082,0.24759928208225,24.759928208225,0.002576200774295317,0.2576200774295317,0.002576200774295317,0.0020609606194362537,scenario,cyp_cystitis,266.4639583621121
1.25,brain,2.462021377322392,0.990426176893,0.009573823107,0.2889795429019498,28.89795429019498,0.0551639982382664,5.51639982382664,0.24760654422325,24.760654422325,0.0025959846905037366,0.25959846905037365,0.002595984690503736,0.002076787752402989,scenario,cyp_cystitis,261.24524360101617
1.333333333333,brain,2.4709168506752754,0.99045333262,0.00954666738,0.28916129431012044,28.916129431012045,0.055397281540160555,5.539728154016055,0.247613333155,24.7613333155,0.0026161364572403942,0.26161364572403945,0.002616136457240394,0.002092909165792315,scenario,cyp_cystitis,256.02652883992045
1.416666666667,brain,2.480005038389541,0.99047859551,0.00952140449,0.28934576652912275,28.934576652912273,0.05563482353549699,5.5634823535496984,0.2476196488775,24.761964887749997,0.002636659904318506,0.26366599043185057,0.002636659904318506,0.0021093279234548046,scenario,cyp_cystitis,250.8078140787622
1.5,brain,2.4892849635970196,0.990501965562,0.009498034438,0.2895329466590457,28.953294665904572,0.055876607024727624,5.587660702472762,0.2476254913905,24.762549139049998,0.002657558627454085,0.2657558627454085,0.0026575586274540856,0.0021260469019632688,scenario,cyp_cystitis,245.5890993176662
1.583333333333,brain,2.498755361879247,0.990523707673,0.009476292327,0.28972289457617895,28.972289457617894,0.05612262354390524,5.6122623543905235,0.24763092691825,24.763092691825,0.002678835974750291,0.2678835974750291,0.0026788359747502905,0.0021430687798002323,scenario,cyp_cystitis,240.37038455657043
1.666666666667,brain,2.508414673534907,0.990544408369,0.009455591631,0.2899157596579057,28.991575965790574,0.05637287675420762,5.637287675420763,0.24763610209225,24.763610209225,0.0027004950332209098,0.270049503322091,0.00270049503322091,0.0021603960265767284,scenario,cyp_cystitis,235.15166979541215
1.75,brain,2.5182610362325386,0.990563853734,0.009436146266,0.29011145235057556,29.011145235057555,0.056627318556100766,5.662731855610077,0.2476409634335,24.76409634335,0.0027225386153916426,0.27225386153916425,0.0027225386153916426,0.002178030892313314,scenario,cyp_cystitis,229.93295503431636
1.833333333333,brain,2.528292278082242,0.990581787076,0.009418212924,0.2903098653415991,29.030986534159908,0.05688589143013209,5.688589143013209,0.247645446769,24.764544676899998,0.0027449692460193506,0.2744969246019351,0.002744969246019351,0.002195975396815481,scenario,cyp_cystitis,224.71424027322044
1.916666666667,brain,2.538505911156729,0.9905979517,0.0094020483,0.2905108859463536,29.05108859463536,0.05714853069513812,5.714853069513811,0.247649487925,24.7649487925,0.002767789148963369,0.2767789148963369,0.002767789148963369,0.002214231319170695,scenario,cyp_cystitis,219.49552551206202
2.0,brain,2.548899125494862,0.990612090913,0.009387909087,0.2907143960020033,29.07143960020033,0.05741516436500435,5.741516436500435,0.24765302272825,24.765302272825,0.0027910002342508857,0.27910002342508855,0.0027910002342508857,0.0022328001874007087,scenario,cyp_cystitis,214.2768107509663
2.083333333333,brain,2.559468783620552,0.990623948023,0.009376051977,0.290913801733618,29.091380173361802,0.05767708630382403,5.767708630382403,0.24765598700575,24.765598700575,0.002812316819311524,0.2812316819311524,0.0028123168193115245,0.0022498534554492196,scenario,cyp_cystitis,210.04420222075706
2.166666666667,brain,2.5702114156059612,0.990633266334,0.009366733666,0.2911153770497017,29.111537704970168,0.05794274728826896,5.794274728826896,0.2476583165835,24.76583165835,0.0028339723176372122,0.2833972317637212,0.0028339723176372122,0.00226717785410977,scenario,cyp_cystitis,205.81159369049723
2.25,brain,2.5811232147105727,0.990640328593,0.009359671407,0.29131914417031424,29.131914417031425,0.05821208269608565,5.821208269608565,0.24766008214825,24.766008214825,0.0028559660759249427,0.2855966075924943,0.0028559660759249427,0.002284772860739954,scenario,cyp_cystitis,201.57898516028803
2.333333333333,brain,2.592200033626985,0.990645732491,0.009354267509,0.2915252126709028,29.152521267090282,0.058485039397537124,5.848503939753712,0.24766143312275,24.766143312275,0.0028782970546138895,0.287829705461389,0.00287829705461389,0.002302637643691112,scenario,cyp_cystitis,197.3463766300788
2.416666666667,brain,2.6034373813598677,0.990649512006,0.009350487994,0.29173352102010647,29.173352102010647,0.05876152402480859,5.876152402480859,0.2476623780015,24.76623780015,0.002900963817668725,0.2900963817668725,0.002900963817668725,0.00232077105413498,scenario,cyp_cystitis,193.11376809981888
2.5,brain,2.614830420766855,0.990651699275,0.009348300725,0.2919440015466276,29.19440015466276,0.05904143563717016,5.904143563717016,0.24766292481875,24.766292481875,0.002923964522887497,0.2923964522887497,0.0029239645228874966,0.0023391716183099975,scenario,cyp_cystitis,188.88115956960968
2.583333333333,brain,2.6263739667890977,0.990652326439,0.009347673561,0.29215658095827507,29.215658095827507,0.05932466579803339,5.9324665798033385,0.24766308160975,24.766308160975,0.00294729691277908,0.294729691277908,0.00294729691277908,0.0023578375302232644,scenario,cyp_cystitis,184.6485510394006
2.666666666667,brain,2.638062485394194,0.990651425635,0.009348574365,0.29237118032831055,29.237118032831056,0.05961109855941408,5.961109855941408,0.24766285640875,24.766285640875,0.0029709583060475277,0.29709583060475275,0.002970958306047528,0.0023767666448380226,scenario,cyp_cystitis,180.41594250914065
2.75,brain,2.649890093256345,0.990649029003,0.009350970997,0.2925877150984254,29.25877150984254,0.05990061046356723,5.990061046356724,0.24766225725075,24.766225725075,0.0029949455897273795,0.29949455897273797,0.0029949455897273795,0.0023959564717819038,scenario,cyp_cystitis,176.18333397893153
2.833333333333,brain,2.6618505581971483,0.990645167631,0.009354832369,0.2928060947803666,29.280609478036663,0.060193070496822196,6.01930704968222,0.24766129190775,24.766129190775,0.0030192552120136894,0.30192552120136895,0.00301925521201369,0.002415404169610952,scenario,cyp_cystitis,171.95072544872238
2.916666666667,brain,2.6739373004048828,0.990639819252,0.009360180748,0.2930262075100118,29.30262075100118,0.06048833692934908,6.048833692934908,0.247659954813,24.7659954813,0.0030438831758219844,0.3043883175821984,0.003043883175821985,0.002435106540657588,scenario,cyp_cystitis,167.7181169184623
3.0,brain,2.686143394452087,0.990632971048,0.009367028952,0.29324793861761256,29.324793861761258,0.06078626114081673,6.078626114081673,0.247658242762,24.7658242762,0.0030688250331199736,0.30688250331199735,0.0030688250331199736,0.0024550600264959793,scenario,cyp_cystitis,163.48550838825315
3.083333333333,brain,2.6984615721293905,0.990624635288,0.009375364712,0.29347117532270467,29.347117532270467,0.06108668866760619,6.1086688667606195,0.247656158822,24.765615882200002,0.003094075880072048,0.3094075880072048,0.0030940758800720486,0.002475260704057639,scenario,cyp_cystitis,159.2528998580441
3.166666666667,brain,2.7108842261075567,0.990614824238,0.009385175762,0.2936957993893554,29.36957993893554,0.06138945777314054,6.138945777314054,0.2476537060595,24.76537060595,0.003119630353028228,0.3119630353028228,0.003119630353028228,0.0024957042824225828,scenario,cyp_cystitis,155.02029132778415
3.25,brain,2.7234034144414156,0.990603550167,0.009396449833,0.2939216872070742,29.392168720707417,0.06169439955376561,6.169439955376561,0.24765088754175,24.765088754175,0.003145482625395682,0.3145482625395682,0.0031454826253956825,0.002516386100316546,scenario,cyp_cystitis,150.78768279757492
3.333333333333,brain,2.736010865927203,0.990590825343,0.009409174657,0.2941487098824371,29.414870988243706,0.06200133806224944,6.200133806224944,0.24764770633575,24.764770633575,0.003171626405429636,0.3171626405429636,0.003171626405429636,0.002537301124343709,scenario,cyp_cystitis,146.5550742673658
3.416666666667,brain,2.7486979863184056,0.990576662033,0.009423337967,0.29437673334556536,29.437673334556536,0.062310090449753795,6.231009044975379,0.24764416550825,24.764416550825,0.003198054934970326,0.31980549349703263,0.003198054934970326,0.002558443947976261,scenario,cyp_cystitis,142.3224657371058
3.5,brain,2.7614558654067745,0.990561075641,0.009438924359,0.2946056194035838,29.46056194035838,0.06262046732444508,6.262046732444508,0.24764026891025,24.764026891025,0.0032247609891589697,0.32247609891589696,0.0032247609891589697,0.002579808791327176,scenario,cyp_cystitis,138.0898572068966
3.583333333333,brain,2.774275284972706,0.990544113,0.009455887,0.2948352342993047,29.483523429930468,0.06293227473240624,6.293227473240624,0.24763602825,24.763602825,0.0032517368771638627,0.3251736877163863,0.0032517368771638627,0.0026013895017310902,scenario,cyp_cystitis,133.85724867668748
3.666666666667,brain,2.7871467276024733,0.990525804261,0.009474195739,0.2950654345643807,29.506543456438074,0.0632453113321743,6.32453113321743,0.24763145106525,24.763145106525002,0.003278974443936897,0.3278974443936897,0.003278974443936897,0.0026231795551495177,scenario,cyp_cystitis,129.6246401464275
3.75,brain,2.800060386371205,0.990506172232,0.009493827768,0.2952960699447388,29.529606994473877,0.06355936918231841,6.3559369182318415,0.247626543058,24.762654305799998,0.0033064650730268335,0.33064650730268336,0.003306465073026834,0.002645172058421467,scenario,cyp_cystitis,125.39203161621839
3.833333333333,brain,2.8130061753878555,0.990485239719,0.009514760281,0.29552698575631303,29.552698575631304,0.06387423443541737,6.387423443541737,0.24762130992975,24.762130992975003,0.0033341996904734557,0.33341996904734555,0.0033341996904734557,0.0026673597523787645,scenario,cyp_cystitis,121.15942308600923
3.916666666667,brain,2.825973741191457,0.990463029528,0.009536970472,0.295758023072796,29.5758023072796,0.06418968758772799,6.418968758772799,0.247615757382,24.7615757382,0.003362168769795118,0.3362168769795118,0.003362168769795118,0.0026897350158360945,scenario,cyp_cystitis,116.92681455574923
4.0,brain,2.8389524749893047,0.990439564466,0.009560435534,0.29598901892585755,29.598901892585754,0.06450550374581009,6.450550374581009,0.2476098911165,24.76098911165,0.0033903623380882254,0.33903623380882253,0.0033903623380882246,0.00271228987047058,scenario,cyp_cystitis,112.6942060255401
4.083333333333,brain,2.851931525724922,0.99041486734,0.00958513266,0.29619889178874115,29.619889178874114,0.06479356660498821,6.479356660498821,0.247603716835,24.760371683499997,0.003410145109721295,0.3410145109721295,0.003410145109721295,0.002728116087777036,scenario,cyp_cystitis,111.27471468469723
4.166666666667,brain,2.864899813956624,0.990388997807,0.009611002193,0.2964081965770651,29.64081965770651,0.06508126283375348,6.508126283375349,0.24759724945175,24.759724945174998,0.003429964855749475,0.3429964855749475,0.0034299648557494754,0.0027439718845995806,scenario,cyp_cystitis,109.85522334383724
4.25,brain,2.8778460465288256,0.990362136677,0.009637863323,0.29661680721101136,29.661680721101135,0.06536836405568176,6.5368364055681765,0.24759053416925,24.759053416925,0.003449808225846744,0.3449808225846744,0.003449808225846744,0.0027598465806773953,scenario,cyp_cystitis,108.43573200299438
4.333333333333,brain,2.8907587320154238,0.99033434444,0.00966565556,0.2968245588554556,29.68245588554556,0.06565463032727417,6.5654630327274175,0.24758358611,24.758358611000002,0.0034696615662087446,0.34696615662087443,0.0034696615662087446,0.0027757292529669957,scenario,cyp_cystitis,107.01624066215147
4.416666666667,brain,2.90362619690756,0.990305666599,0.009694333401,0.29703127964481213,29.70312796448121,0.06593981732674953,6.593981732674953,0.24757641664975,24.757641664975,0.003489510937042388,0.3489510937042388,0.003489510937042388,0.0027916087496339106,scenario,cyp_cystitis,105.59674932129154
4.5,brain,2.9164366025194814,0.990276148659,0.009723851341,0.2972367954382415,29.72367954382415,0.06622367769798868,6.622367769798868,0.24756903716475,24.756903716475,0.0035093421310430006,0.35093421310430006,0.0035093421310430006,0.0028074737048344005,scenario,cyp_cystitis,104.17725798044864
4.583333333333,brain,2.9291779625834495,0.990245836124,0.009754163876,0.2974409301003156,29.74409301003156,0.0665059614257541,6.65059614257541,0.247561459031,24.7561459031,0.0035291406928330527,0.35291406928330527,0.0035291406928330527,0.0028233125542664423,scenario,cyp_cystitis,102.75776663960569
4.666666666667,brain,2.9418381614977918,0.990214774496,0.009785225504,0.2976435057906874,29.764350579068736,0.06678641622224984,6.678641622224984,0.247553693624,24.7553693624,0.0035488919393265577,0.3548891939326558,0.003548891939326558,0.0028391135514612468,scenario,cyp_cystitis,101.33827529874577
4.75,brain,2.9544049731937436,0.99018300928,0.00981699072,0.2978443432633701,29.78443432633701,0.06706478792449345,6.706478792449346,0.24754575232,24.754575232,0.0035685809809862514,0.3568580980986251,0.003568580980986251,0.002854864784789001,scenario,cyp_cystitis,99.91878395790289
4.833333333333,brain,2.9668660805841163,0.99015058598,0.00984941402,0.2980432621704866,29.80432621704866,0.06734082090064877,6.734082090064877,0.247537646495,24.753764649500003,0.0035881927439372244,0.3588192743937224,0.003588192743937224,0.002870554195149779,scenario,cyp_cystitis,98.49929261705992
4.916666666667,brain,2.979209095550283,0.990117550099,0.009882449901,0.2982400813736654,29.82400813736654,0.06761425846522055,6.761425846522055,0.24752938752475,24.752938752475,0.003607711992890964,0.3607711992890964,0.0036077119928909634,0.002886169594312771,scenario,cyp_cystitis,97.07980127620003
5.0,brain,2.9914215794257273,0.990083947142,0.009916052858,0.2984346192621059,29.84346192621059,0.06788484330214119,6.788484330214119,0.2475209867855,24.75209867855,0.0036271233548369627,0.36271233548369625,0.003627123354836963,0.0029016986838695706,scenario,cyp_cystitis,95.66030993535708
5.083333333333,brain,3.003491063932063,0.990049822611,0.009950177389,0.2986266940732927,29.862669407329268,0.0681523178940569,6.81523178940569,0.24751245565275,24.751245565275003,0.0036464113434558306,0.36464113434558304,0.0036464113434558306,0.0029171290747646646,scenario,cyp_cystitis,94.2408185945142
5.166666666667,brain,3.015405072517315,0.990015222012,0.009984777988,0.29881612422159415,29.881612422159414,0.06841642495812551,6.841642495812551,0.247503805503,24.7503805503,0.003665560384198524,0.3665560384198524,0.0036655603841985246,0.0029324483073588196,scenario,cyp_cystitis,92.8213272536543
5.25,brain,3.0271511420482957,0.989980190847,0.010019809153,0.29900272862586497,29.900272862586498,0.06867690788548664,6.867690788548664,0.24749504771175,24.749504771174998,0.0036845548399797633,0.36845548399797634,0.0036845548399797637,0.0029476438719838113,scenario,cyp_cystitis,91.40183591281136
5.333333333333,brain,3.0387168448069133,0.98994477462,0.01005522538,0.2991863270440388,29.91863270440388,0.06893351118538506,6.893351118538506,0.247486193655,24.748619365499998,0.0037033790374308485,0.37033790374308484,0.003703379037430849,0.0029627032299446793,scenario,cyp_cystitis,89.98234457196848
5.416666666667,brain,3.0500898107347214,0.989909018836,0.010090981164,0.29936674040754463,29.93667404075446,0.06918598093139282,6.918598093139281,0.247477254709,24.7477254709,0.003722017293648294,0.37220172936482937,0.003722017293648294,0.002977613834918635,scenario,cyp_cystitis,88.56285323110852
5.5,brain,3.0612577498723788,0.989872968998,0.010127031002,0.29954379115627255,29.954379115627255,0.06943406520903006,6.943406520903006,0.2474682422495,24.74682422495,0.0037404539433785215,0.37404539433785217,0.0037404539433785215,0.0029923631547028175,scenario,cyp_cystitis,87.14336189026565
5.583333333333,brain,3.0722084749391296,0.989836660755,0.010163339245,0.29971730059167745,29.971730059167744,0.0696775138705699,6.967751387056991,0.24745916518875,24.745916518875,0.0037586733665764455,0.37586733665764455,0.0037586733665764447,0.0030069386932611557,scenario,cyp_cystitis,85.7238705494227
5.666666666667,brain,3.082929923992595,0.989800001252,0.010199998748,0.29988705325525705,29.988705325525704,0.06991607058967607,6.991607058967607,0.247450000313,24.7450000313,0.003776660016267682,0.37766600162676817,0.0037766600162676815,0.0030213280130141455,scenario,cyp_cystitis,84.30437920856275
5.75,brain,3.093410183111869,0.989762975121,0.010237024879,0.30005285959595,30.005285959595003,0.07014948775426672,7.014948775426672,0.24744074378025,24.744074378025,0.0037943984466483945,0.37943984466483943,0.003794398446648395,0.003035518757318716,scenario,cyp_cystitis,82.88488786771988
5.833333333333,brain,3.103637509045892,0.98972560689,0.01027439311,0.30021454497335326,30.021454497335327,0.07037752433447103,7.037752433447103,0.2474314017225,24.74314017225,0.0038118733413548688,0.3811873341354869,0.0038118733413548688,0.0030494986730838954,scenario,cyp_cystitis,81.46539652687696
5.916666666667,brain,3.113600351765024,0.989687921084,0.010312078916,0.300371937914643,30.0371937914643,0.07059994352485731,7.059994352485731,0.247421980271,24.742198027100002,0.0038290695418277338,0.3829069541827734,0.003829069541827734,0.0030632556334621876,scenario,cyp_cystitis,80.04590518601704
6.0,brain,3.123287376856844,0.989649942228,0.010350057772,0.3005248704425262,30.05248704425262,0.07081651318070155,7.081651318070155,0.247412485557,24.7412485557,0.0038459720757004156,0.38459720757004157,0.0038459720757004156,0.0030767776605603327,scenario,cyp_cystitis,78.62641384517411
6.083333333333,brain,3.1326874877067437,0.989611694849,0.010388305151,0.300673178398456,30.067317839845597,0.07102700624827467,7.102700624827467,0.24740292371225,24.740292371225,0.003862566185140186,0.3862566185140186,0.0038625661851401853,0.0030900529481121485,scenario,cyp_cystitis,77.20692250433123
6.166666666667,brain,3.1417898474007084,0.989573203472,0.010426796528,0.30081670175875935,30.081670175875935,0.07123120118767917,7.123120118767917,0.247393300868,24.7393300868,0.0038788373550639257,0.38788373550639255,0.0038788373550639257,0.003103069884051141,scenario,cyp_cystitis,75.78743116347128
6.25,brain,3.150583900291158,0.989534492624,0.010465507376,0.3009552849471662,30.09552849471662,0.07142888238822166,7.142888238822167,0.247383623156,24.7383623156,0.003894771341155884,0.3894771341155884,0.0038947713411558844,0.003115817072924708,scenario,cyp_cystitis,74.36793982262841
6.333333333333,brain,3.1590593931668813,0.989495586829,0.010504413171,0.3010887771378246,30.108877713782462,0.07161984057409952,7.161984057409952,0.24737389670725,24.737389670724998,0.003910354197614205,0.3910354197614205,0.003910354197614205,0.0031282833580913642,scenario,cyp_cystitis,72.94844848178549
6.416666666667,brain,3.1672063959658256,0.989456510615,0.010543489385,0.30121703255440063,30.121703255440064,0.07180387320086751,7.1803873200867505,0.24736412765375,24.736412765375,0.003925572304547778,0.3925572304547778,0.003925572304547779,0.0031404578436382232,scenario,cyp_cystitis,71.52895714092554
6.5,brain,3.1750153219733726,0.989417288507,0.010582711493,0.301339910756642,30.133991075664202,0.07198078483985607,7.198078483985607,0.24735432212675,24.735432212674997,0.003940412394950665,0.3940412394950665,0.003940412394950664,0.0031523299159605315,scenario,cyp_cystitis,70.10946580008266
6.583333333333,brain,3.182476947449482,0.989377945031,0.010622054969,0.3014572769213118,30.14572769213118,0.07215038755141577,7.215038755141577,0.24734448625775,24.734448625775,0.0039548615811815045,0.39548615811815047,0.003954861581181505,0.0031638892649452043,scenario,cyp_cystitis,68.68997445923972
6.666666666667,brain,3.1895824306267793,0.989338504713,0.010661495287,0.30156900211190424,30.156900211190425,0.0723125012448723,7.2312501244872305,0.24733462617825,24.733462617825,0.003968907380871307,0.3968907380871307,0.003968907380871307,0.003175125904697046,scenario,cyp_cystitis,67.27048311837976
6.75,brain,3.19632333002585,0.989298992078,0.010701007922,0.30167496353801504,30.167496353801504,0.0724669540246867,7.24669540246867,0.2473247480195,24.732474801949998,0.003982537742189086,0.39825377421890856,0.003982537742189086,0.003186030193751269,scenario,cyp_cystitis,65.85099177753688
6.833333333333,brain,3.202691622035344,0.989259431652,0.010740568348,0.3017750448046539,30.177504480465387,0.07261358252220514,7.261358252220513,0.247314857913,24.731485791300003,0.003995741068395769,0.3995741068395769,0.003995741068395769,0.003196592854716615,scenario,cyp_cystitis,64.43150043669401
6.916666666667,brain,3.2086797177041544,0.989219847962,0.010780152038,0.3018691361493363,30.18691361493363,0.07275223221178174,7.275223221178175,0.2473049619905,24.730496199050002,0.004008506241613913,0.40085062416139133,0.004008506241613913,0.0032068049932911305,scenario,cyp_cystitis,63.01200909583403
7.0,brain,3.214280478697365,0.989180265598,0.010819734402,0.3019571346859233,30.195713468592327,0.07288275771523103,7.288275771523104,0.2472950663995,24.72950663995,0.004020822645747255,0.40208226457472557,0.004020822645747256,0.003216658116597805,scenario,cyp_cystitis,61.59251775499115
7.083333333333,brain,3.2194872323695645,0.989140739093,0.010859260907,0.30203895374084627,30.203895374084627,0.07300502529012833,7.3005025290128325,0.24728518477325,24.728518477325,0.004032680188485773,0.4032680188485773,0.004032680188485773,0.003226144150788619,scenario,cyp_cystitis,60.17302641414826
7.166666666667,brain,3.224293785909701,0.98910132202,0.01089867798,0.3021145136261707,30.21145136261707,0.07311891082822759,7.3118910828227595,0.247275330505,24.7275330505,0.004044069322330227,0.40440693223302265,0.004044069322330228,0.003235255457864182,scenario,cyp_cystitis,58.75353507328829
7.25,brain,3.2286944395162678,0.989062045006,0.010937954994,0.3021837351051726,30.21837351051726,0.07322429847156342,7.322429847156342,0.2472655112515,24.72655112515,0.00405498106457694,0.405498106457694,0.00405498106457694,0.003243984851661552,scenario,cyp_cystitis,57.33404373244537
7.333333333333,brain,3.232683998563986,0.98902293868,0.01097706132,0.3022465465656865,30.22465465656865,0.07332108252758199,7.332108252758199,0.24725573467,24.725573467,0.004065407016205897,0.4065407016205897,0.004065407016205897,0.0032523256129647175,scenario,cyp_cystitis,55.914552391602506
7.416666666667,brain,3.236257784724621,0.988984033669,0.011015966331,0.30230288417482565,30.230288417482566,0.0734091676767675,7.34091676767675,0.24724600841725,24.724600841725,0.004075339379614667,0.4075339379614667,0.004075339379614668,0.0032602715036917345,scenario,cyp_cystitis,54.49506105074255
7.5,brain,3.239411646009211,0.988945360601,0.011054639399,0.3023526920208498,30.23526920208498,0.07348846916079974,7.348846916079974,0.24723634015025,24.723634015025002,0.004084770975147626,0.40847709751476263,0.004084770975147627,0.003267816780118102,scenario,cyp_cystitis,53.07556970989965
7.583333333333,brain,3.242141965701829,0.988906950104,0.011093049896,0.3023959222384861,30.23959222384861,0.07355891294998151,7.355891294998152,0.247226737526,24.7226737526,0.004093695256372896,0.40936952563728957,0.0040936952563728965,0.0032749562050983175,scenario,cyp_cystitis,51.65607836905674
7.666666666667,brain,3.2444456701571895,0.988868832805,0.011131167195,0.3024325351186049,30.24325351186049,0.07362043588980655,7.362043588980654,0.24721720820125,24.721720820125,0.004102106324059875,0.4102106324059875,0.004102106324059875,0.0032816850592479,scenario,cyp_cystitis,50.23658702819681
7.75,brain,3.2463202354390726,0.988831039333,0.011168960667,0.3024624992032182,30.246249920321823,0.0736729858266243,7.367298582662429,0.24720775983325,24.720775983324998,0.004109998938817309,0.41099989388173086,0.004109998938817308,0.0032879991510538463,scenario,cyp_cystitis,48.81709568735391
7.833333333333,brain,3.24776369277962,0.988793600314,0.011206399686,0.3024857913619096,30.248579136190962,0.07371652171121285,7.371652171121284,0.2471984000785,24.71984000785,0.004117368532355243,0.4117368532355243,0.004117368532355242,0.003293894825884194,scenario,cyp_cystitis,47.397604346510995
7.916666666667,brain,3.248774632842489,0.988756546378,0.011243453622,0.3025023968556145,30.250239685561446,0.07375101368148597,7.375101368148597,0.2471891365945,24.71891365945,0.004124211217335666,0.4124211217335666,0.004124211217335666,0.003299368973868533,scenario,cyp_cystitis,45.97811300565106
8.0,brain,3.249352208777296,0.988719908151,0.011280091849,0.30251230937935353,30.251230937935354,0.07377644312213805,7.377644312213805,0.24717997703775,24.717997703774998,0.004130523795783604,0.4130523795783604,0.004130523795783604,0.0033044190366268832,scenario,cyp_cystitis,44.55862166480815
8.083333333333,brain,3.249496138056081,0.988683716262,0.011316283738,0.30250705359896024,30.250705359896024,0.07378149937794698,7.3781499377946975,0.2471709290655,24.71709290655,0.0041323567863800655,0.41323567863800653,0.004132356786380066,0.0033058854291040532,scenario,cyp_cystitis,44.13961263090158
8.166666666667,brain,3.2492067030859966,0.988648001338,0.011351998662,0.3024951147672074,30.24951147672074,0.07377748591027655,7.377748591027656,0.2471620003345,24.71620003345,0.004133642195055091,0.4133642195055091,0.004133642195055091,0.0033069137560440727,scenario,cyp_cystitis,43.72060359699
8.25,brain,3.2484847505965915,0.988612794007,0.011387205993,0.30247651485719584,30.247651485719583,0.07376442180726112,7.376442180726111,0.24715319850175,24.715319850175,0.004134380439487441,0.4134380439487441,0.004134380439487441,0.003307504351589953,scenario,cyp_cystitis,43.30159456308345
8.333333333333,brain,3.247331689803395,0.988578124897,0.011421875103,0.3024512842817283,30.24512842817283,0.07374233740997109,7.374233740997109,0.24714453122425,24.714453122425002,0.0041345726494214355,0.4134572649421435,0.004134572649421436,0.003307658119537149,scenario,cyp_cystitis,42.88258552917688
8.416666666667,brain,3.245749489353445,0.988544024635,0.011455975365,0.30241946184949037,30.241946184949036,0.07371127425432049,7.371127425432049,0.24713600615875,24.713600615875002,0.004134220664234163,0.41342206642341633,0.004134220664234163,0.0033073765313873307,scenario,cyp_cystitis,42.46357649526529
8.5,brain,3.2437406730621086,0.988510528709,0.011489471291,0.3023810961923554,30.238109619235544,0.07367128535347393,7.367128535347393,0.24712763217725,24.712763217725,0.004133327028974627,0.4133327028974627,0.004133327028974627,0.003306661623179702,scenario,cyp_cystitis,42.044567461358724
8.583333333333,brain,3.241308314453833,0.988477679761,0.011522320239,0.30233624638960804,30.233624638960805,0.0736224352658107,7.362243526581071,0.24711941994025,24.711941994025,0.004131894988886546,0.41318949888865464,0.004131894988886547,0.003305515991109238,scenario,cyp_cystitis,41.625558427452155
8.666666666667,brain,3.2384560301236935,0.988445510671,0.011554489329,0.30228497670052856,30.228497670052857,0.07356479871037143,7.356479871037143,0.24711137766775,24.711137766775,0.004129928482431285,0.4129928482431285,0.004129928482431285,0.003303942785945028,scenario,cyp_cystitis,41.20654939354058
8.75,brain,3.235187971939761,0.988414053901,0.011585946099,0.3022273593148456,30.22273593148456,0.0734984611194608,7.34984611194608,0.24710351347525,24.710351347525002,0.004127432132831966,0.41274321328319663,0.004127432132831966,0.003301945706265573,scenario,cyp_cystitis,40.787540359634015
8.833333333333,brain,3.23150881810939,0.988383341917,0.011616658083,0.30216347435787805,30.216347435787803,0.07342351850483737,7.3423518504837375,0.24709583547925,24.709583547925,0.00412441123816368,0.41244112381636805,0.00412441123816368,0.0032995289905309445,scenario,cyp_cystitis,40.36853132572745
8.916666666667,brain,3.2274237631369553,0.988353407185,0.011646592815,0.30209340975006405,30.209340975006405,0.07334007727175205,7.334007727175205,0.24708835179625,24.708835179624998,0.004120871760019811,0.4120871760019811,0.004120871760019811,0.003296697408015849,scenario,cyp_cystitis,39.94952229181586
9.0,brain,3.22293850670302,0.988324282168,0.011675717832,0.302017261051849,30.2017261051849,0.07324825401313206,7.324825401313206,0.247081070542,24.7081070542,0.004116820310788227,0.4116820310788227,0.004116820310788227,0.0032934562486305816,scenario,cyp_cystitis,39.530513257909305
9.083333333333,brain,3.2180592414976896,0.988295999332,0.011704000668,0.3019351312967506,30.193513129675058,0.07314817528500078,7.314817528500078,0.247073999833,24.7073999833,0.004112264139574615,0.4112264139574615,0.004112264139574615,0.003289811311659692,scenario,cyp_cystitis,39.11150422400274
9.166666666667,brain,3.212792640045408,0.988268591141,0.011731408859,0.3018471308069175,30.18471308069175,0.07303997736222334,7.303997736222334,0.24706714778525,24.706714778525,0.004107211116815514,0.4107211116815514,0.004107211116815514,0.0032857688934524116,scenario,cyp_cystitis,38.69249519009116
9.25,brain,3.2071458405600692,0.988242090061,0.011757909939,0.30175337699774346,30.175337699774346,0.07292380597665796,7.292380597665796,0.24706052251525,24.706052251524998,0.004101669717626298,0.41016697176262984,0.004101669717626298,0.0032813357741010387,scenario,cyp_cystitis,38.273486156184596
9.333333333333,brain,3.2011264318717547,0.988216528556,0.011783471444,0.3016539941668166,30.16539941668166,0.07279981603708884,7.279981603708883,0.247054132139,24.7054132139,0.004095649003932551,0.4095649003932551,0.004095649003932551,0.003276519203146041,scenario,cyp_cystitis,37.85447712227803
9.416666666667,brain,3.194742437470758,0.988191939091,0.011808060909,0.30154911327232325,30.154911327232327,0.07266817133276435,7.266817133276435,0.24704798477275,24.704798477275,0.0040891586054383955,0.40891586054383955,0.004089158605438396,0.0032713268843507174,scenario,cyp_cystitis,37.43546808836644
9.5,brain,3.1880022987153804,0.988168354131,0.011831645869,0.30143887169808803,30.143887169808803,0.07252904422045067,7.252904422045067,0.24704208853275,24.704208853275,0.004082208699487115,0.40822086994871154,0.0040822086994871136,0.003265766959589691,scenario,cyp_cystitis,37.01645905445988
9.583333333333,brain,3.1809148572518713,0.988145806141,0.011854193859,0.301323413007346,30.1323413007346,0.07238261529612801,7.238261529612801,0.24703645153525,24.703645153525,0.0040748099898718915,0.40748099898718915,0.0040748099898718915,0.0032598479918975135,scenario,cyp_cystitis,36.59745002055332
9.666666666667,brain,3.1734893366991086,0.988124327586,0.011875672414,0.3012028866855706,30.12028866855706,0.07222907305209415,7.222907305209415,0.2470310818965,24.70310818965,0.004066973684659592,0.40669736846595916,0.004066973684659593,0.003253578947727674,scenario,cyp_cystitis,36.17844098664173
9.75,brain,3.165735323650484,0.98810395093,0.01189604907,0.3010774478726777,30.10774478726777,0.07206861352023694,7.206861352023694,0.2470259877325,24.70259877325,0.004058711473091034,0.4058711473091034,0.004058711473091035,0.003246969178472828,scenario,cyp_cystitis,35.75943195273517
9.833333333333,brain,3.157662748046807,0.988084708639,0.011915291361,0.3009472570867775,30.09472570867775,0.07190143990270331,7.1901439902703315,0.24702117715975,24.702117715975,0.004050035501623122,0.4050035501623122,0.004050035501623122,0.0032400284012984977,scenario,cyp_cystitis,35.34042291882861
9.916666666667,brain,3.149281862978003,0.988066601484,0.011933398516,0.3008124702880369,30.08124702880369,0.07172775988938256,7.172775988938255,0.247016650371,24.7016650371,0.004040958349182966,0.40409583491829665,0.004040958349182966,0.003232766679346373,scenario,cyp_cystitis,34.921413884917015
10.0,brain,3.1406032239702952,0.988049456544,0.011950543456,0.3006731953946987,30.06731953946987,0.07154777501159826,7.154777501159826,0.247012364136,24.7012364136,0.004031493001703518,0.40314930017035183,0.004031493001703518,0.0032251944013628147,scenario,cyp_cystitis,34.50240485101045
10.083333333333,brain,3.131637667816319,0.988033247912,0.011966752088,0.30052958965348836,30.052958965348836,0.07136170356731782,7.136170356731782,0.247008311978,24.7008311978,0.004021652826011415,0.40216528260114154,0.004021652826011414,0.0032173222608091316,scenario,cyp_cystitis,34.08339581710389
10.166666666667,brain,3.1223962910092533,0.988017982153,0.011982017847,0.3003818244099996,30.03818244099996,0.07116977182899946,7.116977182899946,0.24700449553825,24.700449553825,0.00401145154314214,0.401145154314214,0.004011451543142141,0.0032091612345137126,scenario,cyp_cystitis,33.664386783192306
10.25,brain,3.1128904278400116,0.988003665831,0.011996334169,0.30023007490405373,30.023007490405373,0.07097221126173832,7.097221126173832,0.24700091645775,24.700091645775,0.004000903201155807,0.40009032011558077,0.004000903201155807,0.003200722560924646,scenario,cyp_cystitis,33.24537774928575
10.333333333333,brain,3.1031316282167,0.987990305509,0.012009694491,0.30007451995017637,30.007451995017636,0.07076925809723514,7.076925809723514,0.24699757637725,24.699757637725,0.003990022147527304,0.3990022147527304,0.003990022147527304,0.0031920177180218435,scenario,cyp_cystitis,32.82636871537919
10.416666666667,brain,3.093131635268787,0.987977907752,0.012022092248,0.2999153416144066,29.991534161440658,0.07056115290187541,7.056115290187541,0.246994476938,24.6994476938,0.003978823001188489,0.3978823001188489,0.00397882300118849,0.003183058400950792,scenario,cyp_cystitis,32.4073596814676
10.5,brain,3.0829023627955046,0.987966479125,0.012033520875,0.29975272488578797,29.975272488578796,0.07034814013938398,7.034814013938398,0.24699161978125,24.699161978125,0.0039673206242972015,0.39673206242972014,0.0039673206242972015,0.003173856499437761,scenario,cyp_cystitis,31.988350647561028
10.583333333333,brain,3.0724558726175224,0.987956026191,0.012043973809,0.29958685734484564,29.958685734484565,0.07013046772946087,7.013046772946087,0.24698900654775,24.698900654775,0.003955530093807485,0.3955530093807485,0.003955530093807485,0.003164424075045988,scenario,cyp_cystitis,31.56934161365447
10.666666666667,brain,3.0618043518938247,0.987946555515,0.012053444485,0.2994179288317064,29.941792883170642,0.0699083866039419,6.99083866039419,0.24698663887875,24.698663887875,0.003943466672918954,0.3943466672918954,0.003943466672918954,0.0031547733383351633,scenario,cyp_cystitis,31.150332579742877
10.75,brain,3.050960090461893,0.98793807366,0.01206192634,0.29924613111040865,29.924613111040866,0.06968215026054488,6.968215026054487,0.246984518415,24.6984518415,0.003931145782479132,0.39311457824791324,0.003931145782479132,0.003144916625983306,scenario,cyp_cystitis,30.731323545836315
10.833333333333,brain,3.0399354582582716,0.987930587192,0.012069412808,0.2990716575353466,29.90716575353466,0.0694520143164621,6.94520143164621,0.246982646798,24.6982646798,0.003918582972411582,0.3918582972411582,0.003918582972411581,0.003134866377929265,scenario,cyp_cystitis,30.312314511929756
10.916666666667,brain,3.028742882879082,0.987924102674,0.012075897326,0.29889470271463014,29.889470271463015,0.06921823606150684,6.921823606150684,0.2469810256685,24.69810256685,0.0039057938932455937,0.3905793893245594,0.0039057938932455937,0.0031246351145964753,scenario,cyp_cystitis,29.89330547801817
11.0,brain,3.0173948273354467,0.98791862667,0.01208137333,0.2987154621775088,29.871546217750875,0.06898107401334505,6.898107401334505,0.2469796566675,24.69796566675,0.0038927942678181893,0.3892794267818189,0.0038927942678181897,0.003114235414254552,scenario,cyp_cystitis,29.474296444111605
11.083333333333,brain,3.0059037680572276,0.987914165744,0.012085834256,0.29853413204208934,29.853413204208934,0.06874078747478578,6.874078747478578,0.246978541436,24.6978541436,0.0038795998632173974,0.3879599863217397,0.0038795998632173974,0.0031036798905739182,scenario,cyp_cystitis,29.055287410205047
11.166666666667,brain,2.9942821732006237,0.987910726461,0.012089273539,0.2983509086862912,29.835090868629123,0.06849763609472162,6.849763609472162,0.24697768161525,24.697768161524998,0.003866226463038363,0.3866226463038363,0.003866226463038363,0.0030929811704306902,scenario,cyp_cystitis,28.636278376293458
11.25,brain,2.9825424813098618,0.987908315386,0.012091684614,0.2981659884215849,29.81659884215849,0.06825187943344654,6.8251879433446545,0.2469770788465,24.69770788465,0.0038526898400178034,0.38526898400178033,0.003852689840017803,0.0030821518720142425,scenario,cyp_cystitis,28.217269342386896
11.333333333333,brain,2.9706970803812265,0.987906939081,0.012093060919,0.2979795671702544,29.797956717025443,0.06800377653333924,6.800377653333924,0.24697673477025,24.697673477025,0.0038390057291100414,0.38390057291100416,0.0038390057291100414,0.0030712045832880334,scenario,cyp_cystitis,27.79826030848033
11.416666666667,brain,2.9587582873794833,0.987906604112,0.012093395888,0.29779184015058563,29.77918401505856,0.06775358549678082,6.7753585496780815,0.246976651028,24.697665102800002,0.0038251898010699457,0.3825189801069946,0.003825189801069946,0.003060151840855957,scenario,cyp_cystitis,27.379251274568748
11.5,brain,2.946738328250865,0.987907317042,0.012092682958,0.2976030015634404,29.760300156344037,0.06750156307058722,6.750156307058722,0.2469768292605,24.69768292605,0.003811257636601325,0.38112576366013245,0.0038112576366013252,0.0030490061092810603,scenario,cyp_cystitis,26.960242240662186
11.583333333333,brain,2.9346493184744533,0.987909044429,0.012090955571,0.29741323224450666,29.741323224450667,0.06724796151634221,6.724796151634221,0.24697726110725,24.697726110725,0.003797224701126545,0.3797224701126545,0.003797224701126545,0.003037779760901236,scenario,cyp_cystitis,26.541233206755617
11.666666666667,brain,2.9225032441953083,0.987911653419,0.012088346581,0.2972226815318628,29.72226815318628,0.06699302423615043,6.699302423615043,0.24697791335475,24.697791335475,0.003783106320234838,0.3783106320234838,0.0037831063202348374,0.00302648505618787,scenario,cyp_cystitis,26.122224172844035
11.75,brain,2.910311943976391,0.987915122786,0.012084877214,0.2970315305250059,29.703153052500593,0.0667369997713412,6.67369997713412,0.2469787806965,24.69787806965,0.0037689176558594116,0.3768917655859412,0.0037689176558594116,0.0030151341246875294,scenario,cyp_cystitis,25.703215138937477
11.833333333333,brain,2.898087091203702,0.987919441199,0.012080558801,0.29683996112694283,29.683996112694285,0.06648013443625708,6.648013443625708,0.24697986029975,24.697986029975,0.0037546736832302697,0.37546736832302696,0.0037546736832302706,0.0030037389465842165,scenario,cyp_cystitis,25.28420610503091
11.916666666667,brain,2.8858401771803925,0.987924597325,0.012075402675,0.2966481527892557,29.664815278925573,0.06622267127734098,6.622267127734098,0.24698114933125,24.698114933125,0.003740389168651089,0.3740389168651089,0.0037403891686510894,0.0029923113349208715,scenario,cyp_cystitis,24.865197071119322
12.0,brain,2.8735824949389768,0.987930579831,0.012069420169,0.29645628224856196,29.645628224856196,0.06596484972108263,6.596484972108263,0.24698264495775,24.698264495775,0.0037260786481406617,0.37260786481406616,0.0037260786481406625,0.0029808629185125303,scenario,cyp_cystitis,24.44618803721276
12.083333333333,brain,2.8613251237979966,0.987937377385,0.012062622615,0.29626216396822114,29.626216396822112,0.06570375949596154,6.570375949596154,0.24698434434625,24.698434434625,0.003710641003963345,0.37106410039633453,0.003710641003963345,0.002968512803170676,scenario,cyp_cystitis,24.33614405098325
12.166666666667,brain,2.8490789146906854,0.987944978655,0.012055021345,0.29606834490473827,29.606834490473826,0.06544280032131772,6.544280032131772,0.24698624466375,24.698624466374998,0.0036952139874250906,0.36952139874250906,0.003695213987425091,0.002956171189940073,scenario,cyp_cystitis,24.226100064752423
12.25,brain,2.836854476286379,0.987953372308,0.012046627692,0.29587499214927154,29.587499214927153,0.06518219876302873,6.518219876302873,0.246988343077,24.6988343077,0.0036798113134594327,0.3679811313459433,0.0036798113134594327,0.0029438490507675465,scenario,cyp_cystitis,24.11605607852291
12.333333333333,brain,2.824662161922597,0.987962547013,0.012037452987,0.2956822690960462,29.568226909604622,0.06492217645706161,6.492217645706161,0.24699063675325,24.699063675325,0.003664446374559413,0.3664446374559413,0.003664446374559413,0.0029315570996475307,scenario,cyp_cystitis,24.006012092293407
12.416666666667,brain,2.8125120573668334,0.987972491436,0.012027508564,0.2954903352315612,29.54903352315612,0.06466294983008164,6.466294983008164,0.246993122859,24.6993122859,0.003649132224724342,0.3649132224724342,0.003649132224724342,0.0029193057797794737,scenario,cyp_cystitis,23.89596810606258
12.5,brain,2.8004139694202728,0.987983194246,0.012016805754,0.29529934593915014,29.529934593915012,0.06440472983686683,6.440472983686683,0.2469957985615,24.69957985615,0.0036338815644787,0.36338815644787004,0.0036338815644787,0.0029071052515829603,scenario,cyp_cystitis,23.78592411983307
12.583333333333,brain,2.7883774153728726,0.98799464411,0.01200535589,0.29510945231258867,29.510945231258866,0.06414772171345152,6.414772171345152,0.2469986610275,24.69986610275,0.0036187067269767828,0.36187067269767825,0.003618706726976783,0.002894965381581427,scenario,cyp_cystitis,23.675880133603563
12.666666666667,brain,2.776411613320355,0.988006829695,0.011993170305,0.2949208009844385,29.49208009844385,0.06389212474758472,6.389212474758472,0.24700170742375,24.700170742375,0.003603619665208098,0.3603619665208098,0.003603619665208098,0.0028828957321664784,scenario,cyp_cystitis,23.56583614737273
12.75,brain,2.7645254733469486,0.98801973967,0.01198026033,0.2947335339672255,29.47335339672255,0.06363813206630067,6.363813206630067,0.2470049349175,24.70049349175,0.0035886319403099116,0.35886319403099115,0.0035886319403099116,0.0028709055522479297,scenario,cyp_cystitis,23.455792161143222
12.833333333333,brain,2.752727589575055,0.988033362701,0.011966637299,0.2945477885055184,29.45477885055184,0.06338593044035784,6.338593044035784,0.24700834067525,24.700834067524998,0.0035737547109899685,0.35737547109899687,0.003573754710989969,0.002859003768791975,scenario,cyp_cystitis,23.345748174913712
12.916666666667,brain,2.741026233084211,0.988047687458,0.011952312542,0.2943636969447546,29.436369694475463,0.06313570010700617,6.313570010700617,0.2470119218645,24.70119218645,0.0035589987240638057,0.35589987240638055,0.0035589987240638053,0.0028471989792510444,scenario,cyp_cystitis,23.235704188682888
13.0,brain,2.7294293456952117,0.988062702606,0.011937297394,0.29418138660852794,29.418138660852794,0.06288761460937056,6.288761460937057,0.2470156756515,24.70156756515,0.00354437430610277,0.354437430610277,0.00354437430610277,0.002835499444882216,scenario,cyp_cystitis,23.12566020245337
13.083333333333,brain,2.7179445346128244,0.988078396814,0.011921603186,0.2940009796945047,29.400097969450474,0.06264184065467296,6.264184065467296,0.2470195992035,24.70195992035,0.003529891356185733,0.3529891356185733,0.0035298913561857327,0.0028239130849485863,scenario,cyp_cystitis,23.015616216223872
13.166666666667,brain,2.706579067921825,0.98809475875,0.01190524125,0.29382259317947823,29.382259317947824,0.06239853798930433,6.239853798930433,0.2470236896875,24.70236896875,0.0035155593397489843,0.3515559339748984,0.0035155593397489843,0.0028124474717991874,scenario,cyp_cystitis,22.905572229993037
13.25,brain,2.695339870924929,0.988111743538,0.011888256462,0.2936463287708855,29.364632877088546,0.06215785718184729,6.215785718184729,0.2470279358845,24.70279358845,0.0035013872835209514,0.35013872835209514,0.003501387283520951,0.002801109826816761,scenario,cyp_cystitis,22.795528243763528
13.333333333333,brain,2.68423352330901,0.988129273304,0.011870726696,0.29347227303235845,29.347227303235847,0.061919939608477956,6.191993960847795,0.247032318326,24.7032318326,0.0034873837715255285,0.34873837715255285,0.0034873837715255285,0.002789907017220423,scenario,cyp_cystitis,22.68548425753402
13.416666666667,brain,2.6732662571274926,0.988147326032,0.011852673968,0.2933005237327311,29.33005237327311,0.06168492296630814,6.168492296630814,0.247036831508,24.7036831508,0.003473556942139571,0.34735569421395707,0.003473556942139571,0.0027788455537116567,scenario,cyp_cystitis,22.575440271303194
13.5,brain,2.6624439555810393,0.988165880961,0.011834119039,0.29313117355650953,29.313117355650952,0.061452937755012677,6.145293775501267,0.24704147024025,24.704147024025,0.0034599144861827383,0.34599144861827386,0.003459914486182738,0.0027679315889461904,scenario,cyp_cystitis,22.46539628507368
13.583333333333,brain,2.6517721525768074,0.988184917333,0.011815082667,0.29296430970293175,29.296430970293173,0.06122410715957566,6.122410715957566,0.24704622933325,24.704622933325,0.0034464636460154133,0.34464636460154136,0.003446463646015413,0.0027571709168123307,scenario,cyp_cystitis,22.355352298844178
13.666666666667,brain,2.6412560330482657,0.988204414387,0.011795585613,0.29280001386806515,29.280001386806514,0.0609985470284202,6.09985470284202,0.24705110359675,24.705110359675,0.00343321121562252,0.34332112156225203,0.0034332112156225197,0.0027465689724980157,scenario,cyp_cystitis,22.24530831261335
13.75,brain,2.6309004340122364,0.988224351364,0.011775648636,0.29263836224240847,29.263836224240848,0.06077636586854466,6.0776365868544655,0.247056087841,24.7056087841,0.0034201635416541646,0.3420163541654165,0.003420163541654165,0.002736130833323332,scenario,cyp_cystitis,22.135264326383833
13.833333333333,brain,2.62070984633839,0.988244707505,0.011755292495,0.29247942551835265,29.247942551835266,0.06055766485613684,6.055766485613684,0.24706117687625,24.706117687625,0.003407326525392191,0.34073265253921914,0.0034073265253921907,0.002725861220313753,scenario,cyp_cystitis,22.02522034015433
13.916666666667,brain,2.6106884172083276,0.988265462049,0.011734537951,0.2923232689092965,29.23232689092965,0.06034253786272865,6.034253786272865,0.24706636551225,24.706636551225,0.003394705625613954,0.3394705625613954,0.003394705625613954,0.002715764500491163,scenario,cyp_cystitis,21.9151763539235
14.0,brain,2.600839953236595,0.988286594238,0.011713405762,0.2921699521821208,29.216995218212077,0.0601310714968277,6.01310714968277,0.2470716485595,24.70716485595,0.003382305862318531,0.3382305862318531,0.003382305862318531,0.002705844689854825,scenario,cyp_cystitis,21.80513236769399
14.083333333333,brain,2.5911679242249366,0.988308083311,0.011691916689,0.2920195296973015,29.20195296973015,0.059923345159401974,5.992334515940198,0.24707702082775,24.707702082775,0.0033701318212791347,0.3370131821279135,0.0033701318212791343,0.0026961054570233075,scenario,cyp_cystitis,21.695088381464483
14.166666666667,brain,2.581675467523202,0.988329908509,0.011670091491,0.29187205046280834,29.187205046280834,0.05971943111407775,5.971943111407775,0.24708247712725,24.708247712725,0.003358187659388076,0.3358187659388076,0.0033581876593880766,0.0026865501275104616,scenario,cyp_cystitis,21.58504439523366
14.25,brain,2.5723653929661126,0.988352049072,0.011647950928,0.2917275581957265,29.17275581957265,0.059519394570301976,5.951939457030198,0.247088012268,24.708801226800002,0.0033464771107552128,0.33464771107552127,0.0033464771107552123,0.00267718168860417,scenario,cyp_cystitis,21.475000409004146
14.333333333333,brain,2.5632401883544125,0.988374484241,0.011625515759,0.29158609139498737,29.158609139498736,0.05932329377964978,5.932329377964978,0.24709362106025,24.709362106025,0.0033350034935198405,0.333500349351984,0.0033350034935198405,0.0026680027948158725,scenario,cyp_cystitis,21.36495642277464
14.416666666667,brain,2.554302025451304,0.988397193256,0.011602806744,0.29144768342212013,29.144768342212014,0.059131180144160154,5.913118014416016,0.247099298314,24.7099298314,0.0033237697173389537,0.33237697173389535,0.0033237697173389537,0.002659015773871163,scenario,cyp_cystitis,21.254912436543805
14.5,brain,2.545552766461368,0.988420155358,0.011579844642,0.2913123625918912,29.13123625918912,0.05894309833652159,5.894309833652159,0.2471050388395,24.71050388395,0.0033127782915099535,0.33127782915099535,0.003312778291509954,0.0026502226332079633,scenario,cyp_cystitis,21.1448684503143
14.583333333333,brain,2.5369939709589078,0.988443349786,0.011556650214,0.2911801522696686,29.118015226966858,0.05875908643089147,5.875908643089147,0.2471108374465,24.71108374465,0.0033020313336855896,0.33020313336855894,0.003302031333685589,0.0026416250669484714,scenario,cyp_cystitis,21.034824464084796
14.666666666667,brain,2.5286269032352138,0.988466755782,0.011533244218,0.29105107097887195,29.105107097887196,0.05857917604449589,5.857917604449589,0.2471166889455,24.71166889455,0.003291530579141943,0.3291530579141943,0.003291530579141943,0.0026332244633135546,scenario,cyp_cystitis,20.924780477853957
14.75,brain,2.5204525400310933,0.988490352585,0.011509647415,0.29092513251237745,29.092513251237744,0.05840339248816996,5.8403392488169965,0.24712258814625,24.712258814625,0.003281277390556337,0.3281277390556337,0.0032812773905563372,0.00262502191244507,scenario,cyp_cystitis,20.814736491624455
14.833333333333,brain,2.512471578621129,0.988514119437,0.011485880563,0.2908023460541204,29.08023460541204,0.05823175492649393,5.823175492649392,0.24712852985925,24.712852985925,0.003271272768252041,0.3271272768252041,0.003271272768252041,0.002617018214601633,scenario,cyp_cystitis,20.70469250539495
14.916666666667,brain,2.5046844452188273,0.988538043775,0.011461956225,0.29068271871397566,29.068271871397567,0.05806427702696757,5.806427702696757,0.24713451094375,24.713451094375,0.0032615173608700554,0.32615173608700554,0.0032615173608700554,0.0026092138886960447,scenario,cyp_cystitis,20.59464851916412
15.0,brain,2.4970913036692184,0.988562113872,0.011437886128,0.2905662534912383,29.056625349123834,0.05790096669765113,5.790096669765113,0.247140528468,24.7140528468,0.0032520114764248787,0.32520114764248786,0.0032520114764248787,0.002601609181139903,scenario,cyp_cystitis,20.484604532934604
15.083333333333,brain,2.4896920643958977,0.988586310548,0.011413689452,0.2904529469757072,29.04529469757072,0.05774182578494302,5.774182578494302,0.247146577637,24.7146577637,0.003242755093701678,0.3242755093701678,0.0032427550937016774,0.002594204074961342,scenario,cyp_cystitis,20.374560546705094
15.166666666667,brain,2.482486393572338,0.988610614619,0.011389385381,0.29034279168133825,29.034279168133825,0.057586850702117685,5.758685070211769,0.24715265365475,24.715265365475002,0.003233747873955823,0.3233747873955823,0.0032337478739558226,0.0025869982991646584,scenario,cyp_cystitis,20.264516560474274
15.25,brain,2.4754737224851824,0.988635006905,0.011364993095,0.2902357761939416,29.02357761939416,0.05743603262358878,5.743603262358878,0.24715875172625,24.715875172624997,0.003224989172873009,0.3224989172873009,0.0032249891728730095,0.0025799913382984077,scenario,cyp_cystitis,20.154472574244764
15.333333333333,brain,2.4686532570579467,0.988659468222,0.011340531778,0.2901318853176735,29.013188531767348,0.05728935768289799,5.728935768289799,0.2471648670555,24.71648670555,0.0032164780527491146,0.32164780527491144,0.0032164780527491146,0.0025731824421992918,scenario,cyp_cystitis,20.044428588015254
15.416666666667,brain,2.4620239875064867,0.98868397939,0.01131602061,0.2900311002292316,29.003110022923163,0.05714680717564221,5.714680717564221,0.2471709948475,24.717099484749998,0.003208213294852548,0.32082132948525477,0.0032082132948525488,0.002566570635882039,scenario,cyp_cystitis,19.934384601784426
15.5,brain,2.455584698095904,0.988708521227,0.011291478773,0.289933398630423,28.9933398630423,0.057008357764897356,5.700835776489735,0.24717713030675,24.717713030675,0.0032001934119297456,0.32001934119297454,0.0032001934119297456,0.0025601547295437967,scenario,cyp_cystitis,19.824340615554917
15.583333333333,brain,2.449333976969526,0.98873307455,0.01126692545,0.2898387549047619,28.98387549047619,0.05687398168968253,5.687398168968253,0.2471832686375,24.71832686375,0.0031924166608156748,0.31924166608156745,0.0031924166608156748,0.00255393332865254,scenario,cyp_cystitis,19.71429662932541
15.666666666667,brain,2.443270226023548,0.988757620178,0.011242379822,0.2897471402761647,28.97471402761647,0.05674364697555298,5.674364697555298,0.2471894050445,24.71894050445,0.0031848810551148685,0.3184881055114869,0.003184881055114868,0.0025479048440918946,scenario,cyp_cystitis,19.60425264309458
15.75,brain,2.4373916707996575,0.988782138928,0.011217861072,0.2896585229666171,28.96585229666171,0.05661731764615607,5.661731764615608,0.247195534732,24.7195534732,0.0031775843779169714,0.31775843779169716,0.0031775843779169714,0.0025420675023335774,scenario,cyp_cystitis,19.49420865686507
15.833333333333,brain,2.4316963703690786,0.98880661162,0.01119338838,0.28957286835703394,28.957286835703393,0.056494953936045256,5.649495393604526,0.247201652905,24.720165290500002,0.0031705241945121634,0.3170524194512163,0.003170524194512163,0.0025364193556097307,scenario,cyp_cystitis,19.38416467063556
15.916666666667,brain,2.4261822271844435,0.988831019071,0.011168980929,0.2894901391450293,28.94901391450293,0.05637651250303908,5.637651250303908,0.24720775476775,24.720775476775,0.003163697865075561,0.3163697865075561,0.0031636978650755616,0.0025309582920604494,scenario,cyp_cystitis,19.274120684404735
16.0,brain,2.420846996874932,0.988855342099,0.011144657901,0.28941029550530817,28.941029550530818,0.056261946640744215,5.626194664074421,0.24721383552475,24.721383552475,0.0031571025572885098,0.315710255728851,0.0031571025572885093,0.0025256820458308075,scenario,cyp_cystitis,19.164076698175222
16.083333333333,brain,2.4156882979614105,0.988879561522,0.011120438478,0.2893332952478665,28.93332952478665,0.056151206489822,5.6151206489822,0.2472198903805,24.721989038049998,0.0031507352588663368,0.3150735258866337,0.003150735258866337,0.00252058820709307,scenario,cyp_cystitis,19.05403271194571
16.166666666667,brain,2.4107036214711717,0.988903658159,0.011096341841,0.28925909397567723,28.92590939756772,0.056044239247902944,5.604423924790295,0.24722591453975,24.722591453975003,0.003144592789965724,0.3144592789965724,0.003144592789965724,0.002515674231972579,scenario,cyp_cystitis,18.943988725714885
16.25,brain,2.405890340431211,0.988927612828,0.011072387172,0.28918764524001395,28.918764524001396,0.05594098937735196,5.594098937735196,0.247231903207,24.7231903207,0.0031386718154440803,0.313867181544408,0.00313867181544408,0.002510937452355264,scenario,cyp_cystitis,18.833944739485382
16.333333333333,brain,2.401245719220343,0.988951406346,0.011048593654,0.28911890069451507,28.911890069451506,0.05584139881068676,5.584139881068676,0.2472378515865,24.72378515865,0.0031329688569450573,0.31329688569450576,0.003132968856945057,0.0025063750855560457,scenario,cyp_cystitis,18.723900753255865
16.416666666667,brain,2.396766922763205,0.988975019532,0.011024980468,0.28905281024796187,28.905281024796185,0.05574540715328248,5.574540715328248,0.247243754883,24.724375488299998,0.0031274803047877833,0.3127480304787783,0.0031274803047877833,0.002501984243830227,scenario,cyp_cystitis,18.613856767025045
16.5,brain,2.3924510255487936,0.988998434907,0.011001565093,0.2889893227104409,28.898932271044092,0.055652951978254574,5.565295197825457,0.24724960872675,24.724960872675002,0.0031222024296369694,0.31222024296369694,0.0031222024296369694,0.0024977619437095756,scenario,cyp_cystitis,18.503812780795535
16.583333333333,brain,2.3882950204575257,0.989021704419,0.010978295581,0.28892840572427375,28.892840572427374,0.05556397282603166,5.556397282603166,0.24725542610475,24.725542610475,0.0031171313939327627,0.3117131393932763,0.003117131393932763,0.002493705115146211,scenario,cyp_cystitis,18.39376879456602
16.666666666667,brain,2.3842958273834536,0.989044852288,0.010955147712,0.2888700175087554,28.88700175087554,0.05547840591567386,5.547840591567386,0.247261213072,24.7261213072,0.0031122632630625592,0.3112263263062559,0.0031122632630625597,0.002489810610450048,scenario,cyp_cystitis,18.2837248083352
16.75,brain,2.3804503016380125,0.989067867508,0.010932132492,0.2888141048215721,28.88141048215721,0.0553961839260961,5.53961839260961,0.247266966877,24.7266966877,0.003107594016256726,0.3107594016256726,0.003107594016256725,0.00248607521300538,scenario,cyp_cystitis,18.173680822105688
16.833333333333,brain,2.376755242123008,0.989090739072,0.010909260928,0.2887606133910986,28.87606133910986,0.055317238164131484,5.531723816413148,0.247272684768,24.7272684768,0.003103119557191937,0.3103119557191937,0.003103119557191937,0.0024824956457535495,scenario,cyp_cystitis,18.063636835876174
16.916666666667,brain,2.373207399263023,0.989113455971,0.010886544029,0.2887094880492732,28.87094880492732,0.05524149874203099,5.524149874203099,0.24727836399275,24.727836399275,0.0030988357242889013,0.30988357242889014,0.003098835724288901,0.0024790685794311208,scenario,cyp_cystitis,17.95359284964535
17.0,brain,2.3698034826872716,0.989136007198,0.010863992802,0.28866067286199815,28.866067286199815,0.05516889474999756,5.516889474999756,0.2472840017995,24.72840017995,0.0030947383006911825,0.30947383006911827,0.0030947383006911825,0.002475790640552946,scenario,cyp_cystitis,17.843548863415844
17.083333333333,brain,2.3665401686522216,0.989158381746,0.010841618254,0.28861411125368236,28.861411125368235,0.055099354422909814,5.509935442290981,0.2472895954365,24.72895954365,0.003090823023913491,0.3090823023913491,0.0030908230239134913,0.0024726584191307934,scenario,cyp_cystitis,17.73350487718633
17.166666666667,brain,2.363414107198565,0.989180568607,0.010819431393,0.28856974612783737,28.856974612783738,0.05503280530144979,5.50328053014498,0.24729514215175,24.729514215175,0.003087085595150639,0.30870855951506393,0.0030870855951506387,0.002469668476120511,scenario,cyp_cystitis,17.623460890955506
17.25,brain,2.360421929036027,0.989202556773,0.010797443227,0.2885275199838842,28.85275199838842,0.05496917438751228,5.496917438751228,0.24730063919325,24.730063919324998,0.0030835216882383843,0.3083521688238384,0.003083521688238384,0.002466817350590707,scenario,cyp_cystitis,17.513416904725997
17.333333333333,brain,2.357560252150745,0.989224335239,0.010775664761,0.2884873750300597,28.84873750300597,0.05490838829374626,5.490838829374626,0.24730608380975,24.730608380975,0.0030801269582589395,0.30801269582589397,0.003080126958258939,0.0024641015666071516,scenario,cyp_cystitis,17.403372918496483
17.416666666667,brain,2.354825688131932,0.989245892995,0.010754107005,0.28844925328855336,28.844925328855336,0.0548503733864045,5.48503733864045,0.24731147324875,24.731147324875,0.003076897049786468,0.3076897049786468,0.0030768970497864682,0.0024615176398291748,scenario,cyp_cystitis,17.293328932265656
17.5,brain,2.352214848214544,0.989267219034,0.010732780966,0.2884130967006758,28.841309670067577,0.054795055922901056,5.4795055922901055,0.2473168047585,24.73168047585,0.003073827604767957,0.3073827604767957,0.003073827604767957,0.0024590620838143657,scenario,cyp_cystitis,17.18328494603615
17.583333333333,brain,2.349724349035751,0.989288302349,0.010711697651,0.2883788472241261,28.83788472241261,0.05474236218250143,5.474236218250144,0.24732207558725,24.732207558725,0.003070914270036289,0.3070914270036289,0.003070914270036289,0.0024567314160290313,scenario,cyp_cystitis,17.07324095980664
17.666666666667,brain,2.3473508181047906,0.989309131933,0.010690868067,0.28834644692641836,28.834644692641838,0.05469221859089115,5.469221859089115,0.24732728298325,24.732728298325,0.0030681527044545535,0.30681527044545537,0.003068152704454554,0.0024545221635636433,scenario,cyp_cystitis,16.96319697357581
17.75,brain,2.3450908989857764,0.989329696777,0.010670303223,0.28831583807298516,28.831583807298518,0.05464455183831353,5.464455183831353,0.24733242419425,24.733242419425,0.003065538585690719,0.3065538585690719,0.003065538585690719,0.0024524308685525756,scenario,cyp_cystitis,16.8531529873463
17.833333333333,brain,2.3429412561939955,0.989349985875,0.010650014125,0.28828696321257496,28.828696321257496,0.054599288991766616,5.459928899176662,0.24733749646875,24.733749646875,0.003063067616623085,0.3063067616623085,0.003063067616623085,0.0024504540932984683,scenario,cyp_cystitis,16.743109001116796
17.916666666667,brain,2.3408985798077575,0.989369988219,0.010630011781,0.2882597652550099,28.82597652550099,0.05455635760034651,5.455635760034651,0.24734249705475,24.734249705475,0.0030607355313787858,0.3060735531378786,0.0030607355313787858,0.002448588425103029,scenario,cyp_cystitis,16.63306501488596
18.0,brain,2.33895958979785,0.989389692802,0.010610307198,0.2882341875465712,28.82341875465712,0.054515685794761654,5.451568579476166,0.2473474232005,24.73474232005,0.0030585381010077503,0.30585381010077506,0.0030585381010077503,0.0024468304808062005,scenario,cyp_cystitis,16.52302102865646
18.083333333333,brain,2.3371210400774514,0.989409088615,0.010590911385,0.28821017393897014,28.821017393897012,0.054477202380293535,5.447720238029354,0.24735227215375,24.735227215374998,0.003056471138795552,0.30564711387955523,0.0030564711387955526,0.0024451769110364423,scenario,cyp_cystitis,16.412977042426945
18.166666666667,brain,2.3353797222766692,0.989428164652,0.010571835348,0.28818766885604097,28.8187668856041,0.05444083692405466,5.444083692405465,0.247357041163,24.7357041163,0.003054530505220222,0.3054530505220222,0.003054530505220222,0.002443624404176178,scenario,cyp_cystitis,16.302933056196117
18.25,brain,2.333732469245811,0.989446909906,0.010553090094,0.2881666173532652,28.81666173532652,0.05440651983568692,5.440651983568692,0.2473617274765,24.736172747650002,0.003052712112558102,0.3052712112558102,0.0030527121125581026,0.0024421696900464823,scenario,cyp_cystitis,16.19288906996661
18.333333333333,brain,2.3321761582921594,0.989465313368,0.010534686632,0.2881469651736933,28.81469651736933,0.054374182442257765,5.437418244225777,0.247366328342,24.7366328342,0.0030510119291447223,0.30510119291447224,0.003051011929144722,0.0024408095433157777,scenario,cyp_cystitis,16.0828450837371
18.416666666667,brain,2.3307077141560937,0.989483364031,0.010516635969,0.28812865880093796,28.812865880093796,0.05434375705758396,5.434375705758396,0.24737084100775,24.737084100775,0.0030494259832979783,0.3049425983297978,0.0030494259832979783,0.002439540786638383,scenario,cyp_cystitis,15.972801097506277
18.5,brain,2.3293241117323107,0.989501050887,0.010498949113,0.28811164550583257,28.811164550583257,0.054315177045443405,5.431517704544341,0.24737526272175,24.737526272175,0.0030479503669108682,0.3047950366910868,0.0030479503669108682,0.002438360293528695,scenario,cyp_cystitis,15.862757111276762
18.583333333333,brain,2.3280223785424106,0.98951836293,0.01048163707,0.28809587339064185,28.809587339064187,0.0542883768775225,5.4288376877522495,0.2473795907325,24.73795907325,0.003046581238721757,0.30465812387217567,0.003046581238721757,0.002437264990977406,scenario,cyp_cystitis,15.75271312504725
18.666666666667,brain,2.326799596965967,0.989535289785,0.010464710215,0.28808129161143725,28.808129161143725,0.05426329222024969,5.426329222024969,0.24738382244625,24.738382244625,0.0030453148272711165,0.30453148272711167,0.003045314827271117,0.002436251861816894,scenario,cyp_cystitis,15.642669138816428
18.75,brain,2.32565290623706,0.989551903036,0.010448096964,0.2880678740886725,28.80678740886725,0.05423986443956333,5.423986443956333,0.247387975759,24.7387975759,0.00304414743355367,0.304414743355367,0.00304414743355367,0.0024353179468429363,scenario,cyp_cystitis,15.532625152586919
18.833333333333,brain,2.3245795042136272,0.98956825678,0.01043174322,0.2880555905836193,28.80555905836193,0.054218035184825694,5.4218035184825695,0.247392064195,24.7392064195,0.003043075433375323,0.3043075433375323,0.0030430754333753236,0.002434460346700259,scenario,cyp_cystitis,15.422581166357407
18.916666666667,brain,2.3235766489276437,0.989584350502,0.010415649498,0.2880443959222636,28.80443959222636,0.05419774439568485,5.419774439568485,0.2473960876255,24.73960876255,0.0030420952794250606,0.30420952794250605,0.0030420952794250606,0.0024336762235400485,scenario,cyp_cystitis,15.312537180126585
19.0,brain,2.3226416599239443,0.989600183687,0.010399816313,0.28803424591965016,28.803424591965015,0.05417893333053353,5.417893333053353,0.24740004592175,24.740004592174998,0.003041203503071832,0.3041203503071832,0.0030412035030718317,0.0024329628024574654,scenario,cyp_cystitis,15.20249319389707
19.083333333333,brain,2.3217719193957587,0.989615755818,0.010384244182,0.28802509740003124,28.802509740003124,0.05416154459404165,5.416154459404165,0.2474039389545,24.74039389545,0.00304039671589679,0.304039671589679,0.0030403967158967905,0.0024323173727174327,scenario,cyp_cystitis,15.092449207667563
19.166666666667,brain,2.3209648731254906,0.989631066381,0.010368933619,0.28801690821573517,28.801690821573516,0.05414552216064688,5.4145522160646875,0.24740776659525,24.740776659525,0.0030396716109717748,0.3039671610971775,0.0030396716109717748,0.00243173728877742,scenario,cyp_cystitis,14.982405221436734
19.25,brain,2.320218031239043,0.98964611486,0.01035388514,0.2880096372599431,28.80096372599431,0.05413081139325746,5.4130811393257465,0.247411528715,24.7411528715,0.003039024963894717,0.3039024963894717,0.003039024963894717,0.002431219971115774,scenario,cyp_cystitis,14.872361235207228
19.333333333333,brain,2.3195289687821274,0.98966090074,0.01033909926,0.2880032444787562,28.80032444787562,0.05411735905834157,5.411735905834157,0.247415225185,24.741522518500002,0.003038453633592869,0.3038453633592869,0.003038453633592869,0.0024307629068742957,scenario,cyp_cystitis,14.762317248977718
19.416666666667,brain,2.318895326127288,0.989675423505,0.010324576495,0.287997690878915,28.7997690878915,0.05410511333688672,5.410511333688673,0.24741885587625,24.741885587625,0.003037954562905014,0.3037954562905014,0.0030379545629050145,0.0024303636503240117,scenario,cyp_cystitis,14.652273262746888
19.5,brain,2.3183148092201167,0.989689682641,0.010310317359,0.28799293853422514,28.799293853422515,0.05409402383196685,5.409402383196685,0.24742242066025,24.742242066025,0.0030375247789536145,0.3037524778953615,0.003037524778953615,0.0024300198231628923,scenario,cyp_cystitis,14.542229276517382
19.583333333333,brain,2.3177851896731547,0.989703677632,0.010296322368,0.28798895058733875,28.798895058733876,0.05408404157245167,5.408404157245167,0.247425919408,24.7425919408,0.0030371613933178948,0.3037161393317895,0.0030371613933178943,0.002429729114654316,scenario,cyp_cystitis,14.432185290287869
19.666666666667,brain,2.317304304716152,0.989717407962,0.010282592038,0.2879856912508231,28.798569125082306,0.05407511901376406,5.407511901376406,0.2474293519905,24.742935199050002,0.0030368616020189742,0.3036861602018974,0.0030368616020189742,0.0024294892816151795,scenario,cyp_cystitis,14.322141304057045
19.75,brain,2.3168700570110308,0.989730873116,0.010269126884,0.2879831258056182,28.79831258056182,0.05406721003549093,5.406721003549093,0.247432718279,24.743271827900003,0.00303662268532787,0.303662268532787,0.00303662268532787,0.0024292981482622964,scenario,cyp_cystitis,14.21209731782753
19.833333333333,brain,2.3164804143399,0.989744072579,0.010255927421,0.2879812205967359,28.79812205967359,0.0540602699359812,5.40602699359812,0.24743601814475,24.743601814475,0.003036442007407189,0.3036442007407189,0.003036442007407189,0.0024291536059257513,scenario,cyp_cystitis,14.102053331598025
19.916666666667,brain,2.316133409174438,0.989757005836,0.010242994164,0.28797994302721186,28.797994302721186,0.05405425542428251,5.405425542428251,0.247439251459,24.7439251459,0.0030363170157972088,0.30363170157972086,0.0030363170157972083,0.002429053612637767,scenario,cyp_cystitis,13.9920093453672
20.0,brain,2.3158271381347086,0.98976967237,0.01023032763,0.2879792615495761,28.797926154957608,0.05404912460943482,5.404912460943482,0.2474424180925,24.74424180925,0.0030362452407568094,0.3036245240756809,0.003036245240756809,0.0024289961926054473,scenario,cyp_cystitis,13.881965359137688
20.083333333333,brain,2.315559761345325,0.989782071668,0.010217928332,0.2879791456578848,28.797914565788478,0.054044836987846394,5.404483698784639,0.247445517917,24.7445517917,0.003036224294469561,0.3036224294469561,0.0030362242944695613,0.0024289794355756493,scenario,cyp_cystitis,13.771921372908178
20.166666666667,brain,2.3153295016968167,0.989794203213,0.010205796787,0.2879795658740459,28.797956587404588,0.05404135342772781,5.404135342772781,0.24744855080325,24.744855080325003,0.0030362518701250603,0.303625187012506,0.00303625187012506,0.0024290014961000483,scenario,cyp_cystitis,13.661877386677352
20.25,brain,2.31513464401974,0.98980606649,0.01019393351,0.28798049373671286,28.798049373671287,0.054038636152283846,5.403863615228385,0.2474515166225,24.745151662250002,0.003036325740885347,0.30363257408853467,0.003036325740885347,0.0024290605927082777,scenario,cyp_cystitis,13.551833400447844
20.333333333333,brain,2.314973534178906,0.989817660983,0.010182339017,0.2879819017861809,28.79819017861809,0.05403664872057452,5.403664872057452,0.24745441524575,24.745441524575,0.0030364437587460007,0.3036443758746001,0.0030364437587460003,0.0024291550069968004,scenario,cyp_cystitis,13.441789414218329
20.416666666667,brain,2.314844578094947,0.989828986178,0.010171013822,0.2879837635497704,28.79837635497704,0.05403535600702722,5.403535600702722,0.2474572465445,24.74572465445,0.0030366038533012228,0.3036603853301223,0.0030366038533012228,0.0024292830826409782,scenario,cyp_cystitis,13.331745427987505
20.5,brain,2.314746240700126,0.989840041559,0.010159958441,0.2879860535240353,28.798605352403527,0.05403472417904701,5.403472417904701,0.24746001038975,24.746001038975,0.0030368040304219195,0.30368040304219196,0.0030368040304219195,0.002429443224337536,scenario,cyp_cystitis,13.221701441757995
20.583333333333,brain,2.3146770448351033,0.989850826611,0.010149173389,0.2879887471579811,28.79887471579811,0.05403472067364148,5.403472067364148,0.24746270665275,24.746270665275,0.003037042370855539,0.30370423708555394,0.003037042370855539,0.0024296338966844316,scenario,cyp_cystitis,13.111657455528483
20.666666666667,brain,2.3146355700931447,0.989861340817,0.010138659183,0.2879918208336228,28.79918208336228,0.05403531417249705,5.403531417249705,0.24746533520425,24.746533520425,0.003037317028756047,0.3037317028756047,0.0030373170287560473,0.002429853623004838,scenario,cyp_cystitis,13.00161346929766
20.75,brain,2.3146204516179694,0.989871583664,0.010128416336,0.2879952518483498,28.79952518483498,0.05403647457646638,5.403647457646638,0.247467895916,24.7467895916,0.0030376262301521203,0.303762623015212,0.0030376262301521208,0.0024301009841216966,scenario,cyp_cystitis,12.891569483068151
20.833333333333,brain,2.3146303788611986,0.98988155464,0.01011844536,0.2879990183939644,28.79990183939644,0.05403817297861922,5.403817297861922,0.24747038866,24.747038866,0.003037968271361393,0.30379682713613926,0.003037968271361393,0.0024303746170891145,scenario,cyp_cystitis,12.781525496838638
20.916666666667,brain,2.314664094305115,0.989891278699,0.010108721301,0.2880031069448745,28.80031069448745,0.05404038302683274,5.404038302683274,0.24747281967475,24.747281967474997,0.0030383415173580847,0.30383415173580847,0.0030383415173580843,0.0024306732138864675,scenario,cyp_cystitis,12.671481510607812
21.0,brain,2.3147203921561577,0.989900781946,0.010099218054,0.28800750516273543,28.800750516273542,0.0540430795683139,5.404307956831389,0.2474751954865,24.747519548649997,0.003038744400101166,0.3038744400101166,0.0030387444001011656,0.0024309955200809328,scenario,cyp_cystitis,12.561437524378304
21.083333333333,brain,2.314798117014346,0.989910067574,0.010089932426,0.2880121948738228,28.80121948738228,0.054046237307097025,5.4046237307097025,0.2474775168935,24.74775168935,0.00303917541682984,0.303917541682984,0.0030391754168298396,0.0024313403334638717,scenario,cyp_cystitis,12.451393538148793
21.166666666667,brain,2.3148961625235263,0.989919138773,0.010080861227,0.28801715871222777,28.801715871222775,0.054049832025303744,5.404983202530374,0.24747978469325,24.747978469325,0.0030396331283326825,0.3039633128332683,0.0030396331283326825,0.002431706502666146,scenario,cyp_cystitis,12.341349551917967
21.25,brain,2.3150134700070923,0.989927998736,0.010072001264,0.2880223800993369,28.80223800993369,0.054053840553782484,5.405384055378248,0.247481999684,24.7481999684,0.0030401161571965373,0.30401161571965374,0.003040116157196537,0.00243209292575723,scenario,cyp_cystitis,12.231305565688459
21.333333333333,brain,2.315149027093587,0.989936650652,0.010063349348,0.28802784321933433,28.802784321933434,0.05405824074177911,5.405824074177911,0.247484162663,24.748416266299998,0.0030406231860409835,0.3040623186040983,0.0030406231860409835,0.002432498548832787,scenario,cyp_cystitis,12.121261579458945
21.416666666667,brain,2.3153018663362785,0.989945097713,0.010054902287,0.2880335329986539,28.803353299865393,0.05406301142720521,5.406301142720521,0.24748627442825,24.748627442825,0.0030411529557436492,0.3041152955743649,0.0030411529557436484,0.002432922364594919,scenario,cyp_cystitis,12.011217593228123
21.5,brain,2.315471063830608,0.989953343111,0.010046656889,0.2880394350824618,28.80394350824618,0.0540681324062824,5.4068132406282405,0.24748833577775,24.748833577775002,0.003041704263661509,0.3041704263661509,0.003041704263661509,0.0024333634109292073,scenario,cyp_cystitis,11.901173606998611
21.583333333333,brain,2.3156557378331266,0.989961390036,0.010038609964,0.2880455358114341,28.80455358114341,0.0540735844032455,5.4073584403245505,0.247490347509,24.7490347509,0.0030422759618529615,0.30422759618529616,0.0030422759618529615,0.0024338207694823695,scenario,cyp_cystitis,11.7911296207691
21.666666666667,brain,2.315855047385284,0.989969241681,0.010030758319,0.28805182220063136,28.805182220063134,0.05407934904050847,5.407934904050847,0.24749231042025,24.749231042025,0.003042866955305001,0.3042866955305001,0.003042866955305001,0.002434293564244001,scenario,cyp_cystitis,11.681085634538277
21.75,brain,2.3160681909451917,0.989976901235,0.010023098765,0.28805828191499494,28.805828191499494,0.054085408808326546,5.408540880832654,0.24749422530875,24.749422530875,0.0030434762001696407,0.3043476200169641,0.003043476200169641,0.0024347809601357132,scenario,cyp_cystitis,11.571041648308768
21.833333333333,brain,2.3162944050303005,0.98998437189,0.01001562811,0.2880649032490812,28.80649032490812,0.05409174703544156,5.409174703544156,0.2474960929725,24.74960929725,0.00304410270201348,0.304410270201348,0.0030441027020134803,0.002435282161610784,scenario,cyp_cystitis,11.460997662079253
21.916666666667,brain,2.3165329628735956,0.989991656838,0.010008343162,0.28807167510409404,28.807167510409403,0.054098347859458724,5.409834785945873,0.2474979142095,24.74979142095,0.003044745514083766,0.3044745514083766,0.003044745514083766,0.002435796411267013,scenario,cyp_cystitis,11.350953675848428
22.0,brain,2.316783173095786,0.98999875927,0.01000124073,0.2880785869657499,28.80785869657499,0.054105196197666544,5.410519619766655,0.2474996898175,24.74996898175,0.0030454037355942616,0.30454037355942615,0.003045403735594262,0.00243632298847541,scenario,cyp_cystitis,11.24090968961892
22.083333333333,brain,2.317044378395736,0.990005682376,0.009994317624,0.28808562888272243,28.80856288827224,0.054112277718296624,5.411227771829663,0.247501420594,24.750142059399998,0.003046076510033895,0.3046076510033895,0.003046076510033895,0.002436861208027116,scenario,cyp_cystitis,11.13086570338941
22.166666666667,brain,2.3173159542611033,0.990012429349,0.009987570651,0.28809279144657424,28.809279144657424,0.05411957881243234,5.411957881243234,0.24750310733725,24.750310733725,0.0030467630235007565,0.30467630235007565,0.0030467630235007565,0.0024374104188006054,scenario,cyp_cystitis,11.020821717158586
22.25,brain,2.317597307701035,0.990019003378,0.009980996622,0.2881000657688412,28.810006576884117,0.05412708656578824,5.412708656578824,0.2475047508445,24.75047508445,0.0030474625030638817,0.3047462503063882,0.003047462503063882,0.002437970002451106,scenario,cyp_cystitis,10.910777730929075
22.333333333333,brain,2.3178878760025703,0.990025407656,0.009974592344,0.28810744346286465,28.810744346286466,0.054134788731819504,5.41347887318195,0.247506351914,24.7506351914,0.0030481742151550763,0.3048174215155076,0.003048174215155076,0.0024385393721240607,scenario,cyp_cystitis,10.800733744699565
22.416666666667,brain,2.3181871255121367,0.990031645374,0.009968354626,0.2881149166219558,28.811491662195582,0.054142673704607784,5.414267370460778,0.2475079113435,24.75079113435,0.0030488974639925437,0.30488974639925437,0.0030488974639925437,0.002439117971194035,scenario,cyp_cystitis,10.690689758468737
22.5,brain,2.3184945504434338,0.990037719723,0.009962280277,0.2881224778003167,28.81224778003167,0.054150730492755546,5.415073049275555,0.24750942993075,24.750942993075,0.0030496315900380697,0.304963159003807,0.00304963159003807,0.0024397052720304562,scenario,cyp_cystitis,10.580645772239226
22.583333333333,brain,2.3188096717128315,0.990043633893,0.009956366107,0.2881301199935353,28.813011999353535,0.054158948693713786,5.415894869371378,0.24751090847325,24.751090847325,0.003050375968489319,0.3050375968489319,0.003050375968489319,0.0024403007747914552,scenario,cyp_cystitis,10.470601786009716
22.666666666667,brain,2.3191320358031646,0.990049391077,0.009950608923,0.2881378366210005,28.81378366210005,0.054167318469000685,5.416731846900069,0.24751234776925,24.751234776925,0.0030511300078083364,0.30511300078083364,0.0030511300078083364,0.0024409040062466692,scenario,cyp_cystitis,10.360557799778892
22.75,brain,2.319461213656734,0.990054994466,0.009945005534,0.2881456215061733,28.814562150617327,0.05417583051956435,5.417583051956435,0.2475137486165,24.75137486165,0.003051893148287412,0.3051893148287412,0.0030518931482874123,0.00244151451862993,scenario,cyp_cystitis,10.250513813549384
22.833333333333,brain,2.3197967995982016,0.99006044725,0.00993955275,0.28815346885909454,28.815346885909456,0.05418447606212604,5.418447606212604,0.2475151118125,24.75151118125,0.0030526648606532423,0.30526648606532425,0.0030526648606532423,0.002442131888522594,scenario,cyp_cystitis,10.14046982731987
22.916666666667,brain,2.320138410287814,0.990065752621,0.009934247379,0.2881613732599715,28.816137325997147,0.054193246806295316,5.419324680629532,0.24751643815525,24.751643815525,0.0030534446447099462,0.3053444644709946,0.003053444644709946,0.0024427557157679566,scenario,cyp_cystitis,10.030425841089048
23.0,brain,2.3204856837053796,0.99007091377,0.00992908623,0.2881693296415222,28.81693296415222,0.054202134932029605,5.420213493202961,0.2475177284425,24.75177284425,0.0030542320280215396,0.30542320280215396,0.0030542320280215396,0.0024433856224172316,scenario,cyp_cystitis,9.920381854859535
23.083333333333,brain,2.320838278165296,0.990075932011,0.009924067989,0.28817733272666357,28.817733272666356,0.05421113296521808,5.421113296521808,0.24751898300275,24.751898300275,0.0030550265646343377,0.3055026564634338,0.0030550265646343377,0.00244402125170747,scenario,cyp_cystitis,9.810337868630027
23.166666666667,brain,2.321195871362713,0.990080807669,0.009919192331,0.2881853772711601,28.818537727116013,0.054220233805213514,5.422023380521352,0.24752020191725,24.752020191725,0.003055827833839356,0.30558278338393563,0.0030558278338393557,0.002444662267071485,scenario,cyp_cystitis,9.7002938823992
23.25,brain,2.3215581594509205,0.990085543235,0.009914456765,0.2881934589666973,28.81934589666973,0.05422943087726305,5.4229430877263045,0.24752138580875,24.752138580875,0.003056635438974878,0.3056635438974878,0.003056635438974878,0.0024453083511799026,scenario,cyp_cystitis,9.59024989616969
23.333333333333,brain,2.321924856149954,0.990090141211,0.009909858789,0.2882015737989289,28.82015737989289,0.0542387179949052,5.42387179949052,0.24752253530275,24.752253530275002,0.003057449006269274,0.3057449006269274,0.003057449006269274,0.0024459592050154193,scenario,cyp_cystitis,9.480205909940176
23.416666666667,brain,2.3222956918862177,0.9900946041,0.0099053959,0.2882097180303438,28.82097180303438,0.0542480893404584,5.424808934045839,0.247523651025,24.7523651025,0.0030582681837237444,0.30582681837237446,0.0030582681837237444,0.0024466145469789957,scenario,cyp_cystitis,9.370161923709352
23.5,brain,2.3226704129629416,0.990098934402,0.009901065598,0.2882178881853861,28.821788818538607,0.05425753944651476,5.425753944651476,0.2475247336005,24.75247336005,0.0030590926400348275,0.30590926400348273,0.0030590926400348275,0.002447274112027862,scenario,cyp_cystitis,9.260117937479842
23.583333333333,brain,2.3230487807612388,0.990103134621,0.009896865379,0.2882260810392822,28.82260810392822,0.054267063178709614,5.426706317870962,0.24752578365525,24.752578365525,0.003059922063556423,0.3059922063556423,0.003059922063556423,0.0024479376508451385,scenario,cyp_cystitis,9.15007395125033
23.666666666667,brain,2.3234305709713237,0.990107207258,0.009892792742,0.28823429360328984,28.823429360328984,0.05427665571838646,5.427665571838646,0.2475268018145,24.75268018145,0.003060756161300715,0.3060756161300715,0.003060756161300715,0.002448604929040572,scenario,cyp_cystitis,9.040029965019507
23.75,brain,2.323815572853519,0.990111154814,0.009888845186,0.2882425231133491,28.82425231133491,0.05428631254646543,5.428631254646543,0.2475277887035,24.75277887035,0.0030615946579775834,0.3061594657977583,0.003061594657977583,0.0024492757263820664,scenario,cyp_cystitis,8.929985978789997
23.833333333333,brain,2.324203588528629,0.990114979793,0.009885020207,0.2882507670192185,28.825076701921848,0.054296029427957984,5.429602942795799,0.24752874494825,24.752874494825,0.0030624372950719832,0.3062437295071983,0.0030624372950719837,0.002449949836057587,scenario,cyp_cystitis,8.819941992560489
23.916666666667,brain,2.3245944322970704,0.990118684695,0.009881315305,0.2882590229711745,28.82590229711745,0.05430580239656599,5.4305802396565985,0.24752967117375,24.752967117375,0.003063283829958494,0.30632838299584936,0.0030632838299584934,0.002450627063966795,scenario,cyp_cystitis,8.709898006329661
24.0,brain,2.324987929986252,0.990122272023,0.009877727977,0.2882672888112529,28.82672888112529,0.05431562774067054,5.431562774067054,0.24753056800575,24.753056800575,0.003064134035052389,0.3064134035052389,0.0030641340350523894,0.0024513072280419115,scenario,cyp_cystitis,8.599854020100151
