time_h,tissue,histamine_nm,R_surf,R_int,G_signal,G_signal_pct,G_signal_ligand,G_signal_ligand_pct,G_signal_constitutive,G_signal_constitutive_pct,beta_arr_signal,beta_arr_signal_pct,internalization_drive,k_int_eff_per_h,driver_type,driver_id,antagonist_concentration_nm
0.0,bladder,20.555449826912117,0.937479228481,0.062520771519,0.3491884503671566,34.91884503671566,0.3182257778348491,31.822577783484913,0.04687396142405,4.687396142405,0.026676120225272902,2.6676120225272903,0.026676120225272902,0.03334515028159113,scenario,cyp_cystitis,0.001
0.083333333333,bladder,19.469503483054474,0.937797399021,0.062202600979,0.33344244140911394,33.34424414091139,0.30163428574533047,30.163428574533047,0.04688986995105,4.688986995105,0.02190115115069528,2.190115115069528,0.02190115115069528,0.0273764389383691,scenario,cyp_cystitis,159.33625670560943
0.166666666667,bladder,16.81134590056803,0.938492479559,0.061507520441,0.30124287963918794,30.124287963918796,0.2677034270118294,26.77034270118294,0.04692462397795,4.6924623977949995,0.016714153416680554,1.6714153416680553,0.016714153416680557,0.020892691770850697,scenario,cyp_cystitis,318.6715134131309
0.25,bladder,14.107898239165253,0.939603930995,0.060396069005,0.2667747776217732,26.677477762177322,0.23136271691791918,23.13627169179192,0.04698019654975,4.698019654975,0.012567018681355423,1.2567018681355422,0.012567018681355424,0.01570877335169428,scenario,cyp_cystitis,478.00677011874063
0.333333333333,bladder,12.345407569589499,0.940998263873,0.059001736127,0.2420544653147927,24.205446531479268,0.20526794960120281,20.52679496012028,0.047049913193650005,4.704991319365001,0.009953149016829968,0.9953149016829967,0.009953149016829968,0.01244143627103746,scenario,cyp_cystitis,637.3420268243499
0.416666666667,bladder,11.579078380413122,0.942545621563,0.057454378437,0.22937498215057664,22.937498215057666,0.19183968533939647,19.183968533939648,0.04712728107815001,4.712728107815001,0.008519747470804816,0.8519747470804816,0.008519747470804816,0.010649684338506021,scenario,cyp_cystitis,796.6772835318712
0.5,bladder,11.417160458078335,0.94411730793,0.05588269207,0.22440052788368858,22.44005278836886,0.18652069735493534,18.652069735493534,0.047205865396500006,4.72058653965,0.007722507646611019,0.7722507646611019,0.007722507646611019,0.009653134558263774,scenario,cyp_cystitis,956.012540237481
0.583333333333,bladder,11.514853243236969,0.945683085705,0.054316914295,0.2227691956783842,22.276919567838423,0.18472109620329916,18.472109620329917,0.047284154285250006,4.728415428525,0.007205674624874669,0.720567462487467,0.007205674624874669,0.009007093281093337,scenario,cyp_cystitis,1115.3477969430905
0.666666666667,bladder,11.705727363009851,0.947225530516,0.052774469484,0.22232694475221337,22.232694475221336,0.18417438760675092,18.417438760675093,0.0473612765258,4.7361276525800005,0.006814696733145129,0.6814696733145129,0.006814696733145129,0.00851837091643141,scenario,cyp_cystitis,1274.6830536506122
0.75,bladder,11.936689170557148,0.948736492066,0.051263507934,0.2223814073087721,22.23814073087721,0.18415219232154958,18.415219232154957,0.0474368246033,4.7436824603300005,0.006496332650961572,0.6496332650961572,0.006496332650961572,0.008120415813701964,scenario,cyp_cystitis,1434.018310356222
0.833333333333,bladder,12.196883947700995,0.950212155573,0.049787844427,0.22277770479894338,22.277770479894336,0.18449168107399305,18.449168107399306,0.04751060777865,4.751060777865,0.00623176415151036,0.623176415151036,0.00623176415151036,0.00778970518938795,scenario,cyp_cystitis,1593.3535670618314
0.916666666667,bladder,12.486246370197202,0.951644910331,0.048355089669,0.22349313316887057,22.349313316887056,0.18516935542349536,18.516935542349536,0.04758224551655,4.758224551655,0.0060116654557543425,0.6011665455754343,0.0060116654557543425,0.007514581819692928,scenario,cyp_cystitis,1752.688823769352
1.0,bladder,12.806738294006486,0.953033546688,0.046966453312,0.22452975511721684,22.452975511721686,0.18618745029770195,18.618745029770196,0.047651677334400004,4.76516773344,0.005829658469749247,0.5829658469749247,0.005829658469749247,0.007287073087186559,scenario,cyp_cystitis,1912.024080474962
1.083333333333,bladder,13.160635160454543,0.954378064643,0.045621935357,0.22698558029423474,22.698558029423474,0.18870176532851027,18.870176532851026,0.04771890323215,4.7718903232150005,0.005795779173549046,0.5795779173549046,0.005795779173549047,0.007244723966936309,scenario,cyp_cystitis,2010.089154764143
1.166666666667,bladder,13.550267687212457,0.95567622883,0.04432377117,0.22975633950342242,22.975633950342242,0.1915500295388657,19.155002953886573,0.047783811441500006,4.778381144150001,0.005779189034591716,0.5779189034591716,0.005779189034591716,0.007223986293239645,scenario,cyp_cystitis,2108.154229054502
1.25,bladder,13.977975435917488,0.956922381032,0.043077618968,0.23284781366271903,23.284781366271904,0.19473862590644112,19.47386259064411,0.0478461190516,4.78461190516,0.005779264900814576,0.5779264900814576,0.005779264900814576,0.0072240811260182195,scenario,cyp_cystitis,2206.219303343685
1.333333333333,bladder,14.446080872967489,0.958116244505,0.041883755495,0.2362649959922676,23.62649959922676,0.19827282501791327,19.827282501791327,0.047905812225250005,4.790581222525001,0.005795449262357274,0.5795449262357274,0.005795449262357274,0.007244311577946593,scenario,cyp_cystitis,2304.284377632867
1.416666666667,bladder,14.956862625539502,0.959257824814,0.040742175186,0.24001063098520264,24.001063098520266,0.2021555155205291,20.21555155205291,0.0479628912407,4.79628912407,0.005827230369886289,0.5827230369886289,0.005827230369886289,0.007284037962357862,scenario,cyp_cystitis,2402.349451923225
1.5,bladder,15.512526265224263,0.960348401565,0.039651598435,0.24408523274082694,24.408523274082693,0.2063871712237652,20.63871712237652,0.04801742007825,4.801742007825,0.005874124768173051,0.5874124768173051,0.00587412476817305,0.007342655960216313,scenario,cyp_cystitis,2500.4145262124066
1.583333333333,bladder,16.115172667342524,0.961388953569,0.038611046431,0.24848649856169452,24.84864985616945,0.21096531671920477,21.096531671920477,0.048069447678450006,4.806944767845001,0.005935661809376943,0.5935661809376943,0.005935661809376943,0.007419577261721179,scenario,cyp_cystitis,2598.4796005015896
1.666666666667,bladder,16.766764161833343,0.962379480824,0.037620519176,0.2532089605114295,25.32089605114295,0.2158841962844521,21.58841962844521,0.048118974041200004,4.811897404120001,0.006011369862854,0.6011369862854,0.006011369862854001,0.007514212328567501,scenario,cyp_cystitis,2696.5446747919477
1.75,bladder,17.469088762520904,0.963319766202,0.036680233798,0.25824404747599483,25.824404747599484,0.22113479912199457,22.11347991219946,0.0481659883101,4.81659883101,0.006100764021391616,0.6100764021391616,0.006100764021391617,0.0076259550267395206,scenario,cyp_cystitis,2794.60974908113
1.833333333333,bladder,18.22372282885462,0.964207806105,0.035792193895,0.263579581622475,26.357958162247503,0.22670441191286844,22.670441191286844,0.048210390305250005,4.821039030525,0.006203335166668215,0.6203335166668215,0.006203335166668214,0.0077541689583352676,scenario,cyp_cystitis,2892.674823370311
1.916666666667,bladder,19.031992580948042,0.965043114074,0.034956885926,0.26920063725823684,26.920063725823685,0.23257734900477559,23.25773490047756,0.048252155703700006,4.82521557037,0.0063185403053769695,0.631854030537697,0.00631854030537697,0.007898175381721212,scenario,cyp_cystitis,2990.7398976606714
2.0,bladder,19.894934954180734,0.965825690107,0.034174309893,0.27508933328849633,27.508933328849633,0.23873478819278562,23.873478819278564,0.04829128450535,4.829128450535,0.006445794124833779,0.6445794124833779,0.006445794124833779,0.008057242656042223,scenario,cyp_cystitis,3088.804971949852
2.083333333333,bladder,20.81325834149058,0.966555534205,0.033444465795,0.2828245809942586,28.28245809942586,0.24683874135158804,24.683874135158803,0.04832777671025,4.832777671025,0.006718318411543279,0.6718318411543278,0.006718318411543278,0.008397898014429098,scenario,cyp_cystitis,3102.8973776632506
2.166666666667,bladder,21.78730382779719,0.967232646367,0.032767353633,0.29082732452412574,29.082732452412575,0.25522704442713234,25.522704442713234,0.04836163231835,4.836163231835,0.0070066236185692965,0.7006623618569296,0.007006623618569296,0.008758279523211619,scenario,cyp_cystitis,3116.9897833768223
2.25,bladder,22.81700757075368,0.967857026594,0.032142973406,0.299070330574995,29.9070330574995,0.26387103078452107,26.387103078452107,0.048392851329700004,4.839285132970001,0.007310498904050192,0.7310498904050192,0.007310498904050191,0.00913812363006274,scenario,cyp_cystitis,3131.0821890902184
2.333333333333,bladder,23.901865022655258,0.968428674886,0.031571325114,0.30752321003801436,30.752321003801438,0.2727387118881204,27.273871188812038,0.0484214337443,4.84214337443,0.0076295953035024275,0.7629595303502428,0.007629595303502427,0.009536994129378033,scenario,cyp_cystitis,3145.1745948036205
2.416666666667,bladder,25.040897717868443,0.968947702879,0.031052297121,0.31615281447187304,31.615281447187304,0.28179518876623477,28.179518876623476,0.04844738514395,4.844738514395,0.00796341809801343,0.7963418098013431,0.00796341809801343,0.009954272622516788,scenario,cyp_cystitis,3159.2670005171894
2.5,bladder,26.23262336791749,0.969414535537,0.030585464463,0.3249237244586744,32.49237244586744,0.291003155454552,29.100315545455203,0.04847072677685,4.847072677685,0.008311320480165349,0.831132048016535,0.008311320480165349,0.010389150600206686,scenario,cyp_cystitis,3173.3594062305897
2.583333333333,bladder,27.47503000998276,0.96982921426,0.03017078574,0.33379848265623446,33.379848265623444,0.30032318099287836,30.032318099287835,0.048491460713000006,4.849146071300001,0.008672498716221598,0.8672498716221598,0.008672498716221598,0.010840623395276998,scenario,cyp_cystitis,3187.4518119439886
2.666666666667,bladder,28.765554942575232,0.970191739047,0.029808260953,0.3427381848071315,34.273818480713146,0.30971431353134893,30.971431353134893,0.04850958695235,4.850958695235,0.009045988989631156,0.9045988989631156,0.009045988989631156,0.011307486237038946,scenario,cyp_cystitis,3201.544217657562
2.75,bladder,30.101069154732745,0.970502109898,0.029497890102,0.35170299359041707,35.17029935904171,0.3191346190479127,31.91346190479127,0.0485251054949,4.85251054949,0.009430666092739022,0.9430666092739022,0.009430666092739022,0.011788332615923778,scenario,cyp_cystitis,3215.6366233709614
2.833333333333,bladder,31.477867910531376,0.970760326814,0.029239673186,0.3606526381449659,36.06526381449659,0.3285417071623852,32.85417071623852,0.048538016340700006,4.853801634070001,0.009825244110567379,0.9825244110567378,0.009825244110567379,0.012281555138209223,scenario,cyp_cystitis,3229.729029084356
2.916666666667,bladder,32.89166808858644,0.970966389794,0.029033610206,0.3695468983767225,36.95468983767225,0.3378932409337079,33.78932409337079,0.0485483194897,4.85483194897,0.010228279212898756,1.0228279212898757,0.010228279212898756,0.012785349016123444,scenario,cyp_cystitis,3243.821434797931
3.0,bladder,34.33761279799859,0.971120298838,0.028879701162,0.37834606144850724,37.834606144850724,0.3471474173753761,34.71474173753761,0.048556014941900004,4.85560149419,0.010638174639460402,1.06381746394604,0.010638174639460402,0.013297718299325502,scenario,cyp_cystitis,3257.9138405113304
3.083333333333,bladder,35.810283697268886,0.971225405052,0.028774594948,0.387012675105595,38.701267510559504,0.3562646366873632,35.62646366873632,0.0485612702526,4.85612702526,0.011053187927992031,1.1053187927992032,0.011053187927992031,0.013816484909990039,scenario,cyp_cystitis,3272.006246224725
3.166666666667,bladder,37.30372133199148,0.971287682007,0.028712317993,0.3955117681978553,39.551176819785525,0.36520777273421606,36.52077727342161,0.04856438410035,4.856438410035,0.011471440397035694,1.1471440397035693,0.011471440397035694,0.014339300496294618,scenario,cyp_cystitis,3286.0986519382977
3.25,bladder,38.81145368359,0.97130724677,0.02869275323,0.40380774921465623,40.38077492146562,0.37393935460648026,37.393935460648024,0.04856536233850001,4.856536233850001,0.011890928855611728,1.1890928855611727,0.01189092885561173,0.014863661069514662,scenario,cyp_cystitis,3300.1910576516975
3.333333333333,bladder,40.326532985625605,0.971284099341,0.028715900659,0.4118668438108502,41.18668438108502,0.382423830361895,38.242383036189494,0.04856420496705,4.856420496705001,0.012309539471024132,1.2309539471024133,0.012309539471024132,0.015386924338780165,scenario,cyp_cystitis,3314.2834633650946
3.416666666667,bladder,41.84158071859321,0.971218239722,0.028781760278,0.41965734140051786,41.96573414005179,0.39062782043622934,39.06278204362293,0.048560911986100005,4.856091198610001,0.012725063684782729,1.272506368478273,0.012725063684782727,0.01590632960597841,scenario,cyp_cystitis,3328.375869078668
3.5,bladder,43.34884054292372,0.971112368435,0.028887631565,0.4271509275403857,42.71509275403857,0.39852137801961657,39.85213780196165,0.048555618421750005,4.855561842175001,0.013135216026403553,1.3135216026403553,0.013135216026403556,0.016419020033004446,scenario,cyp_cystitis,3342.468274792065
3.583333333333,bladder,44.840238774795814,0.970974752057,0.029025247943,0.43432415715619,43.432415715619,0.4060793890035158,40.607938900351584,0.04854873760285,4.854873760285,0.013537653636190954,1.3537653636190954,0.013537653636190954,0.016922067045238694,scenario,cyp_cystitis,3356.560680505467
3.666666666667,bladder,46.30745185369036,0.970805966825,0.029194033175,0.44115266075239623,44.115266075239624,0.4132761709591013,41.32761709591013,0.04854029834125,4.854029834125,0.013929997271933234,1.3929997271933234,0.013929997271933234,0.017412496589916542,scenario,cyp_cystitis,3370.653086219033
3.75,bladder,47.741980099450366,0.97060601274,0.02939398726,0.4476141324280444,44.76141324280444,0.4200882439905731,42.00882439905731,0.04853030063700001,4.8530300637,0.014309853542014613,1.4309853542014612,0.014309853542014616,0.01788731692751827,scenario,cyp_cystitis,3384.745491932433
3.833333333333,bladder,49.13522691208793,0.970374889802,0.029625110198,0.4536885356446792,45.36885356446792,0.4264945170048202,42.64945170048202,0.048518744490100005,4.85187444901,0.0146748380791156,1.46748380791156,0.014674838079115599,0.018343547598894498,scenario,cyp_cystitis,3398.8378976458353
3.916666666667,bladder,50.47858243339961,0.970113139266,0.029886860734,0.4593582849698134,45.93582849698134,0.432476450533172,43.2476450533172,0.0485056569633,4.85056569633,0.015022599345123767,1.5022599345123768,0.015022599345123767,0.018778249181404708,scenario,cyp_cystitis,3412.9303033594024
4.0,bladder,51.7635105705636,0.969823698262,0.030176301738,0.4646090502345305,46.460905023453044,0.4380188056015058,43.80188056015058,0.048491184913100005,4.8491184913100005,0.015350842740025357,1.5350842740025357,0.015350842740025357,0.019188553425031694,scenario,cyp_cystitis,3427.022709072804
4.083333333333,bladder,52.98163818012238,0.969507007985,0.030492992015,0.47055366206532107,47.055366206532106,0.4442929596484959,44.429295964849594,0.04847535039925,4.847535039925,0.01582005734219383,1.5820057342193832,0.01582005734219383,0.019775071677742288,scenario,cyp_cystitis,3394.7135797843266
4.166666666667,bladder,54.12484512923419,0.969163068435,0.030836931565,0.47605929354256604,47.6059293542566,0.45010646328506954,45.01064632850695,0.04845815342175,4.845815342175,0.016273606088631733,1.6273606088631734,0.016273606088631733,0.020342007610789668,scenario,cyp_cystitis,3362.404450495461
4.25,bladder,55.1853538936598,0.968791879611,0.031208120389,0.4811144546061167,48.11144546061167,0.4554472217111229,45.54472217111229,0.048439593980550005,4.843959398055,0.016708875792828773,1.6708875792828772,0.016708875792828773,0.020886094741035966,scenario,cyp_cystitis,3330.0953212069803
4.333333333333,bladder,56.155817319328094,0.968394188069,0.031605811931,0.48570983846716675,48.57098384671667,0.46030539901443873,46.03053990144387,0.04841970940345,4.841970940345,0.017123309967254374,1.7123309967254374,0.01712330996725437,0.02140413745906796,scenario,cyp_cystitis,3297.7861919185034
4.416666666667,bladder,57.0294031682204,0.967978110668,0.032021889332,0.48984153352393606,48.984153352393605,0.4646764505163538,46.46764505163538,0.048398905533400004,4.83989055334,0.017514434946340876,1.7514434946340875,0.017514434946340876,0.021893043682926095,scenario,cyp_cystitis,3265.4770626296367
4.5,bladder,57.799874091655,0.96754586777,0.03245413223,0.4935042461540578,49.35042461540578,0.46855468712163983,46.85546871216398,0.0483772933885,4.83772933885,0.0178798856541055,1.78798856541055,0.0178798856541055,0.022349857067631877,scenario,cyp_cystitis,3233.167933341159
4.583333333333,bladder,58.46166172381478,0.967097459374,0.032902540626,0.4966928972352361,49.669289723523605,0.4719347623858275,47.19347623858275,0.0483548729687,4.83548729687,0.018217430651783564,1.8217430651783564,0.018217430651783568,0.02277178831472946,scenario,cyp_cystitis,3200.8588040526834
4.666666666667,bladder,59.00993366533973,0.966632885482,0.033367114518,0.499403585485812,49.9403585485812,0.47481256969653896,47.4812569696539,0.0483316442741,4.83316442741,0.018524996107404382,1.8524996107404383,0.018524996107404382,0.023156245134255477,scenario,cyp_cystitis,3168.549674763816
4.75,bladder,59.44065223056165,0.966155568654,0.033844431346,0.5016352378774889,50.163523787748886,0.4771867994155673,47.71867994155673,0.0483077784327,4.83077784327,0.018800688342272075,1.8800688342272074,0.018800688342272075,0.023500860427840095,scenario,cyp_cystitis,3136.24054547534
4.833333333333,bladder,59.750623959633124,0.965677950682,0.034322049318,0.5033924510193715,50.339245101937145,0.4790616352476542,47.90616352476542,0.048283897534100007,4.828389753410001,0.019042814628098325,1.9042814628098326,0.01904281462809833,0.02380351828512291,scenario,cyp_cystitis,3103.9314161868638
4.916666666667,bladder,59.937539046229546,0.965201166672,0.034798833328,0.5046748232564274,50.46748232564274,0.48043659465560784,48.043659465560786,0.0482600583336,4.82600583336,0.019249901932753208,1.9249901932753208,0.01924990193275321,0.024062377415941513,scenario,cyp_cystitis,3071.6222868979944
5.0,bladder,60.0,0.964725216625,0.035274783375,0.5054820844431279,50.54820844431279,0.48131139327566097,48.131139327566096,0.04823626083125,4.823626083125,0.019420713342033186,1.9420713342033187,0.01942071334203319,0.024275891677541486,scenario,cyp_cystitis,3039.3131576095175
5.083333333333,bladder,59.937539046229546,0.964250100539,0.035749899461,0.5058146246848937,50.58146246848937,0.4816864417452039,48.168644174520395,0.04821250502695,4.821250502695,0.01955426191858599,1.955426191858599,0.01955426191858599,0.024442827398232485,scenario,cyp_cystitis,3007.004028321042
5.166666666667,bladder,59.750623959633124,0.963782401487,0.036217598513,0.505676910487095,50.5676910487095,0.4815660951713105,48.15660951713105,0.04818912007435,4.818912007435,0.019649821796669957,1.9649821796669957,0.019649821796669957,0.024562277245837448,scenario,cyp_cystitis,2974.694899032175
5.25,bladder,59.44065223056165,0.963331638088,0.036668361912,0.5050755421785126,50.50755421785126,0.48095680028853954,48.095680028853955,0.048166581904400006,4.816658190440001,0.019706936352267033,1.9706936352267033,0.01970693635226703,0.024633670440333787,scenario,cyp_cystitis,2942.3857697436974
5.333333333333,bladder,59.00993366533973,0.962897887892,0.037102112108,0.5040127331483611,50.40127331483612,0.47986088289869594,47.98608828986959,0.048144894394600006,4.814489439460001,0.019725423331277976,1.9725423331277976,0.019725423331277976,0.02465677916409747,scenario,cyp_cystitis,2910.076640455218
5.416666666667,bladder,58.46166172381478,0.962481150898,0.037518849102,0.5024912385579945,50.249123855799446,0.47828124317167847,47.82812431716785,0.048124057544900005,4.81240575449,0.01970537686351802,1.970537686351802,0.019705376863518025,0.024631721079397532,scenario,cyp_cystitis,2877.767511166354
5.5,bladder,57.799874091655,0.962081441927,0.037918558073,0.5005144462010832,50.05144462010832,0.476221446426035,47.622144642603494,0.04810407209635,4.810407209635001,0.01964716633633529,1.964716633633529,0.01964716633633529,0.024558957920419112,scenario,cyp_cystitis,2845.4583818778747
5.583333333333,bladder,57.0294031682204,0.961700243053,0.038299756947,0.4980871900076228,49.80871900076228,0.47368650300523457,47.368650300523456,0.04808501215265,4.808501215265,0.019551432148029856,1.9551432148029857,0.019551432148029856,0.02443929018503732,scenario,cyp_cystitis,2813.149252589399
5.666666666667,bladder,56.155817319328094,0.961341099717,0.038658900283,0.49521611594122306,49.521611594122305,0.47068322205828744,47.06832220582874,0.048067054985850004,4.806705498585,0.01941907840726504,1.941907840726504,0.019419078407265044,0.024273848009081306,scenario,cyp_cystitis,2780.840123300533
5.75,bladder,55.1853538936598,0.961007616397,0.038992383603,0.49190871142803133,49.19087114280313,0.467219295377033,46.721929537703296,0.048050380819850004,4.805038081985001,0.01925126268955092,1.925126268955092,0.019251262689550925,0.024064078361938655,scenario,cyp_cystitis,2748.5309940120546
5.833333333333,bladder,54.12484512923419,0.960703397568,0.039296602432,0.48817336885682117,48.81733688568212,0.4633033673457065,46.33033673457065,0.04803516987840001,4.803516987840001,0.01904938300492083,1.904938300492083,0.019049383004920834,0.023811728756151042,scenario,cyp_cystitis,2716.2218647235773
5.916666666667,bladder,52.98163818012238,0.960432047706,0.039567952294,0.4840194932858186,48.401949328581864,0.45894514831633537,45.894514831633536,0.048021602385300004,4.80216023853,0.01881506217154507,1.881506217154507,0.01881506217154507,0.02351882771443134,scenario,cyp_cystitis,2683.912735434711
6.0,bladder,51.7635105705636,0.960197171287,0.039802828713,0.4794576210970616,47.94576210970616,0.45415553950811743,45.41555395081174,0.04800985856435,4.800985856435,0.018550129827398815,1.8550129827398814,0.018550129827398815,0.02318766228424852,scenario,cyp_cystitis,2651.6036061462314
6.083333333333,bladder,50.47858243339961,0.960002372787,0.039997627213,0.47449954667381344,47.44995466738134,0.4489467663520668,44.89467663520668,0.04800011863935,4.800011863935,0.018256602345683045,1.8256602345683044,0.018256602345683045,0.022820752932103807,scenario,cyp_cystitis,2619.2944768577563
6.166666666667,bladder,49.13522691208793,0.959851256682,0.040148743318,0.4691584536395932,46.91584536395932,0.4433325166373613,44.33325166373613,0.0479925628341,4.79925628341,0.01793666094901207,1.793666094901207,0.017936660949012074,0.02242082618626509,scenario,cyp_cystitis,2586.9853475688888
6.25,bladder,47.741980099450366,0.959747025883,0.040252974117,0.4634488527277904,46.34488527277904,0.4373278962459373,43.732789624593735,0.04798735129415,4.798735129415,0.017592628341625817,1.7592628341625818,0.017592628341625817,0.02199078542703227,scenario,cyp_cystitis,2554.676218280412
6.333333333333,bladder,46.30745185369036,0.959684587858,0.040315412142,0.4573829599488425,45.73829599488425,0.43094603216414995,43.094603216414995,0.04798422939290001,4.798422939290001,0.017226944197796676,1.7226944197796676,0.017226944197796676,0.021533680247245845,scenario,cyp_cystitis,2522.367088991935
6.416666666667,bladder,44.840238774795814,0.95966135339,0.04033864661,0.45097616779935407,45.09761677993541,0.42420326329458324,42.42032632945833,0.0479830676695,4.798306766950001,0.016842139857887576,1.6842139857887577,0.016842139857887576,0.02105267482235947,scenario,cyp_cystitis,2490.0579597030683
6.5,bladder,43.34884054292372,0.959677393658,0.040322606342,0.44424716476339154,44.42471647633916,0.41711925797946475,41.71192579794648,0.0479838696829,4.79838696829,0.016440812590553824,1.6440812590553824,0.016440812590553824,0.02055101573819228,scenario,cyp_cystitis,2457.74883041459
6.583333333333,bladder,41.84158071859321,0.95973277984,0.04026722016,0.43721672726353605,43.7216727263536,0.4097158823910906,40.97158823910906,0.04798663899200001,4.798663899200001,0.01602559978048146,1.6025599780481459,0.01602559978048146,0.020031999725601823,scenario,cyp_cystitis,2425.439701126112
6.666666666667,bladder,40.326532985625605,0.959827583115,0.040172416885,0.4299077829909803,42.99077829909803,0.40201726719497927,40.20172671949793,0.047991379155750004,4.799137915575001,0.015599153395843019,1.559915339584302,0.015599153395843017,0.019498941744803773,scenario,cyp_cystitis,2393.1305718372464
6.75,bladder,38.81145368359,0.959961836574,0.040038163426,0.42234542207117126,42.23454220711712,0.3940498213078645,39.40498213078645,0.047998091828700004,4.799809182870001,0.015164115078008966,1.5164115078008966,0.015164115078008968,0.01895514384751121,scenario,cyp_cystitis,2360.821442548769
6.833333333333,bladder,37.30372133199148,0.960133244737,0.039866755263,0.4145558960385841,41.455589603858414,0.3858412987386675,38.58412987386675,0.04800666223685,4.800666223685,0.014723092178565846,1.4723092178565846,0.014723092178565845,0.018403865223207305,scenario,cyp_cystitis,2328.512313260292
6.916666666667,bladder,35.810283697268886,0.960339695602,0.039660304398,0.4065677186346741,40.65677186346741,0.377421825110078,37.7421825110078,0.048016984780100004,4.8016984780100005,0.014278635045768127,1.4278635045768127,0.014278635045768127,0.017848293807210158,scenario,cyp_cystitis,2296.203183971426
7.0,bladder,34.33761279799859,0.960580170396,0.039419829604,0.39841192725855884,39.84119272585588,0.3688241249881672,36.88241249881672,0.0480290085198,4.80290085198,0.013833215834256053,1.3833215834256052,0.01383321583425605,0.017291519792820065,scenario,cyp_cystitis,2263.894054682948
7.083333333333,bladder,32.89166808858644,0.960853650347,0.039146349653,0.39012142641416814,39.012142641416816,0.3600828883124402,36.008288831244016,0.04804268251735,4.8042682517349995,0.013389209079245424,1.3389209079245423,0.013389209079245425,0.016736511349056783,scenario,cyp_cystitis,2231.58492539447
7.166666666667,bladder,31.477867910531376,0.961159116683,0.038840883317,0.381730763426745,38.1730763426745,0.35123453430799473,35.12345343079947,0.048057955834150005,4.805795583415001,0.01294887424019707,1.294887424019707,0.012948874240197071,0.01618609280024634,scenario,cyp_cystitis,2199.2757961056036
7.25,bladder,30.101069154732745,0.96149554937,0.03850445063,0.37327584668501457,37.32758466850146,0.34231691496475214,34.231691496475214,0.0480747774685,4.80747774685,0.012514340379597073,1.2514340379597073,0.012514340379597075,0.015642925474496343,scenario,cyp_cystitis,2166.9666668171253
7.333333333333,bladder,28.765554942575232,0.961860403562,0.038139596438,0.3647930323100868,36.47930323100868,0.333368433823144,33.3368433823144,0.0480930201781,4.80930201781,0.012087593101266086,1.2087593101266085,0.012087593101266086,0.015109491376582608,scenario,cyp_cystitis,2134.657537528648
7.416666666667,bladder,27.47503000998276,0.962250729067,0.037749270933,0.3563192222496177,35.63192222496177,0.32442809031186076,32.44280903118607,0.04811253645335001,4.811253645335,0.011670463830513013,1.1670463830513014,0.011670463830513013,0.014588079788141266,scenario,cyp_cystitis,2102.348408239782
7.5,bladder,26.23262336791749,0.962664661566,0.037335338434,0.34789199416030336,34.789199416030335,0.31553553798105616,31.553553798105614,0.0481332330783,4.81332330783,0.011264621475989958,1.1264621475989958,0.011264621475989958,0.014080776844987448,scenario,cyp_cystitis,2070.039278951305
7.583333333333,bladder,25.040897717868443,0.963100336741,0.036899663259,0.3395487102626228,33.95487102626228,0.3067302036058661,30.673020360586612,0.04815501683705001,4.815501683705,0.010871566471681606,1.0871566471681606,0.010871566471681606,0.013589458089602009,scenario,cyp_cystitis,2037.7301496628272
7.666666666667,bladder,23.901865022655258,0.963555890271,0.036444109729,0.33132603701238206,33.1326037012382,0.29805078157771797,29.805078157771796,0.048177794513550004,4.817779451355,0.010492627157952492,1.0492627157952492,0.010492627157952492,0.013115783947440614,scenario,cyp_cystitis,2005.4210203739606
7.75,bladder,22.81700757075368,0.964029457838,0.035970542162,0.3232594578954792,32.32594578954792,0.28953472105639916,28.953472105639914,0.0482014728919,4.82014728919,0.010128958423414363,1.0128958423414363,0.010128958423414361,0.012661198029267951,scenario,cyp_cystitis,1973.1118910854834
7.833333333333,bladder,21.78730382779719,0.964519116239,0.035480883761,0.3153827746604874,31.538277466048743,0.28121770405109203,28.121770405109203,0.04822595581195,4.822595581195,0.009781542495721038,0.9781542495721038,0.00978154249572104,0.012226928119651299,scenario,cyp_cystitis,1940.8027617970054
7.916666666667,bladder,20.81325834149058,0.965022893486,0.034977106514,0.30772765600538543,30.77276560053854,0.27313316982219515,27.313316982219515,0.0482511446743,4.82511446743,0.009451191739826696,0.9451191739826695,0.009451191739826696,0.01181398967478337,scenario,cyp_cystitis,1908.4936325081399
8.0,bladder,19.894934954180734,0.965538882717,0.034461117283,0.30032325489578937,30.032325489578938,0.2653119060630941,26.531190606309412,0.04827694413585,4.827694413585,0.009138553296886471,0.9138553296886471,0.009138553296886471,0.011423191621108088,scenario,cyp_cystitis,1876.184503219662
8.083333333333,bladder,19.031992580948042,0.966065177556,0.033934822444,0.29289146685380135,29.289146685380135,0.25746127155368564,25.746127155368566,0.0483032588778,4.83032588778,0.008803270007073637,0.8803270007073637,0.008803270007073637,0.011004087508842046,scenario,cyp_cystitis,1857.188112497182
8.166666666667,bladder,18.22372282885462,0.966599871627,0.033400128373,0.2857688590717426,28.57688590717426,0.24993564788462377,24.99356478846238,0.048329993581350005,4.832999358135001,0.00848851766988865,0.8488517669888651,0.00848851766988865,0.010610647087360814,scenario,cyp_cystitis,1838.1917217744735
8.25,bladder,17.469088762520904,0.967141058555,0.032858941445,0.2789748389810841,27.897483898108412,0.2427555642666675,24.27555642666675,0.04835705292775,4.835705292775,0.00819427306703777,0.819427306703777,0.00819427306703777,0.010242841333797211,scenario,cyp_cystitis,1819.195331051994
8.333333333333,bladder,16.766764161833343,0.967687137494,0.032312862506,0.27252512942523494,27.252512942523495,0.23593765531635255,23.593765531635256,0.0483843568747,4.8384356874700005,0.007920373035172738,0.7920373035172737,0.007920373035172738,0.009900466293965921,scenario,cyp_cystitis,1800.1989403295124
8.416666666667,bladder,16.115172667342524,0.968236927403,0.031763072597,0.26643172175196517,26.64317217519652,0.22949460566506863,22.949460566506865,0.04841184637015,4.841184637015,0.007666527918977604,0.7666527918977605,0.007666527918977604,0.009583159898722006,scenario,cyp_cystitis,1781.202549606805
8.5,bladder,15.512526265224263,0.968788693435,0.031211306565,0.26070261676587586,26.070261676587585,0.22343492852013247,22.34349285201325,0.04843943467175,4.843943467175,0.00743233540217487,0.743233540217487,0.007432335402174869,0.009290419252718587,scenario,cyp_cystitis,1762.2061588843242
8.583333333333,bladder,14.9568626255395,0.969340681177,0.030659318823,0.2553420772337638,25.53420772337638,0.21776320334201452,21.77632033420145,0.04846703405885,4.846703405885,0.007217294482676489,0.721729448267649,0.007217294482676489,0.009021618103345612,scenario,cyp_cystitis,1743.2097681618436
8.666666666667,bladder,14.446080872967363,0.969891136216,0.030108863784,0.25035079891712453,25.035079891712453,0.2124802548487627,21.24802548487627,0.048494556810800005,4.84945568108,0.00702081937597806,0.702081937597806,0.0070208193759780605,0.008776024219972575,scenario,cyp_cystitis,1724.2133774391355
8.75,bladder,13.977975435911386,0.970438304139,0.029561695861,0.2457261381165381,24.57261381165381,0.2075833925364085,20.75833925364085,0.048521915206950005,4.852191520695,0.00684225315139887,0.684225315139887,0.0068422531513988695,0.008552816439248587,scenario,cyp_cystitis,1705.216986716656
8.833333333333,bladder,13.550267686983485,0.970980430533,0.029019569467,0.24146239038620115,24.146239038620116,0.20306670406268543,20.30667040626854,0.04854902152665,4.854902152665,0.006680880928439064,0.6680880928439064,0.006680880928439064,0.008351101160548829,scenario,cyp_cystitis,1686.2205959941746
8.916666666667,bladder,13.160635153762957,0.971515760984,0.028484239016,0.23755110849022387,23.755110849022387,0.19892138993791986,19.892138993791985,0.04857578804920001,4.857578804920001,0.006535942484573538,0.6535942484573538,0.006535942484573539,0.008169928105716923,scenario,cyp_cystitis,1667.2242052714669
9.0,bladder,12.806738141706688,0.972042541081,0.027957458919,0.23398144737816448,23.398144737816448,0.19513612665696262,19.51361266569626,0.04860212705405,4.860212705405,0.006406644150375131,0.6406644150375131,0.006406644150375131,0.008008305187968913,scenario,cyp_cystitis,1648.2278145489865
9.083333333333,bladder,12.486243670618698,0.972559016409,0.027440983591,0.23074052424869484,23.074052424869485,0.19169744571394196,19.169744571394194,0.04862795082045,4.862795082045,0.0062921698925312314,0.6292169892531232,0.006292169892531232,0.00786521236566404,scenario,cyp_cystitis,1629.2314238265058
9.166666666667,bladder,12.196846681169273,0.973063432556,0.026936567444,0.22781378257704848,22.781378257704848,0.18859011678868262,18.859011678868264,0.0486531716278,4.86531716278,0.006191691509464276,0.6191691509464277,0.006191691509464276,0.007739614386830345,scenario,cyp_cystitis,1610.2350331037976
9.25,bladder,11.936288517583218,0.973554035108,0.026445964892,0.2251853501509073,22.51853501509073,0.18579752462684979,18.57975246268498,0.0486777017554,4.8677701755400005,0.00610437788727326,0.610437788727326,0.00610437788727326,0.007630472359091575,scenario,cyp_cystitis,1591.238642381317
9.333333333333,bladder,11.702372736730853,0.97402979784,0.02597020216,0.22283854921626067,22.283854921626066,0.18330216770974808,18.330216770974808,0.048701489892,4.8701489892000005,0.006029403285326666,0.6029403285326665,0.006029403285326667,0.007536754106658334,scenario,cyp_cystitis,1572.2422516588372
9.416666666667,bladder,11.492978332054987,0.974492946611,0.025507053389,0.2207567822214073,22.07567822214073,0.18108645777984977,18.10864577798498,0.04872464733055001,4.872464733055001,0.005965954640681532,0.5965954640681532,0.005965954640681533,0.007457443300851916,scenario,cyp_cystitis,1553.2458609361295
9.5,bladder,11.306070492695913,0.974943303268,0.025056696732,0.21892252687036895,21.892252687036894,0.17913195969154627,17.91319596915463,0.048747165163400004,4.87471651634,0.0059132378982566505,0.591323789825665,0.0059132378982566505,0.007391547372820813,scenario,cyp_cystitis,1534.2494702136491
9.583333333333,bladder,11.139709044181245,0.975380263802,0.024619736198,0.2173180725272959,21.731807252729592,0.17742006246020622,17.742006246020622,0.048769013190100005,4.876901319010001,0.00587048338929832,0.587048338929832,0.005870483389298321,0.007338104236622902,scenario,cyp_cystitis,1515.2530794911681
9.666666666667,bladder,10.99205473721796,0.975803224205,0.024196775795,0.2159258531277126,21.59258531277126,0.17593230728153958,17.59323072815396,0.04879016121025,4.879016121025001,0.005836950294017518,0.5836950294017518,0.005836950294017518,0.007296187867521898,scenario,cyp_cystitis,1496.256688768461
9.75,bladder,10.861373565581756,0.976211580467,0.023788419533,0.21472864790262447,21.47286479026245,0.1746505988202889,17.465059882028893,0.04881057902335,4.881057902335,0.005811930235282755,0.5811930235282755,0.005811930235282755,0.007264912794103444,scenario,cyp_cystitis,1477.2602980459799
9.833333333333,bladder,10.746039303453825,0.976604728582,0.023395271418,0.213709748733713,21.370974873371303,0.17355738137327686,17.355738137327688,0.048830236429100005,4.8830236429100005,0.005794750059035484,0.5794750059035484,0.005794750059035484,0.007243437573794356,scenario,cyp_cystitis,1458.2639073234996
9.916666666667,bladder,10.644534457199693,0.976982064539,0.023017935461,0.2128530953663415,21.285309536634152,0.1726357811993595,17.26357811993595,0.048849103226950005,4.884910322695,0.005784773863714635,0.5784773863714635,0.005784773863714636,0.007230967329643295,scenario,cyp_cystitis,1439.2675166007914
10.0,bladder,10.555449826912115,0.977343633198,0.022656366802,0.2121435212702893,21.214352127028928,0.17186983116883084,17.186983116883084,0.048867181659900005,4.8867181659900005,0.005781404345545632,0.5781404345545632,0.0057814043455456324,0.00722675543193204,scenario,cyp_cystitis,1420.2711258783113
10.083333333333,bladder,10.477482869751306,0.977690744347,0.022309255653,0.2115669620501231,21.15669620501231,0.17124465771870853,17.124465771870852,0.048884537217350005,4.888453721735001,0.005784083529273257,0.5784083529273257,0.005784083529273257,0.007230104411591571,scenario,cyp_cystitis,1401.274735155831
10.166666666667,bladder,10.40943505071845,0.978023432389,0.021976567611,0.2111099567926751,21.11099567926751,0.17074608965602642,17.074608965602643,0.048901171619450005,4.890117161945001,0.0057922929549593044,0.5792292954959305,0.005792292954959304,0.0072403661936991295,scenario,cyp_cystitis,1382.2783444331224
10.25,bladder,10.350208357468121,0.978341659944,0.021658340056,0.2107599424243366,21.07599424243366,0.17036090466014378,17.03609046601438,0.048917082997200004,4.89170829972,0.005805553391028283,0.5805553391028283,0.005805553391028285,0.007256941738785356,scenario,cyp_cystitis,1363.281953710642
10.333333333333,bladder,10.298801144750488,0.97864538963,0.02135461037,0.21050528084804682,21.050528084804682,0.17007685407004927,17.007685407004928,0.04893226948150001,4.893226948150001,0.005823424142053718,0.5823424142053718,0.0058234241420537175,0.007279280177567147,scenario,cyp_cystitis,1344.2855629881615
10.416666666667,bladder,10.25430346155047,0.978934584066,0.021065415934,0.2103352542713409,21.03352542713409,0.16988265796635882,16.988265796635883,0.0489467292033,4.894672920330001,0.005845502017024836,0.5845502017024836,0.005845502017024836,0.007306877521281045,scenario,cyp_cystitis,1325.2891722654542
10.5,bladder,10.215892000381654,0.979209205873,0.020790794127,0.2102400471852986,21.02400471852986,0.16976798620173536,16.976798620173536,0.048960460293650004,4.896046029365,0.0058714200202406855,0.5871420020240685,0.0058714200202406855,0.007339275025300857,scenario,cyp_cystitis,1306.292781542974
10.583333333333,bladder,10.182824794002768,0.979469217668,0.020530782332,0.21021071762119126,21.021071762119124,0.16972342814504343,16.972342814504344,0.0489734608834,4.89734608834,0.005900845822738461,0.5900845822738461,0.005900845822738461,0.007376057278423076,scenario,cyp_cystitis,1287.2963908204933
10.666666666667,bladder,10.154435770411734,0.979715074516,0.020284925484,0.21023926576009325,21.023926576009323,0.16974053898346658,16.974053898346657,0.0489857537258,4.898575372580001,0.005933480067443582,0.5933480067443582,0.005933480067443582,0.0074168500843044775,scenario,cyp_cystitis,1268.3000000977847
10.75,bladder,10.13012926263627,0.979947553292,0.020052446708,0.2103185541355163,21.031855413551632,0.16981176470622772,16.98117647062277,0.0489973776646,4.89973776646,0.005969054556224841,0.5969054556224841,0.005969054556224841,0.0074613181952810515,scenario,cyp_cystitis,1249.303609375305
10.833333333333,bladder,10.109374555909222,0.980166890056,0.019833109944,0.2104420752411076,21.04420752411076,0.16993024288242906,16.993024288242907,0.049008344502800005,4.9008344502800005,0.006007330361879973,0.6007330361879973,0.006007330361879973,0.007509162952349966,scenario,cyp_cystitis,1230.3072186528245
10.916666666667,bladder,10.091700541503593,0.980373318202,0.019626681798,0.21060401689873715,21.060401689873714,0.17008984314593384,17.008984314593384,0.049018665910100005,4.90186659101,0.006048095902884014,0.6048095902884014,0.006048095902884014,0.007560119878605017,scenario,cyp_cystitis,1211.3108279301161
11.0,bladder,10.076690533966223,0.980567071124,0.019432928876,0.21079921133398455,21.079921133398454,0.17028511345029954,17.028511345029955,0.0490283535562,4.90283535562,0.0060911650136519,0.60911650136519,0.006091165013651901,0.007613956267064876,scenario,cyp_cystitis,1192.3144372076358
11.083333333333,bladder,10.063977296895043,0.980748382214,0.019251617786,0.21102308350343946,21.102308350343947,0.17051122567656785,17.051122567656783,0.049037419110700003,4.90374191107,0.006136375038160089,0.6136375038160089,0.006136375038160089,0.007670468797700111,scenario,cyp_cystitis,1173.318046485155
11.166666666667,bladder,10.053238311833356,0.980917484866,0.019082515134,0.2112716001776691,21.12716001776691,0.17076392203617802,17.0763922036178,0.0490458742433,4.90458742433,0.006183584970104464,0.6183584970104464,0.006183584970104465,0.007729481212630581,scenario,cyp_cystitis,1154.3216557624469
11.25,bladder,10.044191315346753,0.981074614081,0.018925385919,0.2115412208595684,21.15412208595684,0.1710394633215983,17.10394633215983,0.04905373070405,4.905373070405,0.006232673658442017,0.6232673658442017,0.006232673658442017,0.007790842073052522,scenario,cyp_cystitis,1135.3252650399668
11.333333333333,bladder,10.036590120944052,0.981220161993,0.018779838007,0.21182888398791128,21.18288839879113,0.17133460619816976,17.133460619816976,0.04906100809965,4.906100809965,0.006283538093174028,0.6283538093174028,0.006283538093174028,0.007854422616467535,scenario,cyp_cystitis,1116.3288743174862
11.416666666667,bladder,10.030220735187955,0.981354510443,0.018645489557,0.21213192605875483,21.213192605875484,0.17164652688063667,17.16465268806367,0.04906772552215,4.906772552215,0.006336091782597709,0.6336091782597709,0.006336091782597709,0.007920114728247137,scenario,cyp_cystitis,1097.3324835947783
11.5,bladder,10.024897771075164,0.981477954315,0.018522045685,0.21244802288447154,21.244802288447154,0.17197276333549638,17.197276333549638,0.04907389771575,4.907389771575,0.006390263230042308,0.6390263230042308,0.006390263230042308,0.007987829037552886,scenario,cyp_cystitis,1078.3360928722977
11.583333333333,bladder,10.020461156511425,0.981590788491,0.018409211509,0.2127751690950598,21.27751690950598,0.17231118912685242,17.231118912685243,0.049079539424550005,4.907953942455,0.006445994515272872,0.6445994515272873,0.006445994515272871,0.008057493144091089,scenario,cyp_cystitis,1059.3397021498179
11.666666666667,bladder,10.016773131395112,0.981693307853,0.018306692147,0.2131116419202511,21.31116419202511,0.1726599752922117,17.26599752922117,0.04908466539265,4.908466539265,0.0065032399832771134,0.6503239983277114,0.006503239983277114,0.008129049979096394,scenario,cyp_cystitis,1040.3433114271097
11.75,bladder,10.01371552337467,0.981785807285,0.018214192715,0.21345596799106006,21.345596799106005,0.17301755539664218,17.301755539664217,0.04908929036425,4.908929036425,0.006561965041086619,0.6561965041086619,0.00656196504108662,0.008202456301358275,scenario,cyp_cystitis,1021.3469207046295
11.833333333333,bladder,10.01118728968604,0.98186858167,0.01813141833,0.2138068931111574,21.380689311115738,0.17338259371332357,17.338259371332356,0.049093429083500006,4.90934290835,0.006622145061553576,0.6622145061553576,0.006622145061553576,0.00827768132694197,scenario,cyp_cystitis,1002.3505299821493
11.916666666667,bladder,10.009102310518342,0.981942004227,0.018057995773,0.2141633719906996,21.41633719906996,0.1737539702940522,17.37539702940522,0.04909710021135,4.909710021135,0.006683764391578218,0.6683764391578217,0.006683764391578219,0.008354705489472774,scenario,cyp_cystitis,983.3541392594407
12.0,bladder,10.007387418011602,0.982007689421,0.017992310579,0.2145247978245019,21.45247978245019,0.1741309614246862,17.41309614246862,0.04910038447105,4.910038447105,0.006746815461190328,0.6746815461190327,0.006746815461190328,0.00843351932648791,scenario,cyp_cystitis,964.3577485369603
12.083333333333,bladder,10.005980644179056,0.982066658753,0.017933341247,0.21461732233446293,21.46173223344629,0.17422525199664518,17.42252519966452,0.049103332937650006,4.910333293765,0.006763149315603249,0.6763149315603249,0.00676314931560325,0.008453936644504062,scenario,cyp_cystitis,959.3058872942094
12.166666666667,bladder,10.004829670686105,0.982119539837,0.017880460163,0.21471210719928285,21.471210719928287,0.1743222423236135,17.432224232361353,0.04910597699185,4.910597699185,0.006779739243636764,0.6779739243636764,0.006779739243636765,0.008474674054545956,scenario,cyp_cystitis,954.2540260513978
12.25,bladder,10.003890463430777,0.982166960288,0.017833039712,0.21480869438939698,21.4808694389397,0.17442141723683893,17.442141723683893,0.049108348014400005,4.91083480144,0.006796557501690007,0.6796557501690007,0.006796557501690006,0.008495696877112508,scenario,cyp_cystitis,949.2021648086477
12.333333333333,bladder,10.003126075188744,0.982209547719,0.017790452281,0.2149067211900901,21.49067211900901,0.17452236189909484,17.452236189909485,0.04911047738595001,4.911047738595001,0.006813580855789047,0.6813580855789046,0.006813580855789047,0.00851697606973631,scenario,cyp_cystitis,944.1503035658965
12.416666666667,bladder,10.00250560014431,0.982247929743,0.017752070257,0.21500590628688804,21.500590628688805,0.174624747157619,17.4624747157619,0.049112396487150003,4.911239648715,0.006830789930540632,0.6830789930540632,0.006830789930540633,0.008538487413175791,scenario,cyp_cystitis,939.0984423230855
12.5,bladder,10.002003264869648,0.982282733976,0.017717266024,0.21510603764169944,21.510603764169943,0.17472831678199943,17.47283167819994,0.0491141366988,4.91141366988,0.006848168640776302,0.6848168640776302,0.006848168640776303,0.008560210800970379,scenario,cyp_cystitis,934.0465810803345
12.583333333333,bladder,10.001597641188722,0.98231458803,0.01768541197,0.21520696197266737,21.520696197266737,0.1748328763907025,17.483287639070248,0.049115729401500004,4.91157294015,0.0068657036974639945,0.6865703697463994,0.006865703697463996,0.008582129621829995,scenario,cyp_cystitis,928.9947198375835
12.666666666667,bladder,10.001270967325809,0.98234411952,0.01765588048,0.21530857566872275,21.530857566872275,0.17493828388707658,17.49382838870766,0.049117205976,4.9117205976000005,0.006883384179940124,0.6883384179940124,0.006883384179940124,0.008604230224925154,scenario,cyp_cystitis,923.942858594772
12.75,bladder,10.001008564753828,0.982371936921,0.017628063079,0.21541081277405866,21.541081277405866,0.17504443781895648,17.50444378189565,0.04911859684605,4.911859684605,0.006901201167049615,0.6901201167049614,0.0069012011670496155,0.00862650145881202,scenario,cyp_cystitis,918.8909973520211
12.833333333333,bladder,10.00079833919489,0.982397262226,0.017602737774,0.2155133383190516,21.551333831905158,0.17515102653447537,17.51510265344754,0.049119863111300004,4.911986311130001,0.006919147420338454,0.6919147420338454,0.006919147420338454,0.008648934275423067,scenario,cyp_cystitis,913.8391361092703
12.916666666667,bladder,10.000630355258853,0.982419556717,0.017580443283,0.21561589872819792,21.56158987281979,0.17525781146562938,17.525781146562938,0.049120977835850003,4.912097783585001,0.006937217113005123,0.6937217113005123,0.006937217113005123,0.008671521391256404,scenario,cyp_cystitis,908.7872748664595
13.0,bladder,10.000496475215293,0.982439031274,0.017560968726,0.21571842912083392,21.57184291208339,0.1753647132180357,17.53647132180357,0.0491219515637,4.91219515637,0.006955405598888099,0.6955405598888099,0.006955405598888099,0.008694256998610124,scenario,cyp_cystitis,903.7354136237085
13.083333333333,bladder,10.000390053365116,0.982455896775,0.017544103225,0.21582088489744783,21.582088489744784,0.1754716737459977,17.54716737459977,0.049122794838750004,4.912279483875,0.006973709216318227,0.6973709216318227,0.006973709216318226,0.008717136520397782,scenario,cyp_cystitis,898.6835523809576
13.166666666667,bladder,10.000305678398318,0.9824703641,0.0175296359,0.21592323826602,21.592323826602,0.17557865269581055,17.557865269581054,0.049123518205,4.9123518205000005,0.006992125122188732,0.6992125122188733,0.006992125122188733,0.008740156402735916,scenario,cyp_cystitis,893.631691138146
13.25,bladder,10.00023895698661,0.982482644129,0.017517355871,0.2160254753204008,21.60254753204008,0.17568562433047455,17.568562433047454,0.049124132206450004,4.912413220645,0.0070106511521033695,0.701065115210337,0.007010651152103369,0.00876331394012921,scenario,cyp_cystitis,888.5798298953953
13.333333333333,bladder,10.000186332658604,0.982492947739,0.017507052261,0.21612759359256423,21.612759359256422,0.17579257495327816,17.579257495327816,0.04912464738695,4.912464738695,0.007029285702933301,0.7029285702933301,0.0070292857029333,0.008786607128666624,scenario,cyp_cystitis,883.5279686526447
13.416666666667,bladder,10.000144934738731,0.982501485811,0.017498514189,0.21622960001149744,21.622960001149742,0.17589950075889202,17.589950075889202,0.049125074290550005,4.912507429055,0.007048027634542509,0.7048027634542509,0.00704802763454251,0.008810034543178137,scenario,cyp_cystitis,878.4761074098336
13.5,bladder,10.000112452798351,0.982508469224,0.017491530776,0.21633150920283256,21.633150920283256,0.17600640604382375,17.600640604382374,0.0491254234612,4.91254234612,0.007066876187846894,0.7066876187846894,0.007066876187846894,0.008833595234808617,scenario,cyp_cystitis,873.4242461670823
13.583333333333,bladder,10.000087032669825,0.982514108857,0.017485891143,0.21643334208096907,21.643334208096906,0.17611330172433587,17.611330172433586,0.04912570544285,4.912570544285,0.007085830916735453,0.7085830916735453,0.007085830916735453,0.008857288645919316,scenario,cyp_cystitis,868.3723849243318
13.666666666667,bladder,10.000067190613882,0.982518159963,0.017481840037,0.21653502427132632,21.653502427132633,0.17622012239281717,17.622012239281716,0.049125907998150004,4.912590799815001,0.00710489163170361,0.710489163170361,0.007104891631703611,0.008881114539629514,scenario,cyp_cystitis,863.3205236815201
13.75,bladder,10.000051742710555,0.982520197322,0.017479802678,0.21663644558718906,21.663644558718907,0.17632677444325165,17.632677444325164,0.0491260098661,4.91260098661,0.007124058353348132,0.7124058353348132,0.007124058353348133,0.008905072941685166,scenario,cyp_cystitis,858.2686624387699
13.833333333333,bladder,10.000039746968076,0.982520250757,0.017479749243,0.21673759934103798,21.6737599341038,0.17643324926651366,17.643324926651367,0.049126012537850004,4.912601253785001,0.007143331274134289,0.7143331274134289,0.007143331274134289,0.008929164092667861,scenario,cyp_cystitis,853.2168011960189
13.916666666667,bladder,10.000030456016578,0.982518350613,0.017481649387,0.21683848162442915,21.683848162442914,0.17653954115134649,17.65395411513465,0.04912591753065,4.9125917530650005,0.007162710727070073,0.7162710727070073,0.0071627107270700735,0.008953388408837592,scenario,cyp_cystitis,848.1649399532072
14.0,bladder,10.00002327857858,0.982514527235,0.017485472765,0.21693909066922157,21.693909066922156,0.17664564663944377,17.664564663944375,0.04912572636175,4.912572636175,0.007182197160131014,0.7182197160131014,0.007182197160131014,0.008977746450163767,scenario,cyp_cystitis,843.1130787104568
14.083333333333,bladder,10.000017748190436,0.982508810966,0.017491189034,0.21703942642165136,21.703942642165135,0.17675156407721196,17.675156407721197,0.0491254405483,4.912544054830001,0.007201791115455816,0.7201791115455816,0.007201791115455815,0.009002238894319768,scenario,cyp_cystitis,838.061217467706
14.166666666667,bladder,10.000013497892517,0.982501232152,0.017498767848,0.21713949019891166,21.713949019891167,0.17685729325401228,17.68572932540123,0.0491250616076,4.9125061607600005,0.007221493212479978,0.7221493212479978,0.007221493212479979,0.009026866515599974,scenario,cyp_cystitis,833.0093562248946
14.25,bladder,10.000010239815106,0.982491821136,0.017508178864,0.21723928440976778,21.723928440976778,0.17696283510838715,17.696283510838715,0.049124591056800004,4.91245910568,0.0072413041343132815,0.7241304134313281,0.0072413041343132815,0.009051630167891601,scenario,cyp_cystitis,827.9574949821433
14.333333333333,bladder,10.000007748765679,0.982480608263,0.017519391737,0.2173388123319769,21.733881233197692,0.17706819149350203,17.706819149350203,0.04912403041315,4.912403041315,0.007261224616780568,0.7261224616780568,0.007261224616780568,0.00907653077097571,scenario,cyp_cystitis,822.9056337393929
14.416666666667,bladder,10.000005849075201,0.982467623877,0.017532376123,0.217438077932239,21.743807793223898,0.1771733649877779,17.71733649877779,0.049123381193850006,4.912338119385001,0.007281255439636047,0.7281255439636046,0.007281255439636047,0.00910156929954506,scenario,cyp_cystitis,817.8537724965812
14.5,bladder,10.000004404089598,0.982452946021,0.017547053979,0.21753709628464815,21.753709628464815,0.17727836735115596,17.727836735115595,0.04912264730105,4.912264730105,0.0073013974195500495,0.730139741955005,0.007301397419550049,0.00912674677443756,scenario,cyp_cystitis,812.8019112538308
14.583333333333,bladder,10.000003307800819,0.982436718909,0.017563281091,0.21763589757333626,21.763589757333627,0.17738322276619609,17.73832227661961,0.04912183594545,4.912183594545,0.0073216514045372156,0.7321651404537216,0.007321651404537215,0.009152064255671518,scenario,cyp_cystitis,807.7500500110798
14.666666666667,bladder,10.00000247820266,0.982419003674,0.017580996326,0.21773449395742764,21.773449395742762,0.17748794081445016,17.748794081445016,0.0491209501837,4.9120950183700005,0.00734201826954718,0.734201826954718,0.007342018269547181,0.009177522836933976,scenario,cyp_cystitis,802.6981887682686
14.75,bladder,10.000001852032275,0.982399858608,0.017600141392,0.21783289724796454,21.783289724796454,0.17759253086059426,17.759253086059427,0.04911999293040001,4.911999293040001,0.007362498912994765,0.7362498912994765,0.007362498912994764,0.009203123641243455,scenario,cyp_cystitis,797.6463275255179
14.833333333333,bladder,10.000001380621228,0.982379342005,0.017620657995,0.21793111948042732,21.793111948042732,0.1776970025054498,17.769700250544982,0.04911896710025,4.911896710025,0.007383094254047698,0.7383094254047697,0.007383094254047698,0.009228867817559622,scenario,cyp_cystitis,792.5944662827665
14.916666666667,bladder,10.000001026632022,0.982357512157,0.017642487843,0.21802917286923748,21.802917286923748,0.1778013655383026,17.78013655383026,0.04911787560785,4.911787560785,0.0074038052305175645,0.7403805230517565,0.007403805230517565,0.009254756538146957,scenario,cyp_cystitis,787.5426050399556
15.0,bladder,10.000000761498987,0.982334427357,0.017665572643,0.2181270697734345,21.81270697734345,0.17790562990061526,17.790562990061527,0.04911672136785,4.9116721367850005,0.007424632797234543,0.7424632797234543,0.007424632797234543,0.009280790996543178,scenario,cyp_cystitis,782.4907437972046
15.083333333333,bladder,10.0000005634276,0.9823101459,0.0176898541,0.21822482266955603,21.822482266955603,0.1780098056574274,17.80098056574274,0.049115507295,4.9115507295,0.007445577924809746,0.7445577924809746,0.007445577924809746,0.009306972406012182,scenario,cyp_cystitis,777.4388825544538
15.166666666667,bladder,10.000000415835123,0.982284726076,0.017715273924,0.21832244412876606,21.832244412876605,0.1781139029736485,17.811390297364852,0.049114236303800005,4.911423630380001,0.0074666415987015775,0.7466641598701578,0.007466641598701577,0.00933330199837697,scenario,cyp_cystitis,772.3870213116425
15.25,bladder,10.000000306138876,0.982258226179,0.017741773821,0.21841994680229515,21.841994680229515,0.17821793209825804,17.821793209825803,0.04911291130895001,4.911291130895001,0.007487824818524654,0.7487824818524654,0.007487824818524655,0.009359781023155819,scenario,cyp_cystitis,767.3351600688914
15.333333333333,bladder,10.000000224817473,0.98223068387,0.01776931613,0.21851733881751045,21.851733881751045,0.17832189960422154,17.832189960422156,0.049111534193500006,4.911153419350001,0.007509128597552776,0.7509128597552776,0.007509128597552775,0.009386410746940969,scenario,cyp_cystitis,762.2832988261407
15.416666666667,bladder,10.000000164685705,0.982202074673,0.017797925327,0.2186146145193441,21.86146145193441,0.17842580082704645,17.842580082704647,0.049110103733650004,4.911010373365,0.007530553962370849,0.753055396237085,0.0075305539623708485,0.00941319245296356,scenario,cyp_cystitis,757.2314375833292
15.5,bladder,10.000000120336122,0.982172434705,0.017827565295,0.21871178175955702,21.871178175955702,0.17852964213084951,17.852964213084952,0.049108621735250005,4.910862173525,0.0075521019526458314,0.7552101952645831,0.007552101952645831,0.009440127440807288,scenario,cyp_cystitis,752.1795763405786
15.583333333333,bladder,10.000000087710257,0.982141806773,0.017858193227,0.21880884991395239,21.880884991395238,0.17863343113189722,17.86334311318972,0.04910709033865,4.910709033865,0.007573773620993569,0.7573773620993569,0.00757377362099357,0.009467217026241962,scenario,cyp_cystitis,747.127715097828
15.666666666667,bladder,10.000000063770381,0.982110233685,0.017889766315,0.21890582839051,21.890582839051,0.17873717548027368,17.87371754802737,0.04910551168425,4.910551168425,0.007595570032916805,0.7595570032916805,0.007595570032916806,0.009494462541146007,scenario,cyp_cystitis,742.0758538550168
15.75,bladder,10.000000046248953,0.982077758249,0.017922241751,0.21900272662576514,21.900272662576516,0.17884088285612118,17.88408828561212,0.04910388791245,4.910388791245,0.00761749226680088,0.761749226680088,0.00761749226680088,0.0095218653335011,scenario,cyp_cystitis,737.0239926122658
15.833333333333,bladder,10.00000003345793,0.982044423275,0.017955576725,0.21909955408268988,21.90995540826899,0.17894456096730513,17.89445609673051,0.04910222116375,4.910222116375,0.007639541413957128,0.7639541413957128,0.007639541413957129,0.009549426767446412,scenario,cyp_cystitis,731.972131369515
15.916666666667,bladder,10.000000024144072,0.98201027157,0.01798972843,0.2191963202476357,21.91963202476357,0.1790482175464586,17.904821754645862,0.0491005135785,4.9100513578500005,0.007661718578699652,0.7661718578699652,0.007661718578699653,0.009577148223374566,scenario,cyp_cystitis,726.9202701267035
16.0,bladder,10.000000017379456,0.981975345941,0.018024654059,0.21929303462954317,21.929303462954316,0.1791518603499928,17.91518603499928,0.049098767297050004,4.909876729705,0.007684024878450274,0.7684024878450274,0.0076840248784502746,0.009605031098062843,scenario,cyp_cystitis,721.8684088839525
16.083333333333,bladder,10.000000012478896,0.981939689199,0.018060310801,0.21938970675975944,21.938970675975945,0.17925549715769415,17.925549715769414,0.049096984459950005,4.909698445995001,0.0077064614438683305,0.7706461443868331,0.0077064614438683305,0.009633076804835413,scenario,cyp_cystitis,716.816547641202
16.166666666667,bladder,10.000000008937795,0.981903344149,0.018096655851,0.21948634618899926,21.948634618899927,0.17935913577005186,17.935913577005184,0.049095167207450004,4.909516720745001,0.007729029418996031,0.7729029418996031,0.00772902941899603,0.009661286773745037,scenario,cyp_cystitis,711.7646863983903
16.25,bladder,10.000000006385557,0.981866353602,0.018133646398,0.21958296248943393,21.958296248943395,0.1794627840098252,17.94627840098252,0.0490933176801,4.90933176801,0.007751729961418293,0.7751729961418293,0.007751729961418293,0.009689662451772866,scenario,cyp_cystitis,706.7128251556398
16.333333333333,bladder,10.000000004550735,0.981828760365,0.018171239635,0.2196795652520394,21.96795652520394,0.17956644971977834,17.956644971977834,0.04909143801825,4.9091438018249995,0.007774564242436975,0.7774564242436975,0.007774564242436976,0.00971820530304622,scenario,cyp_cystitis,701.6609639128886
16.416666666667,bladder,10.000000003235032,0.981790564904,0.018209435096,0.219776154609049,21.9776154609049,0.1796701330145779,17.96701330145779,0.0490895282452,4.90895282452,0.007797533447252536,0.7797533447252536,0.007797533447252537,0.009746916809065672,scenario,cyp_cystitis,696.6091026700774
16.5,bladder,10.000000002293982,0.981751662873,0.018248337127,0.21987270722006053,21.987270722006052,0.17977381481727425,17.977381481727424,0.04908758314365,4.9087583143649995,0.007820638775154147,0.7820638775154147,0.007820638775154147,0.009775798468942684,scenario,cyp_cystitis,691.5572414273265
16.583333333333,bladder,10.000000001622615,0.98171205986,0.01828794014,0.2199692243330694,21.99692243330694,0.17987749614744147,17.987749614744146,0.049085602993,4.9085602993,0.007843881439719529,0.7843881439719529,0.007843881439719529,0.00980485179964941,scenario,cyp_cystitis,686.5053801845759
16.666666666667,bladder,10.000000001144867,0.981671770863,0.018328229137,0.2200657093083493,22.00657093083493,0.17998117975284136,17.998117975284135,0.04908358854315,4.908358854315,0.007867262669018835,0.7867262669018835,0.007867262669018833,0.009834078336273542,scenario,cyp_cystitis,681.4535189417644
16.75,bladder,10.000000000805766,0.981630810881,0.018369189119,0.2201621655131411,22.01621655131411,0.18008486838851695,18.008486838851695,0.049081540544050006,4.908154054405001,0.007890783705824298,0.7890783705824298,0.007890783705824298,0.009863479632280374,scenario,cyp_cystitis,676.4016576990138
16.833333333333,bladder,10.000000000565688,0.981589194912,0.018410805088,0.2202585963211527,22.025859632115267,0.18018856481637127,18.018856481637126,0.049079459745600004,4.9079459745600005,0.007914445807827877,0.7914445807827877,0.007914445807827878,0.009893057259784848,scenario,cyp_cystitis,671.3497964562627
16.916666666667,bladder,10.00000000039615,0.981546937956,0.018453062044,0.22035500511318964,22.035500511318965,0.1802922718056733,18.029227180567332,0.0490773468978,4.90773468978,0.007938250247861439,0.7938250247861439,0.00793825024786144,0.0099228128098268,scenario,cyp_cystitis,666.2979352134518
17.0,bladder,10.00000000027673,0.981504055013,0.018495944987,0.22045139527668078,22.045139527668077,0.180395992132664,18.0395992132664,0.04907520275065,4.907520275065,0.007962198314121862,0.7962198314121862,0.007962198314121862,0.009952747892652328,scenario,cyp_cystitis,661.2460739707009
17.083333333333,bladder,10.000000000192827,0.981460561079,0.018539438921,0.22054777020477587,22.054777020477587,0.18049972857981672,18.049972857981672,0.04907302805395,4.907302805395,0.007986291310403426,0.7986291310403426,0.007986291310403426,0.009982864138004283,scenario,cyp_cystitis,656.1942127279499
17.166666666667,bladder,10.000000000134028,0.981416471156,0.018583528844,0.2206441332985855,22.06441332985855,0.18060348393766898,18.060348393766898,0.0490708235578,4.90708235578,0.008010530556332366,0.8010530556332366,0.008010530556332366,0.010013163195415457,scenario,cyp_cystitis,651.1423514851384
17.25,bladder,10.000000000092925,0.981371800241,0.018628199759,0.22074048796471024,22.074048796471025,0.18070726100280027,18.070726100280027,0.04906859001205,4.906859001205,0.008034917387606026,0.8034917387606026,0.008034917387606028,0.010043646734507534,scenario,cyp_cystitis,646.0904902423879
17.333333333333,bladder,10.000000000064267,0.981326563333,0.018673436667,0.2208368376168292,22.08368376168292,0.180811062579136,18.0811062579136,0.04906632816665,4.906632816665,0.008059453156239342,0.8059453156239342,0.008059453156239342,0.010074316445299178,scenario,cyp_cystitis,641.038628999637
17.416666666667,bladder,10.000000000044336,0.981280775433,0.018719224567,0.2209331856757094,22.09331856757094,0.18091489147795728,18.091489147795727,0.04906403877165,4.906403877164999,0.008084139230813334,0.8084139230813334,0.008084139230813336,0.01010517403851667,scenario,cyp_cystitis,635.9867677568257
17.5,bladder,10.000000000030509,0.981234437615,0.018765562385,0.22102953243161824,22.102953243161824,0.18101874794828238,18.101874794828237,0.04906172188075,4.906172188075001,0.008108976996728372,0.8108976996728372,0.008108976996728372,0.010136221245910465,scenario,cyp_cystitis,630.9349065140747
17.583333333333,bladder,10.000000000020943,0.981187522823,0.018812477177,0.22112587183589288,22.112587183589287,0.18112262704709778,18.112262704709778,0.04905937614115,4.905937614115,0.00813396785646487,0.813396785646487,0.008133967856464872,0.01016745982058109,scenario,cyp_cystitis,625.8830452713238
17.666666666667,bladder,10.00000000001434,0.981140035921,0.018859964079,0.22122220502534432,22.122220502534432,0.18122652971504666,18.122652971504667,0.04905700179605,4.905700179605,0.00815911322984622,0.8159113229846219,0.00815911322984622,0.010198891537307775,scenario,cyp_cystitis,620.8311840285124
17.75,bladder,10.000000000009795,0.981091983843,0.018908016157,0.2213185336059685,22.13185336059685,0.18133045727770372,18.133045727770373,0.04905459919215,4.905459919215001,0.008184414554306652,0.8184414554306652,0.008184414554306652,0.010230518192883314,scenario,cyp_cystitis,615.7793227857617
17.833333333333,bladder,10.000000000006672,0.981043373521,0.018956626479,0.22141485918645556,22.141485918645557,0.18143441106358482,18.14344110635848,0.04905216867605,4.9052168676050005,0.008209873285166862,0.8209873285166862,0.008209873285166862,0.010262341606458577,scenario,cyp_cystitis,610.7274615430108
17.916666666667,bladder,10.000000000004535,0.980994211886,0.019005788114,0.22151118337841855,22.151118337841854,0.18153839240433534,18.153839240433534,0.0490497105943,4.90497105943,0.008235490895912105,0.8235490895912104,0.008235490895912106,0.010294363619890133,scenario,cyp_cystitis,605.6756003001999
18.0,bladder,10.000000000003075,0.98094450587,0.01905549413,0.22160750779685043,22.160750779685042,0.18164240263510573,18.16424026351057,0.0490472252935,4.90472252935,0.008261268878475501,0.8261268878475501,0.0082612688784755,0.010326586098094375,scenario,cyp_cystitis,600.6237390574488
18.083333333333,bladder,10.000000000002078,0.980894262405,0.019105737595,0.22170383405991534,22.170383405991533,0.1817464430943846,18.17464430943846,0.04904471312025,4.9044713120250005,0.008287208743529463,0.8287208743529463,0.008287208743529463,0.010359010929411829,scenario,cyp_cystitis,595.5718778146978
18.166666666667,bladder,10.000000000001402,0.980843488424,0.019156511576,0.22180016378918052,22.18001637891805,0.18185051512419,18.185051512419,0.049042174421200006,4.90421744212,0.008313312020779904,0.8313312020779904,0.008313312020779904,0.010391640025974879,scenario,cyp_cystitis,590.5200165718869
18.25,bladder,10.000000000000943,0.980792190859,0.019207809141,0.22189649860916993,22.189649860916994,0.1819546200697052,18.19546200697052,0.04903960954295,4.903960954295,0.008339580259265976,0.8339580259265976,0.008339580259265976,0.01042447532408247,scenario,cyp_cystitis,585.4681553291357
18.333333333333,bladder,10.000000000000632,0.98074037664,0.01925962336,0.221992840147155,22.199284014715502,0.18205875927911053,18.205875927911052,0.049037018832000005,4.9037018832,0.008366015027668332,0.8366015027668332,0.008366015027668332,0.010457518784585415,scenario,cyp_cystitis,580.416294086385
18.416666666667,bladder,10.000000000000425,0.980688052701,0.019311947299,0.22208919003451838,22.20891900345184,0.18216293410470355,18.216293410470357,0.04903440263505,4.903440263505001,0.00839261791462051,0.8392617914620509,0.00839261791462051,0.010490772393275637,scenario,cyp_cystitis,575.3644328435737
18.5,bladder,10.000000000000282,0.980635225974,0.019364774026,0.2221855499054024,22.21855499054024,0.18226714590179202,18.226714590179203,0.0490317612987,4.90317612987,0.008419390529026165,0.8419390529026165,0.008419390529026164,0.010524238161282704,scenario,cyp_cystitis,570.3125716008229
18.583333333333,bladder,10.000000000000188,0.98058189982,0.01941810018,0.22228192058769225,22.228192058769224,0.1823713953649392,18.23713953649392,0.049029094991,4.9029094991,0.008446334500385379,0.8446334500385378,0.008446334500385379,0.010557918125481723,scenario,cyp_cystitis,565.2607103580722
18.666666666667,bladder,10.000000000000126,0.980528071777,0.019471928223,0.22237830159030322,22.237830159030324,0.18247568210679288,18.247568210679287,0.04902640358885,4.902640358885,0.008473451479124289,0.8473451479124289,0.008473451479124289,0.010591814348905361,scenario,cyp_cystitis,560.2088491152607
18.75,bladder,10.000000000000083,0.9804737466,0.0195262534,0.2224746940587993,22.24746940587993,0.18258000708294664,18.258000708294663,0.04902368733,4.902368733,0.008500743136931109,0.8500743136931108,0.008500743136931109,0.010625928921163886,scenario,cyp_cystitis,555.1569878725101
18.833333333333,bladder,10.000000000000055,0.980418929382,0.019581070618,0.22257109921775886,22.257109921775886,0.18268437131437773,18.26843713143777,0.049020946469100005,4.90209464691,0.008528211167101623,0.8528211167101624,0.008528211167101622,0.010660263958877026,scenario,cyp_cystitis,550.1051266297591
18.916666666667,bladder,10.000000000000036,0.980363625217,0.019636374783,0.22266751829442352,22.266751829442352,0.18278877582481423,18.278877582481424,0.04901818126085,4.901818126085001,0.008555857284888403,0.8555857284888403,0.008555857284888405,0.010694821606110506,scenario,cyp_cystitis,545.0532653869479
19.0,bladder,10.000000000000023,0.9803078392,0.0196921608,0.22276395251870273,22.276395251870273,0.1828932216407397,18.28932216407397,0.04901539196,4.901539196,0.008583683227856893,0.8583683227856893,0.008583683227856893,0.010729604034821117,scenario,cyp_cystitis,540.0014041441966
19.083333333333,bladder,10.000000000000016,0.980251576424,0.019748423576,0.22286040312250754,22.286040312250755,0.18299770979085006,18.299770979085007,0.0490125788212,4.9012578821199995,0.008611690756251384,0.8611690756251384,0.008611690756251386,0.010764613445314233,scenario,cyp_cystitis,534.9495429014457
19.166666666667,bladder,10.00000000000001,0.980194841984,0.019805158016,0.22295687134066333,22.295687134066334,0.1831022413068035,18.31022413068035,0.049009742099200004,4.90097420992,0.008639881653365258,0.8639881653365258,0.008639881653365258,0.010799852066706573,scenario,cyp_cystitis,529.8976816586346
19.25,bladder,10.000000000000007,0.980137640973,0.019862359027,0.2230533584100043,22.305335841000428,0.1832068172224782,18.32068172224782,0.04900688204865,4.900688204865,0.00866825772591844,0.866825772591844,0.00866825772591844,0.01083532215739805,scenario,cyp_cystitis,524.8458204158842
19.333333333333,bladder,10.000000000000004,0.980079978485,0.019920021515,0.223149865570071,22.3149865570071,0.18331143857454843,18.331143857454844,0.04900399892425,4.900399892425,0.008696820804445435,0.8696820804445435,0.008696820804445435,0.010871026005556794,scenario,cyp_cystitis,519.793959173133
19.416666666667,bladder,10.000000000000004,0.980021859615,0.019978140385,0.22324639406311508,22.32463940631151,0.18341610640248956,18.341610640248955,0.049001092980750005,4.900109298075001,0.008725572743687935,0.8725572743687935,0.008725572743687935,0.010906965929609918,scenario,cyp_cystitis,514.7420979303218
19.5,bladder,10.000000000000002,0.979963289456,0.020036710544,0.2233429451334195,22.334294513341952,0.18352082174802054,18.352082174802053,0.048998164472800004,4.89981644728,0.008754515422995277,0.8754515422995277,0.008754515422995279,0.010943144278744099,scenario,cyp_cystitis,509.69023668757103
19.583333333333,bladder,10.000000000000002,0.979904273102,0.020095726898,0.22343952002799772,22.34395200279977,0.1836255856556818,18.36255856556818,0.048995213655100005,4.89952136551,0.008783650746735991,0.8783650746735991,0.008783650746735991,0.010979563433419989,scenario,cyp_cystitis,504.63837544482016
19.666666666667,bladder,10.0,0.979844807301,0.020155192699,0.22353611809236143,22.353611809236142,0.18373039760769624,18.373039760769625,0.048992240365050004,4.899224036505,0.008812980644714467,0.8812980644714468,0.008812980644714467,0.011016225805893084,scenario,cyp_cystitis,499.58651420200897
19.75,bladder,10.0,0.979784877314,0.020215122686,0.22363273604890477,22.363273604890477,0.18383525492968925,18.383525492968925,0.0489892438657,4.89892438657,0.008842507072596005,0.8842507072596005,0.008842507072596003,0.011053133840745005,scenario,cyp_cystitis,494.5346529592581
19.833333333333,bladder,10.0,0.979724482669,0.020275517331,0.22372937387160433,22.372937387160434,0.18394015761910984,18.394015761910985,0.04898622413345,4.8986224133450005,0.008872232012343583,0.8872232012343584,0.008872232012343583,0.01109029001542948,scenario,cyp_cystitis,489.482791716507
19.916666666667,bladder,10.0,0.979663623366,0.020336376634,0.22382603164226955,22.382603164226957,0.18404510576207322,18.404510576207322,0.0489831811683,4.89831811683,0.008902157472660325,0.8902157472660325,0.008902157472660325,0.011127696840825405,scenario,cyp_cystitis,484.43093047369575
20.0,bladder,10.0,0.979602299404,0.020397700596,0.22392270944268447,22.392270944268446,0.1841500994447205,18.41500994447205,0.0489801149702,4.898011497020001,0.008932285489440878,0.8932285489440879,0.008932285489440878,0.011165356861801097,scenario,cyp_cystitis,479.37906923094476
20.083333333333,bladder,10.0,0.979540510783,0.020459489217,0.22401940735507334,22.401940735507335,0.1842551387536035,18.42551387536035,0.04897702553915,4.897702553915,0.008962618126235293,0.8962618126235293,0.008962618126235293,0.011203272657794116,scenario,cyp_cystitis,474.3272079881941
20.166666666667,bladder,10.0,0.979478257505,0.020521742495,0.22411612546232615,22.411612546232615,0.18436022377586964,18.436022377586962,0.04897391287525,4.897391287525,0.008993157474719106,0.8993157474719106,0.008993157474719108,0.011241446843398884,scenario,cyp_cystitis,469.27534674538265
20.25,bladder,10.0,0.979415539568,0.020584460432,0.22421286384662373,22.421286384662373,0.18446535459813027,18.446535459813028,0.0489707769784,4.89707769784,0.009023905655173026,0.9023905655173026,0.009023905655173026,0.011279882068966282,scenario,cyp_cystitis,464.22348550263195
20.333333333333,bladder,10.0,0.979352356972,0.020647643028,0.2243096225908176,22.43096225908176,0.18457053130759746,18.457053130759746,0.0489676178486,4.89676178486,0.009054864816975863,0.9054864816975863,0.009054864816975865,0.011318581021219831,scenario,cyp_cystitis,459.17162425988124
20.416666666667,bladder,10.0,0.979288709718,0.020711290282,0.22440640177819898,22.440640177819898,0.18467575399189368,18.467575399189368,0.0489644354859,4.89644354859,0.009086037139104278,0.9086037139104278,0.009086037139104277,0.011357546423880345,scenario,cyp_cystitis,454.11976301707
20.5,bladder,10.0,0.979224597806,0.020775402194,0.2245032014920374,22.45032014920374,0.18478102273867095,18.478102273867094,0.0489612298903,4.89612298903,0.009117424830642887,0.9117424830642886,0.009117424830642887,0.011396781038303608,scenario,cyp_cystitis,449.0679017743189
20.583333333333,bladder,10.0,0.979160021235,0.020839978765,0.22460002181558889,22.460002181558888,0.1848863376356199,18.48863376356199,0.04895800106175,4.895800106175,0.009149030131308343,0.9149030131308343,0.009149030131308343,0.011436287664135429,scenario,cyp_cystitis,444.0160405315682
20.666666666667,bladder,10.0,0.979094980006,0.020905019994,0.2246968628327805,22.46968628327805,0.1849916987710321,18.49916987710321,0.0489547490003,4.89547490003,0.009180855311981014,0.9180855311981014,0.009180855311981016,0.011476069139976269,scenario,cyp_cystitis,438.964179288757
20.75,bladder,10.0,0.979029472855,0.020970527145,0.22479372433729383,22.479372433729385,0.1850971059942567,18.50971059942567,0.04895147364275,4.895147364275,0.009212902675247712,0.9212902675247712,0.009212902675247714,0.011516128344059642,scenario,cyp_cystitis,433.91231804600596
20.833333333333,bladder,10.0,0.978963479753,0.021036520247,0.2248906018116942,22.48906018116942,0.18520255560425708,18.520255560425706,0.04894817398765,4.894817398765,0.009245174555959327,0.9245174555959327,0.009245174555959326,0.011556468194949158,scenario,cyp_cystitis,428.8604568032553
20.916666666667,bladder,10.0,0.978896993765,0.021103006235,0.22498749373907628,22.49874937390763,0.18530804636929082,18.530804636929084,0.04894484968825,4.894484968825,0.009277673321796761,0.9277673321796761,0.009277673321796761,0.011597091652245952,scenario,cyp_cystitis,423.80859556044373
21.0,bladder,10.0,0.978830014894,0.021169985106,0.22508440019495485,22.508440019495485,0.18541357836868932,18.541357836868933,0.0489415007447,4.894150074470001,0.009310401373848797,0.9310401373848797,0.009310401373848797,0.011638001717310996,scenario,cyp_cystitis,418.75673431769303
21.083333333333,bladder,10.0,0.978762543138,0.021237456862,0.2251813212538909,22.51813212538909,0.18551915168104305,18.551915168104305,0.048938127156900005,4.89381271569,0.009343361147205801,0.9343361147205801,0.009343361147205801,0.01167920143400725,scenario,cyp_cystitis,413.7048730749422
21.166666666667,bladder,10.0,0.978694578497,0.021305421503,0.2252782569910966,22.52782569910966,0.18562476638552272,18.562476638552273,0.048934728924850006,4.893472892485001,0.009376555111562516,0.9376555111562516,0.009376555111562516,0.011720693889453146,scenario,cyp_cystitis,408.65301183213074
21.25,bladder,10.0,0.978626120972,0.021373879028,0.2253752074822025,22.53752074822025,0.18573042256168684,18.573042256168684,0.0489313060486,4.89313060486,0.009409985771833752,0.9409985771833752,0.00940998577183375,0.011762482214792189,scenario,cyp_cystitis,403.6011505893802
21.333333333333,bladder,10.0,0.978557170563,0.021442829437,0.22547217280280635,22.547217280280634,0.18583612028911198,18.583612028911197,0.04892785852815,4.892785852815,0.009443655668786894,0.9443655668786894,0.009443655668786894,0.011804569585983618,scenario,cyp_cystitis,398.54928934662917
21.416666666667,bladder,10.0,0.978487727268,0.021512272732,0.22556915302823832,22.556915302823832,0.18594185964719823,18.594185964719824,0.048924386363400005,4.8924386363400005,0.009477567379684417,0.9477567379684417,0.009477567379684417,0.01184695922460552,scenario,cyp_cystitis,393.49742810381775
21.5,bladder,10.0,0.97841779109,0.02158220891,0.22566614823517078,22.566614823517078,0.18604764071649557,18.60476407164956,0.048920889554500004,4.89208895545,0.00951172351894029,0.9511723518940289,0.00951172351894029,0.011889654398675363,scenario,cyp_cystitis,388.44556686106716
21.583333333333,bladder,10.0,0.978347362027,0.021652637973,0.22576315849932282,22.576315849932282,0.1861534635768135,18.61534635768135,0.04891736810135,4.891736810135,0.009546126738794304,0.9546126738794304,0.009546126738794304,0.01193265842349288,scenario,cyp_cystitis,383.39370561831606
21.666666666667,bladder,10.0,0.978276440079,0.021723559921,0.22586018389706955,22.586018389706954,0.1862593283085469,18.62593283085469,0.04891382200395,4.891382200395,0.009580779729997374,0.9580779729997374,0.009580779729997374,0.011975974662496718,scenario,cyp_cystitis,378.34184437550476
21.75,bladder,10.0,0.978205025247,0.021794974753,0.22595722450520905,22.595722450520906,0.1863652349924832,18.63652349924832,0.048910251262350005,4.891025126235,0.009615685222511853,0.9615685222511853,0.009615685222511855,0.012019606528139819,scenario,cyp_cystitis,373.289983132754
21.833333333333,bladder,10.0,0.978133117531,0.021866882469,0.22605428040050957,22.605428040050956,0.18647118370943114,18.647118370943115,0.04890665587655,4.890665587655,0.00965084598623091,0.9650845986230909,0.00965084598623091,0.012063557482788636,scenario,cyp_cystitis,368.2381218900031
21.916666666667,bladder,10.0,0.978060701329,0.021939298671,0.2261513480523758,22.61513480523758,0.18657717156413242,18.65771715641324,0.04890303506645,4.890303506645,0.00968626483171003,0.9686264831710031,0.009686264831710029,0.012107831039637536,scenario,cyp_cystitis,363.186260647192
22.0,bladder,10.0,0.977987744008,0.022012255992,0.2262484199831712,22.62484199831712,0.18668319240291703,18.6683192402917,0.048899387200400005,4.889938720040001,0.009721944610914647,0.9721944610914647,0.009721944610914647,0.012152430763643309,scenario,cyp_cystitis,358.134399404441
22.083333333333,bladder,10.0,0.977914244541,0.022085755459,0.2263454960156631,22.63454960156631,0.18678924609327693,18.678924609327694,0.04889571222705,4.889571222704999,0.009757888217988174,0.9757888217988173,0.009757888217988174,0.012197360272485218,scenario,cyp_cystitis,353.08253816169025
22.166666666667,bladder,10.0,0.977840202929,0.022159797071,0.22644257621035324,22.644257621035322,0.18689533269884553,18.689533269884553,0.048892010146450005,4.889201014645001,0.009794098590033346,0.9794098590033347,0.009794098590033344,0.01224262323754168,scenario,cyp_cystitis,348.0306769188789
22.25,bladder,10.0,0.97776561917,0.02223438083,0.22653966062719988,22.653966062719988,0.18700145228284198,18.7001452282842,0.04888828095850001,4.888828095850001,0.009830578707910934,0.9830578707910934,0.009830578707910936,0.01228822338488867,scenario,cyp_cystitis,342.978815676128
22.333333333333,bladder,10.0,0.977690493267,0.022309506733,0.2266367493274791,22.66367493274791,0.1871076049096096,18.710760490960958,0.04888452466335,4.888452466335,0.009867331597060358,0.9867331597060358,0.009867331597060358,0.012334164496325448,scenario,cyp_cystitis,337.9269544333771
22.416666666667,bladder,10.0,0.977614825217,0.022385174783,0.22673384237123334,22.673384237123333,0.18721379064250876,18.721379064250876,0.04888074126085001,4.888074126085001,0.009904360328334808,0.9904360328334808,0.009904360328334808,0.01238045041041851,scenario,cyp_cystitis,332.8750931905661
22.5,bladder,10.0,0.977538615021,0.022461384979,0.22683093981958433,22.683093981958432,0.1873200095458256,18.73200095458256,0.048876930751050006,4.887693075105001,0.009941668018855241,0.9941668018855241,0.009941668018855241,0.01242708502356905,scenario,cyp_cystitis,327.823231947815
22.583333333333,bladder,10.0,0.97746186268,0.02253813732,0.2269280417338157,22.69280417338157,0.18742626168401652,18.742626168401653,0.048873093134000005,4.8873093134,0.009979257832887738,0.9979257832887738,0.009979257832887738,0.012474072291109672,scenario,cyp_cystitis,322.77137070506427
22.666666666667,bladder,10.0,0.977384568193,0.022615431807,0.22702514817490488,22.70251481749049,0.18753254712132095,18.753254712132094,0.04886922840965,4.886922840965,0.010017132982736864,1.0017132982736865,0.010017132982736866,0.012521416228421081,scenario,cyp_cystitis,317.719509462253
22.75,bladder,10.0,0.977306731561,0.022693268439,0.22712225920444776,22.712225920444777,0.18763886592252396,18.763886592252398,0.048865336578050006,4.886533657805001,0.010055296729659364,1.0055296729659364,0.010055296729659366,0.012569120912074207,scenario,cyp_cystitis,312.6676482195021
22.833333333333,bladder,10.0,0.977228352782,0.022771647218,0.2272193748835062,22.72193748835062,0.1877452181520065,18.77452181520065,0.048861417639100006,4.88614176391,0.010093752384802994,1.0093752384802994,0.010093752384802994,0.012617190481003742,scenario,cyp_cystitis,307.6157869767512
22.916666666667,bladder,10.0,0.977149431858,0.022850568142,0.2273164952742307,22.73164952742307,0.18785160387508495,18.785160387508494,0.0488574715929,4.88574715929,0.010132503310162822,1.0132503310162821,0.010132503310162824,0.01266562913770353,scenario,cyp_cystitis,302.56392573394015
23.0,bladder,10.0,0.977069965755,0.022930034245,0.22741361973229804,22.741361973229804,0.18795802257320846,18.795802257320844,0.048853498287750007,4.885349828775,0.010171552919559635,1.0171552919559634,0.010171552919559635,0.012714441149449545,scenario,cyp_cystitis,297.512064491189
23.083333333333,bladder,10.0,0.976989904369,0.023010095631,0.22751073665096383,22.75107366509638,0.18806446466580404,18.806446466580404,0.04884949521845,4.884949521845,0.010210904679645251,1.0210904679645252,0.01021090467964525,0.012763630849556562,scenario,cyp_cystitis,292.46020324843835
23.166666666667,bladder,10.0,0.976909229968,0.023090770032,0.2276078419421446,22.76078419421446,0.18817092678288905,18.817092678288905,0.0488454614984,4.88454614984,0.01025056211092706,1.025056211092706,0.01025056211092706,0.012813202638658826,scenario,cyp_cystitis,287.408342005627
23.25,bladder,10.0,0.97682794255,0.02317205745,0.22770493564241773,22.77049356424177,0.1882774089630713,18.82774089630713,0.048841397127500005,4.884139712750001,0.010290528788816491,1.029052878881649,0.010290528788816491,0.012863160986020614,scenario,cyp_cystitis,282.35648076287634
23.333333333333,bladder,10.0,0.976746042116,0.023253957884,0.2278020177891598,22.78020177891598,0.18838391124564188,18.83839112456419,0.04883730210580001,4.8837302105800005,0.010330808344706429,1.0330808344706428,0.010330808344706429,0.012913510430883035,scenario,cyp_cystitis,277.30461952012524
23.416666666667,bladder,10.0,0.976663528667,0.023336471333,0.22789908841984455,22.789908841984456,0.18849043366999427,18.849043366999428,0.04883317643335,4.883317643335,0.010371404467069691,1.0371404467069691,0.01037140446706969,0.012964255583837112,scenario,cyp_cystitis,272.25275827731423
23.5,bladder,10.0,0.976580402201,0.023419597799,0.22799614757133835,22.799614757133835,0.18859697627504038,18.859697627504037,0.04882902011005,4.882902011005,0.010412320902583505,1.0412320902583505,0.010412320902583505,0.013015401128229381,scenario,cyp_cystitis,267.20089703456335
23.583333333333,bladder,10.0,0.976496662718,0.023503337282,0.22809319528107533,22.809319528107533,0.18870353910018456,18.870353910018455,0.0488248331359,4.88248331359,0.010453561457285121,1.045356145728512,0.01045356145728512,0.0130669518216064,scenario,cyp_cystitis,262.1490357918122
23.666666666667,bladder,10.0,0.97641231022,0.02358768978,0.22819023158705432,22.81902315870543,0.18881012218532034,18.881012218532035,0.048820615511000004,4.8820615511000005,0.010495129997750534,1.0495129997750534,0.010495129997750536,0.013118912497188169,scenario,cyp_cystitis,257.097174549001
23.75,bladder,10.0,0.976327344706,0.023672655294,0.22828725652666745,22.828725652666744,0.1889167255698605,18.89167255698605,0.0488163672353,4.88163672353,0.010537030452301487,1.0537030452301488,0.010537030452301487,0.01317128806537686,scenario,cyp_cystitis,252.04531330625022
23.833333333333,bladder,10.0,0.976241766175,0.023758233825,0.22838427013740867,22.838427013740866,0.18902334929332493,18.902334929332493,0.04881208830875,4.881208830875,0.010579266812245946,1.0579266812245947,0.010579266812245946,0.013224083515307433,scenario,cyp_cystitis,246.9934520634995
23.916666666667,bladder,10.0,0.976155574629,0.023844425371,0.22848127245757213,22.84812724575721,0.18912999339591804,18.912999339591803,0.04880777873145001,4.880777873145001,0.010621843133144068,1.0621843133144067,0.010621843133144068,0.013277303916430085,scenario,cyp_cystitis,241.9415908206881
24.0,bladder,10.0,0.976068770066,0.023931229934,0.22857826352461075,22.857826352461075,0.18923665791716923,18.923665791716925,0.0488034385033,4.88034385033,0.010664763536104765,1.0664763536104767,0.010664763536104765,0.013330954420130957,scenario,cyp_cystitis,236.8897295779373
0.0,spinal_coord,30.11270795402566,0.962834194672,0.037165805328,0.5508542733325095,55.08542733325095,0.41352763288601263,41.35276328860126,0.240708548668,24.0708548668,0.03860042106311194,3.860042106311194,0.03860042106311195,0.02702029474417836,scenario,cyp_cystitis,0.001
0.083333333333,spinal_coord,30.386474760650888,0.962969493124,0.037030506876,0.5497701805724613,54.97701805724613,0.41203707638861514,41.203707638861516,0.240742373281,24.0742373281,0.035697792464793716,3.5697792464793716,0.03569779246479371,0.024988454725355595,scenario,cyp_cystitis,94.4372249276304
0.166666666667,spinal_coord,30.65840327059857,0.963191192144,0.036808807856,0.5487535757187494,54.875357571874936,0.41060770357699927,41.06077035769993,0.240797798036,24.079779803599997,0.03324076204129191,3.3240762041291907,0.03324076204129191,0.023268533428904333,scenario,cyp_cystitis,188.87344985639407
0.25,spinal_coord,30.92837120303389,0.963519193722,0.036480806278,0.5478140039483141,54.781400394831415,0.4092456073570856,40.92456073570856,0.2408797984305,24.08797984305,0.031133521580469673,3.1133521580469674,0.031133521580469677,0.021793465106328774,scenario,cyp_cystitis,283.30967478402454
0.333333333333,spinal_coord,31.196256094140082,0.963935266533,0.036064733467,0.5469393556010858,54.69393556010858,0.40794071862378095,40.7940718623781,0.24098381663325,24.098381663325,0.02930586154168104,2.930586154168104,0.02930586154168104,0.020514103079176726,scenario,cyp_cystitis,377.7458997116548
0.416666666667,spinal_coord,31.46193538758699,0.964420498559,0.035579501441,0.5461172894257288,54.61172894257288,0.4066828863813051,40.66828863813051,0.24110512463975,24.110512463975002,0.027705156873487652,2.770515687348765,0.02770515687348765,0.019393609811441354,scenario,cyp_cystitis,472.18212464041875
0.5,spinal_coord,31.72528652602372,0.964964782576,0.035035217424,0.5453405898532595,54.53405898532595,0.40546585894567927,40.546585894567926,0.241241195644,24.1241195644,0.026291186250631916,2.6291186250631915,0.026291186250631912,0.018403830375442336,scenario,cyp_cystitis,566.6183495680492
0.583333333333,spinal_coord,31.986187043530556,0.965553859918,0.034446140082,0.5445998038758557,54.459980387585574,0.404281785195141,40.428178519514105,0.2413884649795,24.138846497950002,0.02503268104825389,2.503268104825389,0.02503268104825389,0.017522876733777722,scenario,cyp_cystitis,661.0545744956793
0.666666666667,spinal_coord,32.244514658877506,0.966170093464,0.033829906536,0.5438836942725142,54.38836942725141,0.4031215612086856,40.31215612086856,0.241542523366,24.1542523366,0.02390496579768506,2.3904965797685063,0.023904965797685057,0.016733476058379538,scenario,cyp_cystitis,755.4907994244429
0.75,spinal_coord,32.50014736952159,0.966807431843,0.033192568157,0.5431876607832847,54.31876607832847,0.40198107043004633,40.19810704300463,0.24170185796075,24.170185796075,0.022888307544568602,2.28883075445686,0.022888307544568606,0.01602181528119802,scenario,cyp_cystitis,849.9270243520734
0.833333333333,spinal_coord,32.75296354627107,0.967461145035,0.032538854965,0.5425079171618227,54.25079171618227,0.40085684120409687,40.08568412040969,0.24186528625875,24.186528625875,0.02196673747821789,2.196673747821789,0.02196673747821789,0.015376716234752522,scenario,cyp_cystitis,944.3632492797041
0.916666666667,spinal_coord,33.00284202845978,0.968124412786,0.031875587214,0.5418395716964609,54.18395716964609,0.39974462466661453,39.97446246666145,0.2420311031965,24.20311031965,0.02112719436383525,2.1127194363835247,0.021127194363835245,0.01478903605468467,scenario,cyp_cystitis,1038.7994742084682
1.0,spinal_coord,33.24966221955765,0.968797074433,0.031202925567,0.5411815235206924,54.11815235206924,0.3986430065499232,39.86430065499232,0.24219926860825,24.219926860825,0.02035889171249338,2.035889171249338,0.020358891712493377,0.014251224198745364,scenario,cyp_cystitis,1133.235699136098
1.083333333333,spinal_coord,33.493304183139614,0.969476848762,0.030523151238,0.5398868898554842,53.988688985548414,0.39669023688664556,39.66902368866456,0.2423692121905,24.23692121905,0.01942590427857708,1.942590427857708,0.019425904278577082,0.013598132995003957,scenario,cyp_cystitis,1254.217941234521
1.166666666667,spinal_coord,33.73364873905331,0.970161485075,0.029838514925,0.5386178930035057,53.86178930035057,0.3947700289796744,39.47700289796744,0.24254037126875,24.254037126875,0.018584662461126035,1.8584662461126036,0.01858466246112603,0.013009263722788222,scenario,cyp_cystitis,1375.2001833343957
1.25,spinal_coord,33.97057755970685,0.970849693099,0.029150306901,0.5373720951844065,53.73720951844065,0.3928795625462087,39.28795625462087,0.24271242327475,24.271242327475,0.017821964082238944,1.7821964082238944,0.017821964082238944,0.01247537485756726,scenario,cyp_cystitis,1496.1824254328185
1.333333333333,spinal_coord,34.203973266393895,0.971539562802,0.028460437198,0.5361468085536785,53.614680855367844,0.39101589047090457,39.10158904709046,0.2428848907005,24.28848907005,0.017127013705354476,1.7127013705354477,0.017127013705354476,0.011988909593748133,scenario,cyp_cystitis,1617.1646675312406
1.416666666667,spinal_coord,34.433719525495434,0.972227714072,0.027772285928,0.5349386272544492,53.49386272544492,0.3891755983152656,38.91755983152656,0.243056928518,24.3056928518,0.016490898250106533,1.6490898250106534,0.01649089825010653,0.01154362877507457,scenario,cyp_cystitis,1738.1469096311155
1.5,spinal_coord,34.65970114447569,0.972911017746,0.027088982254,0.5337443785837807,53.374437858378066,0.3873554988630409,38.735549886304085,0.2432277544365,24.32277544365,0.015906193997815763,1.5906193997815763,0.015906193997815763,0.011134335798471033,scenario,cyp_cystitis,1859.1291517295383
1.583333333333,spinal_coord,34.881804167585955,0.973586896048,0.026413103952,0.5325612805941586,53.256128059415865,0.3855527421095448,38.55527421095448,0.243396724012,24.339672401199998,0.015366668118822518,1.5366668118822517,0.015366668118822516,0.01075666768317576,scenario,cyp_cystitis,1980.1113938279614
1.666666666667,spinal_coord,35.099915971116204,0.974252771202,0.025747228798,0.531386632695529,53.1386632695529,0.38376458652670525,38.37645865267053,0.2435631928005,24.356319280050002,0.014867049220796232,1.4867049220796231,0.01486704922079623,0.01040693445455736,scenario,cyp_cystitis,2101.0936359278353
1.75,spinal_coord,35.313925358109486,0.974906065433,0.025093934567,0.530217811796114,53.0217811796114,0.3819883939171521,38.19883939171521,0.24372651635825,24.372651635824997,0.01440284898787187,1.440284898787187,0.014402848987871869,0.010081994291510308,scenario,cyp_cystitis,2222.075878026259
1.833333333333,spinal_coord,35.52372265245073,0.975543438428,0.024456561572,0.5290518552198327,52.90518552198327,0.380221327483777,38.0221327483777,0.243885859607,24.3885859607,0.013970222113239048,1.3970222113239048,0.013970222113239048,0.009779155479267332,scenario,cyp_cystitis,2343.058120124682
1.916666666667,spinal_coord,35.72919979217187,0.976159147982,0.023840852018,0.5278845767865695,52.788457678656954,0.378459719721426,37.8459719721426,0.2440397869955,24.40397869955,0.013565855264815711,1.3565855264815712,0.01356585526481571,0.009496098685370996,scenario,cyp_cystitis,2464.0403622245553
2.0,spinal_coord,35.93025042188743,0.976749219605,0.023250780395,0.5267128305259181,52.67128305259181,0.3767007008328908,37.67007008328908,0.24418730490125,24.418730490125,0.013186878297364237,1.3186878297364237,0.013186878297364237,0.009230814808154965,scenario,cyp_cystitis,2585.022604322979
2.083333333333,spinal_coord,36.12676998427123,0.977309873923,0.022690126077,0.52889193409887,52.889193409887,0.3794192874908267,37.94192874908267,0.24432746848075,24.432746848075,0.013426990424041623,1.3426990424041623,0.013426990424041624,0.009398893296829136,scenario,cyp_cystitis,2539.3085185416603
2.166666666667,spinal_coord,36.31865581042011,0.977837331561,0.022162668439,0.5310372611485968,53.10372611485968,0.3821039043444625,38.21039043444625,0.24445933289025,24.445933289025,0.013671544453701338,1.3671544453701339,0.013671544453701336,0.009570081117590935,scenario,cyp_cystitis,2493.5944327597936
2.25,spinal_coord,36.50580720901905,0.978327841123,0.021672158877,0.5331462793614861,53.314627936148604,0.38475242544098137,38.47524254409814,0.24458196028075,24.458196028075,0.013920677066555634,1.3920677066555633,0.013920677066555635,0.009744473946588944,scenario,cyp_cystitis,2447.8803469784757
2.333333333333,spinal_coord,36.688125554219134,0.978782000883,0.021217999117,0.5352188210916232,53.52188210916232,0.38736442782783087,38.73644278278309,0.24469550022075,24.469550022075,0.014174533020176622,1.4174533020176623,0.01417453302017662,0.009922173114123634,scenario,cyp_cystitis,2402.1662611971583
2.416666666667,spinal_coord,36.86551437207959,0.979200850817,0.020799149183,0.5372549801054033,53.72549801054033,0.3899396898682044,38.993968986820434,0.24480021270425,24.480021270425002,0.014433265725505505,1.4433265725505506,0.014433265725505505,0.010103286007853853,scenario,cyp_cystitis,2356.4521754152893
2.5,spinal_coord,37.0378794254904,0.979582994584,0.020417005416,0.5392535312284428,53.92535312284428,0.3924770434432571,39.24770434432571,0.244895748646,24.4895748646,0.014697037869284956,1.4697037869284957,0.014697037869284953,0.010287926508499466,scenario,cyp_cystitis,2310.738089633972
2.583333333333,spinal_coord,37.20512879748852,0.979927035843,0.020072964157,0.5412132537550703,54.121325375507034,0.39497532639242716,39.49753263924271,0.24498175896075,24.498175896075,0.014966022087391253,1.4966022087391253,0.014966022087391253,0.010476215461173876,scenario,cyp_cystitis,2265.0240038526526
2.666666666667,spinal_coord,37.367172972826744,0.980231578256,0.019768421744,0.5431329317539435,54.31329317539435,0.3974333829199246,39.74333829199246,0.245057894564,24.505789456400002,0.015240401693956736,1.5240401693956735,0.015240401693956736,0.010668281185769716,scenario,cyp_cystitis,2219.3099180707864
2.75,spinal_coord,37.52392491771433,0.980496474524,0.019503525476,0.5450120486458175,54.50120486458175,0.39985057335309004,39.985057335309,0.245124118631,24.5124118631,0.01552037147181855,1.552037147181855,0.01552037147181855,0.010864260030272984,scenario,cyp_cystitis,2173.595832289468
2.833333333333,spinal_coord,37.675300157646376,0.980728351904,0.019271648096,0.5468538794288669,54.685387942886685,0.4022290552704891,40.22290552704891,0.245182087976,24.5182087976,0.01580613853047016,1.5806138530470162,0.01580613853047016,0.011064296971329112,scenario,cyp_cystitis,2127.8817465081493
2.916666666667,spinal_coord,37.8212168531894,0.980930261431,0.019069738569,0.5486597597205687,54.865975972056866,0.4045695924837581,40.45695924837581,0.24523256535775,24.523256535775,0.016097923238321644,1.6097923238321643,0.01609792323832164,0.011268546266825148,scenario,cyp_cystitis,2082.1676607262843
3.0,spinal_coord,37.961595873647255,0.981104419539,0.018895580461,0.5504305920197374,55.04305920197374,0.4068726495133165,40.68726495133165,0.24527610488475,24.527610488475,0.016395960236978088,1.6395960236978087,0.016395960236978088,0.011477172165884661,scenario,cyp_cystitis,2036.4535749449649
3.083333333333,spinal_coord,38.09636086852875,0.981253042663,0.018746957337,0.5521673076530826,55.21673076530826,0.40913872931644363,40.91387293164436,0.24531326066575,24.531326066574998,0.016700499546176806,1.6700499546176806,0.01670049954617681,0.011690349682323766,scenario,cyp_cystitis,1990.739489163646
3.166666666667,spinal_coord,38.22543833669517,0.981376956025,0.018623043975,0.5538700810897087,55.38700810897087,0.4113677894446116,41.13677894446116,0.24534423900625,24.534423900625,0.017011807768982715,1.7011807768982714,0.017011807768982715,0.0119082654382879,scenario,cyp_cystitis,1945.0254033817798
3.25,spinal_coord,38.348757693117534,0.981476276032,0.018523723968,0.5555387042394723,55.553870423947224,0.41355951364196303,41.3559513641963,0.245369069008,24.536906900800002,0.01733016940813498,1.733016940813498,0.017330169408134977,0.012131118585694482,scenario,cyp_cystitis,1899.3113176004622
3.333333333333,spinal_coord,38.46625133317101,0.981552150283,0.018447849717,0.5571735681670991,55.71735681670991,0.415714040795132,41.5714040795132,0.24538803757075,24.538803757075,0.01765588830581632,1.765588830581632,0.01765588830581632,0.012359121814071424,scenario,cyp_cystitis,1853.5972318191432
3.416666666667,spinal_coord,38.577854694356745,0.981605726377,0.018394273623,0.5587750842398176,55.87750842398176,0.4178315368607568,41.78315368607568,0.24540143159425,24.540143159425,0.017989289220583723,1.7989289220583724,0.01798928922058372,0.012592502454408603,scenario,cyp_cystitis,1807.8831460372762
3.5,spinal_coord,38.68350631538782,0.981638037336,0.018361962664,0.560343618394167,56.034361839416704,0.4199121454135561,41.99121454135561,0.245409509334,24.540950933399998,0.018330719557098727,1.8330719557098727,0.018330719557098727,0.012831503689969109,scenario,cyp_cystitis,1762.1690602559586
3.583333333333,spinal_coord,38.78314789257409,0.981649297683,0.018350702317,0.5618790869934851,56.18790869934851,0.4219556834303135,42.19556834303135,0.24541232442075,24.541232442075,0.018680551266370558,1.8680551266370558,0.018680551266370558,0.01307638588645939,scenario,cyp_cystitis,1716.45497447464
3.666666666667,spinal_coord,38.87672433340948,0.98164009975,0.01835990025,0.563381636805642,56.3381636805642,0.42396214915752267,42.39621491575227,0.2454100249375,24.54100249375,0.019039182936497354,1.9039182936497354,0.019039182936497357,0.01332742805554815,scenario,cyp_cystitis,1670.740888692773
3.75,spinal_coord,38.964183807306426,0.981611161993,0.018388838007,0.5648515028878696,56.485150288786954,0.4259316165194927,42.593161651949266,0.24540279049825,24.540279049825,0.01940704209674641,1.940704209674641,0.01940704209674641,0.013584929467722485,scenario,cyp_cystitis,1625.026802911454
3.833333333333,spinal_coord,39.04547779342067,0.981563202867,0.018436797133,0.5662889365295043,56.62889365295043,0.42786418108367236,42.786418108367236,0.24539080071675,24.539080071675002,0.019784587761001594,1.9784587761001595,0.019784587761001598,0.013849211432701118,scenario,cyp_cystitis,1579.3127171301367
3.916666666667,spinal_coord,39.12056112548439,0.981498073461,0.018501926539,0.5676948600987323,56.769486009873226,0.429760455644643,42.9760455644643,0.24537451836525,24.537451836525,0.020172313240176414,2.0172313240176414,0.02017231324017641,0.014120619268123486,scenario,cyp_cystitis,1533.5986313482697
4.0,spinal_coord,39.18939203360148,0.981418552608,0.018581447392,0.5690707561746507,56.907075617465075,0.4316214906968676,43.16214906968676,0.245354638152,24.5354638152,0.020570749257591378,2.057074925759138,0.020570749257591378,0.014399524480313964,scenario,cyp_cystitis,1487.884545566951
4.083333333333,spinal_coord,39.2519321829573,0.981326360958,0.018673639042,0.5699015343321219,56.990153433212186,0.4327599254568291,43.27599254568291,0.2453315902395,24.53315902395,0.02080373576853997,2.0803735768539973,0.020803735768539975,0.014562615037977981,scenario,cyp_cystitis,1463.3617593202641
4.166666666667,spinal_coord,39.308146709376544,0.981223214897,0.018776785103,0.5706985740559037,57.069857405590376,0.4338570271088716,43.38570271088716,0.24530580372425,24.530580372425,0.0210379792244939,2.10379792244939,0.0210379792244939,0.01472658545714573,scenario,cyp_cystitis,1438.838973073283
4.25,spinal_coord,39.358004251692826,0.981110730409,0.018889269591,0.5714627363408311,57.14627363408311,0.43491340498477477,43.49134049847748,0.24527768260225,24.527768260225,0.021273502809532673,2.127350280953267,0.02127350280953267,0.014891451966672868,scenario,cyp_cystitis,1414.3161868265959
4.333333333333,spinal_coord,39.401476980892305,0.980989590412,0.019010409588,0.5721943505327587,57.219435053275866,0.4359292705730117,43.59292705730117,0.245247397603,24.524739760299997,0.021510332565761042,2.1510332565761043,0.021510332565761042,0.015057232796032728,scenario,cyp_cystitis,1389.7934005799088
4.416666666667,spinal_coord,39.438540625981375,0.980860913111,0.019139086889,0.5728940092772068,57.28940092772068,0.436905041332609,43.6905041332609,0.24521522827775,24.521522827775,0.021748497550618532,2.174849755061853,0.021748497550618532,0.015223948285432972,scenario,cyp_cystitis,1365.2706143329278
4.5,spinal_coord,39.46917449655254,0.980726005798,0.019273994202,0.5735624258698605,57.35624258698605,0.43784123256048063,43.78412325604806,0.2451815014495,24.51815014495,0.021988030002145244,2.1988030002145242,0.021988030002145244,0.01539162100150167,scenario,cyp_cystitis,1340.747828086241
4.583333333333,spinal_coord,39.49336150202137,0.980586175762,0.019413824238,0.5742003237853701,57.42003237853701,0.43873837312649355,43.87383731264936,0.2451465439405,24.51465439405,0.02222896551280394,2.222896551280394,0.022228965512803945,0.01556027585896276,scenario,cyp_cystitis,1316.2250418395545
4.666666666667,spinal_coord,39.51108816750157,0.980442730294,0.019557269706,0.5748084361904973,57.48084361904973,0.439597004822663,43.9597004822663,0.2451106825735,24.51106825735,0.02247134321243145,2.247134321243145,0.02247134321243145,0.01572994024870201,scenario,cyp_cystitis,1291.702255592573
4.75,spinal_coord,39.52234464630329,0.980296001496,0.019703998504,0.5753869330672791,57.53869330672791,0.44041724359103873,44.041724359103874,0.245074000374,24.5074000374,0.0227152059610253,2.2715205961025298,0.022715205961025303,0.01590064417271771,scenario,cyp_cystitis,1267.179469345886
4.833333333333,spinal_coord,39.52712472903853,0.980144368451,0.019855631549,0.5759348429872723,57.593484298727226,0.4411983344993631,44.11983344993631,0.24503609211275,24.503609211275,0.022960600552133913,2.2960600552133914,0.022960600552133913,0.016072420386493737,scenario,cyp_cystitis,1242.656683099199
4.916666666667,spinal_coord,39.52542584931821,0.979987929039,0.020012070961,0.5764522066854151,57.645220668541505,0.44194029923422007,44.19402992342201,0.24499698225975,24.499698225975,0.023207577927606984,2.3207577927606984,0.023207577927606984,0.01624530454932489,scenario,cyp_cystitis,1218.133896852218
5.0,spinal_coord,39.51724908603707,0.979826874276,0.020173125724,0.5769391252934396,57.69391252934396,0.44264320896591947,44.26432089659195,0.244956718569,24.4956718569,0.02345619340461494,2.345619340461494,0.02345619340461494,0.016419335383230454,scenario,cyp_cystitis,1193.6111106055316
5.083333333333,spinal_coord,39.50259916224181,0.979661395176,0.020338604824,0.5773957055809058,57.73957055809058,0.44330714238254104,44.3307142382541,0.244915348794,24.4915348794,0.023706506915928766,2.3706506915928767,0.02370650691592877,0.016594554841150137,scenario,cyp_cystitis,1169.0883243588441
5.166666666667,spinal_coord,39.481484440584396,0.979491681647,0.020508318353,0.5778220591543837,57.78220591543837,0.44393218499017817,44.39321849901782,0.24487292041175,24.487292041175,0.023958583264461063,2.395858326446106,0.023958583264461063,0.016771008285122742,scenario,cyp_cystitis,1144.565538111864
5.25,spinal_coord,39.45391691536821,0.979317777774,0.020682222226,0.5782182168650938,57.82182168650938,0.4445183632287918,44.45183632287918,0.2448294444435,24.48294444435,0.02421249239324733,2.421249239324733,0.02421249239324733,0.01694874467527313,scenario,cyp_cystitis,1120.042751865177
5.333333333333,spinal_coord,39.41991220119368,0.979139717128,0.020860282872,0.5785842082749669,57.858420827496694,0.4450657053239559,44.50657053239559,0.244784929282,24.478492928199998,0.02446830967215693,2.446830967215693,0.024468309672156928,0.017127816770509847,scenario,cyp_cystitis,1095.51996561849
5.416666666667,spinal_coord,39.37948951822294,0.978957612929,0.021042387071,0.5789201148596504,57.89201148596504,0.4455742821698672,44.55742821698672,0.24473940323225,24.473940323224998,0.024726116202661984,2.4726116202661985,0.024726116202661984,0.017308281341863387,scenario,cyp_cystitis,1070.997179371509
5.5,spinal_coord,39.33267167408242,0.978771578393,0.021228421607,0.5792260229561188,57.92260229561188,0.44604417114382516,44.604417114382514,0.24469289459825,24.469289459825,0.024985999142206398,2.4985999142206397,0.024985999142206394,0.017490199399544475,scenario,cyp_cystitis,1046.4743931248215
5.583333333333,spinal_coord,39.279485042421165,0.978581726738,0.021418273262,0.5795020236655621,57.95020236655621,0.44647545597474947,44.647545597474945,0.2446454316845,24.46454316845,0.025248052049866753,2.5248052049866754,0.025248052049866757,0.017673636434906728,scenario,cyp_cystitis,1021.9516068781351
5.666666666667,spinal_coord,39.21995953816186,0.978388170845,0.021611829155,0.5797482125574336,57.97482125574336,0.4468682264615782,44.68682264615782,0.24459704271125,24.459704271125,0.025512375255076623,2.5512375255076623,0.025512375255076627,0.017858662678553638,scenario,cyp_cystitis,997.428820631154
5.75,spinal_coord,39.15412858947422,0.978191020999,0.021808979001,0.5799646882401285,57.99646882401285,0.4472225773205047,44.722257732050466,0.24454775524975,24.454775524975002,0.02577907625144988,2.577907625144988,0.02577907625144988,0.018045353376014914,scenario,cyp_cystitis,972.9060343844673
5.833333333333,spinal_coord,39.08202910649963,0.977990388817,0.022009611183,0.5801515546035064,58.01515546035064,0.4475386098656752,44.75386098656752,0.24449759720425,24.449759720425,0.026048270117943112,2.604827011794311,0.026048270117943112,0.018233789082560178,scenario,cyp_cystitis,948.3832481377804
5.916666666667,spinal_coord,39.00370144688057,0.977786386377,0.022213613623,0.5803089202267657,58.030892022676575,0.447816431510021,44.7816431510021,0.24444659659425,24.444659659425,0.026320079969735094,2.6320079969735093,0.026320079969735094,0.018424055978814566,scenario,cyp_cystitis,923.8604618907993
6.0,spinal_coord,38.91918937813531,0.977579125756,0.022420874244,0.5804368980330566,58.04368980330567,0.44805615545874217,44.80561554587422,0.244394781439,24.4394781439,0.026594637441537144,2.6594637441537143,0.026594637441537144,0.018616246209076,scenario,cyp_cystitis,899.3376756441119
6.083333333333,spinal_coord,38.8285400369167,0.977368719033,0.022631280967,0.5805356052253072,58.053560522530724,0.4482579006227429,44.82579006227429,0.24434217975825,24.434217975825,0.02687208320632922,2.687208320632922,0.02687208320632922,0.018810458244430454,scenario,cyp_cystitis,874.8148893974251
6.166666666667,spinal_coord,38.73180388522513,0.977155203487,0.022844796513,0.5806051187802861,58.060511878028606,0.44842175721138144,44.84217572113815,0.24428880087175,24.428880087175,0.02715256753274053,2.715256753274053,0.02715256753274053,0.01900679727291837,scenario,cyp_cystitis,850.2921031504438
6.25,spinal_coord,38.62903466362569,0.976938472954,0.023061527046,0.5806454345314318,58.06454345314318,0.44854775505724237,44.854775505724234,0.2442346182385,24.42346182385,0.02743625088472952,2.7436250884729523,0.027436250884729525,0.019205375619310665,scenario,cyp_cystitis,825.7693169037572
6.333333333333,spinal_coord,38.520289341518094,0.976718523115,0.023281476885,0.5806566128600383,58.06566128600383,0.4486359761083845,44.863597610838454,0.24417963077875,24.417963077874997,0.02772330456761224,2.7723304567612237,0.027723304567612236,0.019406313197328565,scenario,cyp_cystitis,801.2465306570703
6.416666666667,spinal_coord,38.405628064544786,0.976495353971,0.023504646029,0.5806387207831185,58.06387207831185,0.44868650972049134,44.86865097204913,0.24412383849275,24.412383849275,0.0280139114248353,2.80139114248353,0.0280139114248353,0.019609737997384708,scenario,cyp_cystitis,776.723744410089
6.5,spinal_coord,38.285114099196115,0.97626896552,0.02373103448,0.580591829379625,58.0591829379625,0.4486994506661666,44.869945066616665,0.24406724138,24.406724137999998,0.02830826659047339,2.830826659047339,0.02830826659047339,0.019815786613331374,scenario,cyp_cystitis,752.2009581634024
6.583333333333,spinal_coord,38.15881377467011,0.976039357763,0.023960642237,0.580516013793648,58.051601379364804,0.4486748991371975,44.86748991371975,0.24400983944075,24.400983944075,0.028606578302989388,2.8606578302989387,0.028606578302989384,0.020024604812092568,scenario,cyp_cystitis,727.6781719167155
6.666666666667,spinal_coord,38.026796422086264,0.9758065307,0.0241934693,0.5804113532372355,58.041135323723545,0.44861296074964724,44.86129607496473,0.243951632675,24.3951632675,0.02890906878632645,2.890906878632645,0.02890906878632646,0.020236348150428518,scenario,cyp_cystitis,703.1553856697345
6.75,spinal_coord,37.88913431112054,0.975570484332,0.024429515668,0.5802779310023126,58.027793100231264,0.44851374655908344,44.851374655908344,0.243892621083,24.3892621083,0.029215975205201708,2.9215975205201707,0.029215975205201708,0.020451182643641194,scenario,cyp_cystitis,678.6325994230475
6.833333333333,spinal_coord,37.74590258412657,0.975331218657,0.024668781343,0.5801158344745048,58.01158344745048,0.4483773730803396,44.83773730803396,0.24383280466425,24.383280466425,0.029527550702274162,2.952755070227416,0.02952755070227416,0.02066928549159191,scenario,cyp_cystitis,654.1098131763605
6.916666666667,spinal_coord,37.59717918785586,0.975088720189,0.024911279811,0.5799251471370315,57.992514713703144,0.44820395611970865,44.820395611970866,0.24377218004725,24.377218004725,0.029844065525667228,2.984406552566723,0.029844065525667225,0.020890845867967058,scenario,cyp_cystitis,629.5870269293794
7.0,spinal_coord,37.44304480285065,0.974842518206,0.025157481794,0.5797056847184664,57.97056847184664,0.44799340688928857,44.79934068892886,0.2437106295515,24.37106295515,0.030165808256450988,3.0165808256450988,0.03016580825645099,0.02111606577951569,scenario,cyp_cystitis,605.0642406826926
7.083333333333,spinal_coord,37.28358277058166,0.974592379706,0.025407620294,0.5794574086577603,57.94574086577603,0.44774575164168046,44.77457516416805,0.2436480949265,24.36480949265,0.03049308714686381,3.049308714686381,0.030493087146863815,0.021345161002804668,scenario,cyp_cystitis,580.5414544360059
7.166666666667,spinal_coord,37.11887901845451,0.974338304688,0.025661695312,0.5791804233104436,57.91804233104436,0.44746112951792477,44.746112951792476,0.243584576172,24.3584576172,0.030826231581281487,3.0826231581281487,0.030826231581281487,0.02157836210689704,scenario,cyp_cystitis,556.0186681890249
7.25,spinal_coord,36.94902198276478,0.974080293152,0.025919706848,0.5788748374046473,57.88748374046473,0.44713968548886307,44.71396854888631,0.243520073288,24.3520073288,0.03116559367356465,3.116559367356465,0.03116559367356465,0.021815915571495256,scenario,cyp_cystitis,531.4958819423377
7.333333333333,spinal_coord,36.77410252967898,0.973818345099,0.026181654901,0.57854076408775,57.854076408775,0.44678157041733335,44.678157041733336,0.24345458627475,24.345458627475,0.031511550016159885,3.1511550016159884,0.031511550016159885,0.022058085011311918,scenario,cyp_cystitis,506.9730956956508
7.416666666667,spinal_coord,36.59421387437547,0.973552460528,0.026447539472,0.5781783209760533,57.817832097605326,0.44638694112540434,44.638694112540435,0.243388115132,24.3388115132,0.03186450359821502,3.186450359821502,0.03186450359821502,0.022305152518750513,scenario,cyp_cystitis,482.45030944866994
7.5,spinal_coord,36.40945149842985,0.973282639439,0.026717360561,0.5777876302127091,57.778763021270905,0.4459559604706121,44.59559604706121,0.24332065985975,24.332065985975,0.03222488591236552,3.222488591236552,0.03222488591236552,0.022557420138655863,scenario,cyp_cystitis,457.9275232019831
7.583333333333,spinal_coord,36.219913065525944,0.973008881832,0.026991118168,0.5773688185277963,57.73688185277963,0.4454887974263951,44.54887974263951,0.243252220458,24.3252220458,0.032593159272491186,3.259315927249119,0.032593159272491186,0.02281521149074383,scenario,cyp_cystitis,433.40473695529613
7.666666666667,spinal_coord,36.02569833563534,0.972731187708,0.027268812292,0.5769220173040228,57.69220173040228,0.44498562716936363,44.49856271693636,0.243182796927,24.318279692700003,0.03296981936766772,3.296981936766772,0.03296981936766772,0.023078873557367402,scenario,cyp_cystitis,408.88195070831483
7.75,spinal_coord,35.8269090777526,0.972449289115,0.027550710885,0.5764472038086931,57.64472038086931,0.44444650870659075,44.444650870659075,0.24311232227875,24.311232227875,0.03335539808116643,3.3355398081166427,0.03335539808116643,0.023348778656816498,scenario,cyp_cystitis,384.3591644616279
7.833333333333,spinal_coord,35.62364898127051,0.972162065547,0.027837934453,0.5759438553875174,57.59438553875174,0.4438711186676899,44.38711186676899,0.24304051638675,24.304051638675002,0.03375046660743889,3.375046660743889,0.03375046660743889,0.02362532662520722,scenario,cyp_cystitis,359.8363782149414
7.916666666667,spinal_coord,35.416023566144844,0.971869670746,0.028130329254,0.5754122103941082,57.541221039410814,0.44325972361014415,44.325972361014415,0.2429674176865,24.296741768649998,0.03415563890463499,3.4155638904634986,0.03415563890463499,0.02390894723324449,scenario,cyp_cystitis,335.31359196795995
8.0,spinal_coord,35.20414009193764,0.971581642131,0.028418357869,0.5748580641726119,57.48580641726119,0.4426168715198158,44.26168715198158,0.24289541053275,24.289541053275,0.03457157552583972,3.457157552583972,0.03457157552583972,0.0242001028680878,scenario,cyp_cystitis,310.7908057212732
8.083333333333,spinal_coord,34.98810746582462,0.971302673542,0.028697326458,0.5736634241781978,57.36634241781978,0.44111700772359713,44.11170077235971,0.2428256683855,24.28256683855,0.03443965651038418,3.443965651038418,0.03443965651038418,0.024107759557268925,scenario,cyp_cystitis,307.91583447091915
8.166666666667,spinal_coord,34.76803614972147,0.971037102294,0.028962897706,0.5724500110650166,57.24500110650166,0.43958764732202216,43.95876473220221,0.2427592755735,24.27592755735,0.0343032719725176,3.43032719725176,0.0343032719725176,0.024012290380762316,scenario,cyp_cystitis,305.04086322053047
8.25,spinal_coord,34.544038066618164,0.970793998262,0.029206001738,0.5712233017150763,57.12233017150763,0.4380330695327684,43.80330695327684,0.2426984995655,24.26984995655,0.03416249570085874,3.416249570085874,0.03416249570085873,0.02391374699060111,scenario,cyp_cystitis,302.1658919701762
8.333333333333,spinal_coord,34.31622650620696,0.970573010806,0.029426989194,0.5699832038917898,56.99832038917898,0.4364532682537198,43.645326825371974,0.2426432527015,24.26432527015,0.03401740344749958,3.401740344749958,0.03401740344749958,0.023812182413249706,scenario,cyp_cystitis,299.29092071982194
8.416666666667,spinal_coord,34.084716029962316,0.970368873835,0.029631126165,0.5687267495108277,56.87267495108277,0.4348460414027702,43.48460414027702,0.24259221845875,24.259221845875,0.03386807286886778,3.3868072868867785,0.03386807286886778,0.023707651008207445,scenario,cyp_cystitis,296.41594946943326
8.5,spinal_coord,33.84962237576058,0.970182188515,0.029817811485,0.5674544311747262,56.74544311747262,0.4332118453946348,43.32118453946348,0.24254554712875,24.254554712875002,0.033714583465239645,3.3714583465239647,0.033714583465239645,0.02360020842566775,scenario,cyp_cystitis,293.54097821907914
8.583333333333,spinal_coord,33.611062362123846,0.970015165522,0.029984834478,0.5661676827600713,56.616768276007136,0.4315518551727618,43.15518551727618,0.2425037913805,24.25037913805,0.033557016518946055,3.3557016518946057,0.033557016518946055,0.023489911563262238,scenario,cyp_cystitis,290.66600696872484
8.666666666667,spinal_coord,33.36915379224784,0.969870015532,0.030129984468,0.5648679319918704,56.486793199187034,0.42986723747849387,42.98672374784939,0.242467503883,24.2467503883,0.03339545503136414,3.3395455031364136,0.03339545503136413,0.02337681852195489,scenario,cyp_cystitis,287.7910357183363
8.75,spinal_coord,33.12401535789928,0.9697474738,0.0302525262,0.5635557426558819,56.355574265588196,0.4281584989411758,42.815849894117584,0.24243686845,24.243686845,0.03322998365874178,3.322998365874178,0.03322998365874178,0.023260988561119245,scenario,cyp_cystitis,284.91606446798204
8.833333333333,spinal_coord,32.87576654326415,0.969642264276,0.030357735724,0.5622281938329937,56.222819383299374,0.4264235036853249,42.64235036853249,0.242410566069,24.2410566069,0.03306068864689965,3.3060688646899647,0.03306068864689965,0.023142482052829753,scenario,cyp_cystitis,282.0410932176279
8.916666666667,spinal_coord,32.62452752890709,0.969552825011,0.030447174989,0.5608845461169191,56.08845461169191,0.4246617864855587,42.46617864855587,0.24238820625275,24.238820625275,0.03288765776491024,3.288765776491024,0.03288765776491024,0.023021360435437167,scenario,cyp_cystitis,279.16612196723923
9.0,spinal_coord,32.37041909592325,0.969478180304,0.030521819696,0.5595244127915242,55.952441279152424,0.4228731569540323,42.28731569540323,0.242369545076,24.2369545076,0.03271098023780295,3.2710980237802953,0.03271098023780296,0.02289768616646207,scenario,cyp_cystitis,276.29115071688494
9.083333333333,spinal_coord,32.11356253036023,0.969417354454,0.030582645546,0.558147418864626,55.814741886462606,0.4210574403348348,42.105744033483475,0.2423543386135,24.23543386135,0.03253074667834214,3.253074667834214,0.03253074667834214,0.022771522674839496,scenario,cyp_cystitis,273.4161794665307
9.166666666667,spinal_coord,31.85407952806846,0.969369640488,0.030630359512,0.5567533558783848,55.67533558783848,0.4192145943418465,41.92145943418465,0.242342410122,24.234241012200002,0.03234704901798313,3.234704901798313,0.03234704901798314,0.022642934312588195,scenario,cyp_cystitis,270.54120821614197
9.25,spinal_coord,31.59209210005674,0.96933479212,0.03066520788,0.5553422904166296,55.53422904166296,0.4173447898488396,41.734478984883964,0.24233369803,24.233369803,0.03215998043705716,3.215998043705716,0.032159980437057166,0.022511986305940014,scenario,cyp_cystitis,267.6662369657878
9.333333333333,spinal_coord,31.327722478424782,0.9693121657,0.0306878343,0.5539140707923916,55.391407079239166,0.4154480391565221,41.54480391565221,0.242328041425,24.2328041425,0.03196963529423328,3.196963529423328,0.03196963529423328,0.022378744705963294,scenario,cyp_cystitis,264.79126571543367
9.416666666667,spinal_coord,31.06109302302864,0.96930110244,0.03069889756,0.5524685481167899,55.24685481167899,0.4135243633423865,41.352436334238654,0.24232527561,24.232527561,0.031776109055367575,3.1776109055367576,0.03177610905536758,0.022243276338757306,scenario,cyp_cystitis,261.91629446504515
9.5,spinal_coord,30.792326128948886,0.969300943557,0.030699056443,0.5510055853758442,55.10055853758442,0.4115737993154589,41.15737993154589,0.24232523588925,24.232523588925,0.03157949822179115,3.1579498221791154,0.03157949822179115,0.022105648755253806,scenario,cyp_cystitis,259.0413232146908
9.583333333333,spinal_coord,30.52154413482765,0.969311358713,0.030688641287,0.5495252439798404,54.952524397984035,0.40959653906878707,40.95965390687871,0.24232783967825,24.232783967825,0.03137990025808653,3.137990025808653,0.03137990025808653,0.021965930180660568,scenario,cyp_cystitis,256.16635196433674
9.666666666667,spinal_coord,30.24886923222546,0.969332180328,0.030667819672,0.5480276878718575,54.802768787185755,0.4075928570531434,40.75928570531434,0.242333045082,24.2333045082,0.031177413519466183,3.117741351946618,0.031177413519466186,0.02182418946362633,scenario,cyp_cystitis,253.29138071394797
9.75,spinal_coord,29.974423376060766,0.969362990837,0.030637009163,0.5465129497947384,54.65129497947384,0.40556293611398453,40.55629361139845,0.24234074770925,24.234074770924998,0.030972137178805426,3.0972137178805426,0.03097213717880543,0.0216804960251638,scenario,cyp_cystitis,250.41640946359374
9.833333333333,spinal_coord,29.698328196190843,0.969403372674,0.030596627326,0.5449810740368607,54.49810740368607,0.4035069744911476,40.35069744911476,0.2423508431685,24.23508431685,0.030764171153379503,3.0764171153379505,0.030764171153379507,0.021534919807365653,scenario,cyp_cystitis,247.54143821323976
9.916666666667,spinal_coord,29.42070491027929,0.96945291147,0.03054708853,0.5434321184778147,54.34321184778147,0.4014251874804196,40.14251874804196,0.2423632278675,24.23632278675,0.030553616031421676,3.0553616031421678,0.030553616031421673,0.02138753122199517,scenario,cyp_cystitis,244.66646696285102
10.0,spinal_coord,29.14167423800479,0.969511304586,0.030488695414,0.5418662154635074,54.18662154635074,0.39931785242267664,39.931785242267665,0.2423778261465,24.23778261465,0.030340572998554107,3.0340572998554105,0.030340572998554104,0.02123840109898787,scenario,cyp_cystitis,241.79149571249675
10.083333333333,spinal_coord,28.861356316661777,0.96957821748,0.03042178252,0.5402834910638815,54.02834910638815,0.39718524892517537,39.718524892517536,0.24239455437,24.239455437,0.03012514376414129,3.0125143764141287,0.03012514376414129,0.021087600634898902,scenario,cyp_cystitis,238.9165244621426
10.166666666667,spinal_coord,28.579870618291196,0.9696532675,0.0303467325,0.5386840565308633,53.86840565308633,0.39502765287448444,39.50276528744844,0.242413316875,24.2413316875,0.029907430487684555,2.9907430487684556,0.029907430487684555,0.020935201341379186,scenario,cyp_cystitis,236.0415532117538
10.25,spinal_coord,28.297335868387226,0.969736071994,0.030263928006,0.537068035540903,53.7068035540903,0.3928453567232039,39.284535672320395,0.2424340179985,24.24340179985,0.02968753570530866,2.968753570530866,0.02968753570530866,0.02078127499371606,scenario,cyp_cystitis,233.16658196139966
10.333333333333,spinal_coord,28.01386996622164,0.96982624831,0.03017375169,0.5354355643764732,53.543556437647325,0.3906386697319643,39.06386697319643,0.2424565620775,24.24565620775,0.02946556225638899,2.946556225638899,0.029465562256388994,0.020625893579472296,scenario,cyp_cystitis,230.29161071104554
10.416666666667,spinal_coord,27.729589906916193,0.969923413796,0.030076586204,0.5337867920926587,53.37867920926587,0.38840791819154485,38.84079181915448,0.242480853449,24.2480853449,0.029241613210439017,2.9241613210439015,0.02924161321043902,0.020469129247307313,scenario,cyp_cystitis,227.41663946065685
10.5,spinal_coord,27.444611705299284,0.970027185801,0.029972814199,0.5321218806684107,53.21218806684107,0.3861534456242142,38.61534456242142,0.24250679645025,24.250679645025,0.02901579179430709,2.9015791794307093,0.029015791794307095,0.020311054256014965,scenario,cyp_cystitis,224.54166821030273
10.583333333333,spinal_coord,27.15905032157928,0.97013718167,0.02986281833,0.5304410051376541,53.044100513765414,0.3838756129602055,38.38756129602055,0.2425342954175,24.25342954175,0.028788201319729513,2.8788201319729514,0.028788201319729517,0.02015174092381066,scenario,cyp_cystitis,221.66669695994852
10.666666666667,spinal_coord,26.87301958895602,0.97025302022,0.02974697978,0.5287443545102518,52.87443545102518,0.38157479927366905,38.15747992736691,0.242563255055,24.2563255055,0.028558945111359188,2.8558945111359186,0.02855894511135919,0.019991261577951433,scenario,cyp_cystitis,218.79172570955976
10.75,spinal_coord,26.586632143196866,0.970374641262,0.029625358738,0.5270323053964597,52.70323053964597,0.379251526774613,37.9251526774613,0.2425936603155,24.25936603155,0.02832812643531659,2.832812643531659,0.02832812643531659,0.019829688504721613,scenario,cyp_cystitis,215.91675445920552
10.833333333333,spinal_coord,26.299999354199883,0.970501986826,0.029498013174,0.5253052465714523,52.53052465714523,0.3769063331532697,37.69063331532697,0.2426254967065,24.26254967065,0.028095848428307393,2.809584842830739,0.028095848428307393,0.019667093899815174,scenario,cyp_cystitis,213.0417832088513
10.916666666667,spinal_coord,26.0132312596562,0.97063478933,0.02936521067,0.5235634646948173,52.35634646948173,0.3745396898164231,37.45396898164231,0.2426586973325,24.26586973325,0.027862214027424788,2.7862214027424788,0.027862214027424784,0.019503549819197347,scenario,cyp_cystitis,210.16681195846274
11.0,spinal_coord,25.726436500827752,0.970772781189,0.029227218811,0.5218072589403432,52.18072589403432,0.3721520848574576,37.21520848574576,0.24269319529725,24.269319529725,0.027627325900680174,2.7627325900680173,0.027627325900680177,0.019339128130476124,scenario,cyp_cystitis,207.29184070810848
11.083333333333,spinal_coord,25.439722260452854,0.970915694821,0.029084305179,0.5200369410012347,52.00369410012347,0.36974402306131277,36.974402306131275,0.24272892370525,24.272892370525,0.0273912863783029,2.73912863783029,0.027391286378302897,0.019173900464812026,scenario,cyp_cystitis,204.41686945775425
11.166666666667,spinal_coord,25.15319420288181,0.971063262642,0.028936737358,0.5182528350690967,51.82528350690967,0.36731602587812895,36.731602587812894,0.2427658156605,24.27658156605,0.02715419738492522,2.715419738492522,0.027154197384925225,0.019007938169447656,scenario,cyp_cystitis,201.54189820736556
11.25,spinal_coord,24.86695641644836,0.971215217067,0.028784782933,0.516455277795092,51.6455277795092,0.36486863137112274,36.48686313711227,0.24280380426675,24.280380426675,0.02691616037269188,2.691616037269188,0.026916160372691875,0.018841312260884313,scenario,cyp_cystitis,198.66692695701144
11.333333333333,spinal_coord,24.581111358079326,0.971371290514,0.028628709486,0.5146446182308401,51.46446182308401,0.3624023941364534,36.24023941364534,0.2428428226285,24.28428226285,0.02667727625533102,2.667727625533102,0.02667727625533102,0.018674093378731712,scenario,cyp_cystitis,195.79195570665732
11.416666666667,spinal_coord,24.295759800234364,0.971531215399,0.028468784601,0.5128212177425672,51.282121774256716,0.35991788519042295,35.991788519042295,0.24288280384975,24.288280384975,0.026437645343299405,2.6437645343299407,0.026437645343299405,0.018506351740309582,scenario,cyp_cystitis,192.91698445626855
11.5,spinal_coord,24.011000780171315,0.971695056564,0.028304943436,0.5109856247193493,51.098562471934926,0.3574158141044657,35.74158141044657,0.242923764141,24.2923764141,0.026197367280036372,2.619736728003637,0.02619736728003638,0.018338157096025463,scenario,cyp_cystitis,190.0420132059145
11.583333333333,spinal_coord,23.72693155152946,0.971863045332,0.028136954668,0.5091384841987993,50.913848419879926,0.35489696382106567,35.489696382106565,0.242965761333,24.2965761333,0.025956540979358796,2.5956540979358795,0.025956540979358796,0.018169578685551156,scenario,cyp_cystitis,187.16704195556028
11.666666666667,spinal_coord,23.443647538312238,0.972035065947,0.027964934053,0.5072802679896511,50.72802679896511,0.3523620020038681,35.23620020038681,0.24300876648675,24.300876648675,0.02571526456410553,2.5715264564105533,0.025715264564105535,0.018000685194873873,scenario,cyp_cystitis,184.29207070517157
11.75,spinal_coord,23.161242291254588,0.972211001792,0.027788998208,0.5054114579201753,50.54114579201753,0.3498116099629004,34.981160996290036,0.243052750448,24.305275044800002,0.025473635306060494,2.5473635306060496,0.025473635306060498,0.017831544714242347,scenario,cyp_cystitis,181.4170994548173
11.833333333333,spinal_coord,22.87980744655767,0.972390736256,0.027609263744,0.5035325460827352,50.353254608273524,0.347246482691647,34.724648269164696,0.243097684064,24.3097684064,0.025231749567181164,2.5231749567181163,0.025231749567181168,0.017662224697026815,scenario,cyp_cystitis,178.54212820446313
11.916666666667,spinal_coord,22.59943268706182,0.972574152723,0.027425847277,0.5016440345928843,50.16440345928843,0.3446673285495125,34.466732854951246,0.24314353818075,24.314353818075,0.024989702742235942,2.498970274223594,0.024989702742235942,0.017492791919565157,scenario,cyp_cystitis,175.6671569540744
12.0,spinal_coord,22.32020570583325,0.972761134579,0.027238865421,0.49974643533537244,49.97464353353725,0.3420748689208299,34.20748689208299,0.24319028364475,24.319028364475002,0.024747589202873285,2.4747589202873286,0.024747589202873285,0.0173233124420113,scenario,cyp_cystitis,172.7921857037203
12.083333333333,spinal_coord,22.042212172137784,0.97295156521,0.02704843479,0.49776174110123933,49.77617411012393,0.3393651330649858,33.936513306498576,0.2432378913025,24.323789130250002,0.024445907001834993,2.4445907001834994,0.024445907001834993,0.017112134901284493,scenario,cyp_cystitis,172.84093415713713
12.166666666667,spinal_coord,21.76553569986205,0.973145328003,0.026854671997,0.4957695372147273,49.57695372147273,0.33664427361863636,33.66442736186364,0.24328633200075,24.328633200075,0.02414548899975256,2.414548899975256,0.02414548899975256,0.016901842299826792,scenario,cyp_cystitis,172.88968261055447
12.25,spinal_coord,21.4902578183485,0.973342524809,0.026657475191,0.4937704938553386,49.37704938553386,0.33391315020411816,33.39131502041182,0.24333563120225,24.333563120224998,0.023846425835074382,2.3846425835074383,0.023846425835074382,0.016692498084552067,scenario,cyp_cystitis,172.93843106397117
12.333333333333,spinal_coord,21.216457945608344,0.973543525421,0.026456474579,0.49176542312207566,49.176542312207566,0.33117272235576756,33.117272235576756,0.24338588135525,24.338588135525,0.02354880605020601,2.3548806050206013,0.02354880605020601,0.016484164235144205,scenario,cyp_cystitis,172.98717951738791
12.416666666667,spinal_coord,20.944213363963016,0.97374835481,0.02625164519,0.4897549675071552,48.97549675071552,0.328423838406207,32.8423838406207,0.2434370887025,24.34370887025,0.02325271605616742,2.325271605616742,0.02325271605616742,0.016276901239317194,scenario,cyp_cystitis,173.0359279708053
12.5,spinal_coord,20.673599198071607,0.973957028873,0.026042971127,0.48773977132702917,48.77397713270292,0.32566735214503895,32.56673521450389,0.24348925721825,24.348925721824997,0.02295824009968632,2.295824009968632,0.022958240099686323,0.016070768069780424,scenario,cyp_cystitis,173.08467642422198
12.583333333333,spinal_coord,20.404688395300088,0.974169563507,0.025830436493,0.4857204848896042,48.57204848896042,0.32290412535047225,32.290412535047224,0.24354239087675,24.354239087675,0.0226654602327048,2.26654602327048,0.022665460232704805,0.015865822162893364,scenario,cyp_cystitis,173.13342487763887
12.666666666667,spinal_coord,20.137551708473275,0.97438597461,0.02561402539,0.483697764019713,48.3697764019713,0.320135027156284,32.0135027156284,0.2435964936525,24.35964936525,0.022374456284369303,2.23744562843693,0.022374456284369303,0.01566211939905851,scenario,cyp_cystitis,173.18217333105613
12.75,spinal_coord,19.872257680958857,0.974606278077,0.025393721923,0.4816722695629849,48.16722695629849,0.31736093339164656,31.736093339164658,0.24365156951925,24.365156951924998,0.022085305835473624,2.2085305835473625,0.022085305835473624,0.015459714084831535,scenario,cyp_cystitis,173.230921784473
12.833333333333,spinal_coord,19.608872634031787,0.974830489806,0.025169510194,0.4796446668760118,47.96446668760118,0.31458272589934916,31.458272589934914,0.2437076224515,24.370762245149997,0.021798084195323055,2.1798084195323053,0.021798084195323055,0.015258658936726137,scenario,cyp_cystitis,173.27967023788975
12.916666666667,spinal_coord,19.3474606565507,0.975058625694,0.024941374306,0.47761562529406354,47.761562529406355,0.311801291827418,31.1801291827418,0.2437646564235,24.376465642350002,0.021512864381077988,2.1512864381077987,0.021512864381077988,0.01505900506675459,scenario,cyp_cystitis,173.328418691307
13.0,spinal_coord,19.088083596888502,0.97529013245,0.02470986755,0.47558554002845177,47.55855400284518,0.3090173425546024,30.90173425546024,0.2438225331125,24.38225331125,0.021229717099537308,2.1229717099537306,0.021229717099537308,0.014860801969676114,scenario,cyp_cystitis,173.37716714472376
13.083333333333,spinal_coord,18.830801057058515,0.97552337529,0.02447662471,0.4735542891694342,47.355428916943424,0.306231260462579,30.623126046257898,0.2438808438225,24.38808438225,0.020948710731320378,2.0948710731320377,0.020948710731320378,0.014664097511924264,scenario,cyp_cystitis,173.42591559814053
13.166666666667,spinal_coord,18.575670389059344,0.975758251047,0.024241748953,0.47152250775278026,47.15225077527803,0.30344392665470704,30.344392665470703,0.24393956276175,24.393956276175,0.020669911317494738,2.066991131749474,0.020669911317494738,0.014468937922246315,scenario,cyp_cystitis,173.47466405155797
13.25,spinal_coord,18.322746693374178,0.975994759719,0.024005240281,0.4694908831786449,46.94908831786449,0.3006562576651932,30.06562576651932,0.24399868992975,24.399868992974998,0.020393382548600833,2.039338254860083,0.020393382548600833,0.014275367784020582,scenario,cyp_cystitis,173.52341250497463
13.333333333333,spinal_coord,18.07208281955989,0.976232901308,0.023767098692,0.46746010405762506,46.746010405762505,0.2978691716408334,29.786917164083338,0.244058225327,24.4058225327,0.02011918575602359,2.0119185756023588,0.020119185756023592,0.014083430029216514,scenario,cyp_cystitis,173.57216095839152
13.416666666667,spinal_coord,17.823729368941265,0.976472675813,0.023527324187,0.46543085957331887,46.54308595733189,0.2950835874934251,29.508358749342513,0.24411816895325,24.411816895325,0.019847379905747364,1.9847379905747364,0.01984737990574736,0.013893165934023151,scenario,cyp_cystitis,173.62090941180878
13.5,spinal_coord,17.577734699340596,0.976714083234,0.023285916766,0.4634038388394082,46.340383883940824,0.292300424041211,29.230042404121097,0.2441785208085,24.41785208085,0.019578021594436962,1.9578021594436963,0.019578021594436962,0.013704615116105873,scenario,cyp_cystitis,173.66965786522556
13.583333333333,spinal_coord,17.334144931772798,0.976957123572,0.023042876428,0.4613797302450723,46.137973024507225,0.28952059913609635,28.952059913609634,0.244239280893,24.423928089300002,0.01931116504778639,1.9311165047786392,0.01931116504778639,0.013517815533450474,scenario,cyp_cystitis,173.71840631864234
13.666666666667,spinal_coord,17.093003959114462,0.977201796825,0.022798203175,0.45935922079060204,45.935922079060205,0.28674502877913605,28.674502877913604,0.24430044920625,24.430044920625,0.019046862121161672,1.9046862121161672,0.019046862121161672,0.01333280348481317,scenario,cyp_cystitis,173.76715477205963
13.75,spinal_coord,16.85435345667236,0.977448088603,0.022551911397,0.457342988687516,45.7342988687516,0.28397462204902135,28.397462204902133,0.24436202215075,24.436202215075,0.018785162302472597,1.8785162302472598,0.018785162302472597,0.013149613611730816,scenario,cyp_cystitis,173.81590322547646
13.833333333333,spinal_coord,16.618232894577453,0.977694747433,0.022305252567,0.4553311334078541,45.533113340785405,0.2812099287328054,28.120992873280542,0.24442368685825,24.442368685825,0.01852611271720771,1.852611271720771,0.018526112717207704,0.012968278902045391,scenario,cyp_cystitis,173.8646516788932
13.916666666667,spinal_coord,16.384679552006595,0.977940967096,0.022059032904,0.4533239682717023,45.33239682717023,0.27845163533026973,27.845163533026973,0.244485241774,24.4485241774,0.018269758135649364,1.8269758135649363,0.01826975813564936,0.012788830694954552,scenario,cyp_cystitis,173.91340013231056
14.0,spinal_coord,16.153728533153735,0.978186747592,0.021813252408,0.4513221814104759,45.132218141047595,0.2757006593499679,27.57006593499679,0.244546686898,24.4546686898,0.01801614098219675,1.801614098219675,0.01801614098219675,0.012611298687537725,scenario,cyp_cystitis,173.96214858572733
14.083333333333,spinal_coord,15.925412784873572,0.978432088922,0.021567911078,0.449326456087006,44.9326456087006,0.2729579118086747,27.295791180867468,0.2446080222305,24.46080222305,0.017765301346724785,1.7765301346724784,0.017765301346724785,0.012435710942707349,scenario,cyp_cystitis,174.01089703914403
14.166666666667,spinal_coord,15.699763115994323,0.978676991084,0.021323008916,0.4473374699988174,44.73374699988174,0.2702242963037565,27.02242963037565,0.244669247771,24.4669247771,0.017517276997986955,1.7517276997986955,0.017517276997986955,0.012262093898590868,scenario,cyp_cystitis,174.05964549256146
14.25,spinal_coord,15.476808218218885,0.97892145408,0.02107854592,0.4453558945890409,44.53558945890409,0.2675007080920545,26.75007080920545,0.24473036352,24.473036352,0.01727210339898409,1.7272103398984089,0.017272103398984093,0.012090472379288864,scenario,cyp_cystitis,174.10839394597815
14.333333333333,spinal_coord,15.25657468853495,0.979165477908,0.020834522092,0.44338239435441706,44.33823943544171,0.26478803316988936,26.478803316988937,0.244791369477,24.4791369477,0.0170298137242216,1.70298137242216,0.017029813724221604,0.011920869606955122,scenario,cyp_cystitis,174.15714239939504
14.416666666667,spinal_coord,15.039087053126318,0.97940906257,0.02059093743,0.44141762616666824,44.141762616666824,0.26208714736555766,26.208714736555766,0.2448522656425,24.485226564250002,0.01679043887885533,1.679043887885533,0.01679043887885533,0.01175330721519873,scenario,cyp_cystitis,174.2058908528124
14.5,spinal_coord,14.824367792702853,0.979652208065,0.020347791935,0.4394622385944915,43.94622385944915,0.2593989154376554,25.93989154376554,0.24491305201625,24.491305201625,0.016554007519643282,1.6554007519643283,0.01655400751964328,0.011587805263750294,scenario,cyp_cystitis,174.25463930622905
14.583333333333,spinal_coord,14.612437369168479,0.979894759177,0.020105240823,0.4375168019364369,43.751680193643686,0.25672414952291583,25.672414952291582,0.24497368979425,24.497368979424998,0.016320546077621345,1.6320546077621345,0.01632054607762134,0.011424382254334939,scenario,cyp_cystitis,174.30338775964591
14.666666666667,spinal_coord,14.403314253615598,0.980135902462,0.019864097538,0.4355815856396962,43.55815856396962,0.25406348003226153,25.406348003226153,0.2450339756155,24.50339756155,0.016090078782496426,1.6090078782496426,0.016090078782496426,0.011263055147747498,scenario,cyp_cystitis,174.3521362130632
14.75,spinal_coord,14.197014955562757,0.980375520259,0.019624479741,0.43365716338559773,43.36571633855977,0.25141771109446365,25.141771109446363,0.24509388006475,24.509388006475,0.015862627688670448,1.5862627688670448,0.015862627688670448,0.011103839382069313,scenario,cyp_cystitis,174.40088466647993
14.833333333333,spinal_coord,13.993554053354469,0.980613612567,0.019386387433,0.431744150654809,43.1744150654809,0.2487876633507453,24.878766335074527,0.24515340314175,24.515340314175,0.01563821270281029,1.563821270281029,0.01563821270281029,0.010946748891967202,scenario,cyp_cystitis,174.44963311989667
14.916666666667,spinal_coord,13.792944225708737,0.980850179385,0.019149820615,0.42984315132607054,42.98431513260705,0.24617414197309406,24.617414197309408,0.24521254484625,24.521254484625,0.015416851612951123,1.5416851612951123,0.015416851612951126,0.010791796129065787,scenario,cyp_cystitis,174.49838157331408
15.0,spinal_coord,13.595196284329264,0.981085220715,0.018914779285,0.42795475707436825,42.79547570743682,0.24357793586082435,24.357793586082437,0.24527130517875,24.527130517875,0.015198560119044323,1.5198560119044322,0.015198560119044321,0.010638992083331024,scenario,cyp_cystitis,174.54713002673083
15.083333333333,spinal_coord,13.400319207501653,0.981318736556,0.018681263444,0.4260795467834182,42.60795467834182,0.24099981685922428,24.09998168592243,0.245329684139,24.5329684139,0.014983351864862708,1.4983351864862708,0.01498335186486271,0.010488346305403896,scenario,cyp_cystitis,174.59587848014758
15.166666666667,spinal_coord,13.208320174657178,0.981550726908,0.018449273092,0.4242180859826357,42.421808598263574,0.23844053900751427,23.844053900751426,0.245387681727,24.538768172700003,0.014771238471246156,1.4771238471246155,0.014771238471246156,0.010339866929872309,scenario,cyp_cystitis,174.6446269335649
15.25,spinal_coord,13.01920460182205,0.981781191771,0.018218808229,0.4223709263031116,42.23709263031116,0.23590083781381552,23.59008378138155,0.24544529794275,24.544529794275,0.014562229570597239,1.4562229570597238,0.014562229570597239,0.010193560699418066,scenario,cyp_cystitis,174.69337538698164
15.333333333333,spinal_coord,12.832976177872734,0.982010131145,0.017989868855,0.4205386049563048,42.05386049563048,0.2333814295600731,23.33814295600731,0.24550253278625,24.550253278625,0.014356332842538856,1.4356332842538855,0.014356332842538854,0.010049432989777196,scenario,cyp_cystitis,174.74212384039853
15.416666666667,spinal_coord,12.64963690157968,0.982237286609,0.017762713391,0.4187215340734056,41.87215340734056,0.2308829498948742,23.08829498948742,0.24555932165225,24.555932165225,0.014153554050713201,1.4153554050713202,0.014153554050713203,0.009907487835499242,scenario,cyp_cystitis,174.79087229381582
15.5,spinal_coord,12.469187119359093,0.982462346123,0.017537653877,0.41692008963841526,41.69200896384152,0.2284060041435537,22.840600414355368,0.24561558653075,24.561558653075,0.013953897080631668,1.3953897080631668,0.013953897080631668,0.009767727956442167,scenario,cyp_cystitis,174.83962074723266
15.583333333333,spinal_coord,12.291625563655405,0.98268530901,0.01731469099,0.41513476569353236,41.51347656935324,0.22595125125470986,22.595125125470986,0.2456713272525,24.567132725249998,0.013757363978487739,1.3757363978487738,0.01375736397848774,0.009630154784941418,scenario,cyp_cystitis,174.8883692006494
15.666666666667,spinal_coord,12.116949391936163,0.982906175269,0.017093824731,0.4133660402497288,41.33660402497288,0.2235193285766384,22.35193285766384,0.24572654381725,24.572654381725002,0.013563954990909823,1.3563954990909823,0.013563954990909823,0.009494768493636875,scenario,cyp_cystitis,174.9371176540667
15.75,spinal_coord,11.945154226221536,0.983124944901,0.016875055099,0.41161437460349737,41.16143746034974,0.22111085117099652,22.111085117099652,0.24578123622525,24.578123622525,0.013373668605564435,1.3373668605564435,0.013373668605564437,0.009361568023895105,scenario,cyp_cystitis,174.98586610748347
15.833333333333,spinal_coord,11.776234193073714,0.983341617904,0.016658382096,0.4098802129686545,40.988021296865455,0.2187264113235394,21.87264113235394,0.245835404476,24.5835404476,0.013186501592523115,1.3186501592523114,0.013186501592523115,0.009230551114766181,scenario,cyp_cystitis,175.0346145609003
15.916666666667,spinal_coord,11.610181964028126,0.983556194281,0.016443805719,0.408163982143213,40.816398214321296,0.21636657809728396,21.636657809728398,0.24588904857025,24.588904857025,0.013002449046368535,1.3002449046368536,0.013002449046368535,0.009101714332457975,scenario,cyp_cystitis,175.08336301431754
16.0,spinal_coord,11.446988796391697,0.983768674029,0.016231325971,0.4064660911983488,40.64660911983488,0.21403189692146507,21.40318969214651,0.24594216850725,24.594216850725,0.012821504428952161,1.2821504428952162,0.012821504428952161,0.008975053100266512,scenario,cyp_cystitis,175.1321114677343
16.083333333333,spinal_coord,11.286644574336826,0.98397905715,0.01602094285,0.40478693120690784,40.478693120690785,0.21172288922587712,21.17228892258771,0.2459947642875,24.599476428750002,0.012643659612719097,1.2643659612719098,0.0126436596127191,0.008850561728903368,scenario,cyp_cystitis,175.18085992115113
16.166666666667,spinal_coord,11.129137850273638,0.98418733066,0.01581266934,0.4031268696773095,40.31268696773095,0.20944004934974594,20.944004934974593,0.246046832665,24.6046832665,0.012468904924575091,1.246890492457509,0.012468904924575093,0.008728233447202565,scenario,cyp_cystitis,175.22960837456853
16.25,spinal_coord,10.974455886429423,0.984393256284,0.015606743716,0.40148616386486535,40.14861638648654,0.20718379972515383,20.718379972515383,0.246098314071,24.6098314071,0.012297229190210889,1.2297229190210888,0.012297229190210887,0.008608060433147621,scenario,cyp_cystitis,175.2783568279852
16.333333333333,spinal_coord,10.822584696567871,0.984596744841,0.015403255159,0.39986511458180424,39.98651145818042,0.20495457116207233,20.495457116207234,0.24614918621025,24.614918621025,0.012128619778802821,1.212861977880282,0.012128619778802821,0.008490033845161974,scenario,cyp_cystitis,175.32710528140197
16.416666666667,spinal_coord,10.673509087831722,0.984797796332,0.015202203668,0.3982640404915573,39.82640404915573,0.202752788544743,20.275278854474298,0.246199449083,24.619944908300003,0.011963062648064893,1.1963062648064893,0.011963062648064892,0.008374143853645424,scenario,cyp_cystitis,175.37585373481937
16.5,spinal_coord,10.527212702642048,0.984996410756,0.015003589244,0.39668324130089705,39.66832413008971,0.2005788514825294,20.05788514825294,0.246249102689,24.6249102689,0.011800542389571343,1.1800542389571342,0.011800542389571343,0.00826037967269994,scenario,cyp_cystitis,175.42460218823618
16.583333333333,spinal_coord,10.38367806059096,0.985192588115,0.014807411885,0.39512299767395476,39.512299767395476,0.19843313419360634,19.843313419360634,0.24629814702875,24.629814702875,0.01164104227427252,1.164104227427252,0.01164104227427252,0.008148729591990764,scenario,cyp_cystitis,175.47335064165293
16.666666666667,spinal_coord,10.242886600313069,0.985386328407,0.014613671593,0.39358357117317455,39.35835711731745,0.1963159854285661,19.631598542856608,0.24634658210175,24.634658210175,0.01148454429818043,1.148454429818043,0.011484544298180431,0.008039181008726302,scenario,cyp_cystitis,175.52209909507027
16.75,spinal_coord,10.104818721273466,0.985577631632,0.014422368368,0.3920652042368534,39.20652042368534,0.19422772843847122,19.42277284384712,0.246394407908,24.6394407908,0.011331029228147566,1.1331029228147567,0.011331029228147566,0.007931720459703296,scenario,cyp_cystitis,175.570847548487
16.833333333333,spinal_coord,9.969453825413627,0.985766497792,0.014233502208,0.3905681201850797,39.05681201850797,0.19216866098277294,19.216866098277293,0.246441624448,24.6441624448,0.01118047664766627,1.1180476647666269,0.011180476647666268,0.007826333653366387,scenario,cyp_cystitis,175.61959600190383
16.916666666667,spinal_coord,9.836770358642628,0.985952926885,0.014047073115,0.3890925232540591,38.90925232540591,0.1901390553770788,19.013905537707878,0.24648823172125,24.648823172125,0.011032865002667072,1.1032865002667072,0.011032865002667074,0.0077230055018669514,scenario,cyp_cystitis,175.66834445532115
17.0,spinal_coord,9.706745852116285,0.986136892338,0.013863107662,0.38763858821974595,38.763858821974594,0.18813915351366123,18.813915351366123,0.2465342230845,24.653422308449997,0.01088817164724453,1.0888171647244531,0.01088817164724453,0.007621720153071171,scenario,cyp_cystitis,175.7170929087379
17.083333333333,spinal_coord,9.57935696325052,0.986318285332,0.013681714668,0.38620643889611833,38.620643889611834,0.18616915675082443,18.616915675082442,0.246579571333,24.657957133300002,0.010746372889243091,1.0746372889243092,0.010746372889243091,0.007522461022470163,scenario,cyp_cystitis,175.7658413621546
17.166666666667,spinal_coord,9.45457951645868,0.986497094163,0.013502905837,0.3847962188330612,38.47962188330612,0.18422926038974827,18.422926038974826,0.24662427354075,24.662427354075,0.010607444035683838,1.0607444035683837,0.01060744403568384,0.007425210824978688,scenario,cyp_cystitis,175.8145898155719
17.25,spinal_coord,9.332388543560498,0.986673318831,0.013326681169,0.38340805753682555,38.34080575368255,0.18231963710543408,18.231963710543408,0.24666832970775,24.666832970774998,0.01047135943796626,1.0471359437966261,0.01047135943796626,0.0073299516065763815,scenario,cyp_cystitis,175.86333826898883
17.333333333333,spinal_coord,9.212758323814075,0.986846959335,0.013153040665,0.3820420660308418,38.20420660308418,0.18044043492945572,18.044043492945573,0.24671173983375,24.671173983375,0.01033809253678311,1.033809253678311,0.010338092536783111,0.007236664775748177,scenario,cyp_cystitis,175.91208672240552
17.416666666667,spinal_coord,9.095662423563184,0.987018015676,0.012981984324,0.38069833706345174,38.06983370634517,0.17859177752593564,17.859177752593563,0.246754503919,24.6754503919,0.010207615906732252,1.0207615906732252,0.01020761590673225,0.007145331134712574,scenario,cyp_cystitis,175.96083517582292
17.5,spinal_coord,8.981073735452783,0.987186487854,0.012813512146,0.379376945338748,37.9376945338748,0.17677376450033064,17.677376450033062,0.2467966219635,24.679662196349998,0.01007990130056541,1.007990130056541,0.01007990130056541,0.007055930910395787,scenario,cyp_cystitis,176.00958362923967
17.583333333333,spinal_coord,8.868964517169296,0.987352375868,0.012647624132,0.3780779477728827,37.80779477728827,0.17498647174117693,17.498647174117693,0.246838093967,24.6838093967,0.009954919693017997,0.9954919693017996,0.009954919693017995,0.006968443785112596,scenario,cyp_cystitis,176.05833208265636
17.666666666667,spinal_coord,8.759306429700697,0.987515679719,0.012484320281,0.37680138377506966,37.680138377506964,0.1732299517937595,17.32299517937595,0.24687891992975,24.687891992975,0.009832641324207048,0.9832641324207048,0.009832641324207048,0.006882848926944933,scenario,cyp_cystitis,176.1070805360738
17.75,spinal_coord,8.652070575074559,0.987676399407,0.012323600593,0.37554727554857736,37.554727554857735,0.17150423426243644,17.150423426243645,0.24691909985175,24.691909985175002,0.0097130357425435,0.9713035742543501,0.009713035742543499,0.006799125019780449,scenario,cyp_cystitis,176.15582898949052
17.833333333333,spinal_coord,8.547227533535803,0.987834544519,0.012165455481,0.37431563204704643,37.431563204704645,0.16980932788972855,16.980932788972854,0.24695863612975,24.695863612975,0.009596071847108933,0.9596071847108932,0.009596071847108933,0.006717250292976253,scenario,cyp_cystitis,176.20457744290724
17.916666666667,spinal_coord,8.444747400162024,0.987990127771,0.012009872229,0.3731064468174688,37.31064468174688,0.16814521983295838,16.814521983295837,0.24699753194275,24.699753194275,0.009481717929487559,0.9481717929487559,0.009481717929487559,0.00663720255064129,scenario,cyp_cystitis,176.2533258963247
18.0,spinal_coord,8.3445998208798,0.988143149224,0.011856850776,0.3719196924040864,37.19196924040864,0.1665118734641152,16.65118734641152,0.247035787306,24.7035787306,0.009369941715005785,0.9369941715005785,0.009369941715005785,0.00655895920050405,scenario,cyp_cystitis,176.30207434974147
18.083333333333,spinal_coord,8.246754027848851,0.988293608879,0.011706391121,0.37075532553414725,37.075532553414725,0.16490923108586297,16.490923108586298,0.24707340221975,24.707340221975,0.009260710403335827,0.9260710403335827,0.009260710403335827,0.006482497282335078,scenario,cyp_cystitis,176.35082280315814
18.166666666667,spinal_coord,8.151178874214828,0.988441506734,0.011558493266,0.36961328753561407,36.9613287535614,0.16333721446948546,16.333721446948545,0.2471103766835,24.71103766835,0.00915399070845776,0.915399070845776,0.00915399070845776,0.006407793495920432,scenario,cyp_cystitis,176.3995712565755
18.25,spinal_coord,8.05784286819924,0.98858684279,0.01141315721,0.3684935047505095,36.849350475050954,0.1617957254040127,16.17957254040127,0.2471467106975,24.71467106975,0.009049748897938685,0.9049748897938685,0.009049748897938687,0.0063348242285570806,scenario,cyp_cystitis,176.44831970999223
18.333333333333,spinal_coord,7.966714206498475,0.988729617047,0.011270382953,0.36739588895818986,36.73958889581898,0.1602846462619198,16.02846462619198,0.24718240426175,24.718240426175,0.00894795083149163,0.894795083149163,0.008947950831491629,0.00626356558204414,scenario,cyp_cystitis,176.49706816340898
18.416666666667,spinal_coord,7.8777608069955,0.988869829505,0.011130170495,0.3663203378131779,36.632033781317794,0.15880384058257052,15.880384058257052,0.24721745737625,24.721745737625,0.008848561998812367,0.8848561998812368,0.00884856199881237,0.006193993399168658,scenario,cyp_cystitis,176.5458166168264
18.5,spinal_coord,7.790950340757761,0.989007480165,0.010992519835,0.36526673529426545,36.526673529426546,0.15735315367068725,15.735315367068726,0.24725187004125,24.725187004124997,0.008751547556658992,0.8751547556658992,0.008751547556658992,0.006126083289661294,scenario,cyp_cystitis,176.59456507024314
18.583333333333,spinal_coord,7.706250263298134,0.98914257171,0.01085742829,0.364234953150374,36.4234953150374,0.1559324136304987,15.59324136304987,0.2472856429275,24.72856429275,0.00865687236514296,0.865687236514296,0.00865687236514296,0.006059810655600072,scenario,cyp_cystitis,176.64331352366
18.666666666667,spinal_coord,7.623627845105231,0.989275200771,0.010724799229,0.3632248848631908,36.32248848631908,0.1545414462272545,15.45414462272545,0.24731880019275,24.731880019275,0.008564501023233514,0.8564501023233515,0.008564501023233514,0.0059951507162634594,scenario,cyp_cystitis,176.69206197707734
18.75,spinal_coord,7.543050201421407,0.989405415708,0.010594584292,0.36223639356228987,36.223639356228986,0.15318005284705316,15.318005284705317,0.247351353927,24.7351353927,0.008474397903446281,0.8474397903446281,0.008474397903446281,0.005932078532412397,scenario,cyp_cystitis,176.74081043049407
18.833333333333,spinal_coord,7.464484321250021,0.989533216521,0.010466783479,0.36126931274321034,36.12693127432103,0.1518480114839471,15.184801148394712,0.24738330413025,24.738330413025,0.008386527185690735,0.8386527185690735,0.008386527185690735,0.005870569029983514,scenario,cyp_cystitis,176.78955888391073
18.916666666667,spinal_coord,7.38789709560079,0.989658603212,0.010341396788,0.3603234646150089,36.03234646150089,0.15054508508267855,15.054508508267855,0.247414650803,24.741465080300003,0.00830085289028193,0.8300852890281931,0.008300852890281929,0.00581059702319735,scenario,cyp_cystitis,176.83830733732822
19.0,spinal_coord,7.313255344956227,0.989781575779,0.010218424221,0.3593986605881745,35.93986605881745,0.1492710221912327,14.92710221912327,0.24744539394475,24.744539394474998,0.008217338910093127,0.8217338910093127,0.008217338910093127,0.005752137237065189,scenario,cyp_cystitis,176.88705579074488
19.083333333333,spinal_coord,7.24052584594508,0.989902134222,0.010097865778,0.3584947017695909,35.849470176959095,0.14802555761878788,14.80255576187879,0.2474755335555,24.74755335555,0.008135949041829594,0.8135949041829593,0.008135949041829594,0.0056951643292807155,scenario,cyp_cystitis,176.9358042441616
19.166666666667,spinal_coord,7.169675357234084,0.990020278542,0.009979721458,0.3576113794567035,35.76113794567035,0.14680841309493806,14.680841309493806,0.2475050696355,24.750506963550002,0.008056647016432349,0.8056647016432349,0.008056647016432349,0.0056396529115026435,scenario,cyp_cystitis,176.98455269757898
19.25,spinal_coord,7.1006706446252705,0.990136008739,0.009863991261,0.35674847563190876,35.67484756319087,0.14561929792954503,14.561929792954503,0.24753400218475,24.753400218475,0.007979396528594017,0.7979396528594017,0.007979396528594015,0.00558557757001581,scenario,cyp_cystitis,177.03330115099575
19.333333333333,spinal_coord,7.033478505348929,0.990249324812,0.009750675188,0.355905763457113,35.5905763457113,0.14445790967215064,14.445790967215064,0.247562331203,24.7562331203,0.00790416126537224,0.7904161265372239,0.00790416126537224,0.005532912885760567,scenario,cyp_cystitis,177.08204960441253
19.416666666667,spinal_coord,6.968065791565691,0.990360250483,0.009639749517,0.35508301627291117,35.50830162729112,0.14332393820288158,14.332393820288159,0.24759006262075,24.759006262075,0.007830904933912643,0.7830904933912644,0.007830904933912643,0.00548163345373885,scenario,cyp_cystitis,177.13079805782994
19.5,spinal_coord,6.904399433069038,0.990468956863,0.009531043137,0.3542800522225072,35.42800522225072,0.14221708400900962,14.221708400900962,0.24761723921575,24.761723921574998,0.007759591288268579,0.7759591288268579,0.007759591288268577,0.005431713901788004,scenario,cyp_cystitis,177.1795465112467
19.583333333333,spinal_coord,6.84244645918207,0.990575477872,0.009424522128,0.35349663257758024,35.349663257758024,0.1411370174794403,14.11370174794403,0.247643869468,24.7643869468,0.007690184155307992,0.7690184155307992,0.007690184155307993,0.005383128908715595,scenario,cyp_cystitis,177.2282949646635
19.666666666667,spinal_coord,6.782174019864065,0.990679813511,0.009320186489,0.3527324995813237,35.27324995813237,0.1400833949380983,14.00833949380983,0.24766995337775,24.766995337775,0.007622647459722293,0.7622647459722293,0.007622647459722293,0.005335853221805605,scenario,cyp_cystitis,177.27704341808078
19.75,spinal_coord,6.72354940602172,0.99078196378,0.00921803622,0.35198738911639676,35.19873891163968,0.139055864228529,13.9055864228529,0.247695490945,24.7695490945,0.007556945248129061,0.7556945248129061,0.0075569452481290605,0.005289861673690342,scenario,cyp_cystitis,177.3257918714975
19.833333333333,spinal_coord,6.666540069022429,0.990881928678,0.009118071322,0.35126103117644003,35.126103117644,0.13805406534258674,13.805406534258674,0.2477204821695,24.772048216949997,0.007493041712263536,0.7493041712263536,0.007493041712263536,0.005245129198584475,scenario,cyp_cystitis,177.3745403249143
19.916666666667,spinal_coord,6.611113639426852,0.990979708206,0.009020291794,0.3505531503321277,35.05531503321277,0.13707763104083692,13.707763104083693,0.2477449270515,24.77449270515,0.007430901211276163,0.7430901211276163,0.0074309012112761625,0.005201630847893313,scenario,cyp_cystitis,177.42328877833165
20.0,spinal_coord,6.557237944938965,0.991075302363,0.008924697637,0.3498634661874229,34.98634661874229,0.13612618746223057,13.612618746223056,0.24776882559075,24.776882559075002,0.007370488293132388,0.7370488293132388,0.007370488293132387,0.005159341805192671,scenario,cyp_cystitis,177.47203723174846
20.083333333333,spinal_coord,6.504881027574084,0.991168711151,0.008831288849,0.3491916938309898,34.91916938309898,0.13519935472431968,13.519935472431968,0.24779217778775,24.779217778775,0.0073117677151136205,0.7311767715113621,0.007311767715113621,0.005118237400579534,scenario,cyp_cystitis,177.52078568516527
20.166666666667,spinal_coord,6.45401116006358,0.991259934568,0.008740065432,0.3485375442748905,34.85375442748905,0.1342967475105206,13.42967475105206,0.247814983642,24.7814983642,0.007254704463438844,0.7254704463438845,0.007254704463438845,0.005078293124407191,scenario,cyp_cystitis,177.56953413858253
20.25,spinal_coord,6.40459686149743,0.991349043424,0.008650956576,0.3479007497385884,34.79007497385884,0.13341798517678455,13.341798517678455,0.247837260856,24.7837260856,0.007199263772006865,0.7199263772006864,0.007199263772006864,0.005039484640404804,scenario,cyp_cystitis,177.6182825919993
20.333333333333,spinal_coord,6.356606912207881,0.991436229304,0.008563770696,0.34728108134017455,34.728108134017454,0.13256269868556603,13.256269868556602,0.247859057326,24.7859057326,0.007145411140261699,0.7145411140261699,0.007145411140261699,0.0050017877981831885,scenario,cyp_cystitis,177.66703104541605
20.416666666667,spinal_coord,6.310010367914096,0.991521502904,0.008478497096,0.3466782436613559,34.66782436613559,0.13173049058047456,13.173049058047456,0.247880375726,24.7880375726,0.00709311235020237,0.709311235020237,0.00709311235020237,0.004965178645141659,scenario,cyp_cystitis,177.7157794988334
20.5,spinal_coord,6.26477657313159,0.991604864225,0.008395135775,0.3460919351453494,34.609193514534944,0.1309209587854659,13.092095878546589,0.24790121605625,24.790121605625,0.007042333482540513,0.7042333482540514,0.007042333482540513,0.004929633437778359,scenario,cyp_cystitis,177.76452795225026
20.583333333333,spinal_coord,6.220875173852074,0.991686313265,0.008313686735,0.3455218522463869,34.552185224638684,0.13013369857351584,13.013369857351584,0.24792157831625,24.792157831625,0.0069930409320113195,0.699304093201132,0.0069930409320113195,0.004895128652407923,scenario,cyp_cystitis,177.81327640566687
20.666666666667,spinal_coord,6.178276129514559,0.991765850025,0.008234149975,0.3449676898107541,34.49676898107541,0.1293683030726721,12.936830307267211,0.24794146250625,24.794146250624998,0.006945201421860621,0.6945201421860621,0.006945201421860622,0.004861640995302435,scenario,cyp_cystitis,177.86202485908433
20.75,spinal_coord,6.1369497242737365,0.991843474506,0.008156525494,0.34442914144319325,34.442914144319325,0.12862436375559097,12.862436375559097,0.2479608686265,24.79608686265,0.006898782017514349,0.6898782017514349,0.006898782017514349,0.0048291474122600445,scenario,cyp_cystitis,177.910773312501
20.833333333333,spinal_coord,6.0968665775733095,0.991919186706,0.008080813294,0.3439058998615251,34.390589986152506,0.1279014709133668,12.790147091336678,0.2479797966765,24.79797966765,0.006853750139438588,0.6853750139438588,0.006853750139438587,0.004797625097607011,scenario,cyp_cystitis,177.95952176591786
20.916666666667,spinal_coord,6.057997654045799,0.991992986627,0.008007013373,0.34339765724287263,34.33976572428726,0.1271992141148302,12.719921411483021,0.24799824665675,24.799824665675,0.006810073575214098,0.6810073575214098,0.006810073575214098,0.004767051502649868,scenario,cyp_cystitis,178.0082702193352
21.0,spinal_coord,6.020314272746736,0.992064874267,0.007935125733,0.34290410555257517,34.290410555257516,0.1265171826477669,12.65171826477669,0.24801621856675,24.801621856675,0.006767720490834013,0.6767720490834013,0.006767720490834012,0.004737404343583808,scenario,cyp_cystitis,178.05701867275198
21.083333333333,spinal_coord,5.9837881157325965,0.992134979787,0.007865020213,0.3424249817893795,34.24249817893795,0.12585498245683938,12.585498245683938,0.24803374494675,24.803374494675,0.006726659441235078,0.6726659441235078,0.006726659441235077,0.004708661608864554,scenario,cyp_cystitis,178.10576712616864
21.166666666667,spinal_coord,5.948391236004444,0.992203462441,0.007796537559,0.3419600331386262,34.19600331386262,0.12521222337116827,12.521222337116827,0.24805086561025,24.805086561025,0.006686859380087149,0.6686859380087149,0.00668685938008715,0.0046808015660610046,scenario,cyp_cystitis,178.15451557958605
21.25,spinal_coord,5.914096064826724,0.992270322626,0.007729677374,0.3415089525299039,34.15089525299039,0.12458849583120517,12.458849583120516,0.2480675806565,24.80675806565,0.00664828966885155,0.6648289668851549,0.00664828966885155,0.004653802768196084,scenario,cyp_cystitis,178.20326403300285
21.333333333333,spinal_coord,5.880875418431942,0.99233556034,0.00766443966,0.34107143377280286,34.10714337728029,0.12398339158373713,12.398339158373712,0.248083890085,24.8083890085,0.006610920085120555,0.6610920085120555,0.006610920085120554,0.004627644059584387,scenario,cyp_cystitis,178.25201248641957
21.416666666667,spinal_coord,5.8487025041333744,0.992399175585,0.007600824415,0.3406471719652538,34.06471719652538,0.12339650409200507,12.339650409200507,0.24809979389625,24.809979389625,0.0065747208302630224,0.6574720830263022,0.006574720830263022,0.0046023045811841145,scenario,cyp_cystitis,178.30076093983695
21.5,spinal_coord,5.817550925856456,0.99246116836,0.00753883164,0.34023586374780884,34.02358637478088,0.12282742887707844,12.282742887707844,0.24811529209,24.811529209,0.006539662536388475,0.6539662536388475,0.006539662536388476,0.004577763775471933,scenario,cyp_cystitis,178.34950939325373
21.583333333333,spinal_coord,5.787394689100677,0.992521538665,0.007478461335,0.3398372075493632,33.98372075493632,0.12227576384415091,12.22757638441509,0.24813038466625,24.813038466625002,0.006505716272643171,0.650571627264317,0.006505716272643171,0.00455400139085022,scenario,cyp_cystitis,178.39825784667048
21.666666666667,spinal_coord,5.758208205354036,0.992580286501,0.007419713499,0.3394509038193385,33.94509038193385,0.12174110959211795,12.174110959211795,0.24814507162525,24.814507162525,0.006472853550863399,0.6472853550863399,0.006472853550863399,0.004530997485604379,scenario,cyp_cystitis,178.4470063000878
21.75,spinal_coord,5.729966295971669,0.992637411866,0.007362588134,0.33907665524640057,33.90766552464006,0.12122306970653413,12.122306970653412,0.2481593529665,24.81593529665,0.006441046330599421,0.644104633059942,0.006441046330599421,0.004508732431419594,scenario,cyp_cystitis,178.49575475350468
21.833333333333,spinal_coord,5.7026441955311995,0.992692919118,0.007307080882,0.33871416845523594,33.8714168455236,0.12072125156764797,12.072125156764796,0.2481732297795,24.81732297795,0.0064102670235246665,0.6410267023524666,0.006410267023524666,0.004487186916467266,scenario,cyp_cystitis,178.54450320692146
21.916666666667,spinal_coord,5.6762175546866445,0.992746990831,0.007253009169,0.33836321345102177,33.83632134510218,0.12023528765769567,12.023528765769568,0.24818674770775,24.818674770775,0.006380488497255202,0.6380488497255202,0.0063804884972552016,0.004466341948078641,scenario,cyp_cystitis,178.59325166033875
22.0,spinal_coord,5.650662442533102,0.992799723301,0.007200276699,0.3380235334300159,33.80235334300159,0.11976480347302121,11.976480347302122,0.24819993082525,24.819993082525,0.006351684078593787,0.6351684078593787,0.006351684078593786,0.00444617885501565,scenario,cyp_cystitis,178.64200011375547
22.083333333333,spinal_coord,5.625955348495276,0.992851116528,0.007148883472,0.33769484171690456,33.76948417169046,0.11930941677987274,11.930941677987274,0.248212779132,24.8212779132,0.006323827556213706,0.6323827556213706,0.006323827556213705,0.004426679289349593,scenario,cyp_cystitis,178.69074856717228
22.166666666667,spinal_coord,5.602073183761232,0.992901170513,0.007098829487,0.33737685482026,33.737685482025995,0.11886874958934665,11.886874958934666,0.24822529262825,24.822529262825,0.006296893182807103,0.6296893182807103,0.006296893182807103,0.004407825227964972,scenario,cyp_cystitis,178.73949702058965
22.25,spinal_coord,5.578993282273968,0.992949885255,0.007050114745,0.3370692925817391,33.706929258173915,0.11844242835731877,11.844242835731878,0.24823747131375,24.823747131375,0.006270855676712499,0.6270855676712499,0.006270855676712499,0.004389598973698749,scenario,cyp_cystitis,178.7882454740063
22.333333333333,spinal_coord,5.556693401294146,0.992997260754,0.007002739246,0.3367718783165379,33.67718783165379,0.11803008417071714,11.803008417071714,0.2482493151885,24.82493151885,0.00624569022303716,0.624569022303716,0.00624569022303716,0.004371983156126012,scenario,cyp_cystitis,178.83699392742318
22.416666666667,spinal_coord,5.535151721554708,0.993043297011,0.006956702989,0.3364843389423617,33.64843389423617,0.11763135291948223,11.763135291948224,0.24826082425275,24.826082425275,0.006221372474298305,0.6221372474298305,0.006221372474298306,0.0043549607320088135,scenario,cyp_cystitis,178.8857423808405
22.5,spinal_coord,5.5143468470201755,0.993087994025,0.006912005975,0.33620640509713984,33.620640509713986,0.11724587545451975,11.724587545451975,0.24827199850625,24.827199850625,0.006197878550598121,0.6197878550598122,0.006197878550598121,0.004338514985418685,scenario,cyp_cystitis,178.9344908342573
22.583333333333,spinal_coord,5.4942578042639445,0.993131351796,0.006868648204,0.33593781124877475,33.593781124877474,0.11687329773303298,11.687329773303299,0.248282837949,24.8282837949,0.0061751850393483,0.61751850393483,0.006175185039348301,0.00432262952754381,scenario,cyp_cystitis,178.98323928767402
22.666666666667,spinal_coord,5.4748640414835945,0.993173391557,0.006826608443,0.33567830297032614,33.567830297032614,0.11651327344143482,11.651327344143482,0.24829334788925,24.829334788925,0.006153268994567221,0.6153268994567221,0.00615326899456722,0.004307288296197054,scenario,cyp_cystitis,179.03198774109137
22.75,spinal_coord,5.45614542716691,0.993214306943,0.006785693057,0.33542768805410794,33.542768805410795,0.11616548175781065,11.616548175781064,0.24830357673575,24.830357673574998,0.006132107935764781,0.6132107935764781,0.006132107935764781,0.004292475555035346,scenario,cyp_cystitis,179.0807361945081
22.833333333333,spinal_coord,5.4380822484217965,0.993254144543,0.006745855457,0.33518572857085643,33.518572857085644,0.11582958991347525,11.582958991347525,0.24831353613575,24.831353613575,0.00611167984643034,0.611167984643034,0.00611167984643034,0.004278175892501237,scenario,cyp_cystitis,179.1294846479249
22.916666666667,spinal_coord,5.420655208989209,0.993292904358,0.006707095642,0.3349521750169358,33.49521750169358,0.11550526523658107,11.550526523658107,0.2483232260895,24.83232260895,0.006091963172145966,0.6091963172145965,0.006091963172145965,0.004264374220502175,scenario,cyp_cystitis,179.17823310134224
23.0,spinal_coord,5.4038454269515475,0.993330586388,0.006669413612,0.33472678213547374,33.472678213547375,0.115192180717965,11.5192180717965,0.248332646597,24.8332646597,0.006072936818339681,0.607293681833968,0.006072936818339681,0.0042510557728377765,scenario,cyp_cystitis,179.22698155475894
23.083333333333,spinal_coord,5.387634432149399,0.993367190633,0.006632809367,0.3345093089710286,33.45093089710286,0.11489001508370482,11.489001508370482,0.24834179765825,24.834179765825002,0.006054580147693817,0.6054580147693817,0.006054580147693818,0.004238206103385672,scenario,cyp_cystitis,179.2757300081757
23.166666666667,spinal_coord,5.372004163324724,0.993402717092,0.006597282908,0.3342995189157075,33.42995189157075,0.11459845285694334,11.459845285694334,0.248350679273,24.8350679273,0.006036872977229542,0.6036872977229542,0.006036872977229542,0.004225811084060679,scenario,cyp_cystitis,179.32447846159315
23.25,spinal_coord,5.3569369650025775,0.993437165766,0.006562834234,0.3340971797490312,33.40971797490312,0.11431718441004153,11.431718441004152,0.2483592914415,24.83592914415,0.00601979557508177,0.601979557508177,0.00601979557508177,0.004213856902557238,scenario,cyp_cystitis,179.37322691500992
23.333333333333,spinal_coord,5.342415584123766,0.993470536655,0.006529463345,0.3339020636684592,33.39020636684592,0.11404590600627894,11.404590600627893,0.24836763416375,24.836763416375,0.0060033286569790715,0.6003328656979071,0.006003328656979072,0.00420233005988535,scenario,cyp_cystitis,179.42197536842656
23.416666666667,spinal_coord,5.328423166445452,0.993502829759,0.006497170241,0.3337139473142937,33.37139473142937,0.11378431983272501,11.3784319832725,0.24837570743975,24.837570743975,0.005987453382448321,0.5987453382448321,0.0059874533824483215,0.004191217367713824,scenario,cyp_cystitis,179.47072382184393
23.5,spinal_coord,5.314943252721308,0.9935340877,0.0064659123,0.33353262609589507,33.35326260958951,0.11353213889452679,11.353213889452679,0.248383521925,24.8383521925,0.005972151350757799,0.5972151350757798,0.005972151350757798,0.004180505945530458,scenario,cyp_cystitis,179.51947227526077
23.583333333333,spinal_coord,5.301959774673021,0.993564478251,0.006435521749,0.33335794185337697,33.3357941853377,0.11328909638750263,11.328909638750263,0.24839111956275,24.839111956275,0.005957404596612546,0.5957404596612547,0.005957404596612545,0.004170183217628781,scenario,cyp_cystitis,179.56822072867752
23.666666666667,spinal_coord,5.289457050769009,0.993594018527,0.006405981473,0.33318969026446515,33.31896902644652,0.11305491417695351,11.305491417695352,0.24839850463175,24.839850463175,0.005943195585620505,0.5943195585620505,0.005943195585620505,0.004160236909934353,scenario,cyp_cystitis,179.6169691820948
23.75,spinal_coord,5.277419781821376,0.993622708529,0.006377291471,0.333027665744406,33.302766574440604,0.11282931814954132,11.282931814954132,0.24840567713225,24.840567713225,0.005929507209542347,0.5929507209542346,0.005929507209542346,0.0041506550466796415,scenario,cyp_cystitis,179.66571763551167
23.833333333333,spinal_coord,5.265833046412166,0.993650548257,0.006349451743,0.33287166718772465,33.28716671877247,0.11261204016463285,11.261204016463285,0.24841263706425,24.841263706425,0.005916322781338014,0.5916322781338014,0.005916322781338014,0.00414142594693661,scenario,cyp_cystitis,179.71446608892845
23.916666666667,spinal_coord,5.254682296163679,0.99367753771,0.00632246229,0.33272149795658457,33.27214979565846,0.11240281803877941,11.240281803877942,0.2484193844275,24.84193844275,0.005903626030027151,0.5903626030027151,0.005903626030027151,0.004132538221019006,scenario,cyp_cystitis,179.76321454234574
24.0,spinal_coord,5.243953350863091,0.993703676889,0.006296323111,0.33257696586520513,33.25769658652051,0.11220139552394018,11.220139552394018,0.24842591922225,24.842591922224997,0.005891401095375446,0.5891401095375446,0.005891401095375446,0.004123980766762812,scenario,cyp_cystitis,179.8119629957625
0.0,ganglia,11.656835765612096,0.946112943067,0.053887056933,0.28676037672030874,28.676037672030873,0.21349898045956525,21.349898045956525,0.09461129430670001,9.46112943067,0.02278250491253005,2.278250491253005,0.02278250491253005,0.028478131140662562,scenario,cyp_cystitis,0.001
0.083333333333,ganglia,11.796638323404085,0.946458038652,0.053541961348,0.2788066430482012,27.88066430482012,0.2046231546477791,20.462315464777912,0.0946458038652,9.46458038652,0.016399342192206467,1.6399342192206467,0.016399342192206467,0.020499177740258084,scenario,cyp_cystitis,415.0788585087415
0.166666666667,ganglia,11.945120209704273,0.947228681563,0.052771318437,0.27188663467628005,27.188663467628004,0.1968486294666445,19.68486294666445,0.0947228681563,9.47228681563,0.01288545596081945,1.288545596081945,0.012885455960819449,0.01610681995102431,scenario,cyp_cystitis,830.1567170224644
0.25,ganglia,12.10247502746497,0.948244073801,0.051755926199,0.2658144669024938,26.58144669024938,0.189988955024882,18.9988955024882,0.0948244073801,9.48244073801,0.01066560698447272,1.066560698447272,0.010665606984472718,0.013332008730590898,scenario,cyp_cystitis,1245.2345755312056
0.333333333333,ganglia,12.268864414419467,0.949396933121,0.050603066879,0.2604530330998024,26.045303309980238,0.18390371087522486,18.390371087522485,0.0949396933121,9.49396933121,0.009139328953322355,0.9139328953322355,0.009139328953322355,0.011424161191652944,scenario,cyp_cystitis,1660.3124340399468
0.416666666667,ganglia,12.44441425079423,0.950623921762,0.049376078238,0.25569766591852194,25.569766591852193,0.17848363749146884,17.848363749146884,0.0950623921762,9.50623921762,0.008027931528022201,0.8027931528022201,0.008027931528022201,0.01003491441002775,scenario,cyp_cystitis,2075.3902925536695
0.5,ganglia,12.62921088141795,0.951899029748,0.048100970252,0.251468912086889,25.1468912086889,0.17364334345787663,17.364334345787665,0.09518990297480001,9.518990297480002,0.00718441017514572,0.718441017514572,0.00718441017514572,0.008980512718932151,scenario,cyp_cystitis,2490.468151062412
0.583333333333,ganglia,12.82329739423903,0.95319463011,0.04680536989,0.24769845181781008,24.769845181781008,0.16930998756312232,16.93099875631223,0.09531946301100001,9.531946301100001,0.006523871346327926,0.6523871346327926,0.006523871346327927,0.008154839182909908,scenario,cyp_cystitis,2905.5460095711537
0.666666666667,ganglia,13.026669999823143,0.954493959304,0.045506040696,0.2443300549692059,24.43300549692059,0.16542295448756208,16.54229544875621,0.09544939593040001,9.54493959304,0.005993852028208782,0.5993852028208781,0.005993852028208782,0.0074923150352609776,scenario,cyp_cystitis,3320.6238680848746
0.75,ganglia,13.239274558639224,0.955776434053,0.044223565947,0.24131391045694117,24.131391045694116,0.16192918561293462,16.192918561293464,0.0955776434053,9.557764340530001,0.005560173614663452,0.5560173614663452,0.005560173614663451,0.006950217018329314,scenario,cyp_cystitis,3735.701726593618
0.833333333333,ganglia,13.46100330462692,0.95704475333,0.04295524667,0.23861208759802233,23.86120875980223,0.15878623585002477,15.878623585002478,0.09570447533300001,9.570447533300001,0.005199605680703996,0.5199605680703996,0.005199605680703995,0.006499507100879994,scenario,cyp_cystitis,4150.779585102362
0.916666666667,ganglia,13.69169181457557,0.958288442988,0.041711557012,0.23618813301826877,23.618813301826876,0.15595476524385418,15.595476524385418,0.09582884429880001,9.58288442988,0.004895799139519249,0.48957991395192485,0.004895799139519249,0.006119748924399061,scenario,cyp_cystitis,4565.857443616081
1.0,ganglia,13.931116273382507,0.959515645672,0.040484354328,0.23401419097946244,23.401419097946246,0.15340291823584715,15.340291823584714,0.0959515645672,9.59515645672,0.0046369065334613295,0.46369065334613296,0.0046369065334613295,0.005796133166826662,scenario,cyp_cystitis,4980.935302124823
1.083333333333,ganglia,14.178991085056683,0.960688906632,0.039311093368,0.23758109940815966,23.758109940815967,0.1572357874943996,15.723578749439959,0.09606889066320001,9.60688906632,0.004809486070780075,0.4809486070780075,0.0048094860707800745,0.006011857588475093,scenario,cyp_cystitis,4867.902398414342
1.166666666667,ganglia,14.434966878317999,0.961806781003,0.038193218997,0.24124848031088572,24.124848031088572,0.1611864469006508,16.11864469006508,0.09618067810030001,9.61806781003,0.004991568882681714,0.4991568882681714,0.004991568882681714,0.006239461103352143,scenario,cyp_cystitis,4754.869494702511
1.25,ganglia,14.698628954013888,0.962866830146,0.037133169854,0.24501291450998702,24.501291450998703,0.1652513683282078,16.52513683282078,0.09628668301460001,9.628668301460001,0.005183573573452521,0.5183573573452521,0.005183573573452521,0.0064794669668156515,scenario,cyp_cystitis,4641.836590992032
1.333333333333,ganglia,14.969496219094417,0.963864619765,0.036135380235,0.24886977698810575,24.886977698810576,0.16942590556845083,16.942590556845083,0.09638646197650001,9.63864619765,0.005385928826570238,0.5385928826570239,0.005385928826570239,0.0067324110332127995,scenario,cyp_cystitis,4528.80368728155
1.416666666667,ganglia,15.247020648517363,0.964800057059,0.035199942941,0.25281485546081056,25.281485546081058,0.17370538861656729,17.37053886165673,0.0964800057059,9.64800057059,0.00559907427890835,0.559907427890835,0.005599074278908351,0.006998842848635439,scenario,cyp_cystitis,4415.770783569718
1.5,ganglia,15.530587312457335,0.965674804866,0.034325195134,0.25684374960010636,25.684374960010636,0.1780847434594515,17.80847434594515,0.09656748048660001,9.65674804866,0.005823461721678728,0.5823461721678729,0.0058234617216787275,0.007279327152098409,scenario,cyp_cystitis,4302.73787985924
1.583333333333,ganglia,15.819515001344072,0.966491268711,0.033508731289,0.2609516460052828,26.095164600528282,0.18255835459353645,18.255835459353644,0.0966491268711,9.66491268711,0.0060595566898892506,0.6059556689889251,0.0060595566898892506,0.007574445862361563,scenario,cyp_cystitis,4189.70497614876
1.666666666667,ganglia,16.11305747556327,0.967249468245,0.032750531755,0.2651324977359656,26.51324977359656,0.18711950101273958,18.71195010127396,0.0967249468245,9.67249468245,0.006307840510637053,0.6307840510637053,0.006307840510637054,0.007884800638296318,scenario,cyp_cystitis,4076.6720724369216
1.75,ganglia,16.41040536044475,0.967952619858,0.032047380142,0.26938055727344346,26.938055727344345,0.1917614392084927,19.17614392084927,0.0967952619858,9.67952619858,0.006568812890705848,0.6568812890705847,0.006568812890705847,0.008211016113382309,scenario,cyp_cystitis,3963.6391687264404
1.833333333333,ganglia,16.710688700235174,0.968604380822,0.031395619178,0.27368970003077797,27.3689700030778,0.1964769577206422,19.647695772064218,0.0968604380822,9.68604380822,0.006842995135861823,0.6842995135861822,0.006842995135861823,0.00855374391982728,scenario,cyp_cystitis,3850.6062650159633
1.916666666667,ganglia,17.01298017716557,0.969204754852,0.030795245148,0.27805230185440344,27.805230185440344,0.20125758485467052,20.125758485467053,0.0969204754852,9.69204754852,0.007130934108378736,0.7130934108378736,0.007130934108378735,0.008913667635473419,scenario,cyp_cystitis,3737.573361304128
2.0,ganglia,17.31629899386088,0.969753741948,0.030246258052,0.2824602703737,28.24602703737,0.20609432908766662,20.60943290876666,0.09697537419480001,9.697537419480001,0.0074332070465239035,0.7433207046523903,0.007433207046523904,0.00929150880815488,scenario,cyp_cystitis,3624.54045759365
2.083333333333,ganglia,17.619615409020476,0.970251342109,0.029748657891,0.2860018632733231,28.60018632733231,0.2099741434026923,20.99741434026923,0.0970251342109,9.70251342109,0.007652650016261824,0.7652650016261824,0.007652650016261824,0.00956581252032728,scenario,cyp_cystitis,3569.601019704046
2.166666666667,ganglia,17.92185590763087,0.970698213041,0.029301786959,0.28952805917098046,28.952805917098047,0.21384248651875606,21.384248651875605,0.09706982130410001,9.706982130410001,0.007876864106815764,0.7876864106815764,0.007876864106815765,0.009846080133519706,scenario,cyp_cystitis,3514.661581813781
2.25,ganglia,18.221908978378078,0.97110354188,0.02889645812,0.29303194719785763,29.303194719785765,0.2176906588998418,21.76906588998418,0.09711035418800001,9.711035418800002,0.008105532194703545,0.8105532194703545,0.008105532194703545,0.010131915243379431,scenario,cyp_cystitis,3459.7221439241794
2.333333333333,ganglia,18.518631462245693,0.971470282614,0.028529717386,0.2965047203271263,29.65047203271263,0.2215085467396959,22.15085467396959,0.09714702826140001,9.714702826140002,0.008338307987113451,0.8338307987113451,0.008338307987113451,0.010422884983891814,scenario,cyp_cystitis,3404.782706034572
2.416666666667,ganglia,18.810855427653223,0.971798435243,0.028201564757,0.2999366396757265,29.993663967572648,0.22528532905714055,22.528532905714055,0.09717984352430001,9.717984352430001,0.008574817357034392,0.8574817357034392,0.008574817357034392,0.01071852169629299,scenario,cyp_cystitis,3349.8432681443096
2.5,ganglia,19.097395519345884,0.972087999767,0.027912000233,0.3033179660188849,30.331796601888488,0.22901018449131652,22.90101844913165,0.09720879997670001,9.720879997670002,0.008814659987427401,0.8814659987427401,0.008814659987427401,0.01101832498428425,scenario,cyp_cystitis,3294.9038302547083
2.583333333333,ganglia,19.377056720433863,0.972340984502,0.027659015498,0.30663965310733693,30.663965310733694,0.2326728385079299,23.267283850792992,0.09723409845020001,9.72340984502,0.009057411322638001,0.9057411322638,0.009057411322638,0.0113217641532975,scenario,cyp_cystitis,3239.9643923651015
2.666666666667,ganglia,19.64864245964744,0.972560863095,0.027439136905,0.3098932660849475,30.98932660849475,0.23626353308383052,23.626353308383052,0.0972560863095,9.72560863095,0.009302624821758622,0.9302624821758622,0.009302624821758622,0.011628281027198277,scenario,cyp_cystitis,3185.0249544748435
2.75,ganglia,19.91096298944101,0.972747696889,0.027252303111,0.31306949032007125,31.306949032007125,0.2397719118124125,23.97719118124125,0.0972747696889,9.72747696889,0.009549834505294223,0.9549834505294224,0.009549834505294223,0.011937293131617779,scenario,cyp_cystitis,3130.0855165852386
2.833333333333,ganglia,20.16284395487763,0.972901485884,0.027098514116,0.3161592182371312,31.615921823713123,0.24318785516525693,24.318785516525693,0.09729014858840002,9.729014858840001,0.009798557783089244,0.9798557783089243,0.009798557783089242,0.012248197228861554,scenario,cyp_cystitis,3075.1460786956322
2.916666666667,ganglia,20.40313506839496,0.973022622442,0.026977377558,0.3191537479380765,31.91537479380765,0.24650165077097386,24.650165077097384,0.09730226224420001,9.73022622442,0.010048298548088787,1.0048298548088788,0.010048298548088787,0.012560373185110984,scenario,cyp_cystitis,3020.2066408053693
3.0,ganglia,20.630718801955,0.973115067379,0.026884932621,0.32204588769829623,32.20458876982962,0.24970486773377357,24.970486773377356,0.09731150673790001,9.731150673790001,0.010298550517427002,1.0298550517427003,0.010298550517427002,0.012873188146783753,scenario,cyp_cystitis,2965.2672029157648
3.083333333333,ganglia,20.844519005524162,0.973179848726,0.026820151274,0.32482788039751204,32.482788039751206,0.2527887728054578,25.27887728054578,0.09731798487260002,9.73179848726,0.010548800799381568,1.0548800799381568,0.010548800799381568,0.013186000999226961,scenario,cyp_cystitis,2910.3277650261634
3.166666666667,ganglia,21.043509359420973,0.973216966482,0.026783033518,0.3274920406938874,32.74920406938874,0.25574482671743043,25.57448267174304,0.0973216966482,9.73216966482,0.010798533661952386,1.0798533661952385,0.010798533661952386,0.013498167077440483,scenario,cyp_cystitis,2855.3883271358995
3.25,ganglia,21.2267215680805,0.973226420648,0.026773579352,0.3300311256698365,33.00311256698365,0.25856498178337384,25.856498178337382,0.09732264206480001,9.732264206480002,0.011047234476511262,1.1047234476511263,0.011047234476511262,0.013809043095639078,scenario,cyp_cystitis,2800.448889246294
3.333333333333,ganglia,21.393253203996338,0.973209014845,0.026790985155,0.33243864224458564,33.24386422445856,0.26124193417787295,26.124193417787296,0.09732090148450001,9.732090148450002,0.011294393807932375,1.1294393807932375,0.011294393807932375,0.014117992259915469,scenario,cyp_cystitis,2745.5094513566896
3.416666666667,ganglia,21.542275113065536,0.973166801987,0.026833198013,0.33470903916156053,33.470903916156054,0.2637692877365117,26.37692877365117,0.0973166801987,9.73166801987,0.011539511620893159,1.153951162089316,0.011539511620893159,0.014424389526116448,scenario,cyp_cystitis,2690.5700134664285
3.5,ganglia,21.673038296443224,0.973101319161,0.026898680839,0.3368371344101647,33.68371344101647,0.26614111388229417,26.614111388229418,0.0973101319161,9.73101319161,0.011782101570914486,1.1782101570914485,0.011782101570914486,0.014727626963643107,scenario,cyp_cystitis,2635.630575576823
3.583333333333,ganglia,21.784880189061457,0.973014098025,0.026985901975,0.3388183069323707,33.88183069323707,0.26835210792207853,26.835210792207853,0.09730140980250002,9.730140980250003,0.012021695347975854,1.2021695347975854,0.012021695347975855,0.01502711918496982,scenario,cyp_cystitis,2580.6911376872195
3.666666666667,ganglia,21.877230261174674,0.972906670234,0.027093329766,0.34064851507948735,34.06485150794873,0.2703976089512082,27.039760895120818,0.0972906670234,9.72906670234,0.012257847040229045,1.2257847040229044,0.012257847040229045,0.015322308800286306,scenario,cyp_cystitis,2525.751699796957
3.75,ganglia,21.94961487670749,0.972780567443,0.027219432557,0.34232431002633557,34.232431002633554,0.2722736147578173,27.22736147578173,0.09727805674430001,9.727805674430002,0.012490137485700646,1.2490137485700648,0.012490137485700646,0.015612671857125808,scenario,cyp_cystitis,2470.812261907352
3.833333333333,ganglia,22.001661350531073,0.972637321308,0.027362678692,0.34384284619968597,34.3842846199686,0.2739767934098733,27.39767934098733,0.0972637321308,9.72637321308,0.012718178580696562,1.2718178580696562,0.01271817858069656,0.0158977232258707,scenario,cyp_cystitis,2415.8728240177493
3.916666666667,ganglia,22.033101156021594,0.972478463485,0.027521536515,0.34520188894294507,34.520188894294506,0.27550449177160563,27.550449177160562,0.0972478463485,9.72478463485,0.012941617514919646,1.2941617514919646,0.012941617514919644,0.016177021893649557,scenario,cyp_cystitis,2360.933386127486
4.0,ganglia,22.043772244291013,0.972305525631,0.027694474369,0.34639981963677646,34.63998196367765,0.2768547411929739,27.68547411929739,0.09723055256310001,9.723055256310001,0.013160140905319105,1.3160140905319104,0.013160140905319105,0.016450176131648883,scenario,cyp_cystitis,2305.993948237882
4.083333333333,ganglia,22.033620447061974,0.972122437186,0.027877562814,0.34677004508468384,34.677004508468386,0.2772864459623154,27.72864459623154,0.0972122437186,9.72122437186,0.01324939009040353,1.324939009040353,0.013249390090403532,0.016561737613004415,scenario,cyp_cystitis,2281.915358564672
4.166666666667,ganglia,22.00269994618764,0.971934203153,0.028065796847,0.34697179544041346,34.69717954404135,0.2775315279167927,27.75315279167927,0.09719342031530001,9.719342031530001,0.013327529797884787,1.3327529797884787,0.013327529797884787,0.016659412247355985,scenario,cyp_cystitis,2257.8367688911735
4.25,ganglia,21.95117280413198,0.971743613157,0.028256386843,0.3470064508856089,34.70064508856089,0.27759121063323206,27.759121063323207,0.09717436131570001,9.71743613157,0.013394415094464835,1.3394415094464835,0.013394415094464835,0.016743018868081043,scenario,cyp_cystitis,2233.7581792179635
4.333333333333,ganglia,21.87930756109512,0.971553455235,0.028446544765,0.3468759969796866,34.68759969796866,0.27746739050687397,27.746739050687395,0.09715534552350001,9.71553455235,0.013449960432449596,1.3449960432449595,0.013449960432449596,0.016812450540561994,scenario,cyp_cystitis,2209.679589544754
4.416666666667,ganglia,21.787476915782673,0.971366517419,0.028633482581,0.346583016741584,34.658301674158395,0.2771626277774267,27.716262777742667,0.0971366517419,9.71366517419,0.013494140442114647,1.3494140442114646,0.013494140442114645,0.016867675552643305,scenario,cyp_cystitis,2185.600999871254
4.5,ganglia,21.676154517847422,0.971185587746,0.028814412254,0.3461306805760231,34.613068057602305,0.27668013533491453,27.668013533491454,0.0971185587746,9.71185587746,0.013526990236317276,1.3526990236317276,0.013526990236317276,0.016908737795396596,scenario,cyp_cystitis,2161.5224101980434
4.583333333333,ganglia,21.545910910613188,0.971013454249,0.028986545751,0.34552273459268124,34.55227345926812,0.2760237657419791,27.602376574197912,0.09710134542490001,9.710134542490001,0.013548605224697478,1.3548605224697479,0.013548605224697478,0.016935756530871846,scenario,cyp_cystitis,2137.4438205248334
4.666666666667,ganglia,21.39740867272712,0.970851787596,0.029148212404,0.344763090500559,34.476309050055896,0.2751976797121766,27.51976797121766,0.0970851787596,9.70851787596,0.013559140440265132,1.3559140440265132,0.01355914044026513,0.016948925550331412,scenario,cyp_cystitis,2113.365230851335
4.75,ganglia,21.23139681661444,0.970697429482,0.029302570518,0.34385450072402857,34.385450072402854,0.2742052864175873,27.42052864175873,0.0970697429482,9.70697429482,0.013558809386609399,1.3558809386609398,0.013558809386609399,0.01694851173326175,scenario,cyp_cystitis,2089.2866411781256
4.833333333333,ganglia,21.048704509959766,0.970550492596,0.029449507404,0.34280142912430045,34.280142912430044,0.27305153318300046,27.305153318300047,0.09705504925960001,9.705504925960001,0.013547882419261456,1.3547882419261457,0.013547882419261456,0.01693485302407682,scenario,cyp_cystitis,2065.208051504915
4.916666666667,ganglia,20.850234193852625,0.970411646949,0.029588353051,0.34160906640919175,34.16090664091917,0.27174211301587975,27.174211301587974,0.0970411646949,9.70411646949,0.01352668467985883,1.352668467985883,0.013526684679858831,0.016908355849823538,scenario,cyp_cystitis,2041.1294618314155
5.0,ganglia,20.6369541774427,0.970281562551,0.029718437449,0.3402831136441415,34.02831136441415,0.27028328598782386,27.028328598782387,0.0970281562551,9.70281562551,0.013495593606628307,1.3495593606628307,0.013495593606628307,0.016869492008285383,scenario,cyp_cystitis,2017.0508721582064
5.083333333333,ganglia,20.40989079399801,0.970160909415,0.029839090585,0.3388297616148075,33.88297616148075,0.26868185630367497,26.868185630367496,0.0970160909415,9.701609094150001,0.013455036049238579,1.3455036049238578,0.013455036049238579,0.016818795061548222,scenario,cyp_cystitis,1992.9722824849957
5.166666666667,ganglia,20.17012020714065,0.970050224811,0.029949775189,0.3372556214150492,33.72556214150492,0.26694510992661025,26.694510992661023,0.0970050224811,9.70050224811,0.013405485020248381,1.3405485020248382,0.013405485020248383,0.01675685627531048,scenario,cyp_cystitis,1968.8936928114974
5.25,ganglia,19.918759958499223,0.969949330594,0.030050669406,0.33556749797131435,33.55674979713144,0.2650806276799048,26.50806276799048,0.0969949330594,9.69949330594,0.013347456119103788,1.3347456119103789,0.013347456119103788,0.016684320148879734,scenario,cyp_cystitis,1944.8151031382877
5.333333333333,ganglia,19.656960349228978,0.969858492333,0.030141507667,0.3337727667029837,33.37727667029837,0.2630965749663153,26.309657496631527,0.0969858492333,9.69858492333,0.013281503667881745,1.3281503667881744,0.013281503667881745,0.01660187958485218,scenario,cyp_cystitis,1920.736513465078
5.416666666667,ganglia,19.385895747862204,0.969778075388,0.030221924612,0.3318792205750628,33.18792205750628,0.261001570040292,26.1001570040292,0.0969778075388,9.69778075388,0.013208216600726765,1.3208216600726765,0.013208216600726765,0.016510270750908457,scenario,cyp_cystitis,1896.6579237915792
5.5,ganglia,19.10675591554243,0.969708445123,0.030291554877,0.3298950005780719,32.98950005780719,0.2588046178508577,25.880461785085767,0.09697084451230001,9.697084451230001,0.013128214151089904,1.3128214151089903,0.013128214151089902,0.016410267688862376,scenario,cyp_cystitis,1872.579334118368
5.583333333333,ganglia,18.820737437140103,0.969649966898,0.030350033102,0.32782855799553245,32.782855799553246,0.2565150681174805,25.65150681174805,0.0969649966898,9.696499668980001,0.013042141382470122,1.3042141382470123,0.013042141382470123,0.016302676728087655,scenario,cyp_cystitis,1848.500744445158
5.666666666667,ganglia,18.529035343148685,0.969602897581,0.030397102419,0.32568857723409017,32.56885772340902,0.25414254163998906,25.414254163998905,0.0969602897581,9.69602897581,0.012950664609386393,1.2950664609386393,0.012950664609386393,0.01618833076173299,scenario,cyp_cystitis,1824.4221547716604
5.75,ganglia,18.232835002429688,0.969566759045,0.030433240955,0.3234837244218395,32.34837244218395,0.2516967205748216,25.169672057482163,0.09695667590450001,9.69566759045,0.012854466755686307,1.2854466755686307,0.012854466755686305,0.016068083444607882,scenario,cyp_cystitis,1800.343565098449
5.833333333333,ganglia,17.933304360173597,0.969541486862,0.030458513138,0.3212229903053402,32.122299030534016,0.24918760179904467,24.918760179904467,0.0969541486862,9.69541486862,0.012754242697090782,1.275424269709078,0.012754242697090782,0.015942803371363477,scenario,cyp_cystitis,1776.2649754252404
5.916666666667,ganglia,17.631586589010247,0.969527139093,0.030472860907,0.3189155412715387,31.89155412715387,0.24662536373582078,24.66253637358208,0.0969527139093,9.695271390930001,0.012650694634115549,1.265069463411555,0.012650694634115549,0.015813368292644438,scenario,cyp_cystitis,1752.1863857517415
6.0,ganglia,17.328793213870586,0.969523773796,0.030476226203,0.3165706271765746,31.657062717657457,0.244020277552194,24.4020277552194,0.0969523773796,9.69523773796,0.01254452754012039,1.254452754012039,0.01254452754012039,0.015680659425150487,scenario,cyp_cystitis,1728.1077960785308
6.083333333333,ganglia,17.025997763388855,0.969531449033,0.030468550967,0.31419752885422925,31.419752885422923,0.24138264883436578,24.138264883436577,0.09695314490330001,9.69531449033,0.01243644472733287,1.2436444727332872,0.012436444727332872,0.01554555590916609,scenario,cyp_cystitis,1704.0292064053217
6.166666666667,ganglia,16.724229992490326,0.969550109811,0.030449890189,0.31180546800087205,31.180546800087207,0.23872273002196895,23.872273002196895,0.0969550109811,9.69550109811,0.012327143571322025,1.2327143571322026,0.012327143571322025,0.01540892946415253,scenario,cyp_cystitis,1679.9506167318216
6.25,ganglia,16.424470712178756,0.969578725862,0.030421274138,0.30940327895475656,30.940327895475654,0.23605045152061838,23.605045152061837,0.0969578725862,9.695787258620001,0.012217311431498805,1.2217311431498805,0.012217311431498805,0.015271639289373506,scenario,cyp_cystitis,1655.8720270586114
6.333333333333,ganglia,16.127647253856058,0.969616758077,0.030383241923,0.30699983052767166,30.699983052767166,0.23337572746663518,23.33757274666352,0.0969616758077,9.69616758077,0.012107621801944671,1.210762180194467,0.012107621801944671,0.015134527252430838,scenario,cyp_cystitis,1631.7934373854014
6.416666666667,ganglia,15.834629586912904,0.969663859946,0.030336140054,0.3046038719103865,30.460387191038652,0.23070831768420724,23.070831768420724,0.0969663859946,9.69663859946,0.011998730723279649,1.199873072327965,0.01199873072327965,0.014998413404099563,scenario,cyp_cystitis,1607.7148477119026
6.5,ganglia,15.54622709966135,0.969719684963,0.030280315037,0.30222391708235513,30.222391708235513,0.22805772065117239,22.80577206511724,0.0969719684963,9.69719684963,0.011891273482329968,1.189127348232997,0.011891273482329968,0.01486409185291246,scenario,cyp_cystitis,1583.6362580386929
6.583333333333,ganglia,15.263186045362307,0.96978388662,0.03021611338,0.2998681933805447,29.98681933805447,0.2254331163539386,22.54331163539386,0.09697838866200001,9.697838866200001,0.01178586162221509,1.178586162221509,0.01178586162221509,0.014732327027768864,scenario,cyp_cystitis,1559.557668365483
6.666666666667,ganglia,14.986187647237514,0.96985609067,0.03014390933,0.29754458397971134,29.754458397971135,0.22284330545856815,22.284330545856815,0.096985609067,9.698560906700001,0.011683080281211677,1.1683080281211677,0.011683080281211677,0.014603850351514597,scenario,cyp_cystitis,1535.479078691984
6.75,ganglia,14.71584684876888,0.969935603711,0.030064396289,0.2952604935741378,29.52604935741378,0.2202965924478198,22.02965924478198,0.0969935603711,9.69935603711,0.011583485874330115,1.1583485874330115,0.011583485874330115,0.014479357342912643,scenario,cyp_cystitis,1511.4004890187748
6.833333333333,ganglia,14.452711688660354,0.970021815395,0.029978184605,0.2930229313411741,29.302293134117406,0.21780083311297116,21.780083311297116,0.09700218153950001,9.70021815395,0.01148760412713478,1.148760412713478,0.01148760412713478,0.014359505158918475,scenario,cyp_cystitis,1487.321899345564
6.916666666667,ganglia,14.197263273628955,0.970114109081,0.029885890919,0.2908384450343082,29.08384450343082,0.2153633712513425,21.53633712513425,0.0970114109081,9.701141090810001,0.01139592846701278,1.1395928467012781,0.011395928467012779,0.014244910583765973,scenario,cyp_cystitis,1463.2433096720652
7.0,ganglia,13.949916316499849,0.970211788658,0.029788211342,0.28871306586920975,28.871306586920976,0.21299098555934415,21.299098555934414,0.0970211788658,9.70211788658,0.011308918772812922,1.1308918772812921,0.011308918772812922,0.014136148466016154,scenario,cyp_cystitis,1439.1647199988552
7.083333333333,ganglia,13.711020202231445,0.970314078548,0.029685921452,0.2866522811237326,28.66522811237326,0.2106898591877029,21.068985918770288,0.09703140785480001,9.70314078548,0.011227000479701965,1.1227000479701965,0.011227000479701963,0.014033750599627453,scenario,cyp_cystitis,1415.0861303256452
7.166666666667,ganglia,13.480860540498945,0.970420123706,0.029579876294,0.2846610121447175,28.46610121447175,0.20846555530457497,20.846555530457497,0.0970420123706,9.704201237060001,0.011150564032262491,1.115056403226249,0.01115056403226249,0.013938205040328111,scenario,cyp_cystitis,1391.0075406521466
7.25,ganglia,13.259661160095153,0.970528989617,0.029471010383,0.2827435979874888,28.274359798748883,0.2063229989175431,20.63229989175431,0.0970528989617,9.70528989617,0.011079964675249113,1.1079964675249112,0.011079964675249113,0.01384995584406139,scenario,cyp_cystitis,1366.928950978936
7.333333333333,ganglia,13.047586497927075,0.9706396623,0.0293603377,0.2809037848163042,28.090378481630417,0.2042664650958935,20.42664650958935,0.09706396623,9.706396623,0.011015522568165586,1.1015522568165586,0.011015522568165584,0.01376940321020698,scenario,cyp_cystitis,1342.8503613057273
7.416666666667,ganglia,12.844744333757726,0.970751048305,0.029248951695,0.2791447210846935,27.91447210846935,0.20229957361577053,20.229957361577053,0.09707510483050001,9.707510483050001,0.01095752320694393,1.0957523206943929,0.01095752320694393,0.013696904008679912,scenario,cyp_cystitis,1318.7717716322284
7.5,ganglia,12.65118882082732,0.970862637926,0.029137362074,0.27746914796280764,27.746914796280763,0.20042542685578627,20.042542685578628,0.0970862637926,9.70862637926,0.010906218133456165,1.0906218133456165,0.010906218133456165,0.013632772666820206,scenario,cyp_cystitis,1294.6931819590181
7.583333333333,ganglia,12.466923762286005,0.970975328061,0.029024671939,0.2758796340025028,27.58796340025028,0.19864677910711423,19.86467791071142,0.0970975328061,9.70975328061,0.010861825911472223,1.0861825911472223,0.010861825911472223,0.013577282389340278,scenario,cyp_cystitis,1270.6145922858075
7.666666666667,ganglia,12.291906083908007,0.971088694648,0.028911305352,0.2743778049975572,27.43778049975572,0.1969654839252858,19.69654839252858,0.0971088694648,9.71088694648,0.010824533345985564,1.0824533345985563,0.010824533345985562,0.013530666682481953,scenario,cyp_cystitis,1246.5360026123087
7.75,ganglia,12.126049454594236,0.971202223653,0.028797776347,0.27296471774215664,27.296471774215664,0.19538277264095183,19.538277264095182,0.0971202223653,9.71202223653,0.010794496921516633,1.0794496921516632,0.010794496921516633,0.013493121151895791,scenario,cyp_cystitis,1222.4574129390987
7.833333333333,ganglia,11.969228007854973,0.971315397169,0.028684602831,0.27164090607765756,27.164090607765758,0.19389929595639727,19.389929595639728,0.0971315397169,9.71315397169,0.010771844434134288,1.0771844434134288,0.010771844434134288,0.01346480554266786,scenario,cyp_cystitis,1198.3788232658887
7.916666666667,ganglia,11.821280119700983,0.971427693422,0.028572306578,0.2704064062599846,27.040640625998456,0.19251515213087178,19.251515213087178,0.09714276934220001,9.71427693422,0.010756676791475826,1.0756676791475825,0.010756676791475826,0.013445845989344781,scenario,cyp_cystitis,1174.3002335923898
8.0,ganglia,11.682012200931444,0.971538586762,0.028461413238,0.26926078585652247,26.926078585652245,0.1912299190892472,19.122991908924718,0.09715385867620001,9.71538586762,0.010749069954951496,1.0749069954951496,0.010749069954951495,0.013436337443689368,scenario,cyp_cystitis,1150.22164391918
8.083333333333,ganglia,11.55120246479946,0.971647547674,0.028352452326,0.26792505199835825,26.792505199835826,0.1897336635899536,18.97336635899536,0.0971647547674,9.71647547674,0.010677395625662627,1.0677395625662627,0.010677395625662627,0.013346744532078283,scenario,cyp_cystitis,1140.5717474145695
8.166666666667,ganglia,11.428604634359198,0.971754042767,0.028245957233,0.2666774953046287,26.66774953046287,0.18833565669769853,18.833565669769854,0.0971754042767,9.71754042767,0.010612606321292491,1.061260632129249,0.010612606321292491,0.013265757901615613,scenario,cyp_cystitis,1130.9218509098425
8.25,ganglia,11.313951557247922,0.971857540157,0.028142459843,0.26551618545673217,26.551618545673218,0.18703381271225797,18.703381271225798,0.09718575401570001,9.718575401570002,0.010554552273105703,1.0554552273105704,0.010554552273105703,0.013193190341382128,scenario,cyp_cystitis,1121.2719544052327
8.333333333333,ganglia,11.206958699314848,0.971958547903,0.028041452097,0.2644391492539426,26.443914925394257,0.18582588273738063,18.58258827373806,0.0971958547903,9.71958547903,0.010503064455362162,1.0503064455362163,0.010503064455362162,0.013128830569202703,scenario,cyp_cystitis,1111.6220579006217
8.416666666667,ganglia,11.107327492282728,0.972057687332,0.027942312668,0.26344415430874524,26.344415430874523,0.18470931730616133,18.470931730616133,0.09720576873320001,9.72057687332,0.010457957281939281,1.045795728193928,0.010457957281939281,0.013072446602424102,scenario,cyp_cystitis,1101.9721613958948
8.5,ganglia,11.014748514345273,0.972155001804,0.027844998196,0.26252856280223674,26.252856280223675,0.1836811806909297,18.36811806909297,0.09721550018040001,9.72155001804,0.010419031225289716,1.0419031225289717,0.010419031225289714,0.013023789031612143,scenario,cyp_cystitis,1092.3222648912845
8.583333333333,ganglia,10.928904486333725,0.972250583567,0.027749416433,0.2616895430740588,26.16895430740588,0.18273831635262086,18.273831635262088,0.0972250583567,9.72250583567,0.010386075337771363,1.0386075337771363,0.010386075337771363,0.012982594172214203,scenario,cyp_cystitis,1082.6723683866742
8.666666666667,ganglia,10.84947306975132,0.972344573759,0.027655426241,0.260924108045925,26.092410804592497,0.1818773896333611,18.18773896333611,0.0972344573759,9.72344573759,0.010358869658189768,1.0358869658189769,0.010358869658189766,0.012948587072737208,scenario,cyp_cystitis,1073.0224718819472
8.75,ganglia,10.776129456441343,0.972437162406,0.027562837594,0.2602291521012197,26.022915210121973,0.18109492873402191,18.109492873402193,0.0972437162406,9.72437162406,0.010337187489169038,1.0337187489169037,0.010337187489169038,0.012921484361461297,scenario,cyp_cystitis,1063.3725753773367
8.833333333333,ganglia,10.708548742985961,0.972528588423,0.027471411577,0.25960148608172573,25.960148608172574,0.1803873635993619,18.038736359936188,0.0972528588423,9.72528588423,0.010320797533722314,1.0320797533722315,0.010320797533722312,0.01290099691715289,scenario,cyp_cystitis,1053.722678872726
8.916666666667,ganglia,10.646408086074203,0.972619139616,0.027380860384,0.2590378701232464,25.903787012324642,0.1797510624018293,17.97510624018293,0.0972619139616,9.72619139616,0.01030946588206887,1.030946588206887,0.01030946588206887,0.012886832352586086,scenario,cyp_cystitis,1044.072782368
9.0,ganglia,10.589388637931073,0.972709152678,0.027290847322,0.25853504411229455,25.853504411229455,0.17918236538277174,17.918236538277174,0.0972709152678,9.72709152678,0.010302957842288653,1.0302957842288654,0.010302957842288653,0.012878697302860818,scenario,cyp_cystitis,1034.422885863389
9.083333333333,ganglia,10.53717726352886,0.972798768786,0.027201231214,0.2580896907686127,25.80896907686127,0.178677570988903,17.867757098890298,0.09727987687860001,9.72798768786,0.010301039610819431,1.0301039610819431,0.01030103961081943,0.012876299513524286,scenario,cyp_cystitis,1024.7729893587782
9.166666666667,ganglia,10.489468043672368,0.972886232763,0.027113767237,0.257698010939218,25.769801093921803,0.17823265295879778,17.82326529587978,0.0972886232763,9.72886232763,0.010303479781046152,1.0303479781046152,0.010303479781046154,0.012879349726307693,scenario,cyp_cystitis,1015.1230928540524
9.25,ganglia,10.445963570099945,0.972970823202,0.027029176798,0.25735652475189363,25.73565247518936,0.17784382492410403,17.7843824924104,0.09729708232020001,9.729708232020002,0.010310050690283061,1.0310050690283061,0.01031005069028306,0.012887563362853825,scenario,cyp_cystitis,1005.4731963494412
9.333333333333,ganglia,10.406376040533988,0.973052155714,0.026947844286,0.2570619048050949,25.706190480509488,0.1775074324818832,17.750743248188318,0.09730521557140001,9.730521557140001,0.010320529607309005,1.0320529607309006,0.010320529607309007,0.012900662009136258,scenario,cyp_cystitis,995.8232998448307
9.416666666667,ganglia,10.370428163133576,0.973129815645,0.026870184355,0.25681089564799703,25.681089564799702,0.17721990453721892,17.721990453721894,0.09731298156450001,9.73129815645,0.010334699764261528,1.0334699764261528,0.010334699764261528,0.012918374705326911,scenario,cyp_cystitis,986.1734033401043
9.5,ganglia,10.337853881014372,0.973203358081,0.026796641919,0.25660032831136415,25.660032831136416,0.17697776944807123,17.697776944807124,0.09732033580810001,9.73203358081,0.010352351238128905,1.0352351238128905,0.010352351238128905,0.01294043904766113,scenario,cyp_cystitis,976.5235068354942
9.583333333333,ganglia,10.308398928466579,0.973272307842,0.026727692158,0.2564271323749864,25.642713237498636,0.17677766843420706,17.677766843420706,0.09732723078420001,9.732723078420001,0.010373281688303317,1.0373281688303317,0.010373281688303317,0.012966602110379146,scenario,cyp_cystitis,966.873610330883
9.666666666667,ganglia,10.281821231221809,0.973336159486,0.026663840514,0.256288345710194,25.6288345710194,0.17661636640177103,17.661636640177104,0.09733361594860002,9.733361594860002,0.010397296957662899,1.0397296957662898,0.0103972969576629,0.012996621197078626,scenario,cyp_cystitis,957.2237138261572
9.75,ganglia,10.257891163579803,0.973394377309,0.026605622691,0.25618112204456855,25.618112204456857,0.17649076034852057,17.649076034852058,0.09733943773090001,9.733943773090001,0.010424211545460924,1.0424211545460924,0.010424211545460924,0.013030264431826154,scenario,cyp_cystitis,947.5738173215461
9.833333333333,ganglia,10.236391675462642,0.973446395343,0.026553604657,0.256102736513248,25.6102736513248,0.1763978855321644,17.63978855321644,0.0973446395343,9.73446395343,0.010453848960915375,1.0453848960915375,0.010453848960915375,0.01306731120114422,scenario,cyp_cystitis,937.9239208169354
9.916666666667,ganglia,10.217118302527085,0.973492174541,0.026507825459,0.25605073592268274,25.605073592268273,0.17633502052064748,17.63350205206475,0.09734921745410001,9.73492174541,0.010486041966813292,1.0486041966813293,0.010486041966813292,0.013107552458516615,scenario,cyp_cystitis,928.274024312209
10.0,ganglia,10.199879072334076,0.973532559962,0.026467440038,0.25602303462235787,25.60230346223579,0.17629975402906428,17.629975402906428,0.09735325599620001,9.735325599620001,0.010520632722711252,1.0520632722711252,0.010520632722711252,0.013150790903389066,scenario,cyp_cystitis,918.6241278075988
10.083333333333,ganglia,10.184494319297936,0.973567507504,0.026432492496,0.25601744881863153,25.601744881863155,0.17628966452025727,17.628966452025725,0.09735675075040001,9.735675075040001,0.01055747283742112,1.055747283742112,0.010557472837421119,0.013196841046776398,scenario,cyp_cystitis,908.9742313029881
10.166666666667,ganglia,10.170796420730332,0.973596961011,0.026403038989,0.25603192676694664,25.603192676694665,0.17630247851760736,17.630247851760736,0.09735969610110001,9.73596961011,0.010596423340425263,1.0596423340425263,0.010596423340425263,0.01324552917553158,scenario,cyp_cystitis,899.3243347982612
10.25,ganglia,10.158629465761353,0.973620886915,0.026379113085,0.2560645560804665,25.60645560804665,0.17633607487662942,17.633607487662943,0.09736208869150001,9.736208869150001,0.010637354581718612,1.0637354581718612,0.010637354581718612,0.013296693227148266,scenario,cyp_cystitis,889.6744382936508
10.333333333333,ganglia,10.14784886830337,0.973639274239,0.026360725761,0.2561135609472826,25.61135609472826,0.17638848169264734,17.638848169264733,0.0973639274239,9.73639274239,0.010680146069313508,1.0680146069313508,0.01068014606931351,0.013350182586641886,scenario,cyp_cystitis,880.0245417890401
10.416666666667,ganglia,10.138320934536658,0.973652134591,0.026347865409,0.2561772985216849,25.61772985216849,0.176457872291761,17.6457872291761,0.0973652134591,9.73652134591,0.010724686253276425,1.0724686253276425,0.010724686253276425,0.013405857816595531,scenario,cyp_cystitis,870.3746452843143
10.5,ganglia,10.129922394646735,0.973659502172,0.026340497828,0.2562542546407847,25.62542546407847,0.17654256047064967,17.65425604706497,0.09736595021720001,9.736595021720001,0.010770872264749529,1.077087226474953,0.010770872264749527,0.013463590330936909,scenario,cyp_cystitis,860.7247487797034
10.583333333333,ganglia,10.122539907764093,0.973661433769,0.026338566231,0.2563430389936901,25.63430389936901,0.17664099512976678,17.664099512976676,0.09736614337690001,9.736614337690002,0.010818609617923846,1.0818609617923847,0.010818609617923846,0.013523262022404807,scenario,cyp_cystitis,851.0748522750926
10.666666666667,ganglia,10.116069548258643,0.973658009102,0.026341990898,0.2564423799641756,25.644237996417562,0.17675175450441735,17.675175450441735,0.0973658009102,9.73658009102,0.010867811882383187,1.0867811882383187,0.010867811882383185,0.013584764852978982,scenario,cyp_cystitis,841.4249557703666
10.75,ganglia,10.110416280730691,0.973649351952,0.026350648048,0.25655112464194246,25.655112464194247,0.17687354382971382,17.68735438297138,0.09736493519520001,9.736493519520002,0.010918400332687074,1.0918400332687075,0.010918400332687076,0.013648000415858844,scenario,cyp_cystitis,831.7750592657555
10.833333333333,ganglia,10.10549343024018,0.973635607373,0.026364392627,0.25666822706624504,25.666822706624504,0.1770051848099389,17.70051848099389,0.09736356073730001,9.73635607373,0.01097030358147792,1.097030358147792,0.010970303581477922,0.013712879476847403,scenario,cyp_cystitis,822.1251627611454
10.916666666667,ganglia,10.101222153534076,0.97361693376,0.02638306624,0.25679274025580817,25.679274025580817,0.1771456076442313,17.71456076442313,0.09736169337600001,9.736169337600002,0.011023457201788402,1.1023457201788402,0.0110234572017884,0.0137793215022355,scenario,cyp_cystitis,812.4752662564188
11.0,ganglia,10.097530916272119,0.973593513093,0.026406486907,0.2569238129899484,25.69238129899484,0.1772938463118315,17.72938463118315,0.09735935130930001,9.73593513093,0.011077803343648265,1.1077803343648265,0.011077803343648265,0.013847254179560332,scenario,cyp_cystitis,802.8253697518077
11.083333333333,ganglia,10.094354980528523,0.973565550935,0.026434449065,0.2570606839222123,25.706068392221233,0.17744903203190257,17.74490320319026,0.0973565550935,9.73565550935,0.011133290349508624,1.1133290349508624,0.011133290349508626,0.013916612936885783,scenario,cyp_cystitis,793.1754732471974
11.166666666667,ganglia,10.091635906165099,0.973533276436,0.026466723564,0.25720267578371864,25.720267578371864,0.17761038682235405,17.761038682235405,0.0973533276436,9.735332764359999,0.011189872372418527,1.1189872372418526,0.011189872372418527,0.013987340465523159,scenario,cyp_cystitis,783.5255767424707
11.25,ganglia,10.089321069031179,0.973496942331,0.026503057669,0.25734918972175985,25.734918972175986,0.17777721720962206,17.777721720962205,0.09734969423310001,9.734969423310002,0.011247509000362458,1.1247509000362457,0.011247509000362458,0.014059386250453072,scenario,cyp_cystitis,773.8756802378603
11.333333333333,ganglia,10.087363198355543,0.973456824941,0.026543175059,0.25749969981608417,25.749969981608416,0.17794890813553796,17.794890813553796,0.09734568249410001,9.734568249410001,0.01130616488965346,1.130616488965346,0.011306164889653463,0.014132706112066828,scenario,cyp_cystitis,764.2257837332497
11.416666666667,ganglia,10.085719935155696,0.97341322417,0.02658677583,0.2576537478030352,25.765374780303517,0.17812491709559464,17.812491709559463,0.097341322417,9.7341322417,0.011365809409774113,1.1365809409774112,0.011365809409774113,0.014207261762217642,scenario,cyp_cystitis,754.5758872285235
11.5,ganglia,10.084353412999194,0.973366399169,0.026633600831,0.2578109209938769,25.781092099387692,0.17830475675219654,17.830475675219652,0.0973366399169,9.733663991690001,0.011426416301626266,1.1426416301626265,0.011426416301626266,0.014283020377032832,scenario,cyp_cystitis,744.9259907239128
11.583333333333,ganglia,10.083229862013553,0.973316256943,0.026683743057,0.2579707648958286,25.79707648958286,0.1784879324461429,17.84879324461429,0.0973316256943,9.73316256943,0.011487963350738126,1.1487963350738126,0.011487963350738126,0.014359954188422657,scenario,cyp_cystitis,735.2760942193023
11.666666666667,ganglia,10.082319236653213,0.973262946219,0.026737053781,0.2581329358533393,25.81329358533393,0.17867404581271032,17.867404581271032,0.09732629462190001,9.732629462190001,0.011550432076581428,1.1550432076581427,0.011550432076581428,0.014438040095726785,scenario,cyp_cystitis,725.6261977145755
11.75,ganglia,10.08159486739188,0.973206680152,0.026793319848,0.2582971499285899,25.82971499285899,0.17886275768154428,17.886275768154427,0.09732066801520001,9.73206680152,0.01161380743883179,1.1613807438831791,0.01161380743883179,0.01451725929853974,scenario,cyp_cystitis,715.9763012099651
11.833333333333,ganglia,10.081033136215778,0.973147679932,0.026852320068,0.25846316398069064,25.846316398069064,0.179053773319434,17.905377331943402,0.0973147679932,9.731476799320001,0.011678077561104649,1.167807756110465,0.011678077561104649,0.014597596951380812,scenario,cyp_cystitis,706.3264047053544
11.916666666667,ganglia,10.08061317554471,0.97308617479,0.02691382521,0.25863077194792206,25.863077194792204,0.17924683829880225,17.924683829880227,0.097308617479,9.7308617479,0.011743233472412993,1.1743233472412993,0.011743233472412991,0.014679041840516239,scenario,cyp_cystitis,696.6765082006283
12.0,ganglia,10.08031659000002,0.973022401993,0.026977598007,0.25879980139798753,25.879980139798754,0.17944173466520832,17.944173466520834,0.0973022401993,9.73022401993,0.011809268866382717,1.1809268866382716,0.011809268866382719,0.014761586082978399,scenario,cyp_cystitis,687.0266116960173
12.083333333333,ganglia,10.080127200269255,0.972956606845,0.027043393155,0.25883827335902965,25.883827335902964,0.17949179186058847,17.949179186058846,0.0972956606845,9.72956606845,0.011829604861366652,1.1829604861366652,0.011829604861366654,0.014787006076708317,scenario,cyp_cystitis,684.0601854873778
12.166666666667,ganglia,10.080030808183084,0.972889042691,0.027110957309,0.2588775236357733,25.88775236357733,0.1795429104074148,17.95429104074148,0.0972889042691,9.72889042691,0.01185011981678283,1.185011981678283,0.011850119816782828,0.014812649770978535,scenario,cyp_cystitis,681.093759278703
12.25,ganglia,10.08001498201706,0.972819970911,0.027180029089,0.2589174597566601,25.89174597566601,0.17959495851728896,17.959495851728896,0.09728199709110001,9.728199709110001,0.011870800197215717,1.1870800197215716,0.011870800197215715,0.014838500246519644,scenario,cyp_cystitis,678.1273330700632
12.333333333333,ganglia,10.080068860956382,0.972749728558,0.027250271442,0.2589580298443594,25.89580298443594,0.17964784109839932,17.964784109839933,0.0972749728558,9.72749728558,0.011891634204816684,1.1891634204816683,0.011891634204816684,0.014864542756020855,scenario,cyp_cystitis,675.1609068614243
12.416666666667,ganglia,10.080182977612399,0.972678739075,0.027321260925,0.2589992232013605,25.89992232013605,0.17970149921540055,17.970149921540056,0.09726787390750001,9.726787390750001,0.01191261158712234,1.191261158712234,0.01191261158712234,0.014890764483902925,scenario,cyp_cystitis,672.194480652749
12.5,ganglia,10.08034909745189,0.972607349195,0.027392650805,0.2590410248227286,25.90410248227286,0.179755877670254,17.9755877670254,0.0972607349195,9.72607349195,0.011933723462649154,1.1933723462649153,0.011933723462649154,0.014917154328311442,scenario,cyp_cystitis,669.2280544441096
12.583333333333,ganglia,10.080560073991519,0.972535917466,0.027464082534,0.25908343708257675,25.908343708257675,0.1798109392621964,17.98109392621964,0.0972535917466,9.725359174660001,0.011954962163140168,1.1954962163140168,0.011954962163140168,0.01494370270392521,scenario,cyp_cystitis,666.2616282354705
12.666666666667,ganglia,10.080809718616942,0.972464815887,0.027535184113,0.2591264784884728,25.912647848847282,0.17986666322196976,17.986666322196974,0.0972464815887,9.72464815887,0.011976321091324578,1.1976321091324578,0.011976321091324578,0.014970401364155722,scenario,cyp_cystitis,663.2952020267952
12.75,ganglia,10.081092683906714,0.972394429915,0.027605570085,0.2591701821759933,25.91701821759933,0.17992304353832592,17.99230435383259,0.0972394429915,9.72394429915,0.01199779459306607,1.199779459306607,0.01199779459306607,0.014997243241332586,scenario,cyp_cystitis,660.328775818156
12.833333333333,ganglia,10.081404359372652,0.972325158458,0.027674841542,0.2592145945595101,25.921459455951013,0.17998008745967795,17.998008745967795,0.0972325158458,9.72325158458,0.012019377842797038,1.2019377842797039,0.01201937784279704,0.0150242223034963,scenario,cyp_cystitis,657.3623496095164
12.916666666667,ganglia,10.081740778568332,0.97225741388,0.02774258612,0.25925977413281864,25.925977413281863,0.1800378141609096,18.003781416090963,0.097225741388,9.722574138799999,0.01204106674116028,1.204106674116028,0.01204106674116028,0.01505133342645035,scenario,cyp_cystitis,654.3959234008419
13.0,ganglia,10.08209853656441,0.972191621999,0.027808378001,0.2593057904018002,25.930579040180017,0.18009625355766687,18.009625355766687,0.09721916219990001,9.721916219990002,0.012062857823827234,1.2062857823827233,0.012062857823827235,0.015078572279784045,scenario,cyp_cystitis,651.4294971922022
13.083333333333,ganglia,10.082474716841213,0.972128165859,0.027871834141,0.25935270793840265,25.935270793840264,0.18015543483611404,18.015543483611403,0.0972128165859,9.72128165859,0.01208474818050827,1.2084748180508271,0.012084748180508273,0.015105935225635341,scenario,cyp_cystitis,648.4630709835631
13.166666666667,ganglia,10.082866826704093,0.972065766373,0.027934233627,0.2594001533946272,25.940015339462718,0.18021508528591906,18.021508528591905,0.09720657663730001,9.72065766373,0.012106735383215168,1.2106735383215168,0.01210673538321517,0.015133419229018962,scenario,cyp_cystitis,645.4966447748877
13.25,ganglia,10.08327274038431,0.972003755149,0.027996244851,0.2594479208771902,25.94479208771902,0.18027505040254466,18.027505040254464,0.0972003755149,9.72003755149,0.01212881742289742,1.212881742289742,0.01212881742289742,0.015161021778621775,scenario,cyp_cystitis,642.5302185662482
13.333333333333,ganglia,10.083690649046268,0.971942171288,0.028057828712,0.2594959973403397,25.949599734033967,0.18033531134615524,18.033531134615526,0.0971942171288,9.71942171288,0.012150992653630847,1.2150992653630848,0.012150992653630847,0.015188740817038558,scenario,cyp_cystitis,639.5637923576091
13.416666666667,ganglia,10.08411901697967,0.971881053891,0.028118946109,0.2595443733111338,25.95443733111338,0.1803958532467042,18.03958532467042,0.0971881053891,9.71881053891,0.012173259743587081,1.2173259743587082,0.012173259743587081,0.015216574679483851,scenario,cyp_cystitis,636.5973661489338
13.5,ganglia,10.084556543312322,0.97182044206,0.02817955794,0.2595930423912636,25.959304239126357,0.18045666465029284,18.045666465029285,0.097182044206,9.718204420600001,0.012195617632076801,1.21956176320768,0.0121956176320768,0.015244522040096,scenario,cyp_cystitis,633.6309399402948
13.583333333333,ganglia,10.085002128634754,0.971760374896,0.028239625104,0.2596420008218844,25.964200082188437,0.18051773703587154,18.051773703587155,0.0971760374896,9.71760374896,0.012218065492016096,1.2218065492016097,0.012218065492016096,0.01527258186502012,scenario,cyp_cystitis,630.6645137316555
13.666666666667,ganglia,10.085454845981033,0.971700891501,0.028299108499,0.2596912471061203,25.96912471061203,0.18057906439557808,18.057906439557808,0.0971700891501,9.71700891501,0.012240602697212492,1.2240602697212493,0.012240602697212492,0.015300753371515615,scenario,cyp_cystitis,627.69808752298
13.75,ganglia,10.085913915661191,0.971642030975,0.028357969025,0.2597407816803081,25.97407816803081,0.1806406428697868,18.064064286978677,0.09716420309750001,9.716420309750001,0.01226322879392718,1.2263228793927181,0.012263228793927178,0.015329035992408972,scenario,cyp_cystitis,624.7316613143408
13.833333333333,ganglia,10.086378683488832,0.971583832422,0.028416167578,0.2597906066318131,25.979060663181308,0.1807024704329034,18.07024704329034,0.0971583832422,9.71583832422,0.012285943476220114,1.2285943476220114,0.012285943476220116,0.015357429345275144,scenario,cyp_cystitis,621.7652351057014
13.916666666667,ganglia,10.086848601992582,0.971526334941,0.028473665059,0.25984072545165265,25.984072545165265,0.18076454661950292,18.076454661950294,0.09715263349410001,9.715263349410002,0.0123087465646247,1.23087465646247,0.0123087465646247,0.015385933205780876,scenario,cyp_cystitis,618.7988088970267
14.0,ganglia,10.087323214242305,0.971469577635,0.028530422365,0.2598911428259675,25.98911428259675,0.18082687229163052,18.082687229163053,0.0971469577635,9.71469577635,0.012331637987750596,1.2331637987750597,0.012331637987750596,0.015414547484688245,scenario,cyp_cystitis,615.8323826883869
14.083333333333,ganglia,10.08780213996017,0.971413452697,0.028586547303,0.2599418251419313,25.99418251419313,0.18088942208025705,18.088942208025706,0.0971413452697,9.71413452697,0.012354617766454716,1.2354617766454716,0.012354617766454717,0.015443272208068397,scenario,cyp_cystitis,612.865956479748
14.166666666667,ganglia,10.088285063622454,0.971357518866,0.028642481134,0.2599926503525514,25.999265035255142,0.1809521094066127,18.095210940661268,0.09713575188660001,9.71357518866,0.01237768600025156,1.237768600025156,0.01237768600025156,0.01547210750031445,scenario,cyp_cystitis,609.8995302710725
14.25,ganglia,10.08877172429117,0.97130168746,0.02869831254,0.2600435914002054,26.00435914002054,0.18101491406022824,18.101491406022824,0.097130168746,9.713016874600001,0.012400842855676622,1.2400842855676621,0.012400842855676624,0.01550105356959578,scenario,cyp_cystitis,606.9331040624332
14.333333333333,ganglia,10.089261906944703,0.971245896307,0.028754103693,0.2600946289031725,26.00946289031725,0.1810778214138583,18.10778214138583,0.0971245896307,9.71245896307,0.012424088556349492,1.2424088556349493,0.012424088556349492,0.015530110695436866,scenario,cyp_cystitis,603.966677853794
14.416666666667,ganglia,10.089755435103767,0.97119008323,0.02880991677,0.2601457439658745,26.01457439658745,0.18114081738097162,18.114081738097163,0.09711900832300001,9.711900832300001,0.012447423374504874,1.2447423374504873,0.012447423374504872,0.01555927921813109,scenario,cyp_cystitis,601.0002516451187
14.5,ganglia,10.090252164573831,0.971134186055,0.028865813945,0.26019691809921197,26.0196918099212,0.18120388832634662,18.120388832634664,0.0971134186055,9.71134186055,0.012470847623794364,1.2470847623794363,0.012470847623794364,0.015588559529742954,scenario,cyp_cystitis,598.0338254364796
14.583333333333,ganglia,10.090751978147365,0.971078142608,0.028921857392,0.2602481331504843,26.02481331504843,0.18126702098853809,18.12670209885381,0.09710781426080001,9.71078142608,0.012494361653186082,1.2494361653186081,0.012494361653186082,0.015617952066482603,scenario,cyp_cystitis,595.06739922784
14.666666666667,ganglia,10.091254781128884,0.971021890714,0.028978109286,0.2602993712445747,26.02993712445747,0.1813302024146385,18.13302024146385,0.0971021890714,9.71021890714,0.012517965841803208,1.2517965841803207,0.012517965841803206,0.015647457302254007,scenario,cyp_cystitis,592.100973019165
14.75,ganglia,10.09176049756372,0.970965368199,0.029034631801,0.26035061473512516,26.035061473512517,0.1813934199058057,18.139341990580572,0.0970965368199,9.70965368199,0.012541660594569843,1.2541660594569843,0.012541660594569843,0.015677075743212303,scenario,cyp_cystitis,589.1345468105259
14.833333333333,ganglia,10.092269067067111,0.970908512888,0.029091487112,0.26040184616248363,26.040184616248364,0.1814566609707596,18.14566609707596,0.0970908512888,9.70908512888,0.012565446338549774,1.2565446338549775,0.012565446338549772,0.015706807923187217,scenario,cyp_cystitis,586.1681206018862
14.916666666667,ganglia,10.092780442163972,0.970851262606,0.029148737394,0.26045304821911874,26.045304821911873,0.18151991328724304,18.151991328724304,0.09708512626060001,9.708512626060001,0.01258932351987163,1.258932351987163,0.012589323519871631,0.01573665439983954,scenario,cyp_cystitis,583.2016943932115
15.0,ganglia,10.093294586062182,0.970793561415,0.029206438585,0.26050420539407476,26.050420539407476,0.1815831658361942,18.15831658361942,0.0970793561415,9.70793561415,0.012613292601155252,1.2613292601155253,0.012613292601155252,0.015766615751444064,scenario,cyp_cystitis,580.235268184572
15.083333333333,ganglia,10.093811470792911,0.970735620679,0.029264379321,0.26055537402324513,26.055537402324514,0.18164645772816124,18.164645772816122,0.09707356206790001,9.707356206790001,0.012637354059365974,1.2637354059365973,0.012637354059365974,0.015796692574207467,scenario,cyp_cystitis,577.2688419759328
15.166666666667,ganglia,10.09433107566089,0.970677574361,0.029322425639,0.2606065898154714,26.060658981547142,0.1817098137548571,18.17098137548571,0.09706775743610001,9.70677574361,0.01266150838402665,1.266150838402665,0.012661508384026651,0.015826885480033314,scenario,cyp_cystitis,574.3024157672575
15.25,ganglia,10.094853385955812,0.970619428897,0.029380571103,0.2606578543479508,26.06578543479508,0.181773234953612,18.1773234953612,0.0970619428897,9.70619428897,0.012685756075733886,1.2685756075733885,0.012685756075733886,0.01585719509466736,scenario,cyp_cystitis,571.3359895586183
15.333333333333,ganglia,10.095378391883312,0.970561190726,0.029438809274,0.26070916926508214,26.070916926508215,0.18183672243609122,18.183672243609124,0.0970561190726,9.70561190726,0.012710097644933433,1.2710097644933434,0.012710097644933435,0.015887622056166794,scenario,cyp_cystitis,568.369563349979
15.416666666667,ganglia,10.095906087679934,0.970502866284,0.029497133716,0.26076053626526297,26.076053626526296,0.1819002773742922,18.190027737429222,0.0970502866284,9.70502866284,0.012734533610908537,1.2734533610908536,0.012734533610908535,0.01591816701363567,scenario,cyp_cystitis,565.4031371413037
15.5,ganglia,10.096436470882061,0.970444462009,0.029555537991,0.2608119570926549,26.081195709265494,0.18196390099083876,18.196390099083875,0.09704444620090001,9.704444620090001,0.012759064500949137,1.2759064500949138,0.012759064500949135,0.01594883062618642,scenario,cyp_cystitis,562.4367109326644
15.583333333333,ganglia,10.096969541723377,0.970385984337,0.029614015663,0.2608634335282202,26.086343352822023,0.1820275945494669,18.20275945494669,0.0970385984337,9.70385984337,0.012783690849675138,1.2783690849675138,0.012783690849675138,0.015979613562093924,scenario,cyp_cystitis,559.4702847240249
15.666666666667,ganglia,10.097505302639272,0.970327439706,0.029672560294,0.2609149673843027,26.09149673843027,0.18209135934855852,18.20913593485585,0.09703274397060001,9.703274397060001,0.01280841319848342,1.280841319848342,0.01280841319848342,0.016010516498104276,scenario,cyp_cystitis,556.5038585153501
15.75,ganglia,10.09804375786008,0.970268834553,0.029731165447,0.2609665604984896,26.09665604984896,0.1821551967146551,18.21551967146551,0.0970268834553,9.70268834553,0.012833232095100155,1.2833232095100156,0.012833232095100155,0.016041540118875194,scenario,cyp_cystitis,553.5374323067109
15.833333333333,ganglia,10.098584913078042,0.970210175315,0.029789824685,0.26101821472952214,26.101821472952214,0.18221910799780236,18.221910799780236,0.0970210175315,9.70210175315,0.012858148093223389,1.285814809322339,0.012858148093223389,0.016072685116529237,scenario,cyp_cystitis,550.5710060980713
15.916666666667,ganglia,10.099128775175092,0.970151468429,0.029848531571,0.26106993195372674,26.106993195372674,0.18228309456758526,18.228309456758527,0.09701514684290001,9.70151468429,0.012883161752235597,1.2883161752235597,0.012883161752235597,0.016103952190294497,scenario,cyp_cystitis,547.6045798893963
16.0,ganglia,10.099675352000878,0.970092718685,0.029907281315,0.26112171361877945,26.112171361877945,0.18234715750031047,18.234715750031047,0.0970092718685,9.70092718685,0.012908273636976423,1.2908273636976422,0.012908273636976421,0.016135342046220524,scenario,cyp_cystitis,544.6381536807569
16.083333333333,ganglia,10.100224652192189,0.970033926411,0.029966073589,0.26117355998285574,26.117355998285575,0.18241129704639522,18.241129704639523,0.0970033926411,9.70033926411,0.012933484317567804,1.2933484317567805,0.012933484317567806,0.016166855396959758,scenario,cyp_cystitis,541.6717274721176
16.166666666667,ganglia,10.100776685026284,0.969975096347,0.030024903653,0.2612254725010189,26.122547250101892,0.18247551429590986,18.247551429590985,0.0969975096347,9.699750963469999,0.012958794369277455,1.2958794369277455,0.012958794369277455,0.016198492961596818,scenario,cyp_cystitis,538.7053012634427
16.25,ganglia,10.101331460302049,0.969916233656,0.030083766344,0.261277452750638,26.127745275063802,0.18253981042782,18.253981042782,0.09699162336560001,9.69916233656,0.01298420437241609,1.298420437241609,0.01298420437241609,0.016230255465520114,scenario,cyp_cystitis,535.738875054803
16.333333333333,ganglia,10.101888988243951,0.969857343502,0.030142656498,0.2613295023165743,26.132950231657432,0.18260418662930478,18.260418662930476,0.09698573435020001,9.698573435020002,0.013009714912265139,1.3009714912265138,0.01300971491226514,0.016262143640331427,scenario,cyp_cystitis,532.7724488461638
16.416666666667,ganglia,10.102449279424503,0.969798431046,0.030201568954,0.2613816227890875,26.13816227890875,0.18266864409387498,18.266864409387498,0.0969798431046,9.69798431046,0.013035326579024589,1.3035326579024589,0.013035326579024589,0.016294158223780737,scenario,cyp_cystitis,529.8060226374886
16.5,ganglia,10.103012344701831,0.969739501452,0.030260498548,0.2614338157646345,26.143381576463447,0.18273318402159383,18.273318402159383,0.09697395014520001,9.697395014520001,0.013061039967779435,1.3061039967779435,0.013061039967779435,0.016326299959724292,scenario,cyp_cystitis,526.8395964288493
16.583333333333,ganglia,10.103578195169568,0.969680559882,0.030319440118,0.26148608284387265,26.148608284387265,0.18279780761741407,18.279780761741407,0.0969680559882,9.696805598820001,0.013086855678484286,1.3086855678484286,0.013086855678484286,0.016358569598105357,scenario,cyp_cystitis,523.8731702202099
16.666666666667,ganglia,10.104146842116634,0.969621611499,0.030378388501,0.2615384256319425,26.153842563194253,0.18286251609115836,18.286251609115837,0.0969621611499,9.69621611499,0.013112774315957709,1.311277431595771,0.013112774315957709,0.016390967894947137,scenario,cyp_cystitis,520.9067440115352
16.75,ganglia,10.104718296995058,0.969562661465,0.030437338535,0.26159084573750796,26.159084573750796,0.18292731065667547,18.292731065667546,0.0969562661465,9.695626614650001,0.013138796489886846,1.3138796489886846,0.013138796489886846,0.016423495612358556,scenario,cyp_cystitis,517.9403178028956
16.833333333333,ganglia,10.105292571394349,0.969503714944,0.030496285056,0.2616433447732378,26.16433447732378,0.182992192532042,18.2992192532042,0.0969503714944,9.695037149440001,0.013164922814843235,1.3164922814843236,0.013164922814843237,0.016456153518554048,scenario,cyp_cystitis,514.9738915942563
16.916666666667,ganglia,10.105869677021023,0.969444775696,0.030555224304,0.2616959239759987,26.16959239759987,0.1830571626737764,18.30571626737764,0.09694447756960001,9.69444775696,0.013191153910302744,1.3191153910302744,0.013191153910302745,0.01648894238787843,scenario,cyp_cystitis,512.0074653855814
17.0,ganglia,10.106449625682341,0.969385757366,0.030614242634,0.26174856025285953,26.174856025285955,0.18312220501806617,18.312220501806618,0.0969385757366,9.69385757366,0.013217490400671142,1.3217490400671141,0.013217490400671144,0.01652186300083893,scenario,cyp_cystitis,509.04103917694204
17.083333333333,ganglia,10.10703242927346,0.969326606446,0.030673393554,0.26180123935929467,26.180123935929466,0.18318730968299404,18.318730968299406,0.0969326606446,9.69326606446,0.013243932915317162,1.3243932915317163,0.01324393291531716,0.01655491614414645,scenario,cyp_cystitis,506.0746129683024
17.166666666667,ganglia,10.107618099767222,0.969267322934,0.030732677066,0.26185396149178214,26.185396149178214,0.18325247688709123,18.325247688709123,0.0969267322934,9.69267322934,0.013270482088606594,1.3270482088606594,0.013270482088606594,0.016588102610758243,scenario,cyp_cystitis,503.10818675962753
17.25,ganglia,10.108206649206094,0.96920790683,0.03079209317,0.2619067268483854,26.19067268483854,0.1833177068504282,18.33177068504282,0.09692079068300001,9.692079068300002,0.013297138559939588,1.3297138559939587,0.013297138559939586,0.016621423199924483,scenario,cyp_cystitis,500.14176055098784
17.333333333333,ganglia,10.10879808969587,0.969148358136,0.030851641864,0.2619595356286757,26.19595356286757,0.18338299979452852,18.338299979452852,0.0969148358136,9.69148358136,0.013323902973793425,1.3323902973793424,0.013323902973793425,0.01665487871724178,scenario,cyp_cystitis,497.1753343423487
17.416666666667,ganglia,10.109392433400695,0.96908867685,0.03091132315,0.26201238803204285,26.201238803204284,0.18344835594115874,18.344835594115874,0.09690886768500001,9.6908867685,0.013350775979764813,1.3350775979764813,0.013350775979764813,0.016688469974706015,scenario,cyp_cystitis,494.20890813367396
17.5,ganglia,10.109989692539136,0.969028862973,0.030971137027,0.2620652842595335,26.20652842595335,0.1835137755135928,18.35137755135928,0.0969028862973,9.69028862973,0.01337775823261393,1.337775823261393,0.01337775823261393,0.01672219779076741,scenario,cyp_cystitis,491.24248192503416
17.583333333333,ganglia,10.110589879381203,0.968968916505,0.031031083495,0.2621182245127352,26.21182245127352,0.18357925873581687,18.35792587358169,0.09689689165050001,9.689689165050002,0.013404850392313114,1.3404850392313115,0.013404850392313112,0.01675606299039139,scenario,cyp_cystitis,488.27605571639475
17.666666666667,ganglia,10.111193006245964,0.968908837446,0.031091162554,0.2621712089940133,26.21712089940133,0.18364480583268145,18.364480583268143,0.0968908837446,9.68908837446,0.013432053124094083,1.3432053124094083,0.013432053124094085,0.016790066405117605,scenario,cyp_cystitis,485.3096295077201
17.75,ganglia,10.11179908549969,0.968848625796,0.031151374204,0.26222423790648475,26.222423790648474,0.18371041702987193,18.371041702987192,0.0968848625796,9.68848625796,0.013459367098496409,1.3459367098496409,0.01345936709849641,0.016824208873120514,scenario,cyp_cystitis,482.3432032990806
17.833333333333,ganglia,10.1124081295545,0.968788281554,0.031211718446,0.26227731145373384,26.227731145373383,0.18377609255370425,18.377609255370427,0.0968788281554,9.68788281554,0.013486792991420016,1.3486792991420016,0.013486792991420016,0.01685849123927502,scenario,cyp_cystitis,479.376777090441
17.916666666667,ganglia,10.113020150867243,0.968727804721,0.031272195279,0.2623304298406077,26.233042984060774,0.18384183263167525,18.384183263167525,0.0968727804721,9.68727804721,0.013514331484175838,1.3514331484175837,0.013514331484175838,0.016892914355219796,scenario,cyp_cystitis,476.41035088176613
18.0,ganglia,10.113635161938667,0.968667195297,0.031332804703,0.26238359327239164,26.238359327239163,0.1839076374918796,18.39076374918796,0.0968667195297,9.68667195297,0.013541983263537397,1.3541983263537398,0.013541983263537399,0.01692747907942175,scenario,cyp_cystitis,473.44392467312673
18.083333333333,ganglia,10.114253175312832,0.968606430344,0.031393569656,0.26243679574019363,26.243679574019364,0.18397350300643736,18.397350300643737,0.0968606430344,9.68606430344,0.013569749021796241,1.356974902179624,0.013569749021796241,0.0169621862772453,scenario,cyp_cystitis,470.47749846448744
18.166666666667,ganglia,10.114874203576628,0.968545459059,0.031454540941,0.262490023677388,26.2490023677388,0.18403941974609775,18.403941974609776,0.09685454590590001,9.68545459059,0.013597629456815263,1.3597629456815263,0.013597629456815263,0.01699703682101908,scenario,cyp_cystitis,467.5110722558124
18.25,ganglia,10.115498259359406,0.968484279597,0.031515720403,0.2625432767752397,26.25432767752397,0.18410538757282185,18.410538757282186,0.0968484279597,9.68484279597,0.013625625272082813,1.3625625272082813,0.013625625272082813,0.017032031590103518,scenario,cyp_cystitis,464.54464604717293
18.333333333333,ganglia,10.116125355332771,0.968422891957,0.031577108043,0.2625965552251489,26.25965552251489,0.18417140669938764,18.417140669938764,0.09684228919570001,9.684228919570002,0.013653737176770604,1.3653737176770604,0.013653737176770604,0.017067171470963254,scenario,cyp_cystitis,461.5782198385336
18.416666666667,ganglia,10.116755504210401,0.968361296141,0.031638703859,0.26264985921997436,26.264985921997436,0.1842374773398604,18.42374773398604,0.0968361296141,9.68361296141,0.01368196588578942,1.368196588578942,0.013681965885789418,0.017102457357236773,scenario,cyp_cystitis,458.6117936298587
18.5,ganglia,10.11738871874788,0.968299492147,0.031700507853,0.2627031889521311,26.27031889521311,0.18430359970825677,18.430359970825677,0.0968299492147,9.682994921470002,0.013710312119845495,1.3710312119845496,0.013710312119845493,0.017137890149806868,scenario,cyp_cystitis,455.6453674212191
18.583333333333,ganglia,10.118025011742697,0.968237479976,0.031762520024,0.2627565446154928,26.27565446154928,0.18436977401988086,18.436977401988088,0.0968237479976,9.68237479976,0.013738776605500748,1.3738776605500749,0.01373877660550075,0.017173470756875937,scenario,cyp_cystitis,452.67894121257973
18.666666666667,ganglia,10.118664396034161,0.968175259628,0.031824740372,0.26280992640430395,26.280992640430394,0.18443600049055994,18.443600049055995,0.09681752596280001,9.68175259628,0.013767360075230727,1.3767360075230728,0.013767360075230727,0.01720920009403841,scenario,cyp_cystitis,449.7125150039047
18.75,ganglia,10.119306884503377,0.968112831103,0.031887168897,0.26286333451344857,26.286333451344856,0.18450227933683172,18.450227933683173,0.0968112831103,9.681128311030001,0.013796063267483222,1.3796063267483223,0.013796063267483222,0.017245079084354027,scenario,cyp_cystitis,446.74608879526534
18.833333333333,ganglia,10.119952490073292,0.9680501944,0.0319498056,0.2629167691381834,26.29167691381834,0.18456861077575934,18.456861077575933,0.09680501944,9.680501944,0.013824886926740793,1.3824886926740794,0.013824886926740795,0.017281108658425994,scenario,cyp_cystitis,443.779662586626
18.916666666667,ganglia,10.120601225708691,0.967987349521,0.032012650479,0.2629702304752224,26.297023047522238,0.18463499502569153,18.463499502569153,0.09679873495210001,9.67987349521,0.013853831803580925,1.3853831803580925,0.013853831803580925,0.017317289754476155,scenario,cyp_cystitis,440.81323637795117
19.0,ganglia,10.121253104416212,0.967924296464,0.032075703536,0.2630237187208331,26.302371872083306,0.1847014323049256,18.47014323049256,0.0967924296464,9.67924296464,0.013882898654736929,1.3882898654736928,0.013882898654736929,0.017353623318421163,scenario,cyp_cystitis,437.84681016931165
19.083333333333,ganglia,10.121908139244427,0.96786103523,0.03213896477,0.2630772340727437,26.30772340727437,0.18476792283304852,18.476792283304853,0.096786103523,9.6786103523,0.013912088243162766,1.3912088243162766,0.013912088243162766,0.017390110303953456,scenario,cyp_cystitis,434.8803839606724
19.166666666667,ganglia,10.122566343283866,0.967797563148,0.032202436852,0.26313077600284684,26.313077600284686,0.18483446632005207,18.483446632005208,0.09677975631480001,9.67797563148,0.013941401338095485,1.3941401338095485,0.013941401338095485,0.017426751672619357,scenario,cyp_cystitis,431.91395775199726
19.25,ganglia,10.12322772966705,0.967733857653,0.032266142347,0.2631843385725338,26.318433857253382,0.18490105867470422,18.490105867470422,0.09677338576530001,9.677338576530001,0.013970838715118469,1.397083871511847,0.013970838715118469,0.017463548393898087,scenario,cyp_cystitis,428.94753154335785
19.333333333333,ganglia,10.123892311568593,0.96766991363,0.03233008637,0.26323792058419404,26.323792058419404,0.18496769913466005,18.496769913466004,0.096766991363,9.6766991363,0.014000401156228613,1.4000401156228612,0.014000401156228613,0.017500501445285765,scenario,cyp_cystitis,425.9811053347184
19.416666666667,ganglia,10.124560102205232,0.967605731079,0.032394268921,0.26329152223116903,26.329152223116903,0.1850343879147433,18.50343879147433,0.09676057310790001,9.676057310790002,0.014030089449901157,1.4030089449901157,0.014030089449901155,0.017537611812376445,scenario,cyp_cystitis,423.01467912604375
19.5,ganglia,10.12523111483587,0.96754131,0.03245869,0.2633451437074265,26.33451437074265,0.1851011252304739,18.51011252304739,0.09675413100000001,9.6754131,0.01405990439115532,1.405990439115532,0.01405990439115532,0.01757488048894415,scenario,cyp_cystitis,420.0482529174042
19.583333333333,ganglia,10.125905362761683,0.967476650394,0.032523349606,0.2633987852078395,26.339878520783948,0.18516791129826607,18.516791129826608,0.09674766503940001,9.67476650394,0.014089846781623963,1.4089846781623963,0.014089846781623963,0.017612308477029954,scenario,cyp_cystitis,417.0818267087645
19.666666666667,ganglia,10.126582859326158,0.967411752261,0.032588247739,0.2634524469276388,26.34524469276388,0.1852347463350431,18.52347463350431,0.0967411752261,9.67411752261,0.014119917429620875,1.4119917429620874,0.014119917429620875,0.017649896787026092,scenario,cyp_cystitis,414.1154005000896
19.75,ganglia,10.127263617915132,0.967346615599,0.032653384401,0.26350612906213977,26.35061290621398,0.1853016305580442,18.53016305580442,0.09673466155990001,9.67346615599,0.014150117150208915,1.4150117150208914,0.014150117150208915,0.017687646437761145,scenario,cyp_cystitis,411.14897429145026
19.833333333333,ganglia,10.12794765195691,0.967281240411,0.032718759589,0.26355983180865405,26.355983180865405,0.18536856418617112,18.536856418617113,0.09672812404110001,9.672812404110001,0.014180446765272258,1.4180446765272259,0.014180446765272256,0.01772555845659032,scenario,cyp_cystitis,408.18254808281097
19.916666666667,ganglia,10.128634974922297,0.967215626694,0.032784373306,0.26361355536349135,26.361355536349134,0.18543554743787927,18.543554743787926,0.0967215626694,9.67215626694,0.014210907103586254,1.4210907103586254,0.014210907103586252,0.017763633879482814,scenario,cyp_cystitis,405.216121874136
20.0,ganglia,10.129325600324645,0.96714977445,0.03285022555,0.2636672999249551,26.366729992495507,0.1855025805332834,18.55025805332834,0.09671497744500002,9.671497744500002,0.014241499000888162,1.4241499000888163,0.014241499000888164,0.017801873751110205,scenario,cyp_cystitis,402.2496956654967
20.083333333333,ganglia,10.130019541719962,0.967083683678,0.032916316322,0.26372106569116766,26.372106569116767,0.18556966369263073,18.556966369263073,0.0967083683678,9.67083683678,0.0142722232999521,1.42722232999521,0.0142722232999521,0.017840279124940125,scenario,cyp_cystitis,399.2832694568573
20.166666666667,ganglia,10.130716812706952,0.967017354379,0.032982645621,0.2637748528614319,26.377485286143187,0.18563679713725764,18.563679713725765,0.0967017354379,9.67017354379,0.014303080850661577,1.4303080850661576,0.014303080850661579,0.017878851063326973,scenario,cyp_cystitis,396.31684324818207
20.25,ganglia,10.13141742692706,0.966950786505,0.033049213495,0.26382866162231455,26.382866162231455,0.1857039810797939,18.57039810797939,0.0966950786505,9.66950786505,0.014334072510082962,1.4334072510082962,0.014334072510082964,0.017917590637603703,scenario,cyp_cystitis,393.3504170395426
20.333333333333,ganglia,10.132121398064578,0.966883965546,0.033116034454,0.26388248821403043,26.388248821403042,0.18577121295492272,18.577121295492272,0.0966883965546,9.66883965546,0.01436519914254322,1.4365199142543221,0.014365199142543222,0.017956498928179028,scenario,cyp_cystitis,390.3839908309033
20.416666666667,ganglia,10.132828739846687,0.966816879977,0.033183120023,0.26393632968799063,26.393632968799064,0.18583849076698958,18.583849076698957,0.09668168799770001,9.668168799770001,0.014396461619705276,1.4396461619705276,0.014396461619705274,0.017995577024631594,scenario,cyp_cystitis,387.41756462222844
20.5,ganglia,10.133539466043498,0.966749529799,0.033250470201,0.2639901862401912,26.39901862401912,0.18590581473365692,18.590581473365692,0.0966749529799,9.66749529799,0.014427860820644307,1.4427860820644307,0.014427860820644308,0.018034826025805386,scenario,cyp_cystitis,384.45113841358915
20.583333333333,ganglia,10.134253590468164,0.966681915012,0.033318084988,0.264044058066981,26.4044058066981,0.18597318507309002,18.597318507309,0.0966681915012,9.66681915012,0.014459397631928427,1.4459397631928428,0.014459397631928427,0.018074247039910535,scenario,cyp_cystitis,381.4847122049496
20.666666666667,ganglia,10.134971126976916,0.966614035615,0.033385964385,0.2640979453650588,26.40979453650588,0.18604060200395425,18.604060200395427,0.0966614035615,9.66614035615,0.01449107294769695,1.449107294769695,0.01449107294769695,0.018113841184621185,scenario,cyp_cystitis,378.5182859962747
20.75,ganglia,10.135692089469103,0.966545891608,0.033454108392,0.26415184833201777,26.415184833201778,0.1861080657457975,18.61080657457975,0.0966545891608,9.66545891608,0.01452288766973969,1.452288766973969,0.014522887669739689,0.018153609587174612,scenario,cyp_cystitis,375.55185978763524
20.833333333333,ganglia,10.136416491887303,0.966477482993,0.033522517007,0.2642057671666249,26.42057671666249,0.18617557651924987,18.617557651924987,0.09664774829930001,9.66477482993,0.014554842707580682,1.4554842707580682,0.01455484270758068,0.018193553384475848,scenario,cyp_cystitis,372.58543357899566
20.916666666667,ganglia,10.137144348217362,0.966408809767,0.033591190233,0.26425970206690597,26.425970206690597,0.18624313454467326,18.624313454467327,0.09664088097670001,9.664088097670001,0.014586938978559519,1.4586938978559518,0.014586938978559517,0.018233673723199395,scenario,cyp_cystitis,369.61900737032084
21.0,ganglia,10.137875672488427,0.966339871932,0.033660128068,0.26431365323287614,26.431365323287615,0.18631074004408463,18.63107400440846,0.0966339871932,9.66339871932,0.014619177407913766,1.4619177407913766,0.014619177407913766,0.018273971759892208,scenario,cyp_cystitis,366.6525811616816
21.083333333333,ganglia,10.138610478773067,0.966270669488,0.033729330512,0.2643676208646335,26.43676208646335,0.186378393239815,18.6378393239815,0.09662706694880001,9.66270669488,0.014651558928865873,1.4651558928865873,0.014651558928865875,0.018314448661082346,scenario,cyp_cystitis,363.68615495304186
21.166666666667,ganglia,10.1393487811873,0.966201202434,0.033798797566,0.2644216051626288,26.44216051626288,0.18644609435469864,18.644609435469864,0.0966201202434,9.66201202434,0.014684084482707716,1.4684084482707715,0.014684084482707716,0.018355105603384644,scenario,cyp_cystitis,360.7197287443671
21.25,ganglia,10.140090593890625,0.966131470771,0.033868529229,0.26447560632848494,26.447560632848493,0.18651384361264992,18.65138436126499,0.0966131470771,9.66131470771,0.014716755018886247,1.4716755018886247,0.014716755018886247,0.018395943773607808,scenario,cyp_cystitis,357.75330253572776
21.333333333333,ganglia,10.140835931086148,0.966061474498,0.033938525502,0.26452962456390805,26.452962456390804,0.18658164123789783,18.658164123789785,0.0966061474498,9.66061474498,0.014749571495093775,1.4749571495093774,0.014749571495093776,0.01843696436886722,scenario,cyp_cystitis,354.7868763270881
21.416666666667,ganglia,10.141584807020607,0.965991205636,0.034008794364,0.2645836578860695,26.45836578860695,0.186649485913855,18.6649485913855,0.09659912056360001,9.659912056360001,0.014782534877355846,1.4782534877355846,0.014782534877355844,0.018478168596694804,scenario,cyp_cystitis,351.8204501184134
21.5,ganglia,10.142337235984405,0.965920643821,0.034079356179,0.2646377009171671,26.46377009171671,0.18671737392785237,18.671737392785236,0.0965920643821,9.65920643821,0.014815646140120306,1.4815646140120307,0.014815646140120306,0.018519557675150383,scenario,cyp_cystitis,348.8540239097741
21.583333333333,ganglia,10.143093232311724,0.96584978804,0.03415021196,0.26469175357698455,26.469175357698454,0.18678530530331613,18.678530530331614,0.09658497880400001,9.6584978804,0.014848906266351047,1.4848906266351047,0.014848906266351047,0.01856113283293881,scenario,cyp_cystitis,345.88759770113455
21.666666666667,ganglia,10.143852810380562,0.965778638293,0.034221361707,0.26474581606329906,26.474581606329906,0.18685328025999898,18.685328025999898,0.0965778638293,9.65778638293,0.01488231624761943,1.488231624761943,0.014882316247619432,0.01860289530952429,scenario,cyp_cystitis,342.92117149245956
21.75,ganglia,10.144615984612756,0.965707194579,0.034292805421,0.2647998885742233,26.47998885742233,0.186921299018137,18.6921299018137,0.09657071945790001,9.657071945790001,0.014915877084196871,1.4915877084196871,0.01491587708419687,0.018644846355246086,scenario,cyp_cystitis,339.95474528382016
21.833333333333,ganglia,10.145382769474107,0.965635456899,0.034364543101,0.2648539713090332,26.485397130903323,0.18698936179903686,18.698936179903686,0.0965635456899,9.65635456899,0.014949589785152276,1.4949589785152275,0.014949589785152278,0.018686987231440348,scenario,cyp_cystitis,336.9883190751808
21.916666666667,ganglia,10.146153179474396,0.965563425254,0.034436574746,0.2649080644676175,26.49080644676175,0.18705746882468613,18.705746882468613,0.0965563425254,9.65563425254,0.014983455368447115,1.4983455368447114,0.014983455368447115,0.018729319210558894,scenario,cyp_cystitis,334.0218928665057
22.0,ganglia,10.14692722916743,0.965491099642,0.034508900358,0.26496216824965274,26.496216824965273,0.18712562031716973,18.712562031716974,0.0965491099642,9.65491099642,0.015017474861031735,1.5017474861031734,0.015017474861031737,0.018771843576289672,scenario,cyp_cystitis,331.05546665786653
22.083333333333,ganglia,10.14770493315114,0.965418480063,0.034581519937,0.26501628285597983,26.501628285597985,0.18719381649964426,18.719381649964426,0.0965418480063,9.65418480063,0.015051649298946635,1.5051649298946634,0.015051649298946635,0.018814561623683293,scenario,cyp_cystitis,328.0890404492269
22.166666666667,ganglia,10.14848630606762,0.965345566519,0.034654433481,0.2650704084886028,26.50704084886028,0.18726205759633643,18.726205759633643,0.09653455665190001,9.653455665190002,0.015085979727421343,1.5085979727421344,0.015085979727421341,0.018857474659276677,scenario,cyp_cystitis,325.12261424055214
22.25,ganglia,10.149271362603155,0.965272359008,0.034727640992,0.265124545349039,26.512454534903902,0.18733034383137667,18.733034383137667,0.0965272359008,9.65272359008,0.015120467200974676,1.5120467200974677,0.015120467200974675,0.018900584001218343,scenario,cyp_cystitis,322.1561880319127
22.333333333333,ganglia,10.15006011748833,0.965198857531,0.034801142469,0.2651786936402468,26.517869364024683,0.18739867543016317,18.739867543016317,0.0965198857531,9.65198857531,0.015155112783519989,1.5155112783519988,0.015155112783519987,0.018943890979399983,scenario,cyp_cystitis,319.1897618232732
22.416666666667,ganglia,10.15085258549806,0.965125062088,0.034874937912,0.26523285356552495,26.523285356552496,0.18746705261858326,18.746705261858327,0.0965125062088,9.65125062088,0.01518991754846808,1.5189917548468082,0.01518991754846808,0.0189873969355851,scenario,cyp_cystitis,316.2233356145982
22.5,ganglia,10.151648781451614,0.965050970054,0.034949029946,0.2652870246071869,26.52870246071869,0.1875354751130965,18.75354751130965,0.0965050970054,9.650509700539999,0.015224882578831554,1.5224882578831553,0.015224882578831556,0.019031103223539445,scenario,cyp_cystitis,313.25690940595877
22.583333333333,ganglia,10.152448720212734,0.964976558752,0.035023441248,0.2653412007336206,26.53412007336206,0.18760393873157843,18.760393873157845,0.0964976558752,9.64976558752,0.01526000896733421,1.5260008967334209,0.015260008967334211,0.019075011209167762,scenario,cyp_cystitis,310.29048319731953
22.666666666667,ganglia,10.153252416689655,0.96490182295,0.03509817705,0.26539538070503466,26.539538070503465,0.1876724426778163,18.76724426778163,0.096490182295,9.649018229500001,0.01529529781651826,1.529529781651826,0.015295297816518262,0.019119122270647826,scenario,cyp_cystitis,307.3240569886445
22.75,ganglia,10.154059885835133,0.964826762649,0.035173237351,0.2654495647203491,26.544956472034908,0.18774098717272117,18.774098717272118,0.09648267626490001,9.64826762649,0.015330750238852836,1.5330750238852835,0.015330750238852836,0.019163437798566045,scenario,cyp_cystitis,304.357630780005
22.833333333333,ganglia,10.154871142646558,0.964751377849,0.035248622151,0.2655037529788079,26.55037529788079,0.18780957243767543,18.780957243767542,0.09647513778490001,9.647513778490001,0.015366367356847897,1.5366367356847896,0.015366367356847897,0.019207959196059873,scenario,cyp_cystitis,301.39120457136556
22.916666666667,ganglia,10.155686202165976,0.96467566855,0.03532433145,0.26555794568025176,26.555794568025178,0.18787819869472416,18.787819869472415,0.096467566855,9.6467566855,0.015402150303165763,1.5402150303165763,0.015402150303165767,0.01925268787895721,scenario,cyp_cystitis,298.4247783626908
23.0,ganglia,10.156505079480116,0.964599634752,0.035400365248,0.26561214302511527,26.561214302511527,0.18794686616657247,18.79468661665725,0.0964599634752,9.64599634752,0.015438100220734191,1.5438100220734192,0.015438100220734188,0.019297625275917735,scenario,cyp_cystitis,295.4583521540514
23.083333333333,ganglia,10.157327789720501,0.964523276455,0.035476723545,0.2656663452144323,26.566634521443227,0.1880155750765914,18.80155750765914,0.0964523276455,9.64523276455,0.015474218262864815,1.5474218262864814,0.015474218262864813,0.019342772828581017,scenario,cyp_cystitis,292.49192594541177
23.166666666667,ganglia,10.158154348063466,0.964446593659,0.035553406341,0.26572055244983356,26.572055244983357,0.18808432564881508,18.808432564881507,0.0964446593659,9.64446593659,0.015510505593369325,1.5510505593369326,0.015510505593369327,0.01938813199171166,scenario,cyp_cystitis,289.5254997367371
23.25,ganglia,10.158984769730191,0.964369586364,0.035630413636,0.26577476493354446,26.577476493354446,0.1881531181079383,18.81531181079383,0.0964369586364,9.643695863640001,0.015546963386677274,1.5546963386677275,0.015546963386677274,0.01943370423334659,scenario,cyp_cystitis,286.55907352809754
23.333333333333,ganglia,10.159819069986801,0.96429225457,0.03570774543,0.26582898286838985,26.582898286838986,0.188221952679322,18.8221952679322,0.096429225457,9.6429225457,0.015583592827959288,1.5583592827959287,0.015583592827959288,0.01947949103494911,scenario,cyp_cystitis,283.5926473194582
23.416666666667,ganglia,10.160657264144398,0.964214598276,0.035785401724,0.26588320645751595,26.588320645751594,0.1882908295887955,18.82908295887955,0.0964214598276,9.64214598276,0.015620395113248158,1.5620395113248158,0.015620395113248158,0.0195254938915602,scenario,cyp_cystitis,280.6262211107832
23.5,ganglia,10.161499367559069,0.964136617484,0.035863382516,0.2659374359054911,26.593743590549114,0.18835974906343456,18.835974906343456,0.0964136617484,9.64136617484,0.015657371449561495,1.5657371449561495,0.0156573714495615,0.019571714311951875,scenario,cyp_cystitis,277.65979490214374
23.583333333333,ganglia,10.162345395632011,0.964058312061,0.035941687939,0.2659916713802363,26.59916713802363,0.18842871130459593,18.842871130459592,0.09640583120610001,9.640583120610001,0.015694523055030087,1.5694523055030087,0.015694523055030087,0.019618153818787606,scenario,cyp_cystitis,274.69336869350434
23.666666666667,ganglia,10.16319536380954,0.963979663949,0.036020336051,0.2660459081031604,26.604590810316044,0.1884977130091782,18.84977130091782,0.0963979663949,9.639796639490001,0.015731851159024,1.5731851159024,0.015731851159024004,0.019664813948780006,scenario,cyp_cystitis,271.7269424848294
23.75,ganglia,10.164049287583119,0.963900660388,0.036099339612,0.26610014275316585,26.610014275316583,0.18856675190485095,18.856675190485095,0.09639006603880002,9.639006603880002,0.015769357002280444,1.5769357002280444,0.015769357002280444,0.019711696252850554,scenario,cyp_cystitis,268.76051627619
23.833333333333,ganglia,10.164907182489456,0.963821301379,0.036178698621,0.2661543755295967,26.61543755295967,0.18863582821299632,18.863582821299634,0.09638213013790001,9.63821301379,0.015807041837037423,1.5807041837037423,0.015807041837037423,0.019758802296296778,scenario,cyp_cystitis,265.7940900675504
23.916666666667,ganglia,10.165769064110538,0.963741586923,0.036258413077,0.26620860663237345,26.620860663237345,0.1887049421556371,18.87049421556371,0.09637415869230001,9.63741586923,0.015844906927165166,1.5844906927165165,0.015844906927165166,0.01980613365895646,scenario,cyp_cystitis,262.82766385887567
24.0,ganglia,10.166634948073634,0.963661517018,0.036338482982,0.2662628362611617,26.62628362611617,0.18877409395484634,18.877409395484634,0.0963661517018,9.63661517018,0.01588295354829943,1.5882953548299428,0.01588295354829943,0.019853691935374285,scenario,cyp_cystitis,259.8612376502362
0.0,brain,2.3516004500665,0.990096927836,0.009903072164,0.2887560624540819,28.875606245408193,0.05497577399344257,5.497577399344257,0.247524231959,24.7524231959,0.003125663724795627,0.3125663724795627,0.003125663724795627,0.002500530979836502,scenario,cyp_cystitis,0.001
0.083333333333,brain,2.357656627499595,0.99010665653,0.00989334347,0.28863523053353013,28.863523053353013,0.05481142186804016,5.481142186804016,0.2475266641325,24.752666413249997,0.0030291694194050068,0.3029169419405007,0.0030291694194050068,0.0024233355355240058,scenario,cyp_cystitis,34.61359015207399
0.166666666667,brain,2.363891729580689,0.990119625107,0.009880374893,0.28851963926887536,28.851963926887535,0.054652977322833765,5.465297732283377,0.24752990627675,24.752990627675,0.002939127372807827,0.2939127372807827,0.002939127372807827,0.0023513018982462617,scenario,cyp_cystitis,69.22618030456336
0.25,brain,2.3703080005505575,0.990137763613,0.009862236387,0.2884098169278054,28.840981692780538,0.05450050136607383,5.450050136607383,0.24753444090325,24.753444090325,0.002854934964081625,0.28549349640816246,0.002854934964081625,0.0022839479712653,scenario,cyp_cystitis,103.83877045663735
0.333333333333,brain,2.3769075378267432,0.99015716987,0.00984283013,0.2883045910818233,28.830459108182332,0.05435373148576441,5.435373148576441,0.2475392924675,24.75392924675,0.0027760624956204363,0.2776062495620436,0.0027760624956204363,0.002220849996496349,scenario,cyp_cystitis,138.45136060871133
0.416666666667,brain,2.3836922822083872,0.990180734535,0.009819265465,0.28820476640054277,28.820476640054277,0.054212777022390385,5.421277702239038,0.24754518363375,24.754518363375,0.0027020424509442698,0.270204245094427,0.0027020424509442698,0.002161633960755416,scenario,cyp_cystitis,173.06395076120072
0.5,brain,2.3906640080243307,0.990208570082,0.009791429918,0.28811033608270714,28.811033608270716,0.05407759141627619,5.4077591416276185,0.2475521425205,24.75521425205,0.002632460595145622,0.2632460595145622,0.002632460595145622,0.002105968476116498,scenario,cyp_cystitis,207.67654091327464
0.583333333333,brain,2.3978243132491177,0.990240516049,0.009759483951,0.2880212119252753,28.80212119252753,0.05394811055070037,5.394811055070036,0.24756012901225,24.756012901225,0.002566948559477798,0.2566948559477798,0.0025669485594777986,0.002053558847582239,scenario,cyp_cystitis,242.2891310653487
0.666666666667,brain,2.4051746096103477,0.990275751913,0.009724248087,0.28793711179066594,28.793711179066594,0.05382423174988793,5.3824231749887925,0.24756893797825,24.756893797825,0.0025051776291714657,0.25051776291714656,0.0025051776291714657,0.0020041421033371726,scenario,cyp_cystitis,276.901721217838
0.75,brain,2.4127161127140027,0.990314162169,0.009685837831,0.2878579565918674,28.785795659186743,0.05370588806615653,5.370588806615653,0.24757854054225,24.757854054225,0.0024468535127198953,0.24468535127198954,0.0024468535127198953,0.0019574828101759163,scenario,cyp_cystitis,311.51431136991204
0.833333333333,brain,2.4204498322155157,0.990355646932,0.009644353068,0.2877836695251703,28.778366952517032,0.053593010389560436,5.359301038956044,0.247588911733,24.7588911733,0.0023917119163913048,0.23917119163913048,0.0023917119163913048,0.001913369533113044,scenario,cyp_cystitis,346.1269015219859
0.916666666667,brain,2.4283765620628395,0.99039873528,0.00960126472,0.2877137731384488,28.77137731384488,0.053485452424598394,5.348545242459839,0.24759968382,24.759968382,0.0023395147830134366,0.23395147830134366,0.002339514783013437,0.0018716118264107497,scenario,cyp_cystitis,380.7394916744756
1.0,brain,2.4364968708409505,0.990442939255,0.009557060745,0.2876480734405151,28.76480734405151,0.05338311816902008,5.338311816902008,0.24761073481375,24.761073481375,0.002290047081576524,0.22900470815765242,0.002290047081576524,0.0018320376652612193,scenario,cyp_cystitis,415.3520818265494
1.083333333333,brain,2.4448110922481963,0.99048825577,0.00951174423,0.28783689213218466,28.783689213218466,0.053619770919579535,5.361977091957954,0.2476220639425,24.76220639425,0.0023105937426318546,0.23105937426318546,0.0023105937426318546,0.0018484749941054838,scenario,cyp_cystitis,407.52400968490565
1.166666666667,brain,2.453319315732974,0.990533964995,0.009466035005,0.2880292034301125,28.80292034301125,0.053860949575150044,5.386094957515004,0.24763349124875,24.763349124875,0.002331553308890584,0.23315533088905843,0.0023315533088905838,0.0018652426471124672,scenario,cyp_cystitis,399.69593754316827
1.25,brain,2.462021377322392,0.990578836313,0.009421163687,0.2882246548535299,28.82246548535299,0.05410659436703985,5.410659436703985,0.24764470907825,24.764470907825,0.0023529325526120914,0.23529325526120914,0.002352932552612091,0.001882346042089673,scenario,cyp_cystitis,391.86786540152434
1.333333333333,brain,2.4709168506752754,0.990621888215,0.009378111785,0.2884229613794562,28.842296137945624,0.05435665243427497,5.435665243427497,0.24765547205375,24.765547205375,0.002374738146670099,0.23747381466700992,0.0023747381466700987,0.001899790517336079,scenario,cyp_cystitis,384.03979325988075
1.416666666667,brain,2.480005038389541,0.990662139189,0.009337860811,0.2886238329105319,28.862383291053188,0.054611064151042533,5.461106415104253,0.24766553479725,24.766553479725,0.0023969766533714796,0.23969766533714795,0.002396976653371479,0.0019175813226971834,scenario,cyp_cystitis,376.21172111814303
1.5,brain,2.4892849635970196,0.990698607726,0.009301392274,0.28882697409685293,28.882697409685292,0.05486976288713725,5.486976288713725,0.2476746519315,24.767465193150002,0.0024196545131746376,0.24196545131746375,0.002419654513174638,0.0019357236105397105,scenario,cyp_cystitis,368.3836489764994
1.583333333333,brain,2.498755361879247,0.99073148664,0.00926851336,0.28903242675319585,28.903242675319586,0.0551327401242611,5.51327401242611,0.24768287166,24.768287166,0.0024427780333377952,0.24427780333377952,0.002442778033337795,0.001954222426670236,scenario,cyp_cystitis,360.55557683485574
1.666666666667,brain,2.508414673534907,0.990762115368,0.009237884632,0.28924056278416765,28.924056278416764,0.055400045256223565,5.540004525622357,0.247690528842,24.7690528842,0.0024663533765215857,0.24663533765215856,0.0024663533765215857,0.001973082701217269,scenario,cyp_cystitis,352.727504693118
1.75,brain,2.5182610362325386,0.990790530635,0.009209469365,0.2894513696799281,28.945136967992813,0.05567164936157087,5.567164936157087,0.24769763265875,24.769763265875,0.002490386549378851,0.24903865493788507,0.0024903865493788504,0.0019923092395030804,scenario,cyp_cystitis,344.8994325514743
1.833333333333,brain,2.528292278082242,0.990816756052,0.009183243948,0.2896648260985762,28.966482609857618,0.05594751611410157,5.594751611410157,0.247704189013,24.7704189013,0.0025148833911662694,0.25148833911662694,0.0025148833911662694,0.0020119067129330155,scenario,cyp_cystitis,337.07136040983073
1.916666666667,brain,2.538505911156729,0.99084081523,0.00915918477,0.2898809055746961,28.988090557469608,0.056227602356261466,5.622760235626147,0.2477102038075,24.77102038075,0.002539849562405991,0.2539849562405991,0.002539849562405991,0.0020318796499247927,scenario,cyp_cystitis,329.24328826809307
2.0,brain,2.548899125494862,0.990862751492,0.009137248508,0.2900995821836979,29.009958218369793,0.05651185908093052,5.651185908093051,0.247715687873,24.771568787299998,0.0025652905336342137,0.25652905336342136,0.0025652905336342132,0.0020522324269073708,scenario,cyp_cystitis,321.4152161264494
2.083333333333,brain,2.559468783620552,0.990882655867,0.009117344133,0.29031143240137336,29.031143240137336,0.05678769124616448,5.678769124616448,0.24772066396675,24.772066396675,0.0025883045768739774,0.25883045768739776,0.002588304576873978,0.0020706436614991823,scenario,cyp_cystitis,315.06630333113566
2.166666666667,brain,2.5702114156059612,0.99090058187,0.00909941813,0.29052571864049787,29.052571864049785,0.057067430897330525,5.706743089733052,0.2477251454675,24.77251454675,0.002611716144367348,0.2611716144367348,0.002611716144367348,0.0020893729154938786,scenario,cyp_cystitis,308.71739053574566
2.25,brain,2.5811232147105727,0.990916580282,0.009083419718,0.2907423989038596,29.07423989038596,0.057351005111146144,5.735100511114615,0.2477291450705,24.77291450705,0.002635527132242335,0.2635527132242335,0.0026355271322423355,0.0021084217057938683,scenario,cyp_cystitis,302.36847774043207
2.333333333333,brain,2.592200033626985,0.990930701886,0.009069298114,0.29096142569750466,29.096142569750466,0.057638333634672884,5.763833363467288,0.2477326754715,24.77326754715,0.002659739125041261,0.2659739125041261,0.0026597391250412616,0.0021277913000330093,scenario,cyp_cystitis,296.01956494511825
2.416666666667,brain,2.6034373813598677,0.990942983728,0.009057016272,0.2911827419405181,29.118274194051807,0.05792932801135743,5.792932801135743,0.247735745932,24.773574593200003,0.002684353384935679,0.2684353384935679,0.002684353384935679,0.002147482707948543,scenario,cyp_cystitis,289.6706521497284
2.5,brain,2.614830420766855,0.99095339052,0.00904660948,0.29140626367609374,29.140626367609375,0.05822388806145835,5.822388806145835,0.24773834763,24.773834763,0.0027093708413103075,0.27093708413103074,0.002709370841310308,0.0021674966730482466,scenario,cyp_cystitis,283.3217393544146
2.583333333333,brain,2.6263739667890977,0.990961928859,0.009038071141,0.2916319135725033,29.16319135725033,0.058521908477004406,5.852190847700441,0.24774048221475,24.774048221475002,0.002734792080758909,0.2734792080758909,0.0027347920807589085,0.002187833664607127,scenario,cyp_cystitis,276.97282655910095
2.666666666667,brain,2.638062485394194,0.990968614617,0.009031385383,0.29185961134498545,29.185961134498545,0.058823276920980556,5.882327692098055,0.24774215365425,24.774215365425,0.002760617337527158,0.2760617337527158,0.0027606173375271576,0.0022084938700217263,scenario,cyp_cystitis,270.623913763711
2.75,brain,2.649890093256345,0.990973463665,0.009026536335,0.29208927102401977,29.208927102401976,0.059127873477026346,5.9127873477026345,0.24774336591625,24.774336591625,0.002786846484445453,0.27868464844454527,0.002786846484445453,0.0022294771875563625,scenario,cyp_cystitis,264.27500096839714
2.833333333333,brain,2.6618505581971483,0.990976498039,0.009023501961,0.2923208027785613,29.23208027785613,0.05943557102508172,5.943557102508172,0.24774412450975,24.774412450975,0.002813479024394913,0.2813479024394913,0.002813479024394913,0.0022507832195159303,scenario,cyp_cystitis,257.9260881730834
2.916666666667,brain,2.6739373004048828,0.990977801999,0.009022198001,0.2925541294899532,29.255412948995318,0.05974623865360426,5.974623865360426,0.24774445049975,24.774445049975,0.00284051408234111,0.284051408234111,0.00284051408234111,0.002272411265872888,scenario,cyp_cystitis,251.5771753776935
3.0,brain,2.686143394452087,0.99097739792,0.00902260208,0.29278915018731044,29.278915018731045,0.06005973427641397,6.005973427641397,0.24774434948,24.774434948,0.0028679503979779997,0.28679503979779997,0.0028679503979779997,0.0022943603183824,scenario,cyp_cystitis,245.22826258237978
3.083333333333,brain,2.6984615721293905,0.990975285803,0.009024714197,0.2930257517013305,29.30257517013305,0.060375907000774026,6.037590700077403,0.24774382145075,24.774382145075,0.0028957863190243816,0.28957863190243815,0.0028957863190243816,0.0023166290552195054,scenario,cyp_cystitis,238.87934978706596
3.166666666667,brain,2.7108842261075567,0.990971465646,0.009028534354,0.2932638153143561,29.326381531435608,0.060694598537141396,6.0694598537141395,0.2477428664115,24.77428664115,0.002924019795205714,0.2924019795205714,0.002924019795205714,0.0023392158361645716,scenario,cyp_cystitis,232.53043699167605
3.25,brain,2.7234034144414156,0.990965937451,0.009034062549,0.29350321683224817,29.350321683224816,0.0610156432926642,6.10156432926642,0.24774148436275,24.774148436275002,0.0029526483729620055,0.29526483729620057,0.002952648372962005,0.002362118698369604,scenario,cyp_cystitis,226.1815241963624
3.333333333333,brain,2.736010865927203,0.990958701217,0.009041298783,0.293743826665849,29.374382666584896,0.06133886848213195,6.133886848213195,0.24773967530425,24.773967530425,0.002981669190921906,0.2981669190921906,0.0029816691909219065,0.0023853353527375255,scenario,cyp_cystitis,219.83261140104872
3.416666666667,brain,2.7486979863184056,0.990949756944,0.009050243056,0.2939855099294513,29.398550992945133,0.06166409425793513,6.166409425793513,0.247737439236,24.7737439236,0.0030110789761728235,0.30110789761728235,0.003011078976172823,0.0024088631809382585,scenario,cyp_cystitis,213.48369860565876
3.5,brain,2.7614558654067745,0.990939104632,0.009060895368,0.29422812655160424,29.422812655160424,0.06199113385813899,6.199113385813899,0.247734776158,24.773477615799997,0.0030408740413647257,0.30408740413647256,0.003040874041364726,0.002432699233091781,scenario,cyp_cystitis,207.13478581034494
3.583333333333,brain,2.774275284972706,0.990926744281,0.009073255719,0.2944715314000458,29.447153140004577,0.062319793773061065,6.231979377306106,0.24773168607025,24.773168607025,0.0030710502826842476,0.3071050282684248,0.0030710502826842476,0.002456840226147398,scenario,cyp_cystitis,200.78587301503126
3.666666666667,brain,2.7871467276024733,0.990912675891,0.009087324109,0.29471557442036483,29.471557442036485,0.06264987393015314,6.264987393015314,0.24772816897275,24.772816897275,0.003101603178724632,0.3101603178724632,0.0031016031787246324,0.002481282542979706,scenario,cyp_cystitis,194.4369602196413
3.75,brain,2.800060386371205,0.990896899463,0.009103100537,0.2949601007886182,29.49601007886182,0.06298116789715759,6.298116789715759,0.24772422486575,24.772422486575,0.0031325277902847864,0.31325277902847865,0.0031325277902847864,0.002506022232227829,scenario,cyp_cystitis,188.08804742432764
3.833333333333,brain,2.8130061753878555,0.990879414996,0.009120585004,0.29520495107630373,29.520495107630374,0.06331346310307166,6.3313463103071665,0.247719853749,24.771985374899998,0.003163818761129308,0.31638187611293084,0.003163818761129308,0.0025310550089034465,scenario,cyp_cystitis,181.73913462901388
3.916666666667,brain,2.825973741191457,0.990860222489,0.009139777511,0.2954499614301282,29.54499614301282,0.06364654107717092,6.364654107717092,0.24771505562225,24.771505562225,0.0031954703197294224,0.3195470319729422,0.003195470319729423,0.0025563762557835384,scenario,cyp_cystitis,175.39022183362388
4.0,brain,2.8389524749893047,0.990839321944,0.009160678056,0.2956949637651833,29.569496376518327,0.06398017770557769,6.398017770557769,0.247709830486,24.7709830486,0.0032274762820125253,0.3227476282012525,0.0032274762820125253,0.0025819810256100203,scenario,cyp_cystitis,169.0413090383102
4.083333333333,brain,2.851931525724922,0.990816735376,0.009183264624,0.29590892858146495,29.590892858146496,0.06427299298328656,6.4272992983286565,0.247704183844,24.7704183844,0.003248080457603841,0.32480804576038413,0.0032480804576038415,0.0025984643660830736,scenario,cyp_cystitis,166.9120720270459
4.166666666667,brain,2.864899813956624,0.990793071428,0.009206928572,0.29612240348237423,29.612240348237425,0.06456551416716565,6.4565514167165645,0.247698267857,24.7698267857,0.003268746866595685,0.3268746866595685,0.003268746866595685,0.002614997493276548,scenario,cyp_cystitis,164.7828350157559
4.25,brain,2.8778460465288256,0.990768605345,0.009231394655,0.29633529184509055,29.633529184509054,0.06485752067845403,6.485752067845403,0.24769215133625,24.769215133625,0.003289462981825358,0.3289462981825358,0.003289462981825358,0.0026315703854602867,scenario,cyp_cystitis,162.6535980044916
4.333333333333,brain,2.8907587320154238,0.990743337126,0.009256662874,0.2965474119987479,29.654741199874792,0.06514877028966384,6.514877028966384,0.2476858342815,24.768583428150002,0.0033102159600317885,0.3310215960031788,0.0033102159600317885,0.002648172768025431,scenario,cyp_cystitis,160.52436099322725
4.416666666667,brain,2.90362619690756,0.990717266772,0.009282733228,0.29675857962601376,29.675857962601377,0.06543901724401836,6.543901724401836,0.247679316693,24.7679316693,0.0033309926575169897,0.33309926575169896,0.0033309926575169897,0.0026647941260135918,scenario,cyp_cystitis,158.39512398193733
4.5,brain,2.9164366025194814,0.990690394283,0.009309605717,0.29696860803170655,29.696860803170654,0.0657280126146087,6.57280126146087,0.24767259857075,24.767259857075,0.0033517796467952715,0.33517796467952715,0.0033517796467952715,0.0026814237174362173,scenario,cyp_cystitis,156.265886970673
4.583333333333,brain,2.9291779625834495,0.990662719659,0.009337280341,0.29717730842194523,29.717730842194523,0.06601550467626031,6.601550467626032,0.24766567991475,24.766567991475,0.003372563234209809,0.3372563234209809,0.0033725632342098094,0.0026980505873678475,scenario,cyp_cystitis,154.13664995940857
4.666666666667,brain,2.9418381614977918,0.9906342429,0.0093657571,0.2973844901917082,29.738449019170822,0.06630123928894424,6.630123928894424,0.247658560725,24.7658560725,0.0033933294784860143,0.3393329478486014,0.0033933294784860147,0.002714663582788812,scenario,cyp_cystitis,152.00741294811868
4.75,brain,2.9544049731937436,0.990604964006,0.009395035994,0.29758996122050896,29.758996122050895,0.06658496029201193,6.658496029201193,0.2476512410015,24.76512410015,0.0034140642101945355,0.34140642101945357,0.0034140642101945355,0.0027312513681556285,scenario,cyp_cystitis,149.87817593685438
4.833333333333,brain,2.9668660805841163,0.990574882977,0.009425117023,0.29779352817557014,29.779352817557015,0.06686640990842682,6.686640990842682,0.24764372074425,24.764372074425,0.003434753052093346,0.3434753052093346,0.0034347530520933466,0.0027478024416746774,scenario,cyp_cystitis,147.74893892559004
4.916666666667,brain,2.979209095550283,0.990543999812,0.009456000188,0.2979949968214761,29.799499682147612,0.06714532915796816,6.714532915796815,0.247635999953,24.7635999953,0.0034553814403083826,0.34553814403083827,0.0034553814403083818,0.0027643051522467056,scenario,cyp_cystitis,145.6197019143001
5.0,brain,2.9914215794257273,0.990512378188,0.009487621812,0.2981941915068244,29.819419150682442,0.06742146261309921,6.742146261309921,0.247628094547,24.7628094547,0.0034759346463156815,0.34759346463156815,0.0034759346463156815,0.0027807477170525455,scenario,cyp_cystitis,143.49046490303564
5.083333333333,brain,3.003491063932063,0.990480172926,0.009519827074,0.29839096382644215,29.839096382644215,0.06769456079325623,6.769456079325622,0.2476200432315,24.76200432315,0.0034963977996848115,0.34963977996848117,0.0034963977996848115,0.0027971182397478495,scenario,cyp_cystitis,141.3612278917713
5.166666666667,brain,3.015405072517315,0.990447390983,0.009552609017,0.29858512098727585,29.858512098727587,0.0679643643220345,6.79643643220345,0.24761184774575,24.761184774575,0.003516755911533632,0.35167559115336317,0.0035167559115336314,0.0028134047292269052,scenario,cyp_cystitis,139.23199088048148
5.25,brain,3.0271511420482957,0.990414032358,0.009585967642,0.2987764684906719,29.87764684906719,0.0682306138682292,6.82306138682292,0.2476035080895,24.760350808949998,0.003536993898648165,0.3536993898648165,0.0035369938986481646,0.002829595118918532,scenario,cyp_cystitis,137.10275386921708
5.333333333333,brain,3.0387168448069133,0.990380097051,0.009619902949,0.29896481255859453,29.896481255859452,0.06849305106112598,6.849305106112598,0.24759502426275,24.759502426275002,0.003557096608218476,0.35570966082184763,0.0035570966082184765,0.0028456772865747813,scenario,cyp_cystitis,134.97351685795275
5.416666666667,brain,3.0500898107347214,0.990345585063,0.009654414937,0.2991499604686023,29.91499604686023,0.06875141893713645,6.875141893713645,0.24758639626575,24.758639626575,0.00357704884313215,0.35770488431321495,0.00357704884313215,0.00286163907450572,scenario,cyp_cystitis,132.8442798466628
5.5,brain,3.0612577498723788,0.990310496393,0.009689503607,0.2993317208894449,29.933172088944488,0.06900546238825984,6.900546238825984,0.24757762409825,24.757762409825,0.003596835387771032,0.3596835387771032,0.0035968353877710315,0.0028774683102168255,scenario,cyp_cystitis,130.7150428353985
5.583333333333,brain,3.0722084749391296,0.990274831042,0.009725168958,0.2995099042195104,29.95099042195104,0.06925492861201389,6.9254928612013895,0.2475687077605,24.75687077605,0.0036164410342543712,0.3616441034254371,0.0036164410342543712,0.0028931528274034972,scenario,cyp_cystitis,128.58580582413407
5.666666666667,brain,3.082929923992595,0.99023858901,0.00976141099,0.2996843229230425,29.968432292304247,0.06949956756072329,6.9499567560723285,0.2475596472525,24.75596472525,0.0036358506090628235,0.36358506090628234,0.0036358506090628244,0.0029086804872502595,scenario,cyp_cystitis,126.45656881284415
5.75,brain,3.093410183111869,0.990201770295,0.009798229705,0.2998547918660446,29.985479186604458,0.06973913238972607,6.973913238972607,0.24755044257375,24.755044257375,0.003655048999982244,0.3655048999982244,0.003655048999982244,0.002924039199985795,scenario,cyp_cystitis,124.32733180157986
5.833333333333,brain,3.103637509045892,0.990164385027,0.009835614973,0.30002113172138856,30.002113172138856,0.06997338061951808,6.997338061951808,0.24754109625675,24.754109625675,0.0036740211833041227,0.36740211833041225,0.0036740211833041223,0.002939216946643298,scenario,cyp_cystitis,122.19809479031547
5.916666666667,brain,3.113600351765024,0.990126611321,0.009873388679,0.3001832171669522,30.01832171669522,0.07020208578226955,7.020208578226955,0.24753165283025,24.753165283024998,0.003692752251211652,0.3692752251211652,0.003692752251211652,0.0029542018009693217,scenario,cyp_cystitis,120.06885777902558
6.0,brain,3.123287376856844,0.990088514384,0.009911485616,0.30034089214910276,30.034089214910274,0.0704250180708037,7.04250180708037,0.247522128596,24.7522128596,0.00371122743928523,0.37112274392852296,0.00371122743928523,0.002968981951428184,scenario,cyp_cystitis,117.9396207677612
6.083333333333,brain,3.1326874877067437,0.990050094214,0.009949905786,0.3004939845824093,30.04939845824093,0.07064194803854573,7.064194803854573,0.2475125235535,24.75125235535,0.0037294321540598074,0.37294321540598074,0.003729432154059807,0.002983545723247846,scenario,cyp_cystitis,115.81038375649688
6.166666666667,brain,3.1417898474007084,0.990011350812,0.009988649188,0.3006423264162482,30.064232641624823,0.07085265161766434,7.085265161766434,0.247502837703,24.7502837703,0.003747352000559413,0.3747352000559413,0.0037473520005594126,0.0029978816004475302,scenario,cyp_cystitis,113.68114674520695
6.25,brain,3.150583900291158,0.989972284178,0.010027715822,0.30078575394682955,30.078575394682954,0.07105691053643942,7.105691053643942,0.2474930710445,24.74930710445,0.003764972809739533,0.3764972809739533,0.003764972809739533,0.0030119782477916264,scenario,cyp_cystitis,111.55190973394255
6.333333333333,brain,3.1590593931668813,0.989932894312,0.010067105688,0.3009241081242384,30.092410812423843,0.0712545127283179,7.12545127283179,0.247483223578,24.7483223578,0.0037822806657672324,0.37822806657672325,0.0037822806657672324,0.0030258245326137863,scenario,cyp_cystitis,109.42267272267827
6.416666666667,brain,3.1672063959658256,0.989893181213,0.010106818787,0.3010572348515781,30.10572348515781,0.07144525273110416,7.144525273110417,0.24747329530325,24.747329530325,0.0037992619330628366,0.37992619330628363,0.0037992619330628366,0.0030394095464502694,scenario,cyp_cystitis,107.29343571138834
6.5,brain,3.1750153219733726,0.989853144882,0.010146855118,0.3011849852773154,30.11849852773154,0.07162893207575388,7.162893207575388,0.2474632862205,24.74632862205,0.0038159032830327845,0.38159032830327844,0.0038159032830327845,0.0030527226264262276,scenario,cyp_cystitis,105.16419870012392
6.583333333333,brain,3.182476947449482,0.989812785319,0.010187214681,0.3013072160770818,30.13072160770818,0.07180535966310905,7.180535966310905,0.24745319632975,24.745319632975,0.0038321917204232015,0.38321917204232014,0.0038321917204232024,0.003065753376338562,scenario,cyp_cystitis,103.0349616888596
6.666666666667,brain,3.1895824306267793,0.989772102524,0.010227897476,0.30142378972724,30.142378972724,0.07197435212831997,7.197435212831997,0.247443025631,24.7443025631,0.0038481146092186817,0.3848114609218682,0.0038481146092186817,0.0030784916873749456,scenario,cyp_cystitis,100.90572467756967
6.75,brain,3.19632333002585,0.989731145145,0.010268854855,0.3015345895892892,30.15345895892892,0.07213573773738555,7.213573773738554,0.24743278628625,24.743278628625003,0.0038636596980170784,0.38636596980170784,0.0038636596980170784,0.003090927758413663,scenario,cyp_cystitis,98.77648766630534
6.833333333333,brain,3.202691622035344,0.989690029341,0.010309970659,0.3016395259402395,30.16395259402395,0.072289358139986,7.228935813998601,0.24742250733525,24.742250733525,0.0038788151448116612,0.38788151448116615,0.003878815144811661,0.0031030521158493286,scenario,cyp_cystitis,96.64725065504093
6.916666666667,brain,3.2086797177041544,0.98964879472,0.01035120528,0.30173849232503536,30.173849232503535,0.07243505819338052,7.2435058193380515,0.24741219868,24.741219868,0.0038935695411081526,0.3893569541108153,0.0038935695411081526,0.0031148556328865224,scenario,cyp_cystitis,94.51801364375106
7.0,brain,3.214280478697365,0.98960747856,0.01039252144,0.3018313883751285,30.183138837512853,0.07257269164683802,7.257269164683803,0.24740186964,24.740186964,0.003907911935310779,0.39079119353107794,0.00390791193531078,0.003126329548248624,scenario,cyp_cystitis,92.38877663248674
7.083333333333,brain,3.2194872323695645,0.989566118137,0.010433881863,0.3019181207314464,30.191812073144643,0.07270212159626185,7.270212159626185,0.24739152953425,24.739152953425002,0.003921831855312803,0.3921831855312803,0.003921831855312802,0.0031374654842502418,scenario,cyp_cystitis,90.25953962122233
7.166666666667,brain,3.224293785909701,0.98952475073,0.01047524927,0.3019986032467732,30.199860324677317,0.07282322075236422,7.282322075236422,0.2473811876825,24.73811876825,0.003935319330224209,0.39353193302242084,0.003935319330224209,0.0031482554641793672,scenario,cyp_cystitis,88.13030260993246
7.25,brain,3.2286944395162678,0.989483413615,0.010516586385,0.3020727571711501,30.20727571711501,0.07293587168986682,7.293587168986681,0.24737085340375,24.737085340375,0.003948364911176279,0.39483649111762786,0.003948364911176279,0.003158691928941023,scenario,cyp_cystitis,86.00106559866808
7.333333333333,brain,3.232683998563986,0.98944214407,0.01055785593,0.3021405113265584,30.21405113265584,0.0730399670787445,7.303996707874449,0.2473605360175,24.73605360175,0.003960959691144654,0.3960959691144654,0.003960959691144654,0.003168767752915723,scenario,cyp_cystitis,83.87182858740378
7.416666666667,brain,3.236257784724621,0.989400979371,0.010599020629,0.30220180226434007,30.220180226434007,0.07313540989545345,7.313540989545345,0.24735024484275,24.735024484275,0.003973095323730951,0.39730953237309513,0.003973095323730951,0.003178476258984761,scenario,cyp_cystitis,81.74259157611381
7.5,brain,3.239411646009211,0.989359956797,0.010640043203,0.3022565744104784,30.225657441047836,0.07322211361497122,7.322211361497121,0.24733998919925,24.733998919925,0.003984764040850115,0.3984764040850115,0.003984764040850115,0.0031878112326800922,scenario,cyp_cystitis,79.61335456484946
7.583333333333,brain,3.242141965701829,0.989319113625,0.010680886375,0.30230478019259327,30.230478019259326,0.07330000238179105,7.330000238179105,0.24732977840625,24.732977840625,0.003995958669273377,0.39959586692733773,0.003995958669273377,0.003196766935418702,scenario,cyp_cystitis,77.48411755358511
7.666666666667,brain,3.2444456701571895,0.989278487131,0.010721512869,0.3023463801532117,30.23463801532117,0.0733690111606156,7.3369011160615605,0.24731962178275,24.731962178274998,0.004006672645976016,0.4006672645976016,0.004006672645976016,0.0032053381167808127,scenario,cyp_cystitis,75.35488054229519
7.75,brain,3.2463202354390726,0.989238114592,0.010761885408,0.30238134304752506,30.238134304752506,0.07342908586603344,7.342908586603344,0.247309528648,24.7309528648,0.004016900032246474,0.40169000322464743,0.004016900032246474,0.0032135200257971796,scenario,cyp_cystitis,73.22564353103081
7.833333333333,brain,3.24776369277962,0.989198033287,0.010801966713,0.3024096459247933,30.24096459247933,0.0734801834707244,7.34801834707244,0.24729950832175,24.729950832175,0.004026635526516568,0.4026635526516568,0.004026635526516567,0.003221308421213254,scenario,cyp_cystitis,71.09640651976648
7.916666666667,brain,3.248774632842489,0.989158280493,0.010841719507,0.3024312741919676,30.243127419196757,0.0735222720916234,7.35222720916234,0.24728957012325,24.728957012325,0.004035874475872796,0.4035874475872796,0.004035874475872796,0.003228699580698237,scenario,cyp_cystitis,68.96716950847657
8.0,brain,3.249352208777296,0.989118893486,0.010881106514,0.3024462216624425,30.244622166244252,0.07355533105459,7.355533105459,0.2472797233715,24.72797233715,0.004044612886216157,0.40446128862161573,0.004044612886216157,0.003235690308972926,scenario,cyp_cystitis,66.83793249721222
8.083333333333,brain,3.249496138056081,0.989079909544,0.010920090456,0.3024418538295742,30.244185382957422,0.07356250192476564,7.356250192476564,0.247269977386,24.7269977386,0.0040471660072728686,0.4047166007272869,0.004047166007272869,0.003237732805818296,scenario,cyp_cystitis,66.20941894635241
8.166666666667,brain,3.2492067030859966,0.989041365945,0.010958634055,0.30243081042105996,30.243081042105995,0.07356062524641326,7.356062524641326,0.24726034148625,24.726034148625,0.004049184252564399,0.4049184252564399,0.004049184252564399,0.0032393474020515193,scenario,cyp_cystitis,65.58090539548502
8.25,brain,3.2484847505965915,0.989003299964,0.010996700036,0.30241311486798617,30.241311486798615,0.07354971983598156,7.354971983598156,0.247250824991,24.7250824991,0.004050667733145345,0.4050667733145345,0.004050667733145345,0.003240534186516276,scenario,cyp_cystitis,64.95239184462515
8.333333333333,brain,3.247331689803395,0.988965748881,0.011034251119,0.30238879902438043,30.238879902438043,0.07352981573884054,7.352981573884055,0.24724143722025,24.724143722024998,0.0040516172575497805,0.40516172575497805,0.00405161725754978,0.003241293806039824,scenario,cyp_cystitis,64.32387829376533
8.416666666667,brain,3.245749489353445,0.988928749971,0.011071250029,0.30235790312132027,30.23579031213203,0.07350095417142699,7.350095417142699,0.24723218749275,24.723218749275,0.004052034330057345,0.40520343300573447,0.004052034330057345,0.003241627464045876,scenario,cyp_cystitis,63.69536474289795
8.5,brain,3.2437406730621086,0.988892331271,0.011107668729,0.30232047288500535,30.232047288500535,0.07346318675634046,7.346318675634047,0.24722308281775,24.722308281775,0.004051921147460628,0.4051921147460628,0.004051921147460629,0.003241536917968503,scenario,cyp_cystitis,63.06685119203807
8.583333333333,brain,3.241308314453833,0.988856514083,0.011143485917,0.30227656022790067,30.227656022790068,0.07341657560953421,7.341657560953421,0.24721412852075,24.721412852075,0.004051280594343496,0.40512805943434965,0.004051280594343496,0.003241024475474797,scenario,cyp_cystitis,62.438337641178215
8.666666666667,brain,3.2384560301236935,0.988821333268,0.011178666732,0.3022262293618222,30.22262293618222,0.07336119472642959,7.336119472642959,0.247205333317,24.7205333317,0.004050116236884401,0.4050116236884401,0.004050116236884401,0.003240092989507521,scenario,cyp_cystitis,61.809824090310855
8.75,brain,3.235187971939761,0.988786823864,0.011213176136,0.30216955259889355,30.216955259889357,0.07329712884385804,7.329712884385804,0.247196705966,24.7196705966,0.004048432315203459,0.4048432315203459,0.004048432315203459,0.0032387458521627673,scenario,cyp_cystitis,61.18131053945103
8.833333333333,brain,3.23150881810939,0.988753020911,0.011246979089,0.3021066101751396,30.210661017513964,0.07322447326318612,7.3224473263186125,0.24718825522775,24.718825522775,0.004046233734275928,0.4046233734275928,0.004046233734275929,0.003236986987420743,scenario,cyp_cystitis,60.55279698859116
8.916666666667,brain,3.2274237631369553,0.988719959446,0.011280040554,0.3020374901107808,30.20374901107808,0.0731433336657077,7.314333366570771,0.2471799898615,24.71799898615,0.0040435260534395,0.40435260534394996,0.004043526053439499,0.003234820842751599,scenario,cyp_cystitis,59.9242834377238
9.0,brain,3.22293850670302,0.98868767451,0.01131232549,0.30196228805925823,30.196228805925823,0.07305382590901098,7.305382590901098,0.2471719186275,24.71719186275,0.004040315474526715,0.4040315474526715,0.004040315474526715,0.0032322523796213722,scenario,cyp_cystitis,59.295769886863944
9.083333333333,brain,3.2180592414976896,0.98865620114,0.01134379886,0.30188110713711186,30.188110713711186,0.07295607580281584,7.295607580281584,0.247164050285,24.7164050285,0.004036608828657403,0.40366088286574026,0.004036608828657402,0.003229287062925922,scenario,cyp_cystitis,58.66725633600411
9.166666666667,brain,3.212792640045408,0.988625574375,0.011374425625,0.3017940577439997,30.17940577439997,0.07285021886699965,7.2850218866999645,0.24715639359375,24.715639359375,0.004032413561730947,0.4032413561730947,0.004032413561730946,0.003225930849384757,scenario,cyp_cystitis,58.03874278513675
9.25,brain,3.2071458405600692,0.988595829255,0.011404170745,0.30170125736688824,30.170125736688824,0.07273640007085097,7.273640007085097,0.24714895731375,24.714895731375,0.004027737718661183,0.4027737718661183,0.004027737718661183,0.003222190174928946,scenario,cyp_cystitis,57.410229234276876
9.333333333333,brain,3.2011264318717547,0.988567000818,0.011432999182,0.3016028303704165,30.16028303704165,0.07261477355455535,7.261477355455535,0.2471417502045,24.71417502045,0.004022589926399885,0.4022589926399885,0.004022589926399885,0.003218071941119908,scenario,cyp_cystitis,56.781715683417055
9.416666666667,brain,3.194742437470758,0.988539124103,0.011460875897,0.30149890777640964,30.149890777640962,0.07248550233421286,7.248550233421286,0.24713478102575,24.713478102575,0.004016979375799697,0.40169793757996974,0.004016979375799697,0.003213583500639758,scenario,cyp_cystitis,56.15320213254967
9.5,brain,3.1880022987153804,0.988512234149,0.011487765851,0.30138962703002875,30.138962703002875,0.07234875799037163,7.234875799037163,0.24712805853725,24.712805853725,0.0040109158023693605,0.40109158023693603,0.00401091580236936,0.003208732641895488,scenario,cyp_cystitis,55.52468858168981
9.583333333333,brain,3.1809148572518713,0.988486365995,0.011513634005,0.30127513175465026,30.127513175465026,0.07220472034120037,7.2204720341200375,0.24712159149875,24.712159149875,0.004004409465976667,0.4004409465976667,0.004004409465976667,0.003203527572781334,scenario,cyp_cystitis,54.896175030829966
9.666666666667,brain,3.1734893366991086,0.988461554679,0.011538445321,0.3011555714954919,30.11555714954919,0.07205357710098918,7.205357710098919,0.24711538866975,24.711538866975,0.003997471129559399,0.39974711295593984,0.003997471129559398,0.0031979769036475183,scenario,cyp_cystitis,54.267661479962584
9.75,brain,3.165735323650484,0.98843783524,0.01156216476,0.3010311014538269,30.10311014538269,0.07189552352510255,7.189552352510255,0.24710945881,24.710945880999997,0.003990112036905316,0.3990112036905316,0.003990112036905315,0.0031920896295242526,scenario,cyp_cystitis,53.63914792910274
9.833333333333,brain,3.157662748046807,0.988415242718,0.011584757282,0.3009018822109086,30.09018822109086,0.07173076204187812,7.1730762041878116,0.2471038106795,24.71038106795,0.003982343889564302,0.39823438895643015,0.003982343889564302,0.0031858751116514415,scenario,cyp_cystitis,53.0106343782429
9.916666666667,brain,3.149281862978003,0.988393812151,0.011606187849,0.3007680794420068,30.076807944200677,0.07155950187234243,7.155950187234243,0.24709845303775,24.709845303774998,0.0039741788229602625,0.39741788229602626,0.003974178822960262,0.0031793430583682094,scenario,cyp_cystitis,52.38212082737553
10.0,brain,3.1406032239702952,0.988373578577,0.011626421423,0.3006298636236866,30.06298636236866,0.07138195863924877,7.138195863924877,0.24709339464425,24.709339464425,0.003965629381770107,0.3965629381770107,0.003965629381770107,0.003172503505416086,scenario,cyp_cystitis,51.75360727651567
10.083333333333,brain,3.131637667816319,0.988354577036,0.011645422964,0.30048740973351146,30.048740973351144,0.07119835396601527,7.119835396601528,0.247088644259,24.7088644259,0.003956708494638433,0.39567084946384334,0.003956708494638432,0.003165366795710746,scenario,cyp_cystitis,51.125093725655844
10.166666666667,brain,3.1223962910092533,0.988336842566,0.011663157434,0.300340896941118,30.0340896941118,0.07100891506615735,7.100891506615735,0.2470842106415,24.70842106415,0.003947429448300707,0.3947429448300707,0.003947429448300707,0.003157943558640566,scenario,cyp_cystitis,50.49658017478845
10.25,brain,3.1128904278400116,0.98832026416,0.01167973584,0.3001904639356334,30.019046393563343,0.0708138638608446,7.08138638608446,0.24708006604,24.708006603999998,0.003937805861186308,0.3937805861186308,0.003937805861186308,0.0031502446889490466,scenario,cyp_cystitis,49.86806662392861
10.333333333333,brain,3.1031316282167,0.988304668624,0.011695331376,0.3000362341752375,30.00362341752375,0.07061342269231667,7.061342269231667,0.247076167156,24.7076167156,0.003927851656573341,0.3927851656573341,0.003927851656573341,0.003142281325258673,scenario,cyp_cystitis,49.23955307306877
10.416666666667,brain,3.093131635268787,0.988290053499,0.011709946501,0.29987838629354013,29.987838629354012,0.07040783055838683,7.040783055838682,0.24707251337475,24.707251337475,0.003917581035370894,0.39175810353708945,0.003917581035370895,0.0031340648282967166,scenario,cyp_cystitis,48.61103952220138
10.5,brain,3.0829023627955046,0.988276416936,0.011723583064,0.2997171020499217,29.97171020499217,0.07019733042122892,7.019733042122891,0.247069104234,24.7069104234,0.0039070084486018414,0.39070084486018414,0.0039070084486018414,0.0031256067588814732,scenario,cyp_cystitis,47.98252597134155
10.583333333333,brain,3.0724558726175224,0.988263757082,0.011736242918,0.29955256581339557,29.955256581339558,0.06998216872386077,6.998216872386077,0.2470659392705,24.70659392705,0.0038961485696590984,0.38961485696590986,0.0038961485696590984,0.0031169188557272787,scenario,cyp_cystitis,47.354012420481695
10.666666666667,brain,3.0618043518938247,0.988252072089,0.011747927911,0.2993849642335342,29.93849642335342,0.06976259494837896,6.976259494837896,0.24706301802225,24.706301802225,0.0038850162664115506,0.38850162664115506,0.00388501626641155,0.0031080130131292405,scenario,cyp_cystitis,46.72549886961432
10.75,brain,3.050960090461893,0.988241360106,0.011758639894,0.2992144859047802,29.921448590478022,0.06953886117104026,6.953886117104026,0.2470603400265,24.70603400265,0.0038736265732321907,0.38736265732321906,0.00387362657323219,0.003098901258585752,scenario,cyp_cystitis,46.096985318754484
10.833333333333,brain,3.0399354582582716,0.988231619282,0.011768380718,0.29904132103342335,29.904132103342334,0.06931122161723116,6.931122161723116,0.2470579048205,24.70579048205,0.0038619946630201133,0.38619946630201135,0.0038619946630201137,0.003089595730416091,scenario,cyp_cystitis,45.46847176789464
10.916666666667,brain,3.028742882879082,0.988222847769,0.011777152231,0.29886566110474405,29.886566110474405,0.06907993221665873,6.907993221665873,0.24705571194225,24.705571194225,0.003850135819290836,0.3850135819290836,0.0038501358192908355,0.0030801086554326684,scenario,cyp_cystitis,44.839958217027245
11.0,brain,3.0173948273354467,0.988215043714,0.011784956286,0.2986876985477805,29.868769854778048,0.06884525015904065,6.884525015904066,0.2470537609285,24.705376092850003,0.003838065408404718,0.3838065408404718,0.0038380654084047183,0.0030704523267237748,scenario,cyp_cystitis,44.21144466616742
11.083333333333,brain,3.0059037680572276,0.988208205269,0.011791794731,0.29850762640726874,29.850762640726874,0.06860743345335833,6.860743345335833,0.24705205131725,24.705205131725,0.003825798852001741,0.3825798852001741,0.0038257988520017405,0.0030606390816013927,scenario,cyp_cystitis,43.58293111530756
11.166666666667,brain,2.9942821732006237,0.988202330582,0.011797669418,0.29832563801238376,29.832563801238376,0.06836674048917833,6.836674048917833,0.2470505826455,24.70505826455,0.00381335159971317,0.381335159971317,0.0038133515997131697,0.003050681279770536,scenario,cyp_cystitis,42.95441756444018
11.25,brain,2.9825424813098618,0.988197417804,0.011802582196,0.2981419266536196,29.81419266536196,0.0681234296034928,6.812342960349279,0.247049354451,24.7049354451,0.003800739102215152,0.3800739102215152,0.0038007391022151526,0.003040591281772122,scenario,cyp_cystitis,42.325904013580335
11.333333333333,brain,2.9706970803812265,0.988193465085,0.011806534915,0.29795668526038616,29.795668526038614,0.06787775865218158,6.787775865218158,0.24704836627125,24.704836627124998,0.0037879767846870564,0.37879767846870566,0.0037879767846870564,0.003030381427749645,scenario,cyp_cystitis,41.697390462720506
11.416666666667,brain,2.9587582873794833,0.988190470574,0.011809529426,0.2977701060846364,29.777010608463637,0.06762998458818184,6.762998458818184,0.2470476176435,24.70476176435,0.003775080020739328,0.3775080020739328,0.0037750800207393275,0.003020064016591462,scenario,cyp_cystitis,41.06887691185311
11.5,brain,2.946738328250865,0.98818843242,0.01181156758,0.29758238039031926,29.758238039031927,0.06738036304709237,6.738036304709237,0.247047108105,24.7047108105,0.0037620641068692776,0.3762064106869278,0.0037620641068692776,0.0030096512854954223,scenario,cyp_cystitis,40.440363360993274
11.583333333333,brain,2.9346493184744533,0.988187348774,0.011812651226,0.29739369814933925,29.739369814933923,0.06712914794111899,6.7129147941118985,0.2470468371935,24.70468371935,0.003748944237500561,0.3748944237500561,0.003748944237500561,0.002999155390000449,scenario,cyp_cystitis,39.81184981013344
11.666666666667,brain,2.9225032441953083,0.988187205355,0.011812794645,0.29720424400422224,29.720424400422225,0.06687659022062965,6.687659022062966,0.24704680133875,24.704680133875,0.0037357354806636374,0.3735735480663637,0.003735735480663637,0.0029885883845309096,scenario,cyp_cystitis,39.18333625926604
11.75,brain,2.910311943976391,0.988187940598,0.011812059402,0.2970141865146496,29.701418651464962,0.06662293515353283,6.662293515353284,0.2470469851495,24.70469851495,0.003722452754367563,0.3722452754367563,0.0037224527543675634,0.002977962203494051,scenario,cyp_cystitis,38.554822708406206
11.833333333333,brain,2.898087091203702,0.98818953755,0.01181046245,0.2968237055241438,29.682370552414376,0.06636842818219167,6.636842818219167,0.2470473843875,24.704738438750002,0.003709110803710384,0.3709110803710384,0.0037091108037103837,0.0029672886429683073,scenario,cyp_cystitis,37.926309157546356
11.916666666667,brain,2.8858401771803925,0.988191985855,0.011808014145,0.2966329804326774,29.663298043267737,0.06611331195856984,6.611331195856984,0.24704799646375,24.704799646375,0.003695724178776663,0.36957241787766626,0.0036957241787766624,0.00295657934302133,scenario,cyp_cystitis,37.297795606678974
12.0,brain,2.8735824949389768,0.988195275155,0.011804724845,0.29644218794673477,29.644218794673478,0.06585782554397969,6.585782554397969,0.24704881878875,24.704881878875,0.0036823072133632304,0.36823072133632306,0.003682307213363231,0.002945845770690585,scenario,cyp_cystitis,36.66928205581914
12.083333333333,brain,2.8613251237979966,0.988199395094,0.011800604906,0.29624797515853957,29.624797515853956,0.06559750184671942,6.559750184671942,0.2470498487735,24.70498487735,0.003667239572987237,0.3667239572987237,0.003667239572987237,0.00293379165838979,scenario,cyp_cystitis,36.50421607647487
12.166666666667,brain,2.8490789146906854,0.988204335314,0.011795664686,0.29605406460167766,29.605406460167767,0.0653373076975702,6.533730769757019,0.2470510838285,24.70510838285,0.0036521809329002966,0.36521809329002963,0.0036521809329002966,0.0029217447463202374,scenario,cyp_cystitis,36.33915009712862
12.25,brain,2.836854476286379,0.988210085458,0.011789914542,0.29586062339804914,29.586062339804915,0.0650774693780655,6.50774693780655,0.2470525213645,24.70525213645,0.003637144850414639,0.3637144850414639,0.0036371448504146386,0.002909715880331711,scenario,cyp_cystitis,36.174084117784375
12.333333333333,brain,2.824662161922597,0.988216635169,0.011783364831,0.29566781497951394,29.566781497951393,0.06481820824968525,6.4818208249685245,0.24705415879225,24.705415879225,0.0036221445668837087,0.3622144566883709,0.003622144566883709,0.0028977156535069677,scenario,cyp_cystitis,36.0090181384401
12.416666666667,brain,2.8125120573668334,0.98822397409,0.01177602591,0.29547579887887926,29.547579887887927,0.06455974047517236,6.455974047517237,0.2470559935225,24.705599352249997,0.003607192991753986,0.36071929917539863,0.003607192991753986,0.0028857543934031893,scenario,cyp_cystitis,35.843952159093874
12.5,brain,2.8004139694202728,0.988232091863,0.011767908137,0.29528473053262844,29.528473053262843,0.06430227675583794,6.430227675583794,0.24705802296575,24.705802296575,0.00359230268767179,0.359230268767179,0.0035923026876717905,0.0028738421501374326,scenario,cyp_cystitis,35.67888617974961
12.583333333333,brain,2.7883774153728726,0.988240978132,0.011759021868,0.29509476109716476,29.509476109716477,0.06404602208555302,6.404602208555302,0.247060244533,24.7060244533,0.0035774858566589205,0.35774858566589207,0.0035774858566589214,0.0028619886853271373,scenario,cyp_cystitis,35.51382020040534
12.666666666667,brain,2.776411613320355,0.98825062254,0.01174937746,0.29490603727588083,29.490603727588084,0.06379117552117444,6.379117552117444,0.247062655635,24.7062655635,0.0035627543273722773,0.3562754327372277,0.0035627543273722777,0.0028502034618978224,scenario,cyp_cystitis,35.3487542210591
12.75,brain,2.7645254733469486,0.988261014729,0.011738985271,0.2947187011599413,29.471870115994133,0.06353792997025509,6.35379299702551,0.24706525368225,24.706525368224998,0.003548119543454223,0.35481195434542234,0.003548119543454223,0.002838495634763379,scenario,cyp_cystitis,35.183688241714826
12.833333333333,brain,2.752727589575055,0.988272144342,0.011727855658,0.2945328900826307,29.453289008263074,0.06328647199617429,6.328647199617429,0.2470680360855,24.706803608549997,0.003533592552977049,0.3533592552977049,0.003533592552977049,0.0028268740423816395,scenario,cyp_cystitis,35.01862226237058
12.916666666667,brain,2.741026233084211,0.988284001022,0.011715998978,0.2943487364859484,29.434873648594838,0.06303698164059789,6.303698164059789,0.2470710002555,24.707100025549998,0.0035191839989862656,0.35191839989862655,0.003519183998986265,0.0028153471991890122,scenario,cyp_cystitis,34.853556283024325
13.0,brain,2.7294293456952117,0.988296574413,0.011703425587,0.2941663678010122,29.416636780101218,0.06278963226368293,6.278963226368293,0.24707414360325,24.707414360325,0.0035049041111393092,0.3504904111139309,0.0035049041111393084,0.0028039232889114467,scenario,cyp_cystitis,34.68849030368007
13.083333333333,brain,2.7179445346128244,0.988309852358,0.011690147642,0.2939859058053755,29.398590580537547,0.06254459028783398,6.254459028783398,0.2470774630895,24.70774630895,0.003490762698433082,0.3490762698433082,0.0034907626984330823,0.002792610158746466,scenario,cyp_cystitis,34.5234243243358
13.166666666667,brain,2.706579067921825,0.988323767712,0.011676232288,0.29380745071997205,29.380745071997204,0.06230201172262943,6.230201172262944,0.247080941928,24.7080941928,0.003476769143015271,0.3476769143015271,0.0034767691430152704,0.0027814153144122165,scenario,cyp_cystitis,34.35835834498955
13.25,brain,2.695339870924929,0.988338276154,0.011661723846,0.29363110429682115,29.363110429682116,0.0620620470110949,6.20620470110949,0.2470845690385,24.708456903850003,0.003462932395066608,0.3462932395066608,0.0034629323950666076,0.002770345916053286,scenario,cyp_cystitis,34.1932923656453
13.333333333333,brain,2.68423352330901,0.988353357973,0.011646642027,0.29345697026052536,29.345697026052537,0.06182484102303384,6.182484102303384,0.24708833949325,24.708833949324998,0.0034492609687384445,0.34492609687384446,0.003449260968738445,0.002759408774990756,scenario,cyp_cystitis,34.02822638630103
13.416666666667,brain,2.6732662571274926,0.988368993454,0.011631006546,0.2932851469277046,29.328514692770458,0.061590531418939484,6.159053141893948,0.2470922483635,24.70922483635,0.003435762939131677,0.3435762939131677,0.0034357629391316776,0.0027486103513053423,scenario,cyp_cystitis,33.8631604069548
13.5,brain,2.6624439555810393,0.988385162883,0.011614837117,0.2931157271671515,29.31157271671515,0.06135924859520197,6.1359248595201965,0.24709629072075,24.709629072075,0.003422445940295846,0.3422445940295846,0.0034224459402958456,0.0027379567522366768,scenario,cyp_cystitis,33.69809442761053
13.583333333333,brain,2.6517721525768074,0.988401846548,0.011598153452,0.2929487983714753,29.29487983714753,0.061131115645967085,6.113111564596709,0.247100461637,24.7100461637,0.003409317164224774,0.3409317164224774,0.0034093171642247742,0.0027274537313798195,scenario,cyp_cystitis,33.53302844826626
13.666666666667,brain,2.6412560330482657,0.988419024735,0.011580975265,0.29278444243976065,29.278444243976065,0.06090624834134757,6.090624834134757,0.24710475618375,24.710475618375,0.003396383360827105,0.3396383360827105,0.003396383360827105,0.002717106688661684,scenario,cyp_cystitis,33.36796246892001
13.75,brain,2.6309004340122364,0.98843667773,0.01156332227,0.29262273577422754,29.262273577422754,0.06068475512230338,6.068475512230338,0.2471091694325,24.710916943249998,0.0033836508388433864,0.33836508388433867,0.003383650838843386,0.002706920671074709,scenario,cyp_cystitis,33.20289648957576
13.833333333333,brain,2.62070984633839,0.988454785821,0.011545214179,0.2924637492888054,29.24637492888054,0.06046673711140725,6.046673711140725,0.24711369645525,24.711369645525,0.0033711254676794165,0.33711254676794167,0.003371125467679417,0.0026969003741435338,scenario,cyp_cystitis,33.03783051023149
13.916666666667,brain,2.6106884172083276,0.988473329294,0.011526670706,0.29230754842756573,29.230754842756575,0.0602522881387543,6.02522881387543,0.2471183323235,24.71183323235,0.003358812680127801,0.3358812680127801,0.0033588126801278005,0.0026870501441022404,scenario,cyp_cystitis,32.87276453088524
14.0,brain,2.600839953236595,0.988492288435,0.011507711565,0.2921541931961992,29.21541931961992,0.06004149478326559,6.004149478326559,0.24712307210875,24.712307210875,0.003346717475943617,0.3346717475943617,0.0033467174759436165,0.0026773739807548933,scenario,cyp_cystitis,32.70769855154098
14.083333333333,brain,2.5911679242249366,0.988511643531,0.011488356469,0.2920037382040739,29.20037382040739,0.059834436428431836,5.983443642843183,0.24712791088275,24.712791088274997,0.003334844426238659,0.3334844426238659,0.003334844426238659,0.0026678755409909275,scenario,cyp_cystitis,32.54263257219672
14.166666666667,brain,2.581675467523202,0.988531374869,0.011468625131,0.29185623271621514,29.185623271621512,0.059631185331953496,5.96311853319535,0.24713284371725,24.713284371725,0.0033231976786612357,0.33231976786612355,0.003323197678661236,0.002658558142928989,scenario,cyp_cystitis,32.377566592850485
14.25,brain,2.5723653929661126,0.988551462735,0.011448537265,0.2917117207153602,29.171172071536024,0.059431806708813595,5.943180670881359,0.24713786568375,24.713786568375003,0.0033117809633231234,0.3311780963323123,0.0033117809633231234,0.002649424770658499,scenario,cyp_cystitis,32.21250061350623
14.333333333333,brain,2.5632401883544125,0.988571887416,0.011428112584,0.29157024097451456,29.157024097451455,0.05923635882735274,5.923635882735274,0.247142971854,24.7142971854,0.0033005975994343955,0.33005975994343956,0.003300597599434396,0.002640478079547517,scenario,cyp_cystitis,32.04743463416195
14.416666666667,brain,2.554302025451304,0.988592629199,0.011407370801,0.2914318271378097,29.14318271378097,0.05904489311741288,5.904489311741288,0.24714815729975,24.714815729975,0.0032896505026095836,0.32896505026095835,0.003289650502609583,0.0026317204020876667,scenario,cyp_cystitis,31.882368654815714
14.5,brain,2.545552766461368,0.98861366837,0.01138633163,0.29129650781005556,29.129650781005555,0.05885745429007408,5.885745429007408,0.2471534170925,24.715341709249998,0.0032789421928040067,0.3278942192804007,0.0032789421928040067,0.0026231537542432057,scenario,cyp_cystitis,31.71730267547145
14.583333333333,brain,2.5369939709589078,0.988634980862,0.011365019138,0.29116430537306226,29.116430537306226,0.05867408021008305,5.8674080210083055,0.2471587452155,24.71587452155,0.0032684748028386735,0.32684748028386734,0.003268474802838673,0.0026147798422709386,scenario,cyp_cystitis,31.552236696127185
14.666666666667,brain,2.5286269032352138,0.988656538502,0.011343461498,0.2910352361670817,29.10352361670817,0.058494802055442295,5.849480205544229,0.2471641346255,24.716413462549998,0.00325825008747519,0.325825008747519,0.00325825008747519,0.0026066000699801525,scenario,cyp_cystitis,31.387170716780943
14.75,brain,2.5204525400310933,0.988678320076,0.011321679924,0.2909093138621285,29.090931386212848,0.0583196451241713,5.83196451241713,0.247169580019,24.7169580019,0.003248269432998168,0.3248269432998168,0.0032482694329981684,0.002598615546398535,scenario,cyp_cystitis,31.222104737436673
14.833333333333,brain,2.512471578621129,0.988700304512,0.011299695488,0.2907865475678072,29.07865475678072,0.05814862858640962,5.8148628586409625,0.247175076128,24.7175076128,0.0032385338672626675,0.32385338672626673,0.0032385338672626675,0.002590827093810134,scenario,cyp_cystitis,31.057038758092414
14.916666666667,brain,2.5046844452188273,0.988722470736,0.011277529264,0.29066694191658465,29.066694191658467,0.05798176564344625,5.798176564344625,0.247180617684,24.7180617684,0.003229044070167484,0.32290440701674844,0.003229044070167484,0.0025832352561339874,scenario,cyp_cystitis,30.891972778746176
15.0,brain,2.4970913036692184,0.988744797675,0.011255202325,0.29055049719598525,29.055049719598525,0.057819063702980344,5.781906370298034,0.24718619941875,24.718619941875,0.003219800384511766,0.32198003845117656,0.0032198003845117663,0.002575840307609413,scenario,cyp_cystitis,30.726906799401913
15.083333333333,brain,2.4896920643958977,0.988767264257,0.011232735743,0.2904372094849726,29.04372094849726,0.05766052456096344,5.766052456096344,0.24719181606425,24.719181606425,0.0032108028271929973,0.3210802827192997,0.0032108028271929973,0.002568642261754398,scenario,cyp_cystitis,30.561840820057647
15.166666666667,brain,2.482486393572338,0.988789849407,0.011210150593,0.2903270707937248,29.03270707937248,0.05750614458929973,5.750614458929973,0.24719746235175,24.719746235175,0.0032020511007077443,0.3202051100707744,0.0032020511007077447,0.002561640880566196,scenario,cyp_cystitis,30.396774840711405
15.25,brain,2.4754737224851824,0.988812532054,0.011187467946,0.2902200692106684,29.02200692106684,0.05735591492955784,5.735591492955784,0.2472031330135,24.72031330135,0.003193544604913963,0.3193544604913963,0.0031935446049139627,0.0025548356839311705,scenario,cyp_cystitis,30.231708861367142
15.333333333333,brain,2.4686532570579467,0.988835291123,0.011164708877,0.2901161890486003,29.011618904860033,0.05720982169046711,5.720982169046711,0.24720882278075,24.720882278075,0.0031852824490144894,0.31852824490144893,0.0031852824490144894,0.0025482259592115915,scenario,cyp_cystitis,30.066642882022872
15.416666666667,brain,2.4620239875064867,0.988858105543,0.011141894457,0.290015410998513,29.001541099851302,0.05706784615035071,5.706784615035071,0.24721452638575,24.721452638575002,0.0031772634637249214,0.31772634637249214,0.0031772634637249214,0.0025418107709799373,scenario,cyp_cystitis,29.90157690267663
15.5,brain,2.455584698095904,0.988880954239,0.011119045761,0.2899177122812071,28.99177122812071,0.05692996496194276,5.692996496194276,0.24722023855975,24.722023855975,0.003169486213586979,0.3169486213586979,0.003169486213586979,0.002535588970869583,scenario,cyp_cystitis,29.736510923332382
15.583333333333,brain,2.449333976969526,0.98890381614,0.01109618386,0.2898230668055751,28.982306680557514,0.0567961503607668,5.67961503607668,0.247225954035,24.7225954035,0.0031619490093896464,0.31619490093896463,0.0031619490093896464,0.0025295592075117172,scenario,cyp_cystitis,29.57144494398811
15.666666666667,brain,2.443270226023548,0.988926670171,0.011073329829,0.2897314453237074,28.973144532370743,0.05666637037460991,5.666637037460991,0.24723166754275,24.723166754275,0.003154649920663993,0.31546499206639933,0.003154649920663993,0.002523719936531195,scenario,cyp_cystitis,29.406378964641863
15.75,brain,2.4373916707996575,0.98894949526,0.01105050474,0.2896428155914247,28.964281559142467,0.05654058903523293,5.654058903523293,0.247237373815,24.7237373815,0.003147586788215977,0.3147586788215977,0.003147586788215977,0.002518069430572782,scenario,cyp_cystitis,29.241312985297597
15.833333333333,brain,2.4316963703690786,0.988972270334,0.011027729666,0.2895571425261461,28.955714252614612,0.056418766590194826,5.641876659019482,0.2472430675835,24.72430675835,0.0031407572366630165,0.31407572366630165,0.003140757236663017,0.0025126057893304138,scenario,cyp_cystitis,29.076247005953334
15.916666666667,brain,2.4261822271844435,0.988994974319,0.011005025681,0.28947438836606915,28.947438836606914,0.05630085971509219,5.630085971509219,0.24724874357975,24.724874357975,0.003134158686943665,0.3134158686943665,0.0031341586869436653,0.0025073269495549323,scenario,cyp_cystitis,28.911181026607096
16.0,brain,2.420846996874932,0.989017596654,0.010982403346,0.2893945159055295,28.93945159055295,0.056186822322706005,5.618682232270601,0.2472543991635,24.725439916350002,0.003127788368768605,0.3127788368768605,0.0031277883687686053,0.0025022306950148844,scenario,cyp_cystitis,28.74611504726284
16.083333333333,brain,2.4156882979614105,0.989040186924,0.010959813076,0.28931750316753535,28.931750316753536,0.05607660858204715,5.6076608582047145,0.247260046731,24.7260046731,0.0031216433329828296,0.31216433329828297,0.0031216433329828296,0.002497314666386264,scenario,cyp_cystitis,28.58104906791857
16.166666666667,brain,2.4107036214711717,0.989062742878,0.010937257122,0.28924331078835125,28.924331078835124,0.05597016675846831,5.597016675846831,0.2472656857195,24.72656857195,0.0031157204638123464,0.31157204638123465,0.003115720463812346,0.002492576371049877,scenario,cyp_cystitis,28.415983088572332
16.25,brain,2.405890340431211,0.989085250329,0.010914749671,0.28917189386080244,28.917189386080246,0.05586744170473657,5.586744170473657,0.24727131258225,24.727131258225,0.0031100164909680095,0.31100164909680095,0.0031100164909680095,0.002488013192774408,scenario,cyp_cystitis,28.250917109228066
16.333333333333,brain,2.401245719220343,0.989107695087,0.010892304913,0.2891032055809193,28.91032055809193,0.05576837574555907,5.576837574555907,0.24727692377175,24.727692377175,0.0031045280015808414,0.31045280015808413,0.0031045280015808414,0.0024836224012646734,scenario,cyp_cystitis,28.085851129883807
16.416666666667,brain,2.396766922763205,0.989130062963,0.010869937037,0.28903719740085304,28.903719740085304,0.05567290888013742,5.567290888013742,0.24728251574075,24.728251574075,0.0030992514519465144,0.3099251451946514,0.0030992514519465144,0.0024794011615572116,scenario,cyp_cystitis,27.920785150537572
16.5,brain,2.3924510255487936,0.98915233977,0.01084766023,0.2889738191784305,28.897381917843052,0.055580978981240696,5.558097898124069,0.2472880849425,24.72880849425,0.0030941831790563157,0.30941831790563157,0.0030941831790563157,0.002475346543245053,scenario,cyp_cystitis,27.755719171193295
16.583333333333,brain,2.3882950204575257,0.989174511317,0.010825488683,0.28891301932188096,28.891301932188096,0.05549252199017467,5.549252199017467,0.24729362782925,24.729362782924998,0.0030893194118935935,0.30893194118935935,0.0030893194118935935,0.002471455529514875,scenario,cyp_cystitis,27.590653191849036
16.666666666667,brain,2.3842958273834536,0.989196563417,0.010803436583,0.2888547449356157,28.88547449356157,0.05540747210848755,5.540747210848755,0.24729914085425,24.729914085425,0.0030846562824779454,0.30846562824779455,0.003084656282477945,0.002467725025982356,scenario,cyp_cystitis,27.425587212502794
16.75,brain,2.3804503016380125,0.989218481881,0.010781518119,0.2887989419586198,28.879894195861983,0.055325761984493106,5.532576198449311,0.24730462047025,24.730462047025,0.0030801898366391825,0.3080189836639183,0.0030801898366391825,0.0024641518693113464,scenario,cyp_cystitis,27.260521233158528
16.833333333333,brain,2.376755242123008,0.98924025252,0.01075974748,0.2887455553016509,28.87455553016509,0.05524732289553452,5.5247322895534525,0.24731006313,24.731006313,0.003075916044504831,0.3075916044504831,0.0030759160445048314,0.0024607328356038654,scenario,cyp_cystitis,27.09545525381427
16.916666666667,brain,2.373207399263023,0.989261861146,0.010738138854,0.28869452898041786,28.869452898041786,0.055172084925223804,5.51720849252238,0.2473154652865,24.73154652865,0.003071830810687954,0.3071830810687954,0.0030718308106879536,0.002457464648550363,scenario,cyp_cystitis,26.93038927446803
17.0,brain,2.3698034826872716,0.989283293569,0.010716706431,0.2886458062436732,28.86458062436732,0.05509997713523088,5.509997713523088,0.24732082339225,24.732082339225002,0.003067929984161986,0.3067929984161986,0.003067929984161986,0.002454343987329589,scenario,cyp_cystitis,26.765323295123757
17.083333333333,brain,2.3665401686522216,0.9893045356,0.0106954644,0.2885993296989637,28.859932969896366,0.05503092773195161,5.503092773195161,0.2473261339,24.73261339,0.0030642093678109874,0.3064209367810987,0.0030642093678109874,0.00245136749424879,scenario,cyp_cystitis,26.60025731577949
17.166666666667,brain,2.363414107198565,0.989325573052,0.010674426948,0.28855504143357164,28.855504143357162,0.05496486422742887,5.496486422742887,0.247331393263,24.733139326299998,0.003060664727646447,0.30606647276464466,0.003060664727646447,0.002448531782117158,scenario,cyp_cystitis,26.435191336433256
17.25,brain,2.360421929036027,0.989346391736,0.010653608264,0.28851288312963813,28.851288312963813,0.05490171359418416,5.490171359418416,0.247336597934,24.7336597934,0.003057291801681786,0.30572918016817857,0.0030572918016817862,0.002445833441345429,scenario,cyp_cystitis,26.27012535708899
17.333333333333,brain,2.357560252150745,0.989366977462,0.010633022538,0.2884727961762758,28.84727961762758,0.05484140241436774,5.484140241436774,0.2473417443655,24.73417443655,0.0030540863084573475,0.3054086308457348,0.003054086308457348,0.0024432690467658786,scenario,cyp_cystitis,26.10505937774473
17.416666666667,brain,2.354825688131932,0.989387316042,0.010612683958,0.28843472177771706,28.843472177771705,0.05478385702295605,5.478385702295605,0.2473468290105,24.73468290105,0.003051043955211043,0.3051043955211043,0.003051043955211043,0.0024408351641688345,scenario,cyp_cystitis,25.93999339839849
17.5,brain,2.352214848214544,0.989407393287,0.010592606713,0.2883986010550895,28.83986010550895,0.05472900364445266,5.472900364445266,0.24735184832175,24.735184832175,0.003048160445689978,0.3048160445689978,0.0030481604456899783,0.002438528356551983,scenario,cyp_cystitis,25.77492741905422
17.583333333333,brain,2.349724349035751,0.989427195008,0.010572804992,0.2883643751446802,28.83643751446802,0.0546767685235736,5.46767685235736,0.247356798752,24.7356798752,0.0030454314875997964,0.3045431487599796,0.003045431487599797,0.0024363451900798376,scenario,cyp_cystitis,25.609861439709952
17.666666666667,brain,2.3473508181047906,0.989446707018,0.010553292982,0.28833198529178694,28.833198529178695,0.05462707804971591,5.462707804971591,0.2473616767545,24.736167675449998,0.0030428527996906292,0.3042852799690629,0.0030428527996906292,0.0024342822397525037,scenario,cyp_cystitis,25.444795460363718
17.75,brain,2.3450908989857764,0.989465915127,0.010534084873,0.2883013729378022,28.830137293780222,0.05457985887473628,5.457985887473628,0.24736647878175,24.736647878175,0.0030404201184786625,0.3040420118478662,0.0030404201184786625,0.00243233609478293,scenario,cyp_cystitis,25.279729481019455
17.833333333333,brain,2.3429412561939955,0.989484805145,0.010515194855,0.28827247980489573,28.827247980489574,0.05453503802486099,5.453503802486099,0.24737120128625,24.737120128625,0.0030381292046036106,0.30381292046036107,0.0030381292046036106,0.0024305033636828886,scenario,cyp_cystitis,25.11466350167519
17.916666666667,brain,2.3408985798077575,0.989503362886,0.010496637114,0.288245247976274,28.824524797627397,0.054492543006365274,5.449254300636527,0.2473758407215,24.73758407215,0.003035975848824211,0.30359758488242106,0.003035975848824211,0.002428780679059369,scenario,cyp_cystitis,24.94959752232895
18.0,brain,2.33895958979785,0.989521574159,0.010478425841,0.28821961996796075,28.821961996796077,0.054452301904281,5.4452301904280995,0.24738039353975,24.738039353975,0.003033955877653978,0.3033955877653978,0.003033955877653978,0.002427164702123183,scenario,cyp_cystitis,24.78453154298468
18.083333333333,brain,2.3371210400774514,0.989539424777,0.010460575223,0.2881955388011667,28.819553880116672,0.05441424347588899,5.441424347588899,0.24738485619425,24.738485619425,0.003032065158640544,0.3032065158640544,0.003032065158640544,0.0024256521269124354,scenario,cyp_cystitis,24.619465563640414
18.166666666667,brain,2.3353797222766692,0.989556912301,0.010443087699,0.2881729514874581,28.81729514874581,0.054378297882944106,5.437829788294411,0.24738922807525,24.738922807525,0.003030299605293418,0.3030299605293418,0.003030299605293418,0.0024242396842347348,scenario,cyp_cystitis,24.454399584294183
18.25,brain,2.333732469245811,0.989574138448,0.010425861552,0.2881518359958935,28.81518359958935,0.05434440184519134,5.434440184519134,0.247393534612,24.7393534612,0.0030286551816651216,0.30286551816651214,0.003028655181665122,0.002422924145332098,scenario,cyp_cystitis,24.289333604949913
18.333333333333,brain,2.3321761582921594,0.989591127793,0.010408872207,0.28813214850914803,28.813214850914804,0.05431248874786408,5.431248874786408,0.24739778194825,24.739778194825,0.0030271279065915207,0.3027127906591521,0.003027127906591521,0.002421702325273217,scenario,cyp_cystitis,24.124267625605647
18.416666666667,brain,2.3307077141560937,0.989607877676,0.010392122324,0.288113838015906,28.8113838015906,0.05428249146254133,5.4282491462541325,0.247401969419,24.7401969419,0.0030257138575983987,0.3025713857598399,0.0030257138575983987,0.002420571086078719,scenario,cyp_cystitis,23.95920164625941
18.5,brain,2.3293241117323107,0.989624385434,0.010375614566,0.28809685428953746,28.809685428953745,0.05425434390804992,5.425434390804992,0.2474060963585,24.74060963585,0.0030244091744813894,0.30244091744813895,0.0030244091744813894,0.0024195273395851116,scenario,cyp_cystitis,23.79413566691515
18.583333333333,brain,2.3280223785424106,0.989640648406,0.010359351594,0.2880811479329297,28.808114793292972,0.054227981108572965,5.422798110857297,0.2474101621015,24.74101621015,0.003023210062567063,0.3023210062567063,0.0030232100625670636,0.002418568050053651,scenario,cyp_cystitis,23.629069687570883
18.666666666667,brain,2.326799596965967,0.98965666393,0.01034333607,0.28806667041690753,28.806667041690755,0.05420333924587673,5.420333924587673,0.2474141659825,24.741416598249998,0.00302211279566391,0.30221127956639104,0.00302211279566391,0.002417690236531128,scenario,cyp_cystitis,23.46400370822465
18.75,brain,2.32565290623706,0.989672429345,0.010327570655,0.28805337411614057,28.805337411614058,0.054180355706520765,5.418035570652076,0.24741810733625,24.741810733624998,0.0030211137187119504,0.302111371871195,0.0030211137187119504,0.0024168909749695605,scenario,cyp_cystitis,23.298937728880375
18.833333333333,brain,2.3245795042136272,0.98968794199,0.01031205801,0.2880412123403291,28.80412123403291,0.05415896912377209,5.415896912377209,0.2474219854975,24.74219854975,0.0030202092501402456,0.30202092501402455,0.003020209250140245,0.0024161674001121963,scenario,cyp_cystitis,23.133871749536116
18.916666666667,brain,2.3235766489276437,0.989703199202,0.010296800798,0.28803013936138167,28.803013936138168,0.05413911941450884,5.413911941450884,0.2474257998005,24.74257998005,0.0030193958839422174,0.30193958839422175,0.0030193958839422174,0.0024155167071537743,scenario,cyp_cystitis,22.96880577018987
19.0,brain,2.3226416599239443,0.989718198322,0.010281801678,0.2880201104393332,28.80201104393332,0.05412074781177756,5.412074781177756,0.2474295495805,24.74295495805,0.003018670191478666,0.3018670191478666,0.003018670191478666,0.002414936153182933,scenario,cyp_cystitis,22.80373979084561
19.083333333333,brain,2.3217719193957587,0.989732936686,0.010267063314,0.28801108184044305,28.801108184044306,0.05410379689192403,5.410379689192403,0.2474332341715,24.743323417150002,0.003018028823018699,0.3018028823018699,0.003018028823018699,0.0024144230584149592,scenario,cyp_cystitis,22.638673811501338
19.166666666667,brain,2.3209648731254906,0.989747411634,0.010252588366,0.288003010857219,28.8003010857219,0.054088210598292,5.4088210598292,0.2474368529085,24.74368529085,0.003017468509029228,0.3017468509029228,0.003017468509029228,0.002413974807223383,scenario,cyp_cystitis,22.473607832155107
19.25,brain,2.320218031239043,0.989761620504,0.010238379496,0.2879958558209017,28.79958558209017,0.05407393425986893,5.407393425986893,0.247440405126,24.744040512599998,0.003016986061223574,0.30169860612235744,0.0030169860612235737,0.002413588848978859,scenario,cyp_cystitis,22.308541852810837
19.333333333333,brain,2.3195289687821274,0.989775560634,0.010224439366,0.2879895761132441,28.79895761132441,0.05406091460632551,5.406091460632552,0.2474438901585,24.74438901585,0.0030165783733799353,0.3016578373379935,0.0030165783733799353,0.0024132626987039482,scenario,cyp_cystitis,22.14347587346657
19.416666666667,brain,2.318895326127288,0.989789229364,0.010210770636,0.28798413217540414,28.798413217540414,0.05404909977920548,5.404909977920548,0.247447307341,24.744730734100003,0.003016242421940665,0.30162424219406647,0.0030162424219406644,0.0024129939375525317,scenario,cyp_cystitis,21.97840989412034
19.5,brain,2.3183148092201167,0.989802624031,0.010197375969,0.28797948551205516,28.797948551205515,0.05403843933907355,5.403843933907355,0.24745065600775,24.745065600775,0.003015975266403186,0.30159752664031864,0.003015975266403186,0.002412780213122549,scenario,cyp_cystitis,21.813343914776066
19.583333333333,brain,2.3177851896731547,0.989815741975,0.010184258025,0.28797559869609646,28.797559869609646,0.054028884269795276,5.402888426979527,0.24745393549375,24.745393549375,0.003015774049513394,0.3015774049513394,0.0030157740495133935,0.002412619239610715,scenario,cyp_cystitis,21.64827793543181
19.666666666667,brain,2.317304304716152,0.989828580533,0.010171419467,0.28797243536741524,28.797243536741522,0.05402038697888694,5.402038697888694,0.24745714513325,24.745714513325,0.003015635997272481,0.3015635997272481,0.003015635997272481,0.002412508797817985,scenario,cyp_cystitis,21.483211956085572
19.75,brain,2.3168700570110308,0.989841137045,0.010158862955,0.2879699602328252,28.796996023282517,0.054012901295433534,5.401290129543353,0.24746028426125,24.746028426125,0.0030155584187678748,0.30155584187678747,0.0030155584187678748,0.0024124467350143,scenario,cyp_cystitis,21.3181459767413
19.833333333333,brain,2.3164804143399,0.989853408848,0.010146591152,0.2879681390603397,28.796813906033968,0.054006382464452954,5.400638246445295,0.247463352212,24.7463352212,0.0030155387058389944,0.30155387058389943,0.003015538705838994,0.0024124309646711955,scenario,cyp_cystitis,21.153079997397032
19.916666666667,brain,2.316133409174438,0.989865393281,0.010134606719,0.2879669386746113,28.79669386746113,0.054000787139148444,5.400078713914844,0.24746634832025,24.746634832025,0.0030155743325883375,0.3015574332588338,0.0030155743325883375,0.0024124594660706704,scenario,cyp_cystitis,20.988014018050794
20.0,brain,2.3158271381347086,0.989877087684,0.010122912316,0.28796632694872754,28.796632694872752,0.0539960733703034,5.39960733703034,0.247469271921,24.7469271921,0.003015662854748276,0.3015662854748276,0.0030156628547482757,0.002412530283798621,scenario,cyp_cystitis,20.82294803870654
20.083333333333,brain,2.315559761345325,0.989888489393,0.010111510607,0.28796627279308007,28.796627279308005,0.05399220059310676,5.399220059310676,0.24747212234825,24.747212234825,0.0030158019089137353,0.30158019089137356,0.0030158019089137353,0.0024126415271309883,scenario,cyp_cystitis,20.657882059362272
20.166666666667,brain,2.3153295016968167,0.989899595748,0.010100404252,0.2879667461463847,28.79667461463847,0.053989129612512926,5.398912961251293,0.247474898937,24.7474898937,0.0030159892116507067,0.30159892116507064,0.0030159892116507067,0.0024127913693205655,scenario,cyp_cystitis,20.492816080016034
20.25,brain,2.31513464401974,0.989910404088,0.010089595912,0.2879677179614163,28.79677179614163,0.053986822585888404,5.39868225858884,0.247477601022,24.7477601022,0.0030162225584903393,0.3016222558490339,0.0030162225584903397,0.002412978046792272,scenario,cyp_cystitis,20.32775010067176
20.333333333333,brain,2.314973534178906,0.989920915091,0.010079084909,0.28796916116243043,28.796916116243043,0.053985243186240546,5.398524318624054,0.24748022877275,24.748022877274998,0.0030164998228181133,0.30164998228181134,0.0030164998228181133,0.002413199858254491,scenario,cyp_cystitis,20.162684121327498
20.416666666667,brain,2.314844578094947,0.989931178494,0.010068821506,0.2879710639296523,28.797106392965233,0.05398435907486979,5.398435907486979,0.2474827946235,24.748279462350002,0.003016818954667262,0.3016818954667262,0.003016818954667262,0.0024134551637338096,scenario,cyp_cystitis,19.997618141981263
20.5,brain,2.314746240700126,0.989941213831,0.010058786169,0.287973406625292,28.7973406625292,0.05398413755672267,5.398413755672267,0.24748530345775,24.748530345775,0.0030171779794253895,0.30171779794253895,0.0030171779794253904,0.0024137423835403123,scenario,cyp_cystitis,19.832552162636997
20.583333333333,brain,2.3146770448351033,0.989951023873,0.010048976127,0.2879761656858927,28.79761656858927,0.053984546290190207,5.398454629019021,0.24748775596825,24.748775596825002,0.003017574996462977,0.3017574996462977,0.0030175749964629775,0.0024140599971703824,scenario,cyp_cystitis,19.66748618329273
20.666666666667,brain,2.3146355700931447,0.989960611387,0.010039388613,0.2879793184790561,28.797931847905613,0.05398555417640817,5.398555417640817,0.24749015284675,24.749015284675,0.0030180081776920065,0.30180081776920065,0.003018008177692006,0.002414406542153605,scenario,cyp_cystitis,19.502420203946492
20.75,brain,2.3146204516179694,0.989969979145,0.010030020855,0.2879828432867346,28.79828432867346,0.053987131333979546,5.398713133397955,0.24749249478625,24.749249478625,0.0030184757660627697,0.301847576606277,0.0030184757660627693,0.0024147806128502155,scenario,cyp_cystitis,19.337354224602223
20.833333333333,brain,2.3146303788611986,0.989979129915,0.010020870085,0.2879867192825767,28.79867192825767,0.05398924907176892,5.398924907176892,0.24749478247875,24.749478247875,0.0030189760740066056,0.3018976074006606,0.0030189760740066056,0.0024151808592052845,scenario,cyp_cystitis,19.17228824525796
20.916666666667,brain,2.314664094305115,0.989988066467,0.010011933533,0.2879909265130231,28.79909265130231,0.05399187986169749,5.399187986169749,0.24749701661675,24.749701661675,0.003019507481831817,0.3019507481831817,0.0030195074818318173,0.002415605985465454,scenario,cyp_cystitis,19.00722226591172
21.0,brain,2.3147203921561577,0.989996791572,0.010003208428,0.2879954458758467,28.79954458758467,0.05399499731046226,5.399499731046227,0.247499197893,24.7499197893,0.0030200684360798626,0.30200684360798624,0.0030200684360798618,0.0024160547488638897,scenario,cyp_cystitis,18.84215628656746
21.083333333333,brain,2.314798117014346,0.990005307998,0.009994692002,0.28800025909738625,28.800025909738626,0.053998576130514966,5.399857613051497,0.2475013269995,24.75013269995,0.003020657447848574,0.3020657447848574,0.0030206574478485746,0.00241652595827886,scenario,cyp_cystitis,18.677090307223192
21.166666666667,brain,2.3148961625235263,0.990013618515,0.009986381485,0.2880053487120497,28.80053487120497,0.05400259211106625,5.400259211106625,0.24750340462875,24.750340462875002,0.0030212730910886467,0.30212730910886465,0.003021273091088647,0.0024170184728709177,scenario,cyp_cystitis,18.512024327876954
21.25,brain,2.3150134700070923,0.990021725892,0.009978274108,0.28801069803921997,28.801069803921997,0.05400702208829329,5.400702208829329,0.247505431473,24.7505431473,0.0030219140008794876,0.30219140008794876,0.0030219140008794876,0.00241753120070359,scenario,cyp_cystitis,18.34695834853269
21.333333333333,brain,2.315149027093587,0.9900296329,0.0099703671,0.288016291161711,28.8016291161711,0.05401184391561472,5.401184391561472,0.247507408225,24.7507408225,0.003022578871690186,0.3022578871690186,0.0030225788716901863,0.002418063097352149,scenario,cyp_cystitis,18.181892369188425
21.416666666667,brain,2.3153018663362785,0.990037342308,0.009962657692,0.28802211290206214,28.802211290206216,0.05401703643341618,5.401703643341619,0.247509335577,24.7509335577,0.0030232664556308323,0.30232664556308325,0.003023266455630832,0.0024186131645046655,scenario,cyp_cystitis,18.016826389842187
21.5,brain,2.315471063830608,0.990044856886,0.009955143114,0.288028148800809,28.802814880080902,0.054022579439078684,5.402257943907869,0.2475112142215,24.75112142215,0.0030239755606992985,0.30239755606992985,0.003023975560699299,0.0024191804485594395,scenario,cyp_cystitis,17.85176041049792
21.583333333333,brain,2.3156557378331266,0.990052179403,0.009947820597,0.2880343850933033,28.80343850933033,0.05402845365673776,5.402845365673776,0.24751304485075,24.751304485075,0.003024705049028259,0.3024705049028259,0.0030247050490282592,0.0024197640392226074,scenario,cyp_cystitis,17.686694431153654
21.666666666667,brain,2.315855047385284,0.990059312628,0.009940687372,0.2880408086874639,28.80408086874639,0.054034640707285225,5.403464070728522,0.247514828157,24.751482815699998,0.0030254538351367076,0.3025453835136708,0.003025453835136707,0.002420363068109366,scenario,cyp_cystitis,17.521628451807413
21.75,brain,2.3160681909451917,0.990066259332,0.009933740668,0.28804740714193233,28.804740714193233,0.05404112307857643,5.404112307857643,0.247516564833,24.7516564833,0.0030262208841901404,0.30262208841901406,0.0030262208841901404,0.0024209767073521127,scenario,cyp_cystitis,17.356562472463146
21.833333333333,brain,2.3162944050303005,0.990073022285,0.009926977715,0.28805416864293626,28.805416864293626,0.05404788409558164,5.404788409558163,0.24751825557125,24.751825557125002,0.0030270052102732647,0.3027005210273265,0.0030270052102732647,0.0024216041682186117,scenario,cyp_cystitis,17.191496493118883
21.916666666667,brain,2.3165329628735956,0.990079604254,0.009920395746,0.28806108198165115,28.806108198165113,0.05405490789086821,5.405490789086821,0.2475199010635,24.75199010635,0.0030278058746785537,0.30278058746785536,0.0030278058746785537,0.002422244699742843,scenario,cyp_cystitis,17.026430513772645
22.0,brain,2.316783173095786,0.990086008012,0.009913991988,0.28806813653501206,28.806813653501205,0.054062179376016095,5.4062179376016095,0.247521502003,24.7521502003,0.0030286219842139725,0.3028621984213972,0.003028621984213972,0.002422897587371178,scenario,cyp_cystitis,16.861364534428382
22.083333333333,brain,2.317044378395736,0.990092236326,0.009907763674,0.2880753222407031,28.807532224070307,0.054069684212270784,5.406968421227078,0.2475230590815,24.75230590815,0.0030294526895328416,0.30294526895328416,0.0030294526895328416,0.0024235621516262734,scenario,cyp_cystitis,16.69629855508412
22.166666666667,brain,2.3173159542611033,0.990098291966,0.009901708034,0.28808262957857855,28.808262957857856,0.0540774087827714,5.4077408782771395,0.2475245729915,24.75245729915,0.0030302971834883547,0.30302971834883546,0.0030302971834883547,0.002424237746790684,scenario,cyp_cystitis,16.531232575737874
22.25,brain,2.317597307701035,0.990104177703,0.009895822297,0.2880900495492366,28.80900495492366,0.054085340164648825,5.408534016464882,0.24752604442575,24.752604442575,0.003031154699515243,0.3031154699515243,0.003031154699515243,0.0024249237596121946,scenario,cyp_cystitis,16.366166596393608
22.333333333333,brain,2.3178878760025703,0.990109896306,0.009890103694,0.2880975736526836,28.80975736526836,0.05409346610157813,5.4093466101578125,0.2475274740765,24.75274740765,0.003032024510040808,0.30320245100408083,0.0030320245100408077,0.0024256196080326463,scenario,cyp_cystitis,16.20110061704934
22.416666666667,brain,2.3181871255121367,0.990115450544,0.009884549456,0.2881051938688578,28.81051938688578,0.05410177497714372,5.410177497714372,0.247528862636,24.7528862636,0.003032905924927082,0.30329059249270823,0.0030329059249270826,0.002426324739941666,scenario,cyp_cystitis,16.036034637703107
22.5,brain,2.3184945504434338,0.990120843178,0.009879156822,0.2881129026356713,28.81129026356713,0.05411025578822843,5.411025578822843,0.2475302107945,24.75302107945,0.003033798289945885,0.3033798289945885,0.0030337982899458853,0.0024270386319567086,scenario,cyp_cystitis,15.870968658358844
22.583333333333,brain,2.3188096717128315,0.990126076728,0.009873923272,0.2881206927620247,28.812069276202468,0.05411889810669956,5.411889810669956,0.247531519182,24.7531519182,0.0030347009852883366,0.30347009852883366,0.0030347009852883366,0.0024277607882306693,scenario,cyp_cystitis,15.705902679014578
22.666666666667,brain,2.3191320358031646,0.990131153818,0.009868846182,0.2881285575094724,28.812855750947243,0.054127692073296575,5.412769207329657,0.2475327884545,24.753278845449998,0.0030356134241099164,0.30356134241099164,0.003035613424109916,0.002428490739287933,scenario,cyp_cystitis,15.540836699668342
22.75,brain,2.319461213656734,0.990136077178,0.009863922822,0.2881364905745632,28.81364905745632,0.0541366283734176,5.41366283734176,0.2475340192945,24.75340192945,0.0030365350511122307,0.3036535051112231,0.0030365350511122307,0.002429228040889785,scenario,cyp_cystitis,15.37577072032408
22.833333333333,brain,2.3197967995982016,0.990140849539,0.009859150461,0.2881444860405292,28.814448604052924,0.05414569820770566,5.4145698207705655,0.24753521238475,24.753521238475,0.003037465341162462,0.3037465341162462,0.0030374653411624616,0.0024299722729299693,scenario,cyp_cystitis,15.21070474097981
22.916666666667,brain,2.320138410287814,0.990145473632,0.009854526368,0.2881525383597343,28.81525383597343,0.05415489326897905,5.415489326897905,0.247536368408,24.7536368408,0.0030384037979510185,0.30384037979510187,0.003038403797951018,0.0024307230383608146,scenario,cyp_cystitis,15.045638761633576
23.0,brain,2.3204856837053796,0.990149952186,0.009850047814,0.28816064233633326,28.816064233633327,0.05416420571977771,5.416420571977771,0.2475374880465,24.75374880465,0.0030393499526880394,0.3039349952688039,0.0030393499526880394,0.0024314799621504317,scenario,cyp_cystitis,14.880572782289306
23.083333333333,brain,2.320838278165296,0.990154287933,0.009845712067,0.2881687931114786,28.816879311147858,0.05417362817097141,5.417362817097141,0.24753857198325,24.753857198325,0.0030403033628392346,0.30403033628392345,0.0030403033628392346,0.002432242690271388,scenario,cyp_cystitis,14.715506802945036
23.166666666667,brain,2.321195871362713,0.990158483603,0.009841516397,0.28817698614612614,28.817698614612613,0.0541831536605015,5.41831536605015,0.24753962090075,24.753962090075,0.0030412636109011034,0.3041263610901103,0.0030412636109011034,0.0024330108887208827,scenario,cyp_cystitis,14.550440823598803
23.25,brain,2.3215581594509205,0.990162541926,0.009837458074,0.2881852172063916,28.81852172063916,0.05419277563318883,5.419277563318883,0.2475406354815,24.75406354815,0.0030422303032157727,0.30422303032157727,0.003042230303215772,0.002433784242572618,scenario,cyp_cystitis,14.385374844254539
23.333333333333,brain,2.321924856149954,0.990166465632,0.009833534368,0.2881934823488372,28.81934823488372,0.05420248792111625,5.420248792111625,0.247541616408,24.7541616408,0.0030432030688255073,0.30432030688255074,0.003043203068825507,0.0024345624550604055,scenario,cyp_cystitis,14.220308864910276
23.416666666667,brain,2.3222956918862177,0.990170257453,0.009829742547,0.28820177790685003,28.820177790685005,0.05421228472480001,5.421228472480001,0.24754256436325,24.754256436325,0.003044181558366607,0.3044181558366607,0.003044181558366607,0.002435345246693286,scenario,cyp_cystitis,14.055242885564033
23.5,brain,2.3226704129629416,0.990173920119,0.009826079881,0.28821010047578166,28.821010047578167,0.05422216059470893,5.422216059470894,0.24754348002975,24.754348002975,0.0030451654430025243,0.30451654430025243,0.0030451654430025243,0.0024361323544020196,scenario,cyp_cystitis,13.890176906219766
23.583333333333,brain,2.3230487807612388,0.99017745636,0.00982254364,0.28821844690033743,28.821844690033743,0.05423211041378325,5.423211041378325,0.24754436409,24.754436409,0.0030461544133960003,0.30461544133960006,0.0030461544133960003,0.0024369235307168005,scenario,cyp_cystitis,13.7251109268755
23.666666666667,brain,2.3234305709713237,0.990180868906,0.009819131094,0.28822681426187946,28.822681426187945,0.054242129380505925,5.424212938050593,0.2475452172265,24.75452172265,0.0030471481787195894,0.3047148178719589,0.0030471481787195894,0.0024377185429756715,scenario,cyp_cystitis,13.560044947529269
23.75,brain,2.323815572853519,0.990184160489,0.009815839511,0.2882351998668032,28.823519986680317,0.05425221299273755,5.425221299273756,0.24754604012225,24.754604012225002,0.0030481464657041812,0.3048146465704181,0.0030481464657041812,0.002438517172563345,scenario,cyp_cystitis,13.394978968184999
23.833333333333,brain,2.324203588528629,0.990187333838,0.009812666162,0.28824360123335957,28.824360123335957,0.0542623570318128,5.42623570318128,0.2475468334595,24.75468334595,0.003049149017725054,0.3049149017725054,0.003049149017725054,0.0024393192141800436,scenario,cyp_cystitis,13.229912988840736
23.916666666667,brain,2.3245944322970704,0.990190391684,0.009809608316,0.28825201608186246,28.825201608186248,0.0542725575478166,5.42725575478166,0.247547597921,24.7547597921,0.0030501555939246123,0.3050155593924612,0.0030501555939246123,0.00244012447513969,scenario,cyp_cystitis,13.064847009494494
24.0,brain,2.324987929986252,0.990193336758,0.009806663242,0.2882604423233231,28.82604423233231,0.054282810845097465,5.428281084509747,0.2475483341895,24.75483341895,0.0030511659683712367,0.30511659683712367,0.0030511659683712367,0.0024409327746969895,scenario,cyp_cystitis,12.89978103015023
