time_h,tissue,histamine_nm,R_surf,R_int,G_signal,G_signal_pct,G_signal_ligand,G_signal_ligand_pct,G_signal_constitutive,G_signal_constitutive_pct,beta_arr_signal,beta_arr_signal_pct,internalization_drive,k_int_eff_per_h,driver_type,driver_id,antagonist_concentration_nm
0.0,bladder,20.555449826912117,0.937479228481,0.062520771519,0.3491884503671566,34.91884503671566,0.3182257778348491,31.822577783484913,0.04687396142405,4.687396142405,0.026676120225272902,2.6676120225272903,0.026676120225272902,0.03334515028159113,scenario,cyp_cystitis,0.001
0.083333333333,bladder,19.469503483054474,0.938012520126,0.061987479874,0.3222446177473199,32.224461774731985,0.2898357807800209,28.983578078002093,0.0469006260063,4.69006260063,0.01667182829904809,1.6671828299048093,0.01667182829904809,0.020839785373810114,scenario,cyp_cystitis,531.1187167964762
0.166666666667,bladder,16.81134590056803,0.939233181934,0.060766818066,0.2817339109965329,28.173391099653287,0.2471286862103504,24.71286862103504,0.0469616590967,4.6961659096699995,0.010752457764046128,1.0752457764046128,0.010752457764046127,0.013440572205057658,scenario,cyp_cystitis,1062.236433599326
0.25,bladder,14.107898239165253,0.940856149945,0.059143850055,0.24184857264884968,24.18485726488497,0.2050587001595786,20.50587001595786,0.047042807497250004,4.704280749725,0.007201127524473821,0.7201127524473822,0.00720112752447382,0.009001409405592275,scenario,cyp_cystitis,1593.354150395802
0.333333333333,bladder,12.345407569589499,0.942702209428,0.057297790572,0.21337148587722993,21.337148587722993,0.17498565832192622,17.49856583219262,0.0471351104714,4.71351104714,0.005240655090339409,0.5240655090339409,0.005240655090339409,0.0065508188629242615,scenario,cyp_cystitis,2124.471867192278
0.416666666667,bladder,11.579078380413122,0.944604172556,0.055395827444,0.197205846576898,19.7205846576898,0.1578690925779979,15.786909257799788,0.0472302086278,4.72302086278,0.004205571213348302,0.42055712133483014,0.004205571213348301,0.005256964016685376,scenario,cyp_cystitis,2655.5895839951277
0.5,bladder,11.417160458078335,0.946496455847,0.053503544153,0.188609185484306,18.8609185484306,0.1487203817810063,14.87203817810063,0.04732482279235001,4.7324822792350005,0.0036228304501933774,0.3622830450193377,0.003622830450193378,0.004528538062741722,scenario,cyp_cystitis,3186.707300791606
0.583333333333,bladder,11.514853243236969,0.948350893149,0.051649106851,0.18338172873933,18.338172873933,0.1431201937704,14.31201937704,0.04741754465745,4.741754465745,0.0032437269745770243,0.3243726974577024,0.0032437269745770243,0.00405465871822128,scenario,cyp_cystitis,3717.8250175880808
0.666666666667,bladder,11.705727363009851,0.95015970912,0.04984029088,0.1795325926441087,17.95325926441087,0.13897327072432497,13.897327072432496,0.047507985456000004,4.7507985456,0.0029646665687461603,0.29646665687461604,0.0029646665687461603,0.0037058332109327005,scenario,cyp_cystitis,4248.942734390927
0.75,bladder,11.936689170557148,0.951917661104,0.048082338896,0.17640404301710993,17.640404301710994,0.13558753680201047,13.558753680201047,0.0475958830552,4.75958830552,0.0027459715947466827,0.2745971594746683,0.002745971594746683,0.0034324644934333537,scenario,cyp_cystitis,4780.060451187403
0.833333333333,bladder,12.196883947700995,0.953620902731,0.046379097269,0.17381170323071726,17.381170323071725,0.13276911378333398,13.276911378333397,0.04768104513655,4.7681045136549995,0.002570156363834713,0.2570156363834713,0.002570156363834713,0.003212695454793391,scenario,cyp_cystitis,5311.178167983881
0.916666666667,bladder,12.486246370197202,0.955268334267,0.044731665733,0.171691279783581,17.1691279783581,0.13045038217919055,13.045038217919055,0.04776341671335,4.776341671335,0.0024272436071664898,0.242724360716649,0.0024272436071664893,0.0030340545089581118,scenario,cyp_cystitis,5842.295884786735
1.0,bladder,12.806738294006486,0.956859955704,0.043140044296,0.17000470926812683,17.00047092681268,0.12859127524518615,12.859127524518616,0.0478429977852,4.78429977852,0.002310489938480226,0.2310489938480226,0.002310489938480226,0.0028881124231002826,scenario,cyp_cystitis,6373.413601583207
1.083333333333,bladder,13.160635160454543,0.958395684253,0.041604315747,0.1704029586770458,17.04029586770458,0.12892965733094297,12.892965733094297,0.04791978421265,4.791978421265,0.0022736287445836493,0.22736287445836492,0.0022736287445836493,0.0028420359307295617,scenario,cyp_cystitis,6700.297182547143
1.166666666667,bladder,13.550267687212457,0.959874315903,0.040125684097,0.17106597887360983,17.106597887360984,0.12954975060890508,12.954975060890508,0.04799371579515,4.799371579515,0.0022456764615657637,0.22456764615657637,0.0022456764615657633,0.002807095576957204,scenario,cyp_cystitis,7027.1807635150135
1.25,bladder,13.977975435917488,0.961295454146,0.038704545854,0.17199183668966228,17.199183668966228,0.13044954103406556,13.044954103406555,0.0480647727073,4.80647727073,0.002225960194367988,0.22259601943679883,0.002225960194367988,0.002782450242959985,scenario,cyp_cystitis,7354.064344478949
1.333333333333,bladder,14.446080872967489,0.962659098981,0.037340901019,0.17317808965608641,17.31780896560864,0.1316264575863541,13.16264575863541,0.048132954949050004,4.813295494905001,0.0022139054765608237,0.22139054765608238,0.0022139054765608233,0.0027673818457010294,scenario,cyp_cystitis,7680.947925442882
1.416666666667,bladder,14.956862625539502,0.963966413422,0.036033586578,0.17462174124682403,17.462174124682402,0.13307728481655162,13.307728481655163,0.0481983206711,4.81983206711,0.0022090144838589295,0.22090144838589296,0.0022090144838589295,0.002761268104823662,scenario,cyp_cystitis,8007.831506410742
1.5,bladder,15.512526265224263,0.965221614519,0.034778385481,0.1763194256368848,17.63194256368848,0.134798257800984,13.4798257800984,0.048261080725950006,4.826108072595001,0.002210848469096247,0.2210848469096247,0.0022108484690962476,0.0027635605863703095,scenario,cyp_cystitis,8334.715087374689
1.583333333333,bladder,16.115172667342524,0.966425085587,0.033574914413,0.1782660147679468,17.82660147679468,0.13678395840904925,13.678395840904924,0.04832125427935,4.832125427935,0.0022190134275946742,0.22190134275946743,0.0022190134275946747,0.002773766784493343,scenario,cyp_cystitis,8661.59866833863
1.666666666667,bladder,16.766764161833343,0.967576826625,0.032423173375,0.18045509971063456,18.045509971063456,0.13902764039935217,13.902764039935217,0.048378841331250005,4.837884133125001,0.0022331482833493283,0.22331482833493282,0.0022331482833493287,0.002791435354186661,scenario,cyp_cystitis,8988.482249306491
1.75,bladder,17.469088762520904,0.968679188212,0.031320811788,0.18287939055729965,18.287939055729964,0.14152150647021017,14.152150647021017,0.048433959410600004,4.843395941060001,0.0022529150752236536,0.22529150752236535,0.0022529150752236536,0.002816143844029567,scenario,cyp_cystitis,9315.365830270424
1.833333333333,bladder,18.22372282885462,0.969734948744,0.030265051256,0.18553028882131153,18.553028882131155,0.14425635935169637,14.425635935169637,0.0484867474372,4.84867474372,0.002277990758541509,0.22779907585415088,0.002277990758541509,0.002847488448176886,scenario,cyp_cystitis,9642.249411234361
1.916666666667,bladder,19.031992580948042,0.970744112977,0.029255887023,0.18839721309204227,18.839721309204226,0.14722106046651817,14.722106046651817,0.04853720564885,4.853720564885,0.0023080603370973568,0.23080603370973568,0.0023080603370973568,0.002885075421371696,scenario,cyp_cystitis,9969.132992202238
2.0,bladder,19.894934954180734,0.971706680914,0.028293319086,0.19146807149378486,19.146807149378485,0.15040288152429987,15.040288152429987,0.04858533404570001,4.858533404570001,0.0023428111140943665,0.23428111140943667,0.002342811114094366,0.0029285138926179576,scenario,cyp_cystitis,10296.01657316617
2.083333333333,bladder,20.81325834149058,0.972622652552,0.027377347448,0.1968301613413716,19.68301613413716,0.1559989775934438,15.59989775934438,0.0486311326276,4.86311326276,0.002440562846561528,0.2440562846561528,0.002440562846561528,0.00305070355820191,scenario,cyp_cystitis,10342.9912588775
2.166666666667,bladder,21.78730382779719,0.973492343553,0.026507656447,0.20242287539714393,20.242287539714393,0.1618402718099936,16.18402718099936,0.04867461717765,4.867461717765,0.0025439792048138816,0.25439792048138815,0.002543979204813882,0.0031799740060173528,scenario,cyp_cystitis,10389.965944589407
2.25,bladder,22.81700757075368,0.974318173078,0.025681826922,0.2082326333803624,20.82326333803624,0.16791234181732886,16.791234181732886,0.0487159086539,4.87159086539,0.0026529792373692638,0.2652979237369264,0.0026529792373692633,0.003316224046711579,scenario,cyp_cystitis,10436.940630300727
2.333333333333,bladder,23.901865022655258,0.975100646698,0.024899353302,0.21424289392270907,21.424289392270907,0.174197749039799,17.4197749039799,0.0487550323349,4.87550323349,0.002767432253381546,0.2767432253381546,0.002767432253381546,0.0034592903167269323,scenario,cyp_cystitis,10483.915316012066
2.416666666667,bladder,25.040897717868443,0.975839764413,0.024160235587,0.22043452032884356,22.043452032884357,0.18067634958757217,18.067634958757218,0.04879198822065001,4.879198822065001,0.0028871550833166077,0.28871550833166076,0.0028871550833166077,0.0036089438541457596,scenario,cyp_cystitis,10530.890001723963
2.5,bladder,26.23262336791749,0.976535526222,0.023464473778,0.226786029788916,22.6786029788916,0.18732552997664842,18.732552997664843,0.0488267763111,4.88267763111,0.0030119097984093145,0.30119097984093146,0.0030119097984093145,0.003764887248011643,scenario,cyp_cystitis,10577.864687435298
2.583333333333,bladder,27.47503000998276,0.977187932126,0.022812067874,0.23327378222493775,23.327378222493774,0.19412040591435553,19.412040591435552,0.0488593966063,4.88593966063,0.003141401960370719,0.3141401960370719,0.0031414019603707194,0.0039267524504634,scenario,cyp_cystitis,10624.839373146628
2.666666666667,bladder,28.765554942575232,0.97779986274,0.02220013726,0.2398729131943676,23.98729131943676,0.2010346526919659,20.10346526919659,0.048889993137,4.8889993137,0.003275279468582559,0.32752794685825587,0.0032752794685825593,0.004094099335728199,scenario,cyp_cystitis,10671.814058858521
2.75,bladder,30.101069154732745,0.97837514007,0.02162485993,0.24655719939455334,24.655719939455334,0.20804046567479298,20.804046567479297,0.048918757003500006,4.891875700350001,0.003413132066147566,0.3413132066147566,0.003413132066147566,0.004266415082684457,scenario,cyp_cystitis,10718.78874456985
2.833333333333,bladder,31.477867910531376,0.978913782596,0.021086217404,0.2532981472149068,25.329814721490678,0.2151078506159019,21.51078506159019,0.048945689129800005,4.8945689129800005,0.0035544915585657144,0.35544915585657144,0.0035544915585657144,0.004443114448207143,scenario,cyp_cystitis,10765.763430281186
2.916666666667,bladder,32.89166808858644,0.979415790318,0.020584209682,0.26006616968259055,26.006616968259056,0.2222056633333585,22.22056633333585,0.048970789515900004,4.89707895159,0.003698832789528145,0.36988327895281453,0.0036988327895281447,0.004623540986910181,scenario,cyp_cystitis,10812.738115993083
3.0,bladder,34.33761279799859,0.979881163236,0.020118836764,0.26683089934821363,26.683089934821364,0.2293019380909617,22.93019380909617,0.048994058161800004,4.899405816180001,0.0038455754076102884,0.3845575407610288,0.003845575407610289,0.004806969259512861,scenario,cyp_cystitis,10859.712801704414
3.083333333333,bladder,35.810283697268886,0.980310487398,0.019689512602,0.2735616627008521,27.356166270085208,0.2363643561378443,23.63643561378443,0.049015524369900004,4.90155243699,0.0039940864455362875,0.39940864455362873,0.0039940864455362875,0.00499260805692036,scenario,cyp_cystitis,10906.68748741575
3.166666666667,bladder,37.30372133199148,0.980708928749,0.019291071251,0.28022894702262624,28.022894702262626,0.24336157956334342,24.336157956334343,0.04903544643745,4.9035446437450005,0.004143683720370564,0.4143683720370564,0.004143683720370564,0.005179604650463205,scenario,cyp_cystitis,10953.662173127657
3.25,bladder,38.81145368359,0.981077697928,0.018922302072,0.2868023503282846,28.68023503282846,0.25026154255987854,25.026154255987855,0.0490538848964,4.90538848964,0.004293640048859695,0.42936400488596954,0.004293640048859696,0.00536705006107462,scenario,cyp_cystitis,11000.63685883899
3.333333333333,bladder,40.326532985625605,0.981416794936,0.018583205064,0.29325154447329543,29.325154447329542,0.25703232076473204,25.703232076473203,0.0490708397468,4.90708397468,0.004443188257339979,0.4443188257339979,0.004443188257339979,0.005553985321674974,scenario,cyp_cystitis,11047.611544550315
3.416666666667,bladder,41.84158071859321,0.981726219774,0.018273780226,0.2995468582725822,29.95468582725822,0.2636426813514549,26.36426813514549,0.049086310988700005,4.908631098870001,0.00459152695044797,0.459152695044797,0.00459152695044797,0.005739408688059962,scenario,cyp_cystitis,11094.586230262226
3.5,bladder,43.34884054292372,0.98200597244,0.01799402756,0.30565950545007947,30.565950545007947,0.2700623229769258,27.006232297692577,0.049100298622,4.9100298622,0.004737826987802376,0.4737826987802376,0.004737826987802376,0.00592228373475297,scenario,cyp_cystitis,11141.56091597355
3.583333333333,bladder,44.840238774795814,0.982258875835,0.017741124165,0.3115626800217432,31.15626800217432,0.2762628802420981,27.62628802420981,0.049112943791750005,4.911294379175001,0.004881238603063406,0.4881238603063406,0.004881238603063407,0.006101548253829259,scenario,cyp_cystitis,11188.53560168489
3.666666666667,bladder,46.30745185369036,0.982489120248,0.017510879752,0.3172313374062501,31.72313374062501,0.28221776988826325,28.221776988826324,0.0491244560124,4.91244560124,0.005020899085669587,0.5020899085669588,0.005020899085669587,0.0062761238570869845,scenario,cyp_cystitis,11235.510287396775
3.75,bladder,47.741980099450366,0.982696744746,0.017303255254,0.32264055352775955,32.264055352775955,0.28790075398995746,28.790075398995747,0.0491348372373,4.91348372373,0.005155940932587349,0.5155940932587348,0.005155940932587349,0.006444926165734186,scenario,cyp_cystitis,11282.484973108109
3.833333333333,bladder,49.13522691208793,0.982881749327,0.017118250673,0.3277668889247986,32.77668889247986,0.2932871594299459,29.328715942994588,0.04914408746635,4.914408746635,0.005285500365764019,0.5285500365764019,0.005285500365764019,0.006606875457205024,scenario,cyp_cystitis,11329.45965881945
3.916666666667,bladder,50.47858243339961,0.983044242518,0.016955757482,0.33258852106739206,33.258852106739205,0.29835400941209694,29.835400941209695,0.049152212125900006,4.9152212125900006,0.005408726100958853,0.5408726100958853,0.005408726100958854,0.006760907626198568,scenario,cyp_cystitis,11376.43434453134
4.0,bladder,51.7635105705636,0.983185634781,0.016814365219,0.3370857144743201,33.708571447432014,0.3030804555108107,30.30804555108107,0.04915928173905,4.915928173905,0.005524788245641424,0.5524788245641424,0.005524788245641425,0.0069059853070517815,scenario,cyp_cystitis,11423.40903024268
4.083333333333,bladder,52.98163818012238,0.983306360035,0.016693639965,0.34302831317248783,34.30283131724878,0.30932946860077665,30.932946860077664,0.04916531800175,4.916531800175,0.00570322659708539,0.570322659708539,0.005703226597085391,0.007129033246356739,scenario,cyp_cystitis,11315.71193261442
4.166666666667,bladder,54.12484512923419,0.98340641828,0.01659358172,0.34864854559421377,34.864854559421374,0.31524023650548816,31.524023650548816,0.049170320914000004,4.9170320914,0.005876660811251367,0.5876660811251367,0.005876660811251367,0.007345826014064209,scenario,cyp_cystitis,11208.014834984868
4.25,bladder,55.1853538936598,0.983485809516,0.016514190484,0.3539268302008865,35.39268302008865,0.3207921470790384,32.079214707903844,0.0491742904758,4.91742904758,0.006044117553284424,0.6044117553284424,0.006044117553284424,0.00755514694160553,scenario,cyp_cystitis,11100.3177373566
4.333333333333,bladder,56.155817319328094,0.983545959841,0.016454040159,0.3588459113320209,35.884591133202086,0.32596696141049564,32.59669614104956,0.049177297992050006,4.917729799205,0.00620463672888676,0.620463672888676,0.0062046367288867595,0.007755795911108449,scenario,cyp_cystitis,10992.620639728344
4.416666666667,bladder,57.0294031682204,0.983590104278,0.016409895722,0.36339102550593555,36.33910255059355,0.3307489687284585,33.07489687284585,0.0491795052139,4.91795052139,0.006357281252102309,0.6357281252102309,0.006357281252102309,0.007946601565127887,scenario,cyp_cystitis,10884.923542098788
4.5,bladder,57.799874091655,0.983618367194,0.016381632806,0.3675480718022744,36.75480718022744,0.3351233194132362,33.51233194132362,0.0491809183597,4.91809183597,0.006501146813036618,0.6501146813036618,0.006501146813036618,0.008126433516295772,scenario,cyp_cystitis,10777.226444470529
4.583333333333,bladder,58.46166172381478,0.983630748589,0.016369251411,0.3713046306502126,37.13046306502126,0.3390769402323817,33.90769402323817,0.04918153742945,4.918153742945,0.006635371505099738,0.6635371505099739,0.006635371505099739,0.008294214381374674,scenario,cyp_cystitis,10669.529346842277
4.666666666667,bladder,59.00993366533973,0.983627312117,0.016372687883,0.3746499879410455,37.464998794104545,0.34259854982652155,34.25985498265216,0.04918136560585001,4.918136560585,0.00675914517051674,0.6759145170516739,0.006759145170516741,0.008448931463145926,scenario,cyp_cystitis,10561.832249212719
4.75,bladder,59.44065223056165,0.983610475561,0.016389524439,0.3775759655623156,37.75759655623156,0.3456794124044901,34.56794124044901,0.04918052377805,4.918052377805,0.006871718324740087,0.6871718324740087,0.006871718324740087,0.008589647905925108,scenario,cyp_cystitis,10454.135151584465
4.833333333333,bladder,59.750623959633124,0.983582989869,0.016417010131,0.38007611901863425,38.00761190186343,0.348312599500194,34.8312599500194,0.04917914949345,4.9179149493450005,0.006972410524855659,0.6972410524855659,0.006972410524855659,0.008715513156069573,scenario,cyp_cystitis,10346.438053956212
4.916666666667,bladder,59.937539046229546,0.98354692741,0.01645307259,0.38214528743747145,38.214528743747145,0.3504925695441805,35.04925695441805,0.0491773463705,4.917734637050001,0.007060618054067798,0.7060618054067799,0.007060618054067798,0.008825772567584747,scenario,cyp_cystitis,10238.740956326648
5.0,bladder,60.0,0.983504360549,0.016495639451,0.3837797943424696,38.37797943424696,0.35221534348949435,35.22153434894943,0.04917521802745001,4.917521802745001,0.007135820803870091,0.7135820803870091,0.007135820803870092,0.008919776004837615,scenario,cyp_cystitis,10131.043858698391
5.083333333333,bladder,59.937539046229546,0.983457361653,0.016542638347,0.38497739806683506,38.497739806683505,0.3534784526149316,35.34784526149316,0.049172868082650006,4.9172868082650005,0.007197588247248978,0.7197588247248978,0.007197588247248978,0.008996985309061222,scenario,cyp_cystitis,10023.346761070137
5.166666666667,bladder,59.750623959633124,0.983407394685,0.016592605315,0.3857370110530282,38.573701105302824,0.35428067507239813,35.42806750723982,0.049170369734250007,4.917036973425001,0.007245584410042232,0.7245584410042232,0.007245584410042233,0.009056980512552791,scenario,cyp_cystitis,9915.64966344059
5.25,bladder,59.44065223056165,0.983355294727,0.016644705273,0.3860586575453876,38.60586575453876,0.3546219924305659,35.46219924305659,0.049167764736350004,4.916776473635,0.00727957176319126,0.7279571763191259,0.007279571763191259,0.009099464703989073,scenario,cyp_cystitis,9807.952565812315
5.333333333333,bladder,59.00993366533973,0.983302602945,0.016697397055,0.38594397707520156,38.59439770752016,0.35450404939784375,35.45040493978438,0.049165130147250005,4.916513014725001,0.007299413975677793,0.7299413975677793,0.007299413975677793,0.009124267469597241,scenario,cyp_cystitis,9700.255468184067
5.416666666667,bladder,58.46166172381478,0.983250869198,0.016749130802,0.38539594135137745,38.53959413513775,0.3539298925173447,35.39298925173447,0.0491625434599,4.9162543459900006,0.007305077486131587,0.7305077486131587,0.0073050774861315865,0.009131346857664483,scenario,cyp_cystitis,9592.558370554505
5.5,bladder,57.799874091655,0.983201643346,0.016798356654,0.38441884996380393,38.441884996380395,0.3529039661015831,35.29039661015831,0.0491600821673,4.91600821673,0.007296631870107806,0.7296631870107806,0.007296631870107806,0.009120789837634757,scenario,cyp_cystitis,9484.861272926257
5.583333333333,bladder,57.0294031682204,0.983156319913,0.016843680087,0.38301827868715477,38.30182786871548,0.35143206599105764,35.14320659910577,0.04915781599565,4.915781599565,0.007274248999426704,0.7274248999426705,0.007274248999426705,0.009092811249283381,scenario,cyp_cystitis,9377.164175297996
5.666666666667,bladder,56.155817319328094,0.983115580837,0.016884419163,0.38120088252909834,38.12008825290983,0.3495211615655246,34.95211615655246,0.049155779041850006,4.9155779041850005,0.007238201009405003,0.7238201009405003,0.007238201009405003,0.009047751261756254,scenario,cyp_cystitis,9269.467077668442
5.75,bladder,55.1853538936598,0.983080551464,0.016919448536,0.3789748753591414,37.897487535914145,0.34717983977467515,34.71798397746751,0.049154027573200004,4.915402757320001,0.007188857108900051,0.7188857108900051,0.007188857108900052,0.008986071386125064,scenario,cyp_cystitis,9161.769980040173
5.833333333333,bladder,54.12484512923419,0.983052439045,0.016947560955,0.37634992046109883,37.634992046109886,0.34441820895668296,34.44182089566829,0.04915262195225,4.915262195225,0.007126679286438363,0.7126679286438363,0.007126679286438362,0.008908349108047952,scenario,cyp_cystitis,9054.072882411916
5.916666666667,bladder,52.98163818012238,0.983032450834,0.016967549166,0.3733371350157627,37.33371350157627,0.3412479078674344,34.12479078674344,0.0491516225417,4.91516225417,0.007052216983000629,0.7052216983000629,0.007052216983000629,0.008815271228750785,scenario,cyp_cystitis,8946.37578478237
6.0,bladder,51.7635105705636,0.983021756611,0.016978243389,0.36994911394009505,36.994911394009506,0.3376821327468895,33.768213274688954,0.04915108783055,4.915108783055,0.0069661008179014786,0.6966100817901478,0.006966100817901479,0.00870762602237685,scenario,cyp_cystitis,8838.678687154104
6.083333333333,bladder,50.47858243339961,0.983020560381,0.016979439619,0.3661996214076252,36.61996214076252,0.33373536146165805,33.373536146165804,0.049151028019050004,4.915102801905,0.0068690354683550526,0.6869035468355053,0.006869035468355052,0.008586294335443815,scenario,cyp_cystitis,8730.981589525847
6.166666666667,bladder,49.13522691208793,0.983029271033,0.016970728967,0.36210407457651334,36.210407457651336,0.32942380107880354,32.94238010788035,0.04915146355165,4.9151463551650005,0.0067617918155346395,0.6761791815534639,0.0067617918155346395,0.0084522397694183,scenario,cyp_cystitis,8623.284491896295
6.25,bladder,47.741980099450366,0.983048624558,0.016951375442,0.3576796113933165,35.767961139331646,0.3247654528057016,32.476545280570164,0.0491524312279,4.91524312279,0.0066451984799079196,0.664519847990792,0.0066451984799079196,0.0083064980998849,scenario,cyp_cystitis,8515.58739426804
6.333333333333,bladder,46.30745185369036,0.983079356945,0.016920643055,0.3529449810329855,35.29449810329855,0.3197800138797216,31.97800138797216,0.049153967847250006,4.915396784725001,0.006520132876248309,0.6520132876248309,0.006520132876248309,0.008150166095310387,scenario,cyp_cystitis,8407.890296639775
6.416666666667,bladder,44.840238774795814,0.983122204185,0.016877795815,0.34792054365403663,34.792054365403665,0.31448887731030173,31.448887731030172,0.04915611020925,4.915611020925001,0.006387511923901809,0.6387511923901809,0.006387511923901809,0.007984389904877261,scenario,cyp_cystitis,8300.193199010218
6.5,bladder,43.34884054292372,0.983177378333,0.016822621667,0.34262806911910176,34.262806911910175,0.3089149475815282,30.89149475815282,0.04915886891665,4.915886891665,0.006248282550445486,0.6248282550445486,0.006248282550445487,0.007810353188056859,scenario,cyp_cystitis,8192.496101381967
6.583333333333,bladder,41.84158071859321,0.98324457449,0.01675542551,0.3370907137047186,33.70907137047186,0.3030826157686512,30.30826157686512,0.049162228724500004,4.916222872450001,0.0061034121268937445,0.6103412126893745,0.006103412126893744,0.00762926515861718,scenario,cyp_cystitis,8084.7990037537065
6.666666666667,bladder,40.326532985625605,0.98332389374,0.01667610626,0.33133328213330937,33.133328213330934,0.29701798678558883,29.701798678558884,0.049166194687,4.9166194687,0.0059538789701675445,0.5953878970167544,0.005953878970167545,0.007442348712709432,scenario,cyp_cystitis,7977.101906124161
6.75,bladder,38.81145368359,0.983415297172,0.016584702828,0.3253819437557184,32.53819437557184,0.29074860936538777,29.074860936538776,0.0491707648586,4.91707648586,0.0058006630436017205,0.580066304360172,0.0058006630436017205,0.007250828804502151,scenario,cyp_cystitis,7869.404808495895
6.833333333333,bladder,37.30372133199148,0.983518602163,0.016481397837,0.3192641142642352,31.926411426423517,0.28430335174324756,28.430335174324757,0.04917593010815,4.9175930108150006,0.005644736979104638,0.5644736979104638,0.005644736979104638,0.007055921223880797,scenario,cyp_cystitis,7761.707710867633
6.916666666667,bladder,35.810283697268886,0.98363348238,0.01636651762,0.31300830817322395,31.300830817322396,0.27771224637286734,27.771224637286736,0.049181674119000006,4.918167411900001,0.005487057535425021,0.5487057535425022,0.005487057535425021,0.006858821919281276,scenario,cyp_cystitis,7654.010613238079
7.0,bladder,34.33761279799859,0.983759467781,0.016240532219,0.30664396041466935,30.664396041466937,0.27100630213223087,27.100630213223088,0.04918797338905,4.918797338905001,0.005328557595913903,0.5328557595913903,0.005328557595913903,0.006660696994892378,scenario,cyp_cystitis,7546.31351560982
7.083333333333,bladder,32.89166808858644,0.98389595639,0.01610404361,0.30020122138002603,30.020122138002602,0.26421728795844845,26.421728795844846,0.04919479781950001,4.919479781950001,0.0051701387966224185,0.5170138796622419,0.0051701387966224185,0.006462673495778023,scenario,cyp_cystitis,7438.616417981558
7.166666666667,bladder,31.477867910531376,0.984042781286,0.015957218714,0.2937108889699733,29.371088896997332,0.25737763147965614,25.737763147965616,0.0492021390643,4.92021390643,0.005012664861866472,0.5012664861866473,0.005012664861866472,0.006265831077333091,scenario,cyp_cystitis,7330.919320352012
7.25,bladder,30.101069154732745,0.984199616455,0.015800383545,0.28720395402391846,28.720395402391848,0.2505199717907036,25.051997179070362,0.04920998082275,4.920998082275,0.004856955709690489,0.4856955709690489,0.004856955709690488,0.006071194637113111,scenario,cyp_cystitis,7223.222222723751
7.333333333333,bladder,28.765554942575232,0.984365788591,0.015634211409,0.2807112645103326,28.071126451033262,0.24367681587450804,24.367681587450804,0.049218289429550005,4.921828942955001,0.004703782374470005,0.47037823744700047,0.0047037823744700055,0.005879727968087507,scenario,cyp_cystitis,7115.5251250954925
7.416666666667,bladder,27.47503000998276,0.984540520134,0.015459479866,0.27426330226175355,27.426330226175356,0.23688029079479325,23.688029079479325,0.0492270260067,4.92270260067,0.004553862778550129,0.45538627785501296,0.004553862778550129,0.005692328473187662,scenario,cyp_cystitis,7007.8280274659455
7.5,bladder,26.23262336791749,0.984722929271,0.015277070729,0.2678898751863599,26.78898751863599,0.230161819708221,23.0161819708221,0.049236146463550005,4.923614646355,0.004407858369504729,0.44078583695047285,0.004407858369504729,0.005509822961880911,scenario,cyp_cystitis,6900.130929837682
7.583333333333,bladder,25.040897717868443,0.984912029934,0.015087970066,0.2616198078837011,26.16198078837011,0.22355179619684326,22.355179619684325,0.0492456014967,4.92456014967,0.0042663716247971165,0.4266371624797117,0.0042663716247971165,0.005332964530996395,scenario,cyp_cystitis,6792.433832209417
7.666666666667,bladder,23.901865022655258,0.985106731801,0.014893268199,0.25548063832336826,25.548063832336826,0.2170792649824403,21.707926498244028,0.04925533659005,4.925533659005,0.004129944411614101,0.41299444116141015,0.004129944411614101,0.005162430514517626,scenario,cyp_cystitis,6684.7367345798675
7.75,bladder,22.81700757075368,0.985306009196,0.014693990804,0.24949837118049562,24.94983711804956,0.2107716533902059,21.07716533902059,0.0492653004598,4.92653004598,0.003999057176552475,0.3999057176552475,0.003999057176552475,0.004998821470690594,scenario,cyp_cystitis,6577.039636951605
7.833333333333,bladder,21.78730382779719,0.985510207224,0.014489792776,0.24369752791804689,24.36975279180469,0.20465475532299673,20.465475532299674,0.0492755103612,4.927551036120001,0.0038741289280399436,0.3874128928039944,0.003874128928039943,0.004842661160049929,scenario,cyp_cystitis,6469.342539323345
7.916666666667,bladder,20.81325834149058,0.985718967098,0.014281032902,0.23810036455491615,23.810036455491616,0.19875201705264858,19.875201705264857,0.0492859483549,4.92859483549,0.003755517964043289,0.3755517964043289,0.003755517964043289,0.004694397455054111,scenario,cyp_cystitis,6361.645441693799
8.0,bladder,19.894934954180734,0.985931641348,0.014068358652,0.2327267857976628,23.27267857976628,0.19308442497922398,19.3084424979224,0.04929658206740001,4.929658206740001,0.0036435232887688258,0.36435232887688257,0.0036435232887688253,0.004554404110961032,scenario,cyp_cystitis,6253.948344065539
8.083333333333,bladder,19.031992580948042,0.986147567166,0.013852432834,0.22706840294444294,22.706840294444294,0.1871168679854136,18.71168679854136,0.04930737835830001,4.9307378358300005,0.0035166268634068414,0.35166268634068415,0.003516626863406841,0.004395783579258551,scenario,cyp_cystitis,6190.6270416572725
8.166666666667,bladder,18.22372282885462,0.986366066398,0.013633933602,0.22168208907053844,22.168208907053845,0.18143556394804047,18.143556394804047,0.0493183033199,4.9318303319900005,0.003397601011133337,0.3397601011133337,0.003397601011133337,0.004247001263916671,scenario,cyp_cystitis,6127.30573924824
8.25,bladder,17.469088762520904,0.986586445554,0.013413554446,0.21657911938013333,21.65791193801333,0.17605241800256138,17.605241800256138,0.049329322277700004,4.93293222777,0.0032864695159907477,0.32864695159907475,0.0032864695159907477,0.0041080868949884344,scenario,cyp_cystitis,6063.984436839979
8.333333333333,bladder,16.766764161833343,0.986807995799,0.013192004201,0.21176786290530342,21.17678629053034,0.1709762769635299,17.09762769635299,0.04934039978995,4.934039978995,0.0031832017145544517,0.31832017145544517,0.0031832017145544517,0.003979002143193065,scenario,cyp_cystitis,6000.6631344317075
8.416666666667,bladder,16.115172667342524,0.987030060514,0.012969939486,0.20725384646364664,20.725384646364663,0.16621299309257542,16.62129930925754,0.0493515030257,4.93515030257,0.0030877174488454476,0.3087717448845448,0.0030877174488454476,0.0038596468110568094,scenario,cyp_cystitis,5937.341832022683
8.5,bladder,15.512526265224263,0.987252164469,0.012747835531,0.20303987781990174,20.303987781990173,0.1617655469436334,16.17655469436334,0.049362608223450004,4.936260822345,0.0029998921867736734,0.29998921867736733,0.0029998921867736734,0.003749865233467092,scenario,cyp_cystitis,5874.020529614419
8.583333333333,bladder,14.9568626255395,0.987473686817,0.012526313183,0.19912611733868474,19.912611733868474,0.1576341399977208,15.76341399977208,0.04937368434085,4.937368434085,0.0029195622234818677,0.29195622234818674,0.002919562223481868,0.0036494527793523353,scenario,cyp_cystitis,5810.69922720615
8.666666666667,bladder,14.446080872967363,0.98769399141,0.01230600859,0.19551028549117277,19.551028549117277,0.15381640623228712,15.381640623228712,0.049384699570500006,4.938469957050001,0.002846529883186815,0.28465298831868147,0.0028465298831868153,0.0035581623539835193,scenario,cyp_cystitis,5747.377924797118
8.75,bladder,13.977975435911386,0.987912440263,0.012087559737,0.19218787463084697,19.218787463084695,0.15030763433441785,15.030763433441784,0.04939562201315,4.939562201315,0.002780568648278169,0.27805686482781694,0.002780568648278169,0.0034757108103477116,scenario,cyp_cystitis,5684.056622388853
8.833333333333,bladder,13.550267686983485,0.98812839356,0.01187160644,0.18915238087481365,18.915238087481363,0.14710101178611965,14.710101178611964,0.049406419678,4.9406419678,0.002721428150389485,0.2721428150389485,0.0027214281503894844,0.0034017851879868553,scenario,cyp_cystitis,5620.735319980582
8.916666666667,bladder,13.160635153762957,0.98834120965,0.01165879035,0.18639555156037876,18.639555156037876,0.14418788534513555,14.418788534513554,0.049417060482500004,4.94170604825,0.0026688389666347538,0.2668838966634754,0.002668838966634754,0.003336048708293443,scenario,cyp_cystitis,5557.414017571551
9.0,bladder,12.806738141706688,0.988550245049,0.011449754951,0.18390764107350244,18.390764107350243,0.14155803033794992,14.155803033794992,0.049427512252450005,4.942751225245001,0.00262251717291246,0.26225171729124597,0.00262251717291246,0.003278146466140575,scenario,cyp_cystitis,5494.092715163288
9.083333333333,bladder,12.486243670618698,0.988755095652,0.011244904348,0.18167771263245822,18.16777126324582,0.1391999556314297,13.91999556314297,0.049437754782600006,4.943775478260001,0.002582168614979684,0.2582168614979684,0.0025821686149796836,0.0032277107687246048,scenario,cyp_cystitis,5430.771412755023
9.166666666667,bladder,12.196846681169273,0.988955558782,0.011044441218,0.17969388196356662,17.96938819635666,0.1371011621310175,13.71011621310175,0.049447777939100004,4.94477779391,0.0025474928666732346,0.25474928666732344,0.0025474928666732346,0.0031843660833415434,scenario,cyp_cystitis,5367.450110345992
9.25,bladder,11.936288517583218,0.98915121394,0.01084878606,0.17794348398585033,17.794348398585033,0.135248340304053,13.5248340304053,0.049457560697000004,4.945756069700001,0.0025181868529871574,0.25181868529871576,0.002518186852987157,0.0031477335662339462,scenario,cyp_cystitis,5304.128807937723
9.333333333333,bladder,11.702372736730853,0.98934166239,0.01065833761,0.17641334757044708,17.641334757044707,0.1336276467904706,13.362764679047059,0.0494670831195,4.94670831195,0.002493948123616925,0.2493948123616925,0.002493948123616925,0.0031174351545211563,scenario,cyp_cystitis,5240.807505529461
9.416666666667,bladder,11.492978332054987,0.989526528331,0.010473471669,0.17509000794788107,17.509000794788108,0.13222492792771692,13.222492792771693,0.049476326416550004,4.947632641655001,0.0024744777699103947,0.24744777699103945,0.0024744777699103942,0.003093097212387993,scenario,cyp_cystitis,5177.486203120431
9.5,bladder,11.306070492695913,0.989705458897,0.010294541103,0.17395989905569495,17.395989905569493,0.13102592222194206,13.102592222194206,0.04948527294485,4.948527294485,0.0024594829848047788,0.2459482984804779,0.0024594829848047788,0.0030743537310059734,scenario,cyp_cystitis,5114.164900712163
9.583333333333,bladder,11.139709044181245,0.989878124154,0.010121875846,0.17300952445480114,17.300952445480114,0.13001644026010648,13.001644026010647,0.0494939062077,4.94939062077,0.0024486792712500273,0.24486792712500272,0.0024486792712500273,0.0030608490890625343,scenario,cyp_cystitis,5050.8435983038935
9.666666666667,bladder,10.99205473721796,0.990044224479,0.009955775521,0.17222560731254982,17.222560731254983,0.12918252219852613,12.918252219852613,0.04950221122395,4.950221122395,0.002441792309763929,0.24417923097639288,0.002441792309763929,0.003052240387204911,scenario,cyp_cystitis,4987.522295894869
9.75,bladder,10.861373565581756,0.990203792934,0.009796207066,0.17159526917535373,17.159526917535374,0.12851061003016181,12.85106100301618,0.0495101896467,4.95101896467,0.002438559500102878,0.2438559500102878,0.0024385595001028774,0.0030481993751285967,scenario,cyp_cystitis,4924.200993486599
9.833333333333,bladder,10.746039303453825,0.990356850306,0.009643149694,0.17110607417871637,17.110607417871638,0.1279876122772804,12.79876122772804,0.049517842515300003,4.95178425153,0.002438731195590227,0.24387311955902272,0.002438731195590227,0.003048413994487784,scenario,cyp_cystitis,4860.879691078331
9.916666666667,bladder,10.644534457199693,0.990503326854,0.009496673146,0.17074609984461936,17.074609984461937,0.12760098263359934,12.760098263359934,0.0495251663427,4.95251663427,0.0024420716514298793,0.24420716514298793,0.0024420716514298793,0.003052589564287349,scenario,cyp_cystitis,4797.558388669304
10.0,bladder,10.555449826912115,0.990643191533,0.009356808467,0.17050402413068683,17.05040241306868,0.127338804793723,12.733880479372301,0.04953215957665,4.953215957665,0.0024483597103810966,0.24483597103810967,0.0024483597103810966,0.0030604496379763708,scenario,cyp_cystitis,4734.237086261033
10.083333333333,bladder,10.477482869751306,0.990776451991,0.009223548009,0.17036917206232677,17.036917206232676,0.12718984153976504,12.718984153976503,0.04953882259955,4.953882259955,0.002457389250541501,0.2457389250541501,0.0024573892505415015,0.003071736563176877,scenario,cyp_cystitis,4670.91578385277
10.166666666667,bladder,10.40943505071845,0.990903154567,0.009096845433,0.1703315463215041,17.03315463215041,0.12714356694016224,12.714356694016224,0.04954515772835,4.954515772835,0.0024689694207269113,0.24689694207269114,0.0024689694207269118,0.0030862117759086396,scenario,cyp_cystitis,4607.594481443741
10.25,bladder,10.350208357468121,0.991023384297,0.008976615703,0.17038184366836806,17.038184366836806,0.12719018363528217,12.719018363528217,0.049551169214850005,4.955116921485001,0.0024829246891224168,0.2482924689122417,0.0024829246891224163,0.0031036558614030204,scenario,cyp_cystitis,4544.273179035473
10.333333333333,bladder,10.298801144750488,0.991137264906,0.008862735094,0.1705114590856134,17.05114590856134,0.1273206272003299,12.73206272003299,0.0495568632453,4.95568632453,0.0024990947305793057,0.24990947305793057,0.0024990947305793057,0.003123868413224132,scenario,cyp_cystitis,4480.951876627209
10.416666666667,bladder,10.25430346155047,0.991244951268,0.008755048732,0.17071247820676957,17.07124782067696,0.12752655857196799,12.752655857196798,0.049562247563400004,4.95622475634,0.002517334177210068,0.2517334177210068,0.002517334177210068,0.0031466677215125855,scenario,cyp_cystitis,4417.63057421818
10.5,bladder,10.215892000381654,0.991346301394,0.008653698606,0.17097760581686422,17.097760581686423,0.12780030604964654,12.780030604964654,0.0495673150697,4.956731506970001,0.0025375122558759684,0.25375122558759683,0.0025375122558759684,0.0031718903198449605,scenario,cyp_cystitis,4354.309271809909
10.583333333333,bladder,10.182824794002768,0.991441246394,0.008558753606,0.1713002073499213,17.13002073499213,0.12813488950549612,12.813488950549612,0.0495720623197,4.95720623197,0.0025595123348296552,0.2559512334829655,0.002559512334829656,0.0031993904185370703,scenario,cyp_cystitis,4290.98796940164
10.666666666667,bladder,10.154435770411734,0.991529881437,0.008470118563,0.17167429715790886,17.167429715790885,0.128524003248483,12.8524003248483,0.049576494071850004,4.957649407185,0.002583231400228656,0.2583231400228656,0.0025832314002286554,0.0032290392502858194,scenario,cyp_cystitis,4227.666666992615
10.75,bladder,10.13012926263627,0.991612323227,0.008387676773,0.17209448245922562,17.209448245922562,0.1289619645240796,12.89619645240796,0.049580616161350004,4.958061616135001,0.00260857948155692,0.260857948155692,0.0026085794815569195,0.0032607243519461493,scenario,cyp_cystitis,4164.3453645843465
10.833333333333,bladder,10.109374555909222,0.991688710002,0.008311289998,0.17255592894161337,17.255592894161335,0.1294436773068562,12.944367730685618,0.0495844355001,4.95844355001,0.002635479043221968,0.2635479043221968,0.0026354790432219677,0.0032943488040274595,scenario,cyp_cystitis,4101.024062176081
10.916666666667,bladder,10.091700541503593,0.991759201531,0.008240798469,0.17305432456216852,17.305432456216852,0.12996459419538792,12.996459419538791,0.04958796007655,4.958796007655001,0.002663864357779113,0.26638643577791127,0.002663864357779113,0.0033298304472238914,scenario,cyp_cystitis,4037.7027597670567
11.0,bladder,10.076690533966223,0.991823979122,0.008176020878,0.17358584245631792,17.358584245631793,0.13052067736865042,13.052067736865041,0.04959119895610001,4.959119895610001,0.002693680874441332,0.26936808744413315,0.002693680874441332,0.003367101093051665,scenario,cyp_cystitis,3974.3814573587824
11.083333333333,bladder,10.063977296895043,0.991883245613,0.008116754387,0.17414710371543174,17.414710371543173,0.1311083594050334,13.11083594050334,0.04959416228065,4.959416228065,0.002724884594779895,0.2724884594779895,0.0027248845947798954,0.0034061057434748693,scenario,cyp_cystitis,3911.0601549505163
11.166666666667,bladder,10.053238311833356,0.991937217495,0.008062782505,0.17473513927926,17.473513927926,0.13172450358369475,13.172450358369476,0.04959686087475,4.959686087475,0.0027574414658331934,0.27574414658331936,0.0027574414658331934,0.003446801832291492,scenario,cyp_cystitis,3847.7388525414926
11.25,bladder,10.044191315346753,0.991985761325,0.008014238675,0.17534728992953014,17.534728992953013,0.1323663177508212,13.23663177508212,0.049599288066250004,4.959928806625,0.0027913267992735534,0.27913267992735535,0.0027913267992735534,0.003489158499091942,scenario,cyp_cystitis,3784.4175501332256
11.333333333333,bladder,10.036590120944052,0.99202879907,0.00797120093,0.17598124270938217,17.598124270938218,0.13303137132198126,13.303137132198126,0.0496014399535,4.96014399535,0.0028265247238278965,0.2826524723827896,0.002826524723827896,0.00353315590478487,scenario,cyp_cystitis,3721.0962477249573
11.416666666667,bladder,10.030220735187955,0.992066415783,0.007933584217,0.17663501751094746,17.663501751094746,0.1337175754966289,13.371757549662892,0.04960332078915,4.960332078915,0.0028630276768170874,0.28630276768170876,0.0028630276768170874,0.0035787845960213592,scenario,cyp_cystitis,3657.7749453159304
11.5,bladder,10.024897771075164,0.992098698955,0.007901301045,0.1773069080718687,17.730690807186868,0.13442312960433547,13.442312960433547,0.04960493494775001,4.960493494775001,0.002900835939513336,0.2900835939513336,0.0029008359395133357,0.0036260449243916697,scenario,cyp_cystitis,3594.4536429076593
11.583333333333,bladder,10.020461156511425,0.992125738515,0.007874261485,0.1779954532185351,17.79954532185351,0.13514649083451064,13.514649083451063,0.049606286925750004,4.960628692575001,0.002939957219990199,0.29399572199901985,0.002939957219990199,0.0036749465249877487,scenario,cyp_cystitis,3531.1323404993927
11.666666666667,bladder,10.016773131395112,0.992147626829,0.007852373171,0.1786994102237127,17.86994102237127,0.13588634619185547,13.588634619185546,0.049607381341450006,4.960738134145001,0.0029804062862530093,0.29804062862530095,0.0029804062862530093,0.0037255078578162615,scenario,cyp_cystitis,3467.8110380903654
11.75,bladder,10.01371552337467,0.992164458701,0.007835541299,0.17941773030059954,17.941773030059956,0.13664158670057847,13.664158670057846,0.04960822293505,4.960822293505,0.0030222046517246358,0.3022204651724636,0.003022204651724636,0.0037777558146557953,scenario,cyp_cystitis,3404.4897356820948
11.833333333333,bladder,10.01118728968604,0.992176331374,0.007823668626,0.18014953621224922,18.014953621224922,0.13741128383531498,13.741128383531498,0.049608816568700004,4.960881656870001,0.003065380314585324,0.30653803145853237,0.0030653803145853243,0.0038317253932316554,scenario,cyp_cystitis,3341.1684332738305
11.916666666667,bladder,10.009102310518342,0.9921833572,0.0078166428,0.18089410425170255,18.089410425170254,0.13819466988600268,13.819466988600269,0.04960916786,4.960916785999999,0.0031099675520166563,0.31099675520166564,0.0031099675520166563,0.0038874594400208204,scenario,cyp_cystitis,3277.8471308648022
12.0,bladder,10.007387418011602,0.992186284841,0.007813715159,0.1816509596716598,18.165095967165982,0.13899120571537876,13.899120571537877,0.04960931424205001,4.960931424205,0.0031560067701131645,0.31560067701131644,0.0031560067701131645,0.003945008462641455,scenario,cyp_cystitis,3214.525828456535
12.083333333333,bladder,10.005980644179056,0.992185814931,0.007814185069,0.18184271990650513,18.184271990650515,0.1391930833262686,13.919308332626859,0.04960929074655,4.9609290746550005,0.0031681833503785354,0.31681833503785356,0.0031681833503785354,0.003960229187973169,scenario,cyp_cystitis,3197.686290980698
12.166666666667,bladder,10.004829670686105,0.992182404161,0.007817595839,0.1820374630691936,18.20374630691936,0.13939825564330907,13.939825564330906,0.04960912020805,4.960912020805,0.0031805387791614373,0.31805387791614376,0.003180538779161437,0.003975673473951796,scenario,cyp_cystitis,3180.846753504662
12.25,bladder,10.003890463430777,0.992176544424,0.007823455576,0.1822347908453023,18.22347908453023,0.13960627749905508,13.960627749905507,0.049608827221200004,4.96088272212,0.003193061206519834,0.3193061206519834,0.003193061206519834,0.003991326508149792,scenario,cyp_cystitis,3164.0072160288255
12.333333333333,bladder,10.003126075188744,0.992168762813,0.007831237187,0.18243438991345184,18.243438991345183,0.1398167913397914,13.981679133979142,0.04960843814065,4.960843814065,0.003205740855159331,0.3205740855159331,0.0032057408551593304,0.004007176068949163,scenario,cyp_cystitis,3147.1676785529908
12.416666666667,bladder,10.00250560014431,0.992159621625,0.007840378375,0.182636020612689,18.263602061268898,0.14002951529625157,14.002951529625157,0.04960798108125,4.960798108125,0.003218569727109627,0.3218569727109627,0.003218569727109627,0.004023212158887034,scenario,cyp_cystitis,3130.328141076951
12.5,bladder,10.002003264869648,0.992149718359,0.007850281641,0.18283950706404437,18.283950706404436,0.1402442327853625,14.024423278536249,0.04960748591795,4.960748591795,0.0032315413471788856,0.32315413471788856,0.003231541347178886,0.004039426683973607,scenario,cyp_cystitis,3113.4886036011144
12.583333333333,bladder,10.001597641188722,0.992139685715,0.007860314285,0.18304472859856327,18.30447285985633,0.14046078348717186,14.046078348717186,0.04960698428575,4.960698428575,0.003244650539531536,0.3244650539531536,0.0032446505395315366,0.0040558131744144205,scenario,cyp_cystitis,3096.649066125278
12.666666666667,bladder,10.001270967325809,0.992130170341,0.007869829659,0.18325160842556018,18.325160842556016,0.14067905253527388,14.067905253527387,0.04960650851705001,4.960650851705001,0.0032578932339230047,0.3257893233923005,0.0032578932339230042,0.004072366542403756,scenario,cyp_cystitis,3079.8095286492426
12.75,bladder,10.001008564753828,0.992120688498,0.007879311502,0.18345989563127912,18.34598956312791,0.14089880126987278,14.089880126987278,0.0496060344249,4.96060344249,0.003271266298345656,0.3271266298345656,0.003271266298345656,0.00408908287293207,scenario,cyp_cystitis,3062.9699911734065
12.833333333333,bladder,10.00079833919489,0.992110753919,0.007889246081,0.18366936727865005,18.366936727865006,0.14111982061336847,14.111982061336848,0.049605537695950004,4.960553769595,0.0032847673950721235,0.32847673950721235,0.0032847673950721235,0.004105959243840154,scenario,cyp_cystitis,3046.130453697567
12.916666666667,bladder,10.000630355258853,0.992100312386,0.007899687614,0.1838799042416282,18.38799042416282,0.14134198802350337,14.134198802350337,0.0496050156193,4.96050156193,0.003298394857317243,0.3298394857317243,0.003298394857317243,0.004122993571646553,scenario,cyp_cystitis,3029.2909162215315
13.0,bladder,10.000496475215293,0.992089250188,0.007910749812,0.18409139645256997,18.409139645256996,0.14156519362438943,14.156519362438944,0.0496044625094,4.9604462509400005,0.0033121475839846285,0.33121475839846287,0.003312147583984628,0.004140184479980785,scenario,cyp_cystitis,3012.451378745697
13.083333333333,bladder,10.000390053365116,0.992077394127,0.007922605873,0.18430373944588913,18.43037394458891,0.14178933656793594,14.178933656793594,0.04960386970635,4.960386970635,0.003326024950200768,0.33260249502007677,0.003326024950200767,0.004157531187750959,scenario,cyp_cystitis,2995.6118412698584
13.166666666667,bladder,10.000305678398318,0.992064511515,0.007935488485,0.18451683142624156,18.451683142624155,0.14201432194788585,14.201432194788586,0.049603225575750004,4.960322557575,0.00334002673156409,0.33400267315640897,0.00334002673156409,0.0041750334144551125,scenario,cyp_cystitis,2978.7723037938226
13.25,bladder,10.00023895698661,0.992050313178,0.007949686822,0.1847305713499044,18.47305713499044,0.1422400586221099,14.224005862210989,0.049602515658900004,4.96025156589,0.0033541530402591,0.33541530402591,0.0033541530402591,0.004192691300323875,scenario,cyp_cystitis,2961.9327663179865
13.333333333333,bladder,10.000186332658604,0.992035026144,0.007964973856,0.1849449636049298,18.494496360492978,0.1424665392607682,14.246653926076819,0.0496017513072,4.96017513072,0.003368404271391089,0.3368404271391089,0.003368404271391089,0.004210505339238862,scenario,cyp_cystitis,2945.093228842149
13.416666666667,bladder,10.000144934738731,0.992018954319,0.007981045681,0.18516003488679425,18.516003488679424,0.14269377596930974,14.269377596930974,0.04960094771595,4.960094771595,0.0033827810580836708,0.3382781058083671,0.0033827810580836708,0.004228476322604588,scenario,cyp_cystitis,2928.2536913661115
13.5,bladder,10.000112452798351,0.992002075639,0.007997924361,0.18537575759794708,18.53757575979471,0.1429217408589443,14.29217408589443,0.049600103781950004,4.960010378195,0.0033972842340619404,0.339728423406194,0.00339728423406194,0.004246605292577425,scenario,cyp_cystitis,2911.414153890274
13.583333333333,bladder,10.000087032669825,0.991984360337,0.008015639663,0.18559210786715485,18.559210786715486,0.14315041036874196,14.315041036874195,0.04959921801685,4.959921801685,0.0034119148026050456,0.34119148026050455,0.003411914802605046,0.004264893503256308,scenario,cyp_cystitis,2894.574616414439
13.666666666667,bladder,10.000067190613882,0.991965770941,0.008034229059,0.18580906457508134,18.580906457508135,0.143379764240033,14.3379764240033,0.04959828854705001,4.959828854705001,0.003426673910893001,0.3426673910893001,0.0034266739108930007,0.004283342388616251,scenario,cyp_cystitis,2877.7350789384027
13.75,bladder,10.000051742710555,0.991946262281,0.008053737719,0.18602660855128536,18.602660855128537,0.14360978467077407,14.360978467077407,0.04959731311405,4.959731311405,0.0034415628289080147,0.34415628289080147,0.0034415628289080143,0.004301953536135018,scenario,cyp_cystitis,2860.8955414625657
13.833333333333,bladder,10.000039746968076,0.991925781481,0.008074218519,0.1862447219105068,18.624472191050682,0.14384045561732295,14.384045561732295,0.049596289074050004,4.959628907405,0.0034565829321676067,0.34565829321676067,0.0034565829321676063,0.0043207286652095075,scenario,cyp_cystitis,2844.0560039867296
13.916666666667,bladder,10.000030456016578,0.991904407305,0.008095592695,0.18646341370387945,18.646341370387944,0.14407178246171523,14.407178246171522,0.04959522036525,4.959522036525,0.0034717356876655075,0.34717356876655076,0.0034717356876655075,0.004339669609581884,scenario,cyp_cystitis,2827.21646651069
14.0,bladder,10.00002327857858,0.991882284539,0.008117715461,0.1866827072805145,18.66827072805145,0.14430378216164685,14.430378216164685,0.04959411422695,4.959411422695,0.0034870226424921643,0.3487022642492164,0.0034870226424921647,0.0043587783031152055,scenario,cyp_cystitis,2810.376929034856
14.083333333333,bladder,10.000017748190436,0.991859461179,0.008140538821,0.1869026093282298,18.69026093282298,0.14453645923082084,14.453645923082084,0.04959297305895,4.959297305895,0.0035024454146867614,0.3502445414686761,0.0035024454146867614,0.0043780567683584515,scenario,cyp_cystitis,2793.5373915590194
14.166666666667,bladder,10.000013497892517,0.991835991962,0.008164008038,0.1871231290098596,18.71231290098596,0.14476982043343117,14.476982043343117,0.049591799598100006,4.959179959810001,0.003518005685936996,0.35180056859369957,0.0035180056859369963,0.004397507107421246,scenario,cyp_cystitis,2776.697854082982
14.25,bladder,10.000010239815106,0.991811938371,0.008188061629,0.18734427773995038,18.734427773995037,0.1450038745488425,14.500387454884251,0.04959059691855,4.959059691855,0.0035337051958080354,0.35337051958080357,0.003533705195808035,0.004417131494760044,scenario,cyp_cystitis,2759.858316607144
14.333333333333,bladder,10.000007748765679,0.991787368627,0.008212631373,0.18756606900435185,18.756606900435184,0.14523863218210722,14.523863218210723,0.049589368431350006,4.9589368431350005,0.0035495457372338147,0.35495457372338146,0.0035495457372338147,0.0044369321715422684,scenario,cyp_cystitis,2743.0187791313097
14.416666666667,bladder,10.000005849075201,0.991762357696,0.008237642304,0.1877885182196134,18.77885182196134,0.14547410561559307,14.547410561559307,0.0495881178848,4.95881178848,0.003565529153043207,0.3565529153043207,0.003565529153043207,0.004456911441304009,scenario,cyp_cystitis,2726.1792416552703
14.5,bladder,10.000004404089598,0.991736896763,0.008263103237,0.18801162545941327,18.801162545941327,0.14571029539080343,14.571029539080344,0.049586844838150006,4.958684483815,0.0035816573333362863,0.3581657333336286,0.0035816573333362868,0.004477071666670359,scenario,cyp_cystitis,2709.3397041794356
14.583333333333,bladder,10.000003307800819,0.991710899722,0.008289100278,0.1882353764946576,18.82353764946576,0.14594719106163956,14.594719106163955,0.0495855449861,4.95855449861,0.0035979322135582244,0.3597932213558224,0.0035979322135582244,0.00449741526694778,scenario,cyp_cystitis,2692.500166703599
14.666666666667,bladder,10.00000247820266,0.991684366171,0.008315633829,0.188459773603474,18.845977360347398,0.1461847950472884,14.61847950472884,0.049584218308550004,4.958421830855,0.0036143557731400443,0.36143557731400444,0.0036143557731400443,0.004517944716425055,scenario,cyp_cystitis,2675.6606292275615
14.75,bladder,10.000001852032275,0.991657291802,0.008342708198,0.18868481855942834,18.868481855942836,0.14642310944139825,14.642310944139824,0.0495828645901,4.95828645901,0.0036309300346035207,0.36309300346035206,0.0036309300346035207,0.0045386625432544,scenario,cyp_cystitis,2658.8210917517263
14.833333333333,bladder,10.000001380621228,0.99162966787,0.00837033213,0.1889105124782216,18.891051247822162,0.14666213587865434,14.666213587865434,0.0495814833935,4.95814833935,0.0036476570630465327,0.36476570630465327,0.0036476570630465327,0.004559571328808166,scenario,cyp_cystitis,2641.98155427589
14.916666666667,bladder,10.000001026632022,0.991601481192,0.008398518808,0.18913685577480446,18.913685577480447,0.14690187548968892,14.690187548968892,0.0495800740596,4.95800740596,0.00366453896593577,0.36645389659357697,0.0036645389659357703,0.004580673707419713,scenario,cyp_cystitis,2625.1420167998517
15.0,bladder,10.000000761498987,0.991572714149,0.008427285851,0.1893638481290913,18.93638481290913,0.14714232886488557,14.714232886488556,0.04957863570745,4.957863570744999,0.0036815778931521157,0.3681577893152116,0.0036815778931521153,0.004601972366440144,scenario,cyp_cystitis,2608.302479324015
15.083333333333,bladder,10.0000005634276,0.991543370881,0.008456629119,0.18959149346639137,18.959149346639137,0.14738349991825409,14.738349991825409,0.049577168544050004,4.9577168544050005,0.0036987760372450182,0.36987760372450185,0.0036987760372450182,0.004623470046556273,scenario,cyp_cystitis,2591.462941848179
15.166666666667,bladder,10.000000415835123,0.991513488393,0.008486511607,0.18981980209123286,18.981980209123286,0.14762539754903461,14.762539754903461,0.04957567441965,4.957567441965001,0.0037161356338556444,0.37161356338556445,0.003716135633855645,0.004645169542319556,scenario,cyp_cystitis,2574.6234043721415
15.25,bladder,10.000000306138876,0.991483069474,0.008516930526,0.1900487778542465,19.00487778542465,0.14786802566373317,14.786802566373316,0.049574153473700006,4.9574153473700004,0.003733658962281352,0.3733658962281352,0.003733658962281352,0.00466707370285169,scenario,cyp_cystitis,2557.7838668963045
15.333333333333,bladder,10.000000224817473,0.991452115619,0.008547884381,0.19027842441945403,19.027842441945403,0.14811138804053056,14.811138804053057,0.049572605780950005,4.957260578095,0.0037513483461601594,0.37513483461601593,0.0037513483461601594,0.004689185432700199,scenario,cyp_cystitis,2540.944329420469
15.416666666667,bladder,10.000000164685705,0.991420627797,0.008579372203,0.19050874540206475,19.050874540206475,0.14835548843391028,14.835548843391027,0.04957103138985,4.957103138985,0.003769206154253137,0.3769206154253137,0.003769206154253137,0.004711507692816421,scenario,cyp_cystitis,2524.104791944431
15.5,bladder,10.000000120336122,0.991388606454,0.008611393546,0.1907397443621089,19.07397443621089,0.14860033056779884,14.860033056779884,0.0495694303227,4.956943032270001,0.0037872348013121403,0.37872348013121404,0.0037872348013121403,0.004734043501640176,scenario,cyp_cystitis,2507.2652544685952
15.583333333333,bladder,10.000000087710257,0.991356051507,0.008643948493,0.19097142479786736,19.097142479786736,0.14884591812896564,14.884591812896563,0.049567802575350005,4.956780257535001,0.0038054367490237043,0.38054367490237045,0.0038054367490237043,0.0047567959362796305,scenario,cyp_cystitis,2490.4257169927596
15.666666666667,bladder,10.000000063770381,0.991322969089,0.008677030911,0.19120379144254726,19.120379144254727,0.1490922557769445,14.909225577694448,0.04956614845445,4.956614845445,0.0038238145070166236,0.38238145070166235,0.003823814507016623,0.004779768133770779,scenario,cyp_cystitis,2473.5861795167225
15.75,bladder,10.000000046248953,0.991289375609,0.008710624391,0.19143685105311278,19.143685105311278,0.14933934976069765,14.933934976069766,0.049564468780450004,4.956446878045,0.003842370633928624,0.3842370633928624,0.003842370633928624,0.00480296329241078,scenario,cyp_cystitis,2456.746642040886
15.833333333333,bladder,10.00000003345793,0.991255274054,0.008744725946,0.19167060783849554,19.167060783849553,0.149587204353469,14.958720435346901,0.049562763702700005,4.95627637027,0.0038611077385292724,0.38611077385292725,0.003861107738529273,0.004826384673161591,scenario,cyp_cystitis,2439.90710456505
15.916666666667,bladder,10.000000024144072,0.991220666811,0.008779333189,0.1919050659243014,19.19050659243014,0.1498358237723699,14.98358237723699,0.04956103334055,4.956103334055,0.0038800284808916835,0.38800284808916835,0.003880028480891683,0.004850035601114603,scenario,cyp_cystitis,2423.0675670890114
16.0,bladder,10.000000017379456,0.991185556267,0.008814443733,0.19214022946732429,19.214022946732427,0.15008521226734134,15.008521226734134,0.049559277813350004,4.955927781335,0.0038991355736125036,0.3899135573612504,0.003899135573612504,0.00487391946701563,scenario,cyp_cystitis,2406.228029613175
16.083333333333,bladder,10.000000012478896,0.991149944809,0.008850055191,0.19237610265482233,19.237610265482232,0.15033537412039194,15.033537412039195,0.04955749724045,4.955749724045,0.0039184317830807,0.39184317830807003,0.003918431783080701,0.004898039728850876,scenario,cyp_cystitis,2389.3884921373397
16.166666666667,bladder,10.000000008937795,0.991113834823,0.008886165177,0.19261268970381584,19.261268970381586,0.15058631364491143,15.058631364491143,0.04955569174115,4.955569174115,0.003937919930790159,0.3937919930790159,0.00393791993079016,0.0049223999134877,scenario,cyp_cystitis,2372.548954661303
16.25,bladder,10.000000006385557,0.991077228696,0.008922771304,0.19284999486115265,19.284999486115264,0.15083803518563438,15.083803518563437,0.049553861434800006,4.95538614348,0.003957602894697763,0.3957602894697763,0.003957602894697763,0.004947003618372204,scenario,cyp_cystitis,2355.709417185466
16.333333333333,bladder,10.000000004550735,0.991040128816,0.008959871184,0.1930880224033537,19.30880224033537,0.15109054311847758,15.109054311847759,0.0495520064408,4.9552006440800005,0.003977483610629176,0.3977483610629176,0.003977483610629177,0.004971854513286471,scenario,cyp_cystitis,2338.8698797096285
16.416666666667,bladder,10.000000003235032,0.991002537569,0.008997462431,0.19332677663595452,19.33267766359545,0.15134384185000474,15.134384185000474,0.04955012687845001,4.9550126878450005,0.003997565073728624,0.3997565073728624,0.003997565073728624,0.004996956342160779,scenario,cyp_cystitis,2322.030342233591
16.5,bladder,10.000000002293982,0.990964457341,0.009035542659,0.19356626189389942,19.356626189389942,0.1515979358177362,15.15979358177362,0.049548222867050004,4.954822286705,0.00401785033995546,0.40178503399554605,0.004017850339955461,0.005022312924944327,scenario,cyp_cystitis,2305.1908047577567
16.583333333333,bladder,10.000000001622615,0.990925890521,0.009074109479,0.19380648254222327,19.380648254222326,0.15185282949070872,15.185282949070873,0.04954629452605,4.954629452605,0.004038342527630738,0.40383425276307383,0.004038342527630737,0.005047928159538422,scenario,cyp_cystitis,2288.3512672819193
16.666666666667,bladder,10.000000001144867,0.990886839494,0.009113160506,0.19404744297479898,19.404744297479898,0.15210852736852523,15.210852736852523,0.04954434197470001,4.95443419747,0.004059044819030644,0.4059044819030644,0.004059044819030645,0.0050738060237883065,scenario,cyp_cystitis,2271.511729805883
16.75,bladder,10.000000000805766,0.990847301873,0.009152698127,0.19428914667955527,19.428914667955528,0.15236503324832135,15.236503324832135,0.04954236509365,4.954236509365,0.004079960462030352,0.4079960462030352,0.004079960462030352,0.00509995057753794,scenario,cyp_cystitis,2254.6721923300456
16.833333333333,bladder,10.000000000565688,0.990807264324,0.009192735676,0.19453159502027592,19.453159502027592,0.15262234926744833,15.262234926744833,0.049540363216200006,4.95403632162,0.004101092771802017,0.4101092771802017,0.004101092771802016,0.00512636596475252,scenario,cyp_cystitis,2237.8326548542086
16.916666666667,bladder,10.00000000039615,0.990766725358,0.009233274642,0.1947747917035597,19.47747917035597,0.15288047940595761,15.288047940595762,0.0495383362679,4.953833626790001,0.00412244513256422,0.412244513256422,0.004122445132564221,0.005153056415705275,scenario,cyp_cystitis,2220.9931173781724
17.0,bladder,10.00000000027673,0.9907256844,0.0092743156,0.19501874064225683,19.50187406422568,0.15313942781290193,15.313942781290194,0.049536284220000004,4.953628422,0.004144020999386784,0.41440209993867844,0.004144020999386784,0.00518002624923348,scenario,cyp_cystitis,2204.153579902336
17.083333333333,bladder,10.000000000192827,0.990684140875,0.009315859125,0.19526344577670532,19.526344577670532,0.15339919866626875,15.339919866626875,0.04953420704375,4.9534207043750005,0.00416582390005523,0.416582390005523,0.00416582390005523,0.005207279875069038,scenario,cyp_cystitis,2187.3140424264993
17.166666666667,bladder,10.000000000134028,0.990642094207,0.009357905793,0.19550891107474375,19.550891107474374,0.15365979617304606,15.365979617304607,0.04953210471035,4.953210471035,0.004187857436992336,0.4187857436992336,0.004187857436992336,0.00523482179624042,scenario,cyp_cystitis,2170.474504950463
17.25,bladder,10.000000000092925,0.990599543823,0.009400456177,0.19575514053271842,19.575514053271842,0.15392122457007204,15.392122457007204,0.04952997719115,4.952997719115,0.004210125289241166,0.4210125289241166,0.004210125289241165,0.005262656611551456,scenario,cyp_cystitis,2153.634967474626
17.333333333333,bladder,10.000000000064267,0.990556489146,0.009443510854,0.19600213817435344,19.600213817435343,0.15418348812321414,15.418348812321414,0.0495278244573,4.9527824457300005,0.004232631214514232,0.42326312145142314,0.004232631214514232,0.00529078901814279,scenario,cyp_cystitis,2136.79542999879
17.416666666667,bladder,10.000000000044336,0.990512929601,0.009487070399,0.19624990805216397,19.624990805216395,0.15444659112854103,15.444659112854103,0.049525646480050006,4.9525646480050005,0.004255379051306452,0.4255379051306452,0.004255379051306452,0.005319223814133065,scenario,cyp_cystitis,2119.955892522752
17.5,bladder,10.000000000030509,0.990468864614,0.009531135386,0.19649845424749485,19.649845424749486,0.15471053791241562,15.471053791241562,0.0495234432307,4.95234432307,0.004278372721076636,0.4278372721076636,0.004278372721076637,0.005347965901345796,scenario,cyp_cystitis,2103.1163550469155
17.583333333333,bladder,10.000000000020943,0.990424293608,0.009575706392,0.19674778086999345,19.674778086999346,0.154975332831151,15.4975332831151,0.0495212146804,4.9521214680400005,0.004301616230502634,0.4301616230502634,0.004301616230502634,0.005377020288128292,scenario,cyp_cystitis,2086.276817571079
17.666666666667,bladder,10.00000000001434,0.99037921601,0.00962078399,0.1969978920592396,19.69978920592396,0.15524098027235747,15.524098027235746,0.0495189608005,4.95189608005,0.004325113673807945,0.43251136738079454,0.004325113673807945,0.005406392092259932,scenario,cyp_cystitis,2069.4372800950414
17.75,bladder,10.000000000009795,0.990333631244,0.009666368756,0.19724879198360296,19.724879198360295,0.1555074846541084,15.550748465410841,0.0495166815622,4.95166815622,0.004348869235165005,0.4348869235165005,0.004348869235165005,0.005436086543956256,scenario,cyp_cystitis,2052.5977426192053
17.833333333333,bladder,10.000000000006672,0.990287533028,0.009712466972,0.19750048370312306,19.750048370312307,0.15577484952812956,15.577484952812956,0.0495143766514,4.95143766514,0.004372887191180687,0.4372887191180687,0.004372887191180687,0.0054661089889758594,scenario,cyp_cystitis,2035.7582051433692
17.916666666667,bladder,10.000000000004535,0.990240896591,0.009759103409,0.19775296660943015,19.775296660943013,0.15604307555776858,15.604307555776858,0.04951204482955,4.951204482955,0.004397171913462091,0.43971719134620907,0.004397171913462092,0.005496464891827615,scenario,cyp_cystitis,2018.9186676673326
18.0,bladder,10.000000000003075,0.990193714751,0.009806285249,0.19800624361583657,19.800624361583658,0.15631216618767008,15.631216618767008,0.049509685737550005,4.950968573755,0.0044217278712682575,0.44217278712682573,0.0044217278712682575,0.005527159839085322,scenario,cyp_cystitis,2002.0791301914958
18.083333333333,bladder,10.000000000002078,0.990145982453,0.009854017547,0.19826031808480035,19.826031808480035,0.15658212522331616,15.658212522331617,0.049507299122650006,4.950729912265,0.0044465596342539125,0.44465596342539127,0.004446559634253913,0.0055581995428173915,scenario,cyp_cystitis,1985.239592715659
18.166666666667,bladder,10.000000000001402,0.990097694644,0.009902305356,0.19851519340490004,19.851519340490004,0.156852956497579,15.685295649757899,0.0495048847322,4.95048847322,0.0044716718753035345,0.44716718753035345,0.0044716718753035345,0.005589589844129418,scenario,cyp_cystitis,1968.4000552396228
18.25,bladder,10.000000000000943,0.990048846271,0.009951153729,0.19877087299065507,19.877087299065508,0.15712466387063692,15.712466387063692,0.04950244231355,4.950244231355,0.004497069373461976,0.4497069373461976,0.004497069373461976,0.00562133671682747,scenario,cyp_cystitis,1951.5605177637856
18.333333333333,bladder,10.000000000000632,0.98999943228,0.01000056772,0.19902736028257498,19.902736028257497,0.15739725123007894,15.739725123007894,0.049499971614,4.9499971614,0.0045227570169682485,0.45227570169682485,0.004522757016968249,0.0056534462712103115,scenario,cyp_cystitis,1934.72098028795
18.416666666667,bladder,10.000000000000425,0.989949447617,0.010050552383,0.19928465874758416,19.928465874758416,0.15767072249129913,15.767072249129912,0.049497472380850005,4.949747238085001,0.0045487398063911826,0.45487398063911827,0.0045487398063911826,0.005685924757988978,scenario,cyp_cystitis,1917.8814428119122
18.5,bladder,10.000000000000282,0.98989888723,0.01010111277,0.1995427718796517,19.954277187965168,0.1579450815980544,15.79450815980544,0.0494949443615,4.94949443615,0.004575022857873714,0.45750228578737134,0.004575022857873714,0.005718778572342142,scenario,cyp_cystitis,1901.041905336076
18.583333333333,bladder,10.000000000000188,0.989847746063,0.010152253937,0.1998017031988411,19.98017031988411,0.1582203325217801,15.822033252178011,0.049492387303150004,4.949238730315001,0.004601611406493187,0.4601611406493187,0.0046016114064931874,0.0057520142581164845,scenario,cyp_cystitis,1884.2023678602402
18.666666666667,bladder,10.000000000000126,0.989796019065,0.010203980935,0.20006145625335645,20.006145625335645,0.15849647926326996,15.849647926326996,0.04948980095325001,4.948980095325001,0.004628510809736646,0.4628510809736646,0.004628510809736646,0.0057856385121708084,scenario,cyp_cystitis,1867.362830384202
18.75,bladder,10.000000000000083,0.989743701181,0.010256298819,0.20032203461796189,20.03220346179619,0.15877352585148619,15.877352585148618,0.049487185059050004,4.948718505905,0.0046557265510987055,0.46557265510987056,0.0046557265510987055,0.005819658188873382,scenario,cyp_cystitis,1850.5232929083668
18.833333333333,bladder,10.000000000000055,0.989690787358,0.010309212642,0.20058344189545854,20.058344189545853,0.15905147634479846,15.905147634479846,0.0494845393679,4.94845393679,0.00468326424381007,0.46832642438100697,0.004683264243810069,0.005854080304762586,scenario,cyp_cystitis,1833.68375543253
18.916666666667,bladder,10.000000000000036,0.989637269627,0.010362730373,0.2008456811247228,20.084568112472283,0.15933033436144506,15.933033436144505,0.04948186348135,4.948186348135001,0.004711129634696184,0.4711129634696184,0.004711129634696185,0.0058889120433702315,scenario,cyp_cystitis,1816.844217956493
19.0,bladder,10.000000000000023,0.989583126758,0.010416873242,0.20110875267454087,20.110875267454087,0.1596101014069904,15.961010140699038,0.0494791563379,4.94791563379,0.004739328608174462,0.47393286081744623,0.004739328608174462,0.005924160760218078,scenario,cyp_cystitis,1800.0046804806568
19.083333333333,bladder,10.000000000000016,0.989528348692,0.010471651308,0.20137265919742625,20.137265919742624,0.159890780802975,15.9890780802975,0.049476417434600004,4.94764174346,0.004767867190398956,0.47678671903989556,0.004767867190398955,0.005959833987998694,scenario,cyp_cystitis,1783.1651430048205
19.166666666667,bladder,10.00000000000001,0.989472927392,0.010527072608,0.20163740378087858,20.16374037808786,0.16017237622239852,16.01723762223985,0.0494736463696,4.94736463696,0.004796751553552642,0.4796751553552642,0.004796751553552642,0.005995939441940803,scenario,cyp_cystitis,1766.3256055287834
19.25,bladder,10.000000000000007,0.989416854822,0.010583145178,0.20190298953800245,20.190298953800244,0.16045489136516047,16.045489136516046,0.0494708427411,4.94708427411,0.004825988020296647,0.4825988020296647,0.004825988020296647,0.0060324850253708085,scenario,cyp_cystitis,1749.486068052947
19.333333333333,bladder,10.000000000000004,0.989360122944,0.010639877056,0.202169419607147,20.2169419607147,0.16073832995783893,16.073832995783892,0.049468006147200004,4.946800614720001,0.004855583068386326,0.4855583068386326,0.004855583068386325,0.0060694788354829065,scenario,cyp_cystitis,1732.6465305771098
19.416666666667,bladder,10.000000000000004,0.989302723721,0.010697276279,0.2024366971527418,20.24366971527418,0.16102269575441241,16.10226957544124,0.04946513618605,4.9465136186050005,0.004885543335455089,0.4885543335455089,0.004885543335455089,0.0061069291693188615,scenario,cyp_cystitis,1715.8069931010727
19.5,bladder,10.000000000000002,0.989244649117,0.010755350883,0.2027048253655248,20.270482536552482,0.16130799253649983,16.130799253649982,0.049462232455850005,4.946223245585,0.004915875623976379,0.49158756239763796,0.004915875623976379,0.006144844529970474,scenario,cyp_cystitis,1698.9674556252367
19.583333333333,bladder,10.000000000000002,0.989185891095,0.010814108905,0.20297380746239302,20.297380746239302,0.16159422411330843,16.159422411330844,0.049459294554750004,4.945929455475,0.004946586906414947,0.4946586906414947,0.004946586906414946,0.006183233633018682,scenario,cyp_cystitis,1682.1279181494003
19.666666666667,bladder,10.0,0.989126441618,0.010873558382,0.20324364668683842,20.32436466868384,0.16188139432204043,16.188139432204043,0.049456322080900006,4.94563220809,0.004977684330569121,0.4977684330569121,0.00497768433056912,0.0062221054132114,scenario,cyp_cystitis,1665.288380673363
19.75,bladder,10.0,0.989066292649,0.010933707351,0.20351434630918294,20.351434630918295,0.16216950702813995,16.216950702813996,0.04945331463245001,4.945331463245001,0.005009175225115852,0.5009175225115852,0.005009175225115852,0.006261469031394814,scenario,cyp_cystitis,1648.448843197527
19.833333333333,bladder,10.0,0.98900543615,0.01099456385,0.20378590962663987,20.378590962663985,0.1624585661254104,16.24585661254104,0.0494502718075,4.94502718075,0.00504106710537096,0.504106710537096,0.00504106710537096,0.0063013338817136996,scenario,cyp_cystitis,1631.60930572169
19.916666666667,bladder,10.0,0.988943864086,0.011056135914,0.20405833996437792,20.405833996437792,0.16274857553692412,16.274857553692414,0.0494471932043,4.94471932043,0.005073367679267437,0.5073367679267438,0.005073367679267437,0.006341709599084296,scenario,cyp_cystitis,1614.7697682456524
20.0,bladder,10.0,0.988881558766,0.011118441234,0.20433163867993856,20.433163867993855,0.16303953762277745,16.303953762277747,0.0494440779383,4.94440779383,0.00510608485356503,0.5106084853565029,0.00510608485356503,0.006382606066956287,scenario,cyp_cystitis,1597.9302307698172
20.083333333333,bladder,10.0,0.988818447852,0.011181552148,0.2046057958399755,20.46057958399755,0.16333144573407948,16.33314457340795,0.049440922392600006,4.944092239260001,0.005139226740305182,0.5139226740305182,0.005139226740305182,0.0064240334253814774,scenario,cyp_cystitis,1581.0906932939804
20.166666666667,bladder,10.0,0.988754518063,0.011245481937,0.20488081370146366,20.488081370146364,0.16362430294559335,16.362430294559335,0.04943772590315,4.9437725903150005,0.005172801663515446,0.5172801663515446,0.005172801663515447,0.006466002079394309,scenario,cyp_cystitis,1564.2511558179433
20.25,bladder,10.0,0.988689769401,0.011310230599,0.2051566972993854,20.51566972993854,0.16391811455719518,16.39181145571952,0.04943448847005,4.9434488470049995,0.00520681816617841,0.520681816617841,0.00520681816617841,0.006508522707723012,scenario,cyp_cystitis,1547.4116183421063
20.333333333333,bladder,10.0,0.988624201863,0.011375798137,0.20543345170524896,20.543345170524894,0.16421288590747257,16.421288590747256,0.049431210093150005,4.943121009315001,0.00524128501748106,0.524128501748106,0.00524128501748106,0.006551606271851325,scenario,cyp_cystitis,1530.5720808662707
20.416666666667,bladder,10.0,0.988557815452,0.011442184548,0.2057110820297109,20.57110820297109,0.1645086223759062,16.45086223759062,0.04942789077260001,4.9427890772600005,0.005276211220350333,0.5276211220350333,0.005276211220350333,0.006595264025437916,scenario,cyp_cystitis,1513.732543390233
20.5,bladder,10.0,0.988490610166,0.011509389834,0.20598959342063675,20.598959342063676,0.1648053293814071,16.48053293814071,0.04942453050830001,4.942453050830001,0.005311606019291906,0.5311606019291906,0.005311606019291906,0.006639507524114882,scenario,cyp_cystitis,1496.8930059143975
20.583333333333,bladder,10.0,0.988422586006,0.011577413994,0.20626899106514296,20.626899106514294,0.16510301238404523,16.510301238404523,0.0494211293003,4.94211293003,0.005347478908550477,0.5347478908550477,0.005347478908550477,0.0066843486356880965,scenario,cyp_cystitis,1480.0534684385605
20.666666666667,bladder,10.0,0.988353742971,0.011646257029,0.20654928018890845,20.654928018890846,0.16540167688458784,16.540167688458784,0.04941768714855,4.941768714855,0.0053838396405991185,0.5383839640599118,0.0053838396405991185,0.006729799550748898,scenario,cyp_cystitis,1463.2139309625231
20.75,bladder,10.0,0.988284081063,0.011715918937,0.20683046605757452,20.68304660575745,0.16570132842571003,16.570132842571002,0.04941420405315,4.941420405315,0.005420698234977311,0.5420698234977311,0.005420698234977311,0.006775872793721638,scenario,cyp_cystitis,1446.3743934866866
20.833333333333,bladder,10.0,0.988213600279,0.011786399721,0.2071125539754646,20.71125539754646,0.16600197259106803,16.600197259106803,0.04941068001395,4.941068001395,0.005458064987498494,0.5458064987498494,0.005458064987498494,0.006822581234373118,scenario,cyp_cystitis,1429.534856010851
20.916666666667,bladder,10.0,0.988142300622,0.011857699378,0.20739554928825044,20.739554928825044,0.16630361500752677,16.630361500752677,0.049407115031100006,4.94071150311,0.005495950479837115,0.5495950479837115,0.005495950479837115,0.006869938099796393,scenario,cyp_cystitis,1412.6953185348136
21.0,bladder,10.0,0.98807018209,0.01192981791,0.20767945738101748,20.767945738101748,0.16660626134370263,16.66062613437026,0.049403509104500004,4.94035091045,0.005534365589517663,0.5534365589517664,0.005534365589517662,0.006917956986897078,scenario,cyp_cystitis,1395.8557810589766
21.083333333333,bladder,10.0,0.987997244684,0.012002755316,0.20796428368034678,20.79642836803468,0.16690991731173344,16.690991731173344,0.0493998622342,4.93998622342,0.005573321500329738,0.5573321500329738,0.005573321500329738,0.006966651875412172,scenario,cyp_cystitis,1379.0162435831405
21.166666666667,bladder,10.0,0.987923407762,0.012076592238,0.20825001665486573,20.82500166548657,0.16721457501764814,16.721457501764814,0.04939617038810001,4.939617038810001,0.005612829713181959,0.5612829713181959,0.0056128297131819585,0.007016037141477448,scenario,cyp_cystitis,1362.1767061071037
21.25,bladder,10.0,0.987848524953,0.012151475047,0.2085366308405712,20.85366308405712,0.1675202153609697,16.75202153609697,0.04939242624765,4.939242624765,0.005652902057420755,0.5652902057420756,0.005652902057420755,0.0070661275717759445,scenario,cyp_cystitis,1345.337168631267
21.333333333333,bladder,10.0,0.987772593212,0.012227406788,0.2088241309354509,20.88241309354509,0.1678268434472115,16.78268434472115,0.0493886296606,4.93886296606,0.005693550702641803,0.5693550702641803,0.005693550702641804,0.007116938378302255,scenario,cyp_cystitis,1328.4976311554306
21.416666666667,bladder,10.0,0.987695612538,0.012304387462,0.20911252231903696,20.911252231903696,0.16813446493909154,16.813446493909154,0.0493847806269,4.93847806269,0.005734788171010468,0.5734788171010469,0.005734788171010468,0.007168485213763085,scenario,cyp_cystitis,1311.6580936793937
21.5,bladder,10.0,0.987617582931,0.012382417069,0.20940181041226394,20.940181041226396,0.16844308554285678,16.84430855428568,0.049380879146550004,4.938087914655,0.005776627350121462,0.5776627350121462,0.005776627350121462,0.007220784187651827,scenario,cyp_cystitis,1294.8185562035571
21.583333333333,bladder,10.0,0.987538504392,0.012461495608,0.20969200067788757,20.96920006778876,0.16875271100872377,16.87527110087238,0.0493769252196,4.93769252196,0.005819081506430099,0.5819081506430098,0.005819081506430099,0.0072738518830376235,scenario,cyp_cystitis,1277.979018727721
21.666666666667,bladder,10.0,0.98745837692,0.01254162308,0.20998309862023717,20.998309862023717,0.16906334713077598,16.906334713077598,0.04937291884600001,4.9372918846000005,0.005862164299275667,0.5862164299275667,0.005862164299275667,0.007327705374094584,scenario,cyp_cystitis,1261.1394812516837
21.75,bladder,10.0,0.987377200516,0.012622799484,0.21027510978645753,21.027510978645754,0.16937499974806056,16.937499974806055,0.0493688600258,4.9368860025800005,0.005905889795532336,0.5905889795532336,0.005905889795532336,0.00738236224441542,scenario,cyp_cystitis,1244.2999437758467
21.833333333333,bladder,10.0,0.98729497518,0.01270502482,0.2105680397663035,21.056803976630352,0.16968767474453,16.968767474453,0.049364748759,4.9364748759,0.005950272484925378,0.5950272484925379,0.005950272484925379,0.007437840606156723,scenario,cyp_cystitis,1227.4604063000113
21.916666666667,bladder,10.0,0.98721170091,0.01278829909,0.2108618941923278,21.086189419232777,0.1700013780492924,17.000137804929242,0.049360585045500005,4.936058504550001,0.005995327296038549,0.5995327296038548,0.005995327296038549,0.007494159120048186,scenario,cyp_cystitis,1210.620868823973
22.0,bladder,10.0,0.987127377708,0.012872622292,0.2111566787415683,21.11566787415683,0.1703161156380719,17.03161156380719,0.0493563688854,4.93563688854,0.006041069613054104,0.6041069613054104,0.006041069613054103,0.007551337016317629,scenario,cyp_cystitis,1193.7813313481377
22.083333333333,bladder,10.0,0.987042005574,0.012957994426,0.21145239913471536,21.145239913471535,0.17063189353264777,17.063189353264775,0.049352100278700003,4.93521002787,0.006087515293270065,0.6087515293270065,0.006087515293270064,0.00760939411658758,scenario,cyp_cystitis,1176.9417938723007
22.166666666667,bladder,10.0,0.986955584507,0.013044415493,0.21174906113674005,21.174906113674005,0.17094871780146323,17.094871780146324,0.049347779225350004,4.934777922535001,0.006134680685426785,0.6134680685426784,0.006134680685426785,0.007668350856783481,scenario,cyp_cystitis,1160.102256396264
22.25,bladder,10.0,0.986868106786,0.013131893214,0.21204666889874668,21.20466688987467,0.1712665932204702,17.12665932204702,0.049343405339300005,4.93434053393,0.006182582648892115,0.6182582648892115,0.006182582648892115,0.007728228311115144,scenario,cyp_cystitis,1143.2627189204277
22.333333333333,bladder,10.0,0.98677934065,0.01322065935,0.21234517839608075,21.234517839608074,0.17158548564587447,17.15854856458745,0.0493389670325,4.93389670325,0.006231238573757604,0.6231238573757604,0.006231238573757603,0.007789048217197004,scenario,cyp_cystitis,1126.4231814445911
22.416666666667,bladder,10.0,0.986689177757,0.013310822243,0.21264457194874364,21.264457194874364,0.17190538216936171,17.190538216936172,0.049334458887850006,4.933445888785001,0.006280666401885993,0.6280666401885993,0.006280666401885993,0.00785083300235749,scenario,cyp_cystitis,1109.5836439685536
22.5,bladder,10.0,0.986597618108,0.013402381892,0.21294485516508896,21.294485516508896,0.17222628869440945,17.222628869440946,0.0493298809054,4.932988090539999,0.006330884648968362,0.6330884648968362,0.006330884648968362,0.007913605811210452,scenario,cyp_cystitis,1092.7441064927175
22.583333333333,bladder,10.0,0.986504661703,0.013495338297,0.21324603369731548,21.32460336973155,0.17254821117070052,17.25482111707005,0.04932523308515,4.932523308515,0.006381912427653391,0.6381912427653391,0.006381912427653391,0.007977390534566739,scenario,cyp_cystitis,1075.9045690168807
22.666666666667,bladder,10.0,0.98641030854,0.01358969146,0.21354811324167053,21.354811324167052,0.17287115559439004,17.287115559439002,0.049320515427,4.9320515427,0.006433769471798849,0.6433769471798849,0.006433769471798848,0.00804221183974856,scenario,cyp_cystitis,1059.065031540844
22.75,bladder,10.0,0.986314558622,0.013685441378,0.21385109954039155,21.385109954039155,0.1731951280097806,17.31951280097806,0.049315727931100006,4.931572793110001,0.006486476161915024,0.6486476161915024,0.006486476161915024,0.00810809520239378,scenario,cyp_cystitis,1042.2254940650068
22.833333333333,bladder,10.0,0.986217411946,0.013782588054,0.21415499837979218,21.41549983797922,0.17352013450788653,17.352013450788654,0.0493108705973,4.93108705973,0.006540053551874794,0.6540053551874794,0.006540053551874793,0.008175066939843491,scenario,cyp_cystitis,1025.3859565891714
22.916666666667,bladder,10.0,0.986118868514,0.013881131486,0.2144598155930824,21.44598155930824,0.1738461812288236,17.384618122882358,0.0493059434257,4.93059434257,0.0065945233969527855,0.6594523396952785,0.006594523396952785,0.00824315424619098,scenario,cyp_cystitis,1008.5464191131339
23.0,bladder,10.0,0.986018928326,0.013981071674,0.2147655570592942,21.47655570592942,0.17417327436104654,17.417327436104653,0.04930094641630001,4.930094641630001,0.0066499081832773295,0.664990818327733,0.0066499081832773295,0.008312385229096662,scenario,cyp_cystitis,991.7068816372974
23.083333333333,bladder,10.0,0.985917591381,0.014082408619,0.21507222870397974,21.507222870397975,0.1745014201420313,17.45014201420313,0.04929587956905,4.929587956905,0.00670623115878515,0.670623115878515,0.00670623115878515,0.008382788948481438,scenario,cyp_cystitis,974.867344161461
23.166666666667,bladder,10.0,0.985814857679,0.014185142321,0.21537983650009995,21.537983650009995,0.17483062485910522,17.483062485910523,0.04929074288395,4.929074288395,0.0067635163657565394,0.6763516365756539,0.00676351636575654,0.008454395457195675,scenario,cyp_cystitis,958.027806685424
23.25,bladder,10.0,0.985710727221,0.014289272779,0.21568838646848537,21.568838646848537,0.175160894849932,17.5160894849932,0.04928553636105,4.928553636105,0.0068217886750323265,0.6821788675032326,0.006821788675032326,0.008527235843790407,scenario,cyp_cystitis,941.1882692095877
23.333333333333,bladder,10.0,0.985605200006,0.014394799994,0.21599788467768005,21.599788467768004,0.1754922365025053,17.549223650250532,0.0492802600003,4.92802600003,0.006881073822021322,0.6881073822021322,0.006881073822021321,0.008601342277526652,scenario,cyp_cystitis,924.3487317337515
23.416666666667,bladder,10.0,0.98549819857,0.01450180143,0.2163083202423898,21.63083202423898,0.17582464243567347,17.582464243567347,0.049274909928500005,4.92749099285,0.006941398444595474,0.6941398444595474,0.006941398444595473,0.008676748055744341,scenario,cyp_cystitis,907.509194257714
23.5,bladder,10.0,0.985389385595,0.014610614405,0.21661962509692329,21.66196250969233,0.17615805875491924,17.615805875491926,0.049269469279750004,4.926946927975,0.007002790122995833,0.7002790122995833,0.007002790122995833,0.008753487653744792,scenario,cyp_cystitis,890.6696567818777
23.583333333333,bladder,10.0,0.98527872182,0.01472127818,0.21693179638786672,21.69317963878667,0.1764924845230176,17.649248452301762,0.049263936091,4.9263936091,0.007065277421881722,0.7065277421881723,0.007065277421881723,0.008831596777352154,scenario,cyp_cystitis,873.8301193060414
23.666666666667,bladder,10.0,0.985166207246,0.014833792754,0.2172448399125264,21.72448399125264,0.1768279258423436,17.68279258423436,0.0492583103623,4.92583103623,0.007128889934644779,0.712888993464478,0.00712888993464478,0.008911112418305975,scenario,cyp_cystitis,856.9905818300041
23.75,bladder,10.0,0.985051841872,0.014948158128,0.2175587615145757,21.75587615145757,0.17716438886418495,17.716438886418494,0.0492525920936,4.92525920936,0.0071936583301385375,0.7193658330138537,0.007193658330138538,0.008992072912673173,scenario,cyp_cystitis,840.1510443541673
23.833333333333,bladder,10.0,0.984935625699,0.015064374301,0.21787356708543382,21.78735670854338,0.17750187978998297,17.750187978998298,0.04924678128495,4.924678128495,0.007259614401985703,0.7259614401985702,0.007259614401985703,0.00907451800248213,scenario,cyp_cystitis,823.3115068783316
23.916666666667,bladder,10.0,0.984817558727,0.015182441273,0.21818926256407262,21.818926256407263,0.17784040487128697,17.784040487128696,0.04924087793635001,4.9240877936350005,0.0073267911206160155,0.7326791120616015,0.007326791120616016,0.00915848890077002,scenario,cyp_cystitis,806.4719694022936
24.0,bladder,10.0,0.984697640955,0.015302359045,0.21850585393748695,21.850585393748695,0.1781799704102494,17.81799704102494,0.049234882047750006,4.923488204775,0.007395222688220107,0.7395222688220107,0.007395222688220107,0.009244028360275134,scenario,cyp_cystitis,789.6324319264576
0.0,spinal_coord,30.11270795402566,0.962834194672,0.037165805328,0.5508542733325095,55.08542733325095,0.41352763288601263,41.35276328860126,0.240708548668,24.0708548668,0.03860042106311194,3.860042106311194,0.03860042106311195,0.02702029474417836,scenario,cyp_cystitis,0.001
0.083333333333,spinal_coord,30.386474760650888,0.96309982633,0.03690017367,0.5435808693899932,54.358086938999314,0.40374121707665755,40.37412170766576,0.2407749565825,24.07749565825,0.029893885323775002,2.9893885323775002,0.029893885323775002,0.0209257197266425,scenario,cyp_cystitis,314.78861086987934
0.166666666667,spinal_coord,30.65840327059857,0.963724317617,0.036275682383,0.5369636149361762,53.696361493617616,0.39471004737590165,39.471004737590164,0.24093107940425,24.093107940425,0.024471113096951557,2.447111309695156,0.024471113096951557,0.01712977916786609,scenario,cyp_cystitis,629.5762217435357
0.25,spinal_coord,30.92837120303389,0.96455333911,0.03544666089,0.5308670473262564,53.08670473262565,0.38630495006500865,38.630495006500865,0.2411383347775,24.11383347775,0.020768429581364233,2.076842958136423,0.020768429581364233,0.014537900706954961,scenario,cyp_cystitis,944.3638326134152
0.333333333333,spinal_coord,31.196256094140082,0.965505291918,0.034494708082,0.5252052302830151,52.52052302830151,0.3784385430713535,37.84385430713535,0.2413763229795,24.137632297950002,0.018078918733715525,1.8078918733715525,0.018078918733715525,0.012655243113600867,scenario,cyp_cystitis,1259.1514434832943
0.416666666667,spinal_coord,31.46193538758699,0.96653024142,0.03346975858,0.5199160365487187,51.99160365487187,0.37104463492495826,37.104463492495825,0.241632560355,24.163256035499998,0.016036329670019528,1.603632967001953,0.01603632967001953,0.011225430769013672,scenario,cyp_cystitis,1573.939054356951
0.5,spinal_coord,31.72528652602372,0.967598693279,0.032401306721,0.514953323217182,51.4953323217182,0.3640715331965759,36.407153319657596,0.24189967331975,24.189967331975,0.01443193165829695,1.443193165829695,0.01443193165829695,0.010102352160807864,scenario,cyp_cystitis,1888.7266652268306
0.583333333333,spinal_coord,31.986187043530556,0.968681737613,0.031318262387,0.5102752243086489,51.02752243086489,0.35747305320719847,35.747305320719846,0.24217043440325,24.217043440325,0.013138051177816985,1.3138051177816985,0.013138051177816985,0.009196635824471888,scenario,cyp_cystitis,2203.5142760967096
0.666666666667,spinal_coord,32.244514658877506,0.969767084041,0.030232915959,0.5058519744308456,50.58519744308456,0.35121360456079415,35.121360456079415,0.24244177101025,24.244177101025,0.012072207262939347,1.2072207262939347,0.012072207262939347,0.008450545084057542,scenario,cyp_cystitis,2518.3018869703665
0.75,spinal_coord,32.50014736952159,0.970842522959,0.029157477041,0.5016565142405652,50.16565142405652,0.345261178001087,34.5261178001087,0.24271063073975,24.271063073975,0.011178741204650436,1.1178741204650435,0.011178741204650438,0.007825118843255307,scenario,cyp_cystitis,2833.089497840246
0.833333333333,spinal_coord,32.75296354627107,0.97190193381,0.02809806619,0.49766722978099154,49.76672297809915,0.33958899510465546,33.95889951046554,0.2429754834525,24.29754834525,0.010418733343477475,1.0418733343477475,0.010418733343477475,0.007293113340434232,scenario,cyp_cystitis,3147.877108710124
0.916666666667,spinal_coord,33.00284202845978,0.97293907435,0.02706092565,0.4938643790996934,49.38643790996934,0.33417281401625787,33.417281401625786,0.2432347685875,24.323476858750002,0.009764150454785198,0.9764150454785199,0.009764150454785198,0.006834905318349639,scenario,cyp_cystitis,3462.6647195837827
1.0,spinal_coord,33.24966221955765,0.973952022378,0.026047977622,0.4902320988703032,49.02320988703032,0.3289921243677376,32.89921243677376,0.2434880055945,24.34880055945,0.009194288214266898,0.9194288214266898,0.009194288214266898,0.006436001749986828,scenario,cyp_cystitis,3777.452330453661
1.083333333333,spinal_coord,33.493304183139614,0.974938455233,0.025061544767,0.4853414566278281,48.53414566278281,0.3221424570927708,32.21424570927708,0.24373461380825,24.373461380825002,0.008546307241487998,0.8546307241487997,0.008546307241487998,0.005982415069041598,scenario,cyp_cystitis,4180.726470781737
1.166666666667,spinal_coord,33.73364873905331,0.975898449041,0.024101550959,0.48071444203624414,48.07144420362442,0.31565310636799215,31.565310636799214,0.24397461226025,24.397461226025,0.007990472133837221,0.7990472133837221,0.007990472133837221,0.005593330493686054,scenario,cyp_cystitis,4584.000611114656
1.25,spinal_coord,33.97057755970685,0.976832108947,0.023167891053,0.4763277594795644,47.63277594795644,0.30949297632375256,30.949297632375256,0.24420802723675,24.420802723675,0.007508261323281013,0.7508261323281012,0.007508261323281012,0.005255782926296708,scenario,cyp_cystitis,4987.274751442728
1.333333333333,spinal_coord,34.203973266393895,0.977739434951,0.022260565049,0.47216057297072184,47.21605729707218,0.30363428564396244,30.363428564396244,0.24443485873775,24.443485873775,0.007085799430227178,0.7085799430227178,0.007085799430227177,0.004960059601159024,scenario,cyp_cystitis,5390.548891770806
1.416666666667,spinal_coord,34.433719525495434,0.978618436376,0.021381563624,0.4681932785561673,46.819327855616734,0.2980515592828898,29.80515592828898,0.244654609094,24.4654609094,0.006712486423631892,0.6712486423631892,0.006712486423631893,0.0046987404965423245,scenario,cyp_cystitis,5793.823032103717
1.5,spinal_coord,34.65970114447569,0.979466779636,0.020533220364,0.4644080502726642,46.44080502726642,0.2927218071515522,29.272180715155223,0.244866694909,24.486669490900002,0.006380085095733111,0.6380085095733111,0.006380085095733111,0.004466059567013177,scenario,cyp_cystitis,6197.097172431794
1.583333333333,spinal_coord,34.881804167585955,0.980284461118,0.019715538882,0.46078986329433413,46.07898632943341,0.28762499735311214,28.762499735311213,0.2450711152795,24.507111527950002,0.0060820975197651665,0.6082097519765166,0.006082097519765166,0.004257468263835616,scenario,cyp_cystitis,6600.37131275987
1.666666666667,spinal_coord,35.099915971116204,0.981071515134,0.018928484866,0.4573251741018276,45.73251741018276,0.28274306042443675,28.274306042443676,0.2452678787835,24.52678787835,0.0058133290742098795,0.581332907420988,0.0058133290742098795,0.0040693303519469155,scenario,cyp_cystitis,7003.645453092784
1.75,spinal_coord,35.313925358109486,0.981828496376,0.018171503624,0.4540019701329531,45.40019701329531,0.27805979471860415,27.805979471860415,0.245457124094,24.5457124094,0.005569577350978528,0.5569577350978528,0.005569577350978529,0.0038987041456849704,scenario,cyp_cystitis,7406.9195934208565
1.833333333333,spinal_coord,35.52372265245073,0.982555598857,0.017444401143,0.4508092075139525,45.08092075139525,0.2735604103996033,27.35604103996033,0.24563889971425,24.563889971425,0.005347406114408961,0.5347406114408961,0.005347406114408962,0.0037431842800862733,scenario,cyp_cystitis,7810.193733748938
1.916666666667,spinal_coord,35.72919979217187,0.983252822577,0.016747177423,0.44773676541074836,44.773676541074835,0.26923141302199777,26.923141302199777,0.24581320564425,24.581320564425,0.005143978365470424,0.5143978365470424,0.005143978365470424,0.003600784855829297,scenario,cyp_cystitis,8213.46787408185
2.0,spinal_coord,35.93025042188743,0.983919169881,0.016080830119,0.4447749746797153,44.477497467971524,0.2650602429459537,26.50602429459537,0.24597979247025,24.597979247025002,0.00495693123343633,0.49569312334363297,0.00495693123343633,0.0034698518634054304,scenario,cyp_cystitis,8616.742014409929
2.083333333333,spinal_coord,36.12676998427123,0.984550071645,0.015449928355,0.4473844704199257,44.73844704199257,0.2683292700115676,26.832927001156758,0.24613751791125,24.613751791125,0.005063744642274005,0.5063744642274005,0.005063744642274005,0.0035446212495918034,scenario,cyp_cystitis,8464.361728472208
2.166666666667,spinal_coord,36.31865581042011,0.985140093299,0.014859906701,0.44998837856940027,44.99883785694003,0.2716044736595337,27.16044736595337,0.24628502332475,24.628502332475,0.00517337311802616,0.517337311802616,0.00517337311802616,0.003621361182618312,scenario,cyp_cystitis,8311.981442532644
2.25,spinal_coord,36.50580720901905,0.985690334618,0.014309665382,0.4525869605445204,45.25869605445204,0.2748858358533605,27.488583585336052,0.2464225836545,24.64225836545,0.005285941896727503,0.5285941896727503,0.005285941896727503,0.003700159327709252,scenario,cyp_cystitis,8159.60115659491
2.333333333333,spinal_coord,36.688125554219134,0.98620359175,0.01379640825,0.4551812874297311,45.518128742973104,0.2781738526563081,27.81738526563081,0.2465508979375,24.65508979375,0.005401584950762783,0.5401584950762783,0.005401584950762783,0.0037811094655339477,scenario,cyp_cystitis,8007.220870657194
2.416666666667,spinal_coord,36.86551437207959,0.986680764338,0.013319235662,0.4577715944378995,45.77715944378995,0.2814685378045327,28.146853780453267,0.2466701910845,24.66701910845,0.005520445749298996,0.5520445749298996,0.005520445749298997,0.0038643120245092973,scenario,cyp_cystitis,7854.840584717631
2.5,spinal_coord,37.0378794254904,0.987123973295,0.012876026705,0.4603587132535931,46.03587132535931,0.2847702932397908,28.47702932397908,0.24678099332375,24.678099332375,0.005642678097920763,0.5642678097920762,0.005642678097920763,0.003949874668544534,scenario,cyp_cystitis,7702.460298779905
2.583333333333,spinal_coord,37.20512879748852,0.987535139429,0.012464860571,0.4629434215361594,46.29434215361594,0.2880795155718793,28.807951557187927,0.24688378485725,24.688378485725,0.0057684470672912025,0.5768447067291202,0.0057684470672912025,0.004037912947103842,scenario,cyp_cystitis,7550.0800128421815
2.666666666667,spinal_coord,37.367172972826744,0.987915331408,0.012084668592,0.46552613441553226,46.55261344155323,0.2913964020847096,29.13964020847096,0.246978832852,24.6978832852,0.005897930022036759,0.5897930022036759,0.005897930022036758,0.00412855101542573,scenario,cyp_cystitis,7397.699726902627
2.75,spinal_coord,37.52392491771433,0.988266891578,0.011733108422,0.46810790219444676,46.81079021944468,0.294721572399929,29.472157239992903,0.2470667228945,24.706672289449997,0.006031317762742028,0.6031317762742028,0.006031317762742028,0.004221922433919419,scenario,cyp_cystitis,7245.3194409648995
2.833333333333,spinal_coord,37.675300157646376,0.988589996831,0.011410003169,0.47068878967593336,47.068878967593335,0.2980550539575778,29.80550539575778,0.24714749920775,24.714749920775,0.006168815795871625,0.6168815795871625,0.006168815795871625,0.004318171057110137,scenario,cyp_cystitis,7092.93915502717
2.916666666667,spinal_coord,37.8212168531894,0.988885797729,0.011114202271,0.4732693531086617,47.32693531086617,0.30139720490188227,30.139720490188225,0.24722144943225,24.722144943225,0.006310645748651916,0.6310645748651916,0.006310645748651915,0.00441745202405634,scenario,cyp_cystitis,6940.5588690876075
3.0,spinal_coord,37.961595873647255,0.989155991418,0.010844008582,0.47585044790023967,47.585044790023964,0.30474860006098625,30.474860006098623,0.2472889978545,24.72889978545,0.006457046948640386,0.6457046948640386,0.006457046948640387,0.00451993286404827,scenario,cyp_cystitis,6788.178583149888
3.083333333333,spinal_coord,38.09636086852875,0.989402266111,0.010597733889,0.4784329680543629,47.84329680543629,0.30810986870215057,30.810986870215057,0.24735056652775,24.735056652775,0.006608278190841851,0.6608278190841852,0.006608278190841851,0.004625794733589296,scenario,cyp_cystitis,6635.798297212153
3.166666666667,spinal_coord,38.22543833669517,0.989626310021,0.010373689979,0.48101785176815315,48.10178517681531,0.31148169901720424,31.148169901720422,0.24740657750525,24.740657750525,0.006764619718880463,0.6764619718880464,0.006764619718880463,0.004735233803216324,scenario,cyp_cystitis,6483.418011272604
3.25,spinal_coord,38.348757693117534,0.989829730251,0.010170269749,0.48360604322388706,48.3606043223887,0.3148648142148494,31.486481421484942,0.24745743256275,24.745743256275,0.006926375451166133,0.6926375451166134,0.006926375451166133,0.004848462815816293,scenario,cyp_cystitis,6331.037725334873
3.333333333333,spinal_coord,38.46625133317101,0.990012536994,0.009987463006,0.4861977486303014,48.61977486303014,0.3182594858424019,31.825948584240187,0.2475031342485,24.750313424850003,0.00709387548821341,0.709387548821341,0.007093875488213409,0.004965712841749386,scenario,cyp_cystitis,6178.657439397143
3.416666666667,spinal_coord,38.577854694356745,0.990175170041,0.009824829959,0.48879341784215846,48.879341784215846,0.32166616710921125,32.166616710921126,0.24754379251025,24.754379251025,0.007267478943447066,0.7267478943447067,0.007267478943447066,0.005087235260412946,scenario,cyp_cystitis,6026.277153457587
3.5,spinal_coord,38.68350631538782,0.990318548141,0.009681451859,0.49139377572802045,49.13937757280205,0.32508551825702725,32.508551825702725,0.24757963703525,24.757963703525,0.0074475771473380145,0.7447577147338015,0.0074475771473380145,0.00521330400313661,scenario,cyp_cystitis,5873.896867519856
3.583333333333,spinal_coord,38.78314789257409,0.990443590044,0.009556409956,0.493999590945834,49.3999590945834,0.328518257913112,32.8518257913112,0.247610897511,24.7610897511,0.007634597283690456,0.7634597283690455,0.007634597283690455,0.005344218098583318,scenario,cyp_cystitis,5721.516581582133
3.666666666667,spinal_coord,38.87672433340948,0.990551214442,0.009448785558,0.49661167756770763,49.661167756770766,0.33196516527627684,33.196516527627686,0.2476378036105,24.76378036105,0.007829006527674836,0.7829006527674836,0.007829006527674837,0.005480304569372386,scenario,cyp_cystitis,5569.136295642581
3.75,spinal_coord,38.964183807306426,0.990642118776,0.009357881224,0.49923078534808873,49.92307853480887,0.33542700753878496,33.5427007538785,0.247660529694,24.7660529694,0.008031316768383982,0.8031316768383981,0.00803131676838398,0.005621921737868785,scenario,cyp_cystitis,5416.756009704846
3.833333333333,spinal_coord,39.04547779342067,0.990716917524,0.009283082476,0.5018576687140126,50.18576687140126,0.33890458577735016,33.89045857773502,0.247679229381,24.7679229381,0.00824209001467631,0.8242090014676309,0.008242090014676308,0.005769463010273415,scenario,cyp_cystitis,5264.375723767122
3.916666666667,spinal_coord,39.12056112548439,0.990776385341,0.009223614659,0.5044932113723417,50.44932113723417,0.3423988200494556,34.23988200494556,0.24769409633525,24.769409633525,0.008461944602543181,0.8461944602543181,0.008461944602543181,0.005923361221780226,scenario,cyp_cystitis,5111.995437827565
4.0,spinal_coord,39.18939203360148,0.990821296881,0.009178703119,0.5071383484295484,50.71383484295484,0.3459106989457311,34.59106989457311,0.24770532422025,24.770532422025,0.008691562346294309,0.8691562346294309,0.008691562346294309,0.006084093642406016,scenario,cyp_cystitis,4959.615151889837
4.083333333333,spinal_coord,39.2519321829573,0.990852426799,0.009147573201,0.5086898600000753,50.86898600000753,0.3479690044004338,34.79690044004338,0.24771310669975,24.771310669975,0.008825306918146985,0.8825306918146986,0.008825306918146984,0.006177714842702888,scenario,cyp_cystitis,4877.872531067546
4.166666666667,spinal_coord,39.308146709376544,0.990870969858,0.009129030142,0.510220979597829,51.0220979597829,0.35000431617777206,35.0004316177772,0.2477177424645,24.77177424645,0.008961357083359309,0.8961357083359309,0.00896135708335931,0.006272949958351517,scenario,cyp_cystitis,4796.12991024428
4.25,spinal_coord,39.358004251692826,0.990878966496,0.009121033504,0.5117326418479029,51.17326418479029,0.35201720029853717,35.20172002985372,0.247719741624,24.7719741624,0.009099804206188934,0.9099804206188934,0.009099804206188934,0.0063698629443322535,scenario,cyp_cystitis,4714.387289421986
4.333333333333,spinal_coord,39.401476980892305,0.990877738878,0.009122261122,0.5132254337942954,51.32254337942954,0.3540079987663939,35.40079987663939,0.2477194347195,24.77194347195,0.009240745747178694,0.9240745747178694,0.009240745747178694,0.006468522023025085,scenario,cyp_cystitis,4632.6446685997
4.416666666667,spinal_coord,39.438540625981375,0.990868570749,0.009131429251,0.5146999424536624,51.46999424536624,0.35597706635521653,35.597706635521654,0.24771714268725,24.771714268725002,0.009384285714602647,0.9384285714602647,0.009384285714602649,0.006569000000221854,scenario,cyp_cystitis,4550.90204777643
4.5,spinal_coord,39.46917449655254,0.990852745849,0.009147254151,0.5161567744137756,51.615677441377564,0.3579247839353676,35.79247839353676,0.24771318646225,24.771318646224998,0.009530535155316263,0.9530535155316263,0.009530535155316261,0.006671374608721382,scenario,cyp_cystitis,4469.15942695414
4.583333333333,spinal_coord,39.49336150202137,0.99083118507,0.00916881493,0.5175963661660812,51.75963661660812,0.3598514265314415,35.985142653144145,0.2477077962675,24.77077962675,0.009679612689176678,0.9679612689176678,0.00967961268917668,0.006775728882423676,scenario,cyp_cystitis,4387.416806131851
4.666666666667,spinal_coord,39.51108816750157,0.990802605534,0.009197394466,0.5190180170114219,51.90180170114219,0.3617564875038959,36.17564875038959,0.2477006513835,24.77006513835,0.009831645091660299,0.9831645091660299,0.009831645091660297,0.006882151564162208,scenario,cyp_cystitis,4305.6741853085805
4.75,spinal_coord,39.52234464630329,0.990767008972,0.009232991028,0.5204217055187875,52.042170551878755,0.3636399377010501,36.363993770105004,0.247691752243,24.7691752243,0.009986767929930857,0.9986767929930856,0.009986767929930857,0.006990737550951599,scenario,cyp_cystitis,4223.93156448629
4.833333333333,spinal_coord,39.52712472903853,0.990724732015,0.009275267985,0.5218075986986331,52.180759869863316,0.3655018875931775,36.55018875931775,0.24768118300375,24.768118300375,0.010145126258275797,1.0145126258275798,0.010145126258275797,0.0071015883807930575,scenario,cyp_cystitis,4142.188943663997
4.916666666667,spinal_coord,39.52542584931821,0.990676111292,0.009323888708,0.5231758775651867,52.31758775651867,0.3673424663229155,36.73424663229155,0.247669027823,24.766902782299997,0.010306875379536853,1.0306875379536853,0.010306875379536855,0.007214812765675798,scenario,cyp_cystitis,4060.446322840726
5.0,spinal_coord,39.51724908603707,0.990621483433,0.009378516567,0.5245267371616555,52.452673716165556,0.36916182173787393,36.91618217378739,0.24765537085825,24.765537085825002,0.010472181680078182,1.047218168007818,0.010472181680078182,0.007330527176054727,scenario,cyp_cystitis,3978.7037020184384
5.083333333333,spinal_coord,39.50259916224181,0.99056104912,0.00943895088,0.5258603144168439,52.58603144168439,0.37096006951579186,37.096006951579184,0.24764026228,24.764026228,0.010641223546836647,1.0641223546836647,0.010641223546836647,0.007448856482785653,scenario,cyp_cystitis,3896.961081196147
5.166666666667,spinal_coord,39.481484440584396,0.990494470954,0.009505529046,0.5271764732209325,52.717647322093256,0.3727371406432433,37.27371406432433,0.2476236177385,24.76236177385,0.010814192376095794,1.0814192376095795,0.010814192376095794,0.007569934663267055,scenario,cyp_cystitis,3815.2184603728797
5.25,spinal_coord,39.45391691536821,0.990421784478,0.009578215522,0.5284752869589555,52.84752869589555,0.374493121119274,37.449312111927405,0.2476054461195,24.76054461195,0.01099129368500376,1.099129368500376,0.01099129368500376,0.007693905579502631,scenario,cyp_cystitis,3733.4758395505864
5.333333333333,spinal_coord,39.41991220119368,0.990343081868,0.009656918132,0.5297568719409149,52.97568719409149,0.3762281352985532,37.62281352985532,0.247585770467,24.7585770467,0.011172748338393738,1.1172748338393739,0.01117274833839374,0.007820923836875618,scenario,cyp_cystitis,3651.7332187282996
5.416666666667,spinal_coord,39.37948951822294,0.9902584553,0.0097415447,0.5310213574997809,53.10213574997809,0.3779423248997078,37.79423248997078,0.247564613825,24.7564613825,0.01135879390518984,1.1358793905189841,0.01135879390518984,0.007951155733632888,scenario,cyp_cystitis,3569.9905979050263
5.5,spinal_coord,39.33267167408242,0.990167996953,0.009832003047,0.5322688860849385,53.22688860849385,0.379635849128918,37.963584912891804,0.24754199923825,24.754199923825,0.011549686160805178,1.154968616080518,0.011549686160805178,0.008084780312563624,scenario,cyp_cystitis,3488.2479770827413
5.583333333333,spinal_coord,39.279485042421165,0.990071768718,0.009928231282,0.5334995970396236,53.349959703962355,0.38130887314683143,38.13088731468314,0.2475179421795,24.75179421795,0.011745700754356329,1.174570075435633,0.011745700754356329,0.008221990528049429,scenario,cyp_cystitis,3406.50535626045
5.666666666667,spinal_coord,39.21995953816186,0.989969753866,0.010030246134,0.5347136004091328,53.47136004091328,0.3829615492568437,38.29615492568437,0.2474924384665,24.74924384665,0.011947135062275318,1.1947135062275318,0.011947135062275318,0.008362994543592722,scenario,cyp_cystitis,3324.7627354371825
5.75,spinal_coord,39.15412858947422,0.989861999578,0.010138000422,0.5359110537289513,53.59110537289513,0.38459407177926846,38.45940717792685,0.2474654998945,24.74654998945,0.01215431025326391,1.215431025326391,0.012154310253263913,0.008508017177284739,scenario,cyp_cystitis,3243.0201146148875
5.833333333333,spinal_coord,39.08202910649963,0.989748558364,0.010251441636,0.5370921307778584,53.70921307778585,0.3862066549158112,38.62066549158112,0.247437139591,24.7437139591,0.012367573593420979,1.236757359342098,0.012367573593420979,0.008657301515394684,scenario,cyp_cystitis,3161.277493792598
5.916666666667,spinal_coord,39.00370144688057,0.989629482738,0.010370517262,0.5382570188577057,53.82570188577057,0.38779953089760766,38.77995308976077,0.2474073706845,24.74073706845,0.012587301024884435,1.2587301024884434,0.012587301024884435,0.008811110717419104,scenario,cyp_cystitis,3079.5348729693283
6.0,spinal_coord,38.91918937813531,0.989504825209,0.010495174791,0.5394059189418566,53.940591894185665,0.38937295018614215,38.937295018614215,0.24737620630225,24.737620630225,0.01281390005680199,1.281390005680199,0.01281390005680199,0.008969730039761393,scenario,cyp_cystitis,2997.792252147039
6.083333333333,spinal_coord,38.8285400369167,0.989374506668,0.010625493332,0.5405389739344664,54.05389739344664,0.39092712968995524,39.09271296899553,0.247343626667,24.7343626667,0.013047813013867827,1.3047813013867826,0.013047813013867825,0.009133469109707477,scenario,cyp_cystitis,2916.04963132475
6.166666666667,spinal_coord,38.73180388522513,0.989238229966,0.010761770034,0.5416562207352558,54.165622073525576,0.3924622176583411,39.24622176583411,0.2473095574915,24.73095574915,0.013289520695224913,1.3289520695224912,0.013289520695224915,0.00930266448665744,scenario,cyp_cystitis,2834.3070105014795
6.25,spinal_coord,38.62903466362569,0.989095908589,0.010904091411,0.5427578243783562,54.275782437835616,0.39397846297480826,39.397846297480825,0.24727397714725,24.727397714725,0.013539546505719586,1.3539546505719586,0.013539546505719586,0.009477682554003709,scenario,cyp_cystitis,2752.5643896791903
6.333333333333,spinal_coord,38.520289341518094,0.988947464236,0.011052535764,0.5438439682063985,54.38439682063985,0.3954761361965313,39.547613619653134,0.247236866059,24.7236866059,0.013798461132427057,1.3798461132427058,0.013798461132427059,0.00965892279269894,scenario,cyp_cystitis,2670.8217688569007
6.416666666667,spinal_coord,38.405628064544786,0.988792818608,0.011207181392,0.5449148496292417,54.491484962924176,0.39695552663632244,39.69555266363224,0.247198204652,24.719820465199998,0.014066887852428394,1.4066887852428394,0.014066887852428392,0.009846821496699874,scenario,cyp_cystitis,2589.079148033632
6.5,spinal_coord,38.285114099196115,0.988631893406,0.011368106594,0.5459706803729746,54.59706803729746,0.3984169426952994,39.841694269529945,0.2471579733515,24.71579733515,0.014345508573763661,1.4345508573763661,0.014345508573763663,0.010041856001634564,scenario,cyp_cystitis,2507.3365272113415
6.583333333333,spinal_coord,38.15881377467011,0.988464062696,0.011535937304,0.5470113836877359,54.70113836877359,0.3998604906849812,39.98604906849812,0.247116015674,24.7116015674,0.014635070730732289,1.463507073073229,0.014635070730732289,0.010244549511512602,scenario,cyp_cystitis,2425.5939063890514
6.666666666667,spinal_coord,38.026796422086264,0.98828846708,0.01171153292,0.5480367657387049,54.80367657387048,0.40128619862493986,40.128619862493984,0.24707211677,24.707211677,0.014936395178046052,1.4936395178046051,0.014936395178046052,0.010455476624632235,scenario,cyp_cystitis,2343.8512855657814
6.75,spinal_coord,37.88913431112054,0.988105097976,0.011894902024,0.5490471171386405,54.90471171386405,0.4026944568595207,40.26944568595207,0.247026274494,24.7026274494,0.015250385257068289,1.5250385257068289,0.01525038525706829,0.010675269679947802,scenario,cyp_cystitis,2262.1086647434918
6.833333333333,spinal_coord,37.74590258412657,0.987913955385,0.012086044615,0.5500427491591137,55.00427491591137,0.40408568041715154,40.40856804171516,0.24697848884625,24.697848884625,0.015578037242573924,1.5578037242573923,0.015578037242573927,0.010904626069801748,scenario,cyp_cystitis,2180.3660439212013
6.916666666667,spinal_coord,37.59717918785586,0.987715039306,0.012284960694,0.5510239893185503,55.102398931855035,0.4054603059894004,40.54603059894004,0.2469287598265,24.69287598265,0.01592045242180951,1.592045242180951,0.01592045242180951,0.011144316695266656,scenario,cyp_cystitis,2098.623423097931
7.0,spinal_coord,37.44304480285065,0.987508349739,0.012491650261,0.5519911817348729,55.19911817348729,0.4068187924001639,40.681879240016386,0.24687708743475,24.687708743475,0.016278851111631704,1.6278851111631705,0.016278851111631708,0.011395195778142195,scenario,cyp_cystitis,2016.8808022756418
7.083333333333,spinal_coord,37.28358277058166,0.987293886685,0.012706113315,0.552944687499766,55.2944687499766,0.408161621104688,40.8161621104688,0.24682347167125,24.682347167125,0.016654588986757736,1.6654588986757737,0.016654588986757736,0.011658212290730415,scenario,cyp_cystitis,1935.138181453353
7.166666666667,spinal_coord,37.11887901845451,0.987071407501,0.012928592499,0.5538847489196855,55.388474891968556,0.40948919605924733,40.948919605924736,0.24676785187525,24.676785187525,0.017049176176396993,1.7049176176396994,0.017049176176396993,0.011934423323477895,scenario,cyp_cystitis,1853.3955606300826
7.25,spinal_coord,36.94902198276478,0.986838243888,0.013161756112,0.5548102613308764,55.48102613308764,0.41080093381183524,41.080093381183524,0.246709560972,24.6709560972,0.01746429969307265,1.7464299693072651,0.017464299693072654,0.012225009785150858,scenario,cyp_cystitis,1771.652939807792
7.333333333333,spinal_coord,36.77410252967898,0.986593660179,0.013406339821,0.5557212155861176,55.57212155861176,0.4120970673884902,41.20970673884902,0.24664841504475,24.664841504475,0.01790184989259119,1.7901849892591188,0.01790184989259119,0.012531294924813832,scenario,cyp_cystitis,1689.9103189855025
7.416666666667,spinal_coord,36.59421387437547,0.986337656373,0.013662343627,0.5566180334465403,55.661803344654025,0.41337815913772025,41.337815913772026,0.24658441409325,24.658441409325,0.018363951836684232,1.8363951836684231,0.018363951836684232,0.012854766285678961,scenario,cyp_cystitis,1608.167698162233
7.5,spinal_coord,36.40945149842985,0.986070232471,0.013929767529,0.557501156060233,55.7501156060233,0.4146447972566439,41.46447972566439,0.24651755811775,24.651755811775,0.018853002652204607,1.8853002652204607,0.018853002652204607,0.013197101856543225,scenario,cyp_cystitis,1526.4250773399435
7.583333333333,spinal_coord,36.219913065525944,0.985791388473,0.014208611527,0.5583710444877369,55.83710444877369,0.41589759649264924,41.58975964926492,0.24644784711825,24.644784711825,0.01937171626885896,1.937171626885896,0.019371716268858957,0.013560201388201269,scenario,cyp_cystitis,1444.6824565176537
7.666666666667,spinal_coord,36.02569833563534,0.985499668865,0.014500331135,0.5592273543238704,55.922735432387036,0.4171365828101605,41.713658281016045,0.24637491721625,24.637491721625,0.019923177293645233,1.9923177293645233,0.01992317729364523,0.01394622410555166,scenario,cyp_cystitis,1362.9398356943827
7.75,spinal_coord,35.8269090777526,0.985193557522,0.014806442478,0.5600697217731383,56.00697217731383,0.4183617765235178,41.83617765235178,0.2462983893805,24.62983893805,0.020510906276008434,2.0510906276008436,0.02051090627600843,0.0143576343932059,scenario,cyp_cystitis,1281.197214872094
7.833333333333,spinal_coord,35.62364898127051,0.984873054288,0.015126945712,0.5608986619256471,56.089866192564706,0.4195738644715295,41.95738644715295,0.246218263572,24.6218263572,0.02113893927642271,2.113893927642271,0.021138939276422714,0.014797257493495898,scenario,cyp_cystitis,1199.4545940498047
7.916666666667,spinal_coord,35.416023566144844,0.984538159162,0.015461840838,0.5617147124105151,56.171471241051506,0.4207735634933534,42.07735634933534,0.2461345397905,24.61345397905,0.021811925534339773,2.181192553433977,0.02181192553433977,0.015268347874037838,scenario,cyp_cystitis,1117.711973226534
8.0,spinal_coord,35.20414009193764,0.984188872145,0.015811127855,0.5625184340100471,56.251843401004706,0.42196162129839615,42.196162129839614,0.24604721803625,24.604721803624997,0.02253524822834567,2.253524822834567,0.02253524822834567,0.015774673759841967,scenario,cyp_cystitis,1035.969352404244
8.083333333333,spinal_coord,34.98810746582462,0.983832096728,0.016167903272,0.5614487038718905,56.14487038718905,0.42065423958652065,42.06542395865206,0.245958024182,24.595802418199998,0.02250360782051177,2.2503607820511773,0.02250360782051177,0.01575252547435824,scenario,cyp_cystitis,1026.3861149030638
8.166666666667,spinal_coord,34.76803614972147,0.983494853098,0.016505146902,0.5603638340972076,56.036383409720756,0.4193201610969435,41.932016109694345,0.2458737132745,24.58737132745,0.02246911326069145,2.246911326069145,0.022469113260691453,0.015728379282484016,scenario,cyp_cystitis,1016.8028774017681
8.25,spinal_coord,34.544038066618164,0.98317906269,0.01682093731,0.5592650611442694,55.92650611442694,0.4179603939623592,41.79603939623592,0.2457947656725,24.57947656725,0.022431794139306658,2.2431794139306658,0.02243179413930666,0.01570225589751466,scenario,cyp_cystitis,1007.2196399005873
8.333333333333,spinal_coord,34.31622650620696,0.982883719054,0.017116280946,0.5581519547953727,55.81519547953727,0.4165747000424969,41.65747000424969,0.2457209297635,24.57209297635,0.022391681457911868,2.239168145791187,0.022391681457911868,0.015674177020538308,scenario,cyp_cystitis,997.6364023994064
8.416666666667,spinal_coord,34.084716029962316,0.982607791516,0.017392208484,0.5570240783282714,55.70240783282714,0.4151628405990285,41.51628405990285,0.245651947879,24.565194787899998,0.02234880760567091,2.234880760567091,0.02234880760567091,0.015644165323969637,scenario,cyp_cystitis,988.0531648981107
8.5,spinal_coord,33.84962237576058,0.982350580979,0.017649419021,0.5558811904295864,55.58811904295864,0.4137247269131152,41.372472691311515,0.24558764524475,24.558764524475,0.022303206334873166,2.2303206334873167,0.02230320633487317,0.015612244434411218,scenario,cyp_cystitis,978.4699273969304
8.583333333333,spinal_coord,33.611062362123846,0.982111316595,0.017888683405,0.554723016116031,55.4723016116031,0.41226024928970806,41.22602492897081,0.24552782914875,24.552782914875,0.02225491273551279,2.2254912735512793,0.02225491273551279,0.015578438914858952,scenario,cyp_cystitis,968.8866898957493
8.666666666667,spinal_coord,33.36915379224784,0.981889001582,0.018110998418,0.5535491605642371,55.35491605642371,0.4107692135583161,41.07692135583161,0.2454722503955,24.54722503955,0.022203963208969692,2.220396320896969,0.02220396320896969,0.015542774246278781,scenario,cyp_cystitis,959.3034523944542
8.75,spinal_coord,33.12401535789928,0.981682638925,0.018317361075,0.5523592377262077,55.235923772620765,0.4092514373266101,40.92514373266101,0.24542065973125,24.542065973125,0.022150395440819398,2.21503954408194,0.022150395440819398,0.015505276808573578,scenario,cyp_cystitis,949.7202148932735
8.833333333333,spinal_coord,32.87576654326415,0.981491231605,0.018508768395,0.5511528709004531,55.11528709004531,0.4077067506656041,40.77067506656041,0.24537280790125,24.537280790125,0.02209424837279685,2.209424837279685,0.02209424837279685,0.015465973860957794,scenario,cyp_cystitis,940.1369773920931
8.916666666667,spinal_coord,32.62452752890709,0.981313782608,0.018686217392,0.5499296931741529,54.99296931741529,0.40613499669620384,40.61349966962038,0.245328445652,24.532844565199998,0.022035562173957832,2.2035562173957834,0.02203556217395783,0.01542489352177048,scenario,cyp_cystitis,930.5537398907973
9.0,spinal_coord,32.37041909592325,0.981149343961,0.018850656039,0.5486893752776951,54.86893752776951,0.40453605238326024,40.45360523832603,0.24528733599025,24.528733599025,0.021974378211066375,2.1974378211066377,0.021974378211066375,0.015382064747746461,scenario,cyp_cystitis,920.9705023896164
9.083333333333,spinal_coord,32.11356253036023,0.98099782845,0.01900217155,0.5474320786857119,54.74320786857119,0.4029101620976157,40.29101620976157,0.2452494571125,24.524945711250002,0.021910739018235224,2.1910739018235224,0.021910739018235224,0.015337517312764656,scenario,cyp_cystitis,911.3872648884364
9.166666666667,spinal_coord,31.85407952806846,0.980858839983,0.019141160017,0.5461577995014706,54.61577995014706,0.4012574526742942,40.125745267429416,0.24521470999575,24.521470999575,0.02184468826586687,2.184468826586687,0.02184468826586687,0.015291281786106808,scenario,cyp_cystitis,901.8040273871406
9.25,spinal_coord,31.59209210005674,0.980731721301,0.019268278699,0.5448663970756541,54.48663970756541,0.3995779556672055,39.95779556672055,0.24518293032525,24.518293032524998,0.021776270728925025,2.1776270728925025,0.02177627072892503,0.01524338951024752,scenario,cyp_cystitis,892.2207898859601
9.333333333333,spinal_coord,31.327722478424782,0.980615815145,0.019384184855,0.5435577406903944,54.35577406903944,0.3978717158721926,39.78717158721926,0.24515395378625,24.515395378624998,0.02170553225456494,2.1705532254564943,0.021705532254564945,0.015193872578195461,scenario,cyp_cystitis,882.6375523847796
9.416666666667,spinal_coord,31.06109302302864,0.980510464256,0.019489535744,0.5422317098784307,54.22317098784307,0.39613879175257427,39.61387917525742,0.245127616064,24.512761606399998,0.02163251972917377,2.163251972917377,0.021632519729173773,0.01514276381042164,scenario,cyp_cystitis,873.0543148834838
9.5,spinal_coord,30.792326128948886,0.980415011375,0.019584988625,0.5408881947349459,54.08881947349459,0.3943792558549279,39.43792558549279,0.24510375284375,24.510375284374998,0.02155728104485186,2.155728104485186,0.02155728104485186,0.0150900967313963,scenario,cyp_cystitis,863.4710773823034
9.583333333333,spinal_coord,30.52154413482765,0.980328985739,0.019671014261,0.5395271988599079,53.95271988599079,0.39259326990021054,39.25932699002105,0.24508224643475,24.508224643475,0.02147986506536454,2.147986506536454,0.02147986506536454,0.015035905545755178,scenario,cyp_cystitis,853.8878398811224
9.666666666667,spinal_coord,30.24886923222546,0.980252388768,0.019747611232,0.5381489952215656,53.81489952215656,0.3907811973727541,39.07811973727541,0.245063097192,24.5063097192,0.02140032159161867,2.140032159161867,0.02140032159161867,0.014980225114133069,scenario,cyp_cystitis,844.3046023798264
9.75,spinal_coord,29.974423376060766,0.980184816356,0.019815183644,0.5367536424906291,53.67536424906291,0.3889432512021721,38.89432512021721,0.245046204089,24.5046204089,0.021318701326695767,2.131870132669577,0.021318701326695767,0.014923090928687035,scenario,cyp_cystitis,834.7213648786465
9.833333333333,spinal_coord,29.698328196190843,0.98012583125,0.01987416875,0.5353411914156593,53.53411914156593,0.3870796448042124,38.70796448042124,0.2450314578125,24.503145781249998,0.02123505584047188,2.1235055840471877,0.02123505584047188,0.014864539088330315,scenario,cyp_cystitis,825.1381273774657
9.916666666667,spinal_coord,29.42070491027929,0.980074996196,0.019925003804,0.5339117033282832,53.39117033282832,0.385190605705711,38.5190605705711,0.245018749049,24.5018749049,0.02114943753388129,2.114943753388129,0.021149437533881286,0.0148046062737169,scenario,cyp_cystitis,815.55488987617
10.0,spinal_coord,29.14167423800479,0.980031873941,0.019968126059,0.5324652503530096,53.24652503530096,0.3832763758236795,38.32763758236795,0.24500796848525,24.500796848525,0.02106189960285623,2.1061899602856227,0.02106189960285623,0.014743329721999359,scenario,cyp_cystitis,805.9716523749892
10.083333333333,spinal_coord,28.861356316661777,0.979996028897,0.020003971103,0.5310019165066561,53.10019165066561,0.38133721237654145,38.13372123765414,0.24499900722425,24.499900722425,0.02097249600197329,2.097249600197329,0.020972496001973286,0.0146807472013813,scenario,cyp_cystitis,796.3884148738086
10.166666666667,spinal_coord,28.579870618291196,0.979967264822,0.020032735178,0.5295219263025238,52.952192630252384,0.379373480129365,37.9373480129365,0.2449918162055,24.49918162055,0.0208812814078658,2.0881281407865804,0.0208812814078658,0.01461689698550606,scenario,cyp_cystitis,786.8051773725133
10.25,spinal_coord,28.297335868387226,0.979945394359,0.020054605641,0.5280255189317418,52.802551893174176,0.377385560455989,37.7385560455989,0.24498634858975,24.498634858975,0.020788311182434467,2.0788311182434467,0.020788311182434467,0.014551817827704126,scenario,cyp_cystitis,777.2219398713328
10.333333333333,spinal_coord,28.01386996622164,0.979930092363,0.020069907637,0.5265128695007746,52.651286950077456,0.37537379521336617,37.53737952133662,0.24498252309075,24.498252309075,0.020693641335887,2.0693641335887003,0.020693641335887,0.0144855489351209,scenario,cyp_cystitis,767.6387023701517
10.416666666667,spinal_coord,27.729589906916193,0.979921033688,0.020078966312,0.524984164020301,52.4984164020301,0.37333854079773465,37.33385407977347,0.244980258422,24.4980258422,0.020597328489667853,2.059732848966785,0.020597328489667853,0.014418129942767496,scenario,cyp_cystitis,758.0554648688561
10.5,spinal_coord,27.444611705299284,0.97991789319,0.02008210681,0.5234395995208072,52.34395995208072,0.3712801682977429,37.12801682977429,0.2449794732975,24.49794732975,0.020499429839310062,2.049942983931006,0.020499429839310062,0.014349600887517043,scenario,cyp_cystitis,748.4722273676757
10.583333333333,spinal_coord,27.15905032157928,0.979920345724,0.020079654276,0.521879384150887,52.187938415088695,0.36919906362651594,36.919906362651595,0.244980086431,24.4980086431,0.020400003117239753,2.040000311723975,0.020400003117239756,0.014280002182067828,scenario,cyp_cystitis,738.8889898664951
10.666666666667,spinal_coord,26.87301958895602,0.9799281116,0.0200718884,0.520303761398156,52.0303761398156,0.36709564466420813,36.709564466420815,0.2449820279,24.49820279,0.020299106555595598,2.0299106555595596,0.020299106555595598,0.014209374588916917,scenario,cyp_cystitis,729.305752365199
10.75,spinal_coord,26.586632143196866,0.979941171817,0.020058828183,0.518713123719108,51.871312371910804,0.3649704410198108,36.49704410198108,0.24498529295425,24.498529295425,0.020196798849094658,2.0196798849094657,0.02019679884909466,0.014137759194366262,scenario,cyp_cystitis,719.722514864019
10.833333333333,spinal_coord,26.299999354199883,0.979959322317,0.020040677683,0.5171077752248883,51.710777522488826,0.3628239261941843,36.28239261941843,0.24498983057925,24.498983057925,0.0200931391179748,2.00931391179748,0.020093139117974796,0.014065197382582356,scenario,cyp_cystitis,710.1392773628382
10.916666666667,spinal_coord,26.0132312596562,0.979982315334,0.020017684666,0.5154880075597813,51.54880075597813,0.36065657163504167,36.06565716350417,0.2449955788335,24.49955788335,0.01998818687107644,1.998818687107644,0.01998818687107644,0.013991730809753508,scenario,cyp_cystitis,700.5560398615423
11.0,spinal_coord,25.726436500827752,0.9800099031,0.0199900969,0.5138541231879834,51.38541231879834,0.35846886321731125,35.84688632173113,0.245002475775,24.5002475775,0.01988200196909453,1.988200196909453,0.01988200196909453,0.01391740137836617,scenario,cyp_cystitis,690.9728023603622
11.083333333333,spinal_coord,25.439722260452854,0.980041837851,0.019958162149,0.512206435389958,51.2206435389958,0.3562613012362774,35.62613012362774,0.24501045946275,24.501045946275,0.019774644588029733,1.9774644588029733,0.019774644588029733,0.013842251211620813,scenario,cyp_cystitis,681.3895648591814
11.166666666667,spinal_coord,25.15319420288181,0.980077871821,0.019922128179,0.5105452682354121,51.05452682354121,0.35403440037354944,35.40344003735495,0.24501946795525,24.501946795525,0.019666175182902187,1.9666175182902188,0.019666175182902184,0.013766322628031527,scenario,cyp_cystitis,671.8063273578858
11.25,spinal_coord,24.86695641644836,0.980117757243,0.019882242757,0.508870956542242,50.887095654224204,0.3517886896419893,35.17886896419893,0.24502943931075,24.502943931075,0.019556654451757333,1.9556654451757334,0.019556654451757333,0.013689658116230132,scenario,cyp_cystitis,662.2230898567053
11.333333333333,spinal_coord,24.581111358079326,0.980161246353,0.019838753647,0.507183845818648,50.7183845818648,0.3495247123071972,34.95247123071972,0.24504031158825,24.504031158824997,0.01944614329999176,1.944614329999176,0.01944614329999176,0.01361230030999423,scenario,cyp_cystitis,652.6398523555243
11.416666666667,spinal_coord,24.295759800234364,0.98020812646,0.01979187354,0.5054843102699776,50.54843102699776,0.3472430382066368,34.724303820663685,0.245052031615,24.5052031615,0.019334702805062286,1.9334702805062287,0.01933470280506229,0.013534291963543603,scenario,cyp_cystitis,643.056614854229
11.5,spinal_coord,24.011000780171315,0.980258874744,0.019741125256,0.5037730889032397,50.37730889032397,0.34494449362298624,34.494449362298624,0.245064718686,24.5064718686,0.019222394181606293,1.9222394181606293,0.01922239418160629,0.013455675927124402,scenario,cyp_cystitis,633.4733773530481
11.583333333333,spinal_coord,23.72693155152946,0.98031368557,0.01968631443,0.5020507811017999,50.20507811017999,0.3426298129457332,34.26298129457332,0.2450784213925,24.50784213925,0.019109278746999744,1.9109278746999743,0.019109278746999747,0.013376495122899823,scenario,cyp_cystitis,623.8901398518675
11.666666666667,spinal_coord,23.443647538312238,0.980372515515,0.019627484485,0.5003178719187465,50.031787191874656,0.340299657386662,34.0299657386662,0.24509312887875,24.509312887875,0.018995417887415864,1.8995417887415864,0.018995417887415864,0.013296792521191104,scenario,cyp_cystitis,614.3069023505718
11.75,spinal_coord,23.161242291254588,0.980435321156,0.019564678844,0.49857485494427545,49.85748549442754,0.3379546995403673,33.795469954036726,0.245108830289,24.5108830289,0.01888087302441032,1.888087302441032,0.01888087302441032,0.013216611117087223,scenario,cyp_cystitis,604.7236648493915
11.833333333333,spinal_coord,22.87980744655767,0.98050205907,0.01949794093,0.49682223211179644,49.68222321117965,0.33559562312572855,33.55956231257286,0.2451255147675,24.512551476749998,0.018765705582058298,1.8765705582058299,0.018765705582058298,0.013135993907440809,scenario,cyp_cystitis,595.1404273482109
11.916666666667,spinal_coord,22.59943268706182,0.980572685834,0.019427314166,0.4950605134862541,49.506051348625405,0.3332231227036721,33.32231227036721,0.2451431714585,24.51431714585,0.018649976954704894,1.8649976954704894,0.018649976954704894,0.013054983868293424,scenario,cyp_cystitis,585.5571898469151
12.0,spinal_coord,22.32020570583325,0.980647158024,0.019352841976,0.4932902170338722,49.32902170338722,0.33083790337049623,33.08379033704962,0.245161789506,24.5161789506,0.01853374847535329,1.853374847535329,0.01853374847535329,0.012973623932747303,scenario,cyp_cystitis,575.9739523457346
12.083333333333,spinal_coord,22.042212172137784,0.980725432218,0.019274567782,0.4912689461464552,49.12689461464552,0.3281167841226069,32.81167841226069,0.2451813580545,24.51813580545,0.018305287531062208,1.8305287531062209,0.01830528753106221,0.012813701271743548,scenario,cyp_cystitis,576.136447190457
12.166666666667,spinal_coord,21.76553569986205,0.980807466264,0.019192533736,0.4892416935719688,48.92416935719688,0.3253864360079584,32.538643600795844,0.245201866566,24.5201866566,0.018077841476968306,1.8077841476968306,0.018077841476968306,0.012654489033877813,scenario,cyp_cystitis,576.2989420351815
12.25,spinal_coord,21.4902578183485,0.980893964309,0.019106035691,0.4872094292747059,48.72094292747059,0.3226479175966079,32.26479175966079,0.24522349107725,24.522349107725,0.017851477966737524,1.7851477966737523,0.017851477966737524,0.012496034576716266,scenario,cyp_cystitis,576.4614368799043
12.333333333333,spinal_coord,21.216457945608344,0.980985704852,0.019014295148,0.48517316017722123,48.51731601772212,0.319902311952295,31.9902311952295,0.245246426213,24.5246426213,0.01762626301946222,1.762626301946222,0.017626263019462223,0.012338384113623556,scenario,cyp_cystitis,576.6239317246268
12.416666666667,spinal_coord,20.944213363963016,0.981082922121,0.018917077879,0.4831336242557941,48.313362425579406,0.31715052496739216,31.715052496739215,0.24527073053025,24.527073053025,0.017402260995223035,1.7402260995223036,0.01740226099522303,0.012181582696656122,scenario,cyp_cystitis,576.786426569351
12.5,spinal_coord,20.673599198071607,0.981185850343,0.018814149657,0.48109156272328346,48.10915627232835,0.31439346685004466,31.439346685004466,0.24529646258575,24.529646258575,0.017179534572529565,1.7179534572529565,0.017179534572529565,0.012025674200770695,scenario,cyp_cystitis,576.9489214140738
12.583333333333,spinal_coord,20.404688395300088,0.981294723744,0.018705276256,0.47904771955886927,47.90477195588693,0.31163205149715906,31.163205149715907,0.245323680936,24.5323680936,0.01695814472761733,1.6958144727617328,0.016958144727617332,0.011870701309332132,scenario,cyp_cystitis,577.1114162587961
12.666666666667,spinal_coord,20.137551708473275,0.981409776552,0.018590223448,0.47700284102515467,47.70028410251547,0.3088671958495396,30.88671958495396,0.245352444138,24.5352444138,0.01673815071564796,1.6738150715647961,0.016738150715647965,0.011716705500953575,scenario,cyp_cystitis,577.2739111035208
12.75,spinal_coord,19.872257680958857,0.981531242995,0.018468757005,0.47495767516918413,47.49576751691841,0.3060998192272455,30.60998192272455,0.24538281074875,24.538281074875,0.0165196100537844,1.6519610053784402,0.0165196100537844,0.01156372703764908,scenario,cyp_cystitis,577.4364059482432
12.833333333333,spinal_coord,19.608872634031787,0.981659357299,0.018340642701,0.4729129713103895,47.29129713103895,0.30333084264751936,30.333084264751935,0.24541483932475,24.541483932475,0.016302578506111286,1.6302578506111287,0.01630257850611129,0.011411804954277903,scenario,cyp_cystitis,577.5989007929658
12.916666666667,spinal_coord,19.3474606565507,0.981794353692,0.018205646308,0.4708694795196085,47.08694795196085,0.30056118812881133,30.056118812881135,0.245448588423,24.5448588423,0.016087110070439455,1.6087110070439454,0.01608711007043945,0.011260977049307615,scenario,cyp_cystitis,577.7613956376905
13.0,spinal_coord,19.088083596888502,0.981935550486,0.018064449514,0.46882751277767887,46.88275127776789,0.29779150020823847,29.779150020823845,0.2454838876215,24.54838876215,0.015873256966959032,1.5873256966959033,0.015873256966959032,0.011111279876871322,scenario,cyp_cystitis,577.923890482413
13.083333333333,spinal_coord,18.830801057058515,0.982081102268,0.017918897732,0.4667868384862911,46.67868384862911,0.29502208389238815,29.502208389238817,0.245520275567,24.5520275567,0.015661069628704907,1.5661069628704907,0.01566106962870491,0.010962748740093438,scenario,cyp_cystitis,578.0863853271355
13.166666666667,spinal_coord,18.575670389059344,0.982230642302,0.017769357698,0.4647479406761076,46.47479406761076,0.2922537068008101,29.22537068008101,0.2455576605755,24.55576605755,0.015450596693865176,1.5450596693865175,0.015450596693865174,0.010815417685705622,scenario,cyp_cystitis,578.2488801718598
13.25,spinal_coord,18.322746693374178,0.982383845625,0.017616154375,0.46271132674570536,46.27113267457054,0.2894871537859405,28.94871537859405,0.24559596140625,24.559596140625,0.01524188499989075,1.5241884999890751,0.015241884999890749,0.010669319499923524,scenario,cyp_cystitis,578.4113750165826
13.333333333333,spinal_coord,18.07208281955989,0.982540387277,0.017459612723,0.4606775068273215,46.067750682732154,0.28672321334409534,28.672321334409535,0.24563509681925,24.563509681924998,0.015034979579363571,1.5034979579363572,0.015034979579363571,0.010524485705554499,scenario,cyp_cystitis,578.5738698613051
13.416666666667,spinal_coord,17.823729368941265,0.982699942294,0.017300057706,0.4586469931686722,45.86469931686722,0.28396267679356296,28.396267679356296,0.2456749855735,24.56749855735,0.014829923657646273,1.4829923657646273,0.014829923657646273,0.01038094656035239,scenario,cyp_cystitis,578.7363647060297
13.5,spinal_coord,17.577734699340596,0.982862185717,0.017137814283,0.4566202995097076,45.66202995097076,0.28120633744061013,28.120633744061013,0.24571554642925,24.571554642925,0.014626758652265679,1.462675865226568,0.014626758652265677,0.010238731056585973,scenario,cyp_cystitis,578.8988595507524
13.583333333333,spinal_coord,17.334144931772798,0.983026792582,0.016973207418,0.4545979404389409,45.45979404389409,0.2784549897245879,27.84549897245879,0.2457566981455,24.57566981455,0.014425524173981746,1.4425524173981745,0.014425524173981746,0.010097866921787222,scenario,cyp_cystitis,579.0613543954744
13.666666666667,spinal_coord,17.093003959114462,0.98319343793,0.01680656207,0.4525804307493857,45.25804307493857,0.27570942835584755,27.570942835584756,0.2457983594825,24.57983594825,0.014226258029557739,1.422625802955774,0.014226258029557735,0.009958380620690413,scenario,cyp_cystitis,579.2238492401992
13.75,spinal_coord,16.85435345667236,0.983361814188,0.016638185812,0.4505682927450533,45.056829274505326,0.272970452264071,27.2970452264071,0.245840453547,24.5840453547,0.01402899622617859,1.402899622617859,0.014028996226178592,0.009820297358325014,scenario,cyp_cystitis,579.3863440849215
13.833333333333,spinal_coord,16.618232894577453,0.983531678377,0.016468321623,0.4485620769224116,44.85620769224116,0.27023887643754885,27.023887643754886,0.24588291959425,24.588291959425,0.013833772977464071,1.3833772977464072,0.013833772977464073,0.00968364108422485,scenario,cyp_cystitis,579.548838929644
13.916666666667,spinal_coord,16.384679552006595,0.983702733699,0.016297266301,0.44656230686449516,44.65623068644952,0.2675154979196602,26.751549791966017,0.24592568342475,24.592568342474998,0.01364062071108602,1.364062071108602,0.013640620711086023,0.009548434497760215,scenario,cyp_cystitis,579.711333774369
14.0,spinal_coord,16.153728533153735,0.983874675745,0.016125324255,0.4445695000186666,44.45695000186666,0.2648011081098888,26.480110810988883,0.24596866893625,24.596866893625,0.013449570077931832,1.3449570077931832,0.013449570077931832,0.009414699054552281,scenario,cyp_cystitis,579.8738286190911
14.083333333333,spinal_coord,15.925412784873572,0.984047200102,0.015952799898,0.4425841705236836,44.25841705236836,0.2620964939975781,26.20964939975781,0.2460118000255,24.60118000255,0.013260649962756667,1.3260649962756668,0.013260649962756667,0.009282454973929667,scenario,cyp_cystitis,580.0363234638139
14.166666666667,spinal_coord,15.699763115994323,0.984220002361,0.015779997639,0.44060682853818933,44.06068285381893,0.25940243726391904,25.940243726391905,0.24605500059025,24.605500059025,0.013073887496327673,1.3073887496327672,0.013073887496327671,0.009151721247429368,scenario,cyp_cystitis,580.1988183085381
14.25,spinal_coord,15.476808218218885,0.98439277811,0.01560722189,0.43863797956325173,43.86379795632517,0.2567197133810023,25.67197133810023,0.2460981945275,24.60981945275,0.012889308068998424,1.2889308068998424,0.012889308068998425,0.009022515648298897,scenario,cyp_cystitis,580.361313153261
14.333333333333,spinal_coord,15.25657468853495,0.984565222938,0.015434777062,0.43667812377207627,43.667812377207625,0.2540490907167684,25.40490907167684,0.2461413057345,24.614130573449998,0.012706935345652893,1.2706935345652892,0.01270693534565289,0.008894854741957023,scenario,cyp_cystitis,580.5238079979835
14.416666666667,spinal_coord,15.039087053126318,0.984737032434,0.015262967566,0.4347277553417164,43.472775534171646,0.25139132964428856,25.139132964428857,0.2461842581085,24.61842581085,0.012526791282016527,1.2526791282016527,0.012526791282016529,0.00876875389741157,scenario,cyp_cystitis,580.686302842708
14.5,spinal_coord,14.824367792702853,0.984907972825,0.015092027175,0.4327873928305569,43.27873928305569,0.2487471994990758,24.874719949907583,0.24622699320625,24.622699320625,0.012348896142270076,1.2348896142270076,0.012348896142270076,0.008644227299589052,scenario,cyp_cystitis,580.8487976874306
14.583333333333,spinal_coord,14.612437369168479,0.985078574799,0.014921425201,0.4308578812717122,43.08578812717122,0.24611765009594966,24.611765009594965,0.24626964369975,24.626964369975,0.01217326851790255,1.217326851790255,0.01217326851790255,0.008521287962531784,scenario,cyp_cystitis,581.011292532153
14.666666666667,spinal_coord,14.403314253615598,0.98524894941,0.01475105059,0.42893986829573233,42.89398682957323,0.24350350792430978,24.350350792430977,0.2463122373525,24.63122373525,0.011999925347796477,1.1999925347796476,0.011999925347796475,0.008399947743457533,scenario,cyp_cystitis,581.1737873768773
14.75,spinal_coord,14.197014955562757,0.985419013172,0.014580986828,0.42703390536527985,42.703390536527984,0.2409055360963731,24.09055360963731,0.246354753293,24.6354753293,0.011828881939478937,1.1828881939478937,0.011828881939478935,0.008280217357635254,scenario,cyp_cystitis,581.3362822216002
14.833333333333,spinal_coord,13.993554053354469,0.985588682598,0.014411317402,0.42514053306990096,42.51405330699009,0.2383244832272013,23.83244832272013,0.2463971706495,24.639717064950002,0.01166015199147297,1.1660151991472971,0.01166015199147297,0.00816210639403108,scenario,cyp_cystitis,581.4987770663226
14.916666666667,spinal_coord,13.792944225708737,0.985757874204,0.014242125796,0.4232602805561345,42.32602805561345,0.2357610826735127,23.57610826735127,0.246439468551,24.643946855099998,0.011493747616738754,1.1493747616738754,0.011493747616738752,0.008045623331717126,scenario,cyp_cystitis,581.6612719110469
15.0,spinal_coord,13.595196284329264,0.985926504502,0.014073495498,0.4213936649699601,42.13936649699601,0.23321605179261343,23.321605179261343,0.2464816261255,24.64816261255,0.011329679367136738,1.1329679367136738,0.011329679367136738,0.007930775556995716,scenario,cyp_cystitis,581.8237667557698
15.083333333333,spinal_coord,13.400319207501653,0.986094490007,0.013905509993,0.4195411909234798,41.95411909234798,0.23069009122897308,23.069009122897306,0.24652362250175,24.652362250175,0.011167956258846413,1.1167956258846412,0.011167956258846415,0.007817569381192489,scenario,cyp_cystitis,581.9862616004924
15.166666666667,spinal_coord,13.208320174657178,0.986261747232,0.013738252768,0.41770334997631475,41.77033499763147,0.2281838842244197,22.81838842244197,0.246565436808,24.6565436808,0.011008585798727093,1.1008585798727093,0.011008585798727094,0.007706010059108965,scenario,cyp_cystitis,582.1487564452168
15.25,spinal_coord,13.01920460182205,0.986428193823,0.013571806177,0.41588062061855335,41.58806206185533,0.22569809621707118,22.56980962170712,0.24660704845575,24.660704845574998,0.010851574011552555,1.0851574011552556,0.010851574011552555,0.007596101808086788,scenario,cyp_cystitis,582.3112512899393
15.333333333333,spinal_coord,12.832976177872734,0.986593821468,0.013406178532,0.4140734983861014,41.407349838610145,0.22323339069213516,22.323339069213517,0.246648455367,24.6648455367,0.010696925468052919,1.0696925468052918,0.010696925468052917,0.007487847827637041,scenario,cyp_cystitis,582.4737461346617
15.416666666667,spinal_coord,12.64963690157968,0.986758609278,0.013241390722,0.4122824585217676,41.22824585217676,0.22079040826969018,22.079040826969017,0.2466896523195,24.66896523195,0.010544643313748152,1.0544643313748152,0.010544643313748152,0.007381250319623706,scenario,cyp_cystitis,582.6362409793861
15.5,spinal_coord,12.469187119359093,0.986922497903,0.013077502097,0.4105079449132504,41.050794491325036,0.2183697605833338,21.83697605833338,0.24673062447575,24.673062447575,0.010394729298505247,1.0394729298505248,0.010394729298505245,0.007276310508953671,scenario,cyp_cystitis,582.7987358241088
15.583333333333,spinal_coord,12.291625563655405,0.987085427995,0.012914572005,0.40875038598634206,40.875038598634205,0.21597203865012277,21.597203865012276,0.24677135699875,24.677135699875,0.010247183806753216,1.0247183806753217,0.010247183806753215,0.0071730286647272495,scenario,cyp_cystitis,582.9612306688313
15.666666666667,spinal_coord,12.116949391936163,0.987247340206,0.012752659794,0.4070101943336316,40.701019433363165,0.2135978123761755,21.35978123761755,0.2468118350515,24.68118350515,0.010102005888338816,1.0102005888338816,0.010102005888338816,0.007071404121837171,scenario,cyp_cystitis,583.1237255135561
15.75,spinal_coord,11.945154226221536,0.987408175186,0.012591824814,0.40528776637001285,40.528776637001286,0.21124763009801717,21.12476300980172,0.2468520437965,24.68520437965,0.00995919328995624,0.995919328995624,0.009959193289956238,0.0069714353029693655,scenario,cyp_cystitis,583.2862203582787
15.833333333333,spinal_coord,11.776234193073714,0.987567873587,0.012432126413,0.40358348201792804,40.35834820179281,0.20892201816157072,20.892201816157073,0.24689196839675,24.689196839675002,0.009818742487086186,0.9818742487086186,0.009818742487086186,0.006873119740960329,scenario,cyp_cystitis,583.4487152030009
15.916666666667,spinal_coord,11.610181964028126,0.987726376061,0.012273623939,0.4018977044183578,40.18977044183578,0.20662148053747706,20.662148053747707,0.24693159401525,24.693159401525,0.00968064871642669,0.9680648716426691,0.00968064871642669,0.006776454101498683,scenario,cyp_cystitis,583.6112100477256
16.0,spinal_coord,11.446988796391697,0.987883623258,0.012116376742,0.4002307796703565,40.02307796703565,0.20434649847447534,20.434649847447535,0.2469709058145,24.697090581450002,0.009544906008750659,0.9544906008750659,0.009544906008750659,0.0066814342061254604,scenario,cyp_cystitis,583.7737048924481
16.083333333333,spinal_coord,11.286644574336826,0.988039444376,0.011960555624,0.3985829916403375,39.85829916403375,0.2020975073951167,20.20975073951167,0.247009861094,24.7009861094,0.009411507222127663,0.9411507222127663,0.009411507222127665,0.006588055055489365,scenario,cyp_cystitis,583.9361997371703
16.166666666667,spinal_coord,11.129137850273638,0.988193663179,0.011806336821,0.3969546053010824,39.69546053010824,0.19987491934177648,19.987491934177648,0.24704841579475,24.704841579475,0.009280444075492302,0.9280444075492302,0.009280444075492302,0.006496310852844611,scenario,cyp_cystitis,584.098694581895
16.25,spinal_coord,10.974455886429423,0.988346278666,0.011653721334,0.395345938851028,39.5345938851028,0.19767915891270396,19.767915891270395,0.2470865696665,24.70865696665,0.009151707182496563,0.9151707182496563,0.009151707182496565,0.006406195027747595,scenario,cyp_cystitis,584.2611894266178
16.333333333333,spinal_coord,10.822584696567871,0.988497290834,0.011502709166,0.39375729267918974,39.37572926791898,0.19551062662758634,19.551062662758632,0.2471243227085,24.712432270849998,0.00902528608558649,0.902528608558649,0.00902528608558649,0.006317700259910543,scenario,cyp_cystitis,584.4236842713403
16.416666666667,spinal_coord,10.673509087831722,0.988646699686,0.011353300314,0.3921889488626902,39.21889488626902,0.1933696985882535,19.336969858825352,0.2471616749215,24.716167492150003,0.00890116929028589,0.890116929028589,0.00890116929028589,0.006230818503200122,scenario,cyp_cystitis,584.5861791160645
16.5,spinal_coord,10.527212702642048,0.988794505219,0.011205494781,0.39064117109138896,39.0641171091389,0.19125672638218533,19.125672638218532,0.24719862630475,24.719862630475,0.008779344299627694,0.8779344299627694,0.008779344299627694,0.0061455410097393855,scenario,cyp_cystitis,584.7486739607873
16.583333333333,spinal_coord,10.38367806059096,0.988940707436,0.011059292564,0.3891142046316733,38.91142046316733,0.18917203703023103,18.9172037030231,0.247235176859,24.723517685900003,0.008659797648676446,0.8659797648676446,0.008659797648676444,0.006061858354073511,scenario,cyp_cystitis,584.9111688055096
16.666666666667,spinal_coord,10.242886600313069,0.989085306335,0.010914693665,0.3876082763108053,38.76082763108053,0.18711593296940707,18.711593296940705,0.24727132658375,24.727132658375,0.0085425149391257,0.85425149391257,0.008542514939125702,0.005979760457387991,scenario,cyp_cystitis,585.0736636502342
16.75,spinal_coord,10.104818721273466,0.989228301916,0.010771698084,0.3861235945375648,38.612359453756476,0.18508869207808637,18.508869207808637,0.247307075479,24.7307075479,0.008427480873914588,0.8427480873914588,0.008427480873914586,0.00589923661174021,scenario,cyp_cystitis,585.2361584949566
16.833333333333,spinal_coord,9.969453825413627,0.989369689723,0.010630310277,0.38466034761543744,38.466034761543746,0.1830905669129166,18.309056691291662,0.24734242243075,24.734242243075,0.008314679291810529,0.831467929181053,0.00831467929181053,0.0058202755042673715,scenario,cyp_cystitis,585.3986533396794
16.916666666667,spinal_coord,9.836770358642628,0.989509291305,0.010490708695,0.38321863819183344,38.32186381918334,0.18112175382077791,18.11217538207779,0.24737732282625,24.737732282625,0.008204093201943633,0.8204093201943633,0.008204093201943635,0.005742865241360544,scenario,cyp_cystitis,585.5611481844038
17.0,spinal_coord,9.706745852116285,0.989647013975,0.010352986025,0.38179858486791285,38.17985848679128,0.17918244183221713,17.918244183221713,0.24741175349375,24.741175349375,0.008095704818240741,0.8095704818240741,0.008095704818240741,0.005666993372768519,scenario,cyp_cystitis,585.7236430291263
17.083333333333,spinal_coord,9.57935696325052,0.989782857733,0.010217142267,0.3804003243188019,38.04003243188019,0.1772728131807358,17.72728131807358,0.24744571443325,24.744571443325,0.007989495593710325,0.7989495593710325,0.007989495593710325,0.005592646915597227,scenario,cyp_cystitis,585.8861378738491
17.166666666667,spinal_coord,9.45457951645868,0.989916822579,0.010083177421,0.3790239752707698,37.90239752707698,0.17539302616802635,17.539302616802637,0.24747920564475,24.747920564475002,0.007885446254565562,0.7885446254565562,0.007885446254565562,0.005519812378195893,scenario,cyp_cystitis,586.0486327185735
17.25,spinal_coord,9.332388543560498,0.990048908513,0.009951091487,0.377669638682322,37.7669638682322,0.17354321540542933,17.354321540542934,0.24751222712825,24.751222712825,0.00778353683413787,0.778353683413787,0.0077835368341378705,0.005448475783896509,scenario,cyp_cystitis,586.211127563296
17.333333333333,spinal_coord,9.212758323814075,0.990179115534,0.009820884466,0.37633739794949916,37.63373979494992,0.1717234920879989,17.17234920879989,0.2475447788835,24.75447788835,0.007683746706536384,0.7683746706536384,0.007683746706536384,0.005378622694575469,scenario,cyp_cystitis,586.3736224080183
17.416666666667,spinal_coord,9.095662423563184,0.990307443643,0.009692556357,0.37502731913669407,37.50273191366941,0.16993394430125877,16.99339443012588,0.24757686091075,24.757686091075,0.007586054620042892,0.7586054620042892,0.007586054620042893,0.005310238234030025,scenario,cyp_cystitis,586.536117252743
17.5,spinal_coord,8.981073735452783,0.99043389284,0.00956610716,0.373739451228067,37.3739451228067,0.16817463735742266,16.817463735742265,0.24760847321,24.760847321,0.00749043873019907,0.7490438730199069,0.007490438730199069,0.005243307111139348,scenario,cyp_cystitis,586.6986120974656
17.583333333333,spinal_coord,8.868964517169296,0.990558463125,0.009441536875,0.372473826402242,37.2473826402242,0.16644561416132275,16.644561416132277,0.24763961578125,24.763961578125,0.007396876632545838,0.7396876632545838,0.007396876632545838,0.005177813642782086,scenario,cyp_cystitis,586.8611069421878
17.666666666667,spinal_coord,8.759306429700697,0.990681149162,0.009318850838,0.3712304583281113,37.12304583281113,0.16474689471681503,16.474689471681504,0.2476702872905,24.76702872905,0.007305345395006954,0.7305345395006954,0.007305345395006954,0.005113741776504867,scenario,cyp_cystitis,587.0236017869126
17.75,spinal_coord,8.652070575074559,0.990801910449,0.009198089551,0.37000933137419867,37.000933137419864,0.16307847168259823,16.307847168259823,0.24770047761225,24.770047761225,0.007215821589878192,0.7215821589878192,0.007215821589878192,0.005051075112914734,scenario,cyp_cystitis,587.186096631635
17.833333333333,spinal_coord,8.547227533535803,0.990920738591,0.009079261409,0.36881042619998805,36.88104261999881,0.16144032206965075,16.144032206965075,0.24773018464775,24.773018464775003,0.007128281325386548,0.7128281325386547,0.007128281325386546,0.004989796927770582,scenario,cyp_cystitis,587.3485914763579
17.916666666667,spinal_coord,8.444747400162024,0.991037633587,0.008962366413,0.3676337111035989,36.76337111035989,0.15983240360913184,15.983240360913184,0.24775940839675,24.775940839675002,0.0070427002768141626,0.7042700276814162,0.007042700276814162,0.004929890193769913,scenario,cyp_cystitis,587.5110863210822
18.0,spinal_coord,8.3445998208798,0.991152595437,0.008847404563,0.3664791392335972,36.647913923359724,0.15825465383246295,15.825465383246296,0.24778814885925,24.778814885924998,0.006959053717153016,0.6959053717153016,0.006959053717153016,0.004871337602007112,scenario,cyp_cystitis,587.6735811658048
18.083333333333,spinal_coord,8.246754027848851,0.991265624141,0.008734375859,0.36534664897152624,36.534664897152624,0.1567069905817017,15.67069905817017,0.24781640603525,24.781640603525,0.006877316547259378,0.6877316547259378,0.006877316547259378,0.004814121583081564,scenario,cyp_cystitis,587.8360760105271
18.166666666667,spinal_coord,8.151178874214828,0.991376719701,0.008623280299,0.3642361643297462,36.42361643297462,0.15518931253932827,15.518931253932827,0.24784417992525,24.784417992525,0.0067974633255054396,0.679746332550544,0.006797463325505439,0.004758224327853807,scenario,cyp_cystitis,587.9985708552516
18.25,spinal_coord,8.05784286819924,0.991485882114,0.008514117886,0.36314759535883656,36.31475953588365,0.15370149977378209,15.370149977378208,0.2478714705285,24.78714705285,0.006719468296898793,0.6719468296898793,0.006719468296898794,0.004703627807829155,scenario,cyp_cystitis,588.1610656999741
18.333333333333,spinal_coord,7.966714206498475,0.991593111382,0.008406888618,0.36208083857281714,36.208083857281714,0.15224341430308952,15.224341430308952,0.2478982778455,24.78982778455,0.006643305421643281,0.6643305421643281,0.0066433054216432814,0.004650313795150297,scenario,cyp_cystitis,588.3235605446971
18.416666666667,spinal_coord,7.8777608069955,0.991698407504,0.008301592496,0.3610357773783684,36.10357773783684,0.15081490066982456,15.081490066982456,0.247924601876,24.7924601876,0.006568948403141415,0.6568948403141415,0.006568948403141415,0.00459826388219899,scenario,cyp_cystitis,588.4860553894212
18.5,spinal_coord,7.790950340757761,0.99180179484,0.00819820516,0.3600122913601564,36.00122913601564,0.1494157902002085,14.941579020020852,0.24795044871,24.795044870999998,0.006496370715413433,0.6496370715413433,0.006496370715413433,0.004547459500789402,scenario,cyp_cystitis,588.6485502341437
18.583333333333,spinal_coord,7.706250263298134,0.991903342243,0.008096657757,0.3590102638893319,35.90102638893319,0.1480459044381092,14.80459044381092,0.24797583556075,24.797583556075,0.00642554562991114,0.642554562991114,0.00642554562991114,0.004497881940937798,scenario,cyp_cystitis,588.8110450788666
18.666666666667,spinal_coord,7.623627845105231,0.992003053883,0.007996946117,0.3580295429541805,35.80295429541805,0.14670503931124065,14.670503931124065,0.24800076347075,24.800076347075002,0.006356446241729225,0.6356446241729226,0.006356446241729226,0.004449512369210458,scenario,cyp_cystitis,588.973539923591
18.75,spinal_coord,7.543050201421407,0.992100929761,0.007899070239,0.35706996374184174,35.70699637418417,0.14539297506878898,14.539297506878897,0.24802523244025,24.802523244025,0.006289045495193622,0.6289045495193623,0.006289045495193622,0.004402331846635535,scenario,cyp_cystitis,589.1360347683135
18.833333333333,spinal_coord,7.464484321250021,0.992196969877,0.007803030123,0.35613135062250295,35.613135062250294,0.1441094775376706,14.41094775376706,0.24804924246925,24.804924246925,0.006223316208809288,0.6223316208809287,0.006223316208809288,0.0043563213461665015,scenario,cyp_cystitis,589.2985296130363
18.916666666667,spinal_coord,7.38789709560079,0.992291174232,0.007708825768,0.3552135176206054,35.52135176206054,0.1428542987501405,14.28542987501405,0.248072793558,24.8072793558,0.006159231099572641,0.6159231099572641,0.006159231099572641,0.004311461769700848,scenario,cyp_cystitis,589.4610244577607
19.0,spinal_coord,7.313255344956227,0.992383542824,0.007616457176,0.354316268886398,35.4316268886398,0.141627177573864,14.1627177573864,0.248095885706,24.8095885706,0.0060967628066324695,0.609676280663247,0.0060967628066324695,0.004267733964642729,scenario,cyp_cystitis,589.6235193024829
19.083333333333,spinal_coord,7.24052584594508,0.992474075654,0.007525924346,0.3534393991724332,35.343939917243326,0.14042784034524428,14.042784034524427,0.2481185189135,24.811851891350003,0.0060358839142856556,0.6035883914285656,0.006035883914285656,0.004225118739999959,scenario,cyp_cystitis,589.7860141472058
19.166666666667,spinal_coord,7.169675357234084,0.992562772722,0.007437227278,0.3525826943070264,35.25826943070264,0.13925600150203515,13.925600150203515,0.2481406931805,24.81406931805,0.005976566974315475,0.5976566974315475,0.005976566974315475,0.004183596882020832,scenario,cyp_cystitis,589.9485089919303
19.25,spinal_coord,7.1006706446252705,0.992649634028,0.007350365972,0.3517459316689694,35.17459316689694,0.13811136421595915,13.811136421595915,0.248162408507,24.816240850699998,0.0059187845276601125,0.5918784527660113,0.0059187845276601125,0.004143149169362079,scenario,cyp_cystitis,590.1110038366525
19.333333333333,spinal_coord,7.033478505348929,0.992734732388,0.007265267612,0.3509289064005606,35.09289064005606,0.13699363107141416,13.699363107141416,0.248183683097,24.818368309700002,0.005862509125401672,0.5862509125401671,0.005862509125401673,0.004103756387781171,scenario,cyp_cystitis,590.273498681375
19.416666666667,spinal_coord,6.968065791565691,0.992818162382,0.007181837618,0.3501314135706173,35.01314135706173,0.13590249730015633,13.590249730015632,0.2482045405955,24.820454059550002,0.005807713349085514,0.5807713349085514,0.005807713349085515,0.00406539934435986,scenario,cyp_cystitis,590.4359935260997
19.5,spinal_coord,6.904399433069038,0.992899924402,0.007100075598,0.34935320777006357,34.93532077700635,0.13483763555941808,13.483763555941808,0.2482249811005,24.822498110050002,0.005754369830361391,0.5754369830361391,0.005754369830361391,0.0040280588812529735,scenario,cyp_cystitis,590.5984883708223
19.583333333333,spinal_coord,6.84244645918207,0.992980018448,0.007019981552,0.3485940368949146,34.85940368949146,0.1337987097105528,13.37987097105528,0.248245004612,24.8245004612,0.005702451269940038,0.5702451269940038,0.005702451269940037,0.003991715888958026,scenario,cyp_cystitis,590.7609832155449
19.666666666667,spinal_coord,6.782174019864065,0.993058444521,0.006941555479,0.34785364274336594,34.785364274336594,0.13278537548415456,13.278537548415455,0.24826461113025,24.826461113025,0.005651930455877156,0.5651930455877155,0.0056519304558771575,0.00395635131911401,scenario,cyp_cystitis,590.9234780602692
19.75,spinal_coord,6.72354940602172,0.993135202621,0.006864797379,0.34713176146729696,34.713176146729694,0.13179728108272928,13.17972810827293,0.24828380065525,24.828380065525,0.00560278028117957,0.560278028117957,0.005602780281179571,0.0039219461968257,scenario,cyp_cystitis,591.0859729049916
19.833333333333,spinal_coord,6.666540069022429,0.993210292746,0.006789707254,0.34642812401772927,34.64281240177293,0.13083406777497233,13.083406777497233,0.2483025731865,24.830257318650002,0.005554973760730453,0.5554973760730453,0.005554973760730452,0.0038884816325113164,scenario,cyp_cystitis,591.2484677497142
19.916666666667,spinal_coord,6.611113639426852,0.993283714898,0.006716285102,0.3457424565858316,34.57424565858316,0.12989537048177544,12.989537048177544,0.2483209287245,24.83209287245,0.005508484047547324,0.5508484047547324,0.005508484047547324,0.0038559388332831263,scenario,cyp_cystitis,591.4109625944388
20.0,spinal_coord,6.557237944938965,0.993355469077,0.006644530923,0.34507448103213867,34.50744810321387,0.1289808183505182,12.89808183505182,0.24833886726925,24.833886726925,0.005463284448370613,0.5463284448370613,0.005463284448370613,0.0038242991138594286,scenario,cyp_cystitis,591.5734574391615
20.083333333333,spinal_coord,6.504881027574084,0.993425557739,0.006574442261,0.3444239161618404,34.44239161618404,0.12809003563612062,12.809003563612062,0.24835638943475,24.835638943475,0.005419348438582636,0.5419348438582636,0.0054193484385826355,0.0037935439070078446,scenario,cyp_cystitis,591.7359522838842
20.166666666667,spinal_coord,6.45401116006358,0.99349410851,0.00650589149,0.3437905205953201,34.379052059532015,0.12722265795709348,12.722265795709347,0.2483735271275,24.83735271275,0.0053766496764721195,0.5376649676472119,0.0053766496764721195,0.0037636547735304835,scenario,cyp_cystitis,591.8984471286084
20.25,spinal_coord,6.40459686149743,0.993561193359,0.006438806641,0.3431740303136705,34.31740303136705,0.12637830929856067,12.637830929856067,0.24839029833975,24.839029833974998,0.005335162016844854,0.5335162016844853,0.005335162016844853,0.003734613411791397,scenario,cyp_cystitis,592.060941973331
20.333333333333,spinal_coord,6.356606912207881,0.993626812286,0.006373187714,0.34257415362688015,34.257415362688015,0.1255566007405068,12.555660074050682,0.2484067030715,24.84067030715,0.0052948595239828335,0.5294859523982833,0.0052948595239828335,0.003706401666787983,scenario,cyp_cystitis,592.2234368180535
20.416666666667,spinal_coord,6.310010367914096,0.99369096529,0.00630903471,0.3419905965593907,34.19905965593907,0.12475714031585423,12.475714031585424,0.2484227413225,24.84227413225,0.005255716483968282,0.5255716483968281,0.005255716483968281,0.0036790015387777966,scenario,cyp_cystitis,592.3859316627779
20.5,spinal_coord,6.26477657313159,0.993753652373,0.006246347627,0.34142306322623583,34.14230632262358,0.12397953351064782,12.397953351064782,0.24843841309325,24.843841309325,0.00521770741637553,0.521770741637553,0.005217707416375531,0.0036523951914628713,scenario,cyp_cystitis,592.5484265075008
20.583333333333,spinal_coord,6.220875173852074,0.993814873533,0.006185126467,0.34087125619466296,34.0871256194663,0.12322338374855063,12.322338374855063,0.24845371838325,24.845371838325,0.005180807085335309,0.5180807085335309,0.005180807085335308,0.0036265649597347154,scenario,cyp_cystitis,592.7109213522234
20.666666666667,spinal_coord,6.178276129514559,0.993874628772,0.006125371228,0.3403348768400446,34.03348768400446,0.12248829286272611,12.248829286272612,0.248468657193,24.8468657193,0.005144990509988854,0.5144990509988855,0.005144990509988854,0.003601493356992198,scenario,cyp_cystitis,592.8734161969477
20.75,spinal_coord,6.1369497242737365,0.993932918088,0.006067081912,0.3398136256851181,33.981362568511805,0.12177386155082408,12.177386155082408,0.248483229522,24.8483229522,0.005110232974336841,0.5110232974336841,0.0051102329743368405,0.0035771630820357883,scenario,cyp_cystitis,593.0359110416699
20.833333333333,spinal_coord,6.0968665775733095,0.993989741482,0.006010258518,0.33930720273294596,33.9307202732946,0.12107968981659457,12.107968981659457,0.2484974353705,24.84974353705,0.005076510036489594,0.5076510036489593,0.005076510036489594,0.0035535570255427152,scenario,cyp_cystitis,593.1984058863928
20.916666666667,spinal_coord,6.057997654045799,0.994045114635,0.005954885365,0.33881531312942853,33.881531312942855,0.12040537929423806,12.040537929423806,0.24851127865875,24.851127865875,0.005043797537336687,0.5043797537336687,0.005043797537336687,0.003530658276135681,scenario,cyp_cystitis,593.3609007311173
21.0,spinal_coord,6.020314272746736,0.994099197056,0.005900802944,0.3383377110462849,33.83377110462849,0.11975054904304655,11.975054904304654,0.248524799264,24.8524799264,0.00501207160864271,0.501207160864271,0.005012071608642711,0.0035084501260498973,scenario,cyp_cystitis,593.5233955758399
21.083333333333,spinal_coord,5.9837881157325965,0.994152030378,0.005847969622,0.3378741106874717,33.78741106874717,0.11911480412396225,11.911480412396225,0.2485380075945,24.85380075945,0.004981308680577158,0.49813086805771584,0.004981308680577157,0.00348691607640401,scenario,cyp_cystitis,593.6858904205621
21.166666666667,spinal_coord,5.948391236004444,0.994203614601,0.005796385399,0.33742421274909706,33.74242127490971,0.11849774546512937,11.849774546512936,0.24855090365025,24.855090365025,0.004951485488697097,0.4951485488697097,0.004951485488697098,0.003466039842087968,scenario,cyp_cystitis,593.8483852652868
21.25,spinal_coord,5.914096064826724,0.994253949726,0.005746050274,0.33698771890295093,33.69877189029509,0.1178989752952679,11.78989752952679,0.2485634874315,24.85634874315,0.004922579080390751,0.4922579080390751,0.004922579080390752,0.003445805356273526,scenario,cyp_cystitis,594.0108801100095
21.333333333333,spinal_coord,5.880875418431942,0.994303035752,0.005696964248,0.336564332055009,33.6564332055009,0.1173180974893454,11.73180974893454,0.248575758938,24.8575758938,0.00489456682079125,0.48945668207912496,0.004894566820791249,0.003426196774553874,scenario,cyp_cystitis,594.1733749547319
21.416666666667,spinal_coord,5.8487025041333744,0.99435087268,0.00564912732,0.3361537565945638,33.61537565945638,0.11675471789941838,11.675471789941838,0.24858771817,24.858771817,0.004867426398179413,0.4867426398179413,0.004867426398179412,0.0034071984787255884,scenario,cyp_cystitis,594.3358697994564
21.5,spinal_coord,5.817550925856456,0.994397460508,0.005602539492,0.3357556986285599,33.57556986285599,0.11620844466874658,11.620844466874658,0.248599365127,24.859936512700003,0.004841135828884853,0.48411358288848527,0.004841135828884854,0.0033887950802193975,scenario,cyp_cystitis,594.4983646441791
21.583333333333,spinal_coord,5.787394689100677,0.994442799238,0.005557200762,0.33536986620828163,33.536986620828166,0.11567888853170882,11.567888853170881,0.2486106998095,24.861069980950003,0.004815673461695573,0.48156734616955726,0.004815673461695573,0.003370971423186901,scenario,cyp_cystitis,594.6608594889016
21.666666666667,spinal_coord,5.758208205354036,0.994486888869,0.005513111131,0.334995969539792,33.4995969539792,0.11516566309672263,11.516566309672264,0.24862172221725,24.862172221725,0.004791017981794999,0.47910179817949994,0.004791017981795,0.0033537125872565,scenario,cyp_cystitis,594.823354333626
21.75,spinal_coord,5.729966295971669,0.994529765781,0.005470234219,0.33463373342758773,33.46337334275877,0.11466838930978361,11.46683893097836,0.24863244144525,24.863244144525,0.004767148414236528,0.4767148414236528,0.0047671484142365285,0.00333700388996557,scenario,cyp_cystitis,594.9858491783483
21.833333333333,spinal_coord,5.7026441955311995,0.994571590148,0.005428409852,0.3342829267780576,33.42829267780576,0.11418670565474348,11.418670565474349,0.248642897537,24.8642897537,0.004744044126966474,0.4744044126966474,0.004744044126966475,0.003320830888876532,scenario,cyp_cystitis,595.1483440230709
21.916666666667,spinal_coord,5.6762175546866445,0.994612380871,0.005387619129,0.3339432735659179,33.39432735659179,0.11372023779755723,11.372023779755724,0.24865309521775,24.865309521775,0.004721684833414204,0.4721684833414204,0.004721684833414204,0.0033051793833899427,scenario,cyp_cystitis,595.3108388677957
22.0,spinal_coord,5.650662442533102,0.99465213795,0.00534786205,0.333614494307759,33.361449430775906,0.11326861309367868,11.326861309367867,0.2486630344875,24.86630344875,0.004700050594660068,0.47000505946600674,0.004700050594660068,0.003290035416262047,scenario,cyp_cystitis,595.4733337125182
22.083333333333,spinal_coord,5.625955348495276,0.994690861385,0.005309138615,0.333296312585504,33.3296312585504,0.11283146298567205,11.283146298567205,0.24867271534625,24.867271534624997,0.004679121821192506,0.4679121821192506,0.004679121821192506,0.003275385274834754,scenario,cyp_cystitis,595.6358285572409
22.166666666667,spinal_coord,5.602073183761232,0.994728551176,0.005271448824,0.3329884551925124,33.298845519251245,0.11240842319801653,11.240842319801652,0.248682137794,24.8682137794,0.004658879274272737,0.4658879274272737,0.004658879274272736,0.003261215491990915,scenario,cyp_cystitis,595.7983234019649
22.25,spinal_coord,5.578993282273968,0.994765207323,0.005234792677,0.3326906522693699,33.26906522693699,0.11199913391815984,11.199913391815985,0.24869130183075,24.869130183075,0.004639304066917983,0.4639304066917983,0.004639304066917982,0.003247512846842587,scenario,cyp_cystitis,595.9608182466876
22.333333333333,spinal_coord,5.556693401294146,0.994800829826,0.005199170174,0.33240263742956916,33.24026374295691,0.11160323996409219,11.160323996409218,0.2487002074565,24.870020745650002,0.004620377664514852,0.4620377664514852,0.004620377664514852,0.0032342643651603964,scenario,cyp_cystitis,596.1233130914105
22.416666666667,spinal_coord,5.535151721554708,0.994835418686,0.005164581314,0.33212414787572764,33.21241478757276,0.11122039093897017,11.122039093897017,0.2487088546715,24.87088546715,0.004602081885080739,0.4602081885080739,0.004602081885080739,0.003221457319556517,scenario,cyp_cystitis,596.2858079361349
22.5,spinal_coord,5.5143468470201755,0.994868973901,0.005131026099,0.3318549245045563,33.18549245045563,0.11085024137240838,11.085024137240838,0.24871724347525,24.871724347525,0.004584398899184361,0.45843988991843604,0.004584398899184361,0.0032090792294290522,scenario,cyp_cystitis,596.448302780857
22.583333333333,spinal_coord,5.4942578042639445,0.994901556714,0.005098443286,0.33159473241741366,33.15947324174137,0.11049245765188485,11.049245765188486,0.2487253891785,24.87253891785,0.004567311229537045,0.4567311229537045,0.004567311229537045,0.0031971178606759313,scenario,cyp_cystitis,596.6107976255801
22.666666666667,spinal_coord,5.4748640414835945,0.994933301446,0.005066698554,0.3313433648683768,33.13433648683768,0.11014671934250234,11.014671934250234,0.2487333253615,24.87333253615,0.004550801750272021,0.4550801750272021,0.004550801750272021,0.0031855612251904144,scenario,cyp_cystitis,596.7732924703045
22.75,spinal_coord,5.45614542716691,0.994964212858,0.005035787142,0.33110057582278984,33.11005758227898,0.1098126968110531,10.98126968110531,0.2487410532145,24.87410532145,0.004534853685922723,0.45348536859227234,0.004534853685922724,0.003174397580145907,scenario,cyp_cystitis,596.9357873150269
22.833333333333,spinal_coord,5.4380822484217965,0.994994290951,0.005005709049,0.3308661216983921,33.086612169839206,0.10949006528085611,10.949006528085611,0.24874857273775,24.874857273775,0.004519450610111624,0.4519450610111624,0.004519450610111623,0.003163615427078136,scenario,cyp_cystitis,597.0982821597496
22.916666666667,spinal_coord,5.420655208989209,0.995023535724,0.004976464276,0.33063976301440506,33.063976301440505,0.10917850544454008,10.917850544454009,0.248755883931,24.875588393100003,0.004504576443966039,0.4504576443966039,0.004504576443966039,0.003153203510776227,scenario,cyp_cystitis,597.2607770044741
23.0,spinal_coord,5.4038454269515475,0.995051947178,0.004948052822,0.3304212644469208,33.04212644469208,0.10887770353656107,10.887770353656107,0.2487629867945,24.876298679450002,0.004490215454271751,0.4490215454271751,0.00449021545427175,0.003143150817990225,scenario,cyp_cystitis,597.4232718491963
23.083333333333,spinal_coord,5.387634432149399,0.995079525312,0.004920474688,0.3302103948739753,33.02103948739753,0.10858735139463371,10.858735139463372,0.248769881328,24.876988132799998,0.004476352251375604,0.4476352251375604,0.004476352251375604,0.0031334465759629226,scenario,cyp_cystitis,597.5857666939189
23.166666666667,spinal_coord,5.372004163324724,0.995106270127,0.004893729873,0.33000692741596427,33.000692741596424,0.1083071465122857,10.83071465122857,0.24877656753175,24.877656753175,0.004462971786852711,0.4462971786852711,0.00446297178685271,0.003124080250796897,scenario,cyp_cystitis,597.7482615386438
23.25,spinal_coord,5.3569369650025775,0.995132181623,0.004867818377,0.32981063946667755,32.98106394666775,0.10803679208123669,10.803679208123668,0.24878304540575,24.878304540574998,0.0044500593509487355,0.4450059350948736,0.0044500593509487355,0.003115041545664115,scenario,cyp_cystitis,597.9107563833663
23.333333333333,spinal_coord,5.342415584123766,0.995157259799,0.004842740201,0.32962131271854017,32.96213127185402,0.10777599702505354,10.777599702505354,0.24878931494975,24.878931494975003,0.004437600569807992,0.44376005698079923,0.0044376005698079915,0.003106320398865594,scenario,cyp_cystitis,598.0732512280885
23.416666666667,spinal_coord,5.328423166445452,0.995181589332,0.004818410668,0.3294387612130075,32.943876121300754,0.10752448517334336,10.752448517334336,0.248795397333,24.8795397333,0.004425581402502047,0.4425581402502047,0.004425581402502048,0.0030979069817514333,scenario,cyp_cystitis,598.2357460728131
23.5,spinal_coord,5.314943252721308,0.995205260869,0.004794739131,0.32926280523448115,32.92628052344811,0.1072819866896415,10.72819866896415,0.24880131521725,24.880131521724998,0.004413988137868867,0.4413988137868867,0.004413988137868867,0.0030897916965082067,scenario,cyp_cystitis,598.3982409175359
23.583333333333,spinal_coord,5.301959774673021,0.995228274435,0.004771725565,0.32909323937708246,32.909323937708244,0.10704822769110997,10.704822769110997,0.24880706860875,24.880706860874998,0.004402807391172688,0.4402807391172688,0.004402807391172688,0.003081965173820881,scenario,cyp_cystitis,598.5607357622583
23.666666666667,spinal_coord,5.289457050769009,0.99525063003,0.00474936997,0.3289298625713589,32.892986257135895,0.10682294008514517,10.682294008514518,0.2488126575075,24.88126575075,0.0043920261005983095,0.43920261005983097,0.0043920261005983095,0.0030744182704188164,scenario,cyp_cystitis,598.7232306069826
23.75,spinal_coord,5.277419781821376,0.995272327654,0.004727672346,0.3287724780878739,32.87724780878739,0.10660586156583193,10.660586156583193,0.2488180819135,24.88180819135,0.004381631523589323,0.43816315235893233,0.004381631523589324,0.003067142066512527,scenario,cyp_cystitis,598.8857254517055
23.833333333333,spinal_coord,5.265833046412166,0.995293367307,0.004706632693,0.3286208935274147,32.86208935274147,0.10639673560088625,10.639673560088625,0.24882334182675,24.882334182675,0.0043716112330398306,0.43716112330398305,0.0043716112330398306,0.0030601278631278814,scenario,cyp_cystitis,599.0482202964276
23.916666666667,spinal_coord,5.254682296163679,0.995313748989,0.004686251011,0.3284749208063986,32.84749208063986,0.10619531141219818,10.619531141219818,0.24882843724725,24.882843724725,0.004361953113352317,0.4361953113352317,0.004361953113352316,0.0030533671793466213,scenario,cyp_cystitis,599.2107151411524
24.0,spinal_coord,5.243953350863091,0.995333472701,0.004666527299,0.32833437613805194,32.833437613805195,0.1060013439504026,10.60013439504026,0.24883336817525,24.883336817525002,0.004352645356370611,0.4352645356370611,0.004352645356370611,0.0030468517494594274,scenario,cyp_cystitis,599.3732099858748
0.0,ganglia,11.656835765612096,0.946112943067,0.053887056933,0.28676037672030874,28.676037672030873,0.21349898045956525,21.349898045956525,0.09461129430670001,9.46112943067,0.02278250491253005,2.278250491253005,0.02278250491253005,0.028478131140662562,scenario,cyp_cystitis,0.001
0.083333333333,ganglia,11.796638323404085,0.946914505073,0.053085494927,0.2594451133710127,25.94451133710127,0.18305962540412524,18.305962540412523,0.0946914505073,9.46914505073,0.009801180126472214,0.9801180126472214,0.009801180126472213,0.012251475158090266,scenario,cyp_cystitis,1383.5940561402501
0.166666666667,ganglia,11.945120209704273,0.948321529785,0.051678470215,0.2396622957084533,23.96622957084533,0.1609223808110592,16.09223808110592,0.0948321529785,9.48321529785,0.006301702180328741,0.6301702180328741,0.006301702180328741,0.007877127725410927,scenario,cyp_cystitis,2767.187112297102
0.25,ganglia,12.10247502746497,0.949899227963,0.050100772037,0.22468724340295032,22.468724340295033,0.14410813400738923,14.410813400738922,0.0949899227963,9.49899227963,0.004677298485059603,0.4677298485059603,0.004677298485059603,0.0058466231063245035,scenario,cyp_cystitis,4150.7801684373535
0.333333333333,ganglia,12.268864414419467,0.951535279841,0.048464720159,0.21298977103363684,21.298977103363683,0.1309291589439298,13.09291589439298,0.0951535279841,9.51535279841,0.0037411285201386963,0.3741128520138696,0.0037411285201386963,0.004676410650173371,scenario,cyp_cystitis,5534.373224577604
0.416666666667,ganglia,12.44441425079423,0.953179099726,0.046820900274,0.20362885002014838,20.36288500201484,0.12034548894172041,12.03454889417204,0.0953179099726,9.53179099726,0.003133486404988987,0.31334864049889866,0.003133486404988987,0.003916858006236233,scenario,cyp_cystitis,6917.966280734457
0.5,ganglia,12.62921088141795,0.954805162535,0.045194837465,0.1959926648918802,19.599266489188018,0.11168016515375576,11.168016515375575,0.09548051625350001,9.548051625350002,0.002708150026781016,0.2708150026781016,0.0027081500267810165,0.0033851875334762705,scenario,cyp_cystitis,8301.5593368747
0.583333333333,ganglia,12.82329739423903,0.956397400116,0.043602599884,0.18966529000308857,18.966529000308856,0.10447283332387619,10.447283332387618,0.09563974001160001,9.563974001160002,0.002394461404577033,0.2394461404577033,0.002394461404577033,0.002993076755721291,scenario,cyp_cystitis,9685.152393014949
0.666666666667,ganglia,13.026669999823143,0.957953272442,0.042046727558,0.18435546785041448,18.43554678504145,0.09840015622912719,9.84001562291272,0.09579532724420001,9.57953272442,0.0021540945371469936,0.21540945371469936,0.002154094537146994,0.0026926181714337426,scenario,cyp_cystitis,11068.745449171802
0.75,ganglia,13.239274558639224,0.959467441193,0.040532558807,0.17985118033658298,17.9851180336583,0.09322715135253666,9.322715135253667,0.0959467441193,9.59467441193,0.001964456451211883,0.19644564512118828,0.001964456451211883,0.0024555705640148537,scenario,cyp_cystitis,12452.338505312055
0.833333333333,ganglia,13.46100330462692,0.960936174309,0.039063825691,0.1759948171999814,17.59948171999814,0.08877911085453485,8.877911085453485,0.0960936174309,9.60936174309,0.0018113618953432963,0.18113618953432964,0.0018113618953432965,0.0022642023691791207,scenario,cyp_cystitis,13835.931561452295
0.916666666667,ganglia,13.69169181457557,0.96235803761,0.03764196239,0.172666883867092,17.266688386709202,0.08492342234010222,8.492342234010222,0.09623580376100001,9.623580376100001,0.0016854520027480937,0.16854520027480938,0.0016854520027480935,0.002106815003435117,scenario,cyp_cystitis,15219.524617609159
1.0,ganglia,13.931116273382507,0.963729046764,0.036270953236,0.16977434082282547,16.977434082282546,0.08155715127380607,8.155715127380606,0.0963729046764,9.63729046764,0.001580299716456212,0.1580299716456212,0.0015802997164562117,0.0019753746455702646,scenario,cyp_cystitis,16603.11767374941
1.083333333333,ganglia,14.178991085056683,0.965048674299,0.034951325701,0.17235781461604247,17.235781461604248,0.08428105242904718,8.428105242904719,0.0965048674299,9.65048674299,0.001643493268718991,0.1643493268718991,0.001643493268718991,0.002054366585898739,scenario,cyp_cystitis,16226.341328047807
1.166666666667,ganglia,14.434966878317999,0.966313027586,0.033686972414,0.1750443334167441,17.50443334167441,0.08712558962016011,8.712558962016011,0.0966313027586,9.66313027586,0.0017104627235965105,0.17104627235965106,0.0017104627235965102,0.002138078404495638,scenario,cyp_cystitis,15849.5649823417
1.25,ganglia,14.698628954013888,0.967520894295,0.032479105705,0.1778357936555519,17.78357936555519,0.09009300469561321,9.009300469561321,0.0967520894295,9.67520894295,0.0017814159951827849,0.1781415995182785,0.0017814159951827849,0.002226769993978481,scenario,cyp_cystitis,15472.788636640105
1.333333333333,ganglia,14.969496219094417,0.968672274425,0.031327725575,0.1807340594782736,18.07340594782736,0.0931853689286373,9.31853689286373,0.09686722744250001,9.686722744250002,0.0018565721743839826,0.18565721743839828,0.0018565721743839824,0.002320715217979978,scenario,cyp_cystitis,15096.012290938499
1.416666666667,ganglia,15.247020648517363,0.969767167976,0.030232832024,0.18374073601658572,18.374073601658573,0.09640446579887302,9.640446579887302,0.0969767167976,9.69767167976,0.0019361627991791573,0.19361627991791572,0.0019361627991791575,0.002420203498973947,scenario,cyp_cystitis,14719.23594523239
1.5,ganglia,15.530587312457335,0.970806394513,0.029193605487,0.18685731715485462,18.685731715485463,0.09975186411506068,9.975186411506067,0.09708063945130001,9.70806394513,0.0020204333855086297,0.20204333855086296,0.0020204333855086297,0.0025255417318857873,scenario,cyp_cystitis,14342.459599530797
1.583333333333,ganglia,15.819515001344072,0.971795953434,0.028204046566,0.1900860448833473,19.00860448833473,0.10322938837771922,10.322938837771922,0.09717959534340001,9.71795953434,0.0021096452689289163,0.21096452689289164,0.0021096452689289163,0.0026370565861611453,scenario,cyp_cystitis,13965.683253829196
1.666666666667,ganglia,16.11305747556327,0.972737049651,0.027262950349,0.19342800872417934,19.342800872417936,0.10683811528786591,10.683811528786592,0.09727370496510002,9.727370496510002,0.0022040778166965047,0.22040778166965047,0.0022040778166965047,0.002755097270870631,scenario,cyp_cystitis,13588.90690812307
1.75,ganglia,16.41040536044475,0.973629683162,0.026370316838,0.19688380040241518,19.68838004024152,0.11057870231801686,11.057870231801687,0.0973629683162,9.73629683162,0.002304031081690478,0.2304031081690478,0.0023040310816904775,0.002880038852113097,scenario,cyp_cystitis,13212.130562421491
1.833333333333,ganglia,16.710688700235174,0.974473853968,0.025526146032,0.200453749385814,20.0453749385814,0.11445151554334888,11.445151554334888,0.09744738539680001,9.74473853968,0.0024098289840841685,0.24098289840841686,0.0024098289840841685,0.0030122862301052104,scenario,cyp_cystitis,12835.354216719878
1.916666666667,ganglia,17.01298017716557,0.975271068494,0.024728931506,0.20413825073710157,20.413825073710157,0.1184568265418906,11.84568265418906,0.09752710684940001,9.75271068494,0.002521823124697871,0.25218231246978706,0.002521823124697871,0.0031522789058723386,scenario,cyp_cystitis,12458.577871013758
2.0,ganglia,17.31629899386088,0.976028131939,0.023971868061,0.20793861935271202,20.793861935271202,0.12259534017645778,12.259534017645777,0.0976028131939,9.76028131939,0.0026403973566413745,0.26403973566413746,0.0026403973566413745,0.0033004966958017183,scenario,cyp_cystitis,12081.80152531217
2.083333333333,ganglia,17.619615409020476,0.976745873231,0.023254126769,0.21077840086887464,21.077840086887463,0.12567090393974958,12.567090393974958,0.09767458732310001,9.76745873231,0.002724561461675151,0.2724561461675151,0.002724561461675151,0.003405701827093939,scenario,cyp_cystitis,11898.670065680153
2.166666666667,ganglia,17.92185590763087,0.97742429237,0.02257570763,0.21364376966996917,21.364376966996918,0.12877926714774354,12.877926714774354,0.097742429237,9.7742429237,0.002810966758094489,0.2810966758094489,0.0028109667580944893,0.0035137084476181118,scenario,cyp_cystitis,11715.538606045957
2.25,ganglia,18.221908978378078,0.978063389356,0.021936610644,0.21652887751347855,21.652887751347855,0.13191393175319838,13.191393175319838,0.0978063389356,9.780633893560001,0.002899534576395613,0.2899534576395613,0.002899534576395613,0.0036244182204945167,scenario,cyp_cystitis,11532.40714641393
2.333333333333,ganglia,18.518631462245693,0.978663529605,0.021336470395,0.21942769779218974,21.942769779218974,0.1350681609240997,13.50681609240997,0.0978663529605,9.786635296050001,0.0029901765824001123,0.29901765824001125,0.002990176582400112,0.0037377207280001397,scenario,cyp_cystitis,11349.275686781926
2.416666666667,ganglia,18.810855427653223,0.979226810599,0.020773189401,0.22233437726793914,22.233437726793916,0.13823521800893238,13.823521800893237,0.0979226810599,9.79226810599,0.003082795183587626,0.3082795183587626,0.0030827951835876266,0.0038534939794845333,scenario,cyp_cystitis,11166.144227147717
2.5,ganglia,19.097395519345884,0.979755406203,0.020244593797,0.22524291884630238,22.524291884630237,0.1414081980288915,14.140819802889151,0.0979755406203,9.79755406203,0.0031772840500962868,0.3177284050096287,0.0031772840500962868,0.003971605062620358,scenario,cyp_cystitis,10983.012767515693
2.583333333333,ganglia,19.377056720433863,0.980251453606,0.019748546394,0.22814719714766232,22.814719714766234,0.14458005754118036,14.458005754118036,0.0980251453606,9.80251453606,0.0032735287523983692,0.3273528752398369,0.0032735287523983692,0.0040919109404979614,scenario,cyp_cystitis,10799.88130788369
2.666666666667,ganglia,19.64864245964744,0.980717089998,0.019282910002,0.2310410087859209,23.10410087859209,0.14774366642902323,14.774366642902322,0.0980717089998,9.807170899980001,0.0033714075166588367,0.33714075166588364,0.0033714075166588367,0.0042142593958235455,scenario,cyp_cystitis,10616.749848249478
2.75,ganglia,19.91096298944101,0.981154452567,0.018845547433,0.2339181154393586,23.39181154393586,0.15089185575850952,15.089185575850953,0.0981154452567,9.81154452567,0.003470792097834958,0.34707920978349577,0.003470792097834958,0.004338490122293697,scenario,cyp_cystitis,10433.61838861746
2.833333333333,ganglia,20.16284395487763,0.981565678501,0.018434321499,0.23677228739021938,23.67722873902194,0.1540174661556882,15.40174661556882,0.0981565678501,9.81565678501,0.003571548769608774,0.35715487696087744,0.003571548769608774,0.0044644359620109675,scenario,cyp_cystitis,10250.48692898544
2.916666666667,ganglia,20.40313506839496,0.981952904659,0.018047095341,0.2395973470168787,23.95973470168787,0.1571133961677541,15.71133961677541,0.0981952904659,9.81952904659,0.0036735394292765045,0.36735394292765045,0.003673539429276505,0.004591924286595632,scenario,cyp_cystitis,10067.355469351229
3.0,ganglia,20.630718801955,0.982315992055,0.017684007945,0.24238665049716182,24.238665049716182,0.16017227921295757,16.017227921295756,0.09823159920550001,9.823159920550001,0.003776622814871765,0.3776622814871765,0.0037766228148717646,0.004720778518589706,scenario,cyp_cystitis,9884.224009719224
3.083333333333,ganglia,20.844519005524162,0.982654041587,0.017345958413,0.24513347750407422,24.513347750407423,0.1631867481615269,16.31867481615269,0.0982654041587,9.82654041587,0.003880655831003293,0.3880655831003293,0.003880655831003293,0.004850819788754116,scenario,cyp_cystitis,9701.09255008721
3.166666666667,ganglia,21.043509359420973,0.982967897108,0.017032102892,0.2478316944904253,24.783169449042532,0.16614989419958365,16.614989419958366,0.09829678971080001,9.829678971080002,0.0039854949791646894,0.39854949791646893,0.00398549497916469,0.004981868723955863,scenario,cyp_cystitis,9517.961090452998
3.25,ganglia,21.2267215680805,0.983258402474,0.016741597526,0.2504753750140968,25.04753750140968,0.16905503862966306,16.905503862966306,0.0983258402474,9.832584024740001,0.004090997887751783,0.40909978877517833,0.004090997887751783,0.0051137473596897295,scenario,cyp_cystitis,9334.82963082098
3.333333333333,ganglia,21.393253203996338,0.983526401539,0.016473598461,0.25305883890617875,25.305883890617874,0.17189577639142084,17.189577639142083,0.0983526401539,9.835264015389999,0.004197024936632527,0.41970249366325274,0.004197024936632527,0.00524628117079066,scenario,cyp_cystitis,9151.698171188973
3.416666666667,ganglia,21.542275113065536,0.983772738158,0.016227261842,0.25557668959776475,25.557668959776475,0.17466601753551636,17.466601753551636,0.09837727381580001,9.83772738158,0.0043034409708820704,0.43034409708820703,0.0043034409708820704,0.005379301213602588,scenario,cyp_cystitis,8968.56671155476
3.5,ganglia,21.673038296443224,0.983998207335,0.016001792665,0.25802383657950606,25.802383657950607,0.1773600176066734,17.73600176066734,0.09839982073350001,9.83998207335,0.004410117098355738,0.4410117098355738,0.004410117098355738,0.005512646372944673,scenario,cyp_cystitis,8785.43525192275
3.583333333333,ganglia,21.784880189061457,0.984203536039,0.015796463961,0.2603955227907661,26.03955227907661,0.179972410207629,17.9972410207629,0.0984203536039,9.84203536039,0.004516932566057522,0.45169325660575216,0.004516932566057522,0.005646165707571902,scenario,cyp_cystitis,8602.303792290732
3.666666666667,ganglia,21.877230261174674,0.984389523265,0.015610476735,0.26268739193376567,26.268739193376568,0.18249826623029516,18.249826623029517,0.0984389523265,9.84389523265,0.004623776710804602,0.46237767108046024,0.004623776710804602,0.005779720888505753,scenario,cyp_cystitis,8419.172332656522
3.75,ganglia,21.94961487670749,0.984556970043,0.015443029957,0.26489549874560847,26.489549874560847,0.18493311304589824,18.493311304589824,0.09845569700430001,9.845569700430001,0.00473055098063336,0.473055098063336,0.00473055098063336,0.0059131887257917,scenario,cyp_cystitis,8236.040873024514
3.833333333333,ganglia,22.001661350531073,0.984706677406,0.015293322594,0.26701633420523885,26.701633420523883,0.18727296273848762,18.72729627384876,0.09847066774060001,9.847066774060002,0.004837171024678672,0.4837171024678672,0.004837171024678673,0.006046463780848341,scenario,cyp_cystitis,8052.909413392496
3.916666666667,ganglia,22.033101156021594,0.984839446385,0.015160553615,0.2690468487144153,26.904684871441532,0.1895143378621281,18.95143378621281,0.0984839446385,9.848394463850001,0.0049435688509355535,0.49435688509355535,0.004943568850935553,0.006179461063669441,scenario,cyp_cystitis,7869.777953758286
4.0,ganglia,22.043772244291013,0.984956634777,0.015043365223,0.27098462590352357,27.098462590352355,0.1916544026953595,19.16544026953595,0.0984956634777,9.84956634777,0.005049695053541751,0.5049695053541751,0.005049695053541751,0.0063121188169271885,scenario,cyp_cystitis,7686.646494126273
4.083333333333,ganglia,22.033620447061974,0.985061452851,0.014938547149,0.271767891300926,27.176789130092597,0.19251305112869554,19.251305112869556,0.0985061452851,9.85061452851,0.005094212657168684,0.5094212657168684,0.005094212657168683,0.006367765821460853,scenario,cyp_cystitis,7606.384528548912
4.166666666667,ganglia,22.00269994618764,0.985155710798,0.014844289202,0.2724237962690125,27.242379626901247,0.1932313613213472,19.323136132134717,0.09851557107980001,9.851557107980002,0.0051347424546126326,0.5134742454612633,0.0051347424546126326,0.006418428068265791,scenario,cyp_cystitis,7526.122562970578
4.25,ganglia,21.95117280413198,0.985241050436,0.014758949564,0.27295222971012145,27.295222971012144,0.19380902740724604,19.380902740724604,0.0985241050436,9.85241050436,0.0051712098327144455,0.5171209832714445,0.0051712098327144455,0.006464012290893057,scenario,cyp_cystitis,7445.860597393212
4.333333333333,ganglia,21.87930756109512,0.985319113582,0.014680886418,0.2733536206734089,27.335362067340892,0.19424634368356544,19.424634368356543,0.0985319113582,9.85319113582,0.005203562393323628,0.5203562393323629,0.005203562393323627,0.006504452991654534,scenario,cyp_cystitis,7365.598631815839
4.416666666667,ganglia,21.787476915782673,0.985391542053,0.014608457947,0.273628936264229,27.362893626422903,0.1945442022876989,19.45442022876989,0.0985391542053,9.85391542053,0.005231770466451883,0.5231770466451884,0.0052317704664518825,0.006539713083064853,scenario,cyp_cystitis,7285.336666237518
4.5,ganglia,21.676154517847422,0.985459702135,0.014540297865,0.2737796004724454,27.37796004724454,0.1947040336210504,19.470403362105042,0.0985459702135,9.854597021350001,0.005255827442582102,0.5255827442582103,0.005255827442582102,0.006569784303227627,scenario,cyp_cystitis,7205.07470066015
4.583333333333,ganglia,21.545910910613188,0.985522838048,0.014477161952,0.2738069740189706,27.38069740189706,0.19472743357130062,19.472743357130064,0.09855228380480001,9.855228380480002,0.005275749921049524,0.5275749921049524,0.005275749921049524,0.006594687401311905,scenario,cyp_cystitis,7124.812735082784
4.666666666667,ganglia,21.39740867272712,0.985581334694,0.014418665306,0.2737132524159028,27.371325241590277,0.19461679882944752,19.46167988294475,0.09855813346940001,9.855813346940002,0.005291577673524793,0.5291577673524793,0.005291577673524792,0.0066144720919059895,scenario,cyp_cystitis,7044.550769504456
4.75,ganglia,21.23139681661444,0.985635967853,0.014364032147,0.2735012474169982,27.350124741699823,0.19437516736855354,19.437516736855354,0.09856359678530001,9.856359678530001,0.005303373423769944,0.5303373423769944,0.005303373423769944,0.0066292167797124294,scenario,cyp_cystitis,6964.288803927079
4.833333333333,ganglia,21.048704509959766,0.985687513304,0.014312486696,0.27317426495040364,27.317426495040365,0.1940061262444485,19.40061262444485,0.0985687513304,9.856875133039999,0.005311222446946876,0.5311222446946876,0.005311222446946877,0.006639028058683596,scenario,cyp_cystitis,6884.026838349717
4.916666666667,ganglia,20.850234193852625,0.985736746826,0.014263253174,0.27273608911375585,27.273608911375586,0.1935137938123954,19.35137938123954,0.0985736746826,9.85736746826,0.005315231993816238,0.5315231993816237,0.005315231993816238,0.006644039992270297,scenario,cyp_cystitis,6803.76487277139
5.0,ganglia,20.6369541774427,0.985784407376,0.014215592624,0.27219095353076395,27.219095353076394,0.19290279199240437,19.290279199240437,0.09857844073760001,9.85784407376,0.005315530547154257,0.5315530547154257,0.0053155305471542565,0.006644413183942821,scenario,cyp_cystitis,6723.502907194026
5.083333333333,ganglia,20.40989079399801,0.985830383475,0.014169616525,0.2715432964339136,27.15432964339136,0.19217806454045958,19.217806454045956,0.0985830383475,9.85830383475,0.005312266919589367,0.5312266919589367,0.005312266919589367,0.006640333649486708,scenario,cyp_cystitis,6643.240941616657
5.166666666667,ganglia,20.17012020714065,0.985874801802,0.014125198198,0.2707980396127879,27.07980396127879,0.1913450660362088,19.134506603620878,0.09858748018020001,9.858748018020002,0.005305609203805384,0.5305609203805384,0.005305609203805385,0.006632011504756731,scenario,cyp_cystitis,6562.978976038325
5.25,ganglia,19.918759958499223,0.985918076319,0.014081923681,0.26996057589857936,26.996057589857937,0.19040974251853257,19.040974251853257,0.09859180763190001,9.85918076319,0.005295743587650256,0.5295743587650256,0.005295743587650256,0.00661967948456282,scenario,cyp_cystitis,6482.717010460959
5.333333333333,ganglia,19.656960349228978,0.985960620989,0.014039379011,0.26903666181711106,26.903666181711106,0.18937844413134564,18.937844413134563,0.0985960620989,9.85960620989,0.005282873048099671,0.5282873048099671,0.0052828730480996705,0.006603591310124588,scenario,cyp_cystitis,6402.455044883586
5.416666666667,ganglia,19.385895747862204,0.986002849774,0.013997150226,0.26803238741051316,26.803238741051317,0.188257891592348,18.825789159234798,0.0986002849774,9.86002849774,0.005267215939247576,0.5267215939247576,0.005267215939247577,0.006584019924059471,scenario,cyp_cystitis,6322.193079305258
5.5,ganglia,19.10675591554243,0.986045175549,0.013954824451,0.266954143547696,26.695414354769596,0.18705513999199552,18.705513999199553,0.0986045175549,9.86045175549,0.005249004490504988,0.5249004490504988,0.005249004490504989,0.006561255613131236,scenario,cyp_cystitis,6241.931113727898
5.583333333333,ganglia,18.820737437140103,0.986087673403,0.013912326597,0.26580849668611983,26.580849668611982,0.18577747705091094,18.577747705091095,0.0986087673403,9.86087673403,0.005228483231977156,0.5228483231977156,0.005228483231977156,0.006535604039971445,scenario,cyp_cystitis,6161.669148150526
5.666666666667,ganglia,18.529035343148685,0.98613036736,0.01386963264,0.2646022314806708,26.46022314806708,0.18443243860518976,18.443243860518976,0.09861303673600001,9.861303673600002,0.005205907364559227,0.5205907364559227,0.005205907364559227,0.006507384205699033,scenario,cyp_cystitis,6081.4071825722
5.75,ganglia,18.232835002429688,0.986173495843,0.013826504157,0.26334238404283,26.334238404283,0.18302781606503332,18.30278160650333,0.0986173495843,9.86173495843,0.005181541092620086,0.5181541092620086,0.005181541092620086,0.006476926365775107,scenario,cyp_cystitis,6001.14521699483
5.833333333333,ganglia,17.933304360173597,0.986217297275,0.013782702725,0.26203614406132925,26.203614406132925,0.1815715714820325,18.15715714820325,0.0986217297275,9.862172972749999,0.005155655937244906,0.5155655937244906,0.005155655937244907,0.006444569921556134,scenario,cyp_cystitis,5920.883251417467
5.916666666667,ganglia,17.631586589010247,0.986262010079,0.013737989921,0.2606908139481029,26.06908139481029,0.180071792155781,18.007179215578102,0.09862620100790001,9.862620100790002,0.005128529047892266,0.5128529047892266,0.005128529047892266,0.006410661309865333,scenario,cyp_cystitis,5840.621285839138
6.0,ganglia,17.328793213870586,0.986307872678,0.013692127322,0.2593137670312344,25.931376703123437,0.17853664418159373,17.853664418159372,0.0986307872678,9.86307872678,0.005100441529972018,0.5100441529972018,0.005100441529972018,0.006375551912465023,scenario,cyp_cystitis,5760.3593202617685
6.083333333333,ganglia,17.025997763388855,0.986354856465,0.013645143535,0.2579123353081905,25.791233530819053,0.17697427740187838,17.697427740187837,0.0986354856465,9.86354856465,0.00507167680529875,0.507167680529875,0.00507167680529875,0.006339596006623437,scenario,cyp_cystitis,5680.0973546844
6.166666666667,ganglia,16.724229992490326,0.986402650966,0.013597349034,0.25649376485079567,25.649376485079568,0.17539277750466187,17.539277750466187,0.09864026509660001,9.86402650966,0.005042519021640246,0.5042519021640246,0.005042519021640246,0.0063031487770503075,scenario,cyp_cystitis,5599.8353891060715
6.25,ganglia,16.424470712178756,0.986451282616,0.013548717384,0.2550653353533641,25.506533535336413,0.1738002301019601,17.380023010196012,0.0986451282616,9.86451282616,0.005013251526650148,0.5013251526650148,0.005013251526650148,0.0062665644083126845,scenario,cyp_cystitis,5519.573423528704
6.333333333333,ganglia,16.127647253856058,0.986500782934,0.013499217066,0.2536342303652765,25.36342303652765,0.1722046134131961,17.22046134131961,0.0986500782934,9.86500782934,0.004984155420394269,0.49841554203942695,0.004984155420394269,0.0062301942754928365,scenario,cyp_cystitis,5439.311457951338
6.416666666667,ganglia,15.834629586912904,0.98655118344,0.01344881656,0.25220749487499927,25.220749487499926,0.17061375170111032,17.06137517011103,0.09865511834400001,9.865511834400001,0.004955508199474501,0.4955508199474501,0.0049555081994745,0.006194385249343125,scenario,cyp_cystitis,5359.049492373013
6.5,ganglia,15.54622709966135,0.986602515651,0.013397484349,0.2507919956003245,25.07919956003245,0.16903527115024944,16.903527115024943,0.0986602515651,9.86602515651,0.0049275825044171285,0.49275825044171284,0.004927582504417129,0.006159478130521412,scenario,cyp_cystitis,5278.787526795647
6.583333333333,ganglia,15.263186045362307,0.986654538194,0.013345461806,0.24939431409727447,24.939431409727447,0.1674765114198605,16.74765114198605,0.0986654538194,9.86654538194,0.0049006449805770675,0.49006449805770674,0.0049006449805770675,0.006125806225721334,scenario,cyp_cystitis,5198.525561218272
6.666666666667,ganglia,14.986187647237514,0.986706429815,0.013293570185,0.24802063580415962,24.80206358041596,0.16594443646962176,16.594443646962176,0.09867064298150001,9.867064298150002,0.004874955261341368,0.4874955261341368,0.004874955261341367,0.006093694076676709,scenario,cyp_cystitis,5118.26359563995
6.75,ganglia,14.71584684876888,0.986758132338,0.013241867662,0.24667705655526556,24.667705655526557,0.16444582591273949,16.44458259127395,0.09867581323380001,9.867581323380001,0.004850765080892278,0.4850765080892278,0.004850765080892278,0.006063456351115348,scenario,cyp_cystitis,5038.001630062582
6.833333333333,ganglia,14.452711688660354,0.986809645762,0.013190354238,0.24536937171876422,24.53693717187642,0.16298711904729354,16.298711904729355,0.09868096457620001,9.868096457620002,0.0048283175222670624,0.48283175222670627,0.004828317522267063,0.006035396902833829,scenario,cyp_cystitis,4957.739664485212
6.916666666667,ganglia,14.197263273628955,0.986860970087,0.013139029913,0.24410303445471035,24.410303445471033,0.16157437494001148,16.157437494001147,0.09868609700870001,9.868609700870001,0.004807846404952398,0.48078464049523983,0.004807846404952398,0.006009808006190498,scenario,cyp_cystitis,4877.477698906883
7.0,ganglia,13.949916316499849,0.986912105313,0.013087894687,0.24288313231919162,24.28831323191916,0.16021324643099066,16.021324643099067,0.0986912105313,9.86912105313,0.004789575814774351,0.4789575814774351,0.004789575814774351,0.0059869697684679386,scenario,cyp_cystitis,4797.215733329521
7.083333333333,ganglia,13.711020202231445,0.98696305144,0.01303694856,0.2417143676530824,24.17143676530824,0.15890895834342492,15.890895834342492,0.098696305144,9.8696305144,0.0047737197774430995,0.47737197774430995,0.004773719777443099,0.005967149721803873,scenario,cyp_cystitis,4716.953767752147
7.166666666667,ganglia,13.480860540498945,0.987013808468,0.012986191532,0.24060104192424114,24.060104192424113,0.15766629008604569,15.766629008604568,0.09870138084680001,9.87013808468,0.004760482075800318,0.4760482075800318,0.004760482075800318,0.0059506025947503975,scenario,cyp_cystitis,4636.691802173821
7.25,ganglia,13.259661160095153,0.987064376397,0.012935623603,0.23954704413121633,23.954704413121632,0.15648956276835146,15.648956276835147,0.0987064376397,9.87064376397,0.0047500562095994965,0.47500562095994964,0.0047500562095994965,0.005937570261999371,scenario,cyp_cystitis,4556.429836596457
7.333333333333,ganglia,13.047586497927075,0.987112967247,0.012887032753,0.23855541121309115,23.855541121309116,0.15538234943154572,15.538234943154572,0.09871129672470001,9.871129672470001,0.004742625495565691,0.4742625495565691,0.004742625495565692,0.005928281869457115,scenario,cyp_cystitis,4476.167871019086
7.416666666667,ganglia,12.844744333757726,0.987159201044,0.012840798956,0.2376291024779349,23.76291024779349,0.15434798041503878,15.434798041503878,0.0987159201044,9.87159201044,0.004738363304541796,0.4738363304541796,0.004738363304541797,0.005922954130677246,scenario,cyp_cystitis,4395.905905440756
7.5,ganglia,12.65118882082732,0.98720479891,0.01279520109,0.23677115900454754,23.677115900454755,0.15338964345949724,15.338964345949723,0.09872047989100001,9.8720479891,0.004737433431735803,0.47374334317358024,0.004737433431735803,0.005921791789669753,scenario,cyp_cystitis,4315.643939863394
7.583333333333,ganglia,12.466923762286005,0.987245962348,0.012754037652,0.23598287772714313,23.598287772714315,0.152509201658159,15.2509201658159,0.09872459623480001,9.872459623480001,0.004739990595467665,0.4739990595467665,0.004739990595467665,0.005924988244334581,scenario,cyp_cystitis,4235.381974286029
7.666666666667,ganglia,12.291906083908007,0.987287125787,0.012712874213,0.2352671182908389,23.52671182908389,0.15170933968015435,15.170933968015435,0.0987287125787,9.87287125787,0.004746181059375839,0.47461810593758386,0.004746181059375839,0.005932726324219799,scenario,cyp_cystitis,4155.120008707695
7.75,ganglia,12.126049454594236,0.987327465889,0.012672534111,0.23462507874855398,23.462507874855397,0.1509914801773933,15.099148017739331,0.09873274658890001,9.87327465889,0.004756143372790189,0.4756143372790189,0.00475614337279019,0.005945179215987738,scenario,cyp_cystitis,4074.858043130325
7.833333333333,ganglia,11.969228007854973,0.987365363108,0.012634636892,0.23405738661123385,23.405738661123383,0.15035650033381537,15.035650033381536,0.09873653631080001,9.873653631080002,0.004770009223925246,0.4770009223925246,0.004770009223925246,0.005962511529906557,scenario,cyp_cystitis,3994.596077552962
7.916666666667,ganglia,11.821280119700983,0.987400774385,0.012599225615,0.23356467906747275,23.356467906747273,0.14980511292108084,14.980511292108083,0.0987400774385,9.87400774385,0.004787904400690779,0.4787904400690779,0.004787904400690779,0.005984880500863474,scenario,cyp_cystitis,3914.334111974629
8.0,ganglia,11.682012200931444,0.987433699719,0.012566300281,0.23314725632986086,23.314725632986086,0.1493376515088454,14.93376515088454,0.0987433699719,9.87433699719,0.00480994985427037,0.48099498542703695,0.00480994985427037,0.006012437317837962,scenario,cyp_cystitis,3834.072146397265
8.083333333333,ganglia,11.55120246479946,0.987464186794,0.012535813206,0.23224612166626332,23.224612166626333,0.148333003318737,14.8333003318737,0.09874641867940001,9.874641867940001,0.0047880550312138,0.47880550312138,0.0047880550312138,0.0059850687890172505,scenario,cyp_cystitis,3801.905824715231
8.166666666667,ganglia,11.428604634359198,0.987493950119,0.012506049881,0.2314176739083927,23.14176739083927,0.14740919877388078,14.740919877388079,0.0987493950119,9.87493950119,0.004769274495817485,0.4769274495817485,0.004769274495817484,0.005961593119771855,scenario,cyp_cystitis,3769.7395030328084
8.25,ganglia,11.313951557247922,0.987523847526,0.012476152474,0.23066070656215565,23.066070656215565,0.14656480201061736,14.656480201061736,0.09875238475260001,9.875238475260002,0.004753560346083095,0.4753560346083095,0.004753560346083095,0.005941950432603869,scenario,cyp_cystitis,3737.573181350772
8.333333333333,ganglia,11.206958699314848,0.987553879016,0.012446120984,0.2299735559949686,22.99735559949686,0.1457979645481873,14.57979645481873,0.0987553879016,9.87553879016,0.004740855979006226,0.47408559790062266,0.004740855979006226,0.005926069973757783,scenario,cyp_cystitis,3705.4068596687384
8.416666666667,ganglia,11.107327492282728,0.98758404459,0.01241595541,0.22935433547744732,22.935433547744733,0.145106590020497,14.5106590020497,0.09875840445900001,9.875840445900002,0.004731097214562051,0.4731097214562051,0.004731097214562051,0.005913871518202564,scenario,cyp_cystitis,3673.2405379863158
8.5,ganglia,11.014748514345273,0.98761415292,0.01238584708,0.22880092208569827,22.880092208569828,0.14448834088188697,14.448834088188697,0.098761415292,9.8761415292,0.004724213395833929,0.4724213395833929,0.004724213395833929,0.005905266744792411,scenario,cyp_cystitis,3641.0742163042783
8.583333333333,ganglia,10.928904486333725,0.987643318943,0.012356681057,0.22831087164078476,22.831087164078475,0.14394059971831638,14.394059971831638,0.0987643318943,9.876433189430001,0.0047201284564449015,0.47201284564449014,0.0047201284564449015,0.005900160570556126,scenario,cyp_cystitis,3608.907894622247
8.666666666667,ganglia,10.84947306975132,0.987671431709,0.012328568291,0.2278817884377221,22.78817884377221,0.14346071696313567,14.346071696313567,0.0987671431709,9.87671431709,0.004718761947549789,0.4718761947549789,0.0047187619475497905,0.005898452434437238,scenario,cyp_cystitis,3576.741572939827
8.75,ganglia,10.776129456441343,0.987698491218,0.012301508782,0.22751119890605034,22.751119890605036,0.14304594420472258,14.304594420472258,0.09876984912180001,9.876984912180001,0.004720030017750667,0.4720030017750667,0.004720030017750668,0.0059000375221883354,scenario,cyp_cystitis,3544.5752512577888
8.833333333333,ganglia,10.708548742985961,0.98772449747,0.01227550253,0.22719655282078757,22.719655282078758,0.14269344785976396,14.269344785976395,0.098772449747,9.8772449747,0.004723846340405764,0.4723846340405764,0.004723846340405765,0.005904807925507205,scenario,cyp_cystitis,3512.40892957575
8.916666666667,ganglia,10.646408086074203,0.987748985319,0.012251014681,0.22693514175282792,22.693514175282793,0.14240027024547547,14.240027024547548,0.09877489853190001,9.877489853190001,0.004730122983885836,0.4730122983885836,0.004730122983885836,0.005912653729857296,scenario,cyp_cystitis,3480.2426078933327
9.0,ganglia,10.589388637931073,0.987771378906,0.012228621094,0.22672420443794195,22.672420443794195,0.14216340727482438,14.216340727482438,0.0987771378906,9.87771378906,0.004738771221380526,0.4738771221380526,0.004738771221380526,0.005923464026725658,scenario,cyp_cystitis,3448.0762862112965
9.083333333333,ganglia,10.53717726352886,0.987791676632,0.012208323368,0.22656110533639284,22.656110533639286,0.14197993074799206,14.197993074799205,0.0987791676632,9.87791676632,0.004749702277861538,0.47497022778615383,0.004749702277861537,0.005937127847326922,scenario,cyp_cystitis,3415.9099645292604
9.166666666667,ganglia,10.489468043672368,0.987809878497,0.012190121503,0.22644322234561326,22.644322234561326,0.1418469272176814,14.18469272176814,0.0987809878497,9.87809878497,0.004762828012751042,0.4762828012751042,0.004762828012751041,0.005953535015938801,scenario,cyp_cystitis,3383.743642846838
9.25,ganglia,10.445963570099945,0.987825984501,0.012174015499,0.22636796403279885,22.636796403279885,0.14176151731410983,14.176151731410982,0.09878259845010001,9.878259845010001,0.004778061537722349,0.47780615377223495,0.004778061537722349,0.005972576922152937,scenario,cyp_cystitis,3351.577321164804
9.333333333333,ganglia,10.406376040533988,0.987839994643,0.012160005357,0.22633278520921626,22.633278520921625,0.14172087304990696,14.172087304990697,0.0987839994643,9.87839994643,0.004795317769865867,0.47953177698658667,0.004795317769865866,0.005994147212332332,scenario,cyp_cystitis,3319.4109994827713
9.416666666667,ganglia,10.370428163133576,0.987851908923,0.012148091077,0.2263352005070557,22.63352005070557,0.1417222329052841,14.172223290528411,0.0987851908923,9.87851908923,0.004814513921173615,0.4814513921173615,0.004814513921173615,0.006018142401467019,scenario,cyp_cystitis,3287.24467780035
9.5,ganglia,10.337853881014372,0.987861507056,0.012138492944,0.22637274553124165,22.637274553124165,0.14176288313960184,14.176288313960184,0.0987861507056,9.87861507056,0.004835569925943095,0.4835569925943095,0.004835569925943095,0.006044462407428869,scenario,cyp_cystitis,3255.0783561183107
9.583333333333,ganglia,10.308398928466579,0.987868357435,0.012131642565,0.22644298859822148,22.644298859822147,0.14184016983857942,14.184016983857942,0.0987868357435,9.87868357435,0.004858408808263429,0.4858408808263429,0.004858408808263429,0.006073011010329287,scenario,cyp_cystitis,3222.9120344362764
9.666666666667,ganglia,10.281821231221809,0.987872448716,0.012127551284,0.22654368338074135,22.654368338074136,0.14195159834349036,14.195159834349036,0.09878724487160001,9.878724487160001,0.004882956992217313,0.48829569922173127,0.004882956992217313,0.006103696240271641,scenario,cyp_cystitis,3190.745712753857
9.75,ganglia,10.257891163579803,0.987873780898,0.012126219102,0.22667268154203618,22.66726815420362,0.14209478161359573,14.209478161359574,0.09878737808980001,9.87873780898,0.004909144557833442,0.49091445578334414,0.0049091445578334425,0.006136430697291803,scenario,cyp_cystitis,3158.5793910718203
9.833333333333,ganglia,10.236391675462642,0.987872353982,0.012127646018,0.22682793490705364,22.682793490705365,0.14226744389872625,14.226744389872625,0.0987872353982,9.878723539820001,0.004936905446142108,0.4936905446142108,0.004936905446142109,0.0061711318076776355,scenario,cyp_cystitis,3126.4130693897873
9.916666666667,ganglia,10.217118302527085,0.987868167967,0.012131832033,0.2270074987995806,22.70074987995806,0.1424674244476451,14.246742444764509,0.09878681679670001,9.87868167967,0.004966177616918902,0.4966177616918902,0.004966177616918902,0.006207722021148627,scenario,cyp_cystitis,3094.2467477073656
10.0,ganglia,10.199879072334076,0.987861222854,0.012138777146,0.22720953407829964,22.720953407829963,0.14269267976988848,14.269267976988848,0.09878612228540001,9.878612228540002,0.004996903162878575,0.4996903162878575,0.004996903162878575,0.006246128953598219,scenario,cyp_cystitis,3062.0804260253262
10.083333333333,ganglia,10.184494319297936,0.987851477706,0.012148522294,0.22743229857400554,22.743229857400554,0.1429412786704506,14.29412786704506,0.0987851477706,9.878514777060001,0.00502902838418632,0.502902838418632,0.005029028384186321,0.006286285480232901,scenario,cyp_cystitis,3029.9141043432905
10.166666666667,ganglia,10.170796420730332,0.987838807831,0.012161192169,0.2276741369910517,22.76741369910517,0.14321139578661302,14.321139578661302,0.0987838807831,9.878388078310001,0.005062503827187168,0.5062503827187168,0.005062503827187168,0.00632812978398396,scenario,cyp_cystitis,2997.7477826608733
10.25,ganglia,10.158629465761353,0.987823204608,0.012176795392,0.22793352580265314,22.793352580265314,0.1435013392687257,14.35013392687257,0.0987823204608,9.87823204608,0.005097284291252546,0.5097284291252546,0.005097284291252546,0.006371605364065683,scenario,cyp_cystitis,2965.581460978836
10.333333333333,ganglia,10.14784886830337,0.987804668039,0.012195331961,0.22820904668608114,22.820904668608115,0.14380953320242346,14.380953320242346,0.09878046680390001,9.878046680390002,0.005133328807585544,0.5133328807585544,0.005133328807585544,0.00641666100948193,scenario,cyp_cystitis,2933.4151392968
10.416666666667,ganglia,10.138320934536658,0.987783198121,0.012216801879,0.22849938198229094,22.849938198229093,0.14413451352243437,14.413451352243436,0.0987783198121,9.87783198121,0.005170600593714918,0.5170600593714918,0.005170600593714918,0.006463250742143648,scenario,cyp_cystitis,2901.2488176143806
10.5,ganglia,10.129922394646735,0.987758794857,0.012241205143,0.22880331158091977,22.880331158091977,0.1444749245502442,14.447492455024419,0.0987758794857,9.877587948570001,0.005209066987282587,0.5209066987282587,0.005209066987282587,0.006511333734103234,scenario,cyp_cystitis,2869.0824959323445
10.583333333333,ganglia,10.122539907764093,0.987731458246,0.012268541754,0.2291197093431647,22.911970934316468,0.14482951502062744,14.482951502062743,0.0987731458246,9.87731458246,0.005248699362565626,0.5248699362565625,0.005248699362565626,0.006560874203207032,scenario,cyp_cystitis,2836.9161742503084
10.666666666667,ganglia,10.116069548258643,0.987701198947,0.012298801053,0.22944754164338904,22.944754164338903,0.1451971352763211,14.519713527632112,0.09877011989470001,9.87701198947,0.00528947303297328,0.528947303297328,0.00528947303297328,0.0066118412912166,scenario,cyp_cystitis,2804.7498525678857
10.75,ganglia,10.110416280730691,0.987668068491,0.012331931509,0.22978587020849428,22.978587020849428,0.14557673706599364,14.557673706599363,0.0987668068491,9.87668068491,0.005331367142565321,0.5331367142565321,0.005331367142565321,0.006664208928206651,scenario,cyp_cystitis,2772.5835308858514
10.833333333333,ganglia,10.10549343024018,0.987632073683,0.012367926317,0.23013382784615283,23.01338278461528,0.14596735608650313,14.596735608650313,0.09876320736830001,9.876320736830001,0.005374364549420831,0.5374364549420831,0.005374364549420832,0.00671795568677604,scenario,cyp_cystitis,2740.417209203815
10.916666666667,ganglia,10.101222153534076,0.987593214522,0.012406785478,0.23049062269472442,23.049062269472444,0.1463681124916938,14.63681124916938,0.09875932145220001,9.875932145220002,0.005418451703446884,0.5418451703446885,0.005418451703446884,0.006773064629308606,scenario,cyp_cystitis,2708.2508875213957
11.0,ganglia,10.097530916272119,0.987551491008,0.012448508992,0.23085553522175656,23.085553522175655,0.14677820680106285,14.677820680106285,0.09875514910080001,9.875514910080001,0.005463618521000282,0.5463618521000282,0.005463618521000283,0.006829523151250353,scenario,cyp_cystitis,2676.0845658393587
11.083333333333,ganglia,10.094354980528523,0.987506903141,0.012493096859,0.23122791364085876,23.122791364085877,0.14719691480750974,14.719691480750974,0.0987506903141,9.87506903141,0.005509858258467414,0.5509858258467415,0.0055098582584674136,0.006887322823084267,scenario,cyp_cystitis,2643.9182441573244
11.166666666667,ganglia,10.091635906165099,0.987459450922,0.012540549078,0.2316071693742796,23.16071693742796,0.14762358253564398,14.762358253564397,0.09874594509220001,9.874594509220001,0.005557167386708056,0.5557167386708056,0.005557167386708057,0.006946459233385071,scenario,cyp_cystitis,2611.751922474902
11.25,ganglia,10.089321069031179,0.987409134349,0.012590865651,0.23199277260009793,23.199277260009794,0.14805762129466438,14.805762129466437,0.0987409134349,9.87409134349,0.00560554546806457,0.560554546806457,0.00560554546806457,0.007006931835080712,scenario,cyp_cystitis,2579.5856007928674
11.333333333333,ganglia,10.087363198355543,0.987355953424,0.012644046576,0.23238424792160545,23.238424792160544,0.1484985028657838,14.84985028657838,0.0987355953424,9.87355953424,0.005654995037430256,0.5654995037430256,0.005654995037430256,0.00706874379678782,scenario,cyp_cystitis,2547.419279110832
11.416666666667,ganglia,10.085719935155696,0.987299908146,0.012700091854,0.23278117018048283,23.278117018048285,0.1489457548509809,14.894575485098091,0.0987299908146,9.87299908146,0.005705521488657369,0.5705521488657369,0.005705521488657369,0.007131901860821711,scenario,cyp_cystitis,2515.2529574284113
11.5,ganglia,10.084353412999194,0.987240998515,0.012759001485,0.23318316044152532,23.31831604415253,0.14939895621113922,14.939895621113921,0.0987240998515,9.87240998515,0.00575713296741564,0.575713296741564,0.00575713296741564,0.007196416209269549,scenario,cyp_cystitis,2483.086635746376
11.583333333333,ganglia,10.083229862013553,0.987179224531,0.012820775469,0.23358988216189244,23.358988216189243,0.14985773300976934,14.985773300976934,0.09871792245310002,9.87179224531,0.005809840271442507,0.5809840271442507,0.0058098402714425075,0.007262300339303134,scenario,cyp_cystitis,2450.920314064341
11.666666666667,ganglia,10.082319236653213,0.987114586195,0.012885413805,0.23400103755849172,23.400103755849173,0.15032175437665746,15.032175437665746,0.09871145861950001,9.871145861950001,0.005863656758953811,0.5863656758953811,0.005863656758953811,0.007329570948692264,scenario,cyp_cystitis,2418.753992381918
11.75,ganglia,10.08159486739188,0.987047083505,0.012952916495,0.23441636417982892,23.44163641798289,0.15079072869925433,15.079072869925433,0.0987047083505,9.87047083505,0.005918598265859436,0.5918598265859436,0.005918598265859435,0.007398247832324294,scenario,cyp_cystitis,2386.5876706998833
11.833333333333,ganglia,10.081033136215778,0.986976997398,0.013023002602,0.23483569853459024,23.483569853459024,0.15126444310532247,15.126444310532246,0.09869769973980001,9.86976997398,0.005974683032304665,0.5974683032304665,0.005974683032304664,0.00746835379038083,scenario,cyp_cystitis,2354.4213490178477
11.916666666667,ganglia,10.08061317554471,0.986904687981,0.013095312019,0.23525892561474274,23.525892561474272,0.1517427297962697,15.174272979626972,0.0986904687981,9.86904687981,0.006031931638931148,0.6031931638931148,0.006031931638931149,0.007539914548663936,scenario,cyp_cystitis,2322.2550273354273
12.0,ganglia,10.08031659000002,0.986830156601,0.013169843399,0.2356858716986794,23.568587169867943,0.15222539559842155,15.222539559842154,0.09868301566010002,9.868301566010002,0.006090366953174929,0.6090366953174928,0.006090366953174928,0.00761295869146866,scenario,cyp_cystitis,2290.088705653391
12.083333333333,ganglia,10.080127200269255,0.98675389061,0.01324610939,0.23580381144969947,23.580381144969948,0.15236491376522163,15.236491376522162,0.098675389061,9.8675389061,0.006108500002939273,0.6108500002939273,0.006108500002939273,0.0076356250036740915,scenario,cyp_cystitis,2280.200618291259
12.166666666667,ganglia,10.080030808183084,0.986678488682,0.013321511318,0.2359232833642727,23.592328336427272,0.15250603832896967,15.250603832896967,0.09866784886820001,9.866784886820001,0.006126798217994323,0.6126798217994324,0.006126798217994322,0.007658497772492903,scenario,cyp_cystitis,2270.31253092901
12.25,ganglia,10.08001498201706,0.986604333873,0.013395666127,0.23604423942468578,23.60442394246858,0.15264867337487306,15.264867337487306,0.0986604333873,9.86604333873,0.006145255556347786,0.6145255556347786,0.006145255556347786,0.007681569445434733,scenario,cyp_cystitis,2260.4244435668793
12.333333333333,ganglia,10.080068860956382,0.986531424764,0.013468575236,0.23616655748068574,23.616655748068574,0.15279268333809526,15.279268333809526,0.0986531424764,9.86531424764,0.006163866858128849,0.6163866858128849,0.006163866858128848,0.00770483357266106,scenario,cyp_cystitis,2250.536356204748
12.416666666667,ganglia,10.080182977612399,0.986459650419,0.013540349581,0.2362901048612016,23.629010486120162,0.15293793313255732,15.293793313255733,0.0986459650419,9.86459650419,0.0061826277507006835,0.6182627750700683,0.0061826277507006835,0.007728284688375855,scenario,cyp_cystitis,2240.6482688424962
12.5,ganglia,10.08034909745189,0.986388941123,0.013611058877,0.2364147726300139,23.64147726300139,0.15308430946412654,15.308430946412654,0.09863889411230001,9.863889411230002,0.006201534562390706,0.6201534562390706,0.006201534562390706,0.007751918202988382,scenario,cyp_cystitis,2230.760181480365
12.583333333333,ganglia,10.080560073991519,0.986319296875,0.013680703125,0.23654048082738244,23.654048082738242,0.15323172348875824,15.323172348875824,0.09863192968750001,9.86319296875,0.006220584244320247,0.6220584244320246,0.006220584244320247,0.007775730305400308,scenario,cyp_cystitis,2220.8720941182346
12.666666666667,ganglia,10.080809718616942,0.986250646194,0.013749353806,0.23666714317941684,23.666714317941683,0.1533800872889076,15.33800872889076,0.09862506461940002,9.86250646194,0.006239774299800698,0.6239774299800698,0.006239774299800698,0.007799717874750873,scenario,cyp_cystitis,2210.984006755986
12.75,ganglia,10.081092683906714,0.986182795419,0.013817204581,0.23679465356295504,23.679465356295502,0.15352930446783894,15.352930446783894,0.0986182795419,9.86182795419,0.006259102720769151,0.6259102720769151,0.006259102720769152,0.00782387840096144,scenario,cyp_cystitis,2201.0959193938534
12.833333333333,ganglia,10.081404359372652,0.98611573371,0.01388426629,0.2369229580232678,23.69229580232678,0.15367931628029752,15.367931628029751,0.09861157337100002,9.861157337100002,0.0062785679307429424,0.6278567930742942,0.0062785679307429424,0.007848209913428678,scenario,cyp_cystitis,2191.207832031723
12.916666666667,ganglia,10.081740778568332,0.986049461067,0.013950538933,0.23705201251693525,23.705201251693524,0.15383007378915026,15.383007378915025,0.09860494610670001,9.86049461067,0.006298168733778473,0.6298168733778473,0.006298168733778473,0.00787271091722309,scenario,cyp_cystitis,2181.3197446694726
13.0,ganglia,10.08209853656441,0.98598397749,0.01401602251,0.2371817793825712,23.71817793825712,0.15398153514841245,15.398153514841246,0.098598397749,9.859839774900001,0.0063179042689422696,0.6317904268942269,0.0063179042689422696,0.007897380336177836,scenario,cyp_cystitis,2171.4316573073406
13.083333333333,ganglia,10.082474716841213,0.985919282979,0.014080717021,0.23731222651628447,23.731222651628446,0.15413366468709386,15.413366468709386,0.0985919282979,9.85919282979,0.006337773969822624,0.6337773969822624,0.006337773969822624,0.00792221746227828,scenario,cyp_cystitis,2161.54356994521
13.166666666667,ganglia,10.082866826704093,0.985855377535,0.014144622465,0.23744332664261075,23.744332664261076,0.15428643209901197,15.428643209901196,0.0985855377535,9.85855377535,0.006357777528626449,0.6357777528626449,0.006357777528626449,0.007947221910783061,scenario,cyp_cystitis,2151.655482582959
13.25,ganglia,10.08327274038431,0.985792143439,0.014207856561,0.23757502830057536,23.757502830057536,0.15443979328519486,15.443979328519486,0.0985792143439,9.85792143439,0.0063779148644370134,0.6377914864437013,0.006377914864437014,0.007972393580546269,scenario,cyp_cystitis,2141.767395220829
13.333333333333,ganglia,10.083690649046268,0.985729414897,0.014270585103,0.23770727198465674,23.770727198465675,0.15459370054995195,15.459370054995194,0.0985729414897,9.85729414897,0.006398186095234381,0.6398186095234382,0.006398186095234381,0.007997732619042977,scenario,cyp_cystitis,2131.879307858697
13.416666666667,ganglia,10.08411901697967,0.98566719074,0.01433280926,0.23784004093603045,23.784004093603045,0.15474813540225604,15.474813540225604,0.098566719074,9.856671907399999,0.006418591513300238,0.6418591513300238,0.006418591513300237,0.008023239391625296,scenario,cyp_cystitis,2121.9912204964476
13.5,ganglia,10.084556543312322,0.985605470968,0.014394529032,0.2379733213650443,23.79733213650443,0.1549030825202714,15.490308252027141,0.09856054709680001,9.85605470968,0.006439131563662293,0.6439131563662293,0.006439131563662293,0.008048914454577866,scenario,cyp_cystitis,2112.1031331343156
13.583333333333,ganglia,10.085002128634754,0.98554425558,0.01445574442,0.2381071017904413,23.810710179044133,0.155058529147157,15.505852914715701,0.09855442555800001,9.855442555800002,0.006459806825259824,0.6459806825259824,0.006459806825259824,0.00807475853157478,scenario,cyp_cystitis,2102.2150457721846
13.666666666667,ganglia,10.085454845981033,0.985483544578,0.014516455422,0.23824137271043705,23.824137271043703,0.15521446472515227,15.521446472515226,0.09854835445780001,9.854835445780001,0.006480617994531493,0.6480617994531492,0.006480617994531494,0.008100772493164368,scenario,cyp_cystitis,2092.3269584099353
13.75,ganglia,10.085913915661191,0.985423336923,0.014576663077,0.23837612606376493,23.837612606376492,0.1553708804127388,15.537088041273881,0.0985423336923,9.85423336923,0.0065015658711580614,0.6501565871158062,0.0065015658711580614,0.008126957338947577,scenario,cyp_cystitis,2082.438871047803
13.833333333333,ganglia,10.086378683488832,0.98536350799,0.01463649201,0.23851132531834013,23.85113253183401,0.15552774946593345,15.552774946593345,0.09853635079900001,9.853635079900002,0.006522651345716985,0.6522651345716985,0.006522651345716985,0.008153314182146232,scenario,cyp_cystitis,2072.5507836856714
13.916666666667,ganglia,10.086848601992582,0.985303971947,0.014696028053,0.23864694449213403,23.864694449213403,0.15568505255270448,15.568505255270448,0.09853039719470001,9.85303971947,0.006543875389021942,0.6543875389021941,0.0065438753890219425,0.008179844236277429,scenario,cyp_cystitis,2062.662696323422
14.0,ganglia,10.087323214242305,0.985244728793,0.014755271207,0.23878297939776966,23.878297939776967,0.15584278502052185,15.584278502052184,0.0985244728793,9.85244728793,0.006565239042948543,0.6565239042948543,0.006565239042948543,0.008206548803685678,scenario,cyp_cystitis,2052.7746089612915
14.083333333333,ganglia,10.08780213996017,0.98518577853,0.01481422147,0.2389194267348495,23.89194267348495,0.15600094320205501,15.600094320205502,0.098518577853,9.8518577853,0.006586743412567927,0.6586743412567927,0.006586743412567926,0.008233429265709908,scenario,cyp_cystitis,2042.8865215991598
14.166666666667,ganglia,10.088285063622454,0.985127121156,0.014872878844,0.23905628395216214,23.905628395216212,0.15615952426284682,15.615952426284682,0.0985127121156,9.85127121156,0.006608389659421707,0.6608389659421706,0.0066083896594217074,0.008260487074277133,scenario,cyp_cystitis,2032.99843423691
14.25,ganglia,10.08877172429117,0.985068756672,0.014931243328,0.23919354913295154,23.919354913295155,0.15631852607305724,15.631852607305724,0.09850687566720001,9.850687566720001,0.006630178995796027,0.6630178995796027,0.006630178995796027,0.008287723744745033,scenario,cyp_cystitis,2023.1103468747774
14.333333333333,ganglia,10.089261906944703,0.985010676765,0.014989323235,0.239331218874765,23.9331218874765,0.15647794577585,15.647794577585,0.0985010676765,9.85010676765,0.006652112679868472,0.6652112679868473,0.006652112679868471,0.00831514084983559,scenario,cyp_cystitis,2013.2222595126466
14.416666666667,ganglia,10.089755435103767,0.98495274078,0.01504725922,0.23946925804379787,23.946925804379788,0.1566377599619976,15.66377599619976,0.098495274078,9.8495274078,0.0066741920116093,0.66741920116093,0.0066741920116093,0.008342740014511626,scenario,cyp_cystitis,2003.3341721503973
14.5,ganglia,10.090252164573831,0.984894898277,0.015105101723,0.23960765374478876,23.960765374478875,0.1567979599078764,15.67979599078764,0.0984894898277,9.84894898277,0.006696418329338485,0.6696418329338485,0.006696418329338486,0.008370522911673107,scenario,cyp_cystitis,1993.446084788265
14.583333333333,ganglia,10.090751978147365,0.984837149257,0.015162850743,0.2397464056471386,23.97464056471386,0.15695854524604286,15.695854524604286,0.09848371492570002,9.848371492570001,0.0067187930068524524,0.6718793006852453,0.0067187930068524524,0.008398491258565566,scenario,cyp_cystitis,1983.5579974261334
14.666666666667,ganglia,10.091254781128884,0.984779493719,0.015220506281,0.2398855136848993,23.98855136848993,0.15711951590333254,15.711951590333253,0.0984779493719,9.84779493719,0.006741317451037904,0.6741317451037904,0.006741317451037904,0.00842664681379738,scenario,cyp_cystitis,1973.669910063885
14.75,ganglia,10.09176049756372,0.984721931664,0.015278068336,0.24002497801432054,24.002497801432053,0.15728087205324504,15.728087205324503,0.0984721931664,9.84721931664,0.00676399309990704,0.6763993099907041,0.00676399309990704,0.0084549913748838,scenario,cyp_cystitis,1963.7818227017528
14.833333333333,ganglia,10.092269067067111,0.984664463091,0.015335536909,0.24016479897634327,24.016479897634326,0.15744261407471474,15.744261407471475,0.09846644630910001,9.846644630910001,0.006786821420997258,0.6786821420997258,0.006786821420997259,0.008483526776246574,scenario,cyp_cystitis,1953.8937353396207
14.916666666667,ganglia,10.092780442163972,0.984607088001,0.015392911999,0.24030497706688736,24.030497706688735,0.15760474251865259,15.760474251865258,0.09846070880010001,9.84607088001,0.0068098039100789156,0.6809803910078915,0.0068098039100789156,0.008512254887598644,scenario,cyp_cystitis,1944.0056479773714
15.0,ganglia,10.093294586062182,0.984549806393,0.015450193607,0.24044551291016647,24.044551291016646,0.15776725807874048,15.776725807874048,0.09845498063930001,9.845498063930002,0.006832942090128835,0.6832942090128835,0.006832942090128836,0.008541177612661044,scenario,cyp_cystitis,1934.1175606152399
15.083333333333,ganglia,10.093811470792911,0.984492618268,0.015507381732,0.24058640723819197,24.058640723819195,0.1579301615682133,15.793016156821329,0.09844926182680001,9.844926182680002,0.006856237510533374,0.6856237510533374,0.006856237510533374,0.008570296888166717,scenario,cyp_cystitis,1924.2294732531093
15.166666666667,ganglia,10.09433107566089,0.984435523625,0.015564476375,0.24072766087187497,24.072766087187496,0.15809345389930554,15.809345389930554,0.0984435523625,9.844355236250001,0.006879691746482875,0.6879691746482874,0.006879691746482875,0.008599614683103593,scenario,cyp_cystitis,1914.341385890858
15.25,ganglia,10.094853385955812,0.984378522465,0.015621477535,0.24086927470709107,24.086927470709107,0.15825713606732342,15.825713606732341,0.09843785224650001,9.84378522465,0.00690330639853127,0.690330639853127,0.00690330639853127,0.008629132998164087,scenario,cyp_cystitis,1904.4532985287274
15.333333333333,ganglia,10.095378391883312,0.984321614787,0.015678385213,0.24101124970133925,24.101124970133924,0.15842120913626584,15.842120913626584,0.0984321614787,9.84321614787,0.00692708309229902,0.692708309229902,0.0069270830922990205,0.008658853865373775,scenario,cyp_cystitis,1894.5652111665966
15.416666666667,ganglia,10.095906087679934,0.984264800592,0.015735199408,0.24115358686446545,24.115358686446545,0.1585856742280727,15.85856742280727,0.09842648005920002,9.842648005920001,0.006951023478293316,0.6951023478293317,0.006951023478293315,0.008688779347866644,scenario,cyp_cystitis,1884.6771238043473
15.5,ganglia,10.096436470882061,0.984208020838,0.015791979162,0.24129627277424592,24.129627277424593,0.15875052298938436,15.875052298938435,0.0984208020838,9.84208020838,0.0069751292318303085,0.6975129231830308,0.0069751292318303085,0.008718911539787886,scenario,cyp_cystitis,1874.789036442216
15.583333333333,ganglia,10.096969541723377,0.984151112563,0.015848887437,0.24143926851277706,24.143926851277705,0.1589157302849745,15.891573028497449,0.09841511125630001,9.841511125630001,0.006999402053046837,0.6999402053046837,0.006999402053046838,0.008749252566308548,scenario,cyp_cystitis,1864.9009490800843
15.666666666667,ganglia,10.097505302639272,0.984094066319,0.015905933681,0.24158257277422696,24.158257277422695,0.1590812957136966,15.908129571369662,0.09840940663190001,9.84094066319,0.007023843666983761,0.7023843666983761,0.007023843666983761,0.0087798045837297,scenario,cyp_cystitis,1855.0128617178334
15.75,ganglia,10.09804375786008,0.984036882107,0.015963117893,0.2417261865932833,24.17261865932833,0.15924722042509254,15.924722042509254,0.0984036882107,9.840368821070001,0.007048455823732605,0.7048455823732604,0.007048455823732604,0.008810569779665755,scenario,cyp_cystitis,1845.1247743557028
15.833333333333,ganglia,10.098584913078042,0.983979559927,0.016020440073,0.2418701110259683,24.18701110259683,0.15941350559252032,15.941350559252033,0.09839795599270001,9.839795599270001,0.007073240298639214,0.7073240298639214,0.007073240298639214,0.008841550373299017,scenario,cyp_cystitis,1835.2366869935709
15.916666666667,ganglia,10.099128775175092,0.983922099778,0.016077900222,0.24201434714647815,24.201434714647814,0.15958015240964238,15.958015240964238,0.09839220997780002,9.839220997780002,0.007098198892551447,0.7098198892551447,0.007098198892551447,0.008872748615689308,scenario,cyp_cystitis,1825.348599631321
16.0,ganglia,10.099675352000878,0.98386450166,0.01613549834,0.24215889604509874,24.215889604509876,0.15974716208788747,15.974716208788747,0.098386450166,9.838645016600001,0.007123333432107306,0.7123333432107306,0.007123333432107306,0.008904166790134132,scenario,cyp_cystitis,1815.4605122691894
16.083333333333,ganglia,10.100224652192189,0.983806765574,0.016193234426,0.24230375882612906,24.230375882612908,0.1599145358541434,15.99145358541434,0.09838067655740002,9.838067655740002,0.0071486457700608705,0.7148645770060871,0.0071486457700608705,0.008935807212576087,scenario,cyp_cystitis,1805.5724249070586
16.166666666667,ganglia,10.100776685026284,0.983748891519,0.016251108481,0.24244893660544423,24.244893660544424,0.16008227494838245,16.008227494838245,0.09837488915190001,9.83748891519,0.007174137785636346,0.7174137785636345,0.007174137785636346,0.008967672232045433,scenario,cyp_cystitis,1795.6843375448088
16.25,ganglia,10.101331460302049,0.983690879496,0.016309120504,0.2425944305101062,24.25944305101062,0.16025038062278466,16.025038062278465,0.0983690879496,9.836908794960001,0.007199811384909288,0.7199811384909288,0.007199811384909287,0.008999764231136608,scenario,cyp_cystitis,1785.796250182678
16.333333333333,ganglia,10.101888988243951,0.983632729505,0.016367270495,0.2427402416765343,24.27402416765343,0.1604188541400381,16.041885414003808,0.09836327295050001,9.836327295050001,0.007225668501214869,0.7225668501214869,0.007225668501214869,0.009032085626518586,scenario,cyp_cystitis,1775.9081628205458
16.416666666667,ganglia,10.102449279424503,0.983574441545,0.016425558455,0.24288637124961276,24.288637124961276,0.1605876967723475,16.05876967723475,0.0983574441545,9.83574441545,0.007251711095575253,0.7251711095575253,0.0072517110955752535,0.009064638869469066,scenario,cyp_cystitis,1766.0200754582968
16.5,ganglia,10.103012344701831,0.983516015616,0.016483984384,0.24303282038247012,24.303282038247012,0.1607569098009668,16.07569098009668,0.0983516015616,9.83516015616,0.007277941157146953,0.7277941157146953,0.007277941157146951,0.009097426446433689,scenario,cyp_cystitis,1756.1319880961642
16.583333333333,ganglia,10.103578195169568,0.983457450234,0.016542549766,0.24317958986873023,24.317958986873023,0.16092649427258912,16.092649427258912,0.0983457450234,9.83457450234,0.007304360703689354,0.7304360703689354,0.007304360703689354,0.009130450879611693,scenario,cyp_cystitis,1746.2439007340329
16.666666666667,ganglia,10.104146842116634,0.983398651166,0.016601348834,0.24332665755873847,24.332665755873848,0.1610964360468205,16.10964360468205,0.0983398651166,9.833986511660001,0.007330971782047733,0.7330971782047734,0.0073309717820477325,0.009163714727559665,scenario,cyp_cystitis,1736.3558133717838
16.75,ganglia,10.104718296995058,0.983339562205,0.016660437795,0.2434740106625843,24.34740106625843,0.16126672715787144,16.126672715787144,0.09833395622050001,9.83339562205,0.007357776468652435,0.7357776468652435,0.007357776468652435,0.009197220585815544,scenario,cyp_cystitis,1726.467726009652
16.833333333333,ganglia,10.105292571394349,0.98328018335,0.01671981665,0.24362165028521782,24.362165028521783,0.16143736883357537,16.143736883357537,0.098328018335,9.8328018335,0.0073847768700365,0.73847768700365,0.007384776870036501,0.009230971087545626,scenario,cyp_cystitis,1716.5796386475208
16.916666666667,ganglia,10.105869677021023,0.983220514602,0.016779485398,0.24376957753787568,24.37695775378757,0.1616083623085285,16.16083623085285,0.09832205146020001,9.832205146020002,0.007411975123365474,0.7411975123365474,0.007411975123365474,0.009264968904206843,scenario,cyp_cystitis,1706.6915512852713
17.0,ganglia,10.106449625682341,0.98316055596,0.01683944404,0.24391779353691623,24.39177935369162,0.16177970882324025,16.177970882324026,0.098316055596,9.8316055596,0.007439373396981811,0.7439373396981811,0.007439373396981812,0.009299216746227265,scenario,cyp_cystitis,1696.80346392314
17.083333333333,ganglia,10.10703242927346,0.983100307425,0.016899692575,0.24406629940469401,24.4066299404694,0.16195140962466,16.195140962466002,0.0983100307425,9.831003074249999,0.007466973890966639,0.7466973890966639,0.00746697389096664,0.0093337173637083,scenario,cyp_cystitis,1686.9153765610079
17.166666666667,ganglia,10.107618099767222,0.983039768996,0.016960231004,0.244215096268465,24.4215096268465,0.16212346596540553,16.212346596540552,0.0983039768996,9.83039768996,0.007494778837712909,0.7494778837712909,0.007494778837712908,0.009368473547141135,scenario,cyp_cystitis,1677.0272891987581
17.25,ganglia,10.108206649206094,0.982978940674,0.017021059326,0.24436418526130255,24.436418526130254,0.16229587910433615,16.229587910433615,0.09829789406740001,9.829789406740002,0.007522790502512751,0.7522790502512751,0.00752279050251275,0.009403488128140937,scenario,cyp_cystitis,1667.1392018366275
17.333333333333,ganglia,10.10879808969587,0.982917822458,0.017082177542,0.24451356752106446,24.451356752106445,0.16246865030584942,16.246865030584942,0.0982917822458,9.82917822458,0.007551011184162159,0.755101118416216,0.00755101118416216,0.0094387639802027,scenario,cyp_cystitis,1657.2511144744956
17.416666666667,ganglia,10.109392433400695,0.98285641435,0.01714358565,0.24466324419159605,24.466324419159605,0.16264178084066225,16.264178084066224,0.09828564143500002,9.828564143500001,0.007579443215577074,0.7579443215577074,0.007579443215577074,0.009474304019471342,scenario,cyp_cystitis,1647.3630271122463
17.5,ganglia,10.109989692539136,0.982794716347,0.017205283653,0.24481321642071158,24.48132164207116,0.16281527198445728,16.281527198445726,0.09827947163470001,9.82794716347,0.007608088964424027,0.7608088964424027,0.007608088964424026,0.009510111205530032,scenario,cyp_cystitis,1637.474939750115
17.583333333333,ganglia,10.110589879381203,0.982732728451,0.017267271549,0.24496348536268353,24.496348536268354,0.16298912501953725,16.298912501953726,0.09827327284510001,9.827327284510002,0.007636950833768644,0.7636950833768644,0.0076369508337686435,0.009546188542210805,scenario,cyp_cystitis,1627.5868523879838
17.666666666667,ganglia,10.111193006245964,0.982670450662,0.017329549338,0.2451140521764918,24.51140521764918,0.16316334123365753,16.316334123365753,0.0982670450662,9.82670450662,0.007666031262736136,0.7666031262736136,0.007666031262736137,0.00958253907842017,scenario,cyp_cystitis,1617.6987650257336
17.75,ganglia,10.11179908549969,0.982607866424,0.017392133576,0.24526491389383925,24.526491389383924,0.16333791916826582,16.33379191682658,0.09826078664240001,9.82607866424,0.00769533272718707,0.769533272718707,0.007695332727187072,0.00961916590898384,scenario,cyp_cystitis,1607.8106776636018
17.833333333333,ganglia,10.1124081295545,0.982544898481,0.017455101519,0.24541605237900674,24.541605237900672,0.16351284725656304,16.351284725656303,0.09825448984810001,9.82544898481,0.007724857740411965,0.7724857740411966,0.007724857740411965,0.009656072175514957,scenario,cyp_cystitis,1597.9225903014699
17.916666666667,ganglia,10.113020150867243,0.982481537046,0.017518462954,0.24556746631247695,24.556746631247695,0.16368812511986328,16.368812511986327,0.09824815370460001,9.824815370460001,0.007754608853838715,0.7754608853838715,0.0077546088538387155,0.009693261067298394,scenario,cyp_cystitis,1588.0345029392201
18.0,ganglia,10.113635161938667,0.982417782119,0.017582217881,0.2457191568209564,24.57191568209564,0.16386375401006267,16.386375401006266,0.0982417782119,9.82417782119,0.007784588657756392,0.7784588657756392,0.007784588657756393,0.009730735822195491,scenario,cyp_cystitis,1578.146415577089
18.083333333333,ganglia,10.114253175312832,0.982353633701,0.017646366299,0.24587112503641767,24.587112503641766,0.16403973518479736,16.403973518479738,0.09823536337010001,9.823536337010001,0.007814799782058983,0.7814799782058982,0.007814799782058983,0.009768499727573729,scenario,cyp_cystitis,1568.2583282149578
18.166666666667,ganglia,10.114874203576628,0.982289091791,0.017710908209,0.2460233720953614,24.60233720953614,0.1642160699069571,16.42160699069571,0.0982289091791,9.82289091791,0.007845244897003133,0.7845244897003133,0.007845244897003133,0.009806556121253916,scenario,cyp_cystitis,1558.3702408527079
18.25,ganglia,10.115498259359406,0.982224156389,0.017775843611,0.24617589913958107,24.617589913958106,0.16439275944520118,16.43927594452012,0.0982224156389,9.82224156389,0.00787592671398346,0.7875926713983459,0.00787592671398346,0.009844908392479325,scenario,cyp_cystitis,1548.4821534905764
18.333333333333,ganglia,10.116125355332771,0.982158827495,0.017841172505,0.24632870731594603,24.632870731594604,0.1645698050738289,16.45698050738289,0.09821588274950001,9.82158827495,0.007906847986329223,0.7906847986329223,0.007906847986329223,0.009883559982911528,scenario,cyp_cystitis,1538.594066128445
18.416666666667,ganglia,10.116755504210401,0.98209310511,0.01790689489,0.2464817977766697,24.64817977766697,0.1647472080729663,16.47472080729663,0.09820931051100001,9.8209310511,0.007938011510116272,0.7938011510116272,0.007938011510116274,0.009922514387645343,scenario,cyp_cystitis,1528.7059787661956
18.5,ganglia,10.11738871874788,0.982026989233,0.017973010767,0.24663517167857363,24.663517167857364,0.16492496972808182,16.492496972808183,0.09820269892330001,9.820269892330002,0.00796942012499798,0.796942012499798,0.00796942012499798,0.009961775156247476,scenario,cyp_cystitis,1518.8178914040648
18.583333333333,ganglia,10.118025011742697,0.981960479864,0.018039520136,0.2467888301838767,24.67888301838767,0.16510309133052964,16.510309133052964,0.09819604798640001,9.81960479864,0.008001076715059108,0.8001076715059109,0.008001076715059108,0.010001345893823885,scenario,cyp_cystitis,1508.9298040419324
18.666666666667,ganglia,10.118664396034161,0.981893577004,0.018106422996,0.24694277446021368,24.694277446021367,0.16528157417757075,16.528157417757075,0.0981893577004,9.818935770040001,0.008032984209686365,0.8032984209686366,0.008032984209686364,0.010041230262107955,scenario,cyp_cystitis,1499.0417166796835
18.75,ganglia,10.119306884503377,0.981826280652,0.018173719348,0.2470970056799008,24.70970056799008,0.16546041957188978,16.54604195718898,0.0981826280652,9.81826280652,0.008065145584459612,0.8065145584459612,0.008065145584459612,0.010081431980574516,scenario,cyp_cystitis,1489.1536293175511
18.833333333333,ganglia,10.119952490073292,0.981758590778,0.018241409222,0.24725152501317144,24.725152501317144,0.16563962881707933,16.563962881707933,0.0981758590778,9.81758590778,0.008097563862067605,0.8097563862067605,0.008097563862067605,0.010121954827584507,scenario,cyp_cystitis,1479.2655419554198
18.916666666667,ganglia,10.120601225708691,0.981690457158,0.018309542842,0.24740632098555182,24.74063209855518,0.16581919474416867,16.581919474416868,0.0981690457158,9.81690457158,0.008130242113242193,0.8130242113242193,0.008130242113242191,0.010162802641552738,scenario,cyp_cystitis,1469.3774545931706
19.0,ganglia,10.121253104416212,0.981621834316,0.018378165684,0.24756138328998334,24.756138328998333,0.16599911095375927,16.599911095375926,0.0981621834316,9.816218343160001,0.008163183457714775,0.8163183457714775,0.008163183457714775,0.010203979322143468,scenario,cyp_cystitis,1459.4893672310386
19.083333333333,ganglia,10.121908139244427,0.981552722252,0.018447277748,0.24771671306944582,24.771671306944583,0.16617937871582866,16.617937871582868,0.0981552722252,9.81552722252,0.008196391065199309,0.8196391065199309,0.008196391065199309,0.010245488831499136,scenario,cyp_cystitis,1449.601279868908
19.166666666667,ganglia,10.122566343283866,0.981483120964,0.018516879036,0.2478723114714902,24.78723114714902,0.16635999930565576,16.635999930565575,0.09814831209640001,9.814831209640001,0.008229868156395504,0.8229868156395503,0.008229868156395502,0.010287335195494378,scenario,cyp_cystitis,1439.7131925066574
19.25,ganglia,10.12322772966705,0.981413030455,0.018586969545,0.24802817965002488,24.80281796500249,0.16654097400502763,16.654097400502764,0.0981413030455,9.81413030455,0.008263618004016189,0.8263618004016189,0.008263618004016189,0.010329522505020236,scenario,cyp_cystitis,1429.825105144526
19.333333333333,ganglia,10.123892311568593,0.981342450722,0.018657549278,0.24818431876257646,24.818431876257645,0.16672230410041827,16.672230410041827,0.0981342450722,9.81342450722,0.00829764393384343,0.829764393384343,0.00829764393384343,0.010372054917304287,scenario,cyp_cystitis,1419.9370177823944
19.416666666667,ganglia,10.124560102205232,0.981271381767,0.018728618233,0.24834072997308737,24.834072997308738,0.16690399088487484,16.690399088487485,0.0981271381767,9.81271381767,0.008331949325806639,0.8331949325806639,0.008331949325806639,0.010414936657258298,scenario,cyp_cystitis,1410.0489304201458
19.5,ganglia,10.12523111483587,0.98119982359,0.01880017641,0.2484974144501677,24.84974144501677,0.16708603565685298,16.708603565685298,0.098119982359,9.8119982359,0.008366537615087204,0.8366537615087204,0.008366537615087204,0.010458172018859005,scenario,cyp_cystitis,1400.160843058014
19.583333333333,ganglia,10.125905362761683,0.98112777619,0.01887222381,0.24865437336738494,24.865437336738495,0.1672684397204277,16.726843972042772,0.098112777619,9.8112777619,0.008401412293253916,0.8401412293253916,0.008401412293253916,0.010501765366567396,scenario,cyp_cystitis,1390.2727556958828
19.666666666667,ganglia,10.126582859326158,0.981055239567,0.018944760433,0.24881160790379064,24.881160790379063,0.16745120438565625,16.745120438565625,0.09810552395670001,9.810552395670001,0.008436576909422818,0.8436576909422818,0.008436576909422818,0.010545721136778522,scenario,cyp_cystitis,1380.384668333633
19.75,ganglia,10.127263617915132,0.980982213722,0.019017786278,0.24896911924394105,24.896911924394104,0.16763433096860114,16.763433096860116,0.0980982213722,9.809822137220001,0.00847203507144573,0.847203507144573,0.00847203507144573,0.010590043839307162,scenario,cyp_cystitis,1370.4965809715018
19.833333333333,ganglia,10.12794765195691,0.980908698654,0.019091301346,0.24912690857717568,24.912690857717568,0.16781782079086185,16.781782079086184,0.0980908698654,9.80908698654,0.008507790447132261,0.8507790447132261,0.008507790447132261,0.010634738058915327,scenario,cyp_cystitis,1360.6084936093698
19.916666666667,ganglia,10.128634974922297,0.980834694364,0.019165305636,0.24928497709865224,24.928497709865223,0.16800167518028025,16.800167518028026,0.0980834694364,9.80834694364,0.008543846765498506,0.8543846765498506,0.008543846765498506,0.010679808456873132,scenario,cyp_cystitis,1350.7204062471196
20.0,ganglia,10.129325600324645,0.980760188597,0.019239811403,0.24944332289170967,24.944332289170966,0.16818589336889964,16.818589336889964,0.0980760188597,9.807601885970001,0.008580207818047136,0.8580207818047136,0.008580207818047138,0.010725259772558922,scenario,cyp_cystitis,1340.8323188849888
20.083333333333,ganglia,10.130019541719962,0.980685103292,0.019314896708,0.24960192728736946,24.960192728736946,0.16837046328685495,16.837046328685496,0.0980685103292,9.80685103292,0.008616877460083694,0.8616877460083694,0.008616877460083694,0.010771096825104617,scenario,cyp_cystitis,1330.9442315228573
20.166666666667,ganglia,10.130716812706952,0.980609424653,0.019390575347,0.2497607879335621,24.97607879335621,0.16855538385362454,16.855538385362454,0.0980609424653,9.80609424653,0.008653859612062262,0.8653859612062262,0.008653859612062262,0.010817324515077827,scenario,cyp_cystitis,1321.056144160608
20.25,ganglia,10.13141742692706,0.98053315268,0.01946684732,0.24991990598968855,24.991990598968854,0.1687406563574317,16.87406563574317,0.098053315268,9.8053315268,0.008691158260965417,0.8691158260965417,0.008691158260965417,0.010863947826206772,scenario,cyp_cystitis,1311.1680567984763
20.333333333333,ganglia,10.132121398064578,0.980456287374,0.019543712626,0.25007928262057844,25.007928262057845,0.16892628209242044,16.892628209242044,0.09804562873740001,9.804562873740002,0.008728777461723373,0.8728777461723373,0.008728777461723373,0.010910971827154217,scenario,cyp_cystitis,1301.2799694363441
20.416666666667,ganglia,10.132828739846687,0.980378828734,0.019621171266,0.2502389189957446,25.02389189957446,0.16911226235816063,16.911226235816063,0.0980378828734,9.80378828734,0.008766721338665585,0.8766721338665585,0.008766721338665585,0.010958401673331982,scenario,cyp_cystitis,1291.3918820740946
20.5,ganglia,10.133539466043498,0.98030077676,0.01969922324,0.2503988162901674,25.03988162901674,0.169298598460186,16.929859846018598,0.09803007767600001,9.8030077676,0.008804994087009691,0.8804994087009691,0.008804994087009691,0.011006242608762113,scenario,cyp_cystitis,1281.5037947119638
20.583333333333,ganglia,10.134253590468164,0.980222131452,0.019777868548,0.2505589756840794,25.055897568407943,0.16948529170986604,16.948529170986603,0.0980222131452,9.80222131452,0.008843599974393134,0.8843599974393135,0.008843599974393133,0.011054499967991415,scenario,cyp_cystitis,1271.6157073498316
20.666666666667,ganglia,10.134971126976916,0.98014289281,0.01985710719,0.25071939836298485,25.071939836298483,0.16967234342442755,16.967234342442755,0.098014289281,9.8014289281,0.008882543342440421,0.8882543342440421,0.008882543342440421,0.011103179178050527,scenario,cyp_cystitis,1261.7276199875823
20.75,ganglia,10.135692089469103,0.980063060835,0.019936939165,0.250880085517936,25.0880085517936,0.1698597549271511,16.98597549271511,0.09800630608350001,9.800630608350001,0.008921828608371329,0.8921828608371328,0.008921828608371329,0.011152285760464162,scenario,cyp_cystitis,1251.8395326254508
20.833333333333,ganglia,10.136416491887303,0.979982635526,0.020017364474,0.2510410383448053,25.10410383448053,0.17004752754689478,17.004752754689477,0.0979982635526,9.799826355259999,0.008961460266655435,0.8961460266655434,0.008961460266655435,0.011201825333319294,scenario,cyp_cystitis,1241.9514452633198
20.916666666667,ganglia,10.137144348217362,0.979901616883,0.020098383117,0.251202258045073,25.1202258045073,0.17023566261863668,17.023566261863667,0.0979901616883,9.79901616883,0.009001442890706061,0.9001442890706061,0.009001442890706061,0.011251803613382577,scenario,cyp_cystitis,1232.0633579010694
21.0,ganglia,10.137875672488427,0.979820004906,0.020179995094,0.25136374582559184,25.136374582559185,0.1704241614833243,17.04241614833243,0.0979820004906,9.79820004906,0.009041781134618896,0.9041781134618896,0.009041781134618896,0.011302226418273621,scenario,cyp_cystitis,1222.1752705389385
21.083333333333,ganglia,10.138610478773067,0.979737799595,0.020262200405,0.25152550289862763,25.152550289862763,0.1706130254879196,17.06130254879196,0.0979737799595,9.79737799595,0.009082479734961265,0.9082479734961265,0.009082479734961265,0.01135309966870158,scenario,cyp_cystitis,1212.2871831768073
21.166666666667,ganglia,10.1393487811873,0.979654947605,0.020345052395,0.2516875167767782,25.168751677677818,0.17080224668475352,17.080224668475353,0.09796549476050001,9.796549476050002,0.009123543512604684,0.9123543512604684,0.009123543512604686,0.011404429390755857,scenario,cyp_cystitis,1202.3990958145569
21.25,ganglia,10.140090593890625,0.979571383017,0.020428616983,0.25184977170527456,25.184977170527457,0.1709918148928606,17.09918148928606,0.0979571383017,9.79571383017,0.00916497737460657,0.9164977374606569,0.009164977374606571,0.011456221718258214,scenario,cyp_cystitis,1192.5110084524256
21.333333333333,ganglia,10.140835931086148,0.979487105653,0.020512894347,0.2520122687996214,25.201226879962142,0.17118173137146822,17.118173137146822,0.09794871056530001,9.79487105653,0.009206786316147068,0.9206786316147069,0.009206786316147067,0.011508482895183834,scenario,cyp_cystitis,1182.6229210902945
21.416666666667,ganglia,10.141584807020607,0.979402115513,0.020597884487,0.2521750092262015,25.21750092262015,0.17137199741655726,17.137199741655724,0.0979402115513,9.79402115513,0.00924897542251379,0.9248975422513789,0.009248975422513791,0.01156121927814224,scenario,cyp_cystitis,1172.7348337280446
21.5,ganglia,10.142337235984405,0.979316412596,0.020683587404,0.2523379941563402,25.233799415634017,0.17156261432971126,17.156261432971124,0.09793164125960001,9.79316412596,0.009291549871140413,0.9291549871140413,0.009291549871140411,0.011614437338925514,scenario,cyp_cystitis,1162.8467463659135
21.583333333333,ganglia,10.143093232311724,0.979229996902,0.020770003098,0.25250122476685904,25.250122476685906,0.17175358341851002,17.175358341851002,0.0979229996902,9.79229996902,0.009334514933705556,0.9334514933705556,0.009334514933705554,0.011668143667131942,scenario,cyp_cystitis,1152.9586590037818
21.666666666667,ganglia,10.143852810380562,0.979142868431,0.020857131569,0.25266470223983895,25.266470223983895,0.17194490599637663,17.194490599637664,0.0979142868431,9.791428684309999,0.00937787597828456,0.937787597828456,0.009377875978284558,0.011722344972855698,scenario,cyp_cystitis,1143.0705716415316
21.75,ganglia,10.144615984612756,0.979055027184,0.020944972816,0.25282842776289777,25.282842776289776,0.1721365833827753,17.21365833827753,0.0979055027184,9.790550271839999,0.00942163847156052,0.942163847156052,0.009421638471560518,0.011777048089450647,scenario,cyp_cystitis,1133.1824842794003
21.833333333333,ganglia,10.145382769474107,0.97896647316,0.02103352684,0.25299240252845556,25.299240252845557,0.1723286169027284,17.23286169027284,0.09789664731600001,9.7896647316,0.009465807981101217,0.9465807981101217,0.009465807981101217,0.011832259976376523,scenario,cyp_cystitis,1123.2943969172693
21.916666666667,ganglia,10.146153179474396,0.978877206359,0.021122793641,0.2531566277345292,25.315662773452917,0.17252100788736574,17.252100788736573,0.09788772063590001,9.78877206359,0.009510390177694611,0.9510390177694611,0.009510390177694611,0.011887987722118264,scenario,cyp_cystitis,1113.4063095550198
22.0,ganglia,10.14692722916743,0.978787226782,0.021212773218,0.2533211045847527,25.33211045847527,0.17271375767394742,17.27137576739474,0.09787872267820001,9.787872267820001,0.00955539083774951,0.9555390837749511,0.00955539083774951,0.011944238547186889,scenario,cyp_cystitis,1103.5182221928883
22.083333333333,ganglia,10.14770493315114,0.978696534428,0.021303465572,0.2534858342876422,25.348583428764222,0.1729068676053802,17.290686760538023,0.0978696534428,9.78696534428,0.00960081584576848,0.960081584576848,0.009600815845768478,0.012001019807210599,scenario,cyp_cystitis,1093.630134830756
22.166666666667,ganglia,10.14848630606762,0.978605129298,0.021394870702,0.2536508180576508,25.365081805765076,0.1731003390309453,17.310033903094528,0.09786051292980001,9.786051292980002,0.009646671196885552,0.9646671196885552,0.009646671196885554,0.012058338996106942,scenario,cyp_cystitis,1083.742047468507
22.25,ganglia,10.149271362603155,0.978512996842,0.021487003158,0.2538160533402951,25.381605334029512,0.17329417072899458,17.32941707289946,0.0978512996842,9.78512996842,0.009692962999475871,0.9692962999475871,0.009692962999475871,0.012116203749344839,scenario,cyp_cystitis,1073.8539601063756
22.333333333333,ganglia,10.15006011748833,0.978420030389,0.021579969611,0.25398151366222166,25.398151366222166,0.17348834513702405,17.348834513702403,0.0978420030389,9.78420030389,0.009739697477844443,0.9739697477844443,0.009739697477844443,0.012174621847305554,scenario,cyp_cystitis,1063.965872744244
22.416666666667,ganglia,10.15085258549806,0.97832620848,0.02167379152,0.25414719460881996,25.414719460881997,0.1736828597342444,17.36828597342444,0.097832620848,9.7832620848,0.009786880974986917,0.9786880974986917,0.009786880974986919,0.01223360121873365,scenario,cyp_cystitis,1054.0777853819948
22.5,ganglia,10.151648781451614,0.978231531116,0.021768468884,0.25431309733293517,25.431309733293517,0.17387771580148348,17.387771580148346,0.0978231531116,9.78231531116,0.009834519955429541,0.9834519955429541,0.00983451995542954,0.012293149944286924,scenario,cyp_cystitis,1044.1896980198633
22.583333333333,ganglia,10.152448720212734,0.978135998297,0.021864001703,0.25447922299229375,25.447922299229376,0.17407291462510419,17.40729146251042,0.0978135998297,9.78135998297,0.009882621008156282,0.9882621008156283,0.009882621008156284,0.012353276260195355,scenario,cyp_cystitis,1034.3016106577318
22.666666666667,ganglia,10.153252416689655,0.978039610023,0.021960389977,0.2546455727497827,25.464557274978272,0.17426845749720302,17.4268457497203,0.0978039610023,9.78039610023,0.009931190849615704,0.9931190849615703,0.009931190849615704,0.01241398856201963,scenario,cyp_cystitis,1024.4135232954816
22.75,ganglia,10.154059885835133,0.977942366294,0.022057633706,0.25481214777346706,25.481214777346707,0.17446434571563005,17.446434571563003,0.09779423662940001,9.779423662940001,0.009980236326815438,0.9980236326815437,0.00998023632681544,0.012475295408519299,scenario,cyp_cystitis,1014.5254359333501
22.833333333333,ganglia,10.154871142646558,0.97784426711,0.02215573289,0.25497894923663,25.497894923663,0.1746605805840333,17.46605805840333,0.09778442671100002,9.778442671100002,0.010029764420512588,1.0029764420512588,0.010029764420512587,0.012537205525640733,scenario,cyp_cystitis,1004.6373485712185
22.916666666667,ganglia,10.155686202165976,0.97774531247,0.02225468753,0.25514597831753094,25.514597831753093,0.17485716341170104,17.485716341170104,0.097774531247,9.777453124700001,0.010079782248492772,1.0079782248492772,0.010079782248492774,0.012599727810615968,scenario,cyp_cystitis,994.7492612089692
23.0,ganglia,10.156505079480116,0.977645502376,0.022354497624,0.25531323620046814,25.531323620046813,0.17505409551429793,17.505409551429793,0.0977645502376,9.77645502376,0.010130297068946054,1.0130297068946055,0.010130297068946055,0.012662871336182569,scenario,cyp_cystitis,984.8611738468378
23.083333333333,ganglia,10.157327789720501,0.977544836827,0.022455163173,0.2554807240742535,25.548072407425348,0.17525137821283718,17.525137821283717,0.09775448368270001,9.775448368270002,0.010181316283948732,1.0181316283948731,0.010181316283948732,0.012726645354935916,scenario,cyp_cystitis,974.9730864847066
23.166666666667,ganglia,10.158154348063466,0.977443315822,0.022556684178,0.2556484431330137,25.56484431330137,0.17544901283423742,17.54490128342374,0.0977443315822,9.77443315822,0.010232847443043659,1.0232847443043658,0.010232847443043659,0.012791059303804574,scenario,cyp_cystitis,965.0849991224569
23.25,ganglia,10.158984769730191,0.977340939363,0.022659060637,0.2558163945769951,25.581639457699513,0.17564700071188344,17.564700071188344,0.0977340939363,9.77340939363,0.010284898246928022,1.0284898246928023,0.01028489824692802,0.012856122808660025,scenario,cyp_cystitis,955.1969117603251
23.333333333333,ganglia,10.159819069986801,0.977237707448,0.022762292552,0.2559845796107736,25.598457961077358,0.17584534318441508,17.58453431844151,0.0977237707448,9.77237707448,0.01033747655125799,1.0337476551257991,0.010337476551257989,0.012921845689072486,scenario,cyp_cystitis,945.3088243981939
23.416666666667,ganglia,10.160657264144398,0.977133544747,0.022866455253,0.25615297969728246,25.615297969728246,0.17604402802509164,17.604402802509163,0.0977133544747,9.771335447470001,0.010390590370563179,1.039059037056318,0.010390590370563179,0.012988237963203975,scenario,cyp_cystitis,935.4207370359441
23.5,ganglia,10.161499367559069,0.977028362588,0.022971637412,0.25632157274412315,25.632157274412315,0.17624304053924794,17.624304053924796,0.0977028362588,9.77028362588,0.010444247882280301,1.0444247882280302,0.010444247882280301,0.013055309852850376,scenario,cyp_cystitis,925.5326496738124
23.583333333333,ganglia,10.162345395632011,0.976922160825,0.023077839175,0.2564903598351748,25.649035983517482,0.17644238194741646,17.644238194741646,0.0976922160825,9.76922160825,0.010498457430916264,1.0498457430916264,0.010498457430916264,0.01312307178864533,scenario,cyp_cystitis,915.6445623116809
23.666666666667,ganglia,10.16319536380954,0.976814939459,0.023185060541,0.2566593420977899,25.66593420977899,0.17664205350209988,17.66420535020999,0.0976814939459,9.76814939459,0.010553227532333617,1.0553227532333616,0.010553227532333618,0.013191534415417023,scenario,cyp_cystitis,905.7564749494313
23.75,ganglia,10.164049287583119,0.97670669849,0.02329330151,0.2568285206640421,25.68285206640421,0.17684205646115786,17.684205646115785,0.09767066984900001,9.767066984900001,0.010608566878168623,1.0608566878168624,0.010608566878168623,0.013260708597710778,scenario,cyp_cystitis,895.8683875873
23.833333333333,ganglia,10.164907182489456,0.976597437918,0.023402562082,0.25699789667102674,25.699789667102674,0.1770423920880297,17.704239208802967,0.09765974379180001,9.765974379180001,0.010664484340392735,1.0664484340392735,0.010664484340392733,0.013330605425490916,scenario,cyp_cystitis,885.9803002251689
23.916666666667,ganglia,10.165769064110538,0.976487157743,0.023512842257,0.25716747126087847,25.716747126087846,0.17724306165175388,17.72430616517539,0.09764871577430001,9.76487157743,0.01072098897601081,1.072098897601081,0.01072098897601081,0.013401236220013511,scenario,cyp_cystitis,876.0922128629187
24.0,ganglia,10.166634948073634,0.976375857965,0.023624142035,0.25733724558078863,25.733724558078862,0.17744406642698732,17.74440664269873,0.0976375857965,9.76375857965,0.01077809003190688,1.077809003190688,0.010778090031906879,0.013472612539883598,scenario,cyp_cystitis,866.2041255007874
0.0,brain,2.3516004500665,0.990096927836,0.009903072164,0.2887560624540819,28.875606245408193,0.05497577399344257,5.497577399344257,0.247524231959,24.7524231959,0.003125663724795627,0.3125663724795627,0.003125663724795627,0.002500530979836502,scenario,cyp_cystitis,0.001
0.083333333333,brain,2.357656627499595,0.990117114908,0.009882885092,0.28812505173210723,28.812505173210724,0.054127697340143,5.4127697340143,0.247529278727,24.7529278727,0.0028104477932194534,0.2810447793219453,0.002810447793219454,0.002248358234575563,scenario,cyp_cystitis,115.37649495135773
0.166666666667,brain,2.363891729580689,0.990151726495,0.009848273505,0.28752356048430494,28.752356048430492,0.05331417181407324,5.331417181407324,0.24753793162375,24.753793162375,0.0025543770293158545,0.25543770293158546,0.002554377029315855,0.002043501623452684,scenario,cyp_cystitis,230.75198990410004
0.25,brain,2.3703080005505575,0.990194145112,0.009805854888,0.28694836931110995,28.694836931110995,0.05253311071081326,5.253311071081327,0.247548536278,24.7548536278,0.002342280456148361,0.23422804561483607,0.002342280456148361,0.0018738243649186886,scenario,cyp_cystitis,346.1274848554578
0.333333333333,brain,2.3769075378267432,0.990248809143,0.009751190857,0.28639955783937937,28.639955783937936,0.05178314073817248,5.178314073817248,0.24756220228575,24.756220228575,0.0021637674780624686,0.21637674780624686,0.002163767478062469,0.0017310139824499753,scenario,cyp_cystitis,461.5029798068156
0.416666666667,brain,2.3836922822083872,0.990312976676,0.009687023324,0.28587520133825967,28.587520133825965,0.05106260955901289,5.1062609559012895,0.247578244169,24.7578244169,0.0020114824446797784,0.20114824446797785,0.0020114824446797784,0.0016091859557438228,scenario,cyp_cystitis,576.8784747595574
0.5,brain,2.3906640080243307,0.990385406094,0.009614593906,0.28537388527433455,28.537388527433453,0.050370045001112716,5.037004500111272,0.2475963515235,24.75963515235,0.0018800719280853452,0.1880071928085345,0.001880071928085345,0.001504057542468276,scenario,cyp_cystitis,692.2539697109157
0.583333333333,brain,2.3978243132491177,0.990464187556,0.009535812444,0.28489407123782506,28.489407123782506,0.049704032465100086,4.970403246510009,0.247616046889,24.7616046889,0.0017655468217328057,0.17655468217328057,0.0017655468217328057,0.0014124374573862447,scenario,cyp_cystitis,807.629464662273
0.666666666667,brain,2.4051746096103477,0.990548511727,0.009451488273,0.284434600846672,28.443460084667198,0.04906329721989602,4.906329721989602,0.24763712793175,24.763712793175,0.0016648737076034891,0.16648737076034892,0.001664873707603489,0.0013318989660827912,scenario,cyp_cystitis,923.0049596150159
0.75,brain,2.4127161127140027,0.990636580154,0.009363419846,0.28399408889918726,28.399408889918725,0.04844659181424965,4.844659181424965,0.2476591450385,24.765914503850002,0.0015757047898702524,0.15757047898702523,0.0015757047898702524,0.001260563831896202,scenario,cyp_cystitis,1038.3804545663734
0.833333333333,brain,2.4204498322155157,0.990728157333,0.009271842667,0.2835716515426068,28.357165154260677,0.047852816279142354,4.785281627914236,0.24768203933325,24.768203933325,0.001496194508642317,0.1496194508642317,0.0014961945086423168,0.0011969556069138536,scenario,cyp_cystitis,1153.7559495177304
0.916666666667,brain,2.4283765620628395,0.990823243264,0.009176756736,0.2831665192063073,28.316651920630733,0.04728094452040973,4.728094452040973,0.247705810816,24.7705810816,0.0014248720244296861,0.1424872024429686,0.0014248720244296861,0.001139897619543749,scenario,cyp_cystitis,1269.131444470473
1.0,brain,2.4364968708409505,0.990920082669,0.009079917331,0.28277746434512785,28.277746434512785,0.04672992490383715,4.672992490383715,0.24773002066725,24.773002066725,0.0013605506743853504,0.13605506743853504,0.0013605506743853506,0.0010884405395082805,scenario,cyp_cystitis,1384.506939421831
1.083333333333,brain,2.4448110922481963,0.991014915879,0.008985084121,0.2830372519230405,28.303725192304054,0.04704469727105404,4.704469727105404,0.24775372896975,24.775372896975,0.001380270666602238,0.1380270666602238,0.001380270666602238,0.0011042165332817906,scenario,cyp_cystitis,1358.413365616352
1.166666666667,brain,2.453319315732974,0.991107617217,0.008892382783,0.2833006515620633,28.33006515620633,0.04736499634375102,4.736499634375102,0.24777690430425,24.777690430425,0.00140054169720463,0.140054169720463,0.0014005416972046301,0.0011204333577637042,scenario,cyp_cystitis,1332.3197918105595
1.25,brain,2.462021377322392,0.991198186465,0.008801813535,0.28356769839962825,28.356769839962826,0.04769086904450436,4.769086904450436,0.24779954661625,24.779954661625002,0.001421382334156278,0.1421382334156278,0.0014213823341562778,0.0011371058673250224,scenario,cyp_cystitis,1306.226218005081
1.333333333333,brain,2.4709168506752754,0.991286054753,0.008713945247,0.2838382614367457,28.38382614367457,0.04802233033132757,4.802233033132757,0.24782151368825,24.782151368825,0.0014428118404211186,0.14428118404211185,0.0014428118404211188,0.001154249472336895,scenario,cyp_cystitis,1280.1326441996023
1.416666666667,brain,2.480005038389541,0.991370696381,0.008629303619,0.28411221799001707,28.41122179900171,0.04835939185968944,4.835939185968944,0.24784267409525,24.784267409525,0.001464850208982476,0.1464850208982476,0.001464850208982476,0.001171880167185981,scenario,cyp_cystitis,1254.0390703938099
1.5,brain,2.4892849635970196,0.991452111349,0.008547888651,0.2843895919624777,28.438959196247772,0.04870208550030359,4.870208550030359,0.24786302783725,24.786302783725,0.001487518200490781,0.1487518200490781,0.001487518200490781,0.001190014560392625,scenario,cyp_cystitis,1227.9454965883313
1.583333333333,brain,2.498755361879247,0.991530304193,0.008469695807,0.28467040471091803,28.467040471091803,0.049050438216890674,4.905043821689067,0.24788257604825,24.788257604825002,0.0015108373837796635,0.15108373837796635,0.0015108373837796638,0.0012086699070237312,scenario,cyp_cystitis,1201.8519227828522
1.666666666667,brain,2.508414673534907,0.991605373901,0.008394626099,0.28495470072581786,28.495470072581785,0.04940447633409049,4.940447633409049,0.24790134347525,24.790134347525,0.0015348301795057831,0.1534830179505783,0.0015348301795057831,0.0012278641436046266,scenario,cyp_cystitis,1175.75834897706
1.75,brain,2.5182610362325386,0.991677360813,0.008322639187,0.2852425035598377,28.52425035598377,0.04976421780878365,4.976421780878365,0.24791934020325,24.791934020324998,0.001559519907199993,0.1559519907199993,0.0015595199071999932,0.0012476159257599946,scenario,cyp_cystitis,1149.664775171581
1.833333333333,brain,2.528292278082242,0.991746264929,0.008253735071,0.28553382086494716,28.553382086494715,0.05012967284359623,5.012967284359623,0.24793656623225,24.793656623225,0.0015849308360459267,0.15849308360459266,0.0015849308360459267,0.0012679446688367414,scenario,cyp_cystitis,1123.5712013661025
1.916666666667,brain,2.538505911156729,0.99181208625,0.00818791375,0.28582865581017497,28.582865581017497,0.050500845663566635,5.050084566356664,0.2479530215625,24.79530215625,0.0016110882397251652,0.16110882397251652,0.0016110882397251652,0.0012888705917801322,scenario,cyp_cystitis,1097.47762756031
2.0,brain,2.548899125494862,0.991874824774,0.008125175226,0.2861270069315971,28.61270069315971,0.05087773431746282,5.087773431746282,0.2479687061935,24.79687061935,0.00163801845571013,0.163801845571013,0.0016380184557101302,0.0013104147645681043,scenario,cyp_cystitis,1071.384053754831
2.083333333333,brain,2.559468783620552,0.991934481679,0.008065518321,0.28640337036322977,28.640337036322975,0.05122633325797304,5.122633325797303,0.24798362041975,24.798362041975,0.001661749683467127,0.1661749683467127,0.001661749683467127,0.0013293997467737017,scenario,cyp_cystitis,1050.2210111037855
2.166666666667,brain,2.5702114156059612,0.991991242435,0.008008757565,0.2866827647452358,28.66827647452358,0.051579938848647686,5.157993884864768,0.24799781060875,24.799781060875002,0.0016860880616956179,0.16860880616956178,0.0016860880616956179,0.0013488704493564943,scenario,cyp_cystitis,1029.0579684524855
2.25,brain,2.5811232147105727,0.992045241114,0.007954758886,0.28696520043714785,28.696520043714784,0.051938520211530434,5.1938520211530435,0.2480113102785,24.80113102785,0.0017110502149414182,0.1711050214941418,0.0017110502149414182,0.0013688401719531345,scenario,cyp_cystitis,1007.8949258014393
2.333333333333,brain,2.592200033626985,0.992096477717,0.007903522283,0.2872506438909664,28.725064389096637,0.05230203261562184,5.230203261562184,0.24802411942925,24.802411942925,0.0017366532464493287,0.17366532464493287,0.0017366532464493292,0.0013893225971594635,scenario,cyp_cystitis,986.7318831503941
2.416666666667,brain,2.6034373813598677,0.992144952243,0.007855047757,0.2875390562258391,28.753905622583908,0.05267042422011877,5.267042422011877,0.24803623806075,24.803623806075002,0.0017629147617873873,0.17629147617873872,0.0017629147617873873,0.00141033180942991,scenario,cyp_cystitis,965.5688404990946
2.5,brain,2.614830420766855,0.992190664693,0.007809335307,0.28783039313773107,28.783039313773106,0.053043635952641395,5.30436359526414,0.24804766617325,24.804766617325,0.001789852894465046,0.1789852894465046,0.0017898528944650463,0.001431882315572037,scenario,cyp_cystitis,944.4057978480486
2.583333333333,brain,2.6263739667890977,0.992233615066,0.007766384934,0.2881246048161529,28.812460481615286,0.05342160139953711,5.342160139953711,0.2480584037665,24.80584037665,0.0018174863337198665,0.18174863337198666,0.0018174863337198665,0.0014539890669758933,scenario,cyp_cystitis,923.2427551970023
2.666666666667,brain,2.638062485394194,0.992273829205,0.007726170795,0.28842164338444287,28.842164338444288,0.05380424811092386,5.380424811092386,0.24806845730125,24.806845730124998,0.0018458343546529383,0.18458343546529382,0.001845834354652938,0.0014766674837223505,scenario,cyp_cystitis,902.0797125457025
2.75,brain,2.649890093256345,0.99231134212,0.00768865788,0.28872145802308435,28.872145802308435,0.0541914966574458,5.4191496657445795,0.24807783553,24.807783553,0.0018749168509172018,0.18749168509172018,0.0018749168509172018,0.0014999334807337616,scenario,cyp_cystitis,880.916669894657
2.833333333333,brain,2.6618505581971483,0.992346154006,0.007653845994,0.28902398212302943,28.902398212302945,0.054583258162039246,5.458325816203924,0.2480865385015,24.80865385015,0.001904754370180626,0.1904754370180626,0.0019047543701806258,0.0015238034961445007,scenario,cyp_cystitis,859.7536272436112
2.916666666667,brain,2.6739373004048828,0.992378264862,0.007621735138,0.28932914328819287,28.932914328819287,0.05497943609692384,5.497943609692384,0.2480945662155,24.809456621549998,0.001935368152595656,0.1935368152595656,0.0019353681525956562,0.001548294522076525,scenario,cyp_cystitis,838.5905845923115
3.0,brain,2.686143394452087,0.992407674689,0.007592325311,0.2896368633645005,28.96368633645005,0.055379926256334,5.5379926256334,0.24810191867225,24.810191867225,0.0019667801725360727,0.19667801725360726,0.0019667801725360722,0.0015734241380288578,scenario,cyp_cystitis,817.4275419412659
3.083333333333,brain,2.6984615721293905,0.992434383486,0.007565616514,0.2899470584222957,28.994705842229568,0.055784616734394256,5.578461673439426,0.2481085958715,24.81085958715,0.001999013183885884,0.1999013183885884,0.001999013183885884,0.0015992105471087073,scenario,cyp_cystitis,796.2644992902199
3.166666666667,brain,2.7108842261075567,0.992458446161,0.007541553839,0.2902596548117808,29.02596548117808,0.05619339102870769,5.619339102870769,0.24811461154025,24.811461154025,0.002032090769179945,0.20320907691799447,0.002032090769179945,0.001625672615343956,scenario,cyp_cystitis,775.1014566389201
3.25,brain,2.7234034144414156,0.992479994833,0.007520005167,0.2905745957864365,29.057459578643652,0.05660612943758201,5.660612943758201,0.24811999870825,24.811999870824998,0.002066037392933551,0.2066037392933551,0.0020660373929335513,0.001652829914346841,scenario,cyp_cystitis,753.9384139878746
3.333333333333,brain,2.736010865927203,0.992499035307,0.007500964693,0.2908917819962124,29.08917819962124,0.057022697559283235,5.702269755928324,0.24812475882675,24.812475882675,0.002100878459529775,0.2100878459529775,0.0021008784595297745,0.0016807027676238196,scenario,cyp_cystitis,732.7753713368284
3.416666666667,brain,2.7486979863184056,0.992515567584,0.007484432416,0.2912111066843612,29.121110668436117,0.05744295305114822,5.7442953051148224,0.248128891896,24.8128891896,0.002136640376056547,0.2136640376056547,0.0021366403760565474,0.001709312300845238,scenario,cyp_cystitis,711.6123286855285
3.5,brain,2.7614558654067745,0.992529591662,0.007470408338,0.2915324574301554,29.15324574301554,0.05786674601954049,5.786674601954049,0.2481323979155,24.81323979155,0.002173350620533913,0.2173350620533913,0.002173350620533913,0.0017386804964271306,scenario,cyp_cystitis,690.4492860344831
3.583333333333,brain,2.774275284972706,0.992541107543,0.007458892457,0.2918557162124818,29.18557162124818,0.058293919102309105,5.82939191023091,0.24813527688575,24.813527688575,0.0022110378160148376,0.22110378160148375,0.0022110378160148376,0.0017688302528118703,scenario,cyp_cystitis,669.2862433834374
3.666666666667,brain,2.7871467276024733,0.992550115225,0.007449884775,0.292180759482732,29.2180759482732,0.05872430756864263,5.872430756864263,0.24813752880625,24.813752880625,0.0022497318110781274,0.22497318110781275,0.0022497318110781274,0.001799785448862502,scenario,cyp_cystitis,648.1232007321375
3.75,brain,2.800060386371205,0.992556614709,0.007443385291,0.2925074582559305,29.25074582559305,0.05915773943824069,5.915773943824068,0.24813915367725,24.813915367725002,0.0022894637672957897,0.22894637672957896,0.0022894637672957897,0.0018315710138366319,scenario,cyp_cystitis,626.960158081092
3.833333333333,brain,2.8130061753878555,0.992560605996,0.007439394004,0.2928356782128566,29.28356782128566,0.05959403561847547,5.959403561847547,0.248140151499,24.8140151499,0.0023302662543165866,0.23302662543165867,0.0023302662543165866,0.0018642130034532693,scenario,cyp_cystitis,605.7971154300462
3.916666666667,brain,2.825973741191457,0.992562089084,0.007437910916,0.29316527981603707,29.316527981603706,0.06003301006004942,6.003301006004942,0.248140522271,24.8140522271,0.0023721733532603216,0.23721733532603215,0.0023721733532603216,0.0018977386826082574,scenario,cyp_cystitis,584.6340727787463
4.0,brain,2.8389524749893047,0.992561063975,0.007438936025,0.2934961184425781,29.34961184425781,0.06047446993177083,6.047446993177083,0.24814026599375,24.814026599375,0.0024152207692031756,0.24152207692031755,0.002415220769203176,0.001932176615362541,scenario,cyp_cystitis,563.4710301277005
4.083333333333,brain,2.851931525724922,0.992557530667,0.007442469333,0.2937360309562437,29.373603095624368,0.0607955310526582,6.07955310526582,0.24813938266675,24.813938266675002,0.0024372731057192495,0.24372731057192495,0.0024372731057192495,0.0019498184845753996,scenario,cyp_cystitis,556.3735734234857
4.166666666667,brain,2.864899813956624,0.992551489161,0.007448510839,0.2939753929362291,29.39753929362291,0.061116694194638825,6.111669419463882,0.24813787229025,24.813787229025,0.002459517286814026,0.2459517286814026,0.0024595172868140266,0.0019676138294512212,scenario,cyp_cystitis,549.2761167191862
4.25,brain,2.8778460465288256,0.992543268779,0.007456731221,0.2942141311410693,29.421413114106933,0.061437751928425745,6.143775192842575,0.24813581719475,24.813581719475,0.0024819462334283084,0.24819462334283085,0.0024819462334283084,0.0019855569867426467,scenario,cyp_cystitis,542.178660014972
4.333333333333,brain,2.8907587320154238,0.992533748689,0.007466251311,0.294452332530337,29.4452332530337,0.061758527144115984,6.175852714411598,0.24813343717225,24.813343717225,0.002504552565772764,0.2504552565772764,0.002504552565772764,0.0020036420526182114,scenario,cyp_cystitis,535.0812033107575
4.416666666667,brain,2.90362619690756,0.992522976722,0.007477023278,0.29468983508324453,29.468983508324452,0.06207878787032609,6.207878787032609,0.2481307441805,24.81307441805,0.0025273286104676262,0.2527328610467626,0.0025273286104676262,0.002021862888374101,scenario,cyp_cystitis,527.9837466064578
4.5,brain,2.9164366025194814,0.992510952878,0.007489047122,0.2949264598582274,29.49264598582274,0.062398295518303226,6.239829551830322,0.2481277382195,24.81277382195,0.0025502664085044987,0.25502664085044985,0.0025502664085044987,0.0020402131268035992,scenario,cyp_cystitis,520.8862899022428
4.583333333333,brain,2.9291779625834495,0.992497677157,0.007502322843,0.29516202541768766,29.516202541768767,0.06271680817125018,6.271680817125018,0.24812441928925,24.812441928925,0.002573357724032632,0.2573357724032632,0.0025733577240326312,0.002058686179226105,scenario,cyp_cystitis,513.7888331980286
4.666666666667,brain,2.9418381614977918,0.992483149559,0.007516850441,0.2953963480955366,29.53963480955366,0.06303408094104886,6.303408094104886,0.24812078738975,24.812078738975,0.002596594053962309,0.2596594053962309,0.0025965940539623097,0.002077275243169848,scenario,cyp_cystitis,506.6913764937289
4.75,brain,2.9544049731937436,0.992467370084,0.007532629916,0.29562924227367227,29.562924227367226,0.06334986633689636,6.3349866336896365,0.248116842521,24.8116842521,0.002619966638382834,0.2619966638382834,0.0026199666383828345,0.0020959733107062677,scenario,cyp_cystitis,499.59391978951453
4.833333333333,brain,2.9668660805841163,0.992450338732,0.007549661268,0.29586052066683466,29.586052066683465,0.06366391464511291,6.366391464511291,0.248112584683,24.8112584683,0.0026434664717903903,0.26434664717903905,0.0026434664717903903,0.0021147731774323122,scenario,cyp_cystitis,492.49646308529964
4.916666666667,brain,2.979209095550283,0.992432062427,0.007567937573,0.2960899966809395,29.60899966809395,0.06397597476558599,6.397597476558599,0.24810801560675,24.810801560675,0.002667084315110939,0.2667084315110939,0.002667084315110939,0.0021336674520887515,scenario,cyp_cystitis,485.3990063810002
5.0,brain,2.9914215794257273,0.992412654634,0.007587345366,0.296317514464831,29.6317514464831,0.06428580107510799,6.4285801075108,0.2481031636585,24.81031636585,0.002690810708508402,0.2690810708508402,0.0026908107085084018,0.0021526485668067214,scenario,cyp_cystitis,478.30154967678544
5.083333333333,brain,3.003491063932063,0.992392155342,0.007607844658,0.2965428955485567,29.654289554855666,0.06459314228407557,6.459314228407558,0.2480980388355,24.80980388355,0.002714635984965941,0.27146359849659407,0.0027146359849659412,0.002171708787972753,scenario,cyp_cystitis,471.204092972571
5.166666666667,brain,3.015405072517315,0.992370564549,0.007629435451,0.29676594908157483,29.676594908157483,0.06489774392576649,6.489774392576648,0.24809264113725,24.809264113725,0.0027385502846180463,0.27385502846180465,0.0027385502846180468,0.0021908402276944374,scenario,cyp_cystitis,464.10663626827153
5.25,brain,3.0271511420482957,0.992347882257,0.007652117743,0.2969864840722959,29.698648407229587,0.0651993513440612,6.51993513440612,0.24808697056425,24.808697056425,0.002762543569816266,0.2762543569816266,0.002762543569816266,0.0022100348558530126,scenario,cyp_cystitis,457.00917956405686
5.333333333333,brain,3.0387168448069133,0.992324108465,0.007675891535,0.2972043097068948,29.72043097068948,0.06549771012085977,6.5497710120859765,0.24808102711625,24.808102711625,0.002786605640909052,0.2786605640909052,0.002786605640909052,0.002229284512727242,scenario,cyp_cystitis,449.9117228598424
5.416666666667,brain,3.0500898107347214,0.992299243174,0.007700756826,0.29741923567523565,29.741923567523564,0.06579256650898091,6.579256650898091,0.2480748107935,24.807481079349998,0.002810726152706058,0.2810726152706058,0.002810726152706058,0.0022485809221648462,scenario,cyp_cystitis,442.81426615554267
5.5,brain,3.0612577498723788,0.992273286382,0.007726713618,0.2976310724965884,29.763107249658837,0.06608366786811783,6.608366786811783,0.2480683215955,24.806832159549998,0.0028348946316025317,0.28348946316025314,0.0028348946316025313,0.002267915705282025,scenario,cyp_cystitis,435.7168094513283
5.583333333333,brain,3.0722084749391296,0.992246238091,0.007753761909,0.2978396318509715,29.78396318509715,0.06637076310429531,6.6370763104295305,0.24806155952275,24.806155952275,0.002859100493337236,0.2859100493337236,0.002859100493337236,0.0022872803946697886,scenario,cyp_cystitis,428.61935274711357
5.666666666667,brain,3.082929923992595,0.992218156856,0.007781843144,0.29804474449667784,29.804474449667783,0.06665360704357043,6.665360704357043,0.248054539214,24.8054539214,0.002883333061347227,0.2883333061347227,0.002883333061347227,0.0023066664490777817,scenario,cyp_cystitis,421.5218960428138
5.75,brain,3.093410183111869,0.992189139684,0.007810860316,0.29824625462092574,29.824625462092573,0.06693195959990099,6.693195959990099,0.248047284921,24.8047284921,0.0029075815856884554,0.29075815856884557,0.0029075815856884554,0.0023260652685507645,scenario,cyp_cystitis,414.4244393385995
5.833333333333,brain,3.103637509045892,0.992159188036,0.007840811964,0.2984439799014299,29.84439799014299,0.06720557718990652,6.720557718990652,0.248039797009,24.8039797009,0.002931835262489083,0.29318352624890825,0.0029318352624890832,0.002345468209991267,scenario,cyp_cystitis,407.3269826343849
5.916666666667,brain,3.113600351765024,0.992128301912,0.007871698088,0.29863774005449356,29.863774005449358,0.06747421943532478,6.747421943532478,0.248032075478,24.8032075478,0.0029560832538925363,0.29560832538925363,0.0029560832538925367,0.0023648666031140294,scenario,cyp_cystitis,400.22952593008523
6.0,brain,3.123287376856844,0.992096481311,0.007903518689,0.2988273576002861,29.882735760028613,0.06773764969671484,6.7737649696714834,0.24802412032775,24.802412032775003,0.002980314708453289,0.2980314708453289,0.002980314708453289,0.0023842517667626312,scenario,cyp_cystitis,393.1320692258706
6.083333333333,brain,3.1326874877067437,0.992063726234,0.007936273766,0.29901265818801936,29.901265818801935,0.06799563550602586,6.799563550602586,0.2480159315585,24.80159315585,0.003004518781946518,0.3004518781946518,0.003004518781946518,0.0024036150255572143,scenario,cyp_cystitis,386.0346125216562
6.166666666667,brain,3.1417898474007084,0.992030036681,0.007969963319,0.29919347091571635,29.919347091571634,0.06824794899395514,6.824794899395514,0.24800750917025,24.800750917025,0.003028684658543299,0.3028684658543299,0.0030286846585432987,0.0024229477268346393,scenario,cyp_cystitis,378.9371558173565
6.25,brain,3.150583900291158,0.991995412652,0.008004587348,0.2993696286468137,29.93696286468137,0.0684943673117516,6.849436731175159,0.247998853163,24.7998853163,0.0030528015723092702,0.30528015723092705,0.0030528015723092707,0.0024422412578474165,scenario,cyp_cystitis,371.8396991131418
6.333333333333,brain,3.1590593931668813,0.991959860606,0.008040139394,0.2995409702717494,29.954097027174942,0.06873467349366591,6.8734673493665905,0.2479899651515,24.79899651515,0.0030768588289832527,0.30768588289832527,0.0030768588289832527,0.0024614870631866023,scenario,cyp_cystitis,364.7422424089275
6.416666666667,brain,3.1672063959658256,0.99192344084,0.00807655916,0.2997073553344215,29.97073553344215,0.06896866016589534,6.896866016589534,0.24798086021,24.798086021,0.0031008458279832276,0.31008458279832274,0.003100845827983227,0.002480676662386582,scenario,cyp_cystitis,357.64478570462774
6.5,brain,3.1750153219733726,0.991886189318,0.008113810682,0.2998686407444684,29.98686407444684,0.06919612455329117,6.919612455329117,0.2479715473295,24.79715473295,0.0031247520845937475,0.31247520845937476,0.0031247520845937475,0.002499801667674998,scenario,cyp_cystitis,350.547329000413
6.583333333333,brain,3.182476947449482,0.991848132375,0.008151867625,0.3000246854926521,30.00246854926521,0.06941686986520282,6.941686986520282,0.24796203309375,24.796203309375002,0.003148567252287853,0.31485672522878533,0.003148567252287853,0.0025188538018302824,scenario,cyp_cystitis,343.44987229619863
6.666666666667,brain,3.1895824306267793,0.991809296345,0.008190703655,0.3001753538379692,30.017535383796922,0.06963070633562563,6.9630706335625625,0.24795232408625,24.795232408625,0.0031722811451279417,0.31722811451279415,0.0031722811451279417,0.0025378249161023534,scenario,cyp_cystitis,336.3524155918989
6.75,brain,3.19632333002585,0.99176970756,0.00823029244,0.30032051557996153,30.032051557996155,0.06983745158661538,6.983745158661538,0.24794242689,24.794242689,0.0031958837601972203,0.319588376019722,0.00319588376019722,0.002556707008157776,scenario,cyp_cystitis,329.25495888768444
6.833333333333,brain,3.202691622035344,0.991729392356,0.008270607644,0.3004600463235805,30.04600463235805,0.07003693097944061,7.003693097944061,0.247932348089,24.7932348089,0.003219365300012726,0.3219365300012726,0.0032193653000127257,0.0025754922400101805,scenario,cyp_cystitis,322.1575021834698
6.916666666667,brain,3.2086797177041544,0.991688377064,0.008311622936,0.300593827729257,30.0593827729257,0.07022897795100932,7.022897795100932,0.247922094266,24.7922094266,0.0032427161948629926,0.32427161948629923,0.003242716194862993,0.0025941729558903947,scenario,cyp_cystitis,315.0600454791702
7.0,brain,3.214280478697365,0.99164668802,0.00835331198,0.30072174775786714,30.072174775786713,0.07041343433715622,7.041343433715622,0.247911672005,24.7911672005,0.003265927125020949,0.3265927125020949,0.003265927125020949,0.0026127417000167594,scenario,cyp_cystitis,307.9625887749558
7.083333333333,brain,3.2194872323695645,0.991604351556,0.008395648444,0.3008437008984991,30.08437008984991,0.07059015067933211,7.059015067933211,0.247901087889,24.7901087889,0.003288989042782567,0.3288989042782567,0.0032889890427825665,0.0026311912342260532,scenario,cyp_cystitis,300.8651320707411
7.166666666667,brain,3.224293785909701,0.991561394006,0.008438605994,0.3009595883887229,30.09595883887229,0.07075898651629718,7.075898651629718,0.2478903485015,24.78903485015,0.0033118931942744604,0.33118931942744606,0.003311893194274461,0.002649514555419569,scenario,cyp_cystitis,293.7676753664415
7.25,brain,3.2286944395162678,0.991517841704,0.008482158296,0.30106931841987267,30.106931841987265,0.07091981065849685,7.091981065849685,0.247879460426,24.7879460426,0.003334631140981644,0.3334631140981644,0.003334631140981644,0.0026677049127853156,scenario,cyp_cystitis,286.6702186622269
7.333333333333,brain,3.232683998563986,0.991473720984,0.008526279016,0.30117280632987553,30.11728063298755,0.07107250144516734,7.107250144516734,0.247868430246,24.7868430246,0.003357194780947023,0.3357194780947023,0.0033571947809470236,0.002685755824757619,scenario,cyp_cystitis,279.57276195801256
7.416666666667,brain,3.236257784724621,0.991429058179,0.008570941821,0.30126997478221745,30.126997478221746,0.07121694698328998,7.121694698328998,0.24785726454475,24.785726454475,0.003379576369587663,0.3379576369587663,0.003379576369587663,0.0027036610956701307,scenario,cyp_cystitis,272.4753052537127
7.5,brain,3.239411646009211,0.991383879623,0.008616120377,0.3013607539318353,30.136075393183532,0.07135304536811375,7.135304536811375,0.24784596990575,24.784596990575,0.003401768540081155,0.3401768540081155,0.003401768540081155,0.002721414832064924,scenario,cyp_cystitis,265.3778485494982
7.583333333333,brain,3.242141965701829,0.991338211649,0.008661788351,0.30144508157541483,30.144508157541484,0.07148070488421979,7.148070488421979,0.24783455291225,24.783455291225,0.003423764323276468,0.3423764323276468,0.0034237643232764674,0.002739011458621174,scenario,cyp_cystitis,258.28039184528365
7.666666666667,brain,3.2444456701571895,0.991292080592,0.008707919408,0.301522903288437,30.1522903288437,0.07159984418724934,7.1599844187249335,0.247823020148,24.7823020148,0.0034455571670776335,0.34455571670776336,0.003445557167077633,0.0027564457336621065,scenario,cyp_cystitis,251.18293514098397
7.75,brain,3.2463202354390726,0.991245567181,0.008754432819,0.30159418909541247,30.159418909541248,0.07171039640021662,7.171039640021662,0.24781139179525,24.781139179525,0.003467140955257464,0.3467140955257464,0.0034671409552574643,0.0027737127642059717,scenario,cyp_cystitis,244.0854784367696
7.833333333333,brain,3.24776369277962,0.991198960414,0.008801039586,0.3016589804271458,30.165898042714577,0.07181232043152767,7.181232043152767,0.2477997401035,24.77997401035,0.0034885100256598633,0.34885100256598633,0.003488510025659864,0.0027908080205278915,scenario,cyp_cystitis,236.9880217325549
7.916666666667,brain,3.248774632842489,0.991152354125,0.008847645875,0.3017172674740508,30.17172674740508,0.0719055719237344,7.19055719237344,0.24778808853125,24.778808853125,0.0035096591877441263,0.35096591877441263,0.003509659187744127,0.002807727350195302,scenario,cyp_cystitis,229.89056502825522
8.0,brain,3.249352208777296,0.991105813091,0.008894186909,0.30176903975384906,30.176903975384906,0.07199011530813207,7.199011530813207,0.24777645327275,24.777645327275,0.0035305837394336527,0.35305837394336526,0.0035305837394336527,0.002824466991546922,scenario,cyp_cystitis,222.7931083240408
8.083333333333,brain,3.249496138056081,0.99105940209,0.00894059791,0.3017739890087243,30.177398900872433,0.07201218464829912,7.201218464829911,0.2477648505225,24.77648505225,0.00353677783760768,0.35367778376076797,0.0035367778376076795,0.002829422270086144,scenario,cyp_cystitis,220.69806315450802
8.166666666667,brain,3.2492067030859966,0.991013185898,0.008986814102,0.3017723264872228,30.17723264872228,0.07202537335029706,7.202537335029706,0.2477532964745,24.77532964745,0.003542522345070539,0.3542522345070539,0.0035425223450705396,0.0028340178760564317,scenario,cyp_cystitis,218.60301798495004
8.25,brain,3.2484847505965915,0.990967229295,0.009032770705,0.3017640798926988,30.176407989269883,0.07202969675859844,7.202969675859844,0.24774180732375,24.774180732375,0.0035478158764359257,0.3547815876435926,0.003547815876435925,0.00283825270114874,scenario,cyp_cystitis,216.50797281541716
8.333333333333,brain,3.247331689803395,0.990921597057,0.009078402943,0.30174928521612954,30.174928521612955,0.07202518126917272,7.202518126917272,0.24773039926425,24.773039926425,0.0035526576486745814,0.35526576486745814,0.0035526576486745814,0.0028421261189396653,scenario,cyp_cystitis,214.41292764588442
8.416666666667,brain,3.245749489353445,0.990876353962,0.009123646038,0.3017279867014463,30.17279867014463,0.07201186428126174,7.201186428126174,0.2477190884905,24.77190884905,0.0035570474829541483,0.3557047482954148,0.0035570474829541487,0.002845637986363319,scenario,cyp_cystitis,212.31788247632647
8.5,brain,3.2437406730621086,0.990831564787,0.009168435213,0.3017002367919135,30.17002367919135,0.07198979412688462,7.1989794126884625,0.24770789119675,24.770789119674998,0.0035609858051844257,0.35609858051844256,0.0035609858051844257,0.0028487886441475405,scenario,cyp_cystitis,210.22283730679374
8.583333333333,brain,3.241308314453833,0.99078729431,0.00921270569,0.3016660960619539,30.166609606195387,0.07195902997927187,7.1959029979271865,0.2476968235775,24.76968235775,0.0035644736452668585,0.35644736452668585,0.0035644736452668585,0.002851578916213487,scenario,cyp_cystitis,208.12779213726088
8.666666666667,brain,3.2384560301236935,0.990743607309,0.009256392691,0.30162563313216467,30.162563313216467,0.07191964173988623,7.191964173988623,0.24768590182725,24.768590182725,0.003567512635049636,0.35675126350496356,0.0035675126350496354,0.0028540101080397084,scenario,cyp_cystitis,206.03274696770282
8.75,brain,3.235187971939761,0.990700568561,0.009299431439,0.3015789245686551,30.15789245686551,0.07187170990454017,7.1871709904540175,0.24767514214025,24.767514214025,0.0035701050049951884,0.3570105004995188,0.003570105004995188,0.0028560840039961507,scenario,cyp_cystitis,203.93770179817008
8.833333333333,brain,3.23150881810939,0.990658242844,0.009341757156,0.3015260547678713,30.15260547678713,0.07181532540916173,7.181532540916173,0.247664560711,24.7664560711,0.0035722535795703436,0.35722535795703436,0.003572253579570343,0.0028578028636562745,scenario,cyp_cystitis,201.84265662863737
8.916666666667,brain,3.2274237631369553,0.990616694934,0.009383305066,0.30146711582477104,30.146711582477103,0.07175058945502807,7.1750589455028075,0.2476541737335,24.765417373349997,0.0035739617713723025,0.35739617713723026,0.003573961771372303,0.0028591694170978423,scenario,cyp_cystitis,199.74761145907934
9.0,brain,3.22293850670302,0.990575989611,0.009424010389,0.30140220738894047,30.140220738894048,0.07167761331492062,7.167761331492062,0.24764399740275,24.764399740275,0.003575233574008522,0.35752335740085217,0.003575233574008522,0.0028601868592068175,scenario,cyp_cystitis,197.65256628954648
9.083333333333,brain,3.2180592414976896,0.990536191651,0.009463808349,0.30133143650201155,30.133143650201156,0.07159651811901535,7.159651811901535,0.24763404791275,24.763404791275,0.00357607355375181,0.357607355375181,0.0035760735537518095,0.0028608588430014477,scenario,cyp_cystitis,195.55752112001366
9.166666666667,brain,3.212792640045408,0.99049728147,0.00950271853,0.30125489176702713,30.125489176702715,0.07150742853270285,7.150742853270285,0.2476243203675,24.762432036750003,0.003576486839995181,0.3576486839995181,0.003576486839995181,0.002861189471996145,scenario,cyp_cystitis,193.4624759504558
9.25,brain,3.2071458405600692,0.990459070832,0.009540929168,0.30117261755977925,30.117261755977925,0.07141046646903898,7.141046646903898,0.247614767708,24.7614767708,0.00357647911453516,0.357647911453516,0.00357647911453516,0.002861183291628128,scenario,cyp_cystitis,191.36743078092292
9.333333333333,brain,3.2011264318717547,0.990421572958,0.009578427042,0.3010847264098654,30.108472640986538,0.07130577756048717,7.130577756048718,0.2476053932395,24.760539323950002,0.0035760565997152534,0.3576056599715253,0.0035760565997152534,0.0028608452797722027,scenario,cyp_cystitis,189.27238561139018
9.416666666667,brain,3.194742437470758,0.990384814279,0.009615185721,0.30099134150728324,30.099134150728325,0.07119351725004433,7.119351725004433,0.24759620356975,24.759620356975002,0.003575226045464585,0.3575226045464585,0.0035752260454645856,0.0028601808363716685,scenario,cyp_cystitis,187.17734044183223
9.5,brain,3.1880022987153804,0.990348821228,0.009651178772,0.30089259246056244,30.089259246056244,0.0710738495380832,7.10738495380832,0.247587205307,24.7587205307,0.0035739947152700815,0.35739947152700813,0.003573994715270082,0.0028591957722160655,scenario,cyp_cystitis,185.08229527229935
9.583333333333,brain,3.1809148572518713,0.990313620236,0.009686379764,0.30078861506002674,30.078861506002674,0.07094694666803564,7.094694666803564,0.247578405059,24.7578405059,0.0035723703711232377,0.35723703711232374,0.003572370371123238,0.0028578962968985907,scenario,cyp_cystitis,182.98725010276652
9.666666666667,brain,3.1734893366991086,0.990279237734,0.009720762266,0.3006795510318183,30.06795510318183,0.07081298879775781,7.081298879775781,0.2475698094335,24.756980943349998,0.0035703612574857226,0.35703612574857224,0.0035703612574857226,0.0028562890059885783,scenario,cyp_cystitis,180.8922049332086
9.75,brain,3.165735323650484,0.990245700154,0.009754299846,0.3005655477811584,30.05655477811584,0.07067216365687787,7.067216365687787,0.2475614250385,24.75614250385,0.0035679760843206295,0.35679760843206293,0.0035679760843206295,0.002854380867456504,scenario,cyp_cystitis,178.79715976367586
9.833333333333,brain,3.157662748046807,0.990213033929,0.009786966071,0.30044675812547095,30.044675812547094,0.0705246661909613,7.05246661909613,0.24755325848225,24.755325848225,0.003565224009238307,0.3565224009238307,0.0035652240092383073,0.002852179207390646,scenario,cyp_cystitis,176.70211459414296
9.916666666667,brain,3.149281862978003,0.990181265488,0.009818734512,0.3003233400168409,30.03233400168409,0.07037069819312125,7.037069819312125,0.247545316372,24.7545316372,0.0035621146188088352,0.35621146188088354,0.003562114618808835,0.002849691695047068,scenario,cyp_cystitis,174.60706942458518
10.0,brain,3.1406032239702952,0.990150421264,0.009849578736,0.30019545625994143,30.019545625994144,0.07021046792525525,7.021046792525524,0.247537605316,24.7537605316,0.003558657909094786,0.35586579090947856,0.003558657909094786,0.002846926327275829,scenario,cyp_cystitis,172.5120242550523
10.083333333333,brain,3.131637667816319,0.990120527689,0.009879472311,0.3000632742182315,30.006327421823148,0.07004418972797531,7.004418972797531,0.24753013192225,24.753013192225,0.003554864265459503,0.3554864265459503,0.0035548642654595025,0.002843891412367602,scenario,cyp_cystitis,170.41697908551947
10.166666666667,brain,3.1223962910092533,0.990091611194,0.009908388806,0.29992696551463527,29.992696551463528,0.06987208362151365,6.987208362151365,0.2475229027985,24.75229027985,0.003550744441709036,0.3550744441709036,0.003550744441709036,0.002840595553367229,scenario,cyp_cystitis,168.3219339159615
10.25,brain,3.1128904278400116,0.99006369821,0.00993630179,0.2997867057262154,29.978670572621542,0.06969437489828723,6.969437489828723,0.2475159245525,24.751592455249998,0.0035463095386264304,0.35463095386264304,0.003546309538626431,0.002837047630901145,scenario,cyp_cystitis,166.2268887464287
10.333333333333,brain,3.1031316282167,0.99003681517,0.00996318483,0.29964267407357936,29.964267407357937,0.0695112937081058,6.9511293708105795,0.2475092037925,24.75092037925,0.0035415709819581233,0.3541570981958123,0.0035415709819581233,0.0028332567855664987,scenario,cyp_cystitis,164.13184357689588
10.416666666667,brain,3.093131635268787,0.990010988504,0.009989011496,0.29949505310338936,29.949505310338935,0.06932307463651916,6.932307463651916,0.247502747126,24.7502747126,0.003536540499914721,0.3536540499914721,0.0035365404999147206,0.0028292323999317766,scenario,cyp_cystitis,162.03679840733793
10.5,brain,3.0829023627955046,0.989986244646,0.010013755354,0.29934402837049434,29.934402837049433,0.06912995627865909,6.912995627865909,0.2474965611615,24.74965611615,0.0035312301002480497,0.35312301002480495,0.0035312301002480492,0.0028249840801984395,scenario,cyp_cystitis,159.94175323780524
10.583333333333,brain,3.0724558726175224,0.989962513898,0.010037486102,0.2991897590601536,29.918975906015362,0.06893217411420481,6.893217411420481,0.2474906284745,24.749062847450002,0.0035256520469668074,0.35256520469668073,0.003525652046966808,0.0028205216375734466,scenario,cyp_cystitis,157.8467080682723
10.666666666667,brain,3.0618043518938247,0.989939639519,0.010060360481,0.29903238048096525,29.903238048096526,0.0687299608016203,6.8729960801620305,0.24748490987975,24.748490987975,0.003519818836755244,0.3519818836755244,0.003519818836755244,0.0028158550694041954,scenario,cyp_cystitis,155.75166289871447
10.75,brain,3.050960090461893,0.989917614763,0.010082385237,0.2988720753738061,29.88720753738061,0.06852356224407483,6.852356224407482,0.24747940369075,24.747940369075,0.003513743175158026,0.35137431751580256,0.0035137431751580267,0.0028109945401264217,scenario,cyp_cystitis,153.65661772918168
10.833333333333,brain,3.0399354582582716,0.98989643567,0.01010356433,0.2987090290488812,29.87090290488812,0.06831322684184161,6.831322684184162,0.2474741089175,24.74741089175,0.003507437952594154,0.3507437952594154,0.0035074379525941546,0.002805950362075324,scenario,cyp_cystitis,151.56157255964885
10.916666666667,brain,3.028742882879082,0.989876098282,0.010123901718,0.2985434282160327,29.854342821603268,0.06809920486071025,6.809920486071025,0.2474690245705,24.74690245705,0.0035009162202646067,0.35009162202646066,0.0035009162202646062,0.002800732976211685,scenario,cyp_cystitis,149.46652739009087
11.0,brain,3.0173948273354467,0.989856598641,0.010143401359,0.2983754606568575,29.83754606568575,0.0678817479954767,6.78817479954767,0.24746414966025,24.746414966025,0.003494191166016081,0.34941911660160807,0.003494191166016081,0.002795352932812865,scenario,cyp_cystitis,147.3714822205581
11.083333333333,brain,3.0059037680572276,0.989837932788,0.010162067212,0.29820531489850227,29.82053148985023,0.06766110893533638,6.766110893533638,0.247459483197,24.745948319700002,0.00348727609022242,0.348727609022242,0.0034872760902224195,0.002789820872177936,scenario,cyp_cystitis,145.27643705102525
11.166666666667,brain,2.9942821732006237,0.989820096764,0.010179903236,0.2980331798902436,29.803317989024357,0.06743754093232475,6.743754093232475,0.247455024191,24.7455024191,0.0034801843817465913,0.3480184381746591,0.003480184381746591,0.002784147505397273,scenario,cyp_cystitis,143.1813918814673
11.25,brain,2.9825424813098618,0.989803086611,0.010196913389,0.29785924468299807,29.785924468299807,0.0672112973736641,6.72112973736641,0.24745077165275,24.745077165275,0.0034729294940430517,0.34729294940430516,0.003472929494043052,0.002778343595234442,scenario,cyp_cystitis,141.08634671193443
11.333333333333,brain,2.9706970803812265,0.98978689837,0.01021310163,0.29768369811159223,29.768369811159225,0.06698263135878967,6.698263135878967,0.2474467245925,24.74467245925,0.0034655249214588803,0.346552492145888,0.0034655249214588803,0.0027724199371671043,scenario,cyp_cystitis,138.99130154240174
11.416666666667,brain,2.9587582873794833,0.989771528084,0.010228471916,0.29750672848297127,29.75067284829713,0.06675179528262833,6.675179528262833,0.247442882021,24.7442882021,0.003457984175793038,0.3457984175793038,0.003457984175793038,0.0027663873406344307,scenario,cyp_cystitis,136.89625637284377
11.5,brain,2.946738328250865,0.989756971792,0.010243028208,0.2973285232668361,29.732852326683613,0.0665190404251148,6.651904042511481,0.247439242948,24.7439242948,0.0034503207631692225,0.34503207631692223,0.003450320763169222,0.002760256610535378,scenario,cyp_cystitis,134.80121120331094
11.583333333333,brain,2.9346493184744533,0.989743225537,0.010256774463,0.2971492687963039,29.714926879630386,0.06628461654940519,6.628461654940519,0.24743580638425,24.743580638425,0.0034425481612759662,0.3442548161275966,0.0034425481612759662,0.0027540385290207733,scenario,cyp_cystitis,132.70616603377817
11.666666666667,brain,2.9225032441953083,0.989730285361,0.010269714639,0.29696914997118484,29.696914997118483,0.06604877150791312,6.604877150791312,0.24743257134025,24.743257134025,0.0034346797970280967,0.3434679797028097,0.003434679797028097,0.002747743837622478,scenario,cyp_cystitis,130.61112086422014
11.75,brain,2.910311943976391,0.989718147304,0.010281852696,0.29678834996962344,29.678834996962344,0.06581175085816458,6.581175085816458,0.247429536826,24.7429536826,0.003426729024699283,0.34267290246992826,0.0034267290246992824,0.002741383219759426,scenario,cyp_cystitis,128.51607569468734
11.833333333333,brain,2.898087091203702,0.989706807409,0.010293192591,0.29660704996930276,29.660704996930278,0.06557379748940373,6.557379748940373,0.24742670185225,24.742670185225,0.0034187091045730276,0.3418709104573028,0.003418709104573027,0.002734967283658422,scenario,cyp_cystitis,126.42103052515456
11.916666666667,brain,2.8858401771803925,0.989696261716,0.010303738284,0.2964254288737478,29.64254288737478,0.06533515125966369,6.533515125966368,0.247424065429,24.7424065429,0.00341063318215975,0.341063318215975,0.0034106331821597505,0.0027285065457278005,scenario,cyp_cystitis,124.32598535559663
12.0,brain,2.8735824949389768,0.989686501072,0.010313498928,0.2962436614958488,29.62436614958488,0.06509604830379839,6.509604830379839,0.247421625268,24.742162526799998,0.0034025142680225795,0.34025142680225795,0.0034025142680225795,0.002722011414418064,scenario,cyp_cystitis,122.2309401860638
12.083333333333,brain,2.8613251237979966,0.989677518765,0.010322481235,0.2960504497322668,29.60504497322668,0.06484142672135573,6.484142672135573,0.24741937969125,24.741937969125,0.0033897062040091686,0.33897062040091686,0.0033897062040091686,0.0027117649632073353,scenario,cyp_cystitis,121.68072025491628
12.166666666667,brain,2.8490789146906854,0.989669314794,0.010330685206,0.29585751249897013,29.58575124989701,0.06458691173396018,6.458691173396018,0.2474173286985,24.74173286985,0.003376898423837124,0.3376898423837124,0.0033768984238371244,0.0027015187390696995,scenario,cyp_cystitis,121.13050032376208
12.25,brain,2.836854476286379,0.989661889159,0.010338110841,0.29566501823821245,29.566501823821245,0.06433272793128324,6.433272793128324,0.24741547228975,24.741547228975,0.003364103466486357,0.3364103466486357,0.003364103466486357,0.002691282773189086,scenario,cyp_cystitis,120.58028039261457
12.333333333333,brain,2.824662161922597,0.98965524186,0.01034475814,0.2954731317556726,29.547313175567258,0.06407909505423011,6.407909505423011,0.247413810465,24.7413810465,0.003351333594939519,0.3351333594939519,0.003351333594939519,0.0026810668759516152,scenario,cyp_cystitis,120.03006046146704
12.416666666667,brain,2.8125120573668334,0.989649372897,0.010350627103,0.29528201401313814,29.528201401313815,0.06382622771851751,6.382622771851751,0.24741234322425,24.741234322424997,0.0033386007809814147,0.33386007809814144,0.0033386007809814147,0.002670880624785132,scenario,cyp_cystitis,119.4798405303129
12.5,brain,2.8004139694202728,0.98964428227,0.01035571773,0.29509182193310113,29.509182193310114,0.06357433515413483,6.357433515413483,0.2474110705675,24.74110705675,0.0033259166909452168,0.3325916690945217,0.003325916690945217,0.002660733352756174,scenario,cyp_cystitis,118.9296205991653
12.583333333333,brain,2.7883774153728726,0.989639969978,0.010360030022,0.29490270821524506,29.490270821524504,0.0633236209609934,6.332362096099339,0.2474099924945,24.74099924945,0.0033132926724205526,0.33132926724205525,0.0033132926724205526,0.0026506341379364425,scenario,cyp_cystitis,118.37940066801778
12.666666666667,brain,2.776411613320355,0.989636436023,0.010363563977,0.29471482116690756,29.471482116690755,0.06307428288154343,6.307428288154343,0.24740910900575,24.740910900575,0.00330073974193939,0.330073974193939,0.00330073974193939,0.002640591793551512,scenario,cyp_cystitis,117.8291807368637
12.75,brain,2.7645254733469486,0.989633680404,0.010366319596,0.2945283045432416,29.452830454324157,0.06282651258965541,6.282651258965541,0.247408420101,24.7408420101,0.00328826857364829,0.328826857364829,0.00328826857364829,0.0026306148589186323,scenario,cyp_cystitis,117.27896080571608
12.833333333333,brain,2.752727589575055,0.989631703121,0.010368296879,0.2943432974031892,29.434329740318923,0.06258049549725228,6.258049549725228,0.24740792578025,24.740792578025,0.00327588948897249,0.327588948897249,0.0032758894889724894,0.0026207115911779915,scenario,cyp_cystitis,116.72874087456853
12.916666666667,brain,2.741026233084211,0.989630504173,0.010369495827,0.2941599339766716,29.41599339766716,0.06233641057789547,6.233641057789547,0.24740762604325,24.740762604325,0.0032636124472781736,0.32636124472781736,0.003263612447278173,0.0026108899578225386,scenario,cyp_cystitis,116.1785209434144
13.0,brain,2.7294293456952117,0.989630083562,0.010369916438,0.29397834354663477,29.397834354663477,0.06209443020817971,6.209443020817971,0.2474075208905,24.740752089049998,0.003251447037532123,0.3251447037532123,0.0032514470375321226,0.002601157630025698,scenario,cyp_cystitis,115.62830101226693
13.083333333333,brain,2.7179445346128244,0.989630441287,0.010369558713,0.29379865034122343,29.379865034122343,0.06185472002596459,6.185472002596459,0.24740761032175,24.740761032174998,0.0032394024709550325,0.32394024709550323,0.0032394024709550325,0.0025915219767640263,scenario,cyp_cystitis,115.07808108111934
13.166666666667,brain,2.706579067921825,0.989631577347,0.010368422653,0.2936209734417787,29.36209734417787,0.06161743880670489,6.161743880670489,0.24740789433675,24.740789433675,0.0032274875746657818,0.32274875746657816,0.003227487574665782,0.002581990059732626,scenario,cyp_cystitis,114.52786114996515
13.25,brain,2.695339870924929,0.989633491744,0.010366508256,0.29344542670392604,29.344542670392602,0.06138273835723473,6.1382738357234725,0.247408372936,24.7408372936,0.003215710786307116,0.3215710786307116,0.003215710786307116,0.002572568629045693,scenario,cyp_cystitis,113.9776412188177
13.333333333333,brain,2.68423352330901,0.989636184477,0.010363815523,0.29327211868899544,29.327211868899543,0.0611507634263273,6.1150763426327295,0.24740904611925,24.740904611925,0.0032040801496405606,0.3204080149640561,0.0032040801496405606,0.0025632641197124487,scenario,cyp_cystitis,113.42742128767007
13.416666666667,brain,2.6732662571274926,0.989639655545,0.010360344455,0.29310115261104175,29.310115261104176,0.06092165163305566,6.092165163305566,0.24740991388625,24.740991388624998,0.003192603311099582,0.31926033110995816,0.003192603311099582,0.0025540826488796658,scenario,cyp_cystitis,112.87720135651593
13.5,brain,2.6624439555810393,0.98964390495,0.01035609505,0.29293262629662176,29.293262629662177,0.060695533412162335,6.069553341216234,0.2474109762375,24.74109762375,0.003181287517283574,0.3181287517283574,0.0031812875172835746,0.00254503001382686,scenario,cyp_cystitis,112.32698142536842
13.583333333333,brain,2.6517721525768074,0.98964893269,0.01035106731,0.29276663215416665,29.276663215416665,0.06047253197555558,6.047253197555557,0.2474122331725,24.74122331725,0.003170139613373003,0.3170139613373003,0.0031701396133730028,0.0025361116906984023,scenario,cyp_cystitis,111.7767614942209
13.666666666667,brain,2.6412560330482657,0.989654738767,0.010345261233,0.2926032571601692,29.260325716016922,0.06025276329122561,6.025276329122561,0.24741368469175,24.741368469175,0.0031591660424474264,0.31591660424474266,0.003159166042447426,0.002527332833957941,scenario,cyp_cystitis,111.2265415630667
13.75,brain,2.6309004340122364,0.989661323179,0.010338676821,0.2924425828527341,29.24425828527341,0.06003633607731215,6.003633607731215,0.24741533079475,24.741533079475,0.003148372845682207,0.3148372845682207,0.0031483728456822065,0.0025186982765457652,scenario,cyp_cystitis,110.67632163191922
13.833333333333,brain,2.62070984633839,0.989668685928,0.010331314072,0.29228468534165875,29.228468534165874,0.05982335181287838,5.982335181287838,0.247417171482,24.7417171482,0.003137765663397883,0.3137765663397883,0.003137765663397883,0.0025102125307183065,scenario,cyp_cystitis,110.12610170077166
13.916666666667,brain,2.6106884172083276,0.989676827012,0.010323172988,0.29212963532529884,29.212963532529884,0.05961390476306511,5.961390476306511,0.247419206753,24.7419206753,0.0031273497369377866,0.3127349736937787,0.003127349736937787,0.0025018797895502297,scenario,cyp_cystitis,109.57588176961747
14.0,brain,2.600839953236595,0.98968573563,0.01031426437,0.29197749493620895,29.197749493620893,0.05940808137161194,5.940808137161194,0.2474214339075,24.742143390749998,0.0031171299113441973,0.31171299113441975,0.0031171299113441973,0.002493703929075358,scenario,cyp_cystitis,109.02566183846997
14.083333333333,brain,2.5911679242249366,0.989695110615,0.010304889385,0.2918282353555574,29.18282353555574,0.059205943602409855,5.920594360240986,0.24742377765375,24.742377765375,0.0031071106388018952,0.31071106388018954,0.0031071106388018952,0.002485688511041516,scenario,cyp_cystitis,108.47544190732243
14.166666666667,brain,2.581675467523202,0.989704815296,0.010295184704,0.2916818711383983,29.168187113839828,0.05900755641919774,5.900755641919774,0.247426203824,24.7426203824,0.0030972959828198692,0.30972959828198693,0.003097295982819869,0.002477836786255895,scenario,cyp_cystitis,107.92522197616826
14.25,brain,2.5723653929661126,0.989714849673,0.010285150327,0.291538451948511,29.1538451948511,0.05881298604034798,5.881298604034798,0.24742871241825,24.742871241825,0.0030876896231172434,0.30876896231172435,0.0030876896231172434,0.0024701516984937948,scenario,cyp_cystitis,107.37500204502074
14.333333333333,brain,2.5632401883544125,0.989725213746,0.010274786254,0.29139802228712164,29.139802228712163,0.05862229180082887,5.8622291800828865,0.2474313034365,24.743130343649998,0.003078294861178528,0.30782948611785277,0.0030782948611785274,0.002462635888942822,scenario,cyp_cystitis,106.82478211387317
14.416666666667,brain,2.554302025451304,0.989735907516,0.010264092484,0.2912606215731526,29.126062157315257,0.058435526258870094,5.84355262588701,0.247433976879,24.7433976879,0.0030691146264454415,0.30691146264454416,0.003069114626445442,0.0024552917011563535,scenario,cyp_cystitis,106.27456218271908
14.5,brain,2.545552766461368,0.989746930982,0.010253069018,0.29112628423092834,29.112628423092836,0.05825273531390444,5.825273531390444,0.2474367327455,24.743673274549998,0.003060151483108515,0.3060151483108515,0.003060151483108515,0.0024481211864868123,scenario,cyp_cystitis,105.72434225157154
14.583333333333,brain,2.5369939709589078,0.989758284145,0.010241715855,0.29099503978807545,29.099503978807544,0.05807395833576726,5.807395833576726,0.24743957103625,24.743957103625,0.003051407637461159,0.3051407637461159,0.003051407637461159,0.0024411261099689273,scenario,cyp_cystitis,105.17412232042399
14.666666666667,brain,2.5286269032352138,0.989769967003,0.010230032997,0.29086691297843803,29.086691297843803,0.05789922830358402,5.789922830358402,0.24744249175075,24.744249175075,0.0030428849457812828,0.3042884945781283,0.0030428849457812828,0.0024343079566250263,scenario,cyp_cystitis,104.62390238926984
14.75,brain,2.5204525400310933,0.989781979558,0.010218020442,0.2907419238556617,29.07419238556617,0.0577285719548823,5.77285719548823,0.2474454948895,24.74454948895,0.003034584922702131,0.3034584922702131,0.003034584922702131,0.002427667938161705,scenario,cyp_cystitis,104.07368245812224
14.833333333333,brain,2.512471578621129,0.98979432181,0.01020567819,0.29062008790956534,29.062008790956533,0.05756200994275379,5.756200994275379,0.2474485804525,24.74485804525,0.003026508750033929,0.3026508750033929,0.0030265087500339284,0.002421207000027143,scenario,cyp_cystitis,103.52346252697471
14.916666666667,brain,2.5046844452188273,0.989806993757,0.010193006243,0.29050141619039477,29.050141619039476,0.05739955700152634,5.739955700152634,0.24745174843925,24.745174843925,0.003018657286000539,0.3018657286000539,0.003018657286000539,0.002414925828800431,scenario,cyp_cystitis,102.97324259582058
15.0,brain,2.4970913036692184,0.989819995401,0.010180004599,0.2903859154404148,29.03859154404148,0.057241222120219794,5.724122212021979,0.24745499885025,24.745499885024998,0.0030110310748525148,0.3011031074852515,0.0030110310748525148,0.002408824859882012,scenario,cyp_cystitis,102.42302266467303
15.083333333333,brain,2.4896920643958977,0.989833326741,0.010166673259,0.29027358822672406,29.027358822672404,0.057087008721965427,5.708700872196543,0.24745833168525,24.745833168525,0.0030036303568182865,0.30036303568182865,0.0030036303568182865,0.0024029042854546295,scenario,cyp_cystitis,101.87280273352553
15.166666666667,brain,2.482486393572338,0.989846987778,0.010153012222,0.29016443308213324,29.016443308213326,0.056936914850177635,5.693691485017763,0.2474617469445,24.746174694449998,0.002996455078357973,0.2996455078357973,0.0029964550783579728,0.0023971640626863785,scenario,cyp_cystitis,101.32258280237139
15.25,brain,2.4754737224851824,0.989860978511,0.010139021489,0.2900584446474087,29.00584446474087,0.05679093335954499,5.6790933359545,0.24746524462775,24.746524462775,0.0029895049026820875,0.29895049026820875,0.0029895049026820875,0.00239160392214567,scenario,cyp_cystitis,100.77236287122383
15.333333333333,brain,2.4686532570579467,0.989875157053,0.010124842947,0.2899555722573137,28.99555722573137,0.05664904399208499,5.664904399208499,0.24746878926325,24.746878926325,0.0029827792204981207,0.29827792204981207,0.0029827792204981203,0.0023862233763984964,scenario,cyp_cystitis,100.22214294007624
15.416666666667,brain,2.4620239875064867,0.989889369861,0.010110630139,0.289855758298479,28.9855758298479,0.05651122111097201,5.651122111097201,0.24747234246525,24.747234246525,0.002976277160950839,0.29762771609508387,0.0029762771609508384,0.002381021728760671,scenario,cyp_cystitis,99.67192300892209
15.5,brain,2.455584698095904,0.989903616876,0.010096383124,0.2897589867022011,28.97589867022011,0.05637744331093479,5.637744331093479,0.247475904219,24.7475904219,0.0029699976027204814,0.29699976027204816,0.002969997602720481,0.002375998082176385,scenario,cyp_cystitis,99.12170307777455
15.583333333333,brain,2.449333976969526,0.989917898097,0.010082101903,0.28966523812339273,28.966523812339272,0.056247684798856945,5.624768479885694,0.24747947452425,24.747947452425002,0.002963939185244008,0.29639391852440083,0.0029639391852440077,0.0023711513481952063,scenario,cyp_cystitis,98.57148314662707
15.666666666667,brain,2.443270226023548,0.989932213524,0.010067786476,0.2895744900797933,28.95744900797933,0.05612191559839108,5.612191559839108,0.247483053381,24.7483053381,0.0029581003200275196,0.29581003200275197,0.0029581003200275205,0.0023664802560220168,scenario,cyp_cystitis,98.02126321547287
15.75,brain,2.4373916707996575,0.989946563157,0.010053436843,0.2894867171086354,28.94867171086354,0.056000101759180514,5.600010175918051,0.24748664078925,24.748664078925,0.002952479202016758,0.2952479202016758,0.0029524792020167575,0.002361983361613406,scenario,cyp_cystitis,97.47104328432536
15.833333333333,brain,2.4316963703690786,0.989960946996,0.010039053004,0.2894018909241835,28.94018909241835,0.055882205566911355,5.588220556691136,0.247490236749,24.749023674900002,0.002947073820993827,0.2947073820993827,0.002947073820993827,0.0023576590567950615,scenario,cyp_cystitis,96.92082335317782
15.916666666667,brain,2.4261822271844435,0.989975365042,0.010024634958,0.28931998057572533,28.93199805757253,0.055768185753633764,5.576818575363377,0.2474938412605,24.74938412605,0.002941881972971249,0.2941881972971249,0.002941881972971249,0.0023535055783769996,scenario,cyp_cystitis,96.37060342202365
16.0,brain,2.420846996874932,0.989989817294,0.010010182706,0.28924095260411725,28.924095260411725,0.055657997707489686,5.565799770748969,0.2474974543235,24.74974543235,0.0029369012715536515,0.29369012715536513,0.0029369012715536515,0.0023495210172429213,scenario,cyp_cystitis,95.82038349087608
16.083333333333,brain,2.4156882979614105,0.990004303753,0.009995696247,0.28916477119968476,28.916477119968476,0.05555159368191304,5.555159368191305,0.24750107593825,24.750107593825,0.0029321291592388347,0.2932129159238835,0.0029321291592388347,0.002345703327391068,scenario,cyp_cystitis,95.27016355972856
16.166666666667,brain,2.4107036214711717,0.990018824418,0.009981175582,0.2890913983567216,28.90913983567216,0.05544892300296207,5.544892300296207,0.2475047061045,24.75047061045,0.002927562918632844,0.2927562918632844,0.0029275629186328446,0.002342050334906276,scenario,cyp_cystitis,94.71994362857447
16.25,brain,2.405890340431211,0.990033379289,0.009966620711,0.2890207940285908,28.902079402859084,0.05534993227512106,5.534993227512106,0.24750834482225,24.750834482225002,0.00292319968355325,0.29231996835532503,0.00292319968355325,0.0023385597468426,scenario,cyp_cystitis,94.16972369742687
16.333333333333,brain,2.401245719220343,0.990047968366,0.009952031634,0.2889529162798555,28.895291627985547,0.05525456558447396,5.525456558447396,0.2475119920915,24.75119920915,0.0029190364499963794,0.29190364499963795,0.0029190364499963794,0.0023352291599971035,scenario,cyp_cystitis,93.61950376627934
16.416666666667,brain,2.396766922763205,0.990062591649,0.009937408351,0.2888877214365836,28.888772143658358,0.05516276469911146,5.516276469911146,0.24751564791225,24.751564791225,0.0029150700869470104,0.29150700869470103,0.0029150700869470104,0.0023320560695576083,scenario,cyp_cystitis,93.06928383512519
16.5,brain,2.3924510255487936,0.990077249139,0.009922750861,0.2888251642345082,28.88251642345082,0.055074469266344274,5.507446926634428,0.24751931228475,24.751931228474998,0.002911297347008951,0.2911297347008951,0.0029112973470089513,0.002329037877607161,scenario,cyp_cystitis,92.51906390397764
16.583333333333,brain,2.3882950204575257,0.990091893899,0.009908106101,0.28876518427417,28.876518427416997,0.05498961439922665,5.498961439922665,0.24752297347475,24.752297347475,0.002907714876836442,0.2907714876836442,0.0029077148768364416,0.0023261719014691534,scenario,cyp_cystitis,91.96884397283011
16.666666666667,brain,2.3842958273834536,0.990106407435,0.009893592565,0.2887076989989731,28.870769899897308,0.05490812952029746,5.490812952029746,0.24752660185875,24.752660185875,0.0029043192273490296,0.290431922734903,0.0029043192273490296,0.002323455381879224,scenario,cyp_cystitis,91.41862404167597
16.75,brain,2.3804503016380125,0.990120783984,0.009879216016,0.2886526575803014,28.86526575803014,0.054829948779068535,5.482994877906854,0.247530195996,24.7530195996,0.002901106863712607,0.2901106863712607,0.0029011068637126076,0.002320885490970086,scenario,cyp_cystitis,90.86840411052842
16.833333333333,brain,2.376755242123008,0.990135023545,0.009864976455,0.2886000098388797,28.860000983887968,0.05475500527017286,5.475500527017286,0.24753375588625,24.753375588625,0.0028980741750709014,0.28980741750709016,0.0028980741750709014,0.002318459340056721,scenario,cyp_cystitis,90.31818417938089
16.916666666667,brain,2.373207399263023,0.990149126118,0.009850873882,0.28854970469600905,28.854970469600904,0.054683230888678755,5.4683230888678755,0.2475372815295,24.75372815295,0.002895217484014156,0.2895217484014156,0.002895217484014156,0.0023161739872113248,scenario,cyp_cystitis,89.76796424822672
17.0,brain,2.3698034826872716,0.990163091704,0.009836908296,0.28850169030153583,28.850169030153584,0.05461455650071447,5.461455650071447,0.247540772926,24.754077292599998,0.0028925330557719882,0.2892533055771988,0.0028925330557719882,0.002314026444617591,scenario,cyp_cystitis,89.21774431707922
17.083333333333,brain,2.3665401686522216,0.990176920302,0.009823079698,0.28845591415690897,28.845591415690897,0.05454891210854527,5.454891210854527,0.2475442300755,24.75442300755,0.0028900171071189478,0.2890017107118948,0.002890017107118948,0.0023120136856951586,scenario,cyp_cystitis,88.66752438593163
17.166666666667,brain,2.363414107198565,0.990190611912,0.009809388088,0.28841232323581534,28.841232323581533,0.054486227010420496,5.44862270104205,0.247547652978,24.7547652978,0.0028876658149835205,0.28876658149835205,0.0028876658149835205,0.0023101326519868164,scenario,cyp_cystitis,88.11730445477751
17.25,brain,2.360421929036027,0.990204166535,0.009795833465,0.2883708640996368,28.837086409963682,0.054426429954515756,5.442642995451576,0.24755104163375,24.755104163374998,0.002885475324751676,0.28854753247516757,0.002885475324751676,0.0023083802598013407,scenario,cyp_cystitis,87.56708452362999
17.333333333333,brain,2.357560252150745,0.99021758417,0.00978241583,0.28833148300761735,28.833148300761735,0.05436944928682313,5.436944928682313,0.2475543960425,24.75543960425,0.0028834417582575106,0.28834417582575106,0.00288344175825751,0.0023067534066060083,scenario,cyp_cystitis,87.01686459248242
17.416666666667,brain,2.354825688131932,0.990230864817,0.009769135183,0.2882941260242848,28.829412602428476,0.054315213093379715,5.431521309337971,0.24755771620425,24.755771620424998,0.0028815612214555084,0.28815612214555086,0.0028815612214555084,0.002305248977164407,scenario,cyp_cystitis,86.46664466132833
17.5,brain,2.352214848214544,0.990244008477,0.009755991523,0.2882587391214288,28.825873912142878,0.05426364933623838,5.426364933623838,0.24756100211925,24.756100211925,0.0028798298117693475,0.28798298117693477,0.0028798298117693475,0.0023038638494154782,scenario,cyp_cystitis,85.91642473018076
17.583333333333,brain,2.349724349035751,0.990257015149,0.009742984851,0.28822526827457956,28.822526827457956,0.05421468598310611,5.421468598310611,0.24756425378725,24.756425378724998,0.0028782436251135334,0.28782436251135335,0.0028782436251135334,0.0023025949000908268,scenario,cyp_cystitis,85.36620479903317
17.666666666667,brain,2.3473508181047906,0.990269884833,0.009730115167,0.2881936595565812,28.81936595565812,0.05416825113110824,5.416825113110824,0.24756747120825,24.756747120825,0.0028767987625858047,0.2876798762585805,0.002876798762585805,0.002301439010068644,scenario,cyp_cystitis,84.8159848678791
17.75,brain,2.3450908989857764,0.99028261753,0.00971738247,0.2881638592256138,28.816385922561384,0.0541242731241518,5.41242731241518,0.2475706543825,24.75706543825,0.0028754913368287376,0.28754913368287377,0.0028754913368287376,0.00230039306946299,scenario,cyp_cystitis,84.26576493673147
17.833333333333,brain,2.3429412561939955,0.99029520367,0.00970479633,0.28813581102346814,28.813581102346813,0.05408268014129081,5.4082680141290815,0.2475738009175,24.75738009175,0.00287431747806012,0.287431747806012,0.0028743174780601196,0.002299453982448096,scenario,cyp_cystitis,83.71554500558395
17.916666666667,brain,2.3408985798077575,0.990307586073,0.009692413927,0.28810944518900816,28.810944518900815,0.05404339822767753,5.404339822767753,0.24757689651825,24.757689651825,0.0028732733397731206,0.2873273339773121,0.0028732733397731206,0.0022986186718184968,scenario,cyp_cystitis,83.16532507442986
18.0,brain,2.33895958979785,0.99031975525,0.00968024475,0.2880847062619615,28.808470626196147,0.05400635659928198,5.400635659928198,0.2475799388125,24.757993881250002,0.00287235510410769,0.287235510410769,0.00287235510410769,0.002297884083286152,scenario,cyp_cystitis,82.61510514328226
18.083333333333,brain,2.3371210400774514,0.990331711201,0.009668288799,0.2880615420330211,28.80615420330211,0.05397148564369479,5.397148564369479,0.24758292780025,24.758292780025002,0.0028715589868956717,0.28715589868956715,0.0028715589868956717,0.0022972471895165375,scenario,cyp_cystitis,82.0648852121347
18.166666666667,brain,2.3353797222766692,0.990343453924,0.009656546076,0.28803990084695,28.803990084695002,0.053938716487933365,5.393871648793336,0.247585863481,24.7585863481,0.0028708812423832108,0.2870881242383211,0.0028708812423832108,0.0022967049939065687,scenario,cyp_cystitis,81.51466528098064
18.25,brain,2.333732469245811,0.99035498342,0.00964501658,0.2880197316644453,28.801973166444526,0.05390798107926036,5.390798107926036,0.247588745855,24.7588745855,0.002870318167634505,0.2870318167634505,0.0028703181676345054,0.0022962545341076042,scenario,cyp_cystitis,80.96444534983307
18.333333333333,brain,2.3321761582921594,0.99036629969,0.00963370031,0.2880009841172492,28.80009841172492,0.053879212259665625,5.387921225966562,0.2475915749225,24.75915749225,0.002869866106621747,0.2869866106621747,0.0028698661066217475,0.0022958928852973982,scenario,cyp_cystitis,80.41422541868548
18.416666666667,brain,2.3307077141560937,0.990377402733,0.009622597267,0.2879836085592147,28.798360855921466,0.05385234383461956,5.385234383461956,0.24759435068325,24.759435068325,0.002869521454007,0.28695214540069997,0.002869521454007,0.0022956171632056,scenario,cyp_cystitis,79.86400548753136
18.5,brain,2.3293241117323107,0.990388292549,0.009611707451,0.2879675561145749,28.796755611457492,0.05382731063643326,5.382731063643327,0.24759707313725,24.759707313725,0.0028692806586221066,0.28692806586221065,0.0028692806586221066,0.0022954245268976855,scenario,cyp_cystitis,79.31378555638379
18.583333333333,brain,2.3280223785424106,0.990398969138,0.009601030862,0.2879527787208992,28.79527787208992,0.053804048581865604,5.3804048581865604,0.2475997422845,24.759974228449998,0.0028691402266534244,0.28691402266534244,0.002869140226653424,0.0022953121813227392,scenario,cyp_cystitis,78.7635656252363
18.666666666667,brain,2.326799596965967,0.990409432501,0.009590567499,0.2879392291685896,28.79392291685896,0.05378249472445281,5.378249472445281,0.24760235812525,24.760235812525,0.002869096724538763,0.2869096724538763,0.002869096724538763,0.0022952773796310103,scenario,cyp_cystitis,78.21334569408212
18.75,brain,2.32565290623706,0.990419682636,0.009580317364,0.28792686113499655,28.792686113499656,0.05376258730132871,5.3762587301328715,0.247604920659,24.7604920659,0.0028691467815842348,0.2869146781584235,0.002869146781584235,0.0022953174252673884,scenario,cyp_cystitis,77.66312576293457
18.833333333333,brain,2.3245795042136272,0.990429719545,0.009570280455,0.2879156292179215,28.791562921792153,0.053744265775562,5.3744265775562,0.24760742988625,24.760742988625,0.0028692870923092487,0.28692870923092484,0.0028692870923092487,0.002295429673847399,scenario,cyp_cystitis,77.11290583178705
18.916666666667,brain,2.3235766489276437,0.990439543227,0.009560456773,0.28790548896136825,28.790548896136826,0.05372747087282436,5.372747087282436,0.24760988580675,24.760988580675,0.002869514418528208,0.2869514418528208,0.002869514418528208,0.0022956115348225664,scenario,cyp_cystitis,76.5626859006329
19.0,brain,2.3226416599239443,0.990449153682,0.009550846318,0.28789639688093743,28.789639688093743,0.053712144613916546,5.371214461391655,0.2476122884205,24.761228842050002,0.002869825591177785,0.2869825591177785,0.0028698255911777854,0.0022958604729422286,scenario,cyp_cystitis,76.01246596948539
19.083333333333,brain,2.3217719193957587,0.990458550911,0.009541449089,0.28788831048463526,28.788831048463525,0.05369823034251366,5.369823034251366,0.24761463772775,24.761463772775,0.002870217511898966,0.2870217511898966,0.0028702175118989664,0.002296174009519173,scenario,cyp_cystitis,75.4622460383378
19.166666666667,brain,2.3209648731254906,0.990467734912,0.009532265088,0.28788118828923653,28.788118828923654,0.05368567274831537,5.368567274831538,0.247616933728,24.7616933728,0.0028706871543832013,0.28706871543832013,0.0028706871543832018,0.0022965497235065617,scenario,cyp_cystitis,74.91202610718372
19.25,brain,2.320218031239043,0.990476705687,0.009523294313,0.28787498983669724,28.787498983669725,0.05367441788659633,5.367441788659633,0.24761917642175,24.761917642175,0.002871231565492249,0.28712315654922493,0.0028712315654922486,0.002296985252393799,scenario,cyp_cystitis,74.36180617603611
19.333333333333,brain,2.3195289687821274,0.990485463235,0.009514536765,0.28786967570349065,28.786967570349063,0.053664413192987544,5.366441319298755,0.24762136580875,24.762136580874998,0.002871847866161465,0.2871847866161465,0.002871847866161465,0.002297478292929172,scenario,cyp_cystitis,73.8115862448886
19.416666666667,brain,2.318895326127288,0.990494006664,0.009505993336,0.28786520725103626,28.786520725103625,0.05365560744671503,5.365560744671503,0.247623501666,24.7623501666,0.0028725332520962684,0.2872533252096268,0.0028725332520962684,0.002298026601677015,scenario,cyp_cystitis,73.26136631373448
19.5,brain,2.3183148092201167,0.990502332339,0.009497667661,0.28786154609327846,28.786154609327845,0.05364795067803799,5.364795067803799,0.24762558308475,24.762558308475,0.0028732849942716713,0.28732849942716715,0.002873284994271671,0.002298627995417337,scenario,cyp_cystitis,72.71114638258692
19.583333333333,brain,2.3177851896731547,0.990510439872,0.009489560128,0.2878586558407453,28.785865584074532,0.05364139449699371,5.364139449699371,0.247627609968,24.7627609968,0.0028741004392448554,0.28741004392448555,0.002874100439244856,0.002299280351395885,scenario,cyp_cystitis,72.16092645143932
19.666666666667,brain,2.317304304716152,0.990518329261,0.009481670739,0.28785650126976725,28.785650126976726,0.053635891939356306,5.36358919393563,0.24762958231525,24.762958231525,0.0028749770092905452,0.2874977009290545,0.002874977009290545,0.002299981607432436,scenario,cyp_cystitis,71.6107065202852
19.75,brain,2.3168700570110308,0.990526000508,0.009473999492,0.287855048209919,28.785504820991896,0.053631397443891955,5.363139744389196,0.247631500127,24.7631500127,0.0028759122023690434,0.28759122023690437,0.0028759122023690434,0.002300729761895235,scenario,cyp_cystitis,71.06048658913767
19.833333333333,brain,2.3164804143399,0.990533453611,0.009466546389,0.2878542635379982,28.78542635379982,0.053627866846997586,5.362786684699759,0.24763336340275,24.763336340275,0.002876903591936849,0.2876903591936849,0.0028769035919368486,0.002301522873549479,scenario,cyp_cystitis,70.51026665799013
19.916666666667,brain,2.316133409174438,0.990540688572,0.009459311428,0.28785411517463255,28.785411517463256,0.05362525737551008,5.362525737551008,0.247635172143,24.7635172143,0.0028779488266092836,0.28779488266092834,0.0028779488266092836,0.002302359061287427,scenario,cyp_cystitis,69.96004672683597
20.0,brain,2.3158271381347086,0.99054770539,0.00945229461,0.2878545720746403,28.78545720746403,0.0536235276361871,5.36235276361871,0.2476369263475,24.76369263475,0.002879045629684771,0.2879045629684771,0.002879045629684771,0.002303236503747817,scenario,cyp_cystitis,69.40982679568845
20.083333333333,brain,2.315559761345325,0.990554504065,0.009445495935,0.28785560421883366,28.785560421883368,0.053622637603444885,5.362263760344488,0.24763862601625,24.763862601625,0.0028801917985402667,0.2880191798540267,0.0028801917985402667,0.0023041534388322134,scenario,cyp_cystitis,68.85960686454091
20.166666666667,brain,2.3153295016968167,0.990561084597,0.009438915403,0.2878571826027454,28.78571826027454,0.05362254860466053,5.362254860466053,0.24764027114925,24.764027114925,0.0028813852039068057,0.28813852039068055,0.0028813852039068053,0.0023051081631254443,scenario,cyp_cystitis,68.30938693338676
20.25,brain,2.31513464401974,0.990567446986,0.009432553014,0.28785927922414956,28.785927922414956,0.05362322330353276,5.362322330353276,0.2476418617465,24.76418617465,0.0028826237890342927,0.28826237890342926,0.0028826237890342927,0.002306099031227434,scenario,cyp_cystitis,67.7591670022392
20.333333333333,brain,2.314973534178906,0.990573591232,0.009426408768,0.28786186706920935,28.786186706920937,0.0536246256816125,5.362462568161249,0.247643397808,24.7643397808,0.002883905568754447,0.28839055687544474,0.002883905568754447,0.0023071244550035576,scenario,cyp_cystitis,67.20894707109166
20.416666666667,brain,2.314844578094947,0.990579517336,0.009420482664,0.2878649200976631,28.786492009766313,0.05362672101821747,5.362672101821747,0.247644879334,24.7644879334,0.00288522862845022,0.288522862845022,0.0028852286284502195,0.002308182902760176,scenario,cyp_cystitis,66.65872713993754
20.5,brain,2.314746240700126,0.990585225296,0.009414774704,0.28786841322542117,28.786841322542116,0.05362947586856158,5.362947586856158,0.247646306324,24.7646306324,0.0028865911229401017,0.28865911229401015,0.0028865911229401017,0.0023092728983520813,scenario,cyp_cystitis,66.10850720878996
20.583333333333,brain,2.3146770448351033,0.990590715114,0.009409284886,0.28787232230933674,28.787232230933675,0.05363285804111563,5.363285804111563,0.2476476787785,24.764767877849998,0.002887991275285528,0.2887991275285528,0.0028879912752855282,0.0023103930202284227,scenario,cyp_cystitis,65.55828727764244
20.666666666667,brain,2.3146355700931447,0.990595986789,0.009404013211,0.28787662412699294,28.787662412699294,0.053636836572990614,5.363683657299061,0.24764899669725,24.764899669725,0.002889427375528891,0.2889427375528891,0.0028894273755288905,0.0023115419004231127,scenario,cyp_cystitis,65.00806734648828
20.75,brain,2.3146204516179694,0.990601040321,0.009398959679,0.28788129635887705,28.788129635887707,0.05364138170483605,5.3641381704836055,0.24765026008025,24.765026008025,0.0028908977793697735,0.2890897779369773,0.002890897779369773,0.0023127182234958187,scenario,cyp_cystitis,64.45784741534074
20.833333333333,brain,2.3146303788611986,0.99060587571,0.00939412429,0.28788631756839134,28.788631756839134,0.053646464854521764,5.364646485452177,0.2476514689275,24.76514689275,0.0028924009067867987,0.2892400906786799,0.0028924009067867987,0.002313920725429439,scenario,cyp_cystitis,63.90762748419316
20.916666666667,brain,2.314664094305115,0.990610492956,0.009389507044,0.2878916671815411,28.789166718154107,0.053652058590054785,5.365205859005479,0.247652623239,24.7652623239,0.0028939352406116975,0.28939352406116975,0.002893935240611698,0.0023151481924893586,scenario,cyp_cystitis,63.357407553039096
21.0,brain,2.3147203921561577,0.990614902201,0.009385097799,0.28789732841361715,28.789732841361715,0.05365813715115617,5.3658137151156176,0.24765372555025,24.765372555025,0.002895499325062363,0.2895499325062363,0.002895499325062363,0.0023163994600498903,scenario,cyp_cystitis,62.8071876218915
21.083333333333,brain,2.314798117014346,0.990619132482,0.009380867518,0.2879032907920498,28.79032907920498,0.05366467689539974,5.3664676895399746,0.2476547831205,24.76547831205,0.002897091764241387,0.2897091764241387,0.0028970917642413873,0.00231767341139311,scenario,cyp_cystitis,62.25696769074395
21.166666666667,brain,2.3148961625235263,0.990623185598,0.009376814402,0.2879095367274507,28.79095367274507,0.05367165377060089,5.367165377060089,0.2476557963995,24.76557963995,0.0028987112206057637,0.28987112206057636,0.0028987112206057637,0.002318968976484611,scenario,cyp_cystitis,61.70674775958984
21.25,brain,2.3150134700070923,0.990627061549,0.009372938451,0.2879160488846628,28.79160488846628,0.053679044663217115,5.367904466321711,0.24765676538725,24.765676538725,0.002900356413413626,0.2900356413413626,0.0029003564134136265,0.0023202851307309014,scenario,cyp_cystitis,61.15652782844227
21.333333333333,brain,2.315149027093587,0.990630760336,0.009369239664,0.287922810683775,28.792281068377502,0.05368682746636666,5.368682746636666,0.247657690084,24.7657690084,0.002902026117153609,0.29020261171536094,0.0029020261171536096,0.0023216208937228877,scenario,cyp_cystitis,60.60630789729471
21.416666666667,brain,2.3153018663362785,0.990634281958,0.009365718042,0.2879298062770159,28.792980627701592,0.053694981050021226,5.369498105002123,0.2476585704895,24.76585704895,0.0029037191599615834,0.29037191599615836,0.0029037191599615834,0.002322975327969267,scenario,cyp_cystitis,60.056087966140595
21.5,brain,2.315471063830608,0.990637626416,0.009362373584,0.287937020527619,28.793702052761898,0.05370348523149201,5.370348523149201,0.247659406604,24.7659406604,0.002905434422029758,0.2905434422029758,0.0029054344220297576,0.002324347537623806,scenario,cyp_cystitis,59.505868034993064
21.583333333333,brain,2.3156557378331266,0.990640793709,0.009359206291,0.28794443898635874,28.794443898635873,0.053712320745478326,5.371232074547833,0.24766019842725,24.766019842725,0.0029071708340128216,0.29071708340128216,0.002907170834012821,0.0023257366672102572,scenario,cyp_cystitis,58.95564810384548
21.666666666667,brain,2.315855047385284,0.990643783837,0.009356216163,0.28795204787017464,28.795204787017465,0.053721469214566206,5.37214692145662,0.24766094595925,24.766094595925,0.002908927375434997,0.2908927375434997,0.002908927375434997,0.0023271419003479976,scenario,cyp_cystitis,58.405428172691366
21.75,brain,2.3160681909451917,0.990646596801,0.009353403199,0.2879598340400297,28.79598340400297,0.05373091311970629,5.373091311970629,0.24766164920025,24.766164920025,0.0029107030731021014,0.2910703073102101,0.0029107030731021014,0.002328562458481681,scenario,cyp_cystitis,57.85520824154384
21.833333333333,brain,2.3162944050303005,0.9906492326,0.0093507674,0.28796778497805325,28.796778497805324,0.053740635770737684,5.374063577073769,0.24766230815,24.766230815,0.0029124969995224853,0.29124969995224853,0.002912496999522485,0.002329997599617988,scenario,cyp_cystitis,57.304988310396276
21.916666666667,brain,2.3165329628735956,0.990651691235,0.009348308765,0.28797588876691815,28.797588876691815,0.05375062127755754,5.375062127755754,0.24766292280875,24.766292280875,0.0029143082713398148,0.2914308271339815,0.002914308271339815,0.0023314466170718524,scenario,cyp_cystitis,56.75476837924212
22.0,brain,2.316783173095786,0.990653972705,0.009346027295,0.2879841340671351,28.798413406713507,0.05376085452118011,5.376085452118011,0.24766349317625,24.766349317625,0.002916136047781028,0.2916136047781028,0.002916136047781028,0.0023329088382248223,scenario,cyp_cystitis,56.20454844809458
22.083333333333,brain,2.317044378395736,0.99065607701,0.00934392299,0.2879925100966622,28.79925100966622,0.053771321125549595,5.37713211255496,0.2476640192525,24.76640192525,0.002917979529122502,0.2917979529122502,0.002917979529122502,0.002334383623298002,scenario,cyp_cystitis,55.65432851694703
22.166666666667,brain,2.3173159542611033,0.99065800415,0.00934199585,0.28800100660966554,28.800100660966553,0.05378200742955405,5.378200742955405,0.2476645010375,24.76645010375,0.002919837955176647,0.29198379551766473,0.0029198379551766468,0.0023358703641413177,scenario,cyp_cystitis,55.104108585792915
22.25,brain,2.317597307701035,0.990659754127,0.009340245873,0.28800961387649715,28.800961387649714,0.053792900459662854,5.379290045966285,0.24766493853175,24.766493853175,0.002921710603801494,0.2921710603801494,0.0029217106038014946,0.002337368483041196,scenario,cyp_cystitis,54.55388865464536
22.333333333333,brain,2.3178878760025703,0.990661326938,0.009338673062,0.28801832266143035,28.801832266143034,0.05380398790257381,5.380398790257381,0.2476653317345,24.76653317345,0.002923596789435595,0.2923596789435595,0.0029235967894355955,0.0023388774315484767,scenario,cyp_cystitis,54.0036687234978
22.416666666667,brain,2.3181871255121367,0.990662722585,0.009337277415,0.28802712420573456,28.802712420573457,0.05381525807931276,5.381525807931276,0.24766568064625,24.766568064624998,0.002925495861659754,0.29254958616597543,0.0029254958616597537,0.002340396689327803,scenario,cyp_cystitis,53.45344879234369
22.5,brain,2.3184945504434338,0.990663941067,0.009336058933,0.2880360102059364,28.80360102059364,0.05382669991891517,5.382669991891517,0.24766598526675,24.766598526674997,0.002927407203787481,0.2927407203787481,0.0029274072037874816,0.0023419257630299855,scenario,cyp_cystitis,52.90322886119614
22.583333333333,brain,2.3188096717128315,0.990664997499,0.009335002501,0.28804497719083444,28.804497719083443,0.05383830375477926,5.383830375477926,0.24766624937475,24.766624937475,0.0029293302314858547,0.2929330231485855,0.0029293302314858543,0.0023434641851886834,scenario,cyp_cystitis,52.35300893004859
22.666666666667,brain,2.3191320358031646,0.990665922544,0.009334077456,0.2880540266292614,28.805402662926138,0.05385006132434851,5.385006132434851,0.247666480636,24.766648063599998,0.002931264391427692,0.2931264391427692,0.002931264391427693,0.0023450115131421548,scenario,cyp_cystitis,51.802788998894464
22.75,brain,2.319461213656734,0.99066671709,0.00933328291,0.2880631517338594,28.806315173385936,0.053861963281812496,5.386196328181249,0.2476666792725,24.76666792725,0.0029332091599763334,0.2933209159976333,0.002933209159976333,0.0023465673279810667,scenario,cyp_cystitis,51.252569067746904
22.833333333333,brain,2.3197967995982016,0.990667381137,0.009332618863,0.2880723458421283,28.807234584212832,0.05387400074383772,5.3874000743837716,0.24766684528425,24.766684528425,0.0029351640419041773,0.29351640419041775,0.0029351640419041777,0.0023481312335233424,scenario,cyp_cystitis,50.70234913659934
22.916666666667,brain,2.320138410287814,0.990667914685,0.009332085315,0.2880816026575268,28.80816026575268,0.05388616531503572,5.388616531503572,0.24766697867125,24.766697867125,0.0029371285691453335,0.29371285691453336,0.0029371285691453335,0.002349702855316267,scenario,cyp_cystitis,50.15212920544523
23.0,brain,2.3204856837053796,0.990668317735,0.009331682265,0.28809091623317384,28.809091623317386,0.05389844906589846,5.389844906589846,0.24766707943375,24.766707943375,0.0029391022995831967,0.29391022995831967,0.0029391022995831962,0.002351281839666557,scenario,cyp_cystitis,49.60190927429768
23.083333333333,brain,2.320838278165296,0.990668590285,0.009331409715,0.28810028095459844,28.810028095459845,0.05391084451113126,5.391084451113127,0.24766714757125,24.766714757125,0.0029410848158736252,0.2941084815873625,0.002941084815873625,0.0023528678526989,scenario,cyp_cystitis,49.051689343150116
23.166666666667,brain,2.321195871362713,0.990668732337,0.009331267663,0.28810969152619137,28.810969152619137,0.053923344589255184,5.392334458925518,0.24766718308425,24.766718308425002,0.0029430757243036347,0.2943075724303635,0.0029430757243036347,0.0023544605794429078,scenario,cyp_cystitis,48.501469411996005
23.25,brain,2.3215581594509205,0.99066874389,0.00933125611,0.2881191429540915,28.811914295409153,0.05393594264212202,5.393594264212203,0.2476671859725,24.76671859725,0.002945074653685997,0.29450746536859973,0.0029450746536859975,0.0023560597229487982,scenario,cyp_cystitis,47.95124948084844
23.333333333333,brain,2.321924856149954,0.990668624944,0.009331375056,0.2881286305327774,28.812863053277738,0.05394863239570315,5.394863239570315,0.247667156236,24.7667156236,0.0029470812542900598,0.294708125429006,0.0029470812542900598,0.002357665003432048,scenario,cyp_cystitis,47.401029549700894
23.416666666667,brain,2.3222956918862177,0.9906683755,0.0093316245,0.28813814983099834,28.813814983099835,0.05396140794133115,5.396140794133115,0.247667093875,24.7667093875,0.0029490951968083067,0.2949095196808307,0.0029490951968083063,0.002359276157446645,scenario,cyp_cystitis,46.85080961854677
23.5,brain,2.3226704129629416,0.990667995557,0.009332004443,0.2881476966773344,28.814769667733444,0.0539742637174459,5.39742637174459,0.24766699888925,24.766699888925,0.0029511161713587503,0.295111617135875,0.0029511161713587503,0.0023608929370870003,scenario,cyp_cystitis,46.30058968739922
23.583333333333,brain,2.3230487807612388,0.990667485114,0.009332514886,0.2881572671477072,28.81572671477072,0.05398719449227624,5.398719449227625,0.2476668712785,24.766687127850002,0.0029531438865231375,0.29531438865231374,0.0029531438865231375,0.00236251510921851,scenario,cyp_cystitis,45.75036975625166
23.666666666667,brain,2.3234305709713237,0.990666844173,0.009333155827,0.2881668575536724,28.81668575536724,0.054000195347229836,5.400019534722984,0.24766671104325,24.766671104325,0.00295517806842022,0.295517806842022,0.00295517806842022,0.0023641424547361763,scenario,cyp_cystitis,45.20014982509754
23.75,brain,2.323815572853519,0.990666072734,0.009333927266,0.2881764644288701,28.817646442887014,0.054013261660493535,5.401326166049354,0.2476665181835,24.76665181835,0.0029572184598139124,0.29572184598139123,0.002957218459813913,0.0023657747678511305,scenario,cyp_cystitis,44.649929893949995
23.833333333333,brain,2.324203588528629,0.990665170795,0.009334829205,0.288186084517408,28.8186084517408,0.05402638909154396,5.402638909154396,0.24766629269875,24.766629269875,0.002959264819256091,0.2959264819256091,0.0029592648192560914,0.0023674118554048735,scenario,cyp_cystitis,44.09970996280243
23.916666666667,brain,2.3245944322970704,0.990664138358,0.009335861642,0.28819571476445704,28.819571476445706,0.0540395735666094,5.40395735666094,0.2476660345895,24.76660345895,0.0029613169202630657,0.29613169202630657,0.0029613169202630657,0.0023690535362104526,scenario,cyp_cystitis,43.54949003164831
24.0,brain,2.324987929986252,0.990662975422,0.009337024578,0.2882053523035278,28.820535230352778,0.054052811264037035,5.405281126403703,0.2476657438555,24.76657438555,0.0029633745505253466,0.29633745505253467,0.0029633745505253466,0.0023706996404202776,scenario,cyp_cystitis,42.99927010050076
