time_h,tissue,histamine_nm,R_surf,R_int,G_signal,G_signal_pct,G_signal_ligand,G_signal_ligand_pct,G_signal_constitutive,G_signal_constitutive_pct,beta_arr_signal,beta_arr_signal_pct,internalization_drive,k_int_eff_per_h,driver_type,driver_id,antagonist_concentration_nm
0.0,skin,131.03650503357574,0.658270927595,0.341729072405,0.57546215483159,57.546215483159,0.571103798370358,57.110379837035794,0.032913546379750004,3.2913546379750005,0.207652538235996,20.7652538235996,0.207652538235996,0.259565672794995,scenario,capsaicin,0.001
0.08333333333333333,skin,175.07674518081578,0.659535748353,0.340464251647,0.5952985723272676,59.529857232726755,0.5919176683259133,59.19176683259133,0.03297678741765,3.297678741765,0.18535855551206507,18.535855551206506,0.18535855551206507,0.23169819439008132,scenario,capsaicin,323.3440918634849
0.16666666666666666,skin,212.28339796456913,0.661533600556,0.338466399444,0.6074223790020548,60.742237900205474,0.6045744199728998,60.45744199728998,0.0330766800278,3.3076680027800003,0.16966528058079605,16.966528058079604,0.16966528058079605,0.21208160072599508,scenario,capsaicin,646.6871837269703
0.25,skin,227.0,0.66464646762,0.33535353238,0.6135198162646154,61.35198162646154,0.6108289398774899,61.08289398774899,0.033232323381000003,3.3232323381000004,0.14784820006971622,14.784820006971621,0.14784820006971622,0.18481025008714527,scenario,capsaicin,970.0302755904552
0.3333333333333333,skin,212.28339796456913,0.669321847432,0.330678152568,0.6145735735017737,61.45735735017737,0.6116920854001828,61.16920854001828,0.0334660923716,3.3466092371599996,0.11858781394859168,11.858781394859168,0.11858781394859168,0.1482347674357396,scenario,capsaicin,1293.37336745394
0.4166666666666667,skin,175.07674518081578,0.675796557966,0.324203442034,0.6099756186764268,60.99756186764268,0.6065113587138178,60.651135871381776,0.033789827898300005,3.3789827898300007,0.08657135063703347,8.657135063703347,0.08657135063703347,0.10821418829629184,scenario,capsaicin,1616.7164593174252
0.5,skin,131.03650503357574,0.683830560612,0.316169439388,0.5978064524088893,59.78064524088893,0.5932788677666203,59.327886776662034,0.0341915280306,3.4191528030600002,0.058296670865484575,5.829667086548458,0.058296670865484575,0.07287083858185572,scenario,capsaicin,1940.05955118091
0.5833333333333334,skin,94.13534095358143,0.693082842812,0.306917157188,0.5777060112065849,57.77060112065849,0.5716335463852473,57.16335463852473,0.0346541421406,3.4654142140600004,0.037953143234641176,3.7953143234641176,0.03795314323464117,0.04744142904330146,scenario,capsaicin,2263.4026430443955
0.6666666666666666,skin,70.2066315217146,0.703300278721,0.296699721279,0.5551658780646322,55.51658780646322,0.5473693306616656,54.73693306616656,0.03516501393605,3.5165013936050005,0.025756074679447644,2.5756074679447645,0.025756074679447648,0.03219509334930956,scenario,capsaicin,2586.7457349078795
0.75,skin,57.77683725134312,0.71373036382,0.28626963618,0.5393741236870055,53.937412368700556,0.5301974794694796,53.01974794694796,0.035686518191,3.5686518191000003,0.019369670148325826,1.9369670148325826,0.019369670148325822,0.02421208768540728,scenario,capsaicin,2910.088826771365
0.8333333333333334,skin,52.516018043592446,0.724094418916,0.275905581084,0.5343736602398463,53.43736602398464,0.5243883571516278,52.43883571516278,0.036204720945800004,3.62047209458,0.016173492078657634,1.6173492078657634,0.016173492078657634,0.020216865098322042,scenario,capsaicin,3233.4319186348516
0.9166666666666666,skin,50.68426786468669,0.734212685709,0.265787314291,0.5368556011710933,53.68556011710933,0.5264683861954141,52.64683861954141,0.03671063428545,3.671063428545,0.01442080264088868,1.4420802640888681,0.01442080264088868,0.01802600330111085,scenario,capsaicin,3556.775010498339
1.0,skin,50.15643725632751,0.744016818575,0.255983181425,0.5425197057544652,54.25197057544652,0.5319145945533844,53.19145945533844,0.03720084092875,3.720084092875,0.013256315102994234,1.3256315102994234,0.013256315102994236,0.016570393878742797,scenario,capsaicin,3880.118102361821
1.0833333333333333,skin,50.03006463175137,0.753497884308,0.246502115692,0.5490648329159417,54.906483291594164,0.5383051986321491,53.83051986321491,0.037674894215400004,3.7674894215400005,0.01209819238339222,1.209819238339222,0.012098192383392218,0.015122740479240272,scenario,capsaicin,4302.364556814031
1.1666666666666667,skin,50.004857057439075,0.762663168312,0.237336831688,0.5556689566669646,55.56689566669646,0.5447745244751206,54.477452447512064,0.0381331584156,3.8133158415599997,0.011143936561301944,1.1143936561301944,0.011143936561301944,0.01392992070162743,scenario,capsaicin,4724.611011266244
1.25,skin,50.00065961761146,0.771512802154,0.228487197846,0.5621041577069124,56.210415770691235,0.5510826501044341,55.10826501044341,0.0385756401077,3.8575640107700004,0.010332746019092561,1.033274601909256,0.010332746019092561,0.012915932523865702,scenario,capsaicin,5146.857465718452
1.3333333333333333,skin,50.00007530310746,0.780050404289,0.219949595711,0.5683226651785098,56.83226651785098,0.5571790999621683,55.71790999621683,0.03900252021445,3.9002520214449996,0.009632218415723908,0.9632218415723908,0.009632218415723908,0.012040273019654886,scenario,capsaicin,5569.103920170656
1.4166666666666667,skin,50.00000722661979,0.788289297317,0.211710702683,0.574325081562929,57.432508156292904,0.5630638070495569,56.30638070495569,0.039414464865850006,3.9414464865850007,0.00902072589990699,0.902072589990699,0.00902072589990699,0.011275907374883737,scenario,capsaicin,5991.3503746228635
1.5,skin,50.0000005829874,0.796230719252,0.203769280748,0.5801109543978157,58.01109543978157,0.568736229931806,56.8736229931806,0.0398115359626,3.98115359626,0.008482247736685928,0.8482247736685927,0.008482247736685926,0.010602809670857407,scenario,capsaicin,6413.596829075078
1.5833333333333333,skin,50.00000003953528,0.803876905796,0.196123094204,0.5856817457746059,58.56817457746059,0.5741977899840062,57.419778998400616,0.0401938452898,4.01938452898,0.008004436295902478,0.8004436295902478,0.008004436295902478,0.010005545369878098,scenario,capsaicin,6835.843283527283
1.6666666666666667,skin,50.000000002253785,0.81124736604,0.18875263396,0.591051652407661,59.1051652407661,0.5794624043217484,57.94624043217485,0.040562368302,4.0562368302000005,0.007577585249494101,0.7577585249494101,0.007577585249494101,0.009471981561867626,scenario,capsaicin,7258.089737979497
1.75,skin,50.000000000108,0.818346635705,0.181653364295,0.596223977442557,59.62239774425569,0.5845333112182178,58.45333112182178,0.040917331785250005,4.091733178525001,0.007193954609956213,0.7193954609956212,0.007193954609956213,0.008992443262445266,scenario,capsaicin,7680.3361924317
1.8333333333333333,skin,50.00000000000435,0.825174747703,0.174825252297,0.6011987447550567,60.119874475505675,0.5894105340735861,58.94105340735861,0.041258737385150006,4.125873738515001,0.006847296330077065,0.6847296330077065,0.006847296330077065,0.00855912041259633,scenario,capsaicin,8102.582646883911
1.9166666666666667,skin,50.00000000000015,0.831734879893,0.168265120107,0.6059782696363292,60.59782696363292,0.5940963427807149,59.409634278071486,0.041586743994650004,4.158674399465,0.006532511311644543,0.6532511311644543,0.006532511311644542,0.008165639139555678,scenario,capsaicin,8524.82910133612
2.0,skin,50.00000000000001,0.838035219007,0.161964780993,0.6105685167051002,61.056851670510014,0.5985965850050001,59.85965850050001,0.04190176095035,4.190176095035,0.00624539691101415,0.6245396911014149,0.006245396911014151,0.007806746138767688,scenario,capsaicin,8947.075555788333
2.0833333333333335,skin,50.0,0.844084308845,0.155915691155,0.6149757107299285,61.497571072992855,0.6029173634607142,60.291736346071424,0.042204215442250004,4.220421544225,0.006251192833647218,0.6251192833647218,0.006251192833647219,0.007813991042059024,scenario,capsaicin,8938.168157131282
2.1666666666666665,skin,50.0,0.849890693207,0.150109306793,0.6192060764793857,61.920607647938574,0.6070647808621429,60.70647808621429,0.04249453466035,4.249453466035,0.006256999523865987,0.6256999523865987,0.006256999523865986,0.007821249404832482,scenario,capsaicin,8929.260758474222
2.25,skin,50.0,0.855462915891,0.144537084109,0.6232658387205857,62.32658387205857,0.6110449399221428,61.10449399221428,0.04277314579455,4.277314579455,0.006262817011704153,0.6262817011704153,0.006262817011704153,0.00782852126463019,scenario,capsaicin,8920.353359817169
2.3333333333333335,skin,50.0,0.860809520697,0.139190479303,0.6271612222221001,62.71612222221001,0.614863943355,61.48639433550001,0.043040476034850006,4.304047603485,0.006268645327307236,0.6268645327307236,0.006268645327307237,0.007835806659134047,scenario,capsaicin,8911.445961160103
2.4166666666666665,skin,50.0,0.865938042749,0.134061957251,0.6308977168599857,63.08977168599858,0.6185271733921429,61.852717339214294,0.04329690213745,4.329690213745,0.006274484500933053,0.6274484500933053,0.006274484500933054,0.007843105626166318,scenario,capsaicin,8902.538562503045
2.5,skin,50.0,0.870854941501,0.129145058499,0.6344800288078714,63.448002880787136,0.6220392439292857,62.20392439292857,0.04354274707505,4.354274707505,0.00628033456295228,0.628033456295228,0.00628033456295228,0.007850418203690349,scenario,capsaicin,8893.631163845992
2.5833333333333335,skin,50.0,0.875567968221,0.124432031779,0.6379138054181571,63.79138054181571,0.6254056915864286,62.54056915864285,0.04377839841105,4.377839841105001,0.006286195543848965,0.6286195543848965,0.006286195543848965,0.007857744429811206,scenario,capsaicin,8884.723765188935
2.6666666666666665,skin,50.0,0.880084894538,0.119915105462,0.6412047088776857,64.12047088776856,0.6286320675271428,62.863206752714284,0.0440042447269,4.40042447269,0.006292067474221055,0.6292067474221055,0.006292067474221054,0.007865084342776317,scenario,capsaicin,8875.816366531873
2.75,skin,50.0,0.884413492082,0.115586507918,0.6443584013740287,64.43584013740286,0.6317239229157143,63.172392291571434,0.04422067460410001,4.422067460410001,0.006297950384780921,0.629795038478092,0.006297950384780921,0.00787243798097615,scenario,capsaicin,8866.908967874815
2.8333333333333335,skin,50.0,0.88856153248,0.11143846752,0.6473805450925714,64.73805450925714,0.6346868089142857,63.468680891428576,0.044428076624,4.4428076624,0.006303844306355911,0.6303844306355911,0.006303844306355911,0.00787980538294489,scenario,capsaicin,8858.001569217759
2.9166666666666665,skin,50.0,0.892536503608,0.107463496392,0.6502765954858285,65.02765954858285,0.6375260740057143,63.75260740057143,0.0446268251804,4.46268251804,0.0063097492698888724,0.6309749269888872,0.006309749269888872,0.00788718658736109,scenario,capsaicin,8849.094170560715
3.0,skin,50.0,0.896344525981,0.103655474019,0.6530510117861572,65.30510117861571,0.6402460899864286,64.02460899864286,0.04481722629905,4.481722629905001,0.006315665306438722,0.6315665306438722,0.006315665306438722,0.007894581633048403,scenario,capsaicin,8840.186771903658
3.0833333333333335,skin,50.0,0.899992624953,0.100007375047,0.6557089124657571,65.57089124657571,0.6428518749664286,64.28518749664286,0.04499963124765,4.499963124765,0.006321592447180952,0.6321592447180951,0.006321592447180952,0.00790199055897619,scenario,capsaicin,8831.279373246589
3.1666666666666665,skin,50.0,0.903488002657,0.096511997343,0.6582555447929571,65.82555447929572,0.6453485733264286,64.53485733264286,0.045174400132850005,4.517440013285,0.006327530723408186,0.6327530723408187,0.006327530723408187,0.007909413404260233,scenario,capsaicin,8822.37197458953
3.25,skin,50.0,0.906837861226,0.093162138774,0.6606961560360857,66.06961560360857,0.6477413294471428,64.77413294471428,0.0453418930613,4.53418930613,0.0063334801665307534,0.6333480166530754,0.0063334801665307534,0.007916850208163441,scenario,capsaicin,8813.464575932474
3.3333333333333335,skin,50.0,0.910049402794,0.089950597206,0.6630359934642001,66.30359934642,0.6500352877100001,65.003528771,0.045502470139700005,4.550247013970001,0.006339440808077227,0.6339440808077227,0.006339440808077227,0.007924301010096533,scenario,capsaicin,8804.55717727542
3.4166666666666665,skin,50.0,0.913129695115,0.086870304885,0.6652802064409286,66.52802064409286,0.6522354965107143,65.22354965107144,0.04565648475575,4.565648475575,0.006345412679694977,0.6345412679694977,0.006345412679694978,0.007931765849618723,scenario,capsaicin,8795.649778618368
3.5,skin,50.0,0.916081846842,0.083918153158,0.6674310598420286,66.74310598420286,0.6543441763157143,65.43441763157143,0.045804092342100006,4.58040923421,0.0063513958131507465,0.6351395813150746,0.0063513958131507465,0.007939244766438433,scenario,capsaicin,8786.742379961313
3.5833333333333335,skin,50.0,0.918909889098,0.081090110902,0.6694914906285429,66.94914906285429,0.6563642064985714,65.63642064985714,0.0459454944549,4.59454944549,0.006357390240331195,0.6357390240331195,0.006357390240331194,0.007946737800413993,scenario,capsaicin,8777.834981304253
3.6666666666666665,skin,50.0,0.921619336266,0.078380663734,0.6714655164223714,67.14655164223714,0.6582995259042858,65.82995259042858,0.046080966813300005,4.60809668133,0.00636339599324347,0.636339599324347,0.006363395993243471,0.007954244991554338,scenario,capsaicin,8768.927582647195
3.75,skin,50.0,0.924215702729,0.075784297271,0.6733571548454143,67.33571548454142,0.6601540733778571,66.01540733778572,0.04621078513645,4.621078513645,0.006369413104015782,0.6369413104015782,0.00636941310401578,0.007961766380019726,scenario,capsaicin,8760.020183990147
3.8333333333333335,skin,50.0,0.926704502869,0.073295497131,0.6751704235188428,67.51704235188429,0.6619317877635714,66.19317877635714,0.04633522514345,4.6335225143450005,0.006375441604897999,0.6375441604897999,0.006375441604897998,0.007969302006122498,scenario,capsaicin,8751.11278533308
3.9166666666666665,skin,50.0,0.929091251069,0.070908748931,0.6769093400645573,67.69093400645573,0.6636366079064286,66.36366079064287,0.046454562553450006,4.6454562553450005,0.00638148152826215,0.638148152826215,0.006381481528262149,0.007976851910327687,scenario,capsaicin,8742.205386676034
4.0,skin,50.0,0.931378392539,0.068621607461,0.6785756859927,67.85756859927,0.665270280385,66.5270280385,0.046568919626950006,4.656891962695001,0.006387532906603113,0.6387532906603113,0.006387532906603114,0.007984416133253893,scenario,capsaicin,8733.29798801897
4.083333333333333,skin,50.0,0.933565855348,0.066434144652,0.6801694088963999,68.01694088963998,0.66683275382,66.68327538199999,0.0466782927674,4.66782927674,0.0064477542088437695,0.644775420884377,0.006447754208843769,0.00805969276105471,scenario,capsaicin,8645.565636745849
4.166666666666667,skin,50.0,0.935657318986,0.064342681014,0.6816931895469429,68.16931895469429,0.6683266564185715,66.83266564185715,0.046782865949300007,4.67828659493,0.006509121844778834,0.6509121844778835,0.006509121844778835,0.008136402305973544,scenario,capsaicin,8557.83328547273
4.25,skin,50.0,0.93765649961,0.06234350039,0.6831497354301428,68.31497354301428,0.6697546425785714,66.97546425785714,0.046882824980500004,4.68828249805,0.006571668860226019,0.6571668860226019,0.006571668860226018,0.008214586075282523,scenario,capsaicin,8470.100934199601
4.333333333333333,skin,50.0,0.939567113375,0.060432886625,0.6845417540303571,68.4541754030357,0.6711193666964286,67.11193666964286,0.04697835566875,4.697835566875,0.006635429583493218,0.6635429583493219,0.006635429583493219,0.008294286979366523,scenario,capsaicin,8382.368582926478
4.416666666666667,skin,50.0,0.941392876435,0.058607123565,0.6858719528312143,68.58719528312143,0.6724234831678572,67.24234831678572,0.04706964382175,4.706964382175,0.006700439688204035,0.6700439688204035,0.006700439688204035,0.008375549610255044,scenario,capsaicin,8294.63623165336
4.5,skin,50.0,0.943137504947,0.056862495053,0.6871430393185285,68.71430393185285,0.6736696463907142,67.36696463907143,0.04715687524735,4.715687524735,0.006766736259852979,0.6766736259852979,0.006766736259852979,0.008458420324816224,scenario,capsaicin,8206.903880380232
4.583333333333333,skin,50.0,0.944804714059,0.055195285941,0.6883577202429857,68.83577202429856,0.6748605100421429,67.48605100421429,0.04724023570295,4.724023570295,0.00683435786635124,0.6834357866351239,0.00683435786635124,0.00854294733293905,scenario,capsaicin,8119.171529107108
4.666666666666667,skin,50.0,0.946396503735,0.053603496265,0.6895174527212142,68.95174527212143,0.6759975026678571,67.5997502667857,0.04731982518675,4.731982518675,0.006903344632845114,0.6903344632845113,0.006903344632845114,0.008629180791056392,scenario,capsaicin,8031.439177833988
4.75,skin,50.0,0.947914517647,0.052085482353,0.6906234342856714,69.06234342856715,0.6770817983192857,67.70817983192858,0.04739572588235,4.739572588235,0.0069737383211119506,0.6973738321111951,0.006973738321111951,0.008717172901389939,scenario,capsaicin,7943.706826560866
4.833333333333333,skin,50.0,0.949361708182,0.050638291818,0.6916778159611715,69.16778159611715,0.6781155058442858,67.81155058442859,0.047468085409100004,4.74680854091,0.007045582413863761,0.7045582413863761,0.007045582413863761,0.0088069780173297,scenario,capsaicin,7855.974475287745
4.916666666666667,skin,50.0,0.950741027723,0.049258972277,0.6926827487696141,69.26827487696141,0.6791007340878571,67.9100734087857,0.04753705138615,4.7537051386149995,0.007118922204316105,0.7118922204316105,0.007118922204316105,0.00889865275539513,scenario,capsaicin,7768.24212401462
5.0,skin,50.0,0.952055428657,0.047944571343,0.6936403837358142,69.36403837358142,0.6800395918978571,68.00395918978572,0.04760277143285,4.760277143285,0.007193804891409912,0.7193804891409912,0.007193804891409913,0.008992256114262392,scenario,capsaicin,7680.509772741503
5.083333333333333,skin,50.0,0.953307863369,0.046692136631,0.6945528718831285,69.45528718831285,0.6809341881207143,68.09341881207143,0.047665393168450004,4.766539316845001,0.0072702796811069835,0.7270279681106984,0.007270279681106984,0.00908784960138373,scenario,capsaicin,7592.777421468372
5.166666666666667,skin,50.0,0.954501284244,0.045498715756,0.6954223642349143,69.54223642349143,0.6817866316028572,68.17866316028572,0.047725064212200005,4.77250642122,0.007348397894215811,0.7348397894215811,0.007348397894215811,0.009185497367769763,scenario,capsaicin,7505.045070195255
5.25,skin,50.0,0.95563860842,0.04436139158,0.6962509861345715,69.62509861345715,0.6825990060142858,68.25990060142858,0.047781930421000006,4.778193042100001,0.0074282130812445115,0.7428213081244511,0.0074282130812445115,0.009285266351555639,scenario,capsaicin,7417.312718922125
5.333333333333333,skin,50.0,0.956720747439,0.043279252561,0.6970394017055571,69.70394017055571,0.6833719624564286,68.33719624564286,0.04783603737195,4.783603737195,0.007509781144820677,0.7509781144820677,0.007509781144820677,0.009387226431025847,scenario,capsaicin,7329.580367649011
5.416666666666667,skin,50.0,0.957748931484,0.042251068516,0.6977885072240572,69.77885072240572,0.6841063796314286,68.41063796314286,0.0478874465742,4.78874465742,0.007593160470266612,0.7593160470266612,0.007593160470266611,0.009491450587833263,scenario,capsaicin,7241.848016375883
5.5,skin,50.0,0.958725366695,0.041274633305,0.6984999100206428,69.84999100206429,0.6848038333535714,68.48038333535715,0.04793626833475,4.793626833475,0.0076784120649705,0.76784120649705,0.0076784120649705,0.009598015081213124,scenario,capsaicin,7154.115665102758
5.583333333333333,skin,50.0,0.959652259216,0.040347740784,0.6991752174288,69.91752174288,0.68546589944,68.546589944,0.0479826129608,4.798261296080001,0.007765599707253015,0.7765599707253015,0.007765599707253016,0.00970699963406627,scenario,capsaicin,7066.383313829636
5.666666666666667,skin,50.0,0.960531815187,0.039468184813,0.6998160367791,69.98160367791,0.686094153705,68.6094153705,0.04802659075935001,4.802659075935001,0.007854790105492533,0.7854790105492534,0.007854790105492535,0.009818487631865668,scenario,capsaicin,6978.650962556522
5.75,skin,50.0,0.96136624075,0.03863375925,0.7004239754035715,70.04239754035714,0.6866901719642857,68.66901719642857,0.048068312037500005,4.806831203750001,0.007946053068343438,0.7946053068343438,0.007946053068343438,0.009932566335429297,scenario,capsaicin,6890.918611283396
5.833333333333333,skin,50.0,0.962157742048,0.037842257952,0.7010006406349715,70.10006406349714,0.6872555300342857,68.72555300342857,0.0481078871024,4.81078871024,0.00803946168696015,0.803946168696015,0.00803946168696015,0.010049327108700188,scenario,capsaicin,6803.186260010272
5.916666666666667,skin,50.0,0.962908414287,0.037091585713,0.7015475589805287,70.15475589805287,0.6877917244907144,68.77917244907144,0.048145420714350004,4.8145420714350005,0.008135092530226854,0.8135092530226854,0.008135092530226854,0.010168865662783567,scenario,capsaicin,6715.453908737145
6.0,skin,50.0,0.963618314067,0.036381685933,0.7020647716773858,70.20647716773858,0.6882987957621429,68.8298795762143,0.04818091570335001,4.8180915703350005,0.00823302585408857,0.823302585408857,0.00823302585408857,0.010291282317610713,scenario,capsaicin,6627.721557464031
6.083333333333333,skin,50.0,0.964288295543,0.035711704457,0.7025529010384715,70.25529010384714,0.6887773539592857,68.87773539592857,0.04821441477715,4.821441477715,0.008333345826186658,0.8333345826186658,0.008333345826186658,0.010416682282733323,scenario,capsaicin,6539.989206190909
6.166666666666667,skin,50.0,0.964919872545,0.035080127455,0.7030130499970715,70.30130499970714,0.6892284803892857,68.92284803892858,0.04824599362725,4.824599362725,0.008436140767119925,0.8436140767119925,0.008436140767119925,0.010545175958899906,scenario,capsaicin,6452.256854917778
6.25,skin,50.0,0.9655145589,0.0344854411,0.7034463214842858,70.34463214842857,0.6896532563571429,68.9653256357143,0.048275727945000006,4.827572794500001,0.008541503409785125,0.8541503409785125,0.008541503409785125,0.010676879262231407,scenario,capsaicin,6364.524503644657
6.333333333333333,skin,50.0,0.966073868436,0.033926131564,0.7038538184319428,70.38538184319428,0.6900527631685714,69.00527631685715,0.0483036934218,4.83036934218,0.008649531178397405,0.8649531178397405,0.008649531178397405,0.010811913972996755,scenario,capsaicin,6276.792152371531
6.416666666666667,skin,50.0,0.966599314984,0.033400685016,0.7042366437740571,70.42366437740571,0.6904280821314286,69.04280821314286,0.0483299657492,4.83299657492,0.0087603264889551,0.8760326488955099,0.008760326488955101,0.010950408111193875,scenario,capsaicin,6189.059801098416
6.5,skin,50.0,0.96709241237,0.03290758763,0.7045959004410001,70.45959004410001,0.69078029455,69.078029455,0.0483546206185,4.83546206185,0.008873997073097,0.8873997073097001,0.008873997073096999,0.011092496341371248,scenario,capsaicin,6101.327449825288
6.583333333333333,skin,50.0,0.967554575568,0.032445424432,0.7049326193423999,70.49326193424,0.6911104111199999,69.111041112,0.0483777287784,4.83777287784,0.008990656327504344,0.8990656327504345,0.008990656327504346,0.011238320409380432,scenario,capsaicin,6013.595098552165
6.666666666666667,skin,50.0,0.96798632191,0.03201367809,0.7052471773915714,70.52471773915714,0.6914188013642857,69.14188013642857,0.0483993160955,4.83993160955,0.009110423691229991,0.9110423691229991,0.009110423691229991,0.011388029614037488,scenario,capsaicin,5925.862747279041
6.75,skin,50.0,0.968388550297,0.031611449703,0.7055402295020999,70.55402295021,0.691706107355,69.1706107355,0.048419427514850004,4.841942751485,0.009233425053593718,0.9233425053593718,0.009233425053593718,0.011541781316992147,scenario,capsaicin,5838.130396005928
6.833333333333333,skin,50.0,0.968762227575,0.031237772425,0.705812480090357,70.5812480090357,0.6919730196964285,69.19730196964285,0.04843811137875,4.843811137875,0.0093597931955723,0.9359793195572299,0.0093597931955723,0.011699741494465375,scenario,capsaicin,5750.398044732796
6.916666666666667,skin,50.0,0.96910820226,0.03089179774,0.7060645473608572,70.60645473608572,0.6922201444714287,69.22201444714287,0.048455410113,4.8455410113,0.009489668267937285,0.9489668267937285,0.009489668267937285,0.011862085334921606,scenario,capsaicin,5662.665693459679
7.0,skin,50.0,0.969427204537,0.030572795463,0.7062969633055285,70.62969633055285,0.6924480032407143,69.24480032407143,0.04847136022685,4.847136022685,0.00962319830976065,0.9623198309760651,0.00962319830976065,0.012028997887200812,scenario,capsaicin,5574.933342186557
7.083333333333333,skin,50.0,0.969719846262,0.030280153738,0.7065101737051714,70.65101737051714,0.6926570330442857,69.26570330442857,0.0484859923131,4.848599231310001,0.009760539811320605,0.9760539811320604,0.009760539811320605,0.012200674764150756,scenario,capsaicin,5487.20099091343
7.166666666666667,skin,50.0,0.969986620958,0.030013379042,0.7067045381265429,70.67045381265429,0.6928475863985715,69.28475863985715,0.0484993310479,4.849933104790001,0.009901858325907871,0.9901858325907872,0.009901858325907873,0.01237732290738484,scenario,capsaicin,5399.468639640305
7.25,skin,50.0,0.970227903822,0.029772096178,0.7068803299274572,70.68803299274572,0.6930199313014286,69.30199313014286,0.0485113951911,4.85113951911,0.010047329135561245,1.0047329135561245,0.010047329135561245,0.012559161419451556,scenario,capsaicin,5311.736288367187
7.333333333333333,skin,50.0,0.970443951716,0.029556048284,0.7070377362502286,70.70377362502286,0.6931742512257143,69.31742512257144,0.0485221975858,4.85221975858,0.010197137976361086,1.0197137976361086,0.010197137976361084,0.012746422470451355,scenario,capsaicin,5224.003937094062
7.416666666666667,skin,50.0,0.970634903176,0.029365096824,0.7071768580282285,70.71768580282284,0.6933106451257143,69.33106451257143,0.0485317451588,4.85317451588,0.010351481829590989,1.035148182959099,0.010351481829590989,0.012939352286988736,scenario,capsaicin,5136.27158582094
7.5,skin,50.0,0.970801978642,0.029198021358,0.7072985844391714,70.72985844391714,0.6934299847442857,69.34299847442857,0.048540098932100005,4.854009893210001,0.01051056978585392,1.0510569785853918,0.010510569785853921,0.013138212232317401,scenario,capsaicin,5048.539234547821
7.583333333333333,skin,50.0,0.970947723972,0.029052276028,0.7074047703224572,70.74047703224572,0.6935340885514286,69.35340885514286,0.0485473861986,4.85473861986,0.01067462399011365,1.067462399011365,0.01067462399011365,0.013343279987642063,scenario,capsaicin,4960.806883274695
7.666666666666667,skin,50.0,0.971072950988,0.028927049012,0.7074960071484,70.74960071484,0.69362353642,69.362353642,0.0485536475494,4.85536475494,0.010843880676643474,1.0843880676643474,0.010843880676643474,0.013554850845804343,scenario,capsaicin,4873.074532001574
7.75,skin,50.0,0.971178400391,0.028821599609,0.7075728345705857,70.75728345705858,0.6936988574221429,69.3698857422143,0.048558920019550006,4.8558920019550005,0.011018591304022236,1.1018591304022236,0.011018591304022234,0.013773239130027792,scenario,capsaicin,4785.342180728453
7.833333333333333,skin,50.0,0.971264777854,0.028735222146,0.7076357667222,70.76357667222,0.69376055561,69.376055561,0.048563238892700006,4.8563238892700005,0.011199023801645485,1.1199023801645485,0.011199023801645485,0.013998779752056857,scenario,capsaicin,4697.609829455326
7.916666666666667,skin,50.0,0.97133275403,0.02866724597,0.7076852922218572,70.76852922218572,0.6938091100214285,69.38091100214285,0.0485666377015,4.85666377015,0.011385463940747331,1.1385463940747331,0.011385463940747331,0.014231829925934164,scenario,capsaicin,4609.877478182208
8.0,skin,50.0,0.971382964543,0.028617035457,0.7077218741670428,70.77218741670428,0.6938449746735714,69.38449746735714,0.04856914822715,4.856914822715,0.01157821684468866,1.157821684468866,0.01157821684468866,0.014472771055860825,scenario,capsaicin,4522.145126909083
8.083333333333334,skin,50.0,0.971416009996,0.028583990004,0.7077459501399428,70.77459501399429,0.6938685785685714,69.38685785685715,0.048570800499800004,4.85708004998,0.011667262322458436,1.1667262322458436,0.011667262322458436,0.014584077903073044,scenario,capsaicin,4482.594581464528
8.166666666666666,skin,50.0,0.971432455968,0.028567544032,0.7077579322052571,70.77579322052571,0.6938803256914285,69.38803256914285,0.0485716227984,4.85716227984,0.01175768807333201,1.1757688073332009,0.011757688073332011,0.014697110091665013,scenario,capsaicin,4443.044036019966
8.25,skin,50.0,0.97143283301,0.02856716699,0.7077582069072857,70.77582069072858,0.6938805950071429,69.38805950071429,0.04857164165050001,4.85716416505,0.011849526440920079,1.184952644092008,0.011849526440920077,0.014811908051150097,scenario,capsaicin,4403.493490575409
8.333333333333334,skin,50.0,0.971417721154,0.028582278846,0.7077471968407714,70.77471968407714,0.6938698008242857,69.38698008242858,0.048570886057700005,4.8570886057700005,0.0119428107873222,1.19428107873222,0.011942810787322202,0.014928513484152754,scenario,capsaicin,4363.942945130851
8.416666666666666,skin,50.0,0.971389236424,0.028610763576,0.7077264436803429,70.77264436803429,0.6938494545885714,69.38494545885715,0.048569461821200005,4.856946182120001,0.012037575533534697,1.2037575533534697,0.012037575533534697,0.015046969416918372,scenario,capsaicin,4324.392399686291
8.5,skin,50.0,0.971348929526,0.028651070474,0.7076970772260857,70.76970772260857,0.6938206639471429,69.38206639471429,0.04856744647630001,4.85674464763,0.012133856201797726,1.2133856201797726,0.012133856201797728,0.01516732025224716,scenario,capsaicin,4284.841854241732
8.583333333333334,skin,50.0,0.971297875805,0.028702124195,0.7076598809436428,70.76598809436429,0.6937841970035715,69.37841970035716,0.04856489379025,4.8564893790250006,0.012231689459991025,1.2231689459991024,0.012231689459991025,0.01528961182498878,scenario,capsaicin,4245.291308797176
8.666666666666666,skin,50.0,0.971237171051,0.028762828949,0.7076156531943001,70.76156531943,0.6937408364650001,69.37408364650001,0.048561858552550005,4.856185855255,0.012331113168194869,1.233111316819487,0.012331113168194869,0.015413891460243585,scenario,capsaicin,4205.740763352615
8.75,skin,50.0,0.971167931504,0.028832068496,0.7075652072386286,70.75652072386286,0.6936913796457144,69.36913796457144,0.0485583965752,4.855839657520001,0.012432166427540291,1.2432166427540292,0.01243216642754029,0.015540208034425362,scenario,capsaicin,4166.190217908064
8.833333333333334,skin,50.0,0.971091293855,0.028908706145,0.7075093712372142,70.75093712372143,0.6936366384678572,69.36366384678571,0.048554564692750005,4.855456469275,0.012534889631481342,1.253488963148134,0.012534889631481342,0.015668612039351677,scenario,capsaicin,4126.639672463502
8.916666666666666,skin,50.0,0.971008415242,0.028991584758,0.7074489882477428,70.74489882477428,0.6935774394585714,69.35774394585714,0.048550420762100005,4.85504207621,0.01263932451963011,1.263932451963011,0.01263932451963011,0.015799155649537638,scenario,capsaicin,4087.089127018941
9.0,skin,50.0,0.970920473253,0.029079526747,0.7073849162271858,70.73849162271858,0.6935146237521429,69.3514623752143,0.048546023662650005,4.854602366265,0.012745514234305777,1.2745514234305777,0.012745514234305777,0.01593189279288222,scenario,capsaicin,4047.538581574389
9.083333333333334,skin,50.0,0.970828665923,0.029171334077,0.7073180280296143,70.73180280296143,0.6934490470878572,69.34490470878572,0.04854143329615,4.854143329615,0.012853503379958373,1.2853503379958373,0.012853503379958373,0.016066879224947966,scenario,capsaicin,4007.9880361298283
9.166666666666666,skin,50.0,0.970734211738,0.029265788262,0.7072492114091143,70.72492114091143,0.6933815798128572,69.33815798128572,0.048536710586900005,4.853671058690001,0.012963338085639061,1.2963338085639062,0.012963338085639061,0.016204172607048827,scenario,capsaicin,3968.4374906852668
9.25,skin,50.0,0.970637356185,0.029362643815,0.7071786452205,70.71786452205001,0.693312397275,69.3312397275,0.04853186780925001,4.853186780925,0.01307506607070109,1.3075066070701091,0.013075066070701092,0.016343832588376364,scenario,capsaicin,3928.886945240711
9.333333333333334,skin,50.0,0.970535188919,0.029464811081,0.7071042090695572,70.71042090695572,0.6932394206564286,69.32394206564287,0.04852675944595,4.852675944595,0.01318873671392788,1.318873671392788,0.013188736713927878,0.01648592089240985,scenario,capsaicin,3889.3363997961524
9.416666666666666,skin,50.0,0.970426177877,0.029573822123,0.7070247867389571,70.70247867389571,0.6931615556264286,69.31615556264286,0.04852130889385001,4.852130889385001,0.013304401126298404,1.3304401126298404,0.013304401126298404,0.016630501407873005,scenario,capsaicin,3849.7858543515968
9.5,skin,50.0,0.970310345223,0.029689654777,0.7069403943767572,70.69403943767571,0.6930788180164286,69.30788180164285,0.04851551726115,4.851551726115,0.013422112227615567,1.3422112227615568,0.013422112227615567,0.01677764028451946,scenario,capsaicin,3810.2353089070375
9.583333333333334,skin,50.0,0.970187424547,0.029812575453,0.7068508378842429,70.68508378842428,0.6929910175335715,69.29910175335715,0.04850937122735,4.850937122735,0.013541924827238531,1.3541924827238532,0.013541924827238531,0.016927406034048166,scenario,capsaicin,3770.6847634624773
9.666666666666666,skin,50.0,0.970057661465,0.029942338535,0.7067562962102144,70.67562962102144,0.6928983296178572,69.28983296178572,0.04850288307325001,4.850288307325001,0.013663895709178054,1.3663895709178053,0.013663895709178054,0.017079869636472567,scenario,capsaicin,3731.134218017921
9.75,skin,50.0,0.969921206983,0.030078793017,0.7066568793733286,70.66568793733285,0.6928008621307143,69.28008621307143,0.04849606034915,4.849606034915,0.013788083721832302,1.3788083721832303,0.0137880837218323,0.017235104652290376,scenario,capsaicin,3691.583672573362
9.833333333333334,skin,50.0,0.969778117642,0.030221882358,0.7065526285677428,70.65526285677429,0.6926986554585715,69.26986554585714,0.0484889058821,4.848890588210001,0.013914549872660964,1.3914549872660964,0.013914549872660963,0.017393187340826205,scenario,capsaicin,3652.0331271288073
9.916666666666666,skin,50.0,0.969628452546,0.030371547454,0.7064435868549429,70.6443586854943,0.6925917518185715,69.25917518185715,0.04848142262730001,4.848142262730001,0.014043357428117931,1.404335742811793,0.014043357428117933,0.017554196785147417,scenario,capsaicin,3612.4825816842504
10.0,skin,50.0,0.969472291597,0.030527708403,0.7063298124492429,70.63298124492428,0.6924802082835715,69.24802082835714,0.04847361457985,4.847361457985,0.014174572019186217,1.4174572019186216,0.014174572019186218,0.017718215023982773,scenario,capsaicin,3572.9320362396866
10.083333333333334,skin,50.0,0.969309653521,0.030690346479,0.7062113189938714,70.62113189938714,0.6923640382292857,69.23640382292857,0.04846548267605,4.846548267605,0.014308261752885031,1.4308261752885032,0.014308261752885033,0.01788532719110629,scenario,capsaicin,3533.3814907951314
10.166666666666666,skin,50.0,0.96914053832,0.03085946168,0.7060881064902856,70.60881064902857,0.6922432416571429,69.2243241657143,0.048457026916000005,4.8457026916000006,0.014444497330147405,1.4444497330147406,0.014444497330147407,0.01805562166268426,scenario,capsaicin,3493.8309453505713
10.25,skin,50.0,0.96896494604,0.03103505396,0.7059601749720001,70.59601749720001,0.6921178186000001,69.21178186000002,0.04844824730200001,4.844824730200001,0.014583352170496356,1.4583352170496355,0.014583352170496356,0.018229190213120444,scenario,capsaicin,3454.280399906015
10.333333333333334,skin,50.0,0.968782903792,0.031217096208,0.7058275441913143,70.58275441913143,0.6919877884228572,69.19877884228572,0.048439145189600005,4.84391451896,0.01472490254398227,1.472490254398227,0.01472490254398227,0.01840612817997784,scenario,capsaicin,3414.729854461456
10.416666666666666,skin,50.0,0.968594434493,0.031405565507,0.7056902308449,70.56902308449,0.691853167495,69.1853167495,0.04842972172465,4.842972172465,0.014869227710879082,1.4869227710879083,0.01486922771087908,0.01858653463859885,scenario,capsaicin,3375.179309016901
10.5,skin,50.0,0.968399538141,0.031600461859,0.7055482349313,70.55482349313,0.6917139558150001,69.17139558150001,0.04841997690705,4.841997690705,0.015016410069677303,1.5016410069677304,0.015016410069677303,0.018770512587096628,scenario,capsaicin,3335.628763572343
10.583333333333334,skin,50.0,0.968198214737,0.031801785263,0.7054015564512428,70.54015564512429,0.6915701533835714,69.15701533835714,0.04840991073685,4.840991073685,0.015166535313954198,1.5166535313954197,0.015166535313954198,0.01895816914244275,scenario,capsaicin,3296.078218127782
10.666666666666666,skin,50.0,0.967990434267,0.032009565733,0.7052501735373857,70.52501735373858,0.6914217387621429,69.14217387621429,0.048399521713350005,4.839952171335001,0.015319692598748786,1.5319692598748786,0.015319692598748786,0.01914961574843598,scenario,capsaicin,3256.5276726832244
10.75,skin,50.0,0.967776138565,0.032223861435,0.7050940438116428,70.50940438116427,0.6912686704035714,69.12686704035714,0.048388806928250004,4.8388806928250006,0.01547597471712048,1.547597471712048,0.015475974717120481,0.0193449683964006,scenario,capsaicin,3216.9771272386674
10.833333333333334,skin,50.0,0.967555326151,0.032444673849,0.7049331661957285,70.49331661957285,0.6911109472507143,69.11109472507142,0.04837776630755,4.837776630755,0.01563547828762583,1.563547828762583,0.015635478287625834,0.019544347859532293,scenario,capsaicin,3177.4265817941086
10.916666666666666,skin,50.0,0.967327997023,0.032672002977,0.7047675406881857,70.47675406881856,0.6909485693021429,69.09485693021429,0.04836639985115,4.836639985115,0.015798303953509486,1.5798303953509487,0.01579830395350949,0.019747879941886863,scenario,capsaicin,3137.876036349548
11.0,skin,50.0,0.967094145902,0.032905854098,0.7045971634428858,70.45971634428858,0.6907815327871429,69.0781532787143,0.048354707295100004,4.835470729510001,0.01596455659447214,1.596455659447214,0.01596455659447214,0.019955695743090175,scenario,capsaicin,3098.32549090499
11.083333333333334,skin,50.0,0.966853750535,0.033146249465,0.7044220182469285,70.44220182469286,0.6906098218107143,69.06098218107142,0.04834268752675,4.834268752675,0.016134345551951975,1.6134345551951974,0.016134345551951975,0.02016793193993997,scenario,capsaicin,3058.774945460434
11.166666666666666,skin,50.0,0.966606808437,0.033393191563,0.7042421032898143,70.42421032898143,0.6904334345978571,69.04334345978572,0.04833034042185,4.833034042185,0.01630778486893626,1.630778486893626,0.016307784868936255,0.020384731086170317,scenario,capsaicin,3019.224400015877
11.25,skin,50.0,0.966353319608,0.033646680392,0.7040574185715428,70.40574185715428,0.6902523711485714,69.02523711485713,0.0483176659804,4.83176659804,0.016484993545408427,1.6484993545408426,0.016484993545408423,0.020606241931760527,scenario,capsaicin,2979.6738545713183
11.333333333333334,skin,50.0,0.96609328405,0.03390671595,0.7038679640935714,70.38679640935715,0.6900666314642857,69.00666314642856,0.0483046642025,4.83046642025,0.016666095810633077,1.6666095810633077,0.016666095810633077,0.020832619763291347,scenario,capsaicin,2940.123309126761
11.416666666666666,skin,50.0,0.96582670176,0.03417329824,0.7036737398537143,70.36737398537143,0.6898762155428572,68.98762155428571,0.048291335088,4.8291335088,0.01685122141358808,1.685122141358808,0.016851221413588077,0.021064026766985097,scenario,capsaicin,2900.5727636822016
11.5,skin,50.0,0.96555357274,0.03444642726,0.7034747458534285,70.34747458534285,0.6896811233857143,68.96811233857143,0.048277678637,4.8277678637,0.017040505932970636,1.7040505932970635,0.01704050593297064,0.0213006324162133,scenario,capsaicin,2861.0222182376438
11.583333333333334,skin,50.0,0.965273896989,0.034726103011,0.7032709820919858,70.32709820919858,0.6894813549921429,68.94813549921429,0.048263694849450006,4.826369484945,0.01723409110833399,1.723409110833399,0.01723409110833399,0.021542613885417488,scenario,capsaicin,2821.4716727930863
11.666666666666666,skin,50.0,0.964987674508,0.035012325492,0.7030624485701144,70.30624485701144,0.6892769103628572,68.92769103628572,0.048249383725400004,4.82493837254,0.017432125194054286,1.7432125194054287,0.017432125194054286,0.02179015649256786,scenario,capsaicin,2781.9211273485275
11.75,skin,50.0,0.964694905297,0.035305094703,0.7028491452878143,70.28491452878143,0.6890677894978572,68.90677894978572,0.04823474526485,4.823474526485,0.017634763337985353,1.7634763337985353,0.017634763337985353,0.022043454172481693,scenario,capsaicin,2742.370581903969
11.833333333333334,skin,50.0,0.964395589354,0.035604410646,0.7026310722436286,70.26310722436287,0.6888539923957143,68.88539923957143,0.04821977946770001,4.821977946770001,0.017842167986833985,1.7842167986833986,0.017842167986833985,0.02230270998354248,scenario,capsaicin,2702.820036459411
11.916666666666666,skin,50.0,0.964089726681,0.035910273319,0.7024082294390142,70.24082294390142,0.6886355190578571,68.86355190578571,0.04820448633405,4.820448633405,0.018054509320481662,1.8054509320481662,0.018054509320481662,0.022568136650602078,scenario,capsaicin,2663.2694910148525
12.0,skin,50.0,0.963777317278,0.036222682722,0.7021806168739715,70.21806168739715,0.6884123694842857,68.84123694842857,0.048188865863900004,4.818886586390001,0.018271965717693173,1.8271965717693173,0.01827196571769317,0.022839957147116462,scenario,capsaicin,2623.718945570295
12.083333333333334,skin,50.0,0.963459036499,0.036540963501,0.7019487265921285,70.19487265921285,0.6881850260707143,68.81850260707142,0.04817295182495,4.817295182495,0.018337942566454393,1.8337942566454393,0.018337942566454393,0.02292242820806799,scenario,capsaicin,2611.9046742876176
12.166666666666666,skin,50.0,0.963144370232,0.036855629768,0.7017194697404572,70.17194697404572,0.6879602644514285,68.79602644514286,0.0481572185116,4.81572185116,0.018404397603421028,1.8404397603421028,0.018404397603421024,0.02300549700427628,scenario,capsaicin,2600.0904030049396
12.25,skin,50.0,0.962836378622,0.037163621378,0.7014950758531715,70.14950758531715,0.6877402704442858,68.77402704442858,0.048141818931100006,4.814181893110001,0.018471336046233085,1.8471336046233084,0.018471336046233085,0.023089170057791354,scenario,capsaicin,2588.2761317222626
12.333333333333334,skin,50.0,0.962535061667,0.037464938333,0.7012755449288143,70.12755449288143,0.6875250440478572,68.75250440478573,0.04812675308335,4.812675308335,0.018538763188715786,1.8538763188715786,0.018538763188715786,0.02317345398589473,scenario,capsaicin,2576.461860439586
12.416666666666666,skin,50.0,0.962239976332,0.037760023668,0.7010605541847428,70.10605541847428,0.6873142688085714,68.73142688085714,0.0481119988166,4.81119988166,0.01860668440227515,1.8606684402275149,0.01860668440227515,0.023258355502843935,scenario,capsaicin,2564.647589156908
12.5,skin,50.0,0.961950681782,0.038049318218,0.7008497824411715,70.08497824411715,0.6871076298442857,68.71076298442857,0.0480975340891,4.80975340891,0.01867510513732438,1.867510513732438,0.01867510513732438,0.02334388142165547,scenario,capsaicin,2552.8333178742323
12.583333333333334,skin,50.0,0.961667178017,0.038332821983,0.7006432296981,70.06432296981001,0.686905127155,68.69051271549999,0.04808335890085,4.808335890085,0.01874403092474193,1.874403092474193,0.01874403092474193,0.023430038655927413,scenario,capsaicin,2541.019046591553
12.666666666666666,skin,50.0,0.961389231513,0.038610768487,0.7004407258166143,70.04407258166142,0.6867065939378572,68.67065939378571,0.04806946157565001,4.806946157565001,0.01881346737736179,1.8813467377361792,0.018813467377361788,0.023516834221702233,scenario,capsaicin,2529.2047753088773
12.75,skin,50.0,0.961116124567,0.038883875433,0.7002417478988143,70.02417478988143,0.6865115175478572,68.65115175478572,0.048055806228350005,4.805580622835,0.018883420191497264,1.8883420191497264,0.018883420191497264,0.02360427523937158,scenario,capsaicin,2517.3905040261993
12.833333333333334,skin,50.0,0.960847806812,0.039152193188,0.7000462592487428,70.00462592487428,0.6863198620085714,68.63198620085714,0.048042390340600004,4.80423903406,0.018953895148498625,1.8953895148498625,0.018953895148498625,0.023692368935623282,scenario,capsaicin,2505.576232743522
12.916666666666666,skin,50.0,0.960584269916,0.039415730084,0.6998542537959428,69.98542537959428,0.6861316213685714,68.61316213685714,0.0480292134958,4.80292134958,0.019024898116345966,1.9024898116345965,0.019024898116345966,0.02378112264543246,scenario,capsaicin,2493.7619614608457
13.0,skin,50.0,0.96032532043,0.03967467957,0.6996655905989999,69.96655905989999,0.6859466574499999,68.594665745,0.0480162660215,4.80162660215,0.019096435051277907,1.9096435051277907,0.01909643505127791,0.023870543814097388,scenario,capsaicin,2481.9476901781663
13.083333333333334,skin,50.0,0.960070627437,0.039929372563,0.6994800285612428,69.94800285612428,0.6857647338835714,68.57647338835714,0.048003531371850004,4.800353137185001,0.019168511999457134,1.9168511999457134,0.019168511999457134,0.023960639999321416,scenario,capsaicin,2470.1334188954906
13.166666666666666,skin,50.0,0.959819863297,0.040180136703,0.6992973289735285,69.92973289735285,0.6855856166407143,68.55856166407143,0.047990993164850004,4.799099316485,0.019241135098673975,1.9241135098673974,0.01924113509867397,0.024051418873342466,scenario,capsaicin,2458.319147612813
13.25,skin,50.0,0.959572700371,0.040427299629,0.6991172531274429,69.9117253127443,0.6854090716935715,68.54090716935714,0.04797863501855,4.797863501855,0.019314310580088614,1.9314310580088614,0.019314310580088614,0.024142888225110768,scenario,capsaicin,2446.504876330135
13.333333333333334,skin,50.0,0.95932881102,0.04067118898,0.6989395623145714,69.89395623145714,0.6852348650142858,68.52348650142858,0.047966440551,4.7966440551,0.019388044770013414,1.9388044770013415,0.019388044770013414,0.024235055962516766,scenario,capsaicin,2434.690605047457
13.416666666666666,skin,50.0,0.959087867603,0.040912132397,0.6987640178250429,69.87640178250429,0.6850627625735715,68.50627625735714,0.04795439338015001,4.795439338015001,0.019462344091736094,1.9462344091736095,0.019462344091736097,0.02432793011467012,scenario,capsaicin,2422.87633376478
13.5,skin,50.0,0.95884967769,0.04115032231,0.6985904794598571,69.85904794598571,0.6848926269214286,68.48926269214286,0.0479424838845,4.79424838845,0.019537215067385056,1.9537215067385056,0.019537215067385053,0.024421518834231316,scenario,capsaicin,2411.0620624821045
13.583333333333334,skin,50.0,0.958614341471,0.041385658529,0.6984190202145858,69.84190202145858,0.6847245296221429,68.47245296221429,0.047930717073550004,4.793071707355001,0.01961266431983793,1.961266431983793,0.01961266431983793,0.024515830399797413,scenario,capsaicin,2399.2477911994265
13.666666666666666,skin,50.0,0.958381691857,0.041618308143,0.698249518352957,69.8249518352957,0.6845583513264285,68.45583513264285,0.04791908459285,4.791908459285,0.019688698574674444,1.9688698574674444,0.019688698574674448,0.02461087321834306,scenario,capsaicin,2387.433519916748
13.75,skin,50.0,0.958151544604,0.041848455396,0.6980818396400571,69.8081839640057,0.6843939604314285,68.43939604314285,0.047907577230200005,4.7907577230200005,0.019765324662174955,1.9765324662174955,0.01976532466217495,0.02470665582771869,scenario,capsaicin,2375.6192486340715
13.833333333333334,skin,50.0,0.957923715467,0.042076284533,0.6979158498402428,69.79158498402428,0.6842312253335714,68.42312253335714,0.04789618577335,4.789618577335,0.019842549519365864,1.9842549519365864,0.019842549519365864,0.02480318689920733,scenario,capsaicin,2363.804977351394
13.916666666666666,skin,50.0,0.957698020203,0.042301979797,0.6977514147193284,69.77514147193284,0.6840700144307142,68.40700144307142,0.04788490101015,4.788490101015,0.019920380192113098,1.9920380192113099,0.019920380192113098,0.02490047524014137,scenario,capsaicin,2351.9907060687165
14.0,skin,50.0,0.957474275218,0.042525724782,0.6975884005159715,69.75884005159715,0.6839101965842858,68.39101965842858,0.0478737137609,4.78737137609,0.019998823837265076,1.9998823837265076,0.01999882383726508,0.024998529796581348,scenario,capsaicin,2340.1764347860394
14.083333333333334,skin,50.0,0.957252397002,0.042747602998,0.6974267463871714,69.74267463871713,0.6837517121442858,68.37517121442858,0.047862619850100006,4.78626198501,0.020077887724846546,2.0077887724846546,0.020077887724846546,0.025097359656058183,scenario,capsaicin,2328.362163503361
14.166666666666666,skin,50.0,0.95703230656,0.04296769344,0.6972663947794286,69.72663947794287,0.6835945046857144,68.35945046857144,0.047851615328,4.7851615328,0.020157579240304577,2.0157579240304577,0.020157579240304573,0.025196974050380717,scenario,capsaicin,2316.547892220684
14.25,skin,50.0,0.95681386651,0.04318613349,0.6971072456001428,69.71072456001428,0.6834384760785714,68.34384760785714,0.047840693325500006,4.7840693325500006,0.020237905886808367,2.0237905886808365,0.020237905886808367,0.025297382358510458,scenario,capsaicin,2304.733620938008
14.333333333333334,skin,50.0,0.95659693947,0.04340306053,0.6969491987567143,69.69491987567143,0.6832835281928572,68.32835281928573,0.047829846973500005,4.782984697350001,0.02031887528760421,2.031887528760421,0.02031887528760421,0.025398594109505263,scenario,capsaicin,2292.919349655331
14.416666666666666,skin,50.0,0.956381388059,0.043618611941,0.6967921541572714,69.67921541572714,0.6831295628992857,68.31295628992858,0.04781906940295,4.781906940295,0.020400495188427167,2.0400495188427166,0.020400495188427167,0.02550061898553396,scenario,capsaicin,2281.1050783726528
14.5,skin,50.0,0.956167074895,0.043832925105,0.6966360117092142,69.66360117092142,0.6829764820678571,68.29764820678571,0.04780835374475,4.780835374475,0.020482773459971137,2.0482773459971138,0.020482773459971133,0.025603466824963915,scenario,capsaicin,2269.2908070899766
14.583333333333334,skin,50.0,0.955953871551,0.044046128449,0.6964806778443,69.64806778443,0.682824193965,68.2824193965,0.04779769357755,4.779769357755001,0.02056571810041904,2.056571810041904,0.02056571810041904,0.025707147625523803,scenario,capsaicin,2257.4765358072987
14.666666666666666,skin,50.0,0.955741714392,0.044258285608,0.6963261061998857,69.63261061998857,0.6826726531371429,68.26726531371429,0.0477870857196,4.778708571959999,0.020649337238034526,2.0649337238034526,0.02064933723803453,0.02581167154754316,scenario,capsaicin,2245.6622645246216
14.75,skin,50.0,0.955530502743,0.044469497257,0.6961722234270429,69.61722234270428,0.6825217876735714,68.25217876735714,0.04777652513715,4.777652513715,0.020733639133817358,2.0733639133817356,0.020733639133817358,0.025917048917271698,scenario,capsaicin,2233.8479932419446
14.833333333333334,skin,50.0,0.955320124242,0.044679875758,0.6960189476620287,69.60189476620286,0.6823715173157143,68.23715173157143,0.047766006212100004,4.77660062121,0.020818632184223987,2.0818632184223986,0.020818632184223987,0.026023290230279984,scenario,capsaicin,2222.033721959265
14.916666666666666,skin,50.0,0.955110466528,0.044889533472,0.6958661970418286,69.58661970418287,0.6822217618057144,68.22217618057144,0.047755523326400005,4.77555233264,0.020904324923955334,2.0904324923955335,0.020904324923955334,0.026130406154944167,scenario,capsaicin,2210.2194506765886
15.0,skin,50.0,0.954901417239,0.045098582761,0.6957138897027001,69.57138897027001,0.6820724408850001,68.2072440885,0.047745070861950005,4.774507086195,0.02099072602881382,2.099072602881382,0.02099072602881382,0.026238407536017277,scenario,capsaicin,2198.4051793939107
15.083333333333334,skin,50.0,0.954692864011,0.045307135989,0.6955619437794428,69.55619437794428,0.6819234742935714,68.19234742935714,0.04773464320055,4.773464320055,0.021077844318631335,2.1077844318631334,0.02107784431863134,0.026347305398289174,scenario,capsaicin,2186.590908111234
15.166666666666666,skin,50.0,0.954484582376,0.045515417624,0.6954101957310856,69.54101957310857,0.6817747016971428,68.17747016971428,0.047724229118800005,4.772422911880001,0.021165688760270647,2.1165688760270647,0.021165688760270644,0.026457110950338304,scenario,capsaicin,2174.776636828556
15.25,skin,50.0,0.954276303978,0.045723696022,0.6952584500411143,69.52584500411143,0.6816259314128572,68.16259314128573,0.0477138151989,4.77138151989,0.021254268470701956,2.125426847070196,0.021254268470701953,0.026567835588377442,scenario,capsaicin,2162.96236554588
15.333333333333334,skin,50.0,0.954068022601,0.045931977399,0.6951067021807286,69.51067021807286,0.6814771590007143,68.14771590007143,0.047703401130050005,4.770340113005,0.021343592720157244,2.1343592720157245,0.021343592720157244,0.026679490900196556,scenario,capsaicin,2151.1480942632024
15.416666666666666,skin,50.0,0.953859738247,0.046140261753,0.6949549521513857,69.49549521513858,0.6813283844621428,68.13283844621428,0.04769298691235,4.769298691235,0.02143367093536433,2.143367093536433,0.02143367093536433,0.026792088669205412,scenario,capsaicin,2139.333822980525
15.5,skin,50.0,0.953651450915,0.046348549085,0.6948031999523572,69.48031999523572,0.6811796077964286,68.11796077964286,0.04768257254575001,4.768257254575,0.02152451270286325,2.152451270286325,0.021524512702863246,0.026905640878579058,scenario,capsaicin,2127.519551697848
15.583333333333334,skin,50.0,0.953443160605,0.046556839395,0.6946514455836429,69.46514455836429,0.6810308290035715,68.10308290035715,0.04767215803025,4.7672158030250005,0.02161612777240732,2.161612777240732,0.02161612777240732,0.02702015971550915,scenario,capsaicin,2115.70528041517
15.666666666666666,skin,50.0,0.953234867317,0.046765132683,0.6944996890452428,69.44996890452428,0.6808820480835714,68.08820480835715,0.04766174336585,4.766174336585,0.021708526060451382,2.170852606045138,0.021708526060451382,0.02713565757556423,scenario,capsaicin,2103.891009132493
15.75,skin,50.0,0.953026571051,0.046973428949,0.6943479303371571,69.43479303371572,0.6807332650364286,68.07332650364286,0.04765132855255,4.765132855255,0.021801717653729995,2.1801717653729997,0.021801717653729995,0.027252147067162495,scenario,capsaicin,2092.0767378498167
15.833333333333334,skin,50.0,0.952818271807,0.047181728193,0.6941961694593857,69.41961694593857,0.6805844798621429,68.05844798621429,0.04764091359035,4.764091359035,0.02189571281292808,2.189571281292808,0.021895712812928084,0.027369641016160105,scenario,capsaicin,2080.2624665671383
15.916666666666666,skin,50.0,0.952609969585,0.047390030415,0.6940444064119287,69.40444064119286,0.6804356925607143,68.04356925607144,0.04763049847925,4.763049847925,0.021990521976446957,2.1990521976446957,0.021990521976446957,0.027488152470558698,scenario,capsaicin,2068.448195284462
16.0,skin,50.0,0.952401664385,0.047598335615,0.6938926411947857,69.38926411947857,0.6802869031321428,68.02869031321428,0.04762008321925,4.762008321925,0.022086155764268738,2.208615576426874,0.022086155764268735,0.027607694705335917,scenario,capsaicin,2056.6339240017837
16.083333333333332,skin,50.0,0.952193356206,0.047806643794,0.6937408738072285,69.37408738072286,0.6801381115757142,68.01381115757142,0.0476096678103,4.7609667810300005,0.02218262498192183,2.218262498192183,0.02218262498192183,0.02772828122740229,scenario,capsaicin,2044.8196527191074
16.166666666666668,skin,50.0,0.95198504505,0.04801495495,0.6935891042507143,69.35891042507143,0.6799893178928572,67.99893178928572,0.0475992522525,4.75992522525,0.02227994062455102,2.2279940624551022,0.022279940624551017,0.02784992578068877,scenario,capsaicin,2033.0053814364287
16.25,skin,50.0,0.951776443772,0.048223556228,0.6934371233196,69.34371233195999,0.67984031698,67.984031698,0.0475888221886,4.75888221886,0.022378113881094928,2.2378113881094928,0.022378113881094928,0.02797264235136866,scenario,capsaicin,2021.191110153752
16.333333333333332,skin,50.0,0.951567038069,0.048432961931,0.6932845563074141,69.32845563074142,0.6796907414778571,67.96907414778572,0.04757835190345,4.757835190345,0.022477156138574664,2.2477156138574665,0.022477156138574664,0.02809644517321833,scenario,capsaicin,2009.3768388710744
16.416666666666668,skin,50.0,0.951356817697,0.048643182303,0.6931313957506714,69.31313957506714,0.6795405840692857,67.95405840692858,0.04756784088485,4.756784088485,0.022577078986496617,2.2577078986496617,0.02257707898649662,0.028221348733120776,scenario,capsaicin,1997.5625675883969
16.5,skin,50.0,0.951145782659,0.048854217341,0.6929776416515572,69.29776416515571,0.6793898447564286,67.93898447564285,0.04755728913295,4.755728913295,0.022677894221373392,2.2677894221373394,0.022677894221373396,0.028347367776716745,scenario,capsaicin,1985.7482963057203
16.583333333333332,skin,50.0,0.950933932953,0.049066067047,0.6928232940086143,69.28232940086143,0.6792385235378572,67.92385235378572,0.04754669664765,4.754669664765,0.02277961385136634,2.277961385136634,0.02277961385136634,0.028474517314207925,scenario,capsaicin,1973.9340250230428
16.666666666666668,skin,50.0,0.950721268579,0.049278731421,0.6926683528218428,69.26683528218427,0.6790866204135714,67.90866204135713,0.047536063428950004,4.753606342895001,0.022882250101053558,2.288225010105356,0.02288225010105356,0.02860281262631695,scenario,capsaicin,1962.1197537403652
16.75,skin,50.0,0.950507789538,0.049492210462,0.6925128180919714,69.25128180919714,0.6789341353842857,67.89341353842858,0.0475253894769,4.75253894769,0.022985815416327465,2.2985815416327466,0.022985815416327465,0.02873226927040933,scenario,capsaicin,1950.305482457687
16.833333333333332,skin,50.0,0.95029349583,0.04970650417,0.6923566898189999,69.23566898189999,0.67878106845,67.87810684499999,0.047514674791500004,4.7514674791500005,0.023090322469425877,2.3090322469425875,0.023090322469425877,0.028862903086782347,scenario,capsaicin,1938.4912111750104
16.916666666666668,skin,50.0,0.950078387454,0.049921612546,0.6921999680022,69.21999680022,0.67862741961,67.862741961,0.0475039193727,4.75039193727,0.023195784164101067,2.3195784164101068,0.023195784164101067,0.028994730205126332,scenario,capsaicin,1926.6769398923338
17.0,skin,50.0,0.94986246441,0.05013753559,0.6920426526415715,69.20426526415714,0.6784731888642858,67.84731888642858,0.047493123220500005,4.749312322050001,0.023302213640931033,2.330221364093103,0.02330221364093103,0.029127767051163787,scenario,capsaicin,1914.8626686096557
17.083333333333332,skin,50.0,0.9496457267,0.0503542733,0.6918847437385713,69.18847437385713,0.6783183762142857,67.83183762142858,0.047482286335000005,4.7482286335,0.023409624282777656,2.3409624282777655,0.023409624282777656,0.02926203035347207,scenario,capsaicin,1903.048397326979
17.166666666666668,skin,50.0,0.949428174321,0.050571825679,0.6917262412910143,69.17262412910144,0.6781629816578572,67.81629816578571,0.047471408716050004,4.7471408716050005,0.02351802972039663,2.351802972039663,0.023518029720396637,0.029397537150495798,scenario,capsaicin,1891.2341260443009
17.25,skin,50.0,0.949209807276,0.050790192724,0.6915671453010857,69.15671453010856,0.6780070051971429,67.80070051971428,0.047460490363800005,4.7460490363800005,0.023627443838203834,2.362744383820383,0.023627443838203838,0.029534304797754797,scenario,capsaicin,1879.4198547616234
17.333333333333332,skin,50.0,0.948990377084,0.051009622916,0.6914072747326286,69.14072747326287,0.6778502693457144,67.78502693457143,0.047449518854200005,4.744951885420001,0.02373788078020352,2.3737880780203517,0.02373788078020352,0.029672350975254398,scenario,capsaicin,1867.6055834789472
17.416666666666668,skin,50.0,0.948769473875,0.051230526125,0.6912463309660714,69.12463309660714,0.6776924813392857,67.76924813392857,0.047438473693750004,4.7438473693750005,0.023849354956083535,2.3849354956083535,0.02384935495608354,0.029811693695104422,scenario,capsaicin,1855.7913121962695
17.5,skin,50.0,0.948547091578,0.051452908422,0.6910843095782571,69.1084309578257,0.6775336368414285,67.75336368414285,0.0474273545789,4.74273545789,0.023961881047483015,2.3961881047483016,0.023961881047483015,0.029952351309353767,scenario,capsaicin,1843.977040913592
17.583333333333332,skin,50.0,0.948323230194,0.051676769806,0.6909212105699143,69.09212105699143,0.6773737358528572,67.73737358528572,0.0474161615097,4.7416161509700006,0.024075474014438426,2.4075474014438427,0.024075474014438426,0.03009434251804803,scenario,capsaicin,1832.1627696309158
17.666666666666668,skin,50.0,0.948097889722,0.051902110278,0.6907570339403143,69.07570339403144,0.6772127783728572,67.72127783728573,0.047404894486100004,4.74048944861,0.02419014910201385,2.419014910201385,0.02419014910201385,0.030237686377517312,scenario,capsaicin,1820.3484983482367
17.75,skin,50.0,0.947871070164,0.052128929836,0.6905917796909142,69.05917796909142,0.6770507644028572,67.70507644028572,0.0473935535082,4.73935535082,0.024305921847121503,2.4305921847121503,0.024305921847121503,0.03038240230890188,scenario,capsaicin,1808.5342270655601
17.833333333333332,skin,50.0,0.947642771518,0.052357228482,0.6904254478202572,69.04254478202571,0.6768876939414286,67.68876939414285,0.047382138575900005,4.738213857590001,0.024422808085539326,2.4422808085539325,0.024422808085539326,0.03052851010692416,scenario,capsaicin,1796.7199557828826
17.916666666666668,skin,50.0,0.947412993785,0.052587006215,0.6902580383290714,69.02580383290714,0.6767235669892857,67.67235669892857,0.047370649689250005,4.737064968925001,0.02454082395913173,2.454082395913173,0.02454082395913173,0.030676029948914663,scenario,capsaicin,1784.9056845002053
18.0,skin,50.0,0.947181736966,0.052818263034,0.6900895512180858,69.00895512180858,0.6765583835471429,67.65583835471429,0.04735908684830001,4.735908684830001,0.024659985923280944,2.4659985923280945,0.024659985923280944,0.03082498240410118,scenario,capsaicin,1773.0914132175287
18.083333333333332,skin,50.0,0.946949001058,0.053050998942,0.6899199864851142,68.99199864851143,0.6763921436128572,67.63921436128571,0.0473474500529,4.734745005290001,0.024780310754535847,2.478031075453585,0.024780310754535847,0.03097538844316981,scenario,capsaicin,1761.2771419348508
18.166666666666668,skin,50.0,0.946714786064,0.053285213936,0.6897493441323429,68.9749344132343,0.6762248471885715,67.62248471885715,0.0473357393032,4.73357393032,0.024901815558485734,2.4901815558485736,0.024901815558485734,0.03112726944810717,scenario,capsaicin,1749.4628706521737
18.25,skin,50.0,0.946479091983,0.053520908017,0.6895776241590428,68.95776241590428,0.6760564942735714,67.60564942735714,0.04732395459915,4.732395459915,0.02502451777786705,2.502451777786705,0.02502451777786705,0.03128064722233381,scenario,capsaicin,1737.6485993694964
18.333333333333332,skin,50.0,0.946241918814,0.053758081186,0.6894048265644857,68.94048265644857,0.6758870848671429,67.58870848671428,0.0473120959407,4.73120959407,0.02514843520091083,2.514843520091083,0.02514843520091083,0.031435544001138536,scenario,capsaicin,1725.834328086819
18.416666666666668,skin,50.0,0.94600306531,0.05399693469,0.6892308047258572,68.92308047258572,0.6757164752214286,67.57164752214287,0.0473001532655,4.73001532655,0.025273585969939442,2.527358596993944,0.025273585969939442,0.031591982462424305,scenario,capsaicin,1714.0200568041419
18.5,skin,50.0,0.945762226081,0.054237773919,0.6890553361447285,68.90553361447284,0.6755444472007143,67.55444472007143,0.04728811130405,4.728811130405,0.02539998859022132,2.5399988590221323,0.02539998859022132,0.031749985737776654,scenario,capsaicin,1702.2057855214648
18.583333333333332,skin,50.0,0.945519397959,0.054480602041,0.6888784185129857,68.88784185129857,0.6753709985421429,67.53709985421429,0.04727596989795,4.727596989795,0.025527661939092727,2.5527661939092727,0.02552766193909273,0.031909577423865916,scenario,capsaicin,1690.3915142387866
18.666666666666668,skin,50.0,0.945274580945,0.054725419055,0.6887000518313571,68.8700051831357,0.6751961292464286,67.51961292464286,0.04726372904725001,4.726372904725,0.025656625275355973,2.565662527535597,0.02565662527535597,0.032070781594194964,scenario,capsaicin,1678.5772429561098
18.75,skin,50.0,0.94502777504,0.05497222496,0.6885202361005714,68.85202361005715,0.6750198393142858,67.50198393142858,0.047251388752,4.7251388752,0.025786898248964036,2.5786898248964034,0.025786898248964032,0.03223362281120504,scenario,capsaicin,1666.762971673433
18.833333333333332,skin,50.0,0.944778980242,0.055221019758,0.6883389713191714,68.83389713191714,0.6748421287442857,67.48421287442858,0.047238949012100004,4.72389490121,0.02591850091100171,2.591850091100171,0.025918500911001705,0.032398126138752134,scenario,capsaicin,1654.9487003907548
18.916666666666668,skin,50.0,0.944528196553,0.055471803447,0.6881562574886143,68.81562574886144,0.6746629975378572,67.46629975378572,0.04722640982765,4.722640982765,0.02605145372397385,2.6051453723973848,0.02605145372397385,0.03256431715496731,scenario,capsaicin,1643.1344291080775
19.0,skin,50.0,0.944275423971,0.055724576029,0.6879720946074428,68.79720946074428,0.6744824456935714,67.44824456935714,0.04721377119855,4.721377119855,0.02618577757241205,2.618577757241205,0.02618577757241205,0.03273222196551506,scenario,capsaicin,1631.3201578254004
19.083333333333332,skin,50.0,0.944020662498,0.055979337502,0.6877864826771142,68.77864826771142,0.6743004732128571,67.43004732128571,0.0472010331249,4.72010331249,0.026321493773811086,2.6321493773811087,0.026321493773811083,0.032901867217263854,scenario,capsaicin,1619.5058865427231
19.166666666666668,skin,50.0,0.943763912133,0.056236087867,0.6875994216969,68.75994216969,0.674117080095,67.4117080095,0.04718819560665,4.7188195606650005,0.026458624089907203,2.64586240899072,0.026458624089907207,0.03307328011238401,scenario,capsaicin,1607.691615260045
19.25,skin,50.0,0.943505172875,0.056494827125,0.6874109116660715,68.74109116660715,0.6739322663392857,67.39322663392858,0.04717525864375,4.717525864375,0.026597190738310784,2.6597190738310785,0.026597190738310787,0.033246488422888486,scenario,capsaicin,1595.8773439773686
19.333333333333332,skin,50.0,0.943244444726,0.056755555274,0.6872209525860856,68.72209525860856,0.6737460319471429,67.37460319471428,0.047162222236300004,4.71622222363,0.026737216404506603,2.67372164045066,0.026737216404506603,0.033421520505633254,scenario,capsaicin,1584.0630726946918
19.416666666666668,skin,50.0,0.942981727684,0.057018272316,0.6870295444554858,68.70295444554858,0.6735583769171429,67.3558376917143,0.047149086384200005,4.714908638420001,0.026878724254234952,2.687872425423495,0.026878724254234956,0.03359840531779369,scenario,capsaicin,1572.248801412014
19.5,skin,50.0,0.942716811093,0.057283188907,0.6868365337963286,68.68365337963286,0.6733691507807142,67.33691507807143,0.047135840554650005,4.713584055465001,0.02702173794626816,2.702173794626816,0.027021737946268158,0.0337771724328352,scenario,capsaicin,1560.4345301293365
19.583333333333332,skin,50.0,0.94244939381,0.05755060619,0.6866417012044286,68.66417012044286,0.6731781384357143,67.31781384357143,0.047122469690500005,4.712246969050001,0.02716628164559714,2.716628164559714,0.02716628164559714,0.033957852056996425,scenario,capsaicin,1548.6202588466592
19.666666666666668,skin,50.0,0.942179473529,0.057820526471,0.6864450449996999,68.64450449997,0.6729853382350001,67.29853382350001,0.047108973676450006,4.710897367645001,0.027312380037043442,2.731238003704344,0.027312380037043445,0.034140475046304304,scenario,capsaicin,1536.8059875639817
19.75,skin,50.0,0.941907050249,0.058092949751,0.6862465651814142,68.62465651814142,0.6727907501778572,67.27907501778571,0.047095352512450006,4.709535251245001,0.027460058339312875,2.7460058339312874,0.02746005833931288,0.034325072924141095,scenario,capsaicin,1524.9917162813047
19.833333333333332,skin,50.0,0.94163212397,0.05836787603,0.6860462617495714,68.60462617495713,0.6725943742642857,67.25943742642858,0.0470816061985,4.70816061985,0.027609342319507596,2.7609342319507597,0.027609342319507593,0.03451167789938449,scenario,capsaicin,1513.1774449986274
19.916666666666668,skin,50.0,0.941354694693,0.058645305307,0.6858441347049,68.58441347049,0.6723962104950001,67.23962104950002,0.04706773473465001,4.706773473465001,0.02776025830811407,2.776025830811407,0.027760258308114072,0.03470032288514259,scenario,capsaicin,1501.36317371595
20.0,skin,50.0,0.941074762418,0.058925237582,0.6856401840473999,68.56401840474,0.67219625887,67.219625887,0.0470537381209,4.70537381209,0.027912833214485358,2.7912833214485357,0.027912833214485355,0.034891041518106694,scenario,capsaicin,1489.5489024332728
20.083333333333332,skin,50.0,0.940792327143,0.059207672857,0.6854344097756143,68.54344097756143,0.6719945193878571,67.19945193878571,0.04703961635715,4.703961635715,0.028067094542836745,2.8067094542836744,0.02806709454283675,0.03508386817854593,scenario,capsaicin,1477.7346311505955
20.166666666666668,skin,50.0,0.94050738887,0.05949261113,0.685226811891,68.5226811891,0.67179099205,67.179099205,0.0470253694435,4.702536944349999,0.028223070408774753,2.822307040877475,0.028223070408774757,0.03527883801096845,scenario,capsaicin,1465.9203598679173
20.25,skin,50.0,0.940219947599,0.059780052401,0.685017390393557,68.5017390393557,0.6715856768564286,67.15856768564285,0.04701099737995,4.701099737995,0.028380789556380296,2.8380789556380295,0.0283807895563803,0.03547598694547537,scenario,capsaicin,1454.1060885852405
20.333333333333332,skin,50.0,0.939930003329,0.060069996671,0.6848061452825571,68.48061452825571,0.6713785738064286,67.13785738064286,0.04699650016645,4.699650016645,0.02854028137586798,2.854028137586798,0.028540281375867976,0.03567535171983497,scenario,capsaicin,1442.2918173025637
20.416666666666668,skin,50.0,0.939637556061,0.060362443939,0.6845930765587286,68.45930765587286,0.6711696829007143,67.11696829007143,0.04698187780305,4.698187780305,0.028701575921844056,2.870157592184406,0.02870157592184406,0.03587696990230507,scenario,capsaicin,1430.4775460198853
20.5,skin,50.0,0.939342605793,0.060657394207,0.6843781842206142,68.43781842206143,0.6709590041378571,67.09590041378571,0.04696713028965,4.696713028965,0.028864703932187093,2.8864703932187092,0.02886470393218709,0.036080879915233864,scenario,capsaicin,1418.6632747372084
20.583333333333332,skin,50.0,0.939044892805,0.060955107195,0.6841612790436429,68.41612790436429,0.6707463520035715,67.07463520035715,0.04695224464025,4.695224464025,0.02902969684757619,2.902969684757619,0.02902969684757619,0.03628712105947024,scenario,capsaicin,1406.8490034545314
20.666666666666668,skin,50.0,0.938744067613,0.061255932387,0.6839421064037571,68.3942106403757,0.6705314768664286,67.05314768664286,0.04693720338065,4.693720338065,0.029196586831692753,2.9196586831692755,0.029196586831692756,0.036495733539615945,scenario,capsaicin,1395.034732171854
20.75,skin,50.0,0.938440128358,0.061559871642,0.6837206649465428,68.37206649465428,0.6703143773985714,67.03143773985714,0.0469220064179,4.69220064179,0.029365406792123135,2.9365406792123134,0.029365406792123138,0.03670675849015392,scenario,capsaicin,1383.2204608891768
20.833333333333332,skin,50.0,0.938133075042,0.061866924958,0.6834969546734572,68.34969546734571,0.6700950536014286,67.00950536014287,0.04690665375210001,4.690665375210001,0.029536190401990695,2.9536190401990696,0.029536190401990695,0.036920238002488365,scenario,capsaicin,1371.4061896065
20.916666666666668,skin,50.0,0.937822907662,0.062177092338,0.6832709755823143,68.32709755823143,0.6698735054728572,66.98735054728571,0.046891145383100005,4.68911453831,0.02970897212234714,2.970897212234714,0.029708972122347143,0.03713621515293393,scenario,capsaicin,1359.5919183238216
21.0,skin,50.0,0.937509626221,0.062490373779,0.6830427276752999,68.30427276753,0.669649733015,66.9649733015,0.04687548131105,4.687548131105,0.029883787225354258,2.9883787225354257,0.029883787225354258,0.03735473403169282,scenario,capsaicin,1347.777647041145
21.083333333333332,skin,50.0,0.937193230716,0.062806769284,0.6828122109502286,68.28122109502286,0.6694237362257143,66.94237362257142,0.046859661535800005,4.685966153580001,0.030060671818289215,3.0060671818289215,0.030060671818289218,0.037575839772861525,scenario,capsaicin,1335.9633757584681
21.166666666666668,skin,50.0,0.93687372115,0.06312627885,0.6825794254092857,68.25794254092857,0.6691955151071429,66.91955151071429,0.0468436860575,4.6843686057500005,0.030239662868407225,3.0239662868407224,0.030239662868407225,0.03779957858550903,scenario,capsaicin,1324.1491044757904
21.25,skin,50.0,0.936551097521,0.063448902479,0.6823443710510142,68.23443710510142,0.6689650696578572,66.89650696578572,0.046827554876050004,4.682755487605,0.030420798228697792,3.042079822869779,0.030420798228697785,0.038025997785872234,scenario,capsaicin,1312.334833193113
21.333333333333332,skin,50.0,0.936225359829,0.063774640171,0.6821070478754142,68.21070478754142,0.6687323998778572,66.87323998778571,0.04681126799145,4.681126799145,0.030604116664572394,3.0604116664572394,0.03060411666457239,0.03825514583071549,scenario,capsaicin,1300.5205619104356
21.416666666666668,skin,50.0,0.935896508075,0.064103491925,0.6818674558832143,68.18674558832143,0.6684975057678572,66.84975057678571,0.046794825403750004,4.679482540375,0.03078965788152279,3.078965788152279,0.030789657881522794,0.03848707235190349,scenario,capsaicin,1288.706290627758
21.5,skin,50.0,0.935564542258,0.064435457742,0.6816255950736857,68.16255950736857,0.6682603873271429,66.8260387327143,0.0467782271129,4.67782271129,0.030977462553791593,3.0977462553791595,0.03097746255379159,0.03872182819223949,scenario,capsaicin,1276.8920193450804
21.583333333333332,skin,50.0,0.935229462379,0.064770537621,0.6813814654475571,68.13814654475571,0.6680210445564285,66.80210445564285,0.04676147311895,4.676147311895,0.03116757235409852,3.116757235409852,0.031167572354098522,0.03895946544262315,scenario,capsaicin,1265.0777480624033
21.666666666666668,skin,50.0,0.934890931465,0.065109068535,0.6811348214959285,68.11348214959285,0.6677792367607143,66.77792367607142,0.04674454657325,4.6744546573250005,0.031360029984468164,3.1360029984468163,0.031360029984468164,0.039200037480585204,scenario,capsaicin,1253.2634767797256
21.75,skin,50.0,0.934548523108,0.065451476892,0.6808853525501143,68.08853525501142,0.6675346593628572,66.75346593628572,0.0467274261554,4.67274261554,0.03155487920820671,3.155487920820671,0.03155487920820672,0.039443599010258394,scenario,capsaicin,1241.4492054970488
21.833333333333332,skin,50.0,0.934202235872,0.065797764128,0.6806330575638857,68.06330575638857,0.6672873113371429,66.72873113371429,0.046710111793600004,4.671011179360001,0.03175216488307854,3.175216488307854,0.03175216488307855,0.039690206103848186,scenario,capsaicin,1229.6349342143717
21.916666666666668,skin,50.0,0.933852069757,0.066147930243,0.6803779365372428,68.03779365372428,0.6670371926835714,66.70371926835715,0.04669260348785,4.669260348785,0.03195193299573491,3.1951932995734906,0.03195193299573491,0.03993991624466863,scenario,capsaicin,1217.8206629316942
22.0,skin,50.0,0.933498024762,0.066501975238,0.6801199894694572,68.01199894694572,0.6667843034014286,66.67843034014285,0.0466749012381,4.66749012381,0.032154230697450686,3.2154230697450688,0.032154230697450686,0.04019278837181336,scenario,capsaicin,1206.0063916490167
22.083333333333332,skin,50.0,0.933140100889,0.066859899111,0.6798592163619858,67.98592163619858,0.6665286434921429,66.6528643492143,0.04665700504445,4.665700504445,0.032359106341227226,3.2359106341227224,0.03235910634122723,0.04044888292653404,scenario,capsaicin,1194.19212036634
22.166666666666668,skin,50.0,0.932778298137,0.067221701863,0.6795956172141,67.95956172141,0.666270212955,66.6270212955,0.04663891490685,4.663891490685,0.032566609520322885,3.2566609520322887,0.032566609520322885,0.04070826190040361,scenario,capsaicin,1182.3778490836626
22.25,skin,50.0,0.932412616505,0.067587383495,0.6793291920250715,67.93291920250715,0.6660090117892857,66.60090117892857,0.04662063082525,4.662063082525,0.032776791108275326,3.2776791108275325,0.03277679110827533,0.040970988885344166,scenario,capsaicin,1170.563577800985
22.333333333333332,skin,50.0,0.932043055994,0.067956944006,0.6790599407956285,67.90599407956284,0.6657450399957142,66.57450399957142,0.0466021527997,4.66021527997,0.03298970330048401,3.298970330048401,0.032989703300484,0.041237129125605,scenario,capsaicin,1158.7493065183073
22.416666666666668,skin,50.0,0.931669616605,0.068330383395,0.6787878635265,67.87878635265,0.665478297575,66.5478297575,0.046583480830250004,4.658348083025,0.03320539965742366,3.320539965742366,0.033205399657423654,0.041506749571779564,scenario,capsaicin,1146.93503523563
22.5,skin,50.0,0.931292298336,0.068707701664,0.6785129602162285,67.85129602162286,0.6652087845257143,66.52087845257142,0.0465646149168,4.65646149168,0.0334239351495644,3.3423935149564397,0.0334239351495644,0.0417799189369555,scenario,capsaicin,1135.120763952953
22.583333333333332,skin,50.0,0.930911101188,0.069088898812,0.6782352308655428,67.82352308655429,0.6649365008485715,66.49365008485715,0.0465455550594,4.65455550594,0.03364536620407722,3.3645366204077223,0.03364536620407722,0.042056707755096526,scenario,capsaicin,1123.3064926702762
22.666666666666668,skin,50.0,0.930526016021,0.069473983979,0.6779546688153001,67.79546688153,0.664661440015,66.4661440015,0.046526300801050004,4.652630080105,0.033869750753408555,3.3869750753408554,0.033869750753408555,0.042337188441760695,scenario,capsaicin,1111.4922213875984
22.75,skin,50.0,0.930136437568,0.069863562432,0.6776708330852572,67.76708330852573,0.6643831696914286,66.43831696914286,0.0465068218784,4.65068218784,0.03409714828581132,3.409714828581132,0.03409714828581132,0.04262143535726415,scenario,capsaicin,1099.6779501049214
22.833333333333332,skin,50.0,0.929742000768,0.070257999232,0.6773834577023999,67.73834577023999,0.66410142912,66.410142912,0.0464871000384,4.64871000384,0.034327619897925654,3.4327619897925654,0.03432761989792566,0.042909524872407075,scenario,capsaicin,1087.863678822244
22.916666666666668,skin,50.0,0.92934270562,0.07065729438,0.677092542666,67.7092542666,0.6638162183,66.38162183,0.046467135281,4.6467135281,0.034561228349506264,3.4561228349506266,0.034561228349506264,0.04320153543688283,scenario,capsaicin,1076.0494075395661
23.0,skin,50.0,0.928938552123,0.071061447877,0.6767980879753286,67.67980879753286,0.6635275372307143,66.35275372307143,0.046446927606150004,4.644692760615,0.03479803812039982,3.479803812039982,0.03479803812039982,0.04349754765049978,scenario,capsaicin,1064.235136256889
23.083333333333332,skin,50.0,0.928529540278,0.071470459722,0.6765000936311144,67.65000936311144,0.6632353859128572,66.32353859128573,0.04642647701390001,4.6426477013900005,0.03503811546988103,3.503811546988103,0.03503811546988103,0.04379764433735129,scenario,capsaicin,1052.420864974212
23.166666666666668,skin,50.0,0.928115670084,0.071884329916,0.6761985596326285,67.61985596326285,0.6629397643457143,66.29397643457143,0.0464057835042,4.64057835042,0.03528152849846185,3.528152849846185,0.03528152849846184,0.0441019106230773,scenario,capsaicin,1040.6065936915345
23.25,skin,50.0,0.927696941543,0.072303058457,0.6758934859813285,67.58934859813284,0.6626406725307142,66.26406725307142,0.04638484707715,4.638484707715,0.03552834721229506,3.5528347212295057,0.03552834721229505,0.044410434015368816,scenario,capsaicin,1028.792322408857
23.333333333333332,skin,50.0,0.927273354653,0.072726645347,0.6755848726757571,67.5584872675757,0.6623381104664285,66.23381104664286,0.04636366773265,4.636366773265,0.0357786435903003,3.57786435903003,0.035778643590300294,0.04472330448787537,scenario,capsaicin,1016.9780511261803
23.416666666666668,skin,50.0,0.926844909415,0.073155090585,0.6752727197166428,67.52727197166428,0.6620320781535715,66.20320781535715,0.04634224547075,4.634224547075,0.03603249165414767,3.603249165414767,0.036032491654147666,0.045040614567684586,scenario,capsaicin,1005.1637798435027
23.5,skin,50.0,0.926411605829,0.073588394171,0.6749570271039858,67.49570271039858,0.6617225755921429,66.17225755921429,0.04632058029145,4.632058029145,0.03628996754124155,3.628996754124155,0.03628996754124155,0.04536245942655194,scenario,capsaicin,993.349508560825
23.583333333333332,skin,50.0,0.925973443894,0.074026556106,0.6746377948370571,67.46377948370571,0.6614096027814286,66.14096027814286,0.046298672194700005,4.62986721947,0.036551149580856285,3.6551149580856284,0.036551149580856285,0.045688936976070356,scenario,capsaicin,981.5352372781482
23.666666666666668,skin,50.0,0.925530423611,0.074469576389,0.6743150229165857,67.43150229165857,0.6610931597221429,66.10931597221429,0.046276521180550007,4.627652118055001,0.036816118373583444,3.681611837358344,0.036816118373583444,0.046020147966979306,scenario,capsaicin,969.7209659954704
23.75,skin,50.0,0.925082473926,0.074917526074,0.6739886595746571,67.39886595746572,0.6607731956614286,66.07731956614286,0.0462541236963,4.62541236963,0.037084956874259695,3.7084956874259696,0.037084956874259695,0.04635619609282462,scenario,capsaicin,957.9066947127936
23.833333333333332,skin,50.0,0.924628677165,0.075371322835,0.6736580362202143,67.36580362202143,0.6604490551178571,66.04490551178571,0.04623143385825,4.623143385825,0.03735775047855501,3.735775047855501,0.03735775047855502,0.04669718809819377,scenario,capsaicin,946.0924234301162
23.916666666666668,skin,50.0,0.924168752123,0.075831247877,0.6733229479753285,67.33229479753285,0.6601205372307143,66.01205372307143,0.04620843760615,4.620843760615,0.03763458711341058,3.7634587113410576,0.03763458711341058,0.04704323389176322,scenario,capsaicin,934.2781521474382
24.0,skin,50.0,0.9237026988,0.0762973012,0.67298339484,67.298339484,0.6597876420000001,65.9787642,0.046185134940000004,4.618513494,0.0379155573315279,3.79155573315279,0.0379155573315279,0.047394446664409874,scenario,capsaicin,922.4638808647613
0.0,spinal_coord,2.746700674924204,0.990529630902,0.009470369098,0.3373384417327817,33.73384417327817,0.11960804534304234,11.960804534304234,0.2476324077255,24.76324077255,0.005463379706759715,0.5463379706759715,0.005463379706759716,0.007648731589463602,scenario,capsaicin,0.001
0.08333333333333333,spinal_coord,2.8431898832694498,0.990590432743,0.009409567257,0.34011838540307243,34.011838540307245,0.12329436962309658,12.329436962309657,0.24764760818575,24.764760818575,0.004484487775820777,0.4484487775820777,0.004484487775820778,0.006278282886149089,scenario,capsaicin,157.39476376890255
0.16666666666666666,spinal_coord,2.945558268166531,0.990735721111,0.009264278889,0.3430706853344495,34.30706853344495,0.12718234007559934,12.718234007559934,0.24768393027775,24.768393027774998,0.0038490478423913697,0.384904784239137,0.0038490478423913697,0.005388666979347917,scenario,capsaicin,314.78852753780524
0.25,spinal_coord,3.053016732074713,0.990929972798,0.009070027202,0.34615754389115283,34.61575438911528,0.1312334009222038,13.123340092220381,0.2477324931995,24.77324931995,0.003405339035747776,0.3405339035747776,0.0034053390357477757,0.004767474650046886,scenario,capsaicin,472.18229130670767
0.3333333333333333,spinal_coord,3.164571918290631,0.991153740582,0.008846259418,0.3493414868882096,34.93414868882096,0.13540406899027946,13.540406899027946,0.2477884351455,24.77884351455,0.003078942570559225,0.3078942570559225,0.003078942570559225,0.004310519598782915,scenario,capsaicin,629.5760550756105
0.4166666666666667,spinal_coord,3.27903203267838,0.991394730943,0.008605269057,0.35258290477816356,35.25829047781636,0.13964562938988478,13.964562938988479,0.24784868273575,24.784868273575,0.002828977830082425,0.2828977830082425,0.0028289778300824246,0.0039605689621153945,scenario,capsaicin,786.9698188445127
0.5,spinal_coord,3.3950205173390566,0.991645369309,0.008354630691,0.35583996240154575,35.583996240154576,0.14390482676572766,14.390482676572766,0.24791134232725,24.791134232725,0.002631055072398934,0.2631055072398934,0.0026310550723989334,0.0036834771013585063,scenario,capsaicin,944.3635826134152
0.5833333333333334,spinal_coord,3.5109978101933175,0.991900271153,0.008099728847,0.3590685986135918,35.90685986135918,0.14812470776712244,14.812470776712244,0.24797506778825,24.797506778825,0.0024696776785837413,0.24696776785837413,0.0024696776785837413,0.0034575487500172375,scenario,capsaicin,1101.7573463823185
0.6666666666666666,spinal_coord,3.625291039072747,0.99215422248,0.00784577752,0.3622227938010115,36.22227938010115,0.15224565090801534,15.224565090801534,0.24803855562,24.803855562,0.002334502731375599,0.2334502731375599,0.0023345027313755994,0.003268303823925839,scenario,capsaicin,1259.15111015122
0.75,spinal_coord,3.7361310845747164,0.99240596791,0.00759403209,0.36525702499217333,36.52570249921733,0.15620737735289777,15.620737735289778,0.2481014919775,24.81014919775,0.0022183546138688473,0.22183546138688473,0.0022183546138688473,0.0031056964594163862,scenario,capsaicin,1416.5448739201227
0.8333333333333334,spinal_coord,3.841696026708658,0.992653215179,0.007346784821,0.3681255720530787,36.81255720530787,0.15994969101110496,15.994969101110495,0.24816330379475,24.816330379474998,0.0021161038490221523,0.21161038490221523,0.002116103849022152,0.0029625453886310124,scenario,capsaicin,1573.9386376890252
0.9166666666666666,spinal_coord,3.9401595928477393,0.99289543638,0.00710456362,0.370784648524204,37.0784648524204,0.16341438590560534,16.341438590560532,0.248223859095,24.8223859095,0.002024002085240146,0.2024002085240146,0.002024002085240146,0.0028336029193362046,scenario,capsaicin,1731.3324014579284
1.0,spinal_coord,4.029742875944569,0.993131896425,0.006868103575,0.37319274338113184,37.31927433811318,0.16654635903317583,16.654635903317583,0.24828297410625,24.828297410624998,0.0019392707015400891,0.19392707015400892,0.0019392707015400894,0.002714978982156125,scenario,capsaicin,1888.726165226831
1.0833333333333333,spinal_coord,4.108767318183666,0.993363943641,0.006636056359,0.3753124705830408,37.53124705830408,0.16929531289705438,16.929531289705437,0.24834098591025,24.834098591025,0.0018293073883049584,0.18293073883049585,0.0018293073883049584,0.0025610303436269417,scenario,capsaicin,2090.363235391676
1.1666666666666667,spinal_coord,4.17570677848556,0.993592342573,0.006407657427,0.37711046367056966,37.711046367056966,0.1716165040364262,17.16165040364262,0.24839808564325,24.839808564325,0.0017296613193218146,0.17296613193218147,0.0017296613193218146,0.0024215258470505403,scenario,capsaicin,2292.0003055565194
1.25,spinal_coord,4.229236439295591,0.993815987228,0.006184012772,0.37855764651351265,37.855764651351265,0.17347153294201684,17.347153294201682,0.248453996807,24.8453996807,0.0016378040213701948,0.16378040213701947,0.0016378040213701948,0.0022929256299182724,scenario,capsaicin,2493.6373757213637
1.3333333333333333,spinal_coord,4.268276368511007,0.994034526829,0.005965473171,0.3796308635436274,37.963086354362744,0.17482964244850327,17.482964244850326,0.24850863170725,24.850863170725,0.0015519140904065843,0.15519140904065842,0.001551914090406584,0.0021726797265692174,scenario,capsaicin,2695.27444588621
1.4166666666666667,spinal_coord,4.292027737631848,0.994248445501,0.005751554499,0.38031341942610836,38.03134194261084,0.1756684107344778,17.56684107344778,0.24856211137525,24.856211137525,0.001470685944357564,0.1470685944357564,0.001470685944357564,0.0020589603221005896,scenario,capsaicin,2896.9115160510532
1.5,spinal_coord,4.3,0.994458619681,0.005541380319,0.38059527419890127,38.059527419890124,0.17597415903820166,17.597415903820167,0.24861465492025,24.861465492025,0.0013931981633771046,0.13931981633771046,0.0013931981633771044,0.001950477428727946,scenario,capsaicin,3098.5485862158966
1.5833333333333333,spinal_coord,4.292027737631848,0.994664083275,0.005335916725,0.3804724064718391,38.04724064718391,0.17574184753745214,17.574184753745214,0.24866602081875,24.866602081875,0.0013188194733833604,0.13188194733833605,0.0013188194733833604,0.0018463472627367045,scenario,capsaicin,3300.185656380744
1.6666666666666667,spinal_coord,4.268276368511007,0.994864394629,0.005135605371,0.37994779763498754,37.994779763498755,0.17497559863698334,17.497559863698335,0.24871609865725,24.871609865725,0.0012471391919055637,0.12471391919055637,0.0012471391919055637,0.001745994868667789,scenario,capsaicin,3501.8227265455894
1.75,spinal_coord,4.229236439295591,0.995059655264,0.004940344736,0.3790313761081284,37.90313761081284,0.17368861638950459,17.36886163895046,0.248764913816,24.8764913816,0.0011779140399205204,0.11779140399205204,0.0011779140399205204,0.0016490796558887284,scenario,capsaicin,3703.4597967104282
1.8333333333333333,spinal_coord,4.17570677848556,0.995250022506,0.004749977494,0.37773962355975743,37.77396235597574,0.17190282391100986,17.190282391100986,0.2488125056265,24.88125056265,0.0011110262660704916,0.11110262660704916,0.0011110262660704916,0.0015554367724986882,scenario,capsaicin,3905.0968668752735
1.9166666666666667,spinal_coord,4.108767318183666,0.995434619428,0.004565380572,0.3760948126947818,37.60948126947818,0.1696482104503757,16.96482104503757,0.248858654857,24.885865485700002,0.0010464498959884823,0.10464498959884823,0.001046449895988482,0.0014650298543838747,scenario,capsaicin,4106.733937040122
2.0,spinal_coord,4.029742875944569,0.99561258939,0.00438741061,0.3741249222955612,37.41249222955612,0.16696236659741495,16.696236659741494,0.2489031473475,24.89031473475,0.0009842230843770897,0.09842230843770897,0.0009842230843770897,0.0013779123181279255,scenario,capsaicin,4308.371007204964
2.0833333333333335,spinal_coord,3.9401595928477393,0.995783213645,0.004216786355,0.3718630535998916,37.186305359989156,0.16388966691818874,16.388966691818872,0.24894580341125,24.894580341125,0.0009775233433010806,0.09775233433010806,0.0009775233433010806,0.0013685326806215127,scenario,capsaicin,4232.180864235795
2.1666666666666665,spinal_coord,3.8416960267086586,0.995945706415,0.004054293585,0.369346592849867,36.9346592849867,0.1604802216614893,16.04802216614893,0.24898642660375,24.898642660375,0.0009683725789769814,0.09683725789769813,0.0009683725789769813,0.0013557216105677737,scenario,capsaicin,4155.990721266625
2.25,spinal_coord,3.7361310845747164,0.996100055266,0.003899944734,0.36661664131991,36.661664131991,0.15678883667121335,15.678883667121335,0.2490250138165,24.902501381649998,0.0009571062222376577,0.09571062222376578,0.0009571062222376577,0.0013399487111327207,scenario,capsaicin,4079.800578297462
2.3333333333333335,spinal_coord,3.625291039072747,0.996246290084,0.003753709916,0.36371675525010805,36.37167552501081,0.1528735769721441,15.28735769721441,0.249061572521,24.9061572521,0.0009440942426093951,0.09440942426093951,0.0009440942426093952,0.001321731939653153,scenario,capsaicin,4003.610435328291
2.4166666666666665,spinal_coord,3.5109978101933175,0.996384298588,0.003615701412,0.3606918197115746,36.06918197115746,0.1487943267527661,14.879432675276611,0.249096074647,24.909607464700002,0.0009297303901074642,0.09297303901074641,0.000929730390107464,0.0013016225461504496,scenario,capsaicin,3927.420292359122
2.5,spinal_coord,3.3950205173390566,0.996514057878,0.003485942122,0.35758703248421553,35.758703248421554,0.14461135735295402,14.461135735295402,0.2491285144695,24.91285144695,0.0009144212071023077,0.09144212071023078,0.0009144212071023077,0.0012801896899432307,scenario,capsaicin,3851.230149389952
2.5833333333333335,spinal_coord,3.27903203267838,0.996636244898,0.003363755102,0.3544470141566059,35.44470141566059,0.1403839372428079,14.03839372428079,0.2491590612245,24.91590612245,0.0008985752553095244,0.08985752553095244,0.0008985752553095245,0.0012580053574333342,scenario,capsaicin,3775.040006420782
2.6666666666666665,spinal_coord,3.1645719182906316,0.996751770761,0.003248229239,0.35131456543930156,35.131456543930156,0.13616883033206875,13.616883033206875,0.24918794269025,24.918794269025,0.0008825929696902211,0.08825929696902211,0.0008825929696902212,0.0012356301575663095,scenario,capsaicin,3698.8498634516154
2.75,spinal_coord,3.053016732074713,0.99686156848,0.00313843152,0.348229604126488,34.822960412648804,0.13201894934198402,13.201894934198402,0.24921539212,24.921539212,0.0008668574984145441,0.08668574984145441,0.0008668574984145442,0.0012136004977803619,scenario,capsaicin,3622.6597204824493
2.8333333333333335,spinal_coord,2.945558268166531,0.996966756144,0.003033243856,0.3452283600942907,34.52283600942907,0.12798222807772094,12.798222807772094,0.249241689036,24.9241689036,0.0008517268202760158,0.08517268202760157,0.0008517268202760158,0.001192417548386422,scenario,capsaicin,3546.4695775132764
2.9166666666666665,spinal_coord,2.8431898832694498,0.997067494489,0.002932505511,0.34234227906324577,34.23422790632458,0.12410054058799437,12.410054058799437,0.24926687362225,24.926687362225,0.0008375273529957924,0.08375273529957925,0.0008375273529957926,0.0011725382941941095,scenario,capsaicin,3470.2794345441116
3.0,spinal_coord,2.746700674924204,0.997163632345,0.002836367655,0.3395977418480108,33.95977418480108,0.1204091116823477,12.040911168234771,0.24929090808625,24.929090808625002,0.0008245491829887255,0.08245491829887254,0.0008245491829887255,0.0011543688561842156,scenario,capsaicin,3394.0892915749437
3.0833333333333335,spinal_coord,2.6566769413681337,0.997255230118,0.002744769882,0.3370159333102174,33.70159333102174,0.11693616770762316,11.693616770762317,0.2493138075295,24.93138075295,0.0008130429645642538,0.08130429645642538,0.0008130429645642538,0.0011382601503899554,scenario,capsaicin,3317.89914860577
3.1666666666666665,spinal_coord,2.5735100801877815,0.997342151095,0.002657848905,0.3346125971495929,33.46125971495929,0.11370274583445716,11.370274583445717,0.24933553777375,24.933553777375,0.0008032184589559117,0.08032184589559116,0.0008032184589559117,0.0011245058425382762,scenario,capsaicin,3241.7090056366014
3.25,spinal_coord,2.4974098837087406,0.997424106071,0.002575893929,0.33239814670937984,33.23981467093798,0.11072282692217315,11.072282692217316,0.24935602651775,24.935602651775,0.0007952446150317167,0.07952446150317168,0.0007952446150317167,0.0011133424610444034,scenario,capsaicin,3165.518862667436
3.3333333333333335,spinal_coord,2.428422066504712,0.99750141082,0.00249858918,0.3303781902058541,33.03781902058541,0.10800378333447219,10.800378333447219,0.249375352705,24.9375352705,0.0007892510371053023,0.07892510371053023,0.0007892510371053023,0.0011049514519474231,scenario,capsaicin,3089.328719698264
3.4166666666666665,spinal_coord,2.3664488127001952,0.997574211931,0.002425788069,0.32855369355222597,32.8553693552226,0.1055468540926346,10.55468540926346,0.24939355298275,24.939355298275,0.0007853306429469636,0.07853306429469635,0.0007853306429469635,0.0010994629001257487,scenario,capsaicin,3013.138576729098
3.5,spinal_coord,2.3112711514442092,0.99764250613,0.00235749387,0.32692152880991854,32.692152880991856,0.10334786970322468,10.334786970322469,0.2494106265325,24.94106265325,0.0007835432877913367,0.07835432877913368,0.0007835432877913366,0.001096960602907871,scenario,capsaicin,2936.9484337599306
3.5833333333333335,spinal_coord,2.26257204802228,0.997706292711,0.002293707289,0.3254751435705086,32.54751435705086,0.1013980938570115,10.13980938570115,0.24942657317775,24.942657317774998,0.0007839201177240691,0.07839201177240691,0.0007839201177240692,0.0010974881648136967,scenario,capsaicin,2860.7582907907613
3.6666666666666665,spinal_coord,2.219959223114839,0.99776559229,0.00223440771,0.32420522550135344,32.420522550135345,0.09968510323847131,9.96851032384713,0.2494413980725,24.94413980725,0.0007864684172694612,0.07864684172694612,0.0007864684172694613,0.0011010557841772458,scenario,capsaicin,2784.568147821592
3.75,spinal_coord,2.1829868700519235,0.997820487323,0.002179512677,0.3231003787315114,32.31003787315114,0.09819367586768185,9.819367586768186,0.24945512183075,24.945512183075,0.0007911767295418501,0.07911767295418501,0.0007911767295418502,0.0011076474213585902,scenario,capsaicin,2708.378004852423
3.8333333333333335,spinal_coord,2.15117561581802,0.997871096909,0.002128903091,0.3221477532257693,32.214775322576926,0.09690663866469236,9.690663866469237,0.24946777422725,24.946777422725,0.0007980200507126207,0.07980200507126207,0.0007980200507126206,0.0011172280709976687,scenario,capsaicin,2632.1878618832543
3.9166666666666665,spinal_coord,2.1240302531704325,0.997917599916,0.002082400084,0.3213336399661651,32.13336399661651,0.09580565331622011,9.580565331622012,0.249479399979,24.9479399979,0.0008069649312573417,0.08069649312573417,0.0008069649312573417,0.0011297509037602783,scenario,capsaicin,2555.997718914087
4.0,spinal_coord,2.101054947333837,0.997960251129,0.002039748871,0.3206439961987875,32.06439961987875,0.09487191122204998,9.487191122204997,0.24949006278225,24.949006278225,0.0008179743519064005,0.08179743519064005,0.0008179743519064004,0.0011451640926689603,scenario,capsaicin,2479.807575944918
4.083333333333333,spinal_coord,2.0817657822639966,0.997999310481,0.002000689519,0.32006486425845887,32.006486425845885,0.09408671551761184,9.408671551761184,0.24949982762025,24.949982762024998,0.0008213621018656979,0.08213621018656979,0.000821362101865698,0.0011499069426119772,scenario,capsaicin,2438.9362655336104
4.166666666666667,spinal_coord,2.0657006518044656,0.998034932988,0.001965067012,0.3195826947811087,31.958269478110868,0.09343194871214491,9.343194871214491,0.249508733247,24.950873324699998,0.0008261305119254727,0.08261305119254728,0.0008261305119254728,0.001156582716695662,scenario,capsaicin,2398.064955122302
4.25,spinal_coord,2.0524266160323084,0.998067424588,0.001932575412,0.3191847043554818,31.91847043554818,0.09289046427797573,9.289046427797572,0.249516856147,24.9516856147,0.0008321613984922352,0.08321613984922352,0.0008321613984922352,0.0011650259578891292,scenario,capsaicin,2357.193644710993
4.333333333333333,spinal_coord,2.041544930865497,0.998097153219,0.001902846781,0.31885904421875577,31.885904421875576,0.09244634121867432,9.244634121867431,0.24952428830475,24.952428830475,0.0008393439977703017,0.08393439977703017,0.0008393439977703017,0.0011750815968784223,scenario,capsaicin,2316.3223342996853
4.416666666666667,spinal_coord,2.0326940197754952,0.998124549577,0.001875450423,0.3185949273611709,31.85949273611709,0.09208505328922784,9.208505328922783,0.24953113739425,24.953113739425,0.0008475767336998235,0.08475767336998236,0.0008475767336998236,0.001186607427179753,scenario,capsaicin,2275.4510238883763
4.5,spinal_coord,2.025550692037957,0.998149738612,0.001850261388,0.3183825768950248,31.83825768950248,0.09179352298936645,9.179352298936646,0.249537434653,24.9537434653,0.0008567683969216534,0.08567683969216533,0.0008567683969216535,0.0011994757556903148,scenario,capsaicin,2234.5797134770683
4.583333333333333,spinal_coord,2.019829925383089,0.998172537431,0.001827462569,0.31821324109667487,31.821324109667486,0.0915601423185665,9.15601423185665,0.24954313435775,24.954313435775,0.0008668388108928321,0.08668388108928321,0.0008668388108928321,0.001213574335249965,scenario,capsaicin,2193.70840306576
4.666666666666667,spinal_coord,2.0152835259503052,0.998192892349,0.001807107651,0.3180793081843516,31.80793081843516,0.09137478012946883,9.137478012946882,0.24954822308725,24.954822308725,0.0008777190681764218,0.08777190681764217,0.0008777190681764218,0.0012288066954469904,scenario,capsaicin,2152.8370926544526
4.75,spinal_coord,2.0116979592313293,0.998210638202,0.001789361798,0.3179741748104735,31.79741748104735,0.09122868701329803,9.122868701329804,0.2495526595505,24.95526595505,0.0008893514214457301,0.08893514214457302,0.00088935142144573,0.001245091990024022,scenario,capsaicin,2111.965782243143
4.833333333333333,spinal_coord,2.0088916163207875,0.998225498422,0.001774501578,0.3178921705398079,31.78921705398079,0.09111439457907715,9.111439457907714,0.2495563746055,24.95563746055,0.000901688910905806,0.0901688910905806,0.0009016889109058059,0.0012623644752681282,scenario,capsaicin,2071.094471831836
4.916666666666667,spinal_coord,2.006711744124622,0.998237669494,0.001762330506,0.31782865534822874,31.782865534822875,0.09102565063297167,9.102565063297167,0.2495594173735,24.95594173735,0.0009146948037231534,0.09146948037231534,0.0009146948037231534,0.0012805727252124146,scenario,capsaicin,2030.223161420527
5.0,spinal_coord,2.0050312295718205,0.99824740169,0.00175259831,0.31777979093617686,31.777979093617688,0.0909572540182358,9.09572540182358,0.2495618504225,24.956185042250002,0.0009283419127134966,0.09283419127134966,0.0009283419127134966,0.0012996786777988952,scenario,capsaicin,1989.3518510092192
5.083333333333333,spinal_coord,2.003745389110955,0.998254806006,0.001745193994,0.31774238299368274,31.774238299368275,0.09090490865624364,9.090490865624364,0.2495637015015,24.95637015015,0.0009426118519182984,0.09426118519182984,0.0009426118519182984,0.0013196565926856176,scenario,capsaicin,1948.4805405979105
5.166666666666667,spinal_coord,2.002768877988105,0.998260039607,0.001739960393,0.3177138466646603,31.77138466646603,0.09086511568388042,9.086511568388042,0.24956500990175,24.956500990175,0.0009574942766187611,0.09574942766187611,0.0009574942766187611,0.0013404919872662656,scenario,capsaicin,1907.6092301866024
5.25,spinal_coord,2.0020328005059507,0.998263290562,0.001736709438,0.31769211360758404,31.769211360758405,0.09083505462277869,9.083505462277868,0.2495658226405,24.956582264050002,0.0009729861454485708,0.09729861454485708,0.0009729861454485707,0.0013621806036279989,scenario,capsaicin,1866.7379197752948
5.333333333333333,spinal_coord,2.001482073587308,0.998264552422,0.001735447578,0.3176754795473963,31.767547954739626,0.0908124552558617,9.08124552558617,0.2495661381055,24.95661381055,0.0009890910330670039,0.09890910330670039,0.0009890910330670039,0.0013847274462938054,scenario,capsaicin,1825.8666093639858
5.416666666666667,spinal_coord,2.0010730719463963,0.998263881282,0.001736118718,0.317662613777311,31.766261377731098,0.09079552460908127,9.079552460908127,0.2495659703205,24.956597032050002,0.001005818513679044,0.1005818513679044,0.001005818513679044,0.0014081459191506616,scenario,capsaicin,1784.9952989526778
5.5,spinal_coord,2.0007715640441757,0.998261374328,0.001738625672,0.3176524888018281,31.76524888018281,0.09078286029310415,9.078286029310414,0.249565343582,24.9565343582,0.0010231836287356347,0.10231836287356347,0.0010231836287356347,0.0014324570802298885,scenario,capsaicin,1744.1239885413688
5.583333333333333,spinal_coord,2.000550933507234,0.998257133356,0.001742866644,0.3176443139045313,31.76443139045313,0.09077337408737507,9.077337408737506,0.249564283339,24.9564283339,0.0010412064464943823,0.10412064464943822,0.0010412064464943823,0.001457689025092135,scenario,capsaicin,1703.2526781300614
5.666666666666667,spinal_coord,2.0003906703560914,0.998251240018,0.001748759982,0.31763748071571396,31.763748071571396,0.09076622761495197,9.076622761495196,0.2495628100045,24.95628100045,0.0010599117167560972,0.10599117167560972,0.0010599117167560972,0.001483876403458536,scenario,capsaicin,1662.381367718752
5.75,spinal_coord,2.0002751096322364,0.998243669441,0.001756330559,0.31763149677506897,31.763149677506895,0.09076077255309198,9.076077255309198,0.24956091736025,24.956091736024998,0.0010793286209355045,0.10793286209355045,0.0010793286209355047,0.0015110600693097065,scenario,capsaicin,1621.510057307445
5.833333333333333,spinal_coord,2.0001923911986283,0.99823441405,0.00176558595,0.31762599279181647,31.762599279181646,0.09075651903908864,9.075651903908865,0.2495586035125,24.95586035125,0.0010994906155524001,0.10994906155524001,0.0010994906155524003,0.0015392868617733603,scenario,capsaicin,1580.6387468961361
5.916666666666667,spinal_coord,2.000133612986227,0.998223443654,0.001776556346,0.31762068377023556,31.762068377023557,0.09075309714231408,9.075309714231409,0.2495558609135,24.95558609135,0.0011204353660964697,0.11204353660964697,0.0011204353660964695,0.0015686095125350573,scenario,capsaicin,1539.767436484828
6.0,spinal_coord,2.000092150184004,0.998210694911,0.001789305089,0.3176153446074438,31.76153446074438,0.09075022783959169,9.075022783959168,0.24955267372775,24.955267372775,0.0011422047678736236,0.11422047678736236,0.0011422047678736238,0.0015990866750230732,scenario,capsaicin,1498.8961260735196
6.083333333333333,spinal_coord,2.0000631143057057,0.998196142289,0.001803857711,0.3176098159434755,31.760981594347548,0.09074770716163394,9.074770716163394,0.24954903557225,24.954903557225,0.0011648450507394073,0.11648450507394073,0.0011648450507394073,0.0016307830710351702,scenario,capsaicin,1458.0248156622117
6.166666666666667,spinal_coord,2.000042928278961,0.998179872602,0.001820127398,0.31760401473474004,31.760401473474005,0.09074539544565337,9.074539544565337,0.2495449681505,24.95449681505,0.0011884069654381645,0.11884069654381645,0.0011884069654381645,0.0016637697516134302,scenario,capsaicin,1417.1535052509032
6.25,spinal_coord,2.000028996341907,0.998161901934,0.001838098066,0.31759786579115823,31.759786579115822,0.09074318707687767,9.074318707687768,0.2495404754835,24.95404754835,0.0012129460504897568,0.12129460504897568,0.0012129460504897572,0.00169812447068566,scenario,capsaicin,1376.282194839595
6.333333333333333,spinal_coord,2.000019450331728,0.998142252758,0.001857747242,0.31759131846579225,31.759131846579226,0.09074100703505635,9.074100703505634,0.2495355631895,24.95355631895,0.0012385229801196696,0.12385229801196695,0.0012385229801196696,0.0017339321721675373,scenario,capsaicin,1335.4108844282864
6.416666666666667,spinal_coord,2.000012956714207,0.998120958428,0.001879041572,0.31758434211429293,31.758434211429293,0.09073880334305726,9.073880334305725,0.249530239607,24.953023960699998,0.0012652039955618026,0.12652039955618027,0.0012652039955618026,0.0017712855937865235,scenario,capsaicin,1294.5395740169781
6.5,spinal_coord,2.000008571302296,0.998097963528,0.001902036472,0.31757688989308364,31.757688989308363,0.09073653201477824,9.073653201477825,0.249524490882,24.952449088199998,0.001293061424152869,0.1293061424152869,0.0012930614241528687,0.0018102859938140161,scenario,capsaicin,1253.6682636056705
6.583333333333333,spinal_coord,2.0000056309647825,0.998073187342,0.001926812658,0.3175689156040722,31.75689156040722,0.09073415835809627,9.073415835809627,0.2495182968355,24.95182968355,0.0013221742929879292,0.13221742929879293,0.0013221742929879292,0.0018510440101831007,scenario,capsaicin,1212.796953194362
6.666666666666667,spinal_coord,2.0000036736931306,0.998046616064,0.001953383936,0.3175604005611607,31.75604005611607,0.09073166206021427,9.073166206021426,0.249511654016,24.9511654016,0.0013526290465510852,0.1352629046551085,0.001352629046551085,0.0018936806651715188,scenario,capsaicin,1171.925642783054
6.75,spinal_coord,2.0000023801646853,0.998018240356,0.001981759644,0.31755133191433205,31.755133191433206,0.09072902910044273,9.072902910044272,0.249504560089,24.950456008899998,0.0013845203807356312,0.13845203807356313,0.0013845203807356312,0.0019383285330298835,scenario,capsaicin,1131.0543323717457
6.833333333333333,spinal_coord,2.000001531423138,0.997988055351,0.002011944649,0.31754170134128595,31.754170134128596,0.0907262500047146,9.07262500047146,0.24949701383775,24.949701383775,0.001417952209116559,0.1417952209116559,0.001417952209116559,0.0019851330927631826,scenario,capsaicin,1090.1830219604378
6.916666666666667,spinal_coord,2.0000009785149557,0.997956060649,0.002043939351,0.3175315041067548,31.75315041067548,0.09072331859267303,9.072331859267303,0.24948901516225,24.948901516225,0.001453038781362649,0.1453038781362649,0.001453038781362649,0.0020342542939077086,scenario,capsaicin,1049.3117115491295
7.0,spinal_coord,2.0000006209030556,0.997922222368,0.002077777632,0.31752072631997125,31.752072631997123,0.09072022763729502,9.072022763729501,0.249480555592,24.9480555592,0.0014899059784434985,0.14899059784434984,0.0014899059784434985,0.0020858683698208977,scenario,capsaicin,1008.4404011378208
7.083333333333333,spinal_coord,2.0000003912588666,0.997886339367,0.002113660633,0.3175093018987522,31.75093018987522,0.09071695607600296,9.071695607600295,0.24947158484175,24.947158484175,0.0015286928150173244,0.15286928150173243,0.0015286928150173244,0.002140169941024254,scenario,capsaicin,967.5690907265131
7.166666666666667,spinal_coord,2.0000002448435423,0.997848296669,0.002151703331,0.31749719287557154,31.749719287557156,0.09071349161109542,9.071349161109541,0.24946207416725,24.946207416725,0.0015695531863608927,0.15695531863608927,0.0015695531863608927,0.0021973744609052495,scenario,capsaicin,926.6977803152042
7.25,spinal_coord,2.0000001521588375,0.99780798584,0.00219201416,0.3174843638362387,31.74843638362387,0.09070982316831827,9.070982316831827,0.24945199646,24.945199646,0.0016126579057897897,0.16126579057897897,0.0016126579057897895,0.002257721068105705,scenario,capsaicin,885.826469903896
7.333333333333333,spinal_coord,2.000000093905229,0.997765288186,0.002234711814,0.31747077641750965,31.747077641750966,0.09070593916134617,9.070593916134618,0.2494413220465,24.94413220465,0.0016581970891932339,0.16581970891932338,0.001658197089193234,0.0023214759248705277,scenario,capsaicin,844.9551594925883
7.416666666666667,spinal_coord,2.000000057552797,0.997720074749,0.002279925251,0.31745638919973085,31.745638919973086,0.09070182734997442,9.070182734997442,0.24943001868725,24.943001868725002,0.0017063829566995722,0.17063829566995722,0.001706382956699572,0.0023889361393794007,scenario,capsaicin,804.0838490812793
7.5,spinal_coord,2.0000000350289535,0.997672206692,0.002327793308,0.31744115775780823,31.744115775780823,0.09069747477974435,9.069747477974435,0.249418051673,24.9418051673,0.001757453138427048,0.1757453138427048,0.001757453138427048,0.002460434393797867,scenario,capsaicin,763.2125386699717
7.583333333333333,spinal_coord,2.000000021172491,0.997621574074,0.002378425926,0.3174250469508843,31.74250469508843,0.09069287124317908,9.069287124317908,0.2494053935185,24.94053935185,0.001811674592867994,0.1811674592867994,0.0018116745928679937,0.0025363444300151913,scenario,capsaicin,722.3412282586631
7.666666666666667,spinal_coord,2.0000000127086905,0.997568064088,0.002431935912,0.3174080207845429,31.740802078454287,0.0906880063500572,9.068800635005719,0.249392016022,24.9392016022,0.001869348274197408,0.1869348274197408,0.0018693482741974077,0.0026170875838763706,scenario,capsaicin,681.4699178473547
7.75,spinal_coord,2.0000000075755424,0.997511538847,0.002488461153,0.31739003532187676,31.739003532187677,0.09068286748016903,9.068286748016902,0.24937788471175,24.937788471174997,0.0019308147207209008,0.1930814720720901,0.001930814720720901,0.002703140609009261,scenario,capsaicin,640.5986074360464
7.833333333333333,spinal_coord,2.0000000044844657,0.997451854177,0.002548145823,0.31737104464949084,31.737104464949084,0.09067744147365449,9.067744147365449,0.24936296354425,24.936296354425,0.00199646078357143,0.19964607835714301,0.0019964607835714298,0.0027950450970000017,scenario,capsaicin,599.7272970247387
7.916666666666667,spinal_coord,2.0000000026362814,0.997388859616,0.002611140384,0.3173510008683987,31.735100086839868,0.09067171461919825,9.067171461919825,0.249347214904,24.9347214904,0.002066727776496651,0.20667277764966507,0.002066727776496651,0.002893418887095311,scenario,capsaicin,558.8559866134302
8.0,spinal_coord,2.000000001539065,0.997322398416,0.002677601584,0.31732985408902514,31.732985408902515,0.09066567264670017,9.066567264670017,0.249330599604,24.9330599604,0.002142121409566612,0.2142121409566612,0.0021421214095666114,0.002998969973393256,scenario,capsaicin,517.984676202122
8.083333333333334,spinal_coord,2.0000000008922902,0.99725381903,0.00274618097,0.31730803335530494,31.730803335530496,0.09065943813040661,9.065943813040661,0.2493134547575,24.93134547575,0.002151322101762682,0.21513221017626818,0.0021513221017626823,0.003011850942467755,scenario,capsaicin,513.1930574515127
8.166666666666666,spinal_coord,2.0000000005137353,0.997188225358,0.002811774642,0.31728716262978585,31.728716262978583,0.09065347505371449,9.065347505371449,0.2492970563395,24.92970563395,0.002160602171547403,0.21606021715474033,0.0021606021715474028,0.003024843040166364,scenario,capsaicin,508.401438700903
8.25,spinal_coord,2.0000000002937357,0.99712583864,0.00287416136,0.3172673123036227,31.72673123036227,0.09064780352483023,9.064780352483023,0.24928145966,24.928145966000002,0.0021699626504759055,0.21699626504759054,0.002169962650475906,0.003037947710666268,scenario,capsaicin,503.60981995029357
8.333333333333334,spinal_coord,2.0000000001667853,0.997066437662,0.002933562338,0.31724841198851744,31.724841198851745,0.09064240343068991,9.064240343068992,0.2492666094155,24.92666094155,0.0021794045881053446,0.21794045881053445,0.0021794045881053446,0.003051166423347482,scenario,capsaicin,498.8182011996841
8.416666666666666,spinal_coord,2.0000000000940465,0.997009865478,0.002990134522,0.31723041174590594,31.723041174590595,0.0906372605018746,9.063726050187459,0.2492524663695,24.92524663695,0.002188929052369159,0.2188929052369159,0.002188929052369159,0.0030645006733168224,scenario,capsaicin,494.0265824490746
8.5,spinal_coord,2.000000000052664,0.996955918858,0.003044081142,0.3172132469109908,31.721324691099078,0.09063235626198775,9.063235626198775,0.2492389797145,24.92389797145,0.0021985371299686526,0.21985371299686526,0.0021985371299686526,0.0030779519819561134,scenario,capsaicin,489.23496369846515
8.583333333333334,spinal_coord,2.0000000000292864,0.996904346535,0.003095653465,0.31719683753476846,31.719683753476847,0.09062766786802463,9.062766786802463,0.24922608663375,24.922608663375,0.0022082299267795697,0.22082299267795696,0.0022082299267795697,0.0030915218974913975,scenario,capsaicin,484.44334494785573
8.666666666666666,spinal_coord,2.0000000000161737,0.996854996707,0.003145003293,0.31718113531636327,31.718113531636327,0.09062318151948442,9.062318151948443,0.24921374917675,24.921374917675,0.0022180085682723377,0.22180085682723377,0.0022180085682723377,0.0031052119955812725,scenario,capsaicin,479.6517261972462
8.75,spinal_coord,2.0000000000088702,0.996807738172,0.003192261828,0.31716609850954675,31.716609850954676,0.090618885288729,9.061888528872899,0.249201934543,24.920193454299998,0.00222787419994526,0.222787419994526,0.0022278741999452595,0.003119023879923363,scenario,capsaicin,474.8601074466367
8.833333333333334,spinal_coord,2.000000000004831,0.996762415836,0.003237584164,0.3171516777661492,31.715167776614923,0.09061476507619898,9.061476507619897,0.249190603959,24.9190603959,0.002237827987770392,0.2237827987770392,0.002237827987770392,0.0031329591828785485,scenario,capsaicin,470.06848869602726
8.916666666666666,spinal_coord,2.000000000002613,0.996718907835,0.003281092165,0.31713783431121706,31.713783431121705,0.09061080980328944,9.061080980328944,0.24917972695875,24.917972695874997,0.0022478711186520524,0.22478711186520525,0.0022478711186520524,0.003147019566112873,scenario,capsaicin,465.276869945418
9.0,spinal_coord,2.0000000000014033,0.996677080849,0.003322919151,0.31712452572472516,31.712452572472515,0.09060700734996688,9.060700734996688,0.24916927021225,24.916927021225,0.002258004800898119,0.2258004800898119,0.0022580048008981196,0.0031612067212573674,scenario,capsaicin,460.4852511948082
9.083333333333334,spinal_coord,2.0000000000007487,0.996636815671,0.003363184329,0.3171117140771595,31.71117140771595,0.09060334687921265,9.060334687921264,0.24915920391775,24.915920391775,0.002268230264704354,0.2268230264704354,0.0022682302647043543,0.0031755223705860957,scenario,capsaicin,455.6936324441987
9.166666666666666,spinal_coord,2.0000000000003966,0.996598005852,0.003401994148,0.31709936549837586,31.709936549837586,0.0905998187138345,9.059981871383451,0.249149501463,24.9149501463,0.002278548762652082,0.22785487626520823,0.002278548762652082,0.003189968267712915,scenario,capsaicin,450.9020136935895
9.25,spinal_coord,2.0000000000002087,0.996560542111,0.003439457889,0.3170874452171428,31.708744521714284,0.0905964129191904,9.059641291919041,0.24914013552775,24.914013552775,0.0022889615702195937,0.22889615702195937,0.0022889615702195933,0.0032045461983074303,scenario,capsaicin,446.11039494298
9.333333333333334,spinal_coord,2.000000000000109,0.996524368826,0.003475631174,0.3170759355355488,31.70759355355488,0.09059312443873174,9.059312443873175,0.2491310922065,24.91310922065,0.0022994699863076716,0.22994699863076715,0.0022994699863076716,0.00321925798083074,scenario,capsaicin,441.31877619237054
9.416666666666666,spinal_coord,2.0000000000000564,0.996489398533,0.003510601467,0.3170648086241381,31.706480862413812,0.09058994532118414,9.058994532118414,0.24912234963325,24.912234963325,0.002310075333779697,0.2310075333779697,0.002310075333779697,0.003234105467291576,scenario,capsaicin,436.52715744176083
9.5,spinal_coord,2.0000000000000293,0.996455532583,0.003544467417,0.3170540330945918,31.70540330945918,0.09058686659845576,9.058686659845575,0.24911388314575,24.911388314575,0.0023207789600167717,0.23207789600167716,0.0023207789600167713,0.0032490905440234795,scenario,capsaicin,431.73553869115165
9.583333333333334,spinal_coord,2.000000000000015,0.996422672329,0.003577327671,0.31704357755922774,31.704357755922775,0.09058387930263698,9.058387930263697,0.24910566808225,24.910566808225,0.00233158223748837,0.23315822374883702,0.00233158223748837,0.003264215132483718,scenario,capsaicin,426.94391994054183
9.666666666666666,spinal_coord,2.0000000000000075,0.996390719122,0.003609280878,0.31703341062972745,31.703341062972747,0.09058097446563666,9.058097446563666,0.2490976797805,24.90976797805,0.0023424865643389874,0.23424865643389875,0.0023424865643389874,0.0032794811900745823,scenario,capsaicin,422.1523011899327
9.75,spinal_coord,2.000000000000004,0.996359574314,0.003640425686,0.31702350091809106,31.702350091809105,0.09057814311945471,9.05781431194547,0.2490898935785,24.90898935785,0.0023534933649913565,0.23534933649913564,0.002353493364991357,0.0032948907109878996,scenario,capsaicin,417.36068243932317
9.833333333333334,spinal_coord,2.0000000000000018,0.996329139258,0.003670860742,0.31701381703663645,31.701381703663646,0.09057537629618191,9.05753762961819,0.2490822848145,24.908228481450003,0.0023646040907667224,0.23646040907667223,0.0023646040907667224,0.0033104457270734114,scenario,capsaicin,412.5690636887134
9.916666666666666,spinal_coord,2.000000000000001,0.996299318952,0.003700681048,0.31700432875745455,31.700432875745456,0.09057266535927277,9.057266535927278,0.249074829738,24.9074829738,0.0023758202205227956,0.23758202205227957,0.002375820220522796,0.0033261483087319143,scenario,capsaicin,407.77744493810417
10.0,spinal_coord,2.0000000000000004,0.996270137941,0.003729862059,0.3169950438903182,31.69950438903182,0.09057001254009092,9.057001254009093,0.24906753448525,24.906753448525,0.002387143261309937,0.2387143261309937,0.0023871432613099364,0.003342000565833911,scenario,capsaicin,402.9858261874945
10.083333333333334,spinal_coord,2.0000000000000004,0.9962415878,0.0037584122,0.31698595975454547,31.698595975454545,0.0905674170727273,9.05674170727273,0.24906039695,24.906039695,0.0023985747490461924,0.23985747490461923,0.0023985747490461924,0.0033580046486646692,scenario,capsaicin,398.19420743688516
10.166666666666666,spinal_coord,2.0,0.996213610719,0.003786389281,0.31697705795604547,31.69770579560455,0.09056487370172728,9.056487370172729,0.24905340267975,24.905340267975003,0.002410116249211832,0.24101162492118322,0.002410116249211832,0.0033741627488965645,scenario,capsaicin,393.40258868627586
10.25,spinal_coord,2.0,0.996186148888,0.003813851112,0.3169683201007273,31.69683201007273,0.09056237717163636,9.056237717163636,0.249046537222,24.9046537222,0.002421769357564025,0.2421769357564025,0.002421769357564025,0.003390477100589635,scenario,capsaicin,388.61096993566633
10.333333333333334,spinal_coord,2.0,0.996159144494,0.003840855506,0.3169597277935455,31.69597277935455,0.09055992222672728,9.055992222672728,0.2490397861235,24.90397861235,0.002433535700872349,0.2433535700872349,0.0024335357008723486,0.0034069499812212876,scenario,capsaicin,383.81935118505675
10.416666666666666,spinal_coord,2.0,0.996132539728,0.003867460272,0.31695126264072726,31.695126264072726,0.09055750361163636,9.055750361163636,0.249033134932,24.9033134932,0.0024454169376758503,0.24454169376758503,0.0024454169376758508,0.0034235837127461906,scenario,capsaicin,379.0277324344472
10.5,spinal_coord,2.0,0.996106276778,0.003893723222,0.31694290624754545,31.694290624754544,0.09055511607072728,9.055511607072727,0.2490265691945,24.90265691945,0.0024574147590623926,0.24574147590623927,0.002457414759062393,0.00344038066268735,scenario,capsaicin,374.2361136838378
10.583333333333334,spinal_coord,2.0,0.996080297833,0.003919702167,0.3169346402195909,31.693464021959088,0.09055275434845454,9.055275434845454,0.24902007445825,24.902007445825,0.0024695308894710512,0.24695308894710513,0.002469530889471051,0.003457343245259471,scenario,capsaicin,369.44449493322844
10.666666666666666,spinal_coord,2.0,0.996054600696,0.003945399304,0.3169264638578182,31.69264638578182,0.09055041824509091,9.055041824509091,0.249013650174,24.9013650174,0.002481767087518369,0.2481767087518369,0.0024817670875183695,0.003474473922525717,scenario,capsaicin,364.65287618261897
10.75,spinal_coord,2.0,0.996029202388,0.003970797612,0.316918382578,31.691838257799997,0.090548109308,9.0548109308,0.249007300597,24.9007300597,0.0024941251468492973,0.24941251468492973,0.0024941251468492973,0.0034917752055890158,scenario,capsaicin,359.86125743200944
10.833333333333334,spinal_coord,2.0,0.996004070691,0.003995929309,0.31691038612895456,31.691038612895454,0.09054582460827273,9.054582460827273,0.24900101767275,24.900101767275,0.0025066068970136875,0.25066068970136873,0.0025066068970136875,0.0035092496558191623,scenario,capsaicin,355.06963868139985
10.916666666666666,spinal_coord,2.0,0.995979173383,0.004020826617,0.31690246425822727,31.69024642582273,0.09054356121663637,9.054356121663638,0.24899479334575,24.899479334575002,0.0025192142043692304,0.25192142043692306,0.0025192142043692304,0.0035268998861169225,scenario,capsaicin,350.27801993079044
11.0,spinal_coord,2.0,0.995954478239,0.004045521761,0.3168946067124091,31.68946067124091,0.09054131620354545,9.054131620354546,0.24898861955975,24.898861955975,0.0025319489730117888,0.2531948973011789,0.0025319489730117888,0.003544728562216504,scenario,capsaicin,345.486401180181
11.083333333333334,spinal_coord,2.0,0.995929953038,0.004070046962,0.31688680323936363,31.688680323936364,0.09053908663981819,9.053908663981819,0.2489824882595,24.898248825950002,0.0025448131457340845,0.25448131457340845,0.002544813145734085,0.0035627384040277186,scenario,capsaicin,340.6947824295713
11.166666666666666,spinal_coord,2.0,0.995905565554,0.004094434446,0.3168790435853636,31.68790435853636,0.09053686959581818,9.053686959581817,0.2489763913885,24.89763913885,0.00255780870501376,0.255780870501376,0.0025578087050137604,0.0035809321870192644,scenario,capsaicin,335.90316367896196
11.25,spinal_coord,2.0,0.995881283566,0.004118716434,0.31687131749827274,31.687131749827273,0.09053466214236364,9.053466214236364,0.2489703208915,24.897032089150002,0.0025709376740318734,0.25709376740318735,0.0025709376740318734,0.0035993127436446224,scenario,capsaicin,331.11154492835266
11.333333333333334,spinal_coord,2.0,0.995857087666,0.004142912334,0.3168636188028182,31.686361880281822,0.09053246251509091,9.05324625150909,0.2489642719165,24.89642719165,0.002584202117722923,0.2584202117722923,0.002584202117722923,0.0036178829648120915,scenario,capsaicin,326.319926177743
11.416666666666666,spinal_coord,2.0,0.995832979812,0.004167020188,0.316855948122,31.6855948122,0.09053027089200001,9.0530270892,0.248958244953,24.8958244953,0.002597604143857534,0.25976041438575337,0.002597604143857534,0.003636645801400547,scenario,capsaicin,321.5283074271336
11.5,spinal_coord,2.0,0.995808938646,0.004191061354,0.3168482986600909,31.68482986600909,0.09052808533145454,9.052808533145454,0.2489522346615,24.89522346615,0.002611145904159031,0.2611145904159031,0.0026111459041590307,0.0036556042658226428,scenario,capsaicin,316.73668867652407
11.583333333333334,spinal_coord,2.0,0.995784941782,0.004215058218,0.31684066329427274,31.684066329427274,0.09052590379836364,9.052590379836364,0.2489462354455,24.89462354455,0.002624829595455096,0.2624829595455096,0.0026248295954550962,0.0036747614336371344,scenario,capsaicin,311.94506992591465
11.666666666666666,spinal_coord,2.0,0.995760966838,0.004239033162,0.31683303490299997,31.6833034903,0.090523724258,9.0523724258,0.2489402417095,24.89402417095,0.002638657460865848,0.2638657460865848,0.0026386574608658485,0.003694120445212188,scenario,capsaicin,307.1534511753053
11.75,spinal_coord,2.0,0.995736991427,0.004263008573,0.3168254063631364,31.68254063631364,0.09052154467518182,9.052154467518182,0.24893424785675,24.893424785675002,0.0026526317910296623,0.2652631791029662,0.0026526317910296623,0.003713684507441527,scenario,capsaicin,302.36183242469576
11.833333333333334,spinal_coord,2.0,0.995712993167,0.004287006833,0.31681777055313637,31.68177705531364,0.09051936301518182,9.051936301518182,0.24892824829175,24.892824829175,0.002666754925368155,0.2666754925368155,0.0026667549253681553,0.003733456895515417,scenario,capsaicin,297.5702136740861
11.916666666666666,spinal_coord,2.0,0.995688949671,0.004311050329,0.31681012034986367,31.681012034986367,0.09051717724281819,9.051717724281819,0.24892223741775,24.892223741775,0.0026810292533917895,0.26810292533917895,0.00268102925339179,0.0037534409547485058,scenario,capsaicin,292.77859492347676
12.0,spinal_coord,2.0,0.99566590223,0.00433409777,0.3168027870731818,31.680278707318184,0.09051508202090909,9.05150820209091,0.2489164755575,24.891647555749998,0.0026954572160476477,0.26954572160476475,0.0026954572160476477,0.0037736401024667065,scenario,capsaicin,287.9869761728673
12.083333333333334,spinal_coord,2.0,0.99564368906,0.00435631094,0.3167957192463636,31.679571924636363,0.09051306264181819,9.051306264181818,0.248910922265,24.8910922265,0.002695211279196577,0.2695211279196577,0.002695211279196577,0.0037732957908752076,scenario,capsaicin,288.06822359522874
12.166666666666666,spinal_coord,2.0,0.995623202698,0.004376797302,0.3167892008584545,31.67892008584545,0.09051120024527273,9.051120024527274,0.2489058006745,24.89058006745,0.0026949653872205756,0.2694965387220576,0.0026949653872205756,0.0037729515421088054,scenario,capsaicin,288.1494710175905
12.25,spinal_coord,2.0,0.995603495305,0.004396504695,0.3167829303243182,31.67829303243182,0.09050940866409092,9.050940866409093,0.24890087382625,24.890087382625,0.002694719540107365,0.2694719540107365,0.0026947195401073646,0.00377260735615031,scenario,capsaicin,288.2307184399521
12.333333333333334,spinal_coord,2.0,0.995584198118,0.004415801882,0.3167767903102727,31.677679031027274,0.09050765437436364,9.050765437436365,0.2488960495295,24.889604952950002,0.0026944737378446675,0.26944737378446676,0.0026944737378446675,0.0037722632329825344,scenario,capsaicin,288.3119658623136
12.416666666666666,spinal_coord,2.0,0.995566093401,0.004433906599,0.3167710297185,31.67710297185,0.090506008491,9.0506008491,0.24889152335025,24.889152335025,0.0026942279804202103,0.269422798042021,0.0026942279804202103,0.0037719191725882942,scenario,capsaicin,288.3932132846752
12.5,spinal_coord,2.0,0.995549200146,0.004450799854,0.3167656545919091,31.676565459190908,0.09050447274054546,9.050447274054546,0.2488873000365,24.88873000365,0.0026939822678217254,0.26939822678217257,0.002693982267821726,0.003771575174950416,scenario,capsaicin,288.4744607070368
12.583333333333334,spinal_coord,2.0,0.995533517207,0.004466482793,0.31676066456586366,31.676066456586366,0.09050304701881819,9.050304701881819,0.24888337930175,24.888337930175002,0.002693736600036951,0.2693736600036951,0.0026937366000369506,0.0037712312400517306,scenario,capsaicin,288.55570812939857
12.666666666666666,spinal_coord,2.0,0.995518881755,0.004481118245,0.3167560078311364,31.675600783113637,0.09050171652318183,9.050171652318182,0.24887972043875,24.887972043875,0.002693490977053627,0.2693490977053627,0.002693490977053627,0.0037708873678750777,scenario,capsaicin,288.6369555517602
12.75,spinal_coord,2.0,0.995505178146,0.004494821854,0.3167516475919091,31.67516475919091,0.09050047074054546,9.050047074054547,0.2488762945365,24.88762945365,0.002693245398859501,0.26932453988595006,0.002693245398859501,0.003770543558403301,scenario,capsaicin,288.7182029741216
12.833333333333334,spinal_coord,2.0,0.99549240638,0.00450759362,0.3167475838481818,31.67475838481818,0.09049930967090909,9.049930967090908,0.248873101595,24.8873101595,0.002692999865442321,0.2692999865442321,0.002692999865442321,0.003770199811619249,scenario,capsaicin,288.7994503964834
12.916666666666666,spinal_coord,2.0,0.995480552956,0.004519447044,0.3167438123041818,31.67438123041818,0.09049823208690909,9.049823208690908,0.248870138239,24.887013823900002,0.0026927543767898423,0.2692754376789842,0.0026927543767898427,0.0037698561275057796,scenario,capsaicin,288.88069781884496
13.0,spinal_coord,2.0,0.995469464203,0.004530535797,0.31674028406459087,31.674028406459087,0.09049722401845454,9.049722401845454,0.24886736605075,24.886736605075,0.002692508932889826,0.2692508932889826,0.0026925089328898263,0.0037695125060457566,scenario,capsaicin,288.9619452412065
13.083333333333334,spinal_coord,2.0,0.995459096746,0.004540903254,0.3167369853282727,31.67369853282727,0.09049628152236364,9.049628152236364,0.2488647741865,24.88647741865,0.0026922635337300327,0.26922635337300327,0.0026922635337300323,0.003769168947222045,scenario,capsaicin,289.043192663568
13.166666666666666,spinal_coord,2.0,0.995449450585,0.004550549415,0.3167339160952273,31.673391609522728,0.09049540459863636,9.049540459863636,0.24886236264625,24.886236264625,0.002692018179298232,0.26920181792982323,0.0026920181792982317,0.003768825451017524,scenario,capsaicin,289.1244400859296
13.25,spinal_coord,2.0,0.995440484161,0.004559515839,0.31673106314213634,31.673106314213634,0.09049458946918182,9.049458946918183,0.24886012104025,24.886012104025,0.0026917728695821964,0.26917728695821963,0.0026917728695821964,0.0037684820174150747,scenario,capsaicin,289.20568750829125
13.333333333333334,spinal_coord,2.0,0.9954320416,0.0045679584,0.31672837687272726,31.672837687272725,0.09049382196363637,9.049382196363636,0.2488580104,24.88580104,0.0026915276045697024,0.26915276045697023,0.0026915276045697024,0.0037681386463975833,scenario,capsaicin,289.28693493065276
13.416666666666666,spinal_coord,2.0,0.995424108032,0.004575891968,0.31672585255563634,31.672585255563636,0.09049310073018182,9.049310073018182,0.248856027008,24.8856027008,0.002691282384248531,0.2691282384248531,0.0026912823842485316,0.003767795337947944,scenario,capsaicin,289.36818235301456
13.5,spinal_coord,2.0,0.995416683456,0.004583316544,0.31672349019054546,31.672349019054547,0.09049242576872728,9.049242576872727,0.248854170864,24.8854170864,0.00269103720860647,0.269103720860647,0.0026910372086064696,0.0037674520920490573,scenario,capsaicin,289.44942977537613
13.583333333333334,spinal_coord,2.0,0.995409767872,0.004590232128,0.3167212897774545,31.67212897774545,0.09049179707927273,9.049179707927273,0.248852441968,24.8852441968,0.0026907920776313076,0.26907920776313077,0.0026907920776313076,0.0037671089086838304,scenario,capsaicin,289.5306771977377
13.666666666666666,spinal_coord,2.0,0.99540336128,0.00459663872,0.31671925131636364,31.671925131636364,0.09049121466181818,9.049121466181818,0.24885084032,24.885084031999998,0.00269054699131084,0.269054699131084,0.00269054699131084,0.003766765787835176,scenario,capsaicin,289.61192462009933
13.75,spinal_coord,2.0,0.995397463681,0.004602536319,0.31671737480759093,31.671737480759095,0.09049067851645455,9.049067851645455,0.24884936592025,24.884936592025,0.0026903019496328662,0.2690301949632866,0.0026903019496328667,0.003766422729486013,scenario,capsaicin,289.69317204246073
13.833333333333334,spinal_coord,2.0,0.995392075074,0.004607924926,0.3167156602508182,31.67156602508182,0.09049018864309091,9.049018864309092,0.2488480187685,24.88480187685,0.0026900569525851884,0.26900569525851886,0.002690056952585188,0.003766079733619263,scenario,capsaicin,289.7744194648225
13.916666666666666,spinal_coord,2.0,0.995387195253,0.004612804747,0.3167141075805,31.67141075805,0.090489745023,9.0489745023,0.24884679881325,24.884679881325,0.002689812000155617,0.2689812000155617,0.0026898120001556166,0.003765736800217863,scenario,capsaicin,289.85566688718393
14.0,spinal_coord,2.0,0.9953826934,0.0046173066,0.3167126751727273,31.671267517272728,0.09048933576363637,9.048933576363636,0.24884567335,24.884567335,0.0026895670923319623,0.26895670923319626,0.0026895670923319623,0.003765393929264747,scenario,capsaicin,289.9369143095455
14.083333333333334,spinal_coord,2.0,0.995378458047,0.004621541953,0.3167113275604091,31.671132756040908,0.09048895073154546,9.048895073154545,0.24884461451175,24.884461451175,0.0026893222291020425,0.26893222291020424,0.002689322229102043,0.00376505112074286,scenario,capsaicin,290.0181617319072
14.166666666666666,spinal_coord,2.0,0.995374489195,0.004625510805,0.31671006474386365,31.671006474386367,0.09048858992681819,9.048858992681819,0.24884362229875,24.884362229875002,0.0026890774104536795,0.26890774104536797,0.0026890774104536795,0.003764708374635151,scenario,capsaicin,290.09940915426876
14.25,spinal_coord,2.0,0.995370786843,0.004629213157,0.31670888672277275,31.670888672277275,0.09048825334936364,9.048825334936364,0.24884269671075,24.884269671075,0.0026888326363746977,0.2688832636374698,0.0026888326363746972,0.003764365690924576,scenario,capsaicin,290.1806565766305
14.333333333333334,spinal_coord,2.0,0.995367350991,0.004632649009,0.3167077934971364,31.67077934971364,0.09048794099918182,9.048794099918183,0.24884183774775,24.884183774775,0.002688587906852929,0.26885879068529295,0.002688587906852929,0.0037640230695941005,scenario,capsaicin,290.26190399899195
14.416666666666666,spinal_coord,2.0,0.99536418164,0.00463581836,0.31670678506727273,31.670678506727274,0.09048765287636364,9.048765287636364,0.24884104541,24.884104541,0.0026883432218762064,0.26883432218762066,0.002688343221876206,0.0037636805106266882,scenario,capsaicin,290.3431514213537
14.5,spinal_coord,2.0,0.995361278789,0.004638721211,0.31670586143286367,31.670586143286368,0.09048738898081819,9.048738898081819,0.24884031969725,24.884031969725,0.002688098581432371,0.2688098581432371,0.0026880985814323704,0.0037633380140053184,scenario,capsaicin,290.42439884371527
14.583333333333334,spinal_coord,2.0,0.995358642438,0.004641357562,0.3167050225939091,31.670502259390908,0.09048714931254545,9.048714931254546,0.2488396606095,24.883966060949998,0.002687853985509265,0.2687853985509265,0.002687853985509265,0.0037629955797129707,scenario,capsaicin,290.5056462660767
14.666666666666666,spinal_coord,2.0,0.995356258852,0.004643741148,0.3167042641801818,31.67042641801818,0.09048693262290909,9.048693262290909,0.248839064713,24.883906471299998,0.002687609434094736,0.2687609434094736,0.002687609434094736,0.00376265320773263,scenario,capsaicin,290.58689368843835
14.75,spinal_coord,2.0,0.995354029462,0.004645970538,0.3167035548288182,31.670355482881817,0.09048672995109092,9.048672995109092,0.2488385073655,24.883850736550002,0.002687364927176637,0.2687364927176637,0.002687364927176637,0.0037623108980472915,scenario,capsaicin,290.6681411108001
14.833333333333334,spinal_coord,2.0,0.995351934822,0.004648065178,0.3167028883524545,31.67028883524545,0.09048653952927273,9.048653952927273,0.2488379837055,24.88379837055,0.002687120464742826,0.2687120464742826,0.002687120464742826,0.0037619686506399565,scenario,capsaicin,290.74938853316155
14.916666666666666,spinal_coord,2.0,0.995349974929,0.004650025071,0.3167022647501364,31.670226475013642,0.09048636135718183,9.048636135718183,0.24883749373225,24.883749373225,0.002686876046781162,0.2686876046781162,0.002686876046781162,0.003761626465493627,scenario,capsaicin,290.8306359555232
15.0,spinal_coord,2.0,0.995348149786,0.004651850214,0.3167016840228182,31.670168402281817,0.09048619543509091,9.04861954350909,0.2488370374465,24.88370374465,0.0026866316732795125,0.26866316732795126,0.002686631673279512,0.0037612843425913166,scenario,capsaicin,290.9118833778849
15.083333333333334,spinal_coord,2.0,0.99534645939,0.00465354061,0.3167011461695455,31.67011461695455,0.09048604176272727,9.048604176272727,0.2488366148475,24.88366148475,0.002686387344225748,0.2686387344225748,0.002686387344225748,0.0037609422819160467,scenario,capsaicin,290.99313080024643
15.166666666666666,spinal_coord,2.0,0.995344903743,0.004655096257,0.3167006511909546,31.670065119095458,0.09048590034027273,9.048590034027274,0.24883622593575,24.883622593575,0.0026861430596077404,0.268614305960774,0.0026861430596077404,0.0037606002834508364,scenario,capsaicin,291.0743782226081
15.25,spinal_coord,2.0,0.995343482845,0.004656517155,0.31670019908704544,31.670019908704543,0.09048577116772727,9.048577116772726,0.24883587071125,24.883587071125,0.002685898819413371,0.2685898819413371,0.002685898819413371,0.0037602583471787188,scenario,capsaicin,291.15562564496963
15.333333333333334,spinal_coord,2.0,0.995342196695,0.004657803305,0.3166997898575,31.669978985750003,0.090485654245,9.048565424500001,0.24883554917375,24.883554917375,0.002685654623630522,0.26856546236305223,0.002685654623630522,0.003759916473082731,scenario,capsaicin,291.23687306733115
15.416666666666666,spinal_coord,2.0,0.995341023628,0.004658976372,0.3166994166089091,31.66994166089091,0.09048554760254546,9.048554760254547,0.248835255907,24.8835255907,0.0026854104722470818,0.2685410472247082,0.0026854104722470813,0.0037595746611459135,scenario,capsaicin,291.3181204896928
15.5,spinal_coord,2.0,0.995339928802,0.004660071198,0.3166990682551818,31.66990682551818,0.09048544807290909,9.04854480729091,0.2488349822005,24.883498220049997,0.002685166365250941,0.2685166365250941,0.002685166365250941,0.0037592329113513173,scenario,capsaicin,291.3993679120544
15.583333333333334,spinal_coord,2.0,0.995338911752,0.004661088248,0.3166987446483636,31.66987446483636,0.09048535561381818,9.048535561381819,0.248834727938,24.8834727938,0.002684922302629998,0.2684922302629998,0.0026849223026299976,0.0037588912236819964,scenario,capsaicin,291.48061533441614
15.666666666666666,spinal_coord,2.0,0.995337972477,0.004662027523,0.31669844578813633,31.66984457881363,0.09048527022518181,9.048527022518181,0.24883449311925,24.883449311925,0.0026846782843721532,0.26846782843721534,0.0026846782843721537,0.003758549598121015,scenario,capsaicin,291.56186275677754
15.75,spinal_coord,2.0,0.995337110978,0.004662889022,0.3166981716748182,31.669817167481817,0.09048519190709091,9.04851919070909,0.2488342777445,24.883427774450002,0.0026844343104653104,0.26844343104653107,0.002684434310465311,0.003758208034651435,scenario,capsaicin,291.64311017913934
15.833333333333334,spinal_coord,2.0,0.995336327255,0.004663672745,0.3166979223084091,31.66979223084091,0.09048512065954546,9.048512065954545,0.24883408181375,24.883408181375,0.002684190380897383,0.2684190380897383,0.0026841903808973834,0.0037578665332563366,scenario,capsaicin,291.7243576015007
15.916666666666666,spinal_coord,2.0,0.995335621307,0.004664378693,0.3166976976885909,31.66976976885909,0.09048505648245456,9.048505648245456,0.24883390532675,24.883390532675,0.0026839464956562808,0.2683946495656281,0.0026839464956562808,0.0037575250939187927,scenario,capsaicin,291.80560502386254
16.0,spinal_coord,2.0,0.995334993135,0.004665006865,0.3166974978156818,31.66974978156818,0.09048499937590909,9.04849993759091,0.24883374828375,24.883374828375,0.0026837026547299253,0.26837026547299253,0.002683702654729925,0.0037571837166218945,scenario,capsaicin,291.88685244622405
16.083333333333332,spinal_coord,2.0,0.995334441481,0.004665558519,0.3166973222894091,31.669732228940912,0.09048494922554547,9.048494922554546,0.24883361037025,24.883361037025,0.0026834588581062372,0.26834588581062374,0.002683458858106237,0.0037568424013487314,scenario,capsaicin,291.9680998685857
16.166666666666668,spinal_coord,2.0,0.995333944902,0.004666055098,0.316697164287,31.6697164287,0.09048490408200001,9.048490408200001,0.2488334862255,24.88334862255,0.0026832151057731455,0.26832151057731457,0.0026832151057731455,0.0037565011480824033,scenario,capsaicin,292.0493472909472
16.25,spinal_coord,2.0,0.995333495674,0.004666504326,0.3166970213508182,31.669702135081817,0.09048486324309091,9.04848632430909,0.2488333739185,24.88333739185,0.0026829713977185813,0.26829713977185815,0.0026829713977185813,0.0037561599568060136,scenario,capsaicin,292.1305947133089
16.333333333333332,spinal_coord,2.0,0.995333093798,0.004666906202,0.3166968934811818,31.66968934811818,0.09048482670890909,9.048482670890909,0.2488332734495,24.883327344949997,0.002682727733930481,0.26827277339304806,0.002682727733930481,0.003755818827502673,scenario,capsaicin,292.2118421356704
16.416666666666668,spinal_coord,2.0,0.995332739274,0.004667260726,0.31669678067809093,31.669678067809095,0.09048479447945455,9.048479447945455,0.2488331848185,24.88331848185,0.0026824841143967843,0.2682484114396784,0.002682484114396784,0.0037554777601554973,scenario,capsaicin,292.29308955803197
16.5,spinal_coord,2.0,0.995332432103,0.004667567897,0.31669668294186365,31.669668294186366,0.09048476655481819,9.048476655481819,0.24883310802575,24.883310802575,0.0026822405391054363,0.2682240539105436,0.002682240539105436,0.00375513675474761,scenario,capsaicin,292.3743369803936
16.583333333333332,spinal_coord,2.0,0.995332172283,0.004667827717,0.31669660027186364,31.669660027186364,0.09048474293481819,9.048474293481819,0.24883304307075,24.883304307075,0.0026819970080443865,0.26819970080443867,0.0026819970080443865,0.003754795811262141,scenario,capsaicin,292.45558440275505
16.666666666666668,spinal_coord,2.0,0.995331959816,0.004668040184,0.31669653266872727,31.66965326687273,0.09048472361963636,9.048472361963636,0.248832989954,24.8832989954,0.0026817535212015874,0.26817535212015875,0.002681753521201588,0.0037544549296822226,scenario,capsaicin,292.5368318251168
16.75,spinal_coord,2.0,0.9953317947,0.0046682053,0.31669648013181817,31.669648013181817,0.09048470860909091,9.048470860909092,0.248832948675,24.8832948675,0.0026815100785649985,0.26815100785649987,0.002681510078564999,0.0037541141099909983,scenario,capsaicin,292.61807924747825
16.833333333333332,spinal_coord,2.0,0.995331672057,0.004668327943,0.3166964411090455,31.66964411090455,0.09048469745972727,9.048469745972728,0.24883291801425,24.883291801425,0.002681266680122582,0.2681266680122582,0.0026812666801225814,0.0037537733521716137,scenario,capsaicin,292.69932666983993
16.916666666666668,spinal_coord,2.0,0.995331577887,0.004668422113,0.31669641114586367,31.669641114586366,0.09048468889881818,9.048468889881818,0.24883289447175,24.883289447175,0.0026810233258623027,0.2681023325862303,0.0026810233258623027,0.0037534326562072237,scenario,capsaicin,292.7805740922016
17.0,spinal_coord,2.0,0.995331511317,0.004668488683,0.3166963899645,31.66963899645,0.09048468284700001,9.0484682847,0.24883287782925,24.883287782925002,0.002680780015772134,0.2680780015772134,0.002680780015772134,0.003753092022080987,scenario,capsaicin,292.86182151456313
17.083333333333332,spinal_coord,2.0,0.995331472349,0.004668527651,0.3166963775655909,31.669637756559087,0.09048467930445454,9.048467930445454,0.24883286808725,24.883286808725,0.0026805367498400497,0.26805367498400495,0.0026805367498400497,0.003752751449776069,scenario,capsaicin,292.9430689369248
17.166666666666668,spinal_coord,2.0,0.995331460982,0.004668539018,0.31669637394881817,31.669637394881818,0.09048467827109091,9.048467827109091,0.2488328652455,24.883286524549998,0.0026802935280540304,0.268029352805403,0.002680293528054031,0.003752410939275643,scenario,capsaicin,293.02431635928644
17.25,spinal_coord,2.0,0.995331477215,0.004668522785,0.31669637911386367,31.669637911386367,0.09048467974681819,9.048467974681818,0.24883286930375,24.883286930375,0.00268005035040206,0.268005035040206,0.00268005035040206,0.003752070490562884,scenario,capsaicin,293.10556378164796
17.333333333333332,spinal_coord,2.0,0.99533152105,0.00466847895,0.31669639306136366,31.669639306136364,0.09048468373181819,9.04846837318182,0.2488328802625,24.88328802625,0.002679807216872127,0.26798072168721265,0.002679807216872127,0.0037517301036209772,scenario,capsaicin,293.18681120400964
17.416666666666668,spinal_coord,2.0,0.995331592486,0.004668407514,0.316696415791,31.6696415791,0.090484690226,9.0484690226,0.2488328981215,24.88328981215,0.0026795641274522243,0.2679564127452224,0.002679564127452224,0.003751389778433113,scenario,capsaicin,293.2680586263712
17.5,spinal_coord,2.0,0.995331691438,0.004668308562,0.31669644727572727,31.669644727572727,0.09048469922163636,9.048469922163637,0.2488329228595,24.883292285950002,0.0026793210821303495,0.2679321082130349,0.002679321082130349,0.0037510495149824883,scenario,capsaicin,293.3493060487327
17.583333333333332,spinal_coord,2.0,0.9953318106,0.0046681894,0.3166964851909091,31.66964851909091,0.09048471005454546,9.048471005454546,0.24883295265,24.883295265,0.002679078080894503,0.2679078080894503,0.002679078080894503,0.003750709313252304,scenario,capsaicin,293.4305534710944
17.666666666666668,spinal_coord,2.0,0.995331945275,0.004668054725,0.31669652804204546,31.669652804204546,0.09048472229772728,9.048472229772727,0.24883298631875,24.883298631875,0.0026788351237326917,0.2678835123732692,0.0026788351237326913,0.0037503691732257674,scenario,capsaicin,293.51180089345604
17.75,spinal_coord,2.0,0.995332095461,0.004667904539,0.31669657582849997,31.669657582849997,0.090484735951,9.048473595099999,0.24883302386525,24.883302386525,0.0026785922106329265,0.26785922106329263,0.002678592210632926,0.003750029094886096,scenario,capsaicin,293.59304831581744
17.833333333333332,spinal_coord,2.0,0.995332261159,0.004667738841,0.3166966285505909,31.669662855059087,0.09048475101445455,9.048475101445455,0.24883306528975,24.883306528974998,0.00267834934158322,0.267834934158322,0.0026783493415832205,0.0037496890782165084,scenario,capsaicin,293.6742957381792
17.916666666666668,spinal_coord,2.0,0.995332442368,0.004667557632,0.316696686208,31.6696686208,0.09048476748800001,9.0484767488,0.248833110592,24.8833110592,0.002678106516571593,0.26781065165715934,0.0026781065165715936,0.0037493491232002307,scenario,capsaicin,293.7555431605408
18.0,spinal_coord,2.0,0.995332639089,0.004667360911,0.3166967488010455,31.669674880104548,0.09048478537172729,9.048478537172729,0.24883315977225,24.883315977225003,0.002677863735586068,0.2677863735586068,0.002677863735586068,0.0037490092298204953,scenario,capsaicin,293.8367905829024
18.083333333333332,spinal_coord,2.0,0.995332851322,0.004667148678,0.3166968163297273,31.66968163297273,0.09048480466563637,9.048480466563637,0.2488332128305,24.88332128305,0.0026776209986146735,0.2677620998614674,0.0026776209986146735,0.0037486693980605425,scenario,capsaicin,293.918038005264
18.166666666666668,spinal_coord,2.0,0.995333079067,0.004666920933,0.31669688879404545,31.669688879404546,0.09048482536972727,9.048482536972728,0.24883326976675,24.883326976675,0.002677378305645441,0.2677378305645441,0.0026773783056454415,0.003748329627903618,scenario,capsaicin,293.9992854276255
18.25,spinal_coord,2.0,0.995333321362,0.004666678638,0.3166969658879091,31.669696588790906,0.09048484739654546,9.048484739654546,0.2488333303405,24.88333303405,0.0026771356566664063,0.2677135656666406,0.0026771356566664063,0.0037479899193329684,scenario,capsaicin,294.08053284998704
18.333333333333332,spinal_coord,2.0,0.995333573151,0.004666426849,0.3166970460025909,31.66970460025909,0.09048487028645455,9.048487028645456,0.24883339328775,24.883339328775,0.00267689305166561,0.267689305166561,0.00267689305166561,0.0037476502723318536,scenario,capsaicin,294.1617802723488
18.416666666666668,spinal_coord,2.0,0.995333833699,0.004666166301,0.31669712890422724,31.669712890422723,0.09048489397263636,9.048489397263635,0.24883345842475,24.883345842475,0.0026766504906310987,0.2676650490631099,0.002676650490631099,0.0037473106868835386,scenario,capsaicin,294.2430276947103
18.5,spinal_coord,2.0,0.995334103007,0.004665896993,0.3166972145931364,31.66972145931364,0.09048491845518182,9.048491845518182,0.24883352575175,24.883352575175,0.0026764079735509204,0.26764079735509205,0.00267640797355092,0.003746971162971288,scenario,capsaicin,294.3242751170718
18.583333333333332,spinal_coord,2.0,0.995334381075,0.004665618925,0.3166973030693182,31.66973030693182,0.09048494373409091,9.048494373409092,0.24883359526875,24.883359526875,0.0026761655004131284,0.26761655004131285,0.002676165500413128,0.003746631700578379,scenario,capsaicin,294.40552253943355
18.666666666666668,spinal_coord,2.0,0.995334667902,0.004665332098,0.31669739433245453,31.669739433245454,0.09048496980927273,9.048496980927274,0.2488336669755,24.88336669755,0.0026759230712057815,0.26759230712057813,0.0026759230712057815,0.003746292299688094,scenario,capsaicin,294.48676996179523
18.75,spinal_coord,2.0,0.995334963489,0.004665036511,0.3166974883828636,31.66974883828636,0.09048499668081818,9.048499668081817,0.24883374087225,24.883374087225,0.0026756806859169423,0.26756806859169424,0.002675680685916942,0.0037459529602837183,scenario,capsaicin,294.5680173841567
18.833333333333332,spinal_coord,2.0,0.995335267836,0.004664732164,0.3166975852205455,31.669758522054547,0.09048502434872728,9.048502434872727,0.248833816959,24.8833816959,0.0026754383445346764,0.26754383445346763,0.0026754383445346764,0.0037456136823485467,scenario,capsaicin,294.6492648065184
18.916666666666668,spinal_coord,2.0,0.995335580942,0.004664419058,0.31669768484518185,31.669768484518183,0.0904850528129091,9.04850528129091,0.2488338952355,24.88338952355,0.0026751960470470554,0.26751960470470554,0.002675196047047056,0.003745274465865878,scenario,capsaicin,294.73051222888006
19.0,spinal_coord,2.0,0.995335901125,0.004664098875,0.31669778672159093,31.669778672159094,0.09048508192045455,9.048508192045455,0.24883397528125,24.883397528125002,0.002674953793442156,0.2674953793442156,0.002674953793442156,0.003744935310819018,scenario,capsaicin,294.8117596512414
19.083333333333332,spinal_coord,2.0,0.995336226337,0.004663773663,0.3166978901981364,31.66978901981364,0.09048511148518182,9.048511148518182,0.24883405658425,24.883405658425,0.002674711583708055,0.26747115837080554,0.002674711583708055,0.003744596217191277,scenario,capsaicin,294.89300707360314
19.166666666666668,spinal_coord,2.0,0.995336556571,0.004663443429,0.3166979952725909,31.66979952725909,0.09048514150645455,9.048514150645454,0.24883413914275,24.883413914275,0.0026744694178328387,0.2674469417832839,0.0026744694178328387,0.003744257184965974,scenario,capsaicin,294.9742544959646
19.25,spinal_coord,2.0,0.995336891828,0.004663108172,0.3166981019452727,31.66981019452727,0.09048517198436364,9.048517198436363,0.248834222957,24.8834222957,0.002674227295804593,0.2674227295804593,0.0026742272958045934,0.0037439182141264307,scenario,capsaicin,295.05550191832646
19.333333333333332,spinal_coord,2.0,0.995337232108,0.004662767892,0.31669821021618183,31.669821021618183,0.09048520291890909,9.04852029189091,0.248834308027,24.883430802699998,0.002673985217611413,0.2673985217611413,0.002673985217611413,0.003743579304655978,scenario,capsaicin,295.136749340688
19.416666666666668,spinal_coord,2.0,0.995337577411,0.004662422589,0.3166983200853182,31.669832008531817,0.09048523431009091,9.048523431009091,0.24883439435275,24.883439435275,0.002673743183241395,0.2673743183241395,0.0026737431832413944,0.003743240456537952,scenario,capsaicin,295.21799676304954
19.5,spinal_coord,2.0,0.995337927737,0.004662072263,0.31669843155268185,31.669843155268186,0.0904852661579091,9.04852661579091,0.24883448193425,24.883448193425,0.002673501192682639,0.2673501192682639,0.0026735011926826385,0.0037429016697556935,scenario,capsaicin,295.2992441854111
19.583333333333332,spinal_coord,2.0,0.995338283086,0.004661716914,0.31669854461827274,31.669854461827274,0.09048529846236364,9.048529846236363,0.2488345707715,24.883457077150002,0.002673259245923251,0.26732592459232507,0.002673259245923251,0.003742562944292551,scenario,capsaicin,295.3804916077727
19.666666666666668,spinal_coord,2.0,0.995338643315,0.004661356685,0.3166986592365909,31.669865923659092,0.09048533121045454,9.048533121045455,0.24883466082875,24.883466082875,0.002673017342951341,0.2673017342951341,0.0026730173429513407,0.0037422242801318766,scenario,capsaicin,295.4617390301343
19.75,spinal_coord,2.0,0.995339006853,0.004660993147,0.31669877490777276,31.669877490777274,0.09048536425936364,9.048536425936364,0.24883475171325,24.883475171325,0.0026727754837550226,0.26727754837550227,0.0026727754837550226,0.0037418856772570316,scenario,capsaicin,295.54298645249605
19.833333333333332,spinal_coord,2.0,0.995339373266,0.004660626734,0.31669889149372726,31.669889149372725,0.09048539756963636,9.048539756963637,0.2488348433165,24.88348433165,0.002672533668322416,0.2672533668322416,0.0026725336683224156,0.0037415471356513816,scenario,capsaicin,295.6242338748576
19.916666666666668,spinal_coord,2.0,0.995339742553,0.004660257447,0.3166990089941364,31.66990089941364,0.09048543114118182,9.048543114118182,0.24883493563825,24.883493563825,0.0026722918966416414,0.26722918966416415,0.0026722918966416414,0.0037412086552982976,scenario,capsaicin,295.7054812972191
20.0,spinal_coord,2.0,0.995340114714,0.004659885286,0.31669912740899997,31.669912740899996,0.090485464974,9.048546497399999,0.2488350286785,24.883502867849998,0.002672050168700827,0.26720501687008275,0.002672050168700827,0.003740870236181158,scenario,capsaicin,295.7867287195807
20.083333333333332,spinal_coord,2.0,0.995340489751,0.004659510249,0.31669924673895455,31.669924673895455,0.09048549906827273,9.048549906827272,0.24883512243775,24.883512243774998,0.002671808484488105,0.2671808484488105,0.002671808484488105,0.0037405318782833467,scenario,capsaicin,295.86797614194234
20.166666666666668,spinal_coord,2.0,0.995340867661,0.004659132339,0.31669936698304546,31.669936698304546,0.09048553342372728,9.048553342372728,0.24883521691525,24.883521691525,0.00267156684399161,0.267156684399161,0.00267156684399161,0.0037401935815882534,scenario,capsaicin,295.9492235643039
20.25,spinal_coord,2.0,0.995341248447,0.004658751553,0.31669948814222726,31.669948814222725,0.09048556804063637,9.048556804063637,0.24883531211175,24.883531211175,0.0026713252471994805,0.26713252471994803,0.002671325247199481,0.003739855346079273,scenario,capsaicin,296.0304709866655
20.333333333333332,spinal_coord,2.0,0.995341632107,0.004658367893,0.3166996102158636,31.669961021586364,0.09048560291881819,9.048560291881818,0.24883540802675,24.883540802675,0.0026710836940998634,0.26710836940998633,0.002671083694099864,0.003739517171739809,scenario,capsaicin,296.111718409027
20.416666666666668,spinal_coord,2.0,0.99534201826,0.00465798174,0.31669973308272725,31.669973308272724,0.09048563802363636,9.048563802363637,0.248835504565,24.8835504565,0.002670842184680905,0.2670842184680905,0.002670842184680905,0.003739179058553267,scenario,capsaicin,296.1929658313887
20.5,spinal_coord,2.0,0.995342406063,0.004657593937,0.31669985647459087,31.669985647459086,0.09048567327845454,9.048567327845454,0.24883560151575,24.883560151574997,0.002670600718930759,0.2670600718930759,0.0026706007189307595,0.003738841006503063,scenario,capsaicin,296.27421325375036
20.583333333333332,spinal_coord,2.0,0.995342795486,0.004657204514,0.3166999803819091,31.66999803819091,0.09048570868054547,9.048570868054547,0.2488356988715,24.88356988715,0.002670359296837583,0.2670359296837583,0.002670359296837583,0.003738503015572616,scenario,capsaicin,296.35546067611193
20.666666666666668,spinal_coord,2.0,0.995343186529,0.004656813471,0.3167001048046818,31.67001048046818,0.0904857442299091,9.04857442299091,0.24883579663225,24.883579663225,0.002670117918389537,0.2670117918389537,0.002670117918389537,0.0037381650857453512,scenario,capsaicin,296.43670809847356
20.75,spinal_coord,2.0,0.995343579191,0.004656420809,0.31670022974259093,31.670022974259094,0.09048577992645455,9.048577992645455,0.24883589479775,24.883589479775,0.0026698765835747877,0.2669876583574788,0.002669876583574788,0.0037378272170047033,scenario,capsaicin,296.51795552083496
20.833333333333332,spinal_coord,2.0,0.995343973473,0.004656026527,0.3167003551959545,31.67003551959545,0.09048581577027273,9.048581577027273,0.24883599336825,24.883599336825,0.002669635292381504,0.2669635292381504,0.002669635292381504,0.0037374894093341053,scenario,capsaicin,296.59920294319664
20.916666666666668,spinal_coord,2.0,0.995344369375,0.004655630625,0.31670048116477273,31.670048116477272,0.09048585176136364,9.048585176136365,0.24883609234375,24.883609234375,0.0026693940447978606,0.26693940447978604,0.0026693940447978606,0.0037371516627170047,scenario,capsaicin,296.6804503655584
21.0,spinal_coord,2.0,0.995344766897,0.004655233103,0.31670060764904545,31.670060764904544,0.09048588789972728,9.048588789972728,0.24883619172425,24.883619172425,0.002669152840812036,0.26691528408120363,0.0026691528408120365,0.003736813977136851,scenario,capsaicin,296.7616977879199
21.083333333333332,spinal_coord,2.0,0.995345166024,0.004654833976,0.316700734644,31.6700734644,0.090485924184,9.0485924184,0.248836291506,24.8836291506,0.002668911680412213,0.2668911680412213,0.0026689116804122126,0.0037364763525770976,scenario,capsaicin,296.8429452102816
21.166666666666668,spinal_coord,2.0,0.995345566282,0.004654433718,0.3167008619988182,31.67008619988182,0.09048596057109091,9.04859605710909,0.2488363915705,24.88363915705,0.002668670563586578,0.2668670563586578,0.002668670563586578,0.003736138789021209,scenario,capsaicin,296.9241926326431
21.25,spinal_coord,2.0,0.995345967435,0.004654032565,0.3167009896384091,31.67009896384091,0.09048599703954546,9.048599703954546,0.24883649185875,24.883649185875,0.002668429490323323,0.2668429490323323,0.002668429490323323,0.003735801286452652,scenario,capsaicin,297.0054400550047
21.333333333333332,spinal_coord,2.0,0.995346369484,0.004653630516,0.31670111756309094,31.670111756309094,0.09048603358945455,9.048603358945455,0.248836592371,24.8836592371,0.002668188460610643,0.2668188460610643,0.002668188460610643,0.0037354638448549,scenario,capsaicin,297.0866874773662
21.416666666666668,spinal_coord,2.0,0.995346772428,0.004653227572,0.31670124577254544,31.670124577254544,0.09048607022072727,9.048607022072726,0.248836693107,24.8836693107,0.0026679474744367364,0.26679474744367365,0.0026679474744367364,0.0037351264642114307,scenario,capsaicin,297.1679348997279
21.5,spinal_coord,2.0,0.995347176267,0.004652823733,0.3167013742667727,31.670137426677268,0.09048610693336363,9.048610693336363,0.24883679406675,24.883679406675,0.0026677065317898103,0.266770653178981,0.00266770653178981,0.0037347891445057334,scenario,capsaicin,297.2491823220895
21.583333333333332,spinal_coord,2.0,0.995347581002,0.004652418998,0.3167015030460909,31.67015030460909,0.09048614372745455,9.048614372745455,0.2488368952505,24.883689525050002,0.002667465632658071,0.2667465632658071,0.0026674656326580713,0.0037344518857212994,scenario,capsaicin,297.330429744451
21.666666666666668,spinal_coord,2.0,0.995347986633,0.004652013367,0.31670163211049995,31.670163211049996,0.090486180603,9.048618060299999,0.24883699665825,24.883699665825,0.0026672247770297306,0.2667224777029731,0.002667224777029731,0.0037341146878416233,scenario,capsaicin,297.4116771668127
21.75,spinal_coord,2.0,0.995348393159,0.004651606841,0.3167017614596818,31.67017614596818,0.0904862175599091,9.04862175599091,0.24883709828975,24.883709828975,0.002666983964893007,0.2666983964893007,0.002666983964893007,0.0037337775508502094,scenario,capsaicin,297.4929245891744
21.833333333333332,spinal_coord,2.0,0.995348797775,0.004651202225,0.31670189020113637,31.670189020113636,0.09048625434318182,9.048625434318183,0.24883719944375,24.883719944375,0.0026667431962361216,0.26667431962361215,0.002666743196236121,0.0037334404747305693,scenario,capsaicin,297.57417201153595
21.916666666666668,spinal_coord,2.0,0.99534920122,0.00465079878,0.31670201857,31.670201857000002,0.09048629102000001,9.048629102000001,0.248837300305,24.8837300305,0.002666502471047298,0.2666502471047298,0.0026665024710472982,0.0037331034594662174,scenario,capsaicin,297.6554194338976
22.0,spinal_coord,2.0,0.995349605223,0.004650394777,0.3167021471164091,31.67021471164091,0.09048632774754546,9.048632774754546,0.24883740130575,24.883740130575,0.0026662617893147673,0.2666261789314767,0.0026662617893147673,0.003732766505040674,scenario,capsaicin,297.7366668562591
22.083333333333332,spinal_coord,2.0,0.995350009783,0.004649990217,0.31670227584004546,31.670227584004547,0.09048636452572728,9.048636452572728,0.24883750244575,24.883750244575,0.002666021151026763,0.2666021151026763,0.002666021151026763,0.0037324296114374677,scenario,capsaicin,297.81791427862066
22.166666666666668,spinal_coord,2.0,0.995350414901,0.004649585099,0.31670240474122724,31.670240474122725,0.09048640135463636,9.048640135463636,0.24883760372525,24.883760372525,0.002665780556171523,0.2665780556171523,0.002665780556171523,0.0037320927786401318,scenario,capsaicin,297.8991617009822
22.25,spinal_coord,2.0,0.995350820576,0.004649179424,0.31670253381963637,31.670253381963636,0.09048643823418182,9.048643823418182,0.248837705144,24.8837705144,0.0026655400047372888,0.2665540004737289,0.002665540004737289,0.0037317560066322045,scenario,capsaicin,297.98040912334375
22.333333333333332,spinal_coord,2.0,0.995351226809,0.004648773191,0.3167026630755909,31.670266307559093,0.09048647516445454,9.048647516445454,0.24883780670225,24.883780670225,0.002665299496712308,0.2665299496712308,0.002665299496712308,0.0037314192953972307,scenario,capsaicin,298.0616565457055
22.416666666666668,spinal_coord,2.0,0.995351633599,0.004648366401,0.31670279250877276,31.670279250877275,0.09048651214536364,9.048651214536365,0.24883790839975,24.883790839975,0.0026650590320848313,0.2665059032084831,0.002665059032084831,0.003731082644918763,scenario,capsaicin,298.1429039680672
22.5,spinal_coord,2.0,0.995352040947,0.004647959053,0.3167029221195,31.670292211950002,0.09048654917700001,9.0486549177,0.24883801023675,24.883801023675,0.0026648186108431137,0.2664818610843114,0.002664818610843114,0.0037307460551803595,scenario,capsaicin,298.2241513904285
22.583333333333332,spinal_coord,2.0,0.995352448852,0.004647551148,0.31670305190745457,31.670305190745456,0.09048658625927274,9.048658625927274,0.248838112213,24.8838112213,0.002664578232975414,0.2664578232975414,0.0026645782329754136,0.0037304095261655786,scenario,capsaicin,298.30539881279026
22.666666666666668,spinal_coord,2.0,0.995352857315,0.004647142685,0.31670318187295454,31.670318187295454,0.09048662339227273,9.048662339227272,0.24883821432875,24.883821432875,0.002664337898469996,0.2664337898469996,0.0026643378984699956,0.0037300730578579936,scenario,capsaicin,298.38664623515194
22.75,spinal_coord,2.0,0.995353266335,0.004646733665,0.3167033120156818,31.67033120156818,0.0904866605759091,9.048666057590909,0.24883831658375,24.883831658375,0.0026640976073151273,0.26640976073151273,0.0026640976073151273,0.0037297366502411777,scenario,capsaicin,298.4678936575134
22.833333333333332,spinal_coord,2.0,0.995353675913,0.004646324087,0.31670344233595454,31.670344233595454,0.09048669781027273,9.048669781027273,0.24883841897825,24.883841897825,0.00266385735949908,0.266385735949908,0.0026638573594990798,0.0037294003032987116,scenario,capsaicin,298.549141079875
22.916666666666668,spinal_coord,2.0,0.995354086048,0.004645913952,0.31670357283345457,31.670357283345457,0.09048673509527273,9.048673509527273,0.248838521512,24.8838521512,0.0026636171550101302,0.266361715501013,0.0026636171550101302,0.003729064017014182,scenario,capsaicin,298.63038850223677
23.0,spinal_coord,2.0,0.995354496741,0.004645503259,0.31670370350849997,31.670370350849996,0.09048677243099999,9.048677243099998,0.24883862418525,24.883862418525,0.002663376993836559,0.26633769938365587,0.002663376993836559,0.0037287277913711824,scenario,capsaicin,298.71163592459817
23.083333333333332,spinal_coord,2.0,0.995354907991,0.004645092009,0.31670383436077276,31.670383436077277,0.09048680981736364,9.048680981736364,0.24883872699775,24.883872699775,0.0026631368759666503,0.266313687596665,0.0026631368759666503,0.00372839162635331,scenario,capsaicin,298.79288334695974
23.166666666666668,spinal_coord,2.0,0.995355319799,0.004644680201,0.3167039653905909,31.67039653905909,0.09048684725445455,9.048684725445455,0.24883882994975,24.883882994975,0.0026628968013886925,0.2662896801388692,0.0026628968013886925,0.0037280555219441694,scenario,capsaicin,298.8741307693213
23.25,spinal_coord,2.0,0.995355732164,0.004644267836,0.3167040965976364,31.67040965976364,0.09048688474218182,9.048688474218181,0.248838933041,24.8838933041,0.0026626567700909795,0.2662656770090979,0.0026626567700909795,0.003727719478127371,scenario,capsaicin,298.95537819168317
23.333333333333332,spinal_coord,2.0,0.995356145087,0.004643854913,0.31670422798222725,31.670422798222724,0.09048692228063636,9.048692228063636,0.24883903627175,24.883903627175,0.002662416782061808,0.2662416782061808,0.002662416782061808,0.003727383494886531,scenario,capsaicin,299.03662561404474
23.416666666666668,spinal_coord,2.0,0.995356558567,0.004643441433,0.31670435954404547,31.670435954404546,0.09048695986972728,9.048695986972728,0.24883913964175,24.883913964175,0.002662176837289481,0.2662176837289481,0.002662176837289481,0.003727047572205273,scenario,capsaicin,299.11787303640625
23.5,spinal_coord,2.0,0.995356972605,0.004643027395,0.3167044912834091,31.67044912834091,0.09048699750954546,9.048699750954546,0.24883924315125,24.883924315125,0.0026619369357623033,0.26619369357623035,0.002661936935762303,0.003726711710067224,scenario,capsaicin,299.1991204587679
23.583333333333332,spinal_coord,2.0,0.9953573872,0.0046426128,0.3167046232,31.67046232,0.0904870352,9.04870352,0.2488393468,24.88393468,0.0026616970774685843,0.26616970774685844,0.0026616970774685843,0.0037263759084560175,scenario,capsaicin,299.28036788112945
23.666666666666668,spinal_coord,2.0,0.995357802353,0.004642197647,0.31670475529413633,31.670475529413633,0.09048707294118181,9.04870729411818,0.24883945058825,24.883945058825,0.0026614572623966386,0.26614572623966387,0.0026614572623966386,0.0037260401673552936,scenario,capsaicin,299.361615303491
23.75,spinal_coord,2.0,0.995358218063,0.004641781937,0.31670488756549997,31.670488756549997,0.090487110733,9.0487110733,0.24883955451575,24.883955451574998,0.0026612174905347847,0.26612174905347846,0.0026612174905347847,0.0037257044867486985,scenario,capsaicin,299.4428627258527
23.833333333333332,spinal_coord,2.0,0.995358634331,0.004641365669,0.3167050200144091,31.67050200144091,0.09048714857554546,9.048714857554547,0.24883965858275,24.883965858275,0.0026609777618713457,0.2660977761871346,0.0026609777618713452,0.0037253688666198832,scenario,capsaicin,299.5241101482143
23.916666666666668,spinal_coord,2.0,0.995359051156,0.004640948844,0.31670515264054544,31.670515264054544,0.09048718646872728,9.048718646872727,0.248839762789,24.8839762789,0.0026607380763946473,0.26607380763946475,0.002660738076394647,0.0037250333069525055,scenario,capsaicin,299.6053575705759
24.0,spinal_coord,2.0,0.995359468539,0.004640531461,0.31670528544422727,31.670528544422726,0.09048722441263637,9.048722441263637,0.24883986713475,24.883986713475,0.0026604984340930214,0.26604984340930216,0.0026604984340930214,0.00372469780773023,scenario,capsaicin,299.6866049929374
0.0,ganglia,10.246667374304312,0.982852653917,0.017147346083,0.39795027271994066,39.795027271994066,0.3329611192536007,33.29611192536007,0.09828526539170002,9.828526539170001,0.006784752871023932,0.6784752871023931,0.006784752871023931,0.012212555167843076,scenario,capsaicin,0.001
0.08333333333333333,ganglia,10.36391839582758,0.983173838808,0.016826161192,0.4003396713648472,40.03396713648472,0.33558031942671906,33.5580319426719,0.09831738388080001,9.831738388080002,0.0031988808044370967,0.31988808044370964,0.0031988808044370967,0.005757985447986774,scenario,capsaicin,691.7974864062256
0.16666666666666666,ganglia,10.480442441750085,0.983755654336,0.016244345664,0.4028060237035619,40.28060237035619,0.3382560647444021,33.825606474440214,0.0983755654336,9.83755654336,0.0021089677967344256,0.21089677967344256,0.0021089677967344256,0.0037961420341219663,scenario,capsaicin,1383.5939728124515
0.25,ganglia,10.56757568134406,0.984412547301,0.015587452699,0.4047321030244693,40.47321030244693,0.34032316477152147,34.03231647715215,0.09844125473010001,9.844125473010001,0.001577475251268128,0.1577475251268128,0.001577475251268128,0.0028394554522826305,scenario,capsaicin,2075.390459218677
0.3333333333333333,ganglia,10.6,0.985092783405,0.014907216595,0.40562644022558825,40.56264402255883,0.34124129098343137,34.12412909834314,0.0985092783405,9.85092783405,0.0012576277251097618,0.12576277251097617,0.0012576277251097618,0.0022637299051975713,scenario,capsaicin,2767.1869456249033
0.4166666666666667,ganglia,10.56757568134406,0.985772779645,0.014227220355,0.4052913499567626,40.52913499567626,0.34079341332473617,34.07934133247362,0.0985772779645,9.85772779645,0.0010403178254618597,0.10403178254618597,0.00104031782546186,0.001872572085831348,scenario,capsaicin,3458.983432031125
0.5,ganglia,10.480442441750085,0.98643970915,0.01356029085,0.40390502978526976,40.390502978526975,0.33917895430029976,33.91789543002998,0.098643970915,9.8643970915,0.0008816407105192466,0.08816407105192466,0.0008816407105192465,0.0015869532789346437,scenario,capsaicin,4150.779918437351
0.5833333333333334,ganglia,10.36391839582758,0.987089568482,0.012910431518,0.401934121775309,40.1934121775309,0.33691684991901,33.691684991901,0.09870895684820001,9.87089568482,0.0007611123496827084,0.07611123496827084,0.0007611123496827086,0.0013700022294288754,scenario,capsaicin,4842.576404843579
0.6666666666666666,ganglia,10.246667374304312,0.987718015932,0.012281984068,0.3999202243022395,39.99202243022395,0.3346093585655995,33.46093585655995,0.09877180159320001,9.877180159320002,0.0006677015460382625,0.06677015460382625,0.0006677015460382625,0.0012018627828688725,scenario,capsaicin,5534.372891249803
0.75,ganglia,10.149611325266378,0.988323138222,0.011676861778,0.39827186704400175,39.82718670440018,0.3327106146908908,33.271061469089084,0.09883231382220001,9.88323138222,0.0005943935991078096,0.05943935991078096,0.0005943935991078097,0.0010699084783940575,scenario,capsaicin,6226.169377656027
0.8333333333333334,ganglia,10.081201169941968,0.988903449628,0.011096550372,0.3971630469511764,39.716304695117636,0.33141411332041815,33.14141133204181,0.09889034496280001,9.88903449628,0.0005360916452353491,0.05360916452353491,0.0005360916452353491,0.0009649649614236284,scenario,capsaicin,6917.96586406226
0.9166666666666666,ganglia,10.039437117169918,0.989458268112,0.010541731888,0.3965627102975684,39.65627102975684,0.33068542609596485,33.068542609596484,0.09894582681120001,9.894582681120001,0.0004889071491341005,0.04889071491341005,0.0004889071491341006,0.0008800328684413811,scenario,capsaicin,7609.762350468487
1.0,ganglia,10.01713930047073,0.989985735703,0.010014264297,0.39633345377570284,39.633345377570286,0.33037208911711424,33.037208911711424,0.09899857357030001,9.899857357030001,0.00044992714202535716,0.044992714202535714,0.00044992714202535716,0.0008098688556456429,scenario,capsaicin,8301.558836874707
1.0833333333333333,ganglia,10.006665397922946,0.990485462237,0.009514537763,0.3963261951596226,39.63261951596226,0.33030849881769175,33.03084988176918,0.0990485462237,9.904854622370001,0.0004591701928548737,0.045917019285487366,0.0004591701928548737,0.0008265063471387727,scenario,capsaicin,8113.170664023153
1.1666666666666667,ganglia,10.002319552083684,0.990957447714,0.009042552286,0.3964289470796818,39.64289470796818,0.3303702247869798,33.03702247869798,0.0990957447714,9.90957447714,0.0004691088546021648,0.046910885460216475,0.0004691088546021648,0.0008443959382838966,scenario,capsaicin,7924.782491171596
1.25,ganglia,10.000722315996898,0.991401702453,0.008598297547,0.39657500274255275,39.65750027425528,0.3304831472191697,33.048314721916974,0.0991401702453,9.91401702453,0.00047962825678813287,0.047962825678813284,0.00047962825678813287,0.0008633308622186392,scenario,capsaicin,7736.394318320053
1.3333333333333333,ganglia,10.00020127757674,0.991820308736,0.008179691264,0.39673211609137876,39.67321160913787,0.33061120579753195,33.061120579753194,0.0991820308736,9.91820308736,0.0004906866359207246,0.04906866359207245,0.0004906866359207246,0.0008832359446573042,scenario,capsaicin,7548.006145468497
1.4166666666666667,ganglia,10.000050189008338,0.9922148304,0.0077851696,0.3968869281239017,39.68869281239017,0.33073938342655745,33.073938342655744,0.09922148304,9.922148304,0.0005022867846340404,0.050228678463404036,0.0005022867846340404,0.0009041162123412727,scenario,capsaicin,7359.617972616953
1.5,ganglia,10.000011198681468,0.992585267447,0.007414732553,0.39703432929164184,39.70343292916419,0.33086200282993533,33.08620028299353,0.09925852674470001,9.92585267447,0.0005144548238675586,0.051445482386755864,0.0005144548238675586,0.0009260186829616055,scenario,capsaicin,7171.229799765398
1.5833333333333333,ganglia,10.000002235991904,0.992931619876,0.007068380124,0.39717269235413794,39.717269235413795,0.3309772559628199,33.09772559628199,0.0992931619876,9.92931619876,0.0005272287324063099,0.05272287324063099,0.0005272287324063099,0.0009490117183313579,scenario,capsaicin,6982.8416269138415
1.6666666666666667,ganglia,10.000000399501689,0.993255107961,0.006744892039,0.3973020511205418,39.73020511205418,0.3310850448049353,33.10850448049353,0.09932551079610001,9.93255107961,0.0005406535547666364,0.054065355476663635,0.0005406535547666364,0.0009731763985799455,scenario,capsaicin,6794.453454062294
1.75,ganglia,10.000000063872228,0.993559147471,0.006440852529,0.3974236602576168,39.742366025761676,0.3311863839005742,33.11863839005742,0.09935591474710001,9.935591474710002,0.0005547800012239307,0.055478000122393074,0.0005547800012239308,0.0009986040022030756,scenario,capsaicin,6606.065281210745
1.8333333333333333,ganglia,10.000000009137988,0.993843941686,0.006156058314,0.3975375768560347,39.75375768560347,0.3312813140971496,33.12813140971496,0.09938439416860001,9.938439416860001,0.0005696644750142644,0.05696644750142644,0.0005696644750142644,0.0010253960550256759,scenario,capsaicin,6417.677108359186
1.9166666666666667,ganglia,10.00000000116986,0.994109510693,0.005890489307,0.3976438043004594,39.76438043004594,0.33136983692351046,33.136983692351045,0.09941095106930001,9.941095106930002,0.0005853696570157572,0.05853696570157572,0.0005853696570157572,0.001053665382628363,scenario,capsaicin,6229.288935507631
2.0,ganglia,10.000000000134017,0.99435829304,0.00564170696,0.39774331721866524,39.774331721866524,0.331452764349628,33.1452764349628,0.09943582930400001,9.943582930400002,0.0006019653480053935,0.060196534800539346,0.0006019653480053935,0.0010835376264097083,scenario,capsaicin,6040.900762656084
2.0833333333333335,ganglia,10.000000000013738,0.994591971731,0.005408028269,0.39783678869267325,39.78367886926733,0.3315306572439703,33.15306572439703,0.0994591971731,9.94591971731,0.0006103762404883797,0.06103762404883797,0.0006103762404883798,0.0010986772328790836,scenario,capsaicin,5949.3350328397055
2.1666666666666665,ganglia,10.00000000000126,0.994810546767,0.005189453233,0.39792421870682504,39.7924218706825,0.33160351558902784,33.16035155890278,0.0994810546767,9.94810546767,0.0006190255040719231,0.061902550407192315,0.0006190255040719232,0.0011142459073294618,scenario,capsaicin,5857.769303023341
2.25,ganglia,10.000000000000103,0.995014386031,0.004985613969,0.3980057544124021,39.80057544124021,0.33167146201033565,33.16714620103357,0.09950143860310001,9.950143860310002,0.0006279234178361294,0.06279234178361294,0.0006279234178361294,0.001130262152105033,scenario,capsaicin,5766.203573206964
2.3333333333333335,ganglia,10.000000000000007,0.995205817393,0.004794182607,0.39808232695720014,39.808232695720015,0.3317352724643335,33.17352724643335,0.09952058173930001,9.95205817393,0.0006370808604944034,0.06370808604944034,0.0006370808604944034,0.0011467455488899261,scenario,capsaicin,5674.63784339059
2.4166666666666665,ganglia,10.0,0.995385249641,0.004614750359,0.39815409985639993,39.815409985639995,0.33179508321366663,33.17950832136666,0.0995385249641,9.95385249641,0.0006465093547599254,0.06465093547599254,0.0006465093547599253,0.0011637168385678655,scenario,capsaicin,5583.072113574225
2.5,ganglia,10.0,0.995552682776,0.004447317224,0.3982210731104,39.82210731104,0.33185089425866665,33.185089425866664,0.0995552682776,9.95552682776,0.0006562211157154136,0.06562211157154137,0.0006562211157154136,0.0011811980082877445,scenario,capsaicin,5491.506383757846
2.5833333333333335,ganglia,10.0,0.995708315816,0.004291684184,0.3982833263264,39.82833263264,0.33190277193866663,33.19027719386666,0.0995708315816,9.95708315816,0.0006662291036094898,0.06662291036094897,0.0006662291036094899,0.0011992123864970818,scenario,capsaicin,5399.94065394147
2.6666666666666665,ganglia,10.0,0.99585302907,0.00414697093,0.398341211628,39.8341211628,0.33195100968999997,33.195100968999995,0.099585302907,9.9585302907,0.0006765470815590923,0.06765470815590922,0.0006765470815590923,0.001217784746806366,scenario,capsaicin,5308.374924125105
2.75,ganglia,10.0,0.99598778595,0.00401221405,0.39839511437999997,39.839511437999995,0.33199592865,33.199592865,0.099598778595,9.9598778595,0.0006871896786981066,0.06871896786981066,0.0006871896786981066,0.0012369414216565919,scenario,capsaicin,5216.80919430873
2.8333333333333335,ganglia,10.0,0.996113548315,0.003886451685,0.398445419326,39.8445419326,0.3320378494383333,33.203784943833334,0.0996113548315,9.96113548315,0.0006981724593814976,0.06981724593814977,0.0006981724593814976,0.0012567104268866958,scenario,capsaicin,5125.243464492356
2.9166666666666665,ganglia,10.0,0.996231252745,0.003768747255,0.398492501098,39.849250109799996,0.3320770842483333,33.207708424833335,0.09962312527450001,9.96231252745,0.0007095119991334332,0.07095119991334332,0.0007095119991334331,0.0012771215984401796,scenario,capsaicin,5033.677734675981
3.0,ganglia,10.0,0.996340895342,0.003659104658,0.3985363581368,39.85363581368,0.33211363178066666,33.21136317806667,0.0996340895342,9.96340895342,0.000721225968118769,0.0721225968118769,0.0007212259681187691,0.0012982067426137844,scenario,capsaicin,4942.112004859611
3.0833333333333335,ganglia,10.0,0.996442557866,0.003557442134,0.39857702314640003,39.85770231464,0.33214751928866665,33.21475192886666,0.09964425578660001,9.96442557866,0.0007333332230219818,0.07333332230219818,0.0007333332230219817,0.0013199998014395671,scenario,capsaicin,4850.546275043234
3.1666666666666665,ganglia,10.0,0.996536673199,0.003463326801,0.3986146692796,39.861466927959995,0.3321788910663333,33.21788910663333,0.0996536673199,9.965366731989999,0.000745853908338352,0.0745853908338352,0.000745853908338352,0.0013425370350090336,scenario,capsaicin,4758.980545226862
3.25,ganglia,10.0,0.996623674223,0.003376325777,0.3986494696892,39.86494696892,0.33220789140766666,33.22078914076666,0.0996623674223,9.96623674223,0.0007588095682218697,0.07588095682218697,0.0007588095682218698,0.0013658572227993656,scenario,capsaicin,4667.414815410489
3.3333333333333335,ganglia,10.0,0.996703950372,0.003296049628,0.3986815801488,39.86815801488,0.332234650124,33.2234650124,0.0996703950372,9.96703950372,0.0007722232701961445,0.07722232701961444,0.0007722232701961445,0.00139000188635306,scenario,capsaicin,4575.849085594121
3.4166666666666665,ganglia,10.0,0.996777648157,0.003222351843,0.39871105926280004,39.87110592628,0.33225921605233333,33.22592160523333,0.09967776481570001,9.96777648157,0.000786119742222689,0.0786119742222689,0.000786119742222689,0.0014150155360008402,scenario,capsaicin,4484.283355777746
3.5,ganglia,10.0,0.996845043094,0.003154956906,0.3987380172376,39.873801723759996,0.3322816810313333,33.228168103133335,0.09968450430940001,9.96845043094,0.0008005255248399985,0.08005255248399984,0.0008005255248399985,0.0014409459447119973,scenario,capsaicin,4392.717625961374
3.5833333333333335,ganglia,10.0,0.996906441899,0.003093558101,0.39876257675960003,39.876257675960005,0.3323021472996667,33.23021472996667,0.09969064418990001,9.969064418990001,0.0008154691403427557,0.08154691403427558,0.0008154691403427557,0.0014678444526169605,scenario,capsaicin,4301.151896144998
3.6666666666666665,ganglia,10.0,0.996962151289,0.003037848711,0.3987848605156,39.87848605156,0.3323207170963333,33.23207170963333,0.0996962151289,9.96962151289,0.0008309812812701433,0.08309812812701434,0.0008309812812701432,0.0014957663062862578,scenario,capsaicin,4209.586166328628
3.75,ganglia,10.0,0.997012459592,0.002987540408,0.39880498383679996,39.88049838368,0.33233748653066664,33.23374865306666,0.0997012459592,9.97012459592,0.0008470950208242746,0.08470950208242746,0.0008470950208242746,0.0015247710374836942,scenario,capsaicin,4118.020436512256
3.8333333333333335,ganglia,10.0,0.997057630229,0.002942369771,0.3988230520916,39.88230520916,0.33235254340966663,33.23525434096666,0.0997057630229,9.97057630229,0.0008638460482543513,0.08638460482543513,0.0008638460482543513,0.0015549228868578324,scenario,capsaicin,4026.454706695883
3.9166666666666665,ganglia,10.0,0.997097949873,0.002902050127,0.39883917994920004,39.883917994920004,0.332365983291,33.2365983291,0.09970979498730001,9.970979498730001,0.0008812729327320993,0.08812729327320994,0.0008812729327320995,0.0015862912789177792,scenario,capsaicin,3934.8889768795057
4.0,ganglia,10.0,0.997133705716,0.002866294284,0.39885348228640005,39.885348228640005,0.33237790190533334,33.23779019053333,0.09971337057160001,9.971337057160001,0.0008994174198247153,0.08994174198247153,0.0008994174198247153,0.0016189513556844875,scenario,capsaicin,3843.323247063136
4.083333333333333,ganglia,10.0,0.997165187495,0.002834812505,0.39886607499800003,39.8866074998,0.3323883958316667,33.238839583166666,0.09971651874950001,9.97165187495,0.0009076073291435259,0.09076073291435259,0.0009076073291435261,0.0016336931924583469,scenario,capsaicin,3803.1922642742934
4.166666666666667,ganglia,10.0,0.997192801241,0.002807198759,0.3988771204964,39.88771204964,0.3323976004136666,33.239760041366665,0.0997192801241,9.97192801241,0.0009159477603298955,0.09159477603298954,0.0009159477603298957,0.0016487059685938122,scenario,capsaicin,3763.061281485449
4.25,ganglia,10.0,0.997216925164,0.002783074836,0.39888677006559997,39.888677006559995,0.3324056417213333,33.24056417213333,0.0997216925164,9.97216925164,0.0009244429015195632,0.09244429015195632,0.0009244429015195632,0.001663997222735214,scenario,capsaicin,3722.9302986966054
4.333333333333333,ganglia,10.0,0.997237882605,0.002762117395,0.398895153042,39.8895153042,0.332412627535,33.2412627535,0.0997237882605,9.97237882605,0.000933097097677634,0.0933097097677634,0.0009330970976776341,0.0016795747758197414,scenario,capsaicin,3682.7993159077623
4.416666666666667,ganglia,10.0,0.99725599691,0.00274400309,0.398902398764,39.8902398764,0.33241866563666667,33.24186656366667,0.099725599691,9.9725599691,0.0009419148580087603,0.09419148580087602,0.0009419148580087601,0.0016954467444157684,scenario,capsaicin,3642.668333118914
4.5,ganglia,10.0,0.99727159142,0.00272840858,0.398908636568,39.8908636568,0.33242386380666666,33.242386380666666,0.099727159142,9.9727159142,0.0009509008637914819,0.09509008637914819,0.0009509008637914819,0.0017116215548246675,scenario,capsaicin,3602.537350330075
4.583333333333333,ganglia,10.0,0.997284989478,0.002715010522,0.3989139957912,39.891399579120005,0.332428329826,33.2428329826,0.0997284989478,9.972849894780001,0.000960059976665351,0.0960059976665351,0.0009600599766653511,0.001728107957997632,scenario,capsaicin,3562.406367541227
4.666666666666667,ganglia,10.0,0.997296514429,0.002703485571,0.3989186057716,39.891860577159996,0.3324321714763333,33.24321714763333,0.09972965144290001,9.97296514429,0.0009693972474016147,0.09693972474016146,0.0009693972474016147,0.0017449150453229065,scenario,capsaicin,3522.275384752384
4.75,ganglia,10.0,0.997306489614,0.002693510386,0.39892259584559997,39.892259584559994,0.332435496538,33.243549653799995,0.0997306489614,9.97306489614,0.0009789179251907633,0.09789179251907633,0.0009789179251907631,0.0017620522653433736,scenario,capsaicin,3482.144401963539
4.833333333333333,ganglia,10.0,0.997315238377,0.002684761623,0.39892609535080004,39.892609535080005,0.3324384127923333,33.24384127923333,0.09973152383770001,9.973152383770001,0.0009886274674827734,0.09886274674827733,0.0009886274674827736,0.0017795294414689924,scenario,capsaicin,3442.0134191746993
4.916666666666667,ganglia,10.0,0.99732279229,0.00267720771,0.398929116916,39.892911691600005,0.3324409307633333,33.24409307633333,0.099732279229,9.973227922900001,0.0009985315504188487,0.09985315504188487,0.0009985315504188487,0.0017973567907539278,scenario,capsaicin,3401.882436385852
5.0,ganglia,10.0,0.997328646821,0.002671353179,0.3989314587284,39.89314587284,0.33244288227366664,33.24428822736667,0.0997328646821,9.97328646821,0.001008636079896517,0.1008636079896517,0.001008636079896517,0.0018155449438137306,scenario,capsaicin,3361.751453597007
5.083333333333333,ganglia,10.0,0.99733281011,0.00266718989,0.398933124044,39.8933124044,0.33244427003666666,33.244427003666665,0.099733281011,9.9733281011,0.0010189472033134467,0.10189472033134467,0.0010189472033134469,0.0018341049659642045,scenario,capsaicin,3321.620470808169
5.166666666666667,ganglia,10.0,0.997335315063,0.002664684937,0.3989341260252,39.89341260252,0.332445105021,33.2445105021,0.0997335315063,9.97335315063,0.0010294713220390277,0.10294713220390277,0.0010294713220390277,0.00185304837967025,scenario,capsaicin,3281.489488019325
5.25,ganglia,10.0,0.997336194583,0.002663805417,0.3989344778332,39.89344778332,0.33244539819433333,33.244539819433335,0.0997336194583,9.97336194583,0.0010402151046668801,0.10402151046668802,0.0010402151046668801,0.0018723871884003844,scenario,capsaicin,3241.358505230479
5.333333333333333,ganglia,10.0,0.997335481576,0.002664518424,0.39893419263040003,39.89341926304,0.33244516052533335,33.244516052533335,0.09973354815760001,9.97335481576,0.0010511855011059602,0.10511855011059601,0.0010511855011059602,0.0018921339019907283,scenario,capsaicin,3201.227522441634
5.416666666666667,ganglia,10.0,0.997333208834,0.002666791166,0.3989332835336,39.893328353360005,0.33244440294466665,33.24444029446666,0.0997333208834,9.973332088340001,0.001062389757572822,0.1062389757572822,0.001062389757572822,0.0019123015636310795,scenario,capsaicin,3161.0965396527913
5.5,ganglia,10.0,0.99732940817,0.00267059183,0.398931763268,39.8931763268,0.33244313605666664,33.24431360566666,0.09973294081700002,9.9732940817,0.0010738354325529932,0.10738354325529932,0.0010738354325529932,0.0019329037785953877,scenario,capsaicin,3120.9655568639487
5.583333333333333,ganglia,10.0,0.997324111903,0.002675888097,0.3989296447612,39.89296447612,0.3324413706343333,33.244137063433335,0.0997324111903,9.97324111903,0.0010855304138053475,0.10855304138053476,0.0010855304138053475,0.0019539547448496255,scenario,capsaicin,3080.8345740751042
5.666666666666667,ganglia,10.0,0.997317352544,0.002682647456,0.39892694101759996,39.89269410175999,0.33243911751466665,33.24391175146666,0.0997317352544,9.97317352544,0.001097482936489864,0.1097482936489864,0.0010974829364898643,0.0019754692856817557,scenario,capsaicin,3040.703591286262
5.75,ganglia,10.0,0.99730916261,0.00269083739,0.398923665044,39.8923665044,0.33243638753666666,33.243638753666666,0.099730916261,9.9730916261,0.0011097016025063292,0.11097016025063292,0.0011097016025063292,0.0019974628845113927,scenario,capsaicin,3000.5726084974144
5.833333333333333,ganglia,10.0,0.997299574615,0.002700425385,0.39891982984599994,39.89198298459999,0.3324331915383333,33.243319153833326,0.0997299574615,9.97299574615,0.001122195401139398,0.11221954011393981,0.0011221954011393978,0.0020199517220509163,scenario,capsaicin,2960.441625708573
5.916666666666667,ganglia,10.0,0.997288621128,0.002711378872,0.3989154484512,39.89154484512,0.332429540376,33.2429540376,0.0997288621128,9.97288621128,0.0011349737311141751,0.11349737311141751,0.0011349737311141751,0.002042952716005515,scenario,capsaicin,2920.310642919727
6.0,ganglia,10.0,0.99727635091,0.00272364909,0.39891054036400003,39.8910540364,0.3324254503033333,33.24254503033333,0.09972763509100001,9.9727635091,0.0011480464241759964,0.11480464241759965,0.0011480464241759962,0.002066483563516793,scenario,capsaicin,2880.1796601308843
6.083333333333333,ganglia,10.0,0.997262814899,0.002737185101,0.39890512595960004,39.890512595960004,0.3324209382996667,33.24209382996667,0.09972628148990001,9.972628148990001,0.0011614237703187799,0.11614237703187799,0.0011614237703187799,0.0020905627865738037,scenario,capsaicin,2840.0486773420407
6.166666666666667,ganglia,10.0,0.997248053798,0.002751946202,0.3988992215192,39.88992215192,0.3324160179326666,33.24160179326666,0.0997248053798,9.97248053798,0.001175116544797963,0.1175116544797963,0.001175116544797963,0.002115209780636333,scenario,capsaicin,2799.9176945531967
6.25,ganglia,10.0,0.997232108312,0.002767891688,0.3988928433248,39.88928433248,0.33241070277066664,33.24107027706666,0.0997232108312,9.97232108312,0.001189136037077079,0.1189136037077079,0.001189136037077079,0.002140444866738742,scenario,capsaicin,2759.786711764352
6.333333333333333,ganglia,10.0,0.997215019142,0.002784980858,0.39888600765679993,39.888600765679996,0.3324050063806666,33.24050063806666,0.0997215019142,9.972150191419999,0.0012034940818714003,0.12034940818714003,0.0012034940818714003,0.0021662893473685207,scenario,capsaicin,2719.655728975509
6.416666666666667,ganglia,10.0,0.997196826994,0.002803173006,0.3988787307976,39.88787307976,0.3323989423313333,33.239894233133334,0.09971968269940001,9.971968269940001,0.0012182030924680605,0.12182030924680605,0.0012182030924680607,0.0021927655664425094,scenario,capsaicin,2679.5247461866657
6.5,ganglia,10.0,0.997177547442,0.002822452558,0.3988710189768,39.88710189768,0.332392515814,33.2392515814,0.09971775474420001,9.971775474420001,0.001233276096519822,0.12332760965198221,0.0012332760965198222,0.00221989697373568,scenario,capsaicin,2639.3937633978207
6.583333333333333,ganglia,10.0,0.997157138087,0.002842861913,0.39886285523480003,39.886285523480005,0.33238571269566664,33.23857126956666,0.09971571380870001,9.971571380870001,0.0012487267745294236,0.12487267745294237,0.0012487267745294236,0.0022477081941529625,scenario,capsaicin,2599.2627806089763
6.666666666666667,ganglia,10.0,0.997135607321,0.002864392679,0.39885424292840005,39.88542429284001,0.33237853577366666,33.237853577366664,0.09971356073210001,9.971356073210002,0.0012645695012634605,0.12645695012634606,0.0012645695012634605,0.0022762251022742292,scenario,capsaicin,2559.131797820134
6.75,ganglia,10.0,0.99711296711,0.00288703289,0.39884518684399994,39.88451868439999,0.3323709890366666,33.23709890366666,0.099711296711,9.9711296711,0.0012808193903593088,0.12808193903593088,0.001280819390359309,0.0023054749026467565,scenario,capsaicin,2519.0008150312888
6.833333333333333,ganglia,10.0,0.997089229421,0.002910770579,0.39883569176839995,39.88356917684,0.33236307647366664,33.236307647366665,0.0997089229421,9.97089229421,0.0012974923424160418,0.12974923424160417,0.0012974923424160416,0.002335486216348875,scenario,capsaicin,2478.869832242445
6.916666666666667,ganglia,10.0,0.99706440622,0.00293559378,0.39882576248800006,39.88257624880001,0.33235480207333334,33.23548020733333,0.09970644062200001,9.970644062200002,0.0013146050968910125,0.13146050968910125,0.0013146050968910123,0.0023662891744038223,scenario,capsaicin,2438.7388494536017
7.0,ganglia,10.0,0.997038502742,0.002961497258,0.3988154010968,39.88154010968,0.33234616758066665,33.234616758066664,0.0997038502742,9.97038502742,0.0013321752881581327,0.13321752881581328,0.0013321752881581327,0.0023979155186846387,scenario,capsaicin,2398.607866664758
7.083333333333333,ganglia,10.0,0.997011453606,0.002988546394,0.39880458144239994,39.880458144239995,0.33233715120199997,33.233715120199996,0.0997011453606,9.97011453606,0.0013502215061224911,0.13502215061224912,0.0013502215061224911,0.002430398711020484,scenario,capsaicin,2358.4768838759137
7.166666666666667,ganglia,10.0,0.996983239395,0.003016760605,0.398793295758,39.8793295758,0.33232774646499996,33.2327746465,0.09969832393950001,9.969832393950002,0.0013687633618292949,0.1368763361829295,0.0013687633618292949,0.0024637740512927307,scenario,capsaicin,2318.345901087071
7.25,ganglia,10.0,0.996953860109,0.003046139891,0.3987815440436,39.878154404360004,0.33231795336966663,33.23179533696666,0.0996953860109,9.969538601090001,0.0013878215585539186,0.13878215585539186,0.0013878215585539188,0.002498078805397054,scenario,capsaicin,2278.214918298226
7.333333333333333,ganglia,10.0,0.996923315748,0.003076684252,0.3987693262992,39.87693262992,0.33230777191599997,33.2307771916,0.09969233157480001,9.969233157480001,0.0014074179689148008,0.1407417968914801,0.0014074179689148006,0.002533352344046641,scenario,capsaicin,2238.083935509384
7.416666666666667,ganglia,10.0,0.996891606311,0.003108393689,0.3987566425244,39.875664252440004,0.33229720210366664,33.229720210366665,0.0996891606311,9.968916063110001,0.0014275757186130572,0.14275757186130572,0.0014275757186130575,0.0025696362935035033,scenario,capsaicin,2197.952952720538
7.5,ganglia,10.0,0.996858731799,0.003141268201,0.3987434927196,39.87434927196,0.332286243933,33.2286243933,0.0996858731799,9.96858731799,0.001448319277472808,0.1448319277472808,0.001448319277472808,0.0026069746994510546,scenario,capsaicin,2157.8219699316946
7.583333333333333,ganglia,10.0,0.996824692212,0.003175307788,0.3987298768848,39.87298768848,0.33227489740399996,33.227489740399996,0.0996824692212,9.96824692212,0.0014696745585357867,0.14696745585357868,0.0014696745585357869,0.0026454142053644165,scenario,capsaicin,2117.690987142852
7.666666666666667,ganglia,10.0,0.99678948755,0.00321051245,0.39871579502,39.871579501999996,0.33226316251666665,33.22631625166667,0.099678948755,9.967894875499999,0.0014916690260539614,0.14916690260539614,0.0014916690260539617,0.002685004246897131,scenario,capsaicin,2077.560004354008
7.75,ganglia,10.0,0.996753117812,0.003246882188,0.39870124712480004,39.870124712480006,0.3322510392706667,33.22510392706667,0.09967531178120001,9.967531178120002,0.0015143318133264934,0.15143318133264935,0.0015143318133264932,0.002725797263987688,scenario,capsaicin,2037.429021565164
7.833333333333333,ganglia,10.0,0.996715720893,0.003284279107,0.3986862883572,39.86862883572,0.33223857363099996,33.223857363099995,0.0996715720893,9.96715720893,0.0015376938514441222,0.1537693851444122,0.001537693851444122,0.0027678489325994194,scenario,capsaicin,1997.2980387763193
7.916666666666667,ganglia,10.0,0.996677998568,0.003322001432,0.3986711994272,39.867119942719995,0.3322259995226666,33.22259995226666,0.09966779985680001,9.96677998568,0.001561788010137344,0.1561788010137344,0.001561788010137344,0.0028112184182472193,scenario,capsaicin,1957.167055987476
8.0,ganglia,10.0,0.996640049105,0.003359950895,0.39865601964200004,39.8656019642,0.33221334970166666,33.221334970166666,0.09966400491050001,9.96640049105,0.0015866492520771004,0.15866492520771003,0.0015866492520771002,0.0028559686537387805,scenario,capsaicin,1917.036073198632
8.083333333333334,ganglia,10.0,0.996601872502,0.003398127498,0.39864074900080004,39.864074900080006,0.3322006241673333,33.220062416733334,0.09966018725020001,9.966018725020001,0.0015968364036972572,0.1596836403697257,0.0015968364036972572,0.002874305526655063,scenario,capsaicin,1900.9529123575496
8.166666666666666,ganglia,10.0,0.99656346876,0.00343653124,0.398625387504,39.8625387504,0.33218782292,33.218782292,0.099656346876,9.9656346876,0.0016071552147567385,0.16071552147567386,0.0016071552147567385,0.002892879386562129,scenario,capsaicin,1884.8697515164677
8.25,ganglia,10.0,0.996524837878,0.003475162122,0.39860993515119997,39.86099351511999,0.3321749459593333,33.21749459593333,0.0996524837878,9.96524837878,0.0016176082542195805,0.16176082542195805,0.0016176082542195807,0.0029116948575952455,scenario,capsaicin,1868.786590675386
8.333333333333334,ganglia,10.0,0.996486037191,0.003513962809,0.3985944148764,39.85944148764,0.332162012397,33.2162012397,0.0996486037191,9.96486037191,0.0016281981583221822,0.16281981583221822,0.0016281981583221822,0.002930756684979928,scenario,capsaicin,1852.7034298343033
8.416666666666666,ganglia,10.0,0.996447629834,0.003552370166,0.39857905193360005,39.857905193360004,0.3321492099446667,33.21492099446667,0.09964476298340001,9.964476298340001,0.001638927632789855,0.1638927632789855,0.0016389276327898551,0.0029500697390217392,scenario,capsaicin,1836.6202689932213
8.5,ganglia,10.0,0.996409759083,0.003590240917,0.3985639036332,39.856390363319996,0.33213658636099996,33.21365863609999,0.09964097590830001,9.96409759083,0.001649799455141603,0.1649799455141603,0.0016497994551416032,0.002969639019254886,scenario,capsaicin,1820.5371081521407
8.583333333333334,ganglia,10.0,0.996372424938,0.003627575062,0.39854896997520006,39.85489699752001,0.332124141646,33.2124141646,0.09963724249380002,9.963724249380002,0.0016608164770872365,0.16608164770872366,0.0016608164770872365,0.0029894696587570257,scenario,capsaicin,1804.4539473110576
8.666666666666666,ganglia,10.0,0.996335627398,0.003664372602,0.39853425095920003,39.85342509592,0.3321118757993333,33.21118757993333,0.09963356273980001,9.96335627398,0.001671981627021175,0.1671981627021175,0.001671981627021175,0.0030095669286381147,scenario,capsaicin,1788.3707864699768
8.75,ganglia,10.0,0.996299366464,0.003700633536,0.39851974658559997,39.851974658559996,0.3320997888213333,33.20997888213333,0.0996299366464,9.96299366464,0.0016832979126175367,0.16832979126175368,0.001683297912617537,0.0030299362427115666,scenario,capsaicin,1772.2876256288941
8.833333333333334,ganglia,10.0,0.996263635174,0.003736364826,0.3985054540696,39.850545406959995,0.3320878783913333,33.20878783913333,0.09962636351740001,9.96263635174,0.00169476842353131,0.16947684235313099,0.00169476842353131,0.003050583162356358,scenario,capsaicin,1756.2044647878124
8.916666666666666,ganglia,10.0,0.996228259066,0.003771740934,0.39849130362639995,39.84913036264,0.3320760863553333,33.20760863553333,0.0996228259066,9.962282590660001,0.0017063963342107405,0.17063963342107405,0.0017063963342107405,0.003071513401579333,scenario,capsaicin,1740.1213039467295
9.0,ganglia,10.0,0.996193162451,0.003806837549,0.3984772649804,39.84772649804,0.3320643874836666,33.206438748366665,0.09961931624510001,9.961931624510001,0.0017181849068262786,0.17181849068262786,0.0017181849068262783,0.003092732832287301,scenario,capsaicin,1724.038143105648
9.083333333333334,ganglia,10.0,0.99615834533,0.00384165467,0.39846333813199997,39.8463338132,0.33205278177666664,33.20527817766666,0.099615834533,9.961583453300001,0.0017301374943217921,0.1730137494321792,0.0017301374943217921,0.003114247489779226,scenario,capsaicin,1707.9549822645663
9.166666666666666,ganglia,10.0,0.996123807702,0.003876192298,0.39844952308080006,39.84495230808,0.332041269234,33.204126923400004,0.09961238077020002,9.96123807702,0.001742257543594017,0.17422575435940169,0.001742257543594017,0.0031360635784692305,scenario,capsaicin,1691.8718214234837
9.25,ganglia,10.0,0.996089549568,0.003910450432,0.3984358198272,39.843581982719996,0.332029849856,33.2029849856,0.0996089549568,9.960895495679999,0.0017545485988065877,0.1754548598806588,0.0017545485988065877,0.003158187477851858,scenario,capsaicin,1675.7886605824017
9.333333333333334,ganglia,10.0,0.996055570082,0.003944429918,0.3984222280328,39.842222803279995,0.3320185233606666,33.201852336066665,0.09960555700820001,9.96055570082,0.0017670143048453487,0.17670143048453488,0.0017670143048453485,0.0031806257487216275,scenario,capsaicin,1659.7054997413193
9.416666666666666,ganglia,10.0,0.996021709829,0.003978290171,0.3984086839316,39.84086839316,0.33200723660966663,33.200723660966666,0.0996021709829,9.96021709829,0.0017796584109220062,0.17796584109220062,0.0017796584109220062,0.003203385139659611,scenario,capsaicin,1643.6223389002378
9.5,ganglia,10.0,0.995987850302,0.004012149698,0.3983951401208,39.83951401208,0.3319959501006666,33.19959501006666,0.0995987850302,9.95987850302,0.00179248477433362,0.179248477433362,0.0017924847743336202,0.0032264725938005163,scenario,capsaicin,1627.5391780591567
9.583333333333334,ganglia,10.0,0.9959539915,0.0040460085,0.39838159659999994,39.838159659999995,0.3319846638333333,33.19846638333333,0.09959539915,9.959539915,0.001805497364385848,0.1805497364385848,0.001805497364385848,0.0032498952558945265,scenario,capsaicin,1611.4560172180736
9.666666666666666,ganglia,10.0,0.995920133424,0.004079866576,0.3983680533696,39.836805336960005,0.33197337780799996,33.1973377808,0.0995920133424,9.959201334240001,0.001818700266488314,0.1818700266488314,0.0018187002664883142,0.0032736604796789657,scenario,capsaicin,1595.372856376992
9.75,ganglia,10.0,0.995886276074,0.004113723926,0.3983545104296,39.83545104296,0.33196209202466664,33.19620920246666,0.0995886276074,9.95886276074,0.0018320976864310077,0.18320976864310076,0.0018320976864310077,0.003297775835575814,scenario,capsaicin,1579.28969553591
9.833333333333334,ganglia,10.0,0.99585241945,0.00414758055,0.39834096778,39.834096778,0.3319508064833333,33.19508064833333,0.09958524194500001,9.9585241945,0.0018456939548510793,0.18456939548510792,0.0018456939548510793,0.003322249118731943,scenario,capsaicin,1563.2065346948282
9.916666666666666,ganglia,10.0,0.995818563551,0.004181436449,0.3983274254204,39.83274254204,0.33193952118366665,33.19395211836667,0.0995818563551,9.95818563551,0.0018594935319000247,0.18594935319000247,0.0018594935319000245,0.0033470883574200443,scenario,capsaicin,1547.123373853746
10.0,ganglia,10.0,0.995784708378,0.004215291622,0.3983138833512,39.831388335119996,0.331928236126,33.192823612599994,0.09957847083780001,9.95784708378,0.0018735010121218138,0.18735010121218137,0.001873501012121814,0.0033723018218192653,scenario,capsaicin,1531.0402130126645
10.083333333333334,ganglia,10.0,0.995750853931,0.004249146069,0.3983003415724,39.83003415724,0.33191695131033333,33.191695131033335,0.0995750853931,9.95750853931,0.0018877211295531729,0.1887721129553173,0.0018877211295531729,0.0033978980331957113,scenario,capsaicin,1514.9570521715818
10.166666666666666,ganglia,10.0,0.995716908011,0.004283091989,0.3982867632044,39.828676320439996,0.3319056360036666,33.190563600366666,0.09957169080110001,9.95716908011,0.0019021587630579108,0.1902158763057911,0.0019021587630579108,0.0034238857735042396,scenario,capsaicin,1498.8738913305003
10.25,ganglia,10.0,0.995682710076,0.004317289924,0.3982730840304,39.82730840304,0.33189423669199997,33.189423669199996,0.0995682710076,9.95682710076,0.0019168189419079286,0.19168189419079287,0.0019168189419079284,0.0034502740954342713,scenario,capsaicin,1482.790730489418
10.333333333333334,ganglia,10.0,0.995648257222,0.004351742778,0.3982593028888,39.82593028888,0.33188275240733334,33.18827524073333,0.0995648257222,9.95648257222,0.001931706851624303,0.1931706851624303,0.0019317068516243032,0.0034770723329237458,scenario,capsaicin,1466.7075696483362
10.416666666666666,ganglia,10.0,0.99561354945,0.00438645055,0.39824541978,39.824541978,0.33187118314999997,33.187118315,0.09956135494500001,9.956135494500002,0.0019468278400927152,0.19468278400927153,0.0019468278400927154,0.003504290112166888,scenario,capsaicin,1450.6244088072547
10.5,ganglia,10.0,0.99557858676,0.00442141324,0.398231434704,39.823143470400005,0.33185952892,33.185952891999996,0.099557858676,9.955785867600001,0.0019621874239683654,0.19621874239683654,0.0019621874239683654,0.003531937363143058,scenario,capsaicin,1434.541247966172
10.583333333333334,ganglia,10.0,0.995543369152,0.004456630848,0.39821734766079997,39.82173476608,0.3318477897173333,33.18477897173333,0.0995543369152,9.955433691520001,0.001977791295386483,0.19777912953864832,0.001977791295386483,0.00356002433169567,scenario,capsaicin,1418.4580871250898
10.666666666666666,ganglia,10.0,0.995507896625,0.004492103375,0.39820315865000006,39.820315865000005,0.33183596554166667,33.18359655416667,0.09955078966250001,9.955078966250001,0.0019936453289955986,0.19936453289955985,0.0019936453289955986,0.0035885615921920776,scenario,capsaicin,1402.3749262840076
10.75,ganglia,10.0,0.995472169181,0.004527830819,0.3981888676724,39.81888676724,0.33182405639366663,33.182405639366664,0.0995472169181,9.95472169181,0.0020097555893318123,0.20097555893318123,0.0020097555893318123,0.0036175600607972623,scenario,capsaicin,1386.2917654429255
10.833333333333334,ganglia,10.0,0.995436186817,0.004563813183,0.3981744747268,39.81744747268,0.3318120622723333,33.18120622723333,0.0995436186817,9.95436186817,0.002026128338553521,0.20261283385535211,0.0020261283385535206,0.0036470310093963372,scenario,capsaicin,1370.2086046018442
10.916666666666666,ganglia,10.0,0.995399913024,0.004600086976,0.39815996520959995,39.81599652096,0.33179997100799996,33.179997100799994,0.0995399913024,9.95399913024,0.0020427700445573224,0.20427700445573224,0.0020427700445573224,0.0036769860802031806,scenario,capsaicin,1354.1254437607627
11.0,ganglia,10.0,0.99536320839,0.00463679161,0.398145283356,39.8145283356,0.33178773613,33.178773613000004,0.099536320839,9.9536320839,0.00205968738949719,0.20596873894971898,0.0020596873894971903,0.0037074373010949424,scenario,capsaicin,1338.0422829196805
11.083333333333334,ganglia,10.0,0.995326059278,0.004673940722,0.3981304237112,39.81304237112,0.33177535309266665,33.177535309266666,0.0995326059278,9.95326059278,0.0020768872787304995,0.20768872787304996,0.0020768872787304995,0.003738397101714899,scenario,capsaicin,1321.9591220785974
11.166666666666666,ganglia,10.0,0.995288465687,0.004711534313,0.39811538627480003,39.811538627480004,0.33176282189566664,33.17628218956666,0.09952884656870001,9.952884656870001,0.002094376850216061,0.2094376850216061,0.002094376850216061,0.0037698783303889098,scenario,capsaicin,1305.8759612375159
11.25,ganglia,10.0,0.995250427618,0.004749572382,0.3981001710472,39.81001710472,0.3317501425393333,33.175014253933334,0.0995250427618,9.95250427618,0.002112163484391042,0.2112163484391042,0.002112163484391042,0.0038018942719038754,scenario,capsaicin,1289.7928003964337
11.333333333333334,ganglia,10.0,0.99521194507,0.00478805493,0.398084778028,39.8084778028,0.3317373150233333,33.17373150233333,0.099521194507,9.9521194507,0.002130254814555468,0.2130254814555468,0.002130254814555468,0.0038344586661998425,scenario,capsaicin,1273.7096395553515
11.416666666666666,ganglia,10.0,0.995173018043,0.004826981957,0.3980692072172,39.806920721720005,0.33172433934766665,33.172433934766666,0.0995173018043,9.951730180430001,0.002148658737795024,0.21486587377950242,0.0021486587377950246,0.0038675857280310445,scenario,capsaicin,1257.6264787142704
11.5,ganglia,10.0,0.995133646539,0.004866353461,0.39805345861560004,39.805345861560006,0.331711215513,33.1711215513,0.09951336465390001,9.951336465390002,0.002167383426474984,0.2167383426474984,0.0021673834264749835,0.0039012901676549706,scenario,capsaicin,1241.5433178731878
11.583333333333334,ganglia,10.0,0.995093830555,0.004906169445,0.398037532222,39.8037532222,0.3316979435183333,33.16979435183333,0.0995093830555,9.95093830555,0.0021864373403403955,0.21864373403403956,0.002186437340340396,0.003935587212612713,scenario,capsaicin,1225.460157032106
11.666666666666666,ganglia,10.0,0.995053616221,0.004946383779,0.3980214464884,39.80214464884,0.3316845387403333,33.16845387403333,0.0995053616221,9.95053616221,0.002205829239260204,0.22058292392602039,0.0022058292392602035,0.003970492630668366,scenario,capsaicin,1209.3769961910243
11.75,ganglia,10.0,0.995013446723,0.004986553277,0.39800537868919994,39.800537868919996,0.33167114890766664,33.16711489076666,0.0995013446723,9.95013446723,0.002225568196655601,0.2225568196655601,0.0022255681966556005,0.004006022753980081,scenario,capsaicin,1193.2938353499426
11.833333333333334,ganglia,10.0,0.99497343299,0.00502656701,0.397989373196,39.7989373196,0.33165781099666664,33.16578109966667,0.09949734329900001,9.9497343299,0.0022456636136558832,0.22456636136558833,0.002245663613655883,0.004042194504580589,scenario,capsaicin,1177.2106745088602
11.916666666666666,ganglia,10.0,0.994933575022,0.005066424978,0.39797343000880003,39.797343000880005,0.3316445250073333,33.16445250073333,0.09949335750220001,9.949335750220001,0.0022661252340281947,0.22661252340281948,0.0022661252340281947,0.0040790254212507504,scenario,capsaicin,1161.1275136677784
12.0,ganglia,10.0,0.99489387282,0.00510612718,0.397957549128,39.7957549128,0.33163129094,33.163129094,0.099489387282,9.9489387282,0.0022869631599309933,0.22869631599309934,0.0022869631599309933,0.004116533687875788,scenario,capsaicin,1145.044352826696
12.083333333333334,ganglia,10.0,0.994854326382,0.005145673618,0.3979417305528,39.794173055280005,0.331618108794,33.1618108794,0.0994854326382,9.948543263820001,0.002293446070174425,0.2293446070174425,0.002293446070174425,0.004128202926313965,scenario,capsaicin,1140.1003091456103
12.166666666666666,ganglia,10.0,0.99481493571,0.00518506429,0.397925974284,39.7925974284,0.33160497857,33.160497856999996,0.099481493571,9.9481493571,0.0022999658394305404,0.22999658394305406,0.0022999658394305404,0.0041399385109749725,scenario,capsaicin,1135.156265464525
12.25,ganglia,10.0,0.994775700803,0.005224299197,0.3979102803212,39.79102803212,0.33159190026766666,33.159190026766666,0.0994775700803,9.94775700803,0.0023065227829420186,0.23065227829420187,0.002306522782942019,0.004151741009295634,scenario,capsaicin,1130.2122217834394
12.333333333333334,ganglia,10.0,0.994736724387,0.005263275613,0.3978946897548,39.789468975480005,0.331578908129,33.1578908129,0.0994736724387,9.947367243870001,0.0023131172195567005,0.23131172195567004,0.0023131172195567,0.00416361099520206,scenario,capsaicin,1125.2681781023548
12.416666666666666,ganglia,10.0,0.994698660993,0.005301339007,0.3978794643972,39.78794643972,0.331566220331,33.1566220331,0.0994698660993,9.94698660993,0.0023197494717792783,0.23197494717792783,0.0023197494717792787,0.0041755490492027016,scenario,capsaicin,1120.324134421269
12.5,ganglia,10.0,0.994661626329,0.005338373671,0.39786465053160003,39.78646505316,0.33155387544299997,33.1553875443,0.09946616263290001,9.94661626329,0.0023264198658238633,0.23264198658238633,0.0023264198658238637,0.004187555758482955,scenario,capsaicin,1115.3800907401835
12.583333333333334,ganglia,10.0,0.994625620396,0.005374379604,0.39785024815840003,39.78502481584,0.3315418734653333,33.154187346533334,0.09946256203960001,9.94625620396,0.00233312873166748,0.23331287316674798,0.00233312873166748,0.004199631717001464,scenario,capsaicin,1110.4360470590975
12.666666666666666,ganglia,10.0,0.994590643193,0.005409356807,0.39783625727719996,39.78362572771999,0.3315302143976666,33.15302143976666,0.0994590643193,9.94590643193,0.0023398764031044707,0.23398764031044705,0.0023398764031044707,0.004211777525588047,scenario,capsaicin,1105.4920033780124
12.75,ganglia,10.0,0.99455669472,0.00544330528,0.397822677888,39.7822677888,0.33151889823999997,33.151889823999994,0.099455669472,9.9455669472,0.0023466632178018674,0.23466632178018673,0.0023466632178018674,0.004223993792043361,scenario,capsaicin,1100.5479596969276
12.833333333333334,ganglia,10.0,0.994523774978,0.005476225022,0.3978095099912,39.78095099912,0.3315079249926667,33.15079249926667,0.0994523774978,9.94523774978,0.002353489517355711,0.2353489517355711,0.0023534895173557115,0.0042362811312402805,scenario,capsaicin,1095.6039160158418
12.916666666666666,ganglia,10.0,0.994491883966,0.005508116034,0.3977967535864,39.77967535864,0.3314972946553333,33.149729465533326,0.0994491883966,9.94491883966,0.002360355647348364,0.2360355647348364,0.0023603556473483635,0.004248640165227054,scenario,capsaicin,1090.6598723347565
13.0,ganglia,10.0,0.994460964669,0.005539035331,0.3977843858676,39.778438586760004,0.331486988223,33.1486988223,0.0994460964669,9.944609646690001,0.002367261957406834,0.23672619574068343,0.0023672619574068338,0.004261071523332301,scenario,capsaicin,1085.7158286536712
13.083333333333334,ganglia,10.0,0.994430763368,0.005569236632,0.3977723053472,39.77723053472,0.33147692112266663,33.14769211226666,0.0994430763368,9.94430763368,0.0023742088012621175,0.23742088012621174,0.0023742088012621166,0.00427357584227181,scenario,capsaicin,1080.7717849725857
13.166666666666666,ganglia,10.0,0.994401249724,0.005598750276,0.39776049988960005,39.776049988960004,0.33146708324133334,33.146708324133336,0.09944012497240001,9.944012497240001,0.002381196536809592,0.2381196536809592,0.002381196536809593,0.004286153766257267,scenario,capsaicin,1075.8277412915004
13.25,ganglia,10.0,0.994372423737,0.005627576263,0.3977489694948,39.774896949479995,0.331457474579,33.1457474579,0.0994372423737,9.943724237369999,0.002388225526170485,0.23882255261704852,0.002388225526170485,0.004298805947106873,scenario,capsaicin,1070.8836976104144
13.333333333333334,ganglia,10.0,0.994344285409,0.005655714591,0.39773771416360004,39.773771416360006,0.33144809513633333,33.144809513633334,0.09943442854090001,9.943442854090002,0.0023952961357544215,0.23952961357544214,0.002395296135754422,0.004311533044357959,scenario,capsaicin,1065.9396539293296
13.416666666666666,ganglia,10.0,0.994316834737,0.005683165263,0.3977267338948,39.77267338948,0.33143894491233333,33.14389449123333,0.09943168347370002,9.943168347370001,0.0024024087363231053,0.24024087363231053,0.0024024087363231053,0.004324335725381589,scenario,capsaicin,1060.9956102482436
13.5,ganglia,10.0,0.994290071723,0.005709928277,0.3977160286892,39.77160286892,0.3314300239076666,33.14300239076666,0.09942900717230001,9.942900717230001,0.0024095637030551106,0.24095637030551106,0.0024095637030551106,0.004337214665499199,scenario,capsaicin,1056.0515665671587
13.583333333333334,ganglia,10.0,0.994263996367,0.005736003633,0.39770559854680004,39.77055985468,0.3314213321223333,33.14213321223333,0.09942639963670001,9.94263996367,0.0024167614156118695,0.24167614156118694,0.0024167614156118695,0.004350170548101365,scenario,capsaicin,1051.1075228860727
13.666666666666666,ganglia,10.0,0.994238525404,0.005761474596,0.39769541016160004,39.769541016160005,0.33141284180133335,33.14128418013333,0.09942385254040001,9.942385254040001,0.0024240022582048136,0.24240022582048137,0.0024240022582048136,0.004363204064768664,scenario,capsaicin,1046.163479204987
13.75,ganglia,10.0,0.994213392533,0.005786607467,0.3976853570132,39.768535701320005,0.33140446417766667,33.14044641776667,0.0994213392533,9.942133925330001,0.002431286619663743,0.2431286619663743,0.002431286619663743,0.004376315915394738,scenario,capsaicin,1041.2194355239021
13.833333333333334,ganglia,10.0,0.99418857779,0.00581142221,0.397675431116,39.7675431116,0.33139619259666664,33.13961925966667,0.099418857779,9.9418857779,0.0024386148935064376,0.24386148935064378,0.002438614893506437,0.004389506808311587,scenario,capsaicin,1036.2753918428164
13.916666666666666,ganglia,10.0,0.994164081177,0.005835918823,0.3976656324708,39.76656324708,0.33138802705899995,33.13880270589999,0.0994164081177,9.94164081177,0.002445987478009507,0.2445987478009507,0.0024459874780095076,0.004402777460417113,scenario,capsaicin,1031.331348161731
14.0,ganglia,10.0,0.994139902692,0.005860097308,0.3976559610768,39.765596107680004,0.331379967564,33.1379967564,0.0994139902692,9.941399026920001,0.002453404776280558,0.24534047762805578,0.0024534047762805574,0.004416128597305003,scenario,capsaicin,1026.3873044806458
14.083333333333334,ganglia,10.0,0.994116042336,0.005883957664,0.39764641693440006,39.764641693440005,0.331372014112,33.1372014112,0.09941160423360001,9.941160423360001,0.0024608671963316574,0.24608671963316572,0.002460867196331657,0.004429560953396983,scenario,capsaicin,1021.4432607995599
14.166666666666666,ganglia,10.0,0.994092500108,0.005907499892,0.3976370000432,39.76370000432,0.33136416670266666,33.13641667026667,0.0994092500108,9.94092500108,0.002468375151154152,0.2468375151154152,0.0024683751511541518,0.004443075272077474,scenario,capsaicin,1016.4992171184748
14.25,ganglia,10.0,0.99406927601,0.00593072399,0.397627710404,39.762771040400004,0.33135642533666665,33.13564253366666,0.099406927601,9.940692760100001,0.0024759290587948587,0.24759290587948588,0.0024759290587948587,0.004456672305830746,scenario,capsaicin,1011.5551734373895
14.333333333333334,ganglia,10.0,0.994046370041,0.005953629959,0.39761854801640006,39.761854801640006,0.3313487900136667,33.13487900136667,0.09940463700410002,9.940463700410001,0.002483529342433656,0.2483529342433656,0.002483529342433656,0.004470352816380581,scenario,capsaicin,1006.6111297563035
14.416666666666666,ganglia,10.0,0.9940237822,0.0059762178,0.39760951288,39.760951288,0.3313412607333333,33.134126073333334,0.09940237822,9.940237822,0.0024911764304625093,0.24911764304625092,0.002491176430462509,0.004484117574832516,scenario,capsaicin,1001.6670860752181
14.5,ganglia,10.0,0.994001425728,0.005998574272,0.3976005702912,39.76005702912,0.331333808576,33.133380857599995,0.0994001425728,9.94001425728,0.002498870756565964,0.24988707565659643,0.0024988707565659638,0.004497967361818735,scenario,capsaicin,996.7230423941332
14.583333333333334,ganglia,10.0,0.993979162567,0.006020837433,0.39759166502680005,39.75916650268,0.33132638752233334,33.13263875223333,0.09939791625670001,9.93979162567,0.0025066127598031385,0.25066127598031385,0.002506612759803139,0.00451190296764565,scenario,capsaicin,991.7789987130473
14.666666666666666,ganglia,10.0,0.993956990947,0.006043009053,0.3975827963788,39.75827963788,0.3313189969823333,33.13189969823333,0.0993956990947,9.93956990947,0.002514402884691224,0.2514402884691224,0.0025144028846912237,0.004525925192444203,scenario,capsaicin,986.8349550319625
14.75,ganglia,10.0,0.993934910869,0.006065089131,0.39757396434759995,39.75739643476,0.3313116369563333,33.13116369563333,0.0993934910869,9.939349108690001,0.0025222415812905827,0.25222415812905824,0.0025222415812905827,0.004540034846323049,scenario,capsaicin,981.8909113508772
14.833333333333334,ganglia,10.0,0.993912922334,0.006087077666,0.3975651689336,39.75651689336,0.33130430744466666,33.130430744466665,0.0993912922334,9.93912922334,0.00253012930529141,0.25301293052914103,0.0025301293052914105,0.004554232749524539,scenario,capsaicin,976.9468676697911
14.916666666666666,ganglia,10.0,0.993891025341,0.006108974659,0.3975564101364,39.755641013639995,0.331297008447,33.1297008447,0.09938910253410001,9.93891025341,0.002538066518102041,0.2538066518102041,0.0025380665181020416,0.004568519732583675,scenario,capsaicin,972.0028239887063
15.0,ganglia,10.0,0.993869219891,0.006130780109,0.39754768795639994,39.75476879564,0.3312897399636666,33.12897399636666,0.0993869219891,9.93869219891,0.0025460536869389323,0.2546053686938932,0.0025460536869389328,0.004582896636490079,scenario,capsaicin,967.0587803076206
15.083333333333334,ganglia,10.0,0.993847505982,0.006152494018,0.39753900239280004,39.75390023928001,0.331282501994,33.1282501994,0.09938475059820001,9.938475059820002,0.002554091284918331,0.2554091284918331,0.0025540912849183308,0.004597364312852996,scenario,capsaicin,962.1147366265349
15.166666666666666,ganglia,10.0,0.993825883616,0.006174116384,0.39753035344640003,39.753035344640004,0.33127529453866666,33.127529453866664,0.09938258836160001,9.938258836160001,0.0025621797911496973,0.25621797911496974,0.0025621797911496978,0.004611923624069456,scenario,capsaicin,957.1706929454493
15.25,ganglia,10.0,0.993804352487,0.006195647513,0.3975217409948,39.75217409948,0.33126811749566665,33.12681174956666,0.09938043524870001,9.93804352487,0.002570319690830907,0.2570319690830907,0.0025703196908309074,0.004626575443495633,scenario,capsaicin,952.2266492643644
15.333333333333334,ganglia,10.0,0.993782856439,0.006217143561,0.3975131425756,39.75131425756,0.33126095214633333,33.12609521463333,0.0993782856439,9.93782856439,0.002578511475345273,0.2578511475345273,0.0025785114753452735,0.004641320655621492,scenario,capsaicin,947.2826055832788
15.416666666666666,ganglia,10.0,0.993761353876,0.006238646124,0.39750454155039994,39.750454155039996,0.3312537846253333,33.12537846253333,0.0993761353876,9.937613538759999,0.002586755642360422,0.2586755642360422,0.002586755642360422,0.004656160156248759,scenario,capsaicin,942.3385619021936
15.5,ganglia,10.0,0.993739844797,0.006260155203,0.3974959379188,39.74959379188,0.3312466149323333,33.12466149323333,0.0993739844797,9.93739844797,0.002595052695929086,0.2595052695929086,0.002595052695929086,0.004671094852672355,scenario,capsaicin,937.3945182211079
15.583333333333334,ganglia,10.0,0.993718329201,0.006281670799,0.39748733168039996,39.74873316804,0.331239443067,33.1239443067,0.0993718329201,9.937183292010001,0.002603403146591827,0.2603403146591827,0.0026034031465918266,0.004686125663865288,scenario,capsaicin,932.4504745400222
15.666666666666666,ganglia,10.0,0.993696807089,0.006303192911,0.3974787228356,39.74787228356,0.3312322690296666,33.123226902966664,0.09936968070890001,9.936968070890002,0.0026118075114817648,0.26118075114817646,0.0026118075114817643,0.004701253520667176,scenario,capsaicin,927.5064308589373
15.75,ganglia,10.0,0.993675278461,0.006324721539,0.3974701113844,39.74701113844,0.3312250928203333,33.12250928203333,0.0993675278461,9.93675278461,0.002620266314431329,0.26202663144313293,0.002620266314431329,0.004716479365976392,scenario,capsaicin,922.5623871778514
15.833333333333334,ganglia,10.0,0.993653743317,0.006346256683,0.3974614973268,39.746149732679996,0.33121791443899995,33.121791443899994,0.09936537433170001,9.93653743317,0.0026287800860810948,0.2628780086081095,0.0026287800860810943,0.00473180415494597,scenario,capsaicin,917.6183434967658
15.916666666666666,ganglia,10.0,0.993632201657,0.006367798343,0.39745288066279993,39.74528806628,0.33121073388566663,33.121073388566664,0.0993632201657,9.93632201657,0.002637349363990749,0.2637349363990749,0.0026373493639907488,0.004747228855183348,scenario,capsaicin,912.6742998156807
16.0,ganglia,10.0,0.993610653481,0.006389346519,0.39744426139239997,39.74442613924,0.3312035511603333,33.12035511603333,0.0993610653481,9.936106534810001,0.0026459746927522394,0.26459746927522393,0.002645974692752239,0.00476275444695403,scenario,capsaicin,907.7302561345954
16.083333333333332,ganglia,10.0,0.99358909664,0.00641090336,0.397435638656,39.7435638656,0.33119636554666665,33.11963655466666,0.099358909664,9.9358909664,0.0026546566241051365,0.26546566241051367,0.0026546566241051365,0.004778381923389246,scenario,capsaicin,902.78621245351
16.166666666666668,ganglia,10.0,0.993567493351,0.006432506649,0.3974269973404,39.74269973404,0.3311891644503333,33.11891644503333,0.09935674933510001,9.93567493351,0.0026633957170542895,0.26633957170542893,0.002663395717054289,0.004794112290697721,scenario,capsaicin,897.8421687724243
16.25,ganglia,10.0,0.993545829782,0.006454170218,0.39741833191279996,39.741833191279994,0.33118194326066663,33.118194326066664,0.0993545829782,9.93545829782,0.002672192537989801,0.2672192537989801,0.0026721925379898006,0.004809946568381641,scenario,capsaicin,892.898125091339
16.333333333333332,ganglia,10.0,0.993524105933,0.006475894067,0.3974096423732,39.74096423732,0.33117470197766663,33.117470197766664,0.09935241059330001,9.93524105933,0.0026810476608094005,0.26810476608094,0.0026810476608094005,0.004825885789456921,scenario,capsaicin,887.9540814102539
16.416666666666668,ganglia,10.0,0.993502321804,0.006497678196,0.3974009287216,39.74009287216,0.3311674406013333,33.11674406013333,0.09935023218040001,9.935023218040001,0.002689961667043251,0.26899616670432513,0.002689961667043251,0.004841931000677853,scenario,capsaicin,883.0100377291678
16.5,ganglia,10.0,0.993480477395,0.006519522605,0.397392190958,39.739219095799996,0.33116015913166663,33.11601591316666,0.09934804773950001,9.93480477395,0.0026989351459812435,0.26989351459812433,0.002698935145981244,0.004858083262766239,scenario,capsaicin,878.0659940480829
16.583333333333332,ganglia,10.0,0.993458572706,0.006541427294,0.3973834290824,39.73834290824,0.33115285756866664,33.11528575686666,0.09934585727060001,9.934585727060002,0.002707968694802879,0.2707968694802879,0.002707968694802879,0.004874343650645182,scenario,capsaicin,873.121950366997
16.666666666666668,ganglia,10.0,0.993436607736,0.006563392264,0.3973746430944,39.73746430944,0.33114553591199997,33.1145535912,0.0993436607736,9.93436607736,0.0027170629187097273,0.2717062918709727,0.002717062918709727,0.004890713253677508,scenario,capsaicin,868.1779066859119
16.75,ganglia,10.0,0.993414582487,0.006585417513,0.3973658329948,39.73658329948,0.3311381941623333,33.11381941623333,0.0993414582487,9.93414582487,0.0027262184310605985,0.27262184310605986,0.0027262184310605985,0.004907193175909078,scenario,capsaicin,863.2338630048267
16.833333333333332,ganglia,10.0,0.993392496957,0.006607503043,0.3973569987828,39.73569987828,0.331130832319,33.1130832319,0.09933924969570002,9.933924969570002,0.0027354358535094376,0.27354358535094375,0.0027354358535094376,0.004923784536316988,scenario,capsaicin,858.2898193237413
16.916666666666668,ganglia,10.0,0.993370346174,0.006629653826,0.3973481384696,39.73481384696,0.33112344872466665,33.112344872466664,0.09933703461740001,9.93370346174,0.00274471581614603,0.274471581614603,0.0027447158161460305,0.004940488469062855,scenario,capsaicin,853.3457756426553
17.0,ganglia,10.0,0.993348099356,0.006651900644,0.39733923974240004,39.73392397424001,0.33111603311866666,33.111603311866666,0.09933480993560001,9.933480993560002,0.0027540589576395794,0.27540589576395796,0.0027540589576395794,0.004957306123751243,scenario,capsaicin,848.4017319615699
17.083333333333332,ganglia,10.0,0.993325751214,0.006674248786,0.39733030048560003,39.73303004856,0.331108583738,33.1108583738,0.09933257512140001,9.93325751214,0.002763465925385234,0.2763465925385234,0.002763465925385234,0.004974238665693421,scenario,capsaicin,843.4576882804844
17.166666666666668,ganglia,10.0,0.993303301749,0.006696698251,0.39732132069959997,39.732132069959995,0.33110110058299996,33.110110058299995,0.0993303301749,9.93303301749,0.0027729373756536224,0.27729373756536224,0.002772937375653622,0.00499128727617652,scenario,capsaicin,838.5136445993992
17.25,ganglia,10.0,0.993280750959,0.006719249041,0.39731230038360005,39.73123003836,0.331093583653,33.109358365300004,0.09932807509590001,9.93280750959,0.0027824739737434736,0.27824739737434734,0.0027824739737434736,0.005008453152738253,scenario,capsaicin,833.5696009183137
17.333333333333332,ganglia,10.0,0.993258098846,0.006741901154,0.3973032395384,39.73032395384,0.3310860329486667,33.10860329486667,0.0993258098846,9.93258098846,0.002792076394137397,0.27920763941373966,0.0027920763941373964,0.005025737509447314,scenario,capsaicin,828.6255572372286
17.416666666666668,ganglia,10.0,0.99323534541,0.00676465459,0.39729413816400005,39.729413816400005,0.33107844847,33.107844847,0.09932353454100001,9.932353454100001,0.002801745320660904,0.2801745320660904,0.002801745320660904,0.005043141577189628,scenario,capsaicin,823.6815135561428
17.5,ganglia,10.0,0.993212490649,0.006787509351,0.3972849962596,39.72849962596,0.3310708302163333,33.10708302163333,0.0993212490649,9.93212490649,0.002811481446644737,0.2811481446644737,0.0028114814466447375,0.0050606666039605275,scenario,capsaicin,818.7374698750575
17.583333333333332,ganglia,10.0,0.993189534565,0.006810465435,0.39727581382599997,39.72758138259999,0.3310631781883333,33.10631781883333,0.0993189534565,9.93189534565,0.0028212854750906064,0.28212854750906063,0.002821285475090606,0.005078313855163091,scenario,capsaicin,813.7934261939723
17.666666666666668,ganglia,10.0,0.993166477157,0.006833522843,0.39726659086280003,39.72665908628,0.33105549238566667,33.10554923856667,0.09931664771570001,9.93166477157,0.0028311581188403966,0.28311581188403967,0.002831158118840396,0.005096084613912713,scenario,capsaicin,808.8493825128868
17.75,ganglia,10.0,0.993143310371,0.006856689629,0.39725732414840004,39.72573241484,0.33104777012366665,33.10477701236667,0.09931433103710001,9.93143310371,0.0028411001007489396,0.28411001007489395,0.0028411001007489396,0.005113980181348092,scenario,capsaicin,803.9053388318008
17.833333333333332,ganglia,10.0,0.993120011023,0.006879988977,0.39724800440919994,39.72480044091999,0.3310400036743333,33.10400036743333,0.0993120011023,9.93120011023,0.002851112153860447,0.2851112153860447,0.0028511121538604477,0.005132001876948806,scenario,capsaicin,798.9612951507157
17.916666666666668,ganglia,10.0,0.993096577662,0.006903422338,0.39723863106479995,39.723863106479996,0.33103219255399996,33.1032192554,0.0993096577662,9.93096577662,0.0028611950215886826,0.2861195021588683,0.002861195021588682,0.005150151038859628,scenario,capsaicin,794.0172514696305
18.0,ganglia,10.0,0.993073010286,0.006926989714,0.39722920411440005,39.72292041144001,0.331024336762,33.1024336762,0.09930730102860001,9.930730102860002,0.002871349457900967,0.28713494579009674,0.0028713494579009676,0.005168429024221742,scenario,capsaicin,789.0732077885451
18.083333333333332,ganglia,10.0,0.993049308896,0.006950691104,0.39721972355839996,39.721972355839995,0.3310164362986666,33.101643629866665,0.0993049308896,9.93049308896,0.0028815762275061223,0.28815762275061224,0.0028815762275061227,0.005186837209511021,scenario,capsaicin,784.1291641074594
18.166666666666668,ganglia,10.0,0.993025473492,0.006974526508,0.39721018939680003,39.72101893968,0.331008491164,33.1008491164,0.09930254734920001,9.93025473492,0.0028918761060464414,0.28918761060464415,0.002891876106046441,0.005205376990883594,scenario,capsaicin,779.1851204263739
18.25,ganglia,10.0,0.993001504074,0.006998495926,0.3972006016296,39.72006016296,0.33100050135799997,33.1000501358,0.0993001504074,9.93001504074,0.002902249880293791,0.29022498802937907,0.002902249880293791,0.0052240497845288236,scenario,capsaicin,774.2410767452888
18.333333333333332,ganglia,10.0,0.992977400641,0.007022599359,0.39719096025640005,39.719096025640006,0.33099246688033335,33.09924668803333,0.09929774006410001,9.929774006410002,0.0029126983483499557,0.2912698348349956,0.0029126983483499557,0.00524285702702992,scenario,capsaicin,769.2970330642033
18.416666666666668,ganglia,10.0,0.992953163195,0.007046836805,0.397181265278,39.7181265278,0.33098438773166666,33.09843877316666,0.0992953163195,9.92953163195,0.002923222319851316,0.29232223198513163,0.0029232223198513165,0.00526180017573237,scenario,capsaicin,764.3529893831173
18.5,ganglia,10.0,0.992928791734,0.007071208266,0.39717151669359996,39.71715166935999,0.3309762639113333,33.097626391133325,0.0992928791734,9.92928791734,0.0029338226161779815,0.2933822616177981,0.0029338226161779815,0.0052808807091203665,scenario,capsaicin,759.4089457020323
18.583333333333332,ganglia,10.0,0.992904275102,0.007095724898,0.39716171004080003,39.71617100408,0.33096809170066666,33.09680917006666,0.09929042751020001,9.92904275102,0.0029445000706675027,0.2944500070667503,0.0029445000706675027,0.005300100127201505,scenario,capsaicin,754.4649020209466
18.666666666666668,ganglia,10.0,0.992879597703,0.007120402297,0.39715183908120005,39.715183908120004,0.330959865901,33.095986590100004,0.09928795977030001,9.928795977030001,0.0029552555288332484,0.2955255528833248,0.002955255528833249,0.005319459951899848,scenario,capsaicin,749.5208583398617
18.75,ganglia,10.0,0.992854759435,0.007145240565,0.39714190377400005,39.7141903774,0.33095158647833334,33.09515864783334,0.09928547594350001,9.92854759435,0.002966089848587602,0.2966089848587602,0.002966089848587602,0.005338961727457684,scenario,capsaicin,744.5768146587761
18.833333333333332,ganglia,10.0,0.992829760296,0.007170239704,0.3971319041184,39.713190411839996,0.330943253432,33.0943253432,0.09928297602960001,9.92829760296,0.0029770039004700754,0.29770039004700755,0.002977003900470075,0.005358607020846135,scenario,capsaicin,739.6327709776907
18.916666666666668,ganglia,10.0,0.992804600287,0.007195399713,0.3971218401148,39.71218401148,0.3309348667623333,33.09348667623333,0.0992804600287,9.92804600287,0.002987998567880481,0.2987998567880481,0.002987998567880481,0.005378397422184866,scenario,capsaicin,734.6887272966054
19.0,ganglia,10.0,0.992779279408,0.007220720592,0.39711171176320004,39.71117117632,0.33092642646933335,33.092642646933335,0.09927792794080001,9.92779279408,0.002999074747317294,0.2999074747317294,0.002999074747317294,0.005398334545171129,scenario,capsaicin,729.7446836155199
19.083333333333332,ganglia,10.0,0.992753797658,0.007246202342,0.3971015190632,39.71015190632,0.33091793255266666,33.091793255266666,0.0992753797658,9.92753797658,0.0030102333486213303,0.301023334862133,0.0030102333486213308,0.005418420027518396,scenario,capsaicin,724.8006399344346
19.166666666666668,ganglia,10.0,0.992728155038,0.007271844962,0.3970912620152,39.70912620152,0.33090938501266665,33.09093850126666,0.09927281550380002,9.927281550380002,0.0030214752952248867,0.3021475295224887,0.0030214752952248862,0.005438655531404796,scenario,capsaicin,719.8565962533485
19.25,ganglia,10.0,0.992702351548,0.007297648452,0.39708094061919996,39.708094061919994,0.3309007838493333,33.09007838493333,0.0992702351548,9.92702351548,0.003032801524406478,0.3032801524406478,0.003032801524406478,0.005459042743931661,scenario,capsaicin,714.9125525722636
19.333333333333332,ganglia,10.0,0.992676386985,0.007323613015,0.397070554794,39.7070554794,0.330892128995,33.0892128995,0.09926763869850001,9.926763869850001,0.0030442129875513455,0.3044212987551346,0.0030442129875513455,0.005479583377592422,scenario,capsaicin,709.9685088911782
19.416666666666668,ganglia,10.0,0.992650246274,0.007349753726,0.3970600985096,39.70600985096,0.33088341542466665,33.088341542466665,0.0992650246274,9.92650246274,0.0030557106504178412,0.3055710650417841,0.003055710650417841,0.005500279170752113,scenario,capsaicin,705.0244652100928
19.5,ganglia,10.0,0.992623920053,0.007376079947,0.3970495680212,39.70495680212,0.33087464001766664,33.08746400176666,0.09926239200530002,9.926239200530002,0.0030672954934098957,0.30672954934098956,0.0030672954934098952,0.005521131888137812,scenario,capsaicin,700.0804215290069
19.583333333333332,ganglia,10.0,0.992597408323,0.007402591677,0.39703896332919997,39.703896332919996,0.3308658027743333,33.08658027743333,0.0992597408323,9.92597408323,0.0030789685118556846,0.3078968511855685,0.003078968511855684,0.005542143321340232,scenario,capsaicin,695.1363778479216
19.666666666666668,ganglia,10.0,0.992570711082,0.007429288918,0.3970282844328,39.702828443280005,0.330856903694,33.0856903694,0.0992570711082,9.925707110820001,0.0030907307162927108,0.30907307162927106,0.0030907307162927108,0.005563315289326879,scenario,capsaicin,690.1923341668361
19.75,ganglia,10.0,0.992543828332,0.007456171668,0.39701753133280004,39.70175313328001,0.3308479427773333,33.08479427773333,0.09925438283320001,9.925438283320002,0.003102583132759414,0.3102583132759414,0.003102583132759414,0.005584649638966945,scenario,capsaicin,685.2482904857509
19.833333333333332,ganglia,10.0,0.992516760072,0.007483239928,0.3970067040288,39.70067040288,0.33083892002399995,33.08389200239999,0.0992516760072,9.92516760072,0.003114526803093547,0.3114526803093547,0.0031145268030935472,0.005606148245568385,scenario,capsaicin,680.3042468046655
19.916666666666668,ganglia,10.0,0.992489506302,0.007510493698,0.39699580252079997,39.69958025208,0.33082983543399996,33.0829835434,0.0992489506302,9.924895063020001,0.0031265627852374435,0.31265627852374434,0.0031265627852374435,0.005627813013427399,scenario,capsaicin,675.3602031235796
20.0,ganglia,10.0,0.992462067022,0.007537932978,0.3969848268088,39.69848268088,0.3308206890073333,33.08206890073333,0.09924620670220001,9.924620670220001,0.0031386921535504065,0.31386921535504064,0.0031386921535504065,0.005649645876390732,scenario,capsaicin,670.4161594424944
20.083333333333332,ganglia,10.0,0.992434442233,0.007565557767,0.3969737768932,39.69737768932,0.3308114807443333,33.08114807443333,0.0992434442233,9.92434442233,0.003150915999128397,0.3150915999128397,0.0031509159991283966,0.005671648798431114,scenario,capsaicin,665.4721157614091
20.166666666666668,ganglia,10.0,0.992406630435,0.007593369565,0.396962652174,39.696265217400004,0.330802210145,33.0802210145,0.0992406630435,9.924066304350001,0.0031632354301312166,0.31632354301312166,0.0031632354301312166,0.00569382377423619,scenario,capsaicin,660.5280720803233
20.25,ganglia,10.0,0.992378613353,0.007621386647,0.39695144534119997,39.69514453412,0.33079287111766664,33.07928711176666,0.0992378613353,9.923786133530001,0.0031756515721173928,0.3175651572117393,0.0031756515721173928,0.005716172829811307,scenario,capsaicin,655.5840283992382
20.333333333333332,ganglia,10.0,0.992350385584,0.007649614416,0.3969401542336,39.69401542336,0.33078346186133334,33.07834618613333,0.0992350385584,9.92350385584,0.003188165568386994,0.3188165568386994,0.0031881655683869943,0.00573869802309659,scenario,capsaicin,650.639984718153
20.416666666666668,ganglia,10.0,0.992321947128,0.007678052872,0.39692877885120004,39.692877885120005,0.330773982376,33.0773982376,0.09923219471280001,9.923219471280001,0.0032007785803325702,0.320077858033257,0.0032007785803325702,0.005761401444598626,scenario,capsaicin,645.6959410370673
20.5,ganglia,10.0,0.992293297986,0.007706702014,0.3969173191944,39.69173191944,0.33076443266199995,33.076443266199995,0.0992293297986,9.92293297986,0.0032134917877984603,0.32134917877984603,0.0032134917877984603,0.005784285218037229,scenario,capsaicin,640.7518973559818
20.583333333333332,ganglia,10.0,0.992264438157,0.007735561843,0.3969057752628,39.69057752628,0.330754812719,33.075481271899996,0.0992264438157,9.92264438157,0.003226306389448702,0.3226306389448702,0.003226306389448702,0.005807351501007664,scenario,capsaicin,635.8078536748966
20.666666666666668,ganglia,10.0,0.992235367641,0.007764632359,0.39689414705639997,39.68941470564,0.33074512254699995,33.0745122547,0.0992235367641,9.922353676410001,0.0032392236031437735,0.3239223603143773,0.003239223603143774,0.005830602485658793,scenario,capsaicin,630.8638099938107
20.75,ganglia,10.0,0.992206086439,0.007793913561,0.3968824345756,39.68824345756,0.3307353621463333,33.07353621463333,0.0992206086439,9.92206086439,0.0032522446663264194,0.32522446663264193,0.00325224466632642,0.005854040399387556,scenario,capsaicin,625.9197663127259
20.833333333333332,ganglia,10.0,0.99217659455,0.00782340545,0.39687063782,39.687063781999996,0.3307255315166666,33.07255315166666,0.099217659455,9.921765945499999,0.0032653708364168386,0.3265370836416839,0.0032653708364168386,0.0058776675055503096,scenario,capsaicin,620.97572263164
20.916666666666668,ganglia,10.0,0.992146891974,0.007853108026,0.3968587567896,39.685875678959995,0.33071563065799997,33.0715630658,0.09921468919740001,9.92146891974,0.003278603391217443,0.32786033912174434,0.003278603391217443,0.005901486104191398,scenario,capsaicin,616.0316789505549
21.0,ganglia,10.0,0.992116974396,0.007883025604,0.3968467897584,39.68467897584,0.330705658132,33.0705658132,0.09921169743960001,9.92116974396,0.003291943629327545,0.3291943629327545,0.0032919436293275444,0.00592549853278958,scenario,capsaicin,611.0876352694692
21.083333333333332,ganglia,10.0,0.992086821395,0.007913178605,0.39683472855800006,39.683472855800005,0.3306956071316667,33.069560713166666,0.09920868213950002,9.920868213950001,0.0033053928705681665,0.3305392870568166,0.003305392870568166,0.005949707167022699,scenario,capsaicin,606.1435915883842
21.166666666666668,ganglia,10.0,0.992056430342,0.007943569658,0.39682257213679994,39.682257213679996,0.3306854767806666,33.068547678066665,0.0992056430342,9.92056430342,0.003318952456417344,0.3318952456417344,0.003318952456417345,0.005974114421551221,scenario,capsaicin,601.1995479072982
21.25,ganglia,10.0,0.992025801237,0.007974198763,0.39681032049480003,39.68103204948,0.33067526707899997,33.067526707899994,0.09920258012370001,9.92025801237,0.0033326237504561515,0.3332623750456151,0.003332623750456151,0.005998722750821072,scenario,capsaicin,596.2555042262128
21.333333333333332,ganglia,10.0,0.99199493408,0.00800506592,0.396797973632,39.679797363199995,0.3306649780266666,33.06649780266666,0.099199493408,9.919949340799999,0.003346408138825825,0.3346408138825825,0.003346408138825825,0.0060235346498864846,scenario,capsaicin,591.3114605451278
21.416666666666668,ganglia,10.0,0.99196382887,0.00803617113,0.396785531548,39.6785531548,0.3306546096233333,33.06546096233333,0.099196382887,9.9196382887,0.003360307030696272,0.3360307030696272,0.0033603070306962714,0.006048552655253289,scenario,capsaicin,586.3674168640421
21.5,ganglia,10.0,0.991932485608,0.008067514392,0.3967729942432,39.67729942432,0.3306441618693333,33.06441618693333,0.0991932485608,9.91932485608,0.0033743218587462803,0.33743218587462803,0.0033743218587462803,0.006073779345743304,scenario,capsaicin,581.4233731829568
21.583333333333332,ganglia,10.0,0.991900904295,0.008099095705,0.396760361718,39.6760361718,0.33063363476499996,33.063363476499994,0.0991900904295,9.91900904295,0.003388454079655834,0.3388454079655834,0.0033884540796558344,0.006099217343380502,scenario,capsaicin,576.4793295018713
21.666666666666668,ganglia,10.0,0.991869084929,0.008130915071,0.39674763397159996,39.67476339715999,0.3306230283096666,33.06230283096666,0.0991869084929,9.91869084929,0.0034027051746108226,0.3402705174610823,0.003402705174610823,0.006124869314299481,scenario,capsaicin,571.5352858207856
21.75,ganglia,10.0,0.991837027511,0.008162972489,0.3967348110044,39.67348110044,0.33061234250366667,33.06123425036667,0.0991837027511,9.91837027511,0.0034170766498205474,0.34170766498205474,0.0034170766498205474,0.006150737969676985,scenario,capsaicin,566.5912421397002
21.833333333333332,ganglia,10.0,0.991804722512,0.008195277488,0.39672188900480004,39.67218890048,0.33060157417066666,33.06015741706666,0.09918047225120001,9.91804722512,0.003431570037048406,0.3431570037048406,0.0034315700370484052,0.00617682606668713,scenario,capsaicin,561.6471984586151
21.916666666666668,ganglia,10.0,0.991772149393,0.008227850607,0.39670885975719994,39.67088597572,0.3305907164643333,33.05907164643333,0.0991772149393,9.91772149393,0.0034461868941561323,0.34461868941561324,0.003446186894156133,0.00620313640948104,scenario,capsaicin,556.7031547775297
22.0,ganglia,10.0,0.991739307456,0.008260692544,0.39669572298239997,39.66957229824,0.330579769152,33.0579769152,0.0991739307456,9.917393074560001,0.003460928805662008,0.3460928805662008,0.003460928805662008,0.006229671850191614,scenario,capsaicin,551.7591110964441
22.083333333333332,ganglia,10.0,0.991706196701,0.008293803299,0.3966824786804,39.668247868040005,0.3305687322336667,33.056873223366665,0.0991706196701,9.917061967010001,0.0034757973833134544,0.3475797383313454,0.003475797383313455,0.006256435289964219,scenario,capsaicin,546.8150674153586
22.166666666666668,ganglia,10.0,0.991672817128,0.008327182872,0.39666912685120004,39.66691268512,0.33055760570933335,33.05576057093334,0.09916728171280001,9.91672817128,0.003490794266674464,0.3490794266674464,0.003490794266674464,0.006283429680014036,scenario,capsaicin,541.8710237342732
22.25,ganglia,10.0,0.991639168737,0.008360831263,0.39665566749479997,39.66556674948,0.33054638957899996,33.054638957899996,0.0991639168737,9.91639168737,0.0035059211237282936,0.3505921123728294,0.003505921123728293,0.006310658022710928,scenario,capsaicin,536.9269800531877
22.333333333333332,ganglia,10.0,0.991605251528,0.008394748472,0.3966421006112,39.664210061119995,0.33053508384266667,33.053508384266664,0.09916052515280001,9.91605251528,0.003521179651495892,0.3521179651495892,0.003521179651495892,0.006338123372692606,scenario,capsaicin,531.9829363721026
22.416666666666668,ganglia,10.0,0.991571065501,0.008428934499,0.3966284262004,39.66284262004,0.3305236885003333,33.05236885003333,0.09915710655010002,9.915710655010002,0.0035365715766705647,0.35365715766705647,0.003536571576670565,0.0063658288380070175,scenario,capsaicin,527.038892691017
22.5,ganglia,10.0,0.991536610656,0.008463389344,0.3966146442624,39.66146442624,0.33051220355199995,33.051220355199995,0.0991536610656,9.91536610656,0.0035520986562693375,0.35520986562693374,0.003552098656269337,0.0063937775812848065,scenario,capsaicin,522.0948490099316
22.583333333333332,ganglia,10.0,0.991501886991,0.008498113009,0.3966007547964,39.66007547964,0.33050062899699995,33.050062899699995,0.0991501886991,9.91501886991,0.003567762678301565,0.3567762678301565,0.003567762678301565,0.006421972820942817,scenario,capsaicin,517.150805328846
22.666666666666668,ganglia,10.0,0.991466876358,0.008533123642,0.39658675054320003,39.65867505432,0.330488958786,33.0488958786,0.09914668763580001,9.91466876358,0.003583565462455309,0.35835654624553087,0.003583565462455309,0.006450417832419556,scenario,capsaicin,512.2067616477608
22.75,ganglia,10.0,0.991431561485,0.008568438515,0.396572624594,39.6572624594,0.33047718716166663,33.04771871616666,0.0991431561485,9.91431561485,0.003599508860802034,0.3599508860802034,0.0035995088608020338,0.0064791159494436605,scenario,capsaicin,507.26271796667544
22.833333333333332,ganglia,10.0,0.99139594237,0.00860405763,0.396558376948,39.6558376948,0.3304653141233333,33.04653141233333,0.099139594237,9.9139594237,0.0036155947585202043,0.3615594758520204,0.003615594758520204,0.0065080705653363675,scenario,capsaicin,502.31867428558996
22.916666666666668,ganglia,10.0,0.991360019016,0.008639980984,0.39654400760639996,39.654400760639994,0.33045333967199997,33.045333967199994,0.0991360019016,9.91360019016,0.0036318250746383597,0.36318250746383596,0.0036318250746383597,0.006537285134349048,scenario,capsaicin,497.37463060450443
23.0,ganglia,10.0,0.99132379142,0.00867620858,0.396529516568,39.6529516568,0.33044126380666666,33.04412638066667,0.09913237914200002,9.913237914200002,0.003648201762798308,0.36482017627983077,0.0036482017627983082,0.006566763173036955,scenario,capsaicin,492.43058692341884
23.083333333333332,ganglia,10.0,0.991287259584,0.008712740416,0.3965149038336,39.65149038336,0.33042908652799996,33.042908652799994,0.0991287259584,9.91287259584,0.00366472681203905,0.36647268120390497,0.0036647268120390502,0.0065965082616702905,scenario,capsaicin,487.48654324233377
23.166666666666668,ganglia,10.0,0.991250423508,0.008749576492,0.3965001694032,39.65001694032,0.33041680783599997,33.0416807836,0.0991250423508,9.91250423508,0.003681402247602116,0.36814022476021163,0.0036814022476021157,0.006626524045683808,scenario,capsaicin,482.5424995612481
23.25,ganglia,10.0,0.991213283191,0.008786716809,0.3964853132764,39.64853132764,0.3304044277303333,33.04044277303333,0.0991213283191,9.91213283191,0.0036982301317589773,0.3698230131758977,0.0036982301317589773,0.00665681423716616,scenario,capsaicin,477.5984558801625
23.333333333333332,ganglia,10.0,0.991175838633,0.008824161367,0.3964703354532,39.64703354532,0.330391946211,33.0391946211,0.0991175838633,9.91175838633,0.003715212564661264,0.37152125646612644,0.0037152125646612646,0.006687382616390277,scenario,capsaicin,472.65441219907717
23.416666666666668,ganglia,10.0,0.991138088715,0.008861911285,0.396455235486,39.645523548599996,0.330379362905,33.0379362905,0.09911380887150001,9.91138088715,0.00373235168521452,0.373235168521452,0.0037323516852145206,0.006718233033386137,scenario,capsaicin,467.71036851799147
23.5,ganglia,10.0,0.991100006476,0.008899993524,0.3964400025904,39.64400025904,0.33036666882533333,33.03666688253333,0.0991100006476,9.91100006476,0.003749649671976234,0.3749649671976234,0.0037496496719762345,0.006749369409557222,scenario,capsaicin,462.7663248369066
23.583333333333332,ganglia,10.0,0.991061580423,0.008938419577,0.3964246321692,39.64246321692,0.330353860141,33.0353860141,0.0991061580423,9.91061580423,0.003767108744078997,0.3767108744078997,0.0037671087440789976,0.006780795739342196,scenario,capsaicin,457.8222811558209
23.666666666666668,ganglia,10.0,0.991022810555,0.008977189445,0.39640912422200003,39.6409124222,0.33034093685166666,33.03409368516667,0.09910228105550001,9.91022810555,0.003784731162179522,0.3784731162179522,0.0037847311621795224,0.00681251609192314,scenario,capsaicin,452.87823747473533
23.75,ganglia,10.0,0.990983696873,0.009016303127,0.39639347874920006,39.639347874920006,0.3303278989576667,33.03278989576667,0.09909836968730001,9.909836968730001,0.0038025192294344696,0.38025192294344695,0.003802519229434469,0.006844534612982045,scenario,capsaicin,447.93419379364997
23.833333333333332,ganglia,10.0,0.990944239376,0.009055760624,0.3963776957504,39.63776957504,0.33031474645866665,33.031474645866666,0.0990944239376,9.90944239376,0.0038204752925038972,0.3820475292503897,0.0038204752925038972,0.006876855526507015,scenario,capsaicin,442.9901501125647
23.916666666666668,ganglia,10.0,0.990904438065,0.009095561935,0.396361775226,39.6361775226,0.330301479355,33.0301479355,0.0990904438065,9.90904438065,0.0038386017425832823,0.38386017425832825,0.0038386017425832823,0.0069094831366499085,scenario,capsaicin,438.0461064314792
24.0,ganglia,10.0,0.99086429294,0.00913570706,0.39634571717600003,39.634571717600004,0.33028809764666667,33.02880976466667,0.09908642929400001,9.908642929400001,0.0038569010164650566,0.38569010164650563,0.0038569010164650566,0.006942421829637102,scenario,capsaicin,433.1020627503937
0.0,brain,2.746700674924204,0.990529630902,0.009470369098,0.3373384417327817,33.73384417327817,0.11960804534304234,11.960804534304234,0.2476324077255,24.76324077255,0.005463379706759715,0.5463379706759715,0.005463379706759716,0.007648731589463602,scenario,capsaicin,0.001
0.08333333333333333,brain,2.8431898832694498,0.990560157736,0.009439842264,0.3401079905050818,34.010799050508176,0.12329060142810902,12.329060142810903,0.247640039434,24.764003943400002,0.005160830594081347,0.5160830594081347,0.0051608305940813465,0.007225162831713885,scenario,capsaicin,57.68870580924298
0.16666666666666666,brain,2.945558268166531,0.990608501274,0.009391498726,0.3430266318136793,34.30266318136793,0.1271660086602391,12.716600866023912,0.2476521253185,24.76521253185,0.004916699731803709,0.49166997318037087,0.004916699731803709,0.006883379624525192,scenario,capsaicin,115.37641161848589
0.25,brain,3.053016732074713,0.990675017883,0.009324982117,0.346068481525898,34.6068481525898,0.1311996360735306,13.11996360735306,0.24766875447075,24.766875447075,0.004716736510855355,0.47167365108553555,0.0047167365108553546,0.006603431115197496,scenario,capsaicin,173.06411742772886
0.3333333333333333,brain,3.164571918290631,0.990757867183,0.009242132817,0.3492019575738724,34.92019575738724,0.1353499877041632,13.53499877041632,0.24768946679575,24.768946679575,0.004550343830548284,0.4550343830548284,0.004550343830548284,0.006370481362767597,scenario,capsaicin,230.75182323697197
0.4166666666666667,brain,3.27903203267838,0.990852837051,0.009147162949,0.3523901838401159,35.23901838401159,0.13956929943648783,13.956929943648783,0.24771320926275,24.771320926275,0.004409403253369786,0.44094032533697863,0.004409403253369786,0.006173164554717701,scenario,capsaicin,288.43952904621483
0.5,brain,3.3950205173390566,0.990956247459,0.009043752541,0.355592679349778,35.559267934977804,0.14380482331337066,14.380482331337067,0.24773906186475,24.773906186475,0.004287538645289107,0.42875386452891073,0.0042875386452891065,0.0060025541034047485,scenario,capsaicin,346.1272348554579
0.5833333333333334,brain,3.5109978101933175,0.991065364601,0.008934635399,0.3587663618521768,35.87663618521768,0.1480000276025691,14.80000276025691,0.24776634115025,24.776634115025,0.00417964262429906,0.41796426242990603,0.004179642624299061,0.005851499674018685,scenario,capsaicin,403.8149406647006
0.6666666666666666,brain,3.625291039072747,0.991178633133,0.008821366867,0.36186661863099656,36.18666186309966,0.15209594713032878,15.209594713032878,0.24779465828325,24.779465828325,0.004081565904822717,0.4081565904822717,0.004081565904822716,0.005714192266751803,scenario,capsaicin,461.50264647394374
0.75,brain,3.7361310845747164,0.99129593285,0.00870406715,0.36484847434177115,36.48484743417711,0.15603265483902823,15.603265483902822,0.2478239832125,24.78239832125,0.003989910294463295,0.3989910294463295,0.003989910294463295,0.005585874412248613,scenario,capsaicin,519.1903522831869
0.8333333333333334,brain,3.841696026708658,0.991415710471,0.008584289529,0.3676666432735364,36.76666432735364,0.1597502875410485,15.97502875410485,0.24785392761775,24.785392761775,0.0039018888621032465,0.39018888621032466,0.003901888862103246,0.005462644406944544,scenario,capsaicin,576.8780580924298
0.9166666666666666,brain,3.9401595928477393,0.991537489861,0.008462510139,0.3702775400167887,37.02775400167887,0.16319089006871831,16.31908900687183,0.24788437246525,24.788437246525,0.003815230027359614,0.3815230027359614,0.003815230027359614,0.005341322038303459,scenario,capsaicin,634.5657639016727
1.0,brain,4.029742875944569,0.991660661178,0.008339338822,0.372639892022754,37.2639892022754,0.166299635637672,16.6299635637672,0.2479151652945,24.79151652945,0.0037281102918177464,0.3728110291817746,0.0037281102918177464,0.0052193544085448445,scenario,capsaicin,692.2534697109156
1.0833333333333333,brain,4.108767318183666,0.991773539157,0.008226460843,0.37471158443256447,37.47115844325645,0.169024266191086,16.9024266191086,0.24794338478925,24.794338478925,0.003839559174858103,0.3839559174858103,0.0038395591748581026,0.005375382844801343,scenario,capsaicin,679.2066828081241
1.1666666666666667,brain,4.17570677848556,0.991868584172,0.008131415828,0.37645622419829894,37.64562241982989,0.17131877087373193,17.131877087373194,0.247967146043,24.7967146043,0.003941915873755279,0.3941915873755279,0.003941915873755279,0.0055186822232573905,scenario,capsaicin,666.1598959053324
1.25,brain,4.229236439295591,0.991946589047,0.008053410953,0.3778455680353128,37.784556803531274,0.1731452276980837,17.31452276980837,0.24798664726175,24.798664726174998,0.004033644375682854,0.4033644375682854,0.004033644375682854,0.005647102125955995,scenario,capsaicin,653.1131090025405
1.3333333333333333,brain,4.268276368511007,0.992009525212,0.007990474788,0.3788574969333234,37.885749693332336,0.17447348750709787,17.447348750709786,0.248002381303,24.800238130300002,0.004113379343903299,0.41133793439032995,0.004113379343903299,0.0057587310814646185,scenario,capsaicin,640.0663220997488
1.4166666666666667,brain,4.292027737631848,0.992059417327,0.007940582673,0.37947608667105986,37.94760866710599,0.17528164311907982,17.528164311907982,0.24801485433175,24.801485433175,0.004179969823078005,0.41799698230780047,0.004179969823078005,0.005851957752309206,scenario,capsaicin,627.0195351969572
1.5,brain,4.3,0.992098731372,0.007901268628,0.3796921070682963,37.96921070682963,0.1755565656337284,17.55565656337284,0.248024682843,24.8024682843,0.004232516932401309,0.42325169324013096,0.004232516932401309,0.0059255237053618326,scenario,capsaicin,613.9727482941655
1.5833333333333333,brain,4.292027737631848,0.992129930646,0.007870069354,0.37950305896514325,37.95030589651432,0.17529410173819096,17.529410173819095,0.2480324826615,24.80324826615,0.004270403854922936,0.4270403854922936,0.004270403854922935,0.005978565396892109,scenario,capsaicin,600.9259613913738
1.6666666666666667,brain,4.268276368511007,0.99215547845,0.00784452155,0.3789132378077935,37.89132378077935,0.17449915759372467,17.449915759372466,0.2480388696125,24.80388696125,0.004293316758795748,0.42933167587957477,0.004293316758795748,0.006010643462314047,scenario,capsaicin,587.8791744885821
1.75,brain,4.229236439295591,0.992177838087,0.007822161913,0.3779336538514658,37.79336538514658,0.17318559243962106,17.318559243962106,0.24804445952175,24.804445952175,0.004301255692115751,0.43012556921157513,0.0043012556921157505,0.00602175796896205,scenario,capsaicin,574.8323875857909
1.8333333333333333,brain,4.17570677848556,0.992199472856,0.007800527144,0.3765818104973272,37.65818104973272,0.1713759230444363,17.13759230444363,0.248049868214,24.8049868214,0.004294534954457848,0.42945349544578476,0.004294534954457848,0.0060123489362409865,scenario,capsaicin,561.7856006829987
1.9166666666666667,brain,4.108767318183666,0.99222229918,0.00777770082,0.374881134811365,37.488113481136494,0.1691007466884866,16.910074668848658,0.248055574795,24.805557479500003,0.004273772938319622,0.4273772938319622,0.004273772938319621,0.005983282113647469,scenario,capsaicin,548.7388137802072
2.0,brain,4.029742875944569,0.992246579107,0.007753420893,0.37286006450951714,37.28600645095172,0.16639789297702287,16.639789297702286,0.24806164477675,24.806164477675,0.004239871923691798,0.42398719236917976,0.004239871923691798,0.005935820693168516,scenario,capsaicin,535.6920268774156
2.0833333333333335,brain,3.9401595928477393,0.992273789576,0.007726210424,0.37055250213367597,37.0552502133676,0.16331207298623465,16.331207298623465,0.248068447394,24.8068447394,0.0041848376442646515,0.4184837644264651,0.0041848376442646515,0.005858772701970512,scenario,capsaicin,525.1105055518502
2.1666666666666665,brain,3.8416960267086586,0.992305533463,0.007694466537,0.3679966342441463,36.79966342441463,0.15989366783786177,15.989366783786178,0.24807638336575,24.807638336575,0.004119269502623232,0.41192695026232323,0.004119269502623233,0.005766977303672526,scenario,capsaicin,514.5289842262852
2.25,brain,3.7361310845747164,0.992343413644,0.007656586356,0.36523400176797016,36.52340017679702,0.1561975311426269,15.619753114262691,0.248085853411,24.808585341100002,0.004044778636407607,0.4044778636407607,0.004044778636407607,0.005662690090970649,scenario,capsaicin,503.94746290072004
2.3333333333333335,brain,3.625291039072747,0.992388866259,0.007611133741,0.36230845923814986,36.23084592381499,0.1522816568978665,15.22816568978665,0.24809721656475,24.809721656475002,0.003963090721400764,0.3963090721400764,0.0039630907214007645,0.00554832700996107,scenario,capsaicin,493.3659415751545
2.4166666666666665,brain,3.5109978101933175,0.992440593602,0.007559406398,0.3592641957216926,35.92641957216926,0.1482053964282568,14.82053964282568,0.2481101484005,24.81101484005,0.00387599503801102,0.387599503801102,0.0038759950380110202,0.005426393053215428,scenario,capsaicin,482.78442024958974
2.5,brain,3.3950205173390566,0.992498163244,0.007501836756,0.3561459772039727,35.61459772039727,0.14402858185729686,14.402858185729686,0.248124540811,24.8124540811,0.0037852940369553214,0.3785294036955321,0.003785294036955321,0.005299411651737449,scenario,capsaicin,472.2028989240242
2.5833333333333335,brain,3.27903203267838,0.992561897321,0.007438102679,0.352997999693509,35.2997999693509,0.13981003381767862,13.981003381767861,0.24814047433025,24.814047433025,0.0036927553703791994,0.36927553703791993,0.0036927553703791994,0.005169857518530879,scenario,capsaicin,461.6213775984589
2.6666666666666665,brain,3.1645719182906316,0.992632117967,0.007367882033,0.34986255494527463,34.98625549452746,0.13560603393803283,13.560603393803284,0.24815802949175,24.815802949175,0.003600068132475429,0.3600068132475429,0.0036000681324754296,0.005040095385465601,scenario,capsaicin,451.0398562728937
2.75,brain,3.053016732074713,0.992709147319,0.007290852681,0.3467790557025315,34.677905570253145,0.13146902516370867,13.146902516370867,0.24817728682975,24.817728682974998,0.0035088047529841138,0.3508804752984114,0.0035088047529841138,0.004912326654177759,scenario,capsaicin,440.45833494732847
2.8333333333333335,brain,2.945558268166531,0.992792000449,0.007207999551,0.34378273108660595,34.37827310866059,0.12744630796580791,12.744630796580791,0.24819800011225,24.819800011225,0.003420389629965666,0.34203896299656655,0.0034203896299656662,0.004788545481951932,scenario,capsaicin,429.8768136217632
2.9166666666666665,brain,2.8431898832694498,0.992878799767,0.007121200233,0.3409040942810164,34.090409428101644,0.12357919245235519,12.357919245235518,0.24821969994175,24.821969994175,0.0033360751995180266,0.33360751995180266,0.003336075199518027,0.0046705052793252376,scenario,capsaicin,419.2952922961982
3.0,brain,2.746700674924204,0.992968896677,0.007031103323,0.33816916712436973,33.81691671243697,0.11990259060682637,11.990259060682638,0.24824222416925,24.824222416925,0.003256925744731617,0.3256925744731617,0.0032569257447316166,0.004559696042624263,scenario,capsaicin,408.71377097063294
3.0833333333333335,brain,2.6566769413681337,0.993061645818,0.006938354182,0.33559873871038326,33.55987387103833,0.11644443634117765,11.644443634117765,0.2482654114545,24.82654114545,0.0031838088678587833,0.31838088678587834,0.003183808867858783,0.004457332415002296,scenario,capsaicin,398.1322496450678
3.1666666666666665,brain,2.5735100801877815,0.993156401831,0.006843598169,0.33320826020193023,33.320826020193024,0.11322554632557365,11.322554632557365,0.24828910045775,24.828910045775,0.003117394209164997,0.3117394209164997,0.003117394209164997,0.004364351892830996,scenario,capsaicin,387.55072831950235
3.25,brain,2.4974098837087406,0.993252413241,0.006747586759,0.3310079026227445,33.10079026227445,0.11025973241665929,11.025973241665929,0.24831310331025,24.831310331025,0.0030581587097287884,0.3058158709728788,0.003058158709728788,0.004281422193620303,scenario,capsaicin,376.9692069939373
3.3333333333333335,brain,2.428422066504712,0.993348499752,0.006651500248,0.32900272223372984,32.90027222337299,0.10755412972763981,10.755412972763981,0.248337124938,24.8337124938,0.0030063974949921207,0.3006397494992121,0.0030063974949921203,0.004208956492988968,scenario,capsaicin,366.38768566837183
3.4166666666666665,brain,2.3664488127001952,0.993443762702,0.006556237298,0.32719331922218886,32.719331922218885,0.10510983806225184,10.510983806225184,0.2483609406755,24.83609406755,0.0029622393071271473,0.29622393071271474,0.002962239307127147,0.004147135029978005,scenario,capsaicin,355.8061643428069
3.5,brain,2.3112711514442092,0.993537347367,0.006462652633,0.3255762926450988,32.55762926450988,0.10292260773779846,10.292260773779846,0.24838433684175,24.838433684174998,0.002925665337958527,0.29256653379585273,0.0029256653379585275,0.0040959314731419385,scenario,capsaicin,345.2246430172415
3.5833333333333335,brain,2.26257204802228,0.993628399023,0.006371600977,0.324144839208129,32.4144839208129,0.10098365260317196,10.098365260317197,0.24840709975575,24.840709975575002,0.002896530306154075,0.28965303061540754,0.002896530306154075,0.004055142428615705,scenario,capsaicin,334.6431216916762
3.6666666666666665,brain,2.219959223114839,0.993716104145,0.006283895855,0.32288942023871503,32.288942023871506,0.09928052560328667,9.928052560328666,0.24842902603625,24.842902603625,0.002874584674627873,0.2874584674627873,0.002874584674627873,0.004024418544479022,scenario,capsaicin,324.06160036611107
3.75,brain,2.1829868700519235,0.993800707867,0.006199292133,0.32179874954955784,32.179874954955785,0.0977980967770771,9.77980967770771,0.24845017696675,24.845017696675,0.002859497005675104,0.2859497005675104,0.002859497005675104,0.004003295807945145,scenario,capsaicin,313.480079040546
3.8333333333333335,brain,2.15117561581802,0.993882151968,0.006117848032,0.32085998203521676,32.085998203521676,0.096519258724289,9.6519258724289,0.248470537992,24.8470537992,0.0028508755896490844,0.28508755896490845,0.002850875589649084,0.003991225825508717,scenario,capsaicin,302.89855771498054
3.9166666666666665,brain,2.1240302531704325,0.993959993599,0.006040006401,0.3200592741833572,32.00592741833572,0.09542570104480963,9.542570104480962,0.24848999839975,24.848999839975,0.0028482886447926,0.28482886447926,0.0028482886447926,0.00398760410270964,scenario,capsaicin,292.3170363894154
4.0,brain,2.101054947333837,0.994033789912,0.005966210088,0.3193824266982847,31.93824266982847,0.0944986389603796,9.44986389603796,0.248508447478,24.8508447478,0.002851282558384756,0.2851282558384756,0.0028512825583847565,0.003991795581738659,scenario,capsaicin,281.7355150638502
4.083333333333333,brain,2.0817657822639966,0.994103098058,0.005896901942,0.31881532361530096,31.881532361530095,0.09371939880106792,9.371939880106792,0.2485257745145,24.85257745145,0.002836563818329287,0.2836563818329287,0.002836563818329287,0.0039711893456610015,scenario,capsaicin,278.18678671172876
4.166666666666667,brain,2.0657006518044656,0.99416747519,0.00583252481,0.3183442886450262,31.834428864502616,0.09306989313003489,9.306989313003488,0.2485418687975,24.85418687975,0.002826123615439191,0.2826123615439191,0.0028261236154391908,0.0039565730616148665,scenario,capsaicin,274.63805835960727
4.25,brain,2.0524266160323084,0.994226565129,0.005773434871,0.3179563869485712,31.79563869485712,0.09253299422176159,9.253299422176159,0.24855664128225,24.855664128225,0.002819421462132743,0.2819421462132743,0.002819421462132743,0.00394719004698584,scenario,capsaicin,271.0893300074857
4.333333333333333,brain,2.041544930865497,0.99428144199,0.00571855801,0.3176400506252265,31.76400506252265,0.09209292017030202,9.2092920170302,0.2485703604975,24.85703604975,0.002815954935306429,0.2815954935306429,0.002815954935306429,0.003942336909429,scenario,capsaicin,267.54060165536447
4.416666666666667,brain,2.0326940197754952,0.994332710399,0.005667289601,0.3173845967185751,31.738459671857512,0.09173522549176678,9.173522549176678,0.24858317759975,24.858317759974998,0.0028152646026689747,0.2815264602668975,0.0028152646026689742,0.003941370443736564,scenario,capsaicin,263.9918733032429
4.5,brain,2.025550692037957,0.994380573198,0.005619426802,0.31718031580049044,31.718031580049043,0.09144689666798722,9.144689666798723,0.2485951432995,24.85951432995,0.002816936629851597,0.2816936629851597,0.002816936629851597,0.003943711281792235,scenario,capsaicin,260.4431449511214
4.583333333333333,brain,2.019829925383089,0.994425233232,0.005574766768,0.31701861614976146,31.701861614976146,0.0912164104556819,9.121641045568191,0.248606308308,24.8606308308,0.002820603444888612,0.2820603444888612,0.002820603444888612,0.003948844822844057,scenario,capsaicin,256.8944165990001
4.666666666666667,brain,2.0152835259503052,0.994466893344,0.005533106656,0.3168919994037641,31.68919994037641,0.09103370142368551,9.10337014236855,0.248616723336,24.861672333599998,0.0028259428424929215,0.28259428424929217,0.002825942842492922,0.00395631997949009,scenario,capsaicin,253.3456882468786
4.75,brain,2.0116979592313293,0.99450564596,0.00549435404,0.31679397114829744,31.679397114829744,0.09089007954439655,9.089007954439655,0.24862641149,24.862641149,0.002832675896359843,0.2832675896359843,0.002832675896359843,0.0039657462549037795,scenario,capsaicin,249.796959894757
4.833333333333333,brain,2.0088916163207875,0.994541303157,0.005458696843,0.3167189117607697,31.671891176076972,0.09077811462869295,9.077811462869295,0.24863532578925,24.863532578925,0.002840564018564588,0.2840564018564588,0.0028405640185645877,0.003976789625990422,scenario,capsaicin,246.24823154263558
4.916666666666667,brain,2.006711744124622,0.994573901605,0.005426098395,0.3166621491571139,31.66621491571139,0.09069156500781846,9.069156500781846,0.24864347540125,24.864347540125,0.002849405465843969,0.2849405465843969,0.0028494054658439686,0.003989167652181556,scenario,capsaicin,242.6995031905141
5.0,brain,2.0050312295718205,0.994603495922,0.005396504078,0.3166197983219354,31.661979832193538,0.09062523245524713,9.062523245524714,0.2486508739805,24.86508739805,0.002859031547579934,0.2859031547579934,0.002859031547579934,0.004002644166611907,scenario,capsaicin,239.1507748383927
5.083333333333333,brain,2.003745389110955,0.994630140728,0.005369859272,0.31658865973980316,31.658865973980316,0.09057483274373752,9.057483274373752,0.248657535182,24.865753518200002,0.00286930274338684,0.286930274338684,0.00286930274338684,0.004017023840741576,scenario,capsaicin,235.60204648627126
5.166666666666667,brain,2.002768877988105,0.994653891219,0.005346108781,0.316566126400864,31.6566126400864,0.09053687146148535,9.053687146148535,0.24866347280475,24.866347280475,0.002880104892348828,0.2880104892348828,0.002880104892348828,0.00403214684928836,scenario,capsaicin,232.05331813414978
5.25,brain,2.0020328005059507,0.994674882664,0.005325117336,0.31655012140935346,31.655012140935344,0.09050853432447127,9.050853432447127,0.248668720666,24.8668720666,0.002891345573386324,0.2891345573386324,0.0028913455733863246,0.004047883802740854,scenario,capsaicin,228.50458978202843
5.333333333333333,brain,2.001482073587308,0.994693256948,0.005306743052,0.316538994234404,31.6538994234404,0.090487573329872,9.0487573329872,0.248673314237,24.8673314237,0.002902950758443709,0.2902950758443709,0.0029029507584437094,0.004064131061821193,scenario,capsaicin,224.95586142990683
5.416666666666667,brain,2.0010730719463963,0.994709111907,0.005290888093,0.31653143258142524,31.653143258142524,0.09047220613956705,9.047220613956705,0.24867727797675,24.867727797675,0.0029148617880215013,0.2914861788021501,0.002914861788021501,0.004080806503230101,scenario,capsaicin,221.40713307778546
5.5,brain,2.0007715640441757,0.994722545375,0.005277454625,0.3165264131534328,31.652641315343278,0.09046103574624371,9.046103574624372,0.24868063634375,24.868063634375,0.0029270326923186893,0.29270326923186896,0.0029270326923186893,0.004097845769246165,scenario,capsaicin,217.85840472566392
5.583333333333333,brain,2.000550933507234,0.994733655188,0.005266344812,0.31652314705499496,31.652314705499496,0.09045297767732657,9.045297767732658,0.248683413797,24.868341379700002,0.00293942786077083,0.293942786077083,0.00293942786077083,0.004115199005079162,scenario,capsaicin,214.30967637354266
5.666666666666667,brain,2.0003906703560914,0.994742548751,0.005257451249,0.3165210364680324,31.65210364680324,0.09044719904037653,9.044719904037652,0.24868563718775,24.868563718775,0.0029520200476277746,0.29520200476277747,0.002952020047627775,0.0041328280666788845,scenario,capsaicin,210.76094802142111
5.75,brain,2.0002751096322364,0.994749392655,0.005250607345,0.31651965164180096,31.651965164180098,0.09044307130406798,9.044307130406798,0.24868734816375,24.868734816375,0.00296478869077449,0.296478869077449,0.00296478869077449,0.0041507041670842855,scenario,capsaicin,207.21221966929974
5.833333333333333,brain,2.0001923911986283,0.994754320157,0.005245679843,0.3165186694394907,31.65186694394907,0.09044011920032087,9.044011920032087,0.24868858003925,24.868858003925002,0.002977718514520447,0.2977718514520447,0.002977718514520447,0.004168805920328625,scenario,capsaicin,203.6634913171781
5.916666666666667,brain,2.000133612986227,0.994757455573,0.005242544427,0.3165178550286094,31.65178550286094,0.09043798818047917,9.043798818047916,0.24868936389325,24.868936389325,0.002990798383800669,0.2990798383800669,0.002990798383800669,0.004187117737320937,scenario,capsaicin,200.11476296505683
6.0,brain,2.000092150184004,0.994758923219,0.005241076781,0.31651704375668144,31.651704375668142,0.09043641726924193,9.043641726924193,0.24868973080475,24.868973080474998,0.0030040203764085146,0.30040203764085144,0.0030040203764085146,0.00420562852697192,scenario,capsaicin,196.5660346129353
6.083333333333333,brain,2.0000631143057057,0.994758847411,0.005241152589,0.3165161244861617,31.651612448616167,0.09043521684454892,9.043521684454891,0.24868971185275,24.868971185274997,0.00301737904084794,0.301737904084794,0.0030173790408479406,0.0042243306571871165,scenario,capsaicin,193.01730626081385
6.166666666666667,brain,2.000042928278961,0.994757292504,0.005242707496,0.31651500742281896,31.651500742281897,0.09043424572909195,9.043424572909196,0.248689323126,24.868932312600002,0.003030870809574431,0.30308708095744313,0.003030870809574431,0.004243219133404203,scenario,capsaicin,189.46857790869234
6.25,brain,2.000028996341907,0.994754271853,0.005245728147,0.3165136167940422,31.65136167940422,0.09043339844105633,9.043339844105633,0.24868856796325,24.868856796325,0.003044493540312723,0.3044493540312723,0.003044493540312723,0.004262290956437812,scenario,capsaicin,185.91984955657088
6.333333333333333,brain,2.000019450331728,0.994749874534,0.005250125466,0.3165119233495973,31.65119233495973,0.09043260628812977,9.043260628812977,0.2486874686335,24.86874686335,0.0030582461614207814,0.3058246161420781,0.0030582461614207814,0.004281544625989094,scenario,capsaicin,182.37112120444948
6.416666666666667,brain,2.000012956714207,0.994744190463,0.005255809537,0.3165099145876672,31.65099145876672,0.09043182262922289,9.04318226292229,0.24868604761575,24.868604761575,0.0030721284006321207,0.3072128400632121,0.0030721284006321207,0.004300979760884969,scenario,capsaicin,178.822392852328
6.5,brain,2.000008571302296,0.994737309561,0.005262690439,0.3165075900108615,31.650759001086147,0.09043101682748197,9.043101682748198,0.24868432739025,24.868432739025,0.0030861405797539708,0.3086140579753971,0.0030861405797539708,0.004320596811655559,scenario,capsaicin,175.2736645002065
6.583333333333333,brain,2.0000056309647825,0.994729321743,0.005270678257,0.3165049577844776,31.650495778447763,0.09043016979830351,9.043016979830352,0.24868233043575,24.868233043575,0.003100283460898008,0.3100283460898008,0.003100283460898008,0.00434039684525721,scenario,capsaicin,171.7249361480851
6.666666666666667,brain,2.0000036736931306,0.99472031693,0.00527968307,0.3165020322761751,31.650203227617514,0.0904292707249002,9.04292707249002,0.2486800792325,24.868007923249998,0.003114558132499366,0.3114558132499366,0.0031145581324993656,0.004360381385499112,scenario,capsaicin,168.1762077959636
6.75,brain,2.0000023801646853,0.994710385038,0.005289614962,0.3164988322509631,31.64988322509631,0.09042831465528407,9.042831465528407,0.2486775962595,24.86775962595,0.0031289659257069586,0.31289659257069585,0.003128965925706959,0.0043805522959897425,scenario,capsaicin,164.62747944384222
6.833333333333333,brain,2.000001531423138,0.994699571926,0.005300428074,0.3164953655499825,31.64953655499825,0.0904272967579766,9.042729675797661,0.2486748929815,24.86748929815,0.00314350835370216,0.314350835370216,0.0031435083537021597,0.0044009116951830235,scenario,capsaicin,161.0787510917207
6.916666666666667,brain,2.0000009785149557,0.99468781182,0.00531218818,0.31649160665296044,31.649160665296044,0.09042620493061393,9.042620493061392,0.248671952955,24.8671952955,0.003158187068142643,0.31581870681426427,0.0031581870681426432,0.0044214618953997,scenario,capsaicin,157.53002273959922
7.0,brain,2.0000006209030556,0.994675142367,0.005324857633,0.3164875644389882,31.64875644389882,0.09042503846298422,9.042503846298422,0.24866878559175,24.866878559175003,0.0031730038282650136,0.31730038282650136,0.0031730038282650136,0.004442205359571019,scenario,capsaicin,153.98129438747787
7.083333333333333,brain,2.0000003912588666,0.994661609934,0.005338390066,0.3164832515855135,31.648325158551348,0.09042379880268461,9.042379880268461,0.2486654024835,24.86654024835,0.0031879604792510318,0.3187960479251032,0.0031879604792510318,0.004463144670951444,scenario,capsaicin,150.43256603535636
7.166666666666667,brain,2.0000002448435423,0.994647260887,0.005352739113,0.31647868146609986,31.647868146609987,0.09042248832579984,9.042248832579984,0.24866181522175,24.866181522174998,0.0032030589373072405,0.32030589373072405,0.00320305893730724,0.004484282512230136,scenario,capsaicin,146.88383768323493
7.25,brain,2.0000001521588375,0.994632141593,0.005367858407,0.3164738679244897,31.647386792448973,0.09042111003498633,9.042111003498633,0.24865803539825,24.865803539825,0.0032183011795644863,0.3218301179564486,0.0032183011795644863,0.004505621651390281,scenario,capsaicin,143.33510933111344
7.333333333333333,brain,2.000000093905229,0.994616298419,0.005383701581,0.31646882511884517,31.646882511884517,0.0904196673521269,9.041966735212691,0.24865407460475,24.865407460475,0.0032336892374070867,0.3233689237407087,0.0032336892374070863,0.00452716493236992,scenario,capsaicin,139.78638097899199
7.416666666666667,brain,2.000000057552797,0.994599777732,0.005400222268,0.3164635674160289,31.646356741602887,0.09041816397737187,9.041816397737188,0.248649944433,24.864994443300002,0.003249225192222005,0.3249225192222005,0.0032492251922220054,0.004548915269110807,scenario,capsaicin,136.2376526268706
7.5,brain,2.0000000350289535,0.994582629156,0.005417370844,0.316458110356636,31.645811035663602,0.09041660409018136,9.041660409018135,0.248645657289,24.8645657289,0.0032649111728426388,0.3264911172842639,0.0032649111728426388,0.004570875641979694,scenario,capsaicin,132.68892427474907
7.583333333333333,brain,2.000000021172491,0.994564922972,0.005435077028,0.3164524761436968,31.64524761436968,0.09041499386759574,9.041499386759574,0.248641230743,24.8641230743,0.0032807493541714746,0.32807493541714744,0.003280749354171475,0.004593049095840065,scenario,capsaicin,129.1401959226277
7.666666666666667,brain,2.0000000127086905,0.99454671588,0.00545328412,0.3164466827171711,31.64466827171711,0.09041333832956143,9.041333832956143,0.24863667897,24.863667897,0.0032967419566187583,0.32967419566187584,0.0032967419566187583,0.004615438739266261,scenario,capsaicin,125.59146757050614
7.75,brain,2.0000000075755424,0.994528060969,0.005471939031,0.31644074690544904,31.644074690544905,0.09041164221759873,9.041164221759873,0.24863201524225,24.863201524225,0.0033128912461044754,0.33128912461044757,0.0033128912461044754,0.004638047744546265,scenario,capsaicin,122.04273921838478
7.833333333333333,brain,2.0000000044844657,0.994509011327,0.005490988673,0.3164346855604455,31.643468556044553,0.09040991030492733,9.040991030492734,0.24862725283175,24.862725283175,0.0033291995344495646,0.33291995344495645,0.0033291995344495646,0.00466087934822939,scenario,capsaicin,118.49401086626334
7.916666666666667,brain,2.0000000026362814,0.994489620042,0.005510379958,0.31642851554916185,31.642851554916184,0.09040814738488243,9.040814738488242,0.2486224050105,24.86224050105,0.003345669180037634,0.3345669180037634,0.003345669180037634,0.004683936852052688,scenario,capsaicin,114.9452825141418
8.0,brain,2.000000001539065,0.994469940201,0.005530059799,0.3164222537477527,31.64222537477527,0.09040635826333694,9.040635826333695,0.24861748505025,24.861748505025,0.0033623025886671716,0.33623025886671715,0.0033623025886671716,0.0047072236241340396,scenario,capsaicin,111.3965541620204
8.083333333333334,brain,2.0000000008922902,0.994450024894,0.005549975106,0.31641591703922745,31.641591703922746,0.09040454775430323,9.040454775430323,0.2486125062235,24.86125062235,0.003367244141680779,0.33672441416807786,0.0033672441416807784,0.004714141798353089,scenario,capsaicin,110.34903157724979
8.166666666666666,brain,2.0000000005137353,0.994429937228,0.005570062772,0.31640952549746926,31.640952549746928,0.0904027215872923,9.04027215872923,0.248607484307,24.8607484307,0.003372200241660251,0.3372200241660251,0.0033722002416602505,0.00472108033832435,scenario,capsaicin,109.30150899247919
8.25,brain,2.0000000002937357,0.99440993926,0.00559006074,0.31640316250087064,31.640316250087064,0.0904009035811609,9.04009035811609,0.248602484815,24.8602484815,0.003377170952748854,0.33771709527488536,0.0033771709527488543,0.004728039333848396,scenario,capsaicin,108.25398640770857
8.333333333333334,brain,2.0000000001667853,0.994390216816,0.005609783184,0.31639688717386727,31.639688717386726,0.09039911062648966,9.039911062648965,0.248597554204,24.859755420400003,0.0033821563395430355,0.33821563395430354,0.0033821563395430355,0.004735018875360249,scenario,capsaicin,107.206463822938
8.416666666666666,brain,2.0000000000940465,0.994370888441,0.005629111559,0.31639073723412553,31.639073723412555,0.0903973534985007,9.03973534985007,0.24859272211025,24.859272211025,0.0033871564670662495,0.33871564670662496,0.00338715646706625,0.00474201905389275,scenario,capsaicin,106.15894123816739
8.5,brain,2.000000000052664,0.994352072677,0.005647927323,0.31638475039885017,31.638475039885016,0.09039564297280027,9.039564297280027,0.24858801816925,24.858801816925,0.003392171400754056,0.3392171400754056,0.0033921714007540565,0.004749039961055679,scenario,capsaicin,105.11141865339685
8.583333333333334,brain,2.0000000000292864,0.994333888069,0.005666111931,0.31637896438649343,31.637896438649342,0.09039398982565788,9.039398982565789,0.24858347201725,24.858347201725,0.003397201206446206,0.3397201206446206,0.003397201206446206,0.004756081689024688,scenario,capsaicin,104.06389606862628
8.666666666666666,brain,2.0000000000161737,0.99431645316,0.00568354684,0.31637341691504384,31.637341691504382,0.09039240483339181,9.039240483339182,0.24857911329,24.857911329,0.003402245950383046,0.3402245950383046,0.003402245950383046,0.0047631443305362646,scenario,capsaicin,103.0163734838557
8.75,brain,2.0000000000088702,0.994299886493,0.005700113507,0.31636814570259153,31.636814570259155,0.09039089877245535,9.039089877245535,0.24857497162325,24.857497162325,0.003407305699204544,0.34073056992045436,0.003407305699204544,0.004770227978886361,scenario,capsaicin,101.96885089908504
8.833333333333334,brain,2.000000000004831,0.994284305422,0.005715694578,0.316363188088967,31.636318808896704,0.09038948231128939,9.03894823112894,0.2485710763555,24.857107635549998,0.003412380519950927,0.3412380519950927,0.003412380519950927,0.004777332727931297,scenario,capsaicin,100.92132831431447
8.916666666666666,brain,2.000000000002613,0.994269471827,0.005730528173,0.3163584683086714,31.63584683086714,0.0903881338025619,9.03881338025619,0.24856736795675,24.856736795675,0.003417470480064296,0.34174704800642963,0.003417470480064296,0.004784458672090014,scenario,capsaicin,99.87380572954392
9.0,brain,2.0000000000014033,0.994255123813,0.005744876187,0.31635390303145233,31.635390303145233,0.09038682943760311,9.03868294376031,0.24856378095325,24.856378095325,0.003422575647390817,0.3422575647390817,0.003422575647390817,0.004791605906347143,scenario,capsaicin,98.82628314477323
9.083333333333334,brain,2.0000000000007487,0.994241236956,0.005758763044,0.31634948448602307,31.63494844860231,0.09038556699603076,9.038556699603076,0.248560309239,24.8560309239,0.0034276960901832784,0.34276960901832787,0.0034276960901832793,0.004798774526256591,scenario,capsaicin,97.77876056000265
9.166666666666666,brain,2.0000000000003966,0.994227786834,0.005772213166,0.3163452049017395,31.63452049017395,0.09038434425765265,9.038434425765265,0.2485569467085,24.85569467085,0.0034328318771038786,0.34328318771038785,0.0034328318771038786,0.004805964627945429,scenario,capsaicin,96.7312379752321
9.25,brain,2.0000000000002087,0.994214749022,0.005785250978,0.31634105650700645,31.634105650700644,0.09038315900200858,9.038315900200859,0.2485536872555,24.85536872555,0.003437983077227134,0.3437983077227134,0.003437983077227134,0.0048131763081179875,scenario,capsaicin,95.68371539046153
9.333333333333334,brain,2.000000000000109,0.994202099097,0.005797900903,0.31633703153086695,31.633703153086696,0.09038200900882264,9.038200900882263,0.24855052477425,24.855052477424998,0.003443149760042899,0.3443149760042899,0.0034431497600428992,0.004820409664060059,scenario,capsaicin,94.63619280569087
9.416666666666666,brain,2.0000000000000564,0.994189812637,0.005810187363,0.31633312220268356,31.633312220268355,0.09038089205791142,9.038089205791142,0.24854745315925,24.854745315925,0.0034483319954594386,0.3448331995459439,0.0034483319954594386,0.004827664793643213,scenario,capsaicin,93.58867022092033
9.5,brain,2.0000000000000293,0.994177865218,0.005822134782,0.3163293207511827,31.63293207511827,0.09037980592891029,9.03798059289103,0.2485444663045,24.85444663045,0.0034535298538065605,0.34535298538065606,0.0034535298538065605,0.004834941795329184,scenario,capsaicin,92.54114763614966
9.583333333333334,brain,2.000000000000015,0.994166204464,0.005833795536,0.31632561051127317,31.63256105112732,0.09037874586036425,9.037874586036425,0.248541551116,24.854155111599997,0.0034587434058387712,0.3458743405838771,0.003458743405838771,0.004842240768174279,scenario,capsaicin,91.49362505137911
9.666666666666666,brain,2.0000000000000075,0.994154749571,0.005845250429,0.31632196577259114,31.632196577259116,0.09037770450645485,9.037770450645485,0.24853868739275,24.853868739275,0.00346397272273849,0.34639727227384903,0.00346397272273849,0.004849561811833886,scenario,capsaicin,90.44610246660855
9.75,brain,2.000000000000004,0.994143458333,0.005856541667,0.3163183731059547,31.63183731059547,0.0903766780302729,9.03766780302729,0.24853586458325,24.853586458325,0.003469217876119282,0.3469217876119282,0.0034692178761192814,0.004856905026566993,scenario,capsaicin,89.39857988183792
9.833333333333334,brain,2.0000000000000018,0.994132289204,0.005867710796,0.31631481929218186,31.631481929218186,0.09037566265490918,9.037566265490918,0.248533072301,24.8533072301,0.003474478938029114,0.3474478938029114,0.003474478938029114,0.004864270513240759,scenario,capsaicin,88.35105729706731
9.916666666666666,brain,2.000000000000001,0.994121200634,0.005878799366,0.31631129111081824,31.631129111081822,0.09037465460309095,9.037465460309095,0.2485303001585,24.85303001585,0.0034797559809536687,0.3479755980953669,0.0034797559809536683,0.0048716583733351354,scenario,capsaicin,87.30353471229677
10.0,brain,2.0000000000000004,0.994110151077,0.005889848923,0.31630777534268184,31.630777534268184,0.0903736500979091,9.03736500979091,0.24852753776925,24.852753776925,0.0034850490778196614,0.34850490778196613,0.003485049077819662,0.004879068708947526,scenario,capsaicin,86.25601212752615
10.083333333333334,brain,2.0000000000000004,0.994099098985,0.005900901015,0.31630425876795454,31.630425876795453,0.09037264536227274,9.037264536227275,0.24852477474625,24.852477474625,0.003490358301998202,0.3490358301998202,0.003490358301998202,0.0048865016227974825,scenario,capsaicin,85.20848954275556
10.166666666666666,brain,2.0,0.994088002808,0.005911997192,0.3163007281661818,31.63007281661818,0.0903716366189091,9.03716366189091,0.248522000702,24.852200070200002,0.003495683727308185,0.3495683727308185,0.0034956837273081845,0.004893957218231458,scenario,capsaicin,84.160966957985
10.25,brain,2.0,0.994076860181,0.005923139819,0.31629718278486363,31.62971827848636,0.09037062365281819,9.037062365281818,0.24851921504525,24.851921504525002,0.003501025428019712,0.35010254280197123,0.003501025428019712,0.004901435599227596,scenario,capsaicin,83.11344437321434
10.333333333333334,brain,2.0,0.994065778255,0.005934221745,0.3162936567175,31.629365671749998,0.090369616205,9.0369616205,0.24851644456375,24.851644456375,0.0035063834788575453,0.35063834788575454,0.0035063834788575453,0.004908936870400563,scenario,capsaicin,82.06592178844377
10.416666666666666,brain,2.0,0.994054766393,0.005945233607,0.31629015294322727,31.629015294322727,0.09036861512663637,9.036861512663636,0.24851369159825,24.851369159825,0.0035117579550045875,0.35117579550045874,0.003511757955004587,0.004916461137006421,scenario,capsaicin,81.0183992036732
10.5,brain,2.0,0.994043824488,0.005956175512,0.316286671428,31.628667142799998,0.090367620408,9.036762040800001,0.248510956122,24.851095612199998,0.003517148932105402,0.35171489321054017,0.0035171489321054014,0.004924008504947562,scenario,capsaicin,79.97087661890261
10.583333333333334,brain,2.0,0.994032952436,0.005967047564,0.3162832121387273,31.628321213872727,0.09036663203963637,9.036663203963636,0.248508238109,24.8508238109,0.0035225564862697606,0.35225564862697606,0.00352255648626976,0.004931579080777664,scenario,capsaicin,78.923354034132
10.666666666666666,brain,2.0,0.994022150131,0.005977849869,0.3162797750416818,31.627977504168182,0.09036565001190909,9.036565001190908,0.24850553753275,24.850553753275,0.003527980694076226,0.3527980694076226,0.0035279806940762266,0.004939172971706717,scenario,capsaicin,77.87583144936144
10.75,brain,2.0,0.994011417467,0.005988582533,0.31627636010313637,31.627636010313637,0.09036467431518182,9.036467431518181,0.24850285436675,24.850285436674998,0.0035334216325757675,0.3533421632575767,0.0035334216325757675,0.004946790285606074,scenario,capsaicin,76.82830886459082
10.833333333333334,brain,2.0,0.994000754337,0.005999245663,0.3162729672890454,31.62729672890454,0.09036370493972727,9.036370493972727,0.24850018858425,24.850018858425,0.003538879379295405,0.3538879379295405,0.003538879379295405,0.004954431131013567,scenario,capsaicin,75.78078627982019
10.916666666666666,brain,2.0,0.993990160749,0.006009839251,0.31626959660195453,31.626959660195453,0.09036274188627273,9.036274188627273,0.24849754018725,24.849754018725,0.003544354012241897,0.3544354012241897,0.003544354012241897,0.004962095617138656,scenario,capsaicin,74.73326369504962
11.0,brain,2.0,0.993979637466,0.006020362534,0.3162662482846364,31.62662482846364,0.09036178522418183,9.036178522418183,0.2484949093665,24.84949093665,0.003549845609905455,0.3549845609905455,0.003549845609905455,0.0049697838538676365,scenario,capsaicin,73.68574111027905
11.083333333333334,brain,2.0,0.99396918477,0.00603081523,0.3162629224268182,31.62629224268182,0.0903608349790909,9.036083497909091,0.2484922961925,24.84922961925,0.003555354251263491,0.3555354251263491,0.0035553542512634906,0.004977495951768887,scenario,capsaicin,72.63821852550842
11.166666666666666,brain,2.0,0.993958802801,0.006041197199,0.31625961907304545,31.625961907304546,0.09035989116372728,9.035989116372727,0.24848970070025,24.848970070025,0.0035608800157844096,0.35608800157844095,0.003560880015784409,0.004985232022098172,scenario,capsaicin,71.59069594073785
11.25,brain,2.0,0.9939484917,0.0060515083,0.31625633826818184,31.625633826818184,0.0903589537909091,9.03589537909091,0.248487122925,24.8487122925,0.0035664229834314267,0.35664229834314265,0.0035664229834314267,0.004992992176803997,scenario,capsaicin,70.54317335596721
11.333333333333334,brain,2.0,0.993938251606,0.006061748394,0.3162530800564546,31.625308005645458,0.09035802287327273,9.035802287327273,0.2484845629015,24.84845629015,0.003571983234666422,0.3571983234666422,0.0035719832346664216,0.00500077652853299,scenario,capsaicin,69.49565077119667
11.416666666666666,brain,2.0,0.993928082661,0.006071917339,0.31624984448304544,31.624984448304545,0.09035709842372727,9.035709842372727,0.24848202066525,24.848202066524998,0.003577560850453844,0.3577560850453844,0.0035775608504538445,0.005008585190635382,scenario,capsaicin,68.44812818642606
11.5,brain,2.0,0.993917985004,0.006082014996,0.3162466315921818,31.62466315921818,0.09035618045490909,9.035618045490908,0.248479496251,24.8479496251,0.0035831559122646273,0.3583155912264627,0.0035831559122646277,0.005016418277170478,scenario,capsaicin,67.40060560165547
11.583333333333334,brain,2.0,0.993907961397,0.006092038603,0.3162434422626818,31.62434422626818,0.0903552692179091,9.03552692179091,0.24847699034925,24.847699034925,0.003588768502080168,0.3588768502080168,0.003588768502080168,0.0050242759029122345,scenario,capsaicin,66.35308301688484
11.666666666666666,brain,2.0,0.993898065819,0.006101934181,0.3162402936696818,31.62402936696818,0.09035436961990909,9.035436961990909,0.24847451645475,24.847451645475,0.0035943987023963207,0.3594398702396321,0.003594398702396321,0.00503215818335485,scenario,capsaicin,65.30556043211429
11.75,brain,2.0,0.993888319629,0.006111680371,0.3162371926092273,31.623719260922726,0.09035348360263637,9.035348360263637,0.24847207990725,24.847207990725,0.00360004659622745,0.360004659622745,0.0036000465962274498,0.005040065234718429,scenario,capsaicin,64.25803784734367
11.833333333333334,brain,2.0,0.993878722828,0.006121277172,0.3162341390816364,31.623413908163638,0.09035261116618183,9.035261116618184,0.248469680707,24.8469680707,0.0036057122671104996,0.36057122671104996,0.0036057122671105,0.0050479971739547,scenario,capsaicin,63.21051526257307
11.916666666666666,brain,2.0,0.993869275414,0.006130724586,0.31623113308627276,31.623113308627275,0.09035175231036364,9.035175231036364,0.2484673188535,24.84673188535,0.0036113957991091186,0.36113957991091183,0.003611395799109119,0.005055954118752766,scenario,capsaicin,62.16299267780251
12.0,brain,2.0,0.993859977389,0.006140022611,0.31622817462377273,31.622817462377274,0.09035090703536364,9.035090703536364,0.24846499434725,24.846499434725,0.0036170972768178183,0.36170972768178183,0.003617097276817818,0.005063936187544945,scenario,capsaicin,61.1154700930319
12.083333333333334,brain,2.0,0.993850828753,0.006149171247,0.3162252636941364,31.622526369413638,0.09035007534118182,9.035007534118183,0.24846270718825,24.846270718825,0.0036185976371202505,0.36185976371202505,0.003618597637120251,0.005066036691968351,scenario,capsaicin,60.84036012745705
12.166666666666666,brain,2.0,0.993841829504,0.006158170496,0.31622240029672727,31.622240029672728,0.09034925722763637,9.034925722763637,0.248460457376,24.8460457376,0.003620099242628434,0.3620099242628434,0.0036200992426284346,0.005068138939679808,scenario,capsaicin,60.56525016188216
12.25,brain,2.0,0.993832979643,0.006167020357,0.31621958443186365,31.621958443186365,0.09034845269481818,9.034845269481819,0.24845824491075,24.845824491075,0.0036216020948931773,0.3621602094893177,0.0036216020948931773,0.005070242932850448,scenario,capsaicin,60.29014019630728
12.333333333333334,brain,2.0,0.993824317529,0.006175682471,0.31621682830468184,31.621682830468185,0.0903476652299091,9.03476652299091,0.24845607938225,24.845607938225,0.003623106195467866,0.3623106195467866,0.003623106195467866,0.005072348673655012,scenario,capsaicin,60.01503023073239
12.416666666666666,brain,2.0,0.993815958884,0.006184041116,0.3162141687358182,31.621416873581822,0.09034690535309091,9.03469053530909,0.248453989721,24.8453989721,0.003624611545908464,0.3624611545908464,0.003624611545908464,0.005074456164271849,scenario,capsaicin,59.73992026515756
12.5,brain,2.0,0.993807911581,0.006192088419,0.3162116082303182,31.62116082303182,0.09034617378009091,9.034617378009091,0.24845197789525,24.845197789525,0.003626118147773528,0.3626118147773528,0.003626118147773528,0.005076565406882939,scenario,capsaicin,59.464810299582645
12.583333333333334,brain,2.0,0.993800175617,0.006199824383,0.3162091467872273,31.620914678722727,0.09034547051063636,9.034547051063637,0.24845004390425,24.845004390425,0.0036276260026242013,0.36276260026242013,0.0036276260026242013,0.0050786764036738815,scenario,capsaicin,59.18970033400778
12.666666666666666,brain,2.0,0.993792750995,0.006207249005,0.3162067844075,31.620678440749998,0.090344795545,9.034479554499999,0.24844818774875,24.844818774874998,0.003629135112024229,0.36291351120242293,0.003629135112024229,0.0050807891568339205,scenario,capsaicin,58.91459036843295
12.75,brain,2.0,0.993785637712,0.006214362288,0.3162045210901818,31.62045210901818,0.09034414888290909,9.03441488829091,0.248446409428,24.8446409428,0.0036306454775399577,0.36306454775399577,0.0036306454775399573,0.0050829036685559395,scenario,capsaicin,58.639480402858034
12.833333333333334,brain,2.0,0.993778835771,0.006221164229,0.31620235683622727,31.620235683622727,0.09034353052463637,9.034353052463636,0.24844470894275,24.844470894275002,0.0036321571007403427,0.36321571007403425,0.0036321571007403427,0.005085019941036479,scenario,capsaicin,58.36437043728317
12.916666666666666,brain,2.0,0.99377234517,0.00622765483,0.316200291645,31.620029164500004,0.09034294047000001,9.034294047000001,0.2484430862925,24.84430862925,0.003633669983196952,0.3633669983196952,0.0036336699831969526,0.005087137976475733,scenario,capsaicin,58.08926047170833
13.0,brain,2.0,0.993766165168,0.006233834832,0.3161983252807273,31.619832528072727,0.09034237865163637,9.034237865163638,0.248441541292,24.8441541292,0.003635184126483978,0.3635184126483978,0.003635184126483978,0.005089257777077569,scenario,capsaicin,57.81415050613346
13.083333333333334,brain,2.0,0.993760230546,0.006239769454,0.31619643699190914,31.619643699190913,0.09034183914054546,9.034183914054546,0.2484400576365,24.844005763650003,0.003636699532178231,0.3636699532178231,0.003636699532178231,0.005091379345049523,scenario,capsaicin,57.53904054055859
13.166666666666666,brain,2.0,0.993754499167,0.006245500833,0.31619461337131816,31.619461337131817,0.0903413181060909,9.03413181060909,0.24843862479175,24.843862479174998,0.003638216201859157,0.3638216201859157,0.003638216201859157,0.0050935026826028195,scenario,capsaicin,57.26393057498369
13.25,brain,2.0,0.993748971031,0.006251028969,0.31619285441895456,31.619285441895457,0.09034081554827274,9.034081554827274,0.24843724275775,24.843724275775,0.0036397341371088364,0.36397341371088365,0.0036397341371088364,0.005095627791952371,scenario,capsaicin,56.98882060940884
13.333333333333334,brain,2.0,0.993743646139,0.006256353861,0.3161911601351364,31.619116013513636,0.09034033146718182,9.034033146718182,0.24843591153475,24.843591153475,0.00364125333951199,0.364125333951199,0.00364125333951199,0.0050977546753167855,scenario,capsaicin,56.71371064383398
13.416666666666666,brain,2.0,0.993738524491,0.006261475509,0.31618953051986365,31.618953051986367,0.09033986586281818,9.033986586281818,0.24843463112275,24.843463112275,0.0036427738106559874,0.36427738106559876,0.003642773810655987,0.005099883334918382,scenario,capsaicin,56.438600678259064
13.5,brain,2.0,0.993733606086,0.006266393914,0.3161879655728182,31.61879655728182,0.09033941873509091,9.033941873509091,0.2484334015215,24.843340152150002,0.003644295552130848,0.3644295552130848,0.0036442955521308485,0.005102013772983188,scenario,capsaicin,56.1634907126842
13.583333333333334,brain,2.0,0.993728890924,0.006271109076,0.31618646529399996,31.618646529399996,0.090338990084,9.033899008399999,0.248432222731,24.8432222731,0.003645818565529252,0.3645818565529252,0.003645818565529252,0.005104145991740952,scenario,capsaicin,55.88838074710935
13.666666666666666,brain,2.0,0.993724379006,0.006275620994,0.3161850296837273,31.61850296837273,0.09033857990963637,9.033857990963638,0.2484310947515,24.843109475149998,0.003647342852446541,0.36473428524465407,0.003647342852446541,0.005106279993425157,scenario,capsaicin,55.61327078153448
13.75,brain,2.0,0.993720053135,0.006279946865,0.3161836532702273,31.61836532702273,0.09033818664863637,9.033818664863636,0.24843001328375,24.843001328375,0.003648868414480727,0.3648868414480727,0.003648868414480727,0.005108415780273018,scenario,capsaicin,55.338160815959604
13.833333333333334,brain,2.0,0.993715826982,0.006284173018,0.3161823085851818,31.61823085851818,0.0903378024529091,9.03378024529091,0.2484289567455,24.84289567455,0.003650395253232496,0.3650395253232496,0.003650395253232496,0.005110553354525494,scenario,capsaicin,55.06305085038475
13.916666666666666,brain,2.0,0.993711688644,0.006288311356,0.3161809918412727,31.618099184127267,0.09033742624036363,9.033742624036362,0.248427922161,24.842792216099998,0.0036519233703052162,0.3651923370305216,0.003651923370305216,0.0051126927184273014,scenario,capsaicin,54.78794088480985
14.0,brain,2.0,0.993707638122,0.006292361878,0.3161797030388182,31.61797030388182,0.09033705801109092,9.033705801109091,0.2484269095305,24.84269095305,0.0036534527673049385,0.36534527673049383,0.003653452767304938,0.005114833874226913,scenario,capsaicin,54.51283091923498
14.083333333333334,brain,2.0,0.993703675416,0.006296324584,0.3161784421778182,31.617844217781823,0.09033669776509091,9.033669776509091,0.248425918854,24.8425918854,0.003654983445840407,0.3654983445840407,0.0036549834458404064,0.005116976824176569,scenario,capsaicin,54.23772095366011
14.166666666666666,brain,2.0,0.993699800526,0.006300199474,0.31617720925827275,31.617720925827275,0.09033634550236365,9.033634550236364,0.2484249501315,24.84249501315,0.0036565154075230625,0.36565154075230627,0.0036565154075230625,0.005119121570532287,scenario,capsaicin,53.96261098808523
14.25,brain,2.0,0.993696013451,0.006303986549,0.31617600427986364,31.617600427986364,0.09033600122281818,9.033600122281818,0.24842400336275,24.842400336275,0.0036580486539670508,0.3658048653967051,0.0036580486539670503,0.00512126811555387,scenario,capsaicin,53.68750102251037
14.333333333333334,brain,2.0,0.993692314191,0.006307685809,0.31617482724259094,31.617482724259094,0.09033566492645455,9.033566492645456,0.24842307854775,24.842307854775,0.003659583186789223,0.3659583186789223,0.0036595831867892235,0.005123416461504913,scenario,capsaicin,53.41239105693549
14.416666666666666,brain,2.0,0.993688702748,0.006311297252,0.3161736781470909,31.61736781470909,0.09033533661345455,9.033533661345455,0.248422175687,24.8422175687,0.003661119007609146,0.3661119007609146,0.0036611190076091464,0.005125566610652805,scenario,capsaicin,53.13728109136062
14.5,brain,2.0,0.993685156741,0.006314843259,0.3161725498721364,31.617254987213638,0.09033501424918182,9.033501424918182,0.24842128918525,24.842128918525,0.0036626561180491068,0.3662656118049107,0.003662656118049107,0.00512771856526875,scenario,capsaicin,52.86217112578574
14.583333333333334,brain,2.0,0.993681651537,0.006318348463,0.31617143457995456,31.617143457995457,0.09033469559427273,9.033469559427273,0.24842041288425,24.842041288425,0.0036641945197341172,0.36641945197341175,0.003664194519734117,0.005129872327627763,scenario,capsaicin,52.58706116021087
14.666666666666666,brain,2.0,0.993678187122,0.006321812878,0.3161703322660909,31.61703322660909,0.09033438064745454,9.033438064745454,0.2484195467805,24.841954678049998,0.0036657342142919214,0.36657342142919214,0.0036657342142919214,0.00513202790000869,scenario,capsaicin,52.31195119463601
14.75,brain,2.0,0.993674763496,0.006325236504,0.3161692429305455,31.61692429305455,0.09033406940872728,9.033406940872728,0.248418690874,24.8418690874,0.0036672752033529996,0.3667275203353,0.003667275203352999,0.005134185284694198,scenario,capsaicin,52.03684122906114
14.833333333333334,brain,2.0,0.993671380659,0.006328619341,0.31616816657331814,31.616816657331814,0.0903337618780909,9.03337618780909,0.24841784516475,24.841784516475,0.003668817488550575,0.3668817488550575,0.0036688174885505746,0.005136344483970804,scenario,capsaicin,51.76173126348627
14.916666666666666,brain,2.0,0.99366803861,0.00633196139,0.3161671031940909,31.61671031940909,0.09033345805545455,9.033345805545455,0.2484170096525,24.84170096525,0.0036703610715206206,0.3670361071520621,0.0036703610715206206,0.005138505500128869,scenario,capsaicin,51.486621297911405
15.0,brain,2.0,0.993664737351,0.006335262649,0.3161660527935,31.61660527935,0.09033315794100001,9.033315794100002,0.24841618433775,24.841618433775,0.003671905953901861,0.3671905953901861,0.0036719059539018608,0.005140668335462605,scenario,capsaicin,51.211511332336514
15.083333333333334,brain,2.0,0.993661476881,0.006338523119,0.31616501537122726,31.616501537122726,0.09033286153463636,9.033286153463637,0.24841536922025,24.841536922025,0.0036734521373357836,0.36734521373357837,0.0036734521373357836,0.005142832992270097,scenario,capsaicin,50.93640136676165
15.166666666666666,brain,2.0,0.993658255897,0.006341744103,0.31616399051268185,31.616399051268186,0.0903325687179091,9.03325687179091,0.24841456397425,24.841456397425,0.003674999623466641,0.3674999623466641,0.0036749996234666416,0.005144999472853298,scenario,capsaicin,50.66129140118679
15.25,brain,2.0,0.993655062646,0.006344937354,0.31616297447827274,31.616297447827275,0.09033227842236365,9.033227842236364,0.2484137656615,24.84137656615,0.0036765484139414583,0.36765484139414584,0.003676548413941458,0.005147167779518041,scenario,capsaicin,50.386181435611896
15.333333333333334,brain,2.0,0.993651894324,0.006348105676,0.31616196637581817,31.616196637581815,0.09033199039309091,9.03319903930909,0.248412973581,24.8412973581,0.003678098510410037,0.3678098510410037,0.0036780985104100366,0.0051493379145740505,scenario,capsaicin,50.111071470037025
15.416666666666666,brain,2.0,0.99364875093,0.00635124907,0.316160966205,31.616096620500002,0.09033170463000001,9.033170463000001,0.2484121877325,24.841218773250002,0.0036796499145249615,0.36796499145249617,0.0036796499145249615,0.005151509880334946,scenario,capsaicin,49.83596150446215
15.5,brain,2.0,0.993645632465,0.006354367535,0.3161599739661364,31.615997396613636,0.09033142113318182,9.033142113318181,0.24841140811625,24.841140811625,0.0036812026279416073,0.3681202627941607,0.0036812026279416077,0.00515368367911825,scenario,capsaicin,49.56085153888729
15.583333333333334,brain,2.0,0.993642538928,0.006357461072,0.3161589896589091,31.61589896589091,0.09033113990254546,9.033113990254545,0.248410634732,24.841063473200002,0.003682756652318145,0.3682756652318145,0.0036827566523181454,0.005155859313245403,scenario,capsaicin,49.285741573312414
15.666666666666666,brain,2.0,0.99363947032,0.00636052968,0.31615801328363635,31.615801328363634,0.09033086093818182,9.033086093818183,0.24840986758,24.840986758,0.003684311989315546,0.3684311989315546,0.0036843119893155466,0.005158036785041765,scenario,capsaicin,49.010631607737544
15.75,brain,2.0,0.99363642664,0.00636357336,0.31615704483999996,31.615704483999995,0.09033058424,9.033058424,0.24840910666,24.840910666,0.0036858686405975886,0.3685868640597589,0.003685868640597588,0.005160216096836623,scenario,capsaicin,48.735521642162674
15.833333333333334,brain,2.0,0.993633407889,0.006366592111,0.3161560843283182,31.61560843283182,0.09033030980809091,9.033030980809091,0.24840835197225,24.840835197225,0.0036874266078308635,0.3687426607830864,0.0036874266078308635,0.0051623972509632085,scenario,capsaicin,48.46041167658781
15.916666666666666,brain,2.0,0.993630410624,0.006369589376,0.3161551306530909,31.61551306530909,0.09033003732945455,9.033003732945454,0.248407602656,24.8407602656,0.0036889858926847834,0.36889858926847835,0.003688985892684783,0.005164580249758696,scenario,capsaicin,48.18530171101293
16.0,brain,2.0,0.993627428548,0.006372571452,0.3161541818107273,31.61541818107273,0.09032976623163637,9.032976623163638,0.248406857137,24.8406857137,0.003690546496831581,0.3690546496831581,0.0036905464968315805,0.005166765095564212,scenario,capsaicin,47.91019174543806
16.083333333333332,brain,2.0,0.993624461526,0.006375538474,0.31615323775827275,31.615323775827274,0.09032949650236365,9.032949650236365,0.2484061153815,24.84061153815,0.0036921084219463233,0.36921084219463235,0.0036921084219463233,0.0051689517907248525,scenario,capsaicin,47.6350817798632
16.166666666666668,brain,2.0,0.993621509557,0.006378490443,0.3161522984954091,31.61522984954091,0.09032922814154545,9.032922814154546,0.24840537738925,24.840537738925,0.0036936716697069144,0.36936716697069144,0.003693671669706914,0.00517114033758968,scenario,capsaicin,47.35997181428831
16.25,brain,2.0,0.993618572644,0.006381427356,0.3161513640230909,31.61513640230909,0.09032896114945455,9.032896114945455,0.248404643161,24.8404643161,0.0036952362417940997,0.36952362417941,0.0036952362417940992,0.005173330738511739,scenario,capsaicin,47.08486184871344
16.333333333333332,brain,2.0,0.993615650784,0.006384349216,0.31615043434036366,31.615043434036366,0.0903286955258182,9.03286955258182,0.248403912696,24.8403912696,0.003696802139891475,0.3696802139891475,0.003696802139891475,0.005175522995848065,scenario,capsaicin,46.80975188313857
16.416666666666668,brain,2.0,0.993612743978,0.006387256022,0.3161495094475455,31.61495094475455,0.09032843127072727,9.032843127072727,0.2484031859945,24.84031859945,0.0036983693656854892,0.36983693656854894,0.003698369365685489,0.005177717111959684,scenario,capsaicin,46.534641917563704
16.5,brain,2.0,0.993609852227,0.006390147773,0.3161485893449546,31.61485893449546,0.09032816838427274,9.032816838427275,0.24840246305675,24.840246305675002,0.003699937920865454,0.3699937920865454,0.003699937920865454,0.005179913089211636,scenario,capsaicin,46.25953195198884
16.583333333333332,brain,2.0,0.993606975268,0.006393024732,0.3161476739489091,31.614767394890908,0.09032790684254546,9.032790684254547,0.248401743817,24.8401743817,0.0037015078071235474,0.37015078071235474,0.0037015078071235474,0.005182110929972966,scenario,capsaicin,45.98442198641397
16.666666666666668,brain,2.0,0.993604107943,0.006395892057,0.3161467616182273,31.61467616182273,0.09032764617663637,9.032764617663638,0.24840102698575,24.840102698575002,0.003703079026154821,0.37030790261548213,0.003703079026154821,0.005184310636616749,scenario,capsaicin,45.70931202083908
16.75,brain,2.0,0.993601248246,0.006398751754,0.3161458517146364,31.614585171463638,0.09032738620418182,9.032738620418183,0.2484003120615,24.84003120615,0.0037046515796572057,0.37046515796572055,0.0037046515796572057,0.005186512211520088,scenario,capsaicin,45.43420205526422
16.833333333333332,brain,2.0,0.993598396178,0.006401603822,0.3161449442384546,31.614494423845457,0.09032712692527274,9.032712692527275,0.2483995990445,24.83995990445,0.0037062254693315177,0.3706225469331518,0.0037062254693315177,0.0051887156570641245,scenario,capsaicin,45.15909208968934
16.916666666666668,brain,2.0,0.993595551739,0.006404448261,0.3161440391896818,31.614403918968183,0.09032686833990909,9.032686833990908,0.24839888793475,24.839888793475,0.003707800696881463,0.3707800696881463,0.003707800696881463,0.005190920975634047,scenario,capsaicin,44.883982124114475
17.0,brain,2.0,0.993592714929,0.006407285071,0.31614313656831816,31.614313656831815,0.09032661044809091,9.03266104480909,0.24839817873225,24.839817873225,0.0037093772640136484,0.37093772640136485,0.0037093772640136484,0.005193128169619108,scenario,capsaicin,44.60887215853959
17.083333333333332,brain,2.0,0.993589885748,0.006410114252,0.3161422363743636,31.61422363743636,0.09032635324981818,9.032635324981818,0.248397471437,24.8397471437,0.003710955172437583,0.3710955172437583,0.0037109551724375826,0.005195337241412615,scenario,capsaicin,44.33376219296473
17.166666666666668,brain,2.0,0.993587064195,0.006412935805,0.3161413386075,31.614133860749998,0.090326096745,9.0326096745,0.24839676604875,24.839676604875,0.0037125344238656847,0.3712534423865685,0.003712534423865685,0.005197548193411959,scenario,capsaicin,44.05865222738985
17.25,brain,2.0,0.993584250272,0.006415749728,0.31614044326836366,31.614044326836364,0.0903258409338182,9.03258409338182,0.248396062568,24.8396062568,0.0037141150200132905,0.37141150200132905,0.00371411502001329,0.0051997610280186055,scenario,capsaicin,43.78354226181499
17.333333333333332,brain,2.0,0.993581442892,0.006418557108,0.31613955001109095,31.613955001109094,0.09032558571745455,9.032558571745456,0.248395360723,24.8395360723,0.0037156969625986576,0.37156969625986574,0.003715696962598657,0.00520197574763812,scenario,capsaicin,43.50843229624012
17.416666666666668,brain,2.0,0.993578638865,0.006421361135,0.3161386578206818,31.613865782068178,0.09032533080590908,9.032533080590909,0.24839465971625,24.839465971625,0.0037172802533429724,0.3717280253342972,0.0037172802533429724,0.005204192354680161,scenario,capsaicin,43.23332233066524
17.5,brain,2.0,0.993575837984,0.006424162016,0.3161377666312727,31.61377666312727,0.09032507618036363,9.032507618036362,0.248393959496,24.8393959496,0.0037188648939703558,0.37188648939703556,0.003718864893970356,0.005206410851558498,scenario,capsaicin,42.958212365090375
17.583333333333332,brain,2.0,0.993573040247,0.006426959753,0.31613687644222727,31.613687644222725,0.09032482184063637,9.032482184063637,0.24839326006175,24.839326006175,0.0037204508862078707,0.37204508862078706,0.003720450886207871,0.005208631240691019,scenario,capsaicin,42.6831023995155
17.666666666666668,brain,2.0,0.993570245655,0.006429754345,0.3161359872538636,31.61359872538636,0.09032456778681817,9.032456778681818,0.24839256141375,24.839256141375,0.003722038231785527,0.3722038231785527,0.003722038231785527,0.005210853524499738,scenario,capsaicin,42.40799243394061
17.75,brain,2.0,0.993567454208,0.006432545792,0.3161350990661818,31.61350990661818,0.09032431401890909,9.032431401890909,0.248391863552,24.8391863552,0.003723626932436289,0.3723626932436289,0.003723626932436288,0.0052130777054108035,scenario,capsaicin,42.13288246836575
17.833333333333332,brain,2.0,0.993564665906,0.006435334094,0.31613421187918184,31.613421187918185,0.0903240605369091,9.03240605369091,0.2483911664765,24.839116647650002,0.00372521698989608,0.372521698989608,0.00372521698989608,0.005215303785854512,scenario,capsaicin,41.857772502790894
17.916666666666668,brain,2.0,0.993561880749,0.006438119251,0.3161333256928636,31.613332569286364,0.09032380734081819,9.03238073408182,0.24839047018725,24.839047018725,0.00372680840590379,0.372680840590379,0.0037268084059037896,0.005217531768265305,scenario,capsaicin,41.58266253721602
18.0,brain,2.0,0.993559098718,0.006440901282,0.31613244050118183,31.613244050118183,0.09032355442890909,9.032355442890909,0.2483897746795,24.83897746795,0.003728401182201281,0.3728401182201281,0.003728401182201281,0.005219761655081793,scenario,capsaicin,41.307552571641146
18.083333333333332,brain,2.0,0.993556318365,0.006443681635,0.31613155584340913,31.613155584340912,0.09032330166954546,9.032330166954546,0.24838907959125,24.838907959125002,0.0037299953205333952,0.3729995320533395,0.0037299953205333957,0.005221993448746754,scenario,capsaicin,41.03244260606627
18.166666666666668,brain,2.0,0.993553538784,0.006446461216,0.3161306714312727,31.61306714312727,0.09032304898036364,9.032304898036363,0.248388384696,24.8388384696,0.0037315908226479614,0.37315908226479616,0.0037315908226479614,0.005224227151707146,scenario,capsaicin,40.757332640491384
18.25,brain,2.0,0.993550759974,0.006449240026,0.31612978726445456,31.612978726445455,0.09032279636127273,9.032279636127273,0.2483876899935,24.83876899935,0.0037331876902957964,0.37331876902957967,0.0037331876902957964,0.005226462766414115,scenario,capsaicin,40.48222267491653
18.333333333333332,brain,2.0,0.993547981935,0.006452018065,0.31612890334295457,31.612890334295457,0.09032254381227274,9.032254381227274,0.24838699548375,24.838699548375,0.00373478592523072,0.37347859252307203,0.00373478592523072,0.0052287002953230076,scenario,capsaicin,40.207112709341665
18.416666666666668,brain,2.0,0.993545204668,0.006454795332,0.3161280196670909,31.612801966709092,0.09032229133345455,9.032229133345455,0.248386301167,24.8386301167,0.0037363855292095517,0.37363855292095516,0.0037363855292095517,0.005230939740893372,scenario,capsaicin,39.93200274376677
18.5,brain,2.0,0.993542428172,0.006457571828,0.3161271362365454,31.612713623654543,0.09032203892472727,9.032203892472728,0.248385607043,24.8385607043,0.0037379865039921245,0.37379865039921245,0.0037379865039921245,0.005233181105588974,scenario,capsaicin,39.65689277819191
18.583333333333332,brain,2.0,0.993539652447,0.006460347553,0.3161262530513182,31.612625305131818,0.09032178658609091,9.03217865860909,0.24838491311175,24.838491311175,0.0037395888513412903,0.373958885134129,0.0037395888513412907,0.005235424391877807,scenario,capsaicin,39.38178281261705
18.666666666666668,brain,2.0,0.993536877494,0.006463122506,0.31612537011172726,31.612537011172726,0.09032153431763637,9.032153431763637,0.2483842193735,24.83842193735,0.0037411925730229225,0.37411925730229223,0.003741192573022922,0.005237669602232091,scenario,capsaicin,39.10667284704217
18.75,brain,2.0,0.99353410311,0.00646589689,0.3161244873531818,31.612448735318182,0.09032128210090909,9.032128210090908,0.2483835257775,24.83835257775,0.0037427976708059264,0.37427976708059263,0.0037427976708059264,0.005239916739128297,scenario,capsaicin,38.8315628814673
18.833333333333332,brain,2.0,0.993531328319,0.006468671681,0.3161236044651364,31.612360446513637,0.09032102984718182,9.032102984718183,0.24838283207975,24.838283207975,0.003744404146462245,0.37444041464622446,0.0037444041464622445,0.005242165805047142,scenario,capsaicin,38.55645291589242
18.916666666666668,brain,2.0,0.993528552995,0.006471447005,0.3161227214075,31.612272140749997,0.090320777545,9.0320777545,0.24838213824875,24.838213824874998,0.0037460120017668613,0.37460120017668613,0.003746012001766861,0.005244416802473605,scenario,capsaicin,38.28134295031755
19.0,brain,2.0,0.993525777135,0.006474222865,0.31612183817931816,31.612183817931815,0.09032052519409091,9.03205251940909,0.24838144428375,24.838144428375,0.0037476212384978122,0.37476212384978125,0.0037476212384978122,0.005246669733896937,scenario,capsaicin,38.006232984742674
19.083333333333332,brain,2.0,0.993523000742,0.006476999258,0.31612095478154545,31.612095478154544,0.09032027279472728,9.032027279472727,0.2483807501855,24.83807501855,0.0037492318584361898,0.374923185843619,0.00374923185843619,0.005248924601810666,scenario,capsaicin,37.7311230191678
19.166666666666668,brain,2.0,0.993520223814,0.006479776186,0.31612007121354546,31.612007121354544,0.09032002034672727,9.032002034672727,0.2483800559535,24.838005595349998,0.003750843863366149,0.3750843863366149,0.003750843863366149,0.005251181408712609,scenario,capsaicin,37.45601305359293
19.25,brain,2.0,0.993517446351,0.006482553649,0.3161191874753182,31.61191874753182,0.09031976785009091,9.03197678500909,0.24837936158775,24.837936158775,0.0037524572550749163,0.37524572550749163,0.003752457255074916,0.005253440157104882,scenario,capsaicin,37.18090308801807
19.333333333333332,brain,2.0,0.993514668354,0.006485331646,0.31611830356718185,31.611830356718183,0.0903195153049091,9.03195153049091,0.2483786670885,24.83786670885,0.0037540720353527904,0.375407203535279,0.0037540720353527904,0.005255700849493906,scenario,capsaicin,36.9057931224432
19.416666666666668,brain,2.0,0.993511889823,0.006488110177,0.31611741948913635,31.611741948913636,0.09031926271118182,9.031926271118182,0.24837797245575,24.837797245575,0.0037556882059931566,0.3755688205993157,0.0037556882059931558,0.0052579634883904176,scenario,capsaicin,36.630683156868315
19.5,brain,2.0,0.99350909459,0.00649090541,0.31611653009681817,31.611653009681817,0.09031900859909091,9.03190085990909,0.2483772736475,24.837727364750002,0.003757305768792489,0.37573057687924893,0.003757305768792489,0.005260228076309484,scenario,capsaicin,36.35557319129344
19.583333333333332,brain,2.0,0.993506297899,0.006493702101,0.3161156402405909,31.611564024059092,0.09031875435445455,9.031875435445455,0.24837657447475,24.837657447475,0.0037589247255503584,0.37589247255503583,0.003758924725550358,0.005262494615770501,scenario,capsaicin,36.08046322571858
19.666666666666668,brain,2.0,0.993503499945,0.006496500055,0.3161147499825,31.61147499825,0.090318499995,9.0318499995,0.24837587498625,24.837587498625,0.0037605450780694373,0.3760545078069437,0.003760545078069437,0.0052647631092972115,scenario,capsaicin,35.80535326014371
19.75,brain,2.0,0.993500700729,0.006499299271,0.3161138593228636,31.61138593228636,0.09031824552081819,9.031824552081819,0.24837517518225,24.837517518225,0.0037621668281555094,0.37621668281555093,0.003762166828155509,0.005267033559417713,scenario,capsaicin,35.53024329456883
19.833333333333332,brain,2.0,0.99349790025,0.00650209975,0.3161129682613636,31.61129682613636,0.09031799093181818,9.031799093181817,0.2483744750625,24.837447506249998,0.003763789977617472,0.37637899776174716,0.0037637899776174722,0.0052693059686644604,scenario,capsaicin,35.25513332899397
19.916666666666668,brain,2.0,0.993495098508,0.006504901492,0.316112076798,31.611207679800003,0.090317736228,9.031773622800001,0.248373774627,24.8373774627,0.0037654145282673486,0.37654145282673485,0.003765414528267348,0.005271580339574287,scenario,capsaicin,34.980023363419086
20.0,brain,2.0,0.993492295505,0.006507704495,0.31611118493340906,31.611118493340907,0.09031748140954546,9.031748140954546,0.24837307387625,24.837307387625,0.0037670404819202907,0.3767040481920291,0.003767040481920291,0.005273856674688407,scenario,capsaicin,34.70491339784422
20.083333333333332,brain,2.0,0.993489491238,0.006510508762,0.31611029266663637,31.611029266663635,0.09031722647618182,9.031722647618182,0.2483723728095,24.83723728095,0.0037686678403945867,0.37686678403945867,0.0037686678403945862,0.0052761349765524206,scenario,capsaicin,34.429803432269345
20.166666666666668,brain,2.0,0.99348668571,0.00651331429,0.31610939999863635,31.610939999863636,0.09031697142818182,9.031697142818182,0.2483716714275,24.83716714275,0.0037702966055116697,0.377029660551167,0.0037702966055116697,0.005278415247716337,scenario,capsaicin,34.154693466694475
20.25,brain,2.0,0.993483878918,0.006516121082,0.3161085069284546,31.61085069284546,0.09031671626527274,9.031671626527274,0.2483709697295,24.83709697295,0.003771926779096122,0.3771926779096122,0.0037719267790961215,0.00528069749073457,scenario,capsaicin,33.87958350111961
20.333333333333332,brain,2.0,0.993481070865,0.006518929135,0.31610761345704547,31.610761345704546,0.09031646098772728,9.031646098772727,0.24837026771625,24.837026771625002,0.0037735583629756814,0.37735583629756814,0.0037735583629756805,0.005282981708165952,scenario,capsaicin,33.604473535544734
20.416666666666668,brain,2.0,0.993478261549,0.006521738451,0.31610671958377273,31.610671958377274,0.09031620559536364,9.031620559536364,0.24836956538725,24.836956538725,0.0037751913589812503,0.377519135898125,0.0037751913589812508,0.005285267902573751,scenario,capsaicin,33.32936356996986
20.5,brain,2.0,0.99347545097,0.00652454903,0.31610582530863635,31.610582530863635,0.09031595008818182,9.031595008818181,0.2483688627425,24.83688627425,0.0037768257689469037,0.37768257689469037,0.0037768257689469037,0.005287556076525665,scenario,capsaicin,33.05425360439499
20.583333333333332,brain,2.0,0.993472639129,0.006527360871,0.31610493063195455,31.610493063195456,0.09031569446627273,9.031569446627273,0.24836815978225,24.836815978224998,0.003778461594709892,0.3778461594709892,0.003778461594709892,0.005289846232593849,scenario,capsaicin,32.779143638820116
20.666666666666668,brain,2.0,0.993469826025,0.006530173975,0.3161040355534091,31.61040355534091,0.09031543872954546,9.031543872954547,0.24836745650625,24.836745650625,0.0037800988381106507,0.3780098838110651,0.0037800988381106507,0.00529213837335491,scenario,capsaicin,32.504033673245246
20.75,brain,2.0,0.993467011659,0.006532988341,0.3161031400733182,31.61031400733182,0.09031518287809091,9.03151828780909,0.24836675291475,24.836675291475,0.0037817375009928074,0.3781737500992807,0.0037817375009928074,0.00529443250138993,scenario,capsaicin,32.22892370767038
20.833333333333332,brain,2.0,0.993464196031,0.006535803969,0.3161022441916818,31.61022441916818,0.0903149269119091,9.031492691190909,0.24836604900775,24.836604900775,0.0037833775852031846,0.3783377585203185,0.003783377585203185,0.0052967286192844585,scenario,capsaicin,31.9538137420955
20.916666666666668,brain,2.0,0.99346137914,0.00653862086,0.3161013479081818,31.61013479081818,0.09031467083090909,9.03146708309091,0.248365344785,24.8365344785,0.0037850190925918146,0.3785019092591815,0.0037850190925918146,0.00529902672962854,scenario,capsaicin,31.678703776520628
21.0,brain,2.0,0.993458560986,0.006541439014,0.3161004512228182,31.61004512228182,0.09031441463509092,9.031441463509092,0.2483646402465,24.836464024650002,0.0037866620250119384,0.3786662025011938,0.0037866620250119384,0.005301326835016713,scenario,capsaicin,31.40359381094576
21.083333333333332,brain,2.0,0.993455741571,0.006544258429,0.31609955413622726,31.609955413622725,0.09031415832463636,9.031415832463637,0.24836393539275,24.836393539275,0.003788306384320018,0.3788306384320018,0.003788306384320018,0.005303628938048025,scenario,capsaicin,31.12848384537089
21.166666666666668,brain,2.0,0.993452920892,0.006547079108,0.3160986566474545,31.609865664745453,0.09031390189927273,9.031390189927272,0.248363230223,24.8363230223,0.00378995217237574,0.378995217237574,0.00378995217237574,0.005305933041326036,scenario,capsaicin,30.853373879796013
21.25,brain,2.0,0.993450098951,0.006549901049,0.31609775875713636,31.609775875713638,0.09031364535918182,9.031364535918183,0.24836252473775,24.836252473775,0.003791599391042027,0.3791599391042027,0.0037915993910420265,0.005308239147458837,scenario,capsaicin,30.578263914221147
21.333333333333332,brain,2.0,0.993447275748,0.006552724252,0.31609686046527274,31.609686046527273,0.09031338870436363,9.031338870436363,0.248361818937,24.836181893699997,0.0037932480421850366,0.3793248042185037,0.0037932480421850366,0.005310547259059051,scenario,capsaicin,30.303153948646276
21.416666666666668,brain,2.0,0.993444451282,0.006555548718,0.3160959617715454,31.609596177154543,0.09031313193472727,9.031313193472727,0.2483611128205,24.83611128205,0.0037948981276741773,0.3794898127674177,0.003794898127674177,0.005312857378743848,scenario,capsaicin,30.028043983071388
21.5,brain,2.0,0.993441625554,0.006558374446,0.31609506267627274,31.609506267627275,0.09031287505036363,9.031287505036364,0.2483604063885,24.836040638849997,0.003796549649382112,0.3796549649382112,0.003796549649382112,0.005315169509134956,scenario,capsaicin,29.75293401749653
21.583333333333332,brain,2.0,0.993438798563,0.006561201437,0.31609416317913636,31.609416317913634,0.09031261805118182,9.031261805118183,0.24835969964075,24.835969964074998,0.003798202609184764,0.37982026091847637,0.003798202609184764,0.0053174836528586695,scenario,capsaicin,29.477824051921665
21.666666666666668,brain,2.0,0.99343597031,0.00656402969,0.3160932632804545,31.60932632804545,0.09031236093727273,9.031236093727273,0.2483589925775,24.83589925775,0.003799857008961324,0.37998570089613243,0.0037998570089613237,0.005319799812545853,scenario,capsaicin,29.202714086346784
21.75,brain,2.0,0.993433140795,0.006566859205,0.31609236298022725,31.609236298022726,0.09031210370863636,9.031210370863636,0.24835828519875,24.835828519875,0.00380151285059426,0.38015128505942597,0.0038015128505942603,0.0053221179908319646,scenario,capsaicin,28.927604120771907
21.833333333333332,brain,2.0,0.993430310017,0.006569689983,0.31609146227813634,31.609146227813632,0.09031184636518182,9.031184636518182,0.24835757750425,24.835757750425,0.0038031701359693216,0.38031701359693215,0.0038031701359693216,0.0053244381903570495,scenario,capsaicin,28.652494155197054
21.916666666666668,brain,2.0,0.993427477976,0.006572522024,0.31609056117418177,31.609056117418177,0.09031158890690909,9.031158890690909,0.248356869494,24.8356869494,0.003804828866975548,0.3804828866975548,0.003804828866975548,0.005326760413765767,scenario,capsaicin,28.37738418962217
22.0,brain,2.0,0.993424644673,0.006575355327,0.3160896596686818,31.60896596686818,0.09031133133390909,9.03113313339091,0.24835616116825,24.835616116824998,0.0038064890455052768,0.3806489045505277,0.0038064890455052763,0.005329084663707386,scenario,capsaicin,28.1022742240473
22.083333333333332,brain,2.0,0.993421810108,0.006578189892,0.31608875776163636,31.608875776163636,0.09031107364618182,9.031107364618181,0.248355452527,24.8355452527,0.0038081506734541476,0.38081506734541476,0.0038081506734541476,0.005331410942835807,scenario,capsaicin,27.82716425847243
22.166666666666668,brain,2.0,0.99341897428,0.00658102572,0.3160878554527273,31.608785545272728,0.09031081584363637,9.031081584363637,0.24835474357,24.835474357000002,0.0038098137527211163,0.3809813752721116,0.003809813752721116,0.005333739253809562,scenario,capsaicin,27.552054292897555
22.25,brain,2.0,0.993416137189,0.006583862811,0.31608695274195453,31.608695274195455,0.09031055792627272,9.031055792627273,0.24835403429725,24.835403429725,0.0038114782852084494,0.38114782852084494,0.003811478285208449,0.0053360695992918285,scenario,capsaicin,27.276944327322678
22.333333333333332,brain,2.0,0.993413298836,0.006586701164,0.3160860496296364,31.60860496296364,0.09031029989418182,9.031029989418183,0.248353324709,24.835332470900003,0.003813144272821746,0.38131442728217463,0.0038131442728217466,0.005338401981950445,scenario,capsaicin,27.00183436174782
22.416666666666668,brain,2.0,0.993410459221,0.006589540779,0.31608514611577276,31.608514611577277,0.09031004174736364,9.031004174736363,0.24835261480525,24.835261480525002,0.0038148117174699367,0.3814811717469937,0.003814811717469936,0.00534073640445791,scenario,capsaicin,26.726724396172933
22.5,brain,2.0,0.993407618343,0.006592381657,0.31608424220004544,31.608424220004544,0.09030978348572727,9.030978348572727,0.24835190458575,24.835190458575,0.003816480621065291,0.3816480621065291,0.003816480621065291,0.005343072869491407,scenario,capsaicin,26.451614430598067
22.583333333333332,brain,2.0,0.993404776203,0.006595223797,0.31608333788277276,31.608333788277278,0.09030952510936364,9.030952510936364,0.24835119405075,24.835119405075,0.0038181509855234282,0.3818150985523428,0.003818150985523428,0.005345411379732799,scenario,capsaicin,26.1765044650232
22.666666666666668,brain,2.0,0.9934019328,0.0065980672,0.3160824331636364,31.608243316363637,0.09030926661818182,9.030926661818182,0.2483504832,24.83504832,0.003819822812763322,0.3819822812763322,0.0038198228127633215,0.0053477519378686495,scenario,capsaicin,25.901394499448323
22.75,brain,2.0,0.993399088135,0.006600911865,0.31608152804295453,31.608152804295454,0.09030900801227273,9.030900801227274,0.24834977203375,24.834977203375,0.003821496104707307,0.3821496104707307,0.0038214961047073064,0.0053500945465902285,scenario,capsaicin,25.62628453387345
22.833333333333332,brain,2.0,0.993396242207,0.006603757793,0.3160806225204091,31.60806225204091,0.09030874929154545,9.030874929154544,0.24834906055175,24.834906055174997,0.0038231708632810893,0.3823170863281089,0.0038231708632810897,0.005352439208593525,scenario,capsaicin,25.351174568298575
22.916666666666668,brain,2.0,0.993393395017,0.006606604983,0.31607971659631817,31.60797165963182,0.0903084904560909,9.030849045609092,0.24834834875425,24.834834875425,0.003824847090413753,0.3824847090413753,0.0038248470904137534,0.005354785926579254,scenario,capsaicin,25.0760646027237
23.0,brain,2.0,0.993390546564,0.006609453436,0.31607881027036366,31.607881027036367,0.0903082315058182,9.030823150581819,0.248347636641,24.834763664100002,0.0038265247880377652,0.3826524788037765,0.0038265247880377652,0.005357134703252871,scenario,capsaicin,24.800954637148838
23.083333333333332,brain,2.0,0.993387696769,0.006612303231,0.31607790351740905,31.607790351740906,0.09030797243354545,9.030797243354545,0.24834692419225,24.834692419225,0.0038282039580889854,0.38282039580889854,0.003828203958088986,0.0053594855413245795,scenario,capsaicin,24.525844671573967
23.166666666666668,brain,2.0,0.993384838785,0.006615161215,0.3160769941588636,31.60769941588636,0.09030771261681818,9.030771261681817,0.24834620969625,24.834620969625,0.0038298846025066734,0.38298846025066735,0.0038298846025066734,0.005361838443509343,scenario,capsaicin,24.25073470599909
23.25,brain,2.0,0.993381978376,0.006618021624,0.3160760840287273,31.607608402872728,0.09030745257963636,9.030745257963636,0.248345494594,24.834549459399998,0.0038315667232334946,0.38315667232334943,0.0038315667232334946,0.005364193412526892,scenario,capsaicin,23.975624740424227
23.333333333333332,brain,2.0,0.99337911554,0.00662088446,0.3160751731263637,31.607517312636368,0.09030719232181819,9.03071923218182,0.248344778885,24.8344778885,0.0038332503222155293,0.38332503222155295,0.0038332503222155297,0.005366550451101741,scenario,capsaicin,23.70051477484935
23.416666666666668,brain,2.0,0.993376250277,0.006623749723,0.31607426145177275,31.607426145177275,0.09030693184336365,9.030693184336364,0.24834406256925,24.834406256925,0.0038349354014022806,0.3834935401402281,0.003834935401402281,0.005368909561963193,scenario,capsaicin,23.425404809274475
23.5,brain,2.0,0.993373382588,0.006626617412,0.31607334900527273,31.607334900527274,0.09030667114436364,9.030667114436364,0.248343345647,24.8343345647,0.003836621962746681,0.38366219627466813,0.003836621962746681,0.005371270747845353,scenario,capsaicin,23.15029484369961
23.583333333333332,brain,2.0,0.993370512473,0.006629487527,0.3160724357868636,31.60724357868636,0.09030641022481818,9.030641022481818,0.24834262811825,24.834262811825,0.0038383100082050995,0.38383100082050997,0.003838310008205099,0.005373634011487138,scenario,capsaicin,22.87518487812474
23.666666666666668,brain,2.0,0.993367639931,0.006632360069,0.3160715217962273,31.607152179622727,0.09030614908463637,9.030614908463637,0.24834190998275,24.834190998274998,0.0038399995397373496,0.383999953973735,0.0038399995397373488,0.005375999355632288,scenario,capsaicin,22.60007491254986
23.75,brain,2.0,0.993364764963,0.006635235037,0.31607060703368184,31.607060703368184,0.09030588772390909,9.030588772390908,0.24834119124075,24.834119124075,0.0038416905593066956,0.3841690559306696,0.0038416905593066956,0.005378366783029374,scenario,capsaicin,22.324964946974994
23.833333333333332,brain,2.0,0.993361887568,0.006638112432,0.3160696914989091,31.60696914989091,0.09030562614254546,9.030562614254546,0.248340471892,24.8340471892,0.003843383068879865,0.3843383068879865,0.003843383068879865,0.005380736296431811,scenario,capsaicin,22.049854981400127
23.916666666666668,brain,2.0,0.993359007747,0.006640992253,0.3160687751922273,31.60687751922273,0.09030536434063637,9.030536434063636,0.24833975193675,24.833975193675002,0.0038450770704270497,0.384507707042705,0.003845077070427049,0.005383107898597868,scenario,capsaicin,21.774745015825246
24.0,brain,2.0,0.9933561255,0.0066438745,0.31606785811363636,31.606785811363636,0.09030510231818181,9.030510231818182,0.248339031375,24.8339031375,0.003846772565921918,0.38467725659219176,0.003846772565921918,0.0053854815922906845,scenario,capsaicin,21.49963505025038
