time_h,tissue,histamine_nm,R_surf,R_int,G_signal,G_signal_pct,G_signal_ligand,G_signal_ligand_pct,G_signal_constitutive,G_signal_constitutive_pct,beta_arr_signal,beta_arr_signal_pct,internalization_drive,k_int_eff_per_h,driver_type,driver_id,antagonist_concentration_nm
0.0,skin,237.08934334793423,0.554280850099,0.445719149901,0.5133171227293077,51.33171227293077,0.5111611370782714,51.11611370782714,0.02771404250495,2.771404250495,0.3216558174949825,32.16558174949825,0.32165581749498257,0.4020697718687282,scenario,hot_plate,0.001
0.016666666666666666,skin,262.0,0.554221160965,0.445778839035,0.5166669699270088,51.66669699270088,0.5146904335565882,51.46904335565882,0.027711058048249998,2.771105804825,0.33050827763073803,33.050827763073805,0.3305082776307381,0.4131353470384226,scenario,hot_plate,36.862105305770626
0.08333333333333333,skin,78.69108004616189,0.558979639718,0.441020360282,0.4487454463277267,44.874544632772675,0.4429436466756071,44.29436466756071,0.027948981985900002,2.7948981985900003,0.10746039210930312,10.746039210930313,0.10746039210930314,0.13432549013662892,scenario,hot_plate,184.30652652885317
0.16666666666666666,skin,50.008493843047304,0.572471266552,0.427528733448,0.4104044903731935,41.04044903731935,0.40187466004799316,40.18746600479932,0.0286235633276,2.86235633276,0.05834036048151562,5.834036048151562,0.05834036048151561,0.07292545060189451,scenario,hot_plate,368.6120530577064
0.25,skin,50.000000004854236,0.586744506787,0.413255493213,0.41727121112513593,41.72712111251359,0.4083515639850378,40.83515639850378,0.02933722533935,2.933722533935,0.04946749970100095,4.946749970100095,0.04946749970100094,0.06183437462625118,scenario,hot_plate,552.9175795865597
0.3333333333333333,skin,50.0,0.600793157668,0.399206842332,0.42389412839119994,42.38941283911999,0.4145836531661052,41.45836531661052,0.030039657883400003,3.0039657883400004,0.042942318758822415,4.294231875882241,0.042942318758822415,0.05367789844852802,scenario,hot_plate,737.2231061154125
0.4166666666666667,skin,50.0,0.614541133928,0.385458866072,0.43020700653134314,43.02070065313431,0.4205052103525717,42.05052103525717,0.030727056696400003,3.0727056696400004,0.03793797896638893,3.793797896638893,0.03793797896638893,0.04742247370798616,scenario,hot_plate,921.5286326442658
0.5,skin,50.0,0.627985262665,0.372014737335,0.4362150203012656,43.62150203012656,0.4261218496505428,42.612184965054276,0.03139926313325,3.1399263133249997,0.03397827575614235,3.3978275756142353,0.03397827575614235,0.04247284469517794,scenario,hot_plate,1105.834159173119
0.5833333333333334,skin,50.0,0.641068122322,0.358931877678,0.4418857746834577,44.18857746834577,0.43140249322879765,43.14024932287977,0.0320534061161,3.2053406116099996,0.030767026813467685,3.0767026813467684,0.030767026813467678,0.0384587835168346,scenario,hot_plate,1290.1396857019718
0.6666666666666666,skin,50.0,0.653768063143,0.346231936857,0.447212312949494,44.7212312949494,0.4363409576761516,43.63409576761516,0.03268840315715,3.268840315715,0.028110349076278573,2.8110349076278576,0.028110349076278573,0.03513793634534822,scenario,hot_plate,1474.4452122308253
0.75,skin,50.0,0.66608330855,0.33391669145,0.4522013613175267,45.22013613175267,0.44094441672634394,44.094441672634396,0.0333041654275,3.3304165427499997,0.0258760025375106,2.5876002537510603,0.025876002537510604,0.03234500317188826,scenario,hot_plate,1658.7507387596777
0.8333333333333334,skin,50.0,0.678006174726,0.321993825274,0.45685544563393543,45.68554456339354,0.44521593357645833,44.521593357645834,0.033900308736300004,3.39003087363,0.023970695677943014,2.3970695677943015,0.023970695677943014,0.02996336959742877,scenario,hot_plate,1843.0562652885321
0.9166666666666666,skin,50.0,0.689535774942,0.310464225058,0.46118154466990224,46.11815446699023,0.44916290097137085,44.916290097137086,0.0344767887471,3.4476788747100002,0.022326729576453402,2.2326729576453404,0.0223267295764534,0.02790841197056675,scenario,hot_plate,2027.3617918173838
1.0,skin,50.0,0.700691636794,0.299308363206,0.4651999675215197,46.51999675215197,0.45280566913875764,45.28056691387577,0.035034581839700006,3.5034581839700007,0.02089378515981905,2.0893785159819047,0.02089378515981905,0.02611723144977381,scenario,hot_plate,2211.667318346238
1.0833333333333333,skin,50.0,0.711502414576,0.288497585424,0.46789471172680447,46.78947117268045,0.45507325368211,45.507325368211,0.0355751207288,3.5575120728800003,0.019278051138896315,1.9278051138896315,0.019278051138896315,0.024097563923620394,scenario,hot_plate,2452.3477973839967
1.1666666666666667,skin,50.0,0.721968360361,0.278031639639,0.47032105157572224,47.032105157572225,0.4570764563764971,45.707645637649705,0.03609841801805,3.609841801805,0.017894271999408868,1.7894271999408868,0.017894271999408864,0.02236783999926108,scenario,hot_plate,2693.028276421756
1.25,skin,50.0,0.732089474151,0.267910525849,0.4724865642453169,47.24865642453169,0.4588232531976494,45.88232531976494,0.03660447370755,3.6604473707550005,0.016695843787799657,1.6695843787799658,0.016695843787799657,0.020869804734749572,scenario,hot_plate,2933.7087554595164
1.3333333333333333,skin,50.0,0.741865755945,0.258134244055,0.47439852515689385,47.43985251568938,0.4603213024838356,46.03213024838356,0.037093287797250005,3.7093287797250003,0.015647863670227146,1.5647863670227147,0.015647863670227146,0.019559829587783933,scenario,hot_plate,3174.3892344972755
1.4166666666666667,skin,50.0,0.751297205744,0.248702794256,0.47606392285251803,47.6063922852518,0.4615779605950716,46.15779605950716,0.037564860287200005,3.7564860287200004,0.014723674493399353,1.4723674493399352,0.014723674493399355,0.018404593116749194,scenario,hot_plate,3415.069713535034
1.5,skin,50.0,0.760383823547,0.239616176453,0.4774894729945621,47.74894729945621,0.46260029664969704,46.26002966496971,0.038019191177350004,3.8019191177350002,0.0139025655616623,1.3902565561662301,0.0139025655616623,0.017378206952077875,scenario,hot_plate,3655.7501925727965
1.5833333333333333,skin,50.0,0.769125609354,0.230874390646,0.4786816315575755,47.86816315575755,0.4633951064103953,46.339510641039524,0.0384562804677,3.84562804677,0.013168202113517926,1.3168202113517926,0.013168202113517928,0.016460252641897412,scenario,hot_plate,3896.430671610554
1.6666666666666667,skin,50.0,0.777526794319,0.222473205681,0.4796492174203154,47.96492174203154,0.4639714502151215,46.397145021512145,0.038876339715950003,3.887633971595,0.012507527575609995,1.2507527575609996,0.012507527575609995,0.015634409469512493,scenario,hot_plate,4137.111150648316
1.75,skin,50.0,0.7856296268,0.2143703732,0.48042397101212,48.042397101211996,0.4643605154443369,46.43605154443369,0.03928148134000001,3.9281481340000006,0.011909980485584096,1.1909980485584095,0.011909980485584094,0.014887475606980118,scenario,hot_plate,4377.791629686071
1.8333333333333333,skin,50.0,0.793444985717,0.206555014283,0.4810175019801754,48.10175019801754,0.46457395020455305,46.45739502045531,0.03967224928585,3.9672249285850003,0.011366925648965132,1.1366925648965132,0.011366925648965133,0.014208657061206416,scenario,hot_plate,4618.472108723832
1.9166666666666667,skin,50.0,0.80097287107,0.19902712893,0.4814344690947963,48.14344690947963,0.46461665846452244,46.46166584645224,0.040048643553500005,4.0048643553500005,0.010871234133487562,1.0871234133487562,0.010871234133487562,0.013589042666859452,scenario,hot_plate,4859.15258776159
2.0,skin,50.0,0.808213282859,0.191786717141,0.4816793592822747,48.167935928227465,0.4644933633045523,46.44933633045523,0.04041066414295,4.041066414295,0.010416968565608286,1.0416968565608287,0.010416968565608286,0.013021210707010358,scenario,hot_plate,5099.83306679935
2.0833333333333335,skin,50.0,0.815166221085,0.184833778915,0.4859097705056313,48.590977050563126,0.46858048363303295,46.8580483633033,0.040758311054250006,4.075831105425,0.010426159087971943,1.0426159087971942,0.010426159087971943,0.013032698859964928,scenario,hot_plate,5094.7558495648245
2.1666666666666665,skin,50.0,0.821833745977,0.178166254023,0.48997153151662537,48.99715315166254,0.47250509917660566,47.250509917660565,0.04109168729885,4.109168729885,0.010435365841600519,1.043536584160052,0.010435365841600517,0.013044207302000645,scenario,hot_plate,5089.6786323303
2.25,skin,50.0,0.828242276924,0.171757723076,0.4938803060316722,49.38803060316722,0.476282307563655,47.628230756365504,0.0414121138462,4.14121138462,0.010444588869530754,1.0444588869530753,0.010444588869530754,0.013055736086913444,scenario,hot_plate,5084.60141509578
2.3333333333333335,skin,50.0,0.834399873542,0.165600126458,0.4976408190635,49.76408190635,0.47991665830147373,47.991665830147376,0.0417199936771,4.17199936771,0.010453828214951685,1.0453828214951686,0.010453828214951683,0.013067285268689603,scenario,hot_plate,5079.524197861262
2.4166666666666665,skin,50.0,0.840306535832,0.159693464168,0.5012529913335528,50.125299133355284,0.4834080679388978,48.340806793889776,0.0420153267916,4.20153267916,0.010463083921205315,1.0463083921205314,0.010463083921205317,0.013078854901506646,scenario,hot_plate,5074.446980626739
2.5,skin,50.0,0.845962263794,0.154037736206,0.5047167435009174,50.471674350091746,0.48675645295917636,48.67564529591763,0.042298113189700004,4.22981131897,0.010472356031787254,1.0472356031787253,0.010472356031787254,0.013090445039734068,scenario,hot_plate,5069.3697633922175
2.5833333333333335,skin,50.0,0.851367057428,0.148632942572,0.5080319961628598,50.80319961628598,0.489961729780484,48.9961729780484,0.042568352871400005,4.25683528714,0.010481644590347441,1.048164459034744,0.010481644590347441,0.013102055737934302,scenario,hot_plate,5064.292546157697
2.6666666666666665,skin,50.0,0.85652308595,0.14347691405,0.5111999645112191,51.11999645112191,0.4930250633828622,49.30250633828622,0.0428261542975,4.28261542975,0.010490949640690824,1.0490949640690825,0.010490949640690824,0.013113687050863531,scenario,hot_plate,5059.215328923171
2.75,skin,50.0,0.861467340704,0.138532659296,0.5142426512543801,51.424265125438005,0.49596766759913696,49.5967667599137,0.043073367035200004,4.307336703520001,0.010500271226778022,1.0500271226778022,0.01050027122677802,0.013125339033472525,scenario,hot_plate,5054.138111688647
2.8333333333333335,skin,50.0,0.866213142177,0.133786857823,0.5171679422538282,51.71679422538282,0.4987971422578718,49.87971422578718,0.04331065710885,4.331065710885,0.010509609392726039,1.0509609392726038,0.010509609392726039,0.013137011740907548,scenario,hot_plate,5049.060894454125
2.9166666666666665,skin,50.0,0.870760490367,0.129239509633,0.519975774653449,51.997577465344904,0.5015134211948411,50.15134211948411,0.04353802451835,4.3538024518350005,0.010518964182808973,1.0518964182808974,0.010518964182808973,0.013148705228511217,scenario,hot_plate,5043.983677219601
3.0,skin,50.0,0.875109385276,0.124890614724,0.5226660855504928,52.266608555049274,0.5041164381965187,50.41164381965187,0.0437554692638,4.37554692638,0.010528335641458678,1.0528335641458677,0.010528335641458678,0.013160419551823347,scenario,hot_plate,5038.906459985079
3.0833333333333335,skin,50.0,0.879264844971,0.120735155029,0.5252418096082,52.52418096082,0.5066090182733158,50.660901827331585,0.04396324224855,4.396324224855,0.010537723813265495,1.0537723813265496,0.010537723813265495,0.01317215476658187,scenario,hot_plate,5033.8292427505585
3.1666666666666665,skin,50.0,0.883254265297,0.116745734703,0.5277192536684698,52.771925366846986,0.5090068846353893,50.900688463538934,0.04416271326485,4.416271326485,0.010547128742978968,1.0547128742978968,0.010547128742978968,0.013183910928723709,scenario,hot_plate,5028.752025516035
3.25,skin,50.0,0.887081788132,0.112918211868,0.530100840163656,53.010084016365596,0.5113123692179538,51.13123692179538,0.0443540894066,4.43540894066,0.01055655047550852,1.055655047550852,0.010556550475508518,0.013195688094385647,scenario,hot_plate,5023.674808281513
3.3333333333333335,skin,50.0,0.890747413478,0.109252586522,0.5323865177174446,53.23865177174446,0.5135254179405733,51.35254179405733,0.044537370673900005,4.4537370673900005,0.010565989055924192,1.0565989055924192,0.010565989055924194,0.013207486319905242,scenario,hot_plate,5018.597591046992
3.4166666666666665,skin,50.0,0.894251141334,0.105748858666,0.5345762349116185,53.457623491161854,0.5156459766788617,51.56459766788617,0.0447125570667,4.47125570667,0.010575444529457361,1.057544452945736,0.010575444529457363,0.013219305661821704,scenario,hot_plate,5013.520373812473
3.5,skin,50.0,0.897601588018,0.102398411982,0.536675091976326,53.667509197632604,0.5176789606057116,51.76789606057116,0.044880079400900004,4.48800794009,0.010584916941501482,1.0584916941501483,0.010584916941501484,0.013231146176876856,scenario,hot_plate,5008.443156577942
3.5833333333333335,skin,50.0,0.900819083941,0.099180916059,0.5386951978862179,53.86951978862179,0.5196360459885978,51.96360459885978,0.04504095419705,4.504095419705,0.010594406337612716,1.0594406337612716,0.010594406337612714,0.013243007922015894,scenario,hot_plate,5003.365939343427
3.6666666666666665,skin,50.0,0.90390448441,0.09609551559,0.5406370219680889,54.06370219680889,0.5215176818395673,52.151768183956726,0.045195224220500006,4.5195224220500005,0.010603912763510831,1.060391276351083,0.010603912763510833,0.01325489095438854,scenario,hot_plate,4998.288722108904
3.75,skin,50.0,0.906857789424,0.093142210576,0.5425005222196068,54.25005222196068,0.5233238239456913,52.33238239456913,0.0453428894712,4.53428894712,0.010613436265079787,1.0613436265079788,0.010613436265079787,0.013266795331349734,scenario,hot_plate,4993.211504874377
3.8333333333333335,skin,50.0,0.909678998983,0.090321001017,0.544285656606215,54.428565660621494,0.5250544280600684,52.50544280600684,0.045483949949150004,4.548394994915,0.01062297688836852,1.062297688836852,0.010622976888368519,0.013278721110460648,scenario,hot_plate,4988.134287639858
3.9166666666666665,skin,50.0,0.912369936209,0.087630063791,0.5459934740792596,54.59934740792596,0.5267105023882206,52.67105023882206,0.04561849681045,4.561849681045,0.010632534679591726,1.0632534679591725,0.010632534679591726,0.013290668349489658,scenario,hot_plate,4983.057070405333
4.0,skin,50.0,0.914936885598,0.085063114402,0.5476276946563441,54.762769465634406,0.5282956319752043,52.829563197520436,0.0457468442799,4.57468442799,0.010642109685130546,1.0642109685130547,0.010642109685130546,0.013302637106413183,scenario,hot_plate,4977.979853170813
4.083333333333333,skin,50.0,0.917386525729,0.082613474271,0.5500644782803397,55.00644782803397,0.5307317389409365,53.07317389409365,0.045869326286450005,4.586932628645,0.010737347210412774,1.0737347210412773,0.010737347210412774,0.013421684013015966,scenario,hot_plate,4927.972412945137
4.166666666666667,skin,50.0,0.919725535171,0.080274464829,0.5524437547713378,55.24437547713378,0.5331131347503029,53.31131347503029,0.04598627675855,4.598627675855,0.010834304712212117,1.0834304712212117,0.010834304712212117,0.013542880890265147,scenario,hot_plate,4877.964972719451
4.25,skin,50.0,0.921960592495,0.078039407505,0.5547692409090762,55.47692409090762,0.5354433802992908,53.54433802992909,0.04609802962475,4.609802962475,0.010933029208907794,1.0933029208907794,0.010933029208907796,0.013666286511134745,scenario,hot_plate,4827.957532493776
4.333333333333333,skin,50.0,0.924098376273,0.075901623727,0.5570446797238867,55.70446797238867,0.5377260641160387,53.772606411603874,0.04620491881365,4.620491881365,0.011033569448404926,1.1033569448404925,0.011033569448404926,0.013791961810506157,scenario,hot_plate,4777.9500922680945
4.416666666666667,skin,50.0,0.926145471548,0.073854528452,0.5592737842716127,55.927378427161266,0.5399647480991712,53.99647480991712,0.0463072735774,4.63072735774,0.011135975988396198,1.1135975988396198,0.0111359759883962,0.013919969985495249,scenario,hot_plate,4727.9426520424095
4.5,skin,50.0,0.928101089388,0.071898910612,0.5614558330729997,56.14558330729997,0.5421587143195786,54.215871431957865,0.0464050544694,4.64050544694,0.011240301281135134,1.1240301281135134,0.011240301281135134,0.014050376601418918,scenario,hot_plate,4677.935211816735
4.583333333333333,skin,50.0,0.929964933242,0.070035066758,0.5635903977250721,56.35903977250722,0.5443075274347076,54.430752743470755,0.04649824666210001,4.649824666210001,0.011346599763019638,1.1346599763019638,0.011346599763019638,0.014183249703774548,scenario,hot_plate,4627.927771591054
4.666666666666667,skin,50.0,0.931740496311,0.068259503689,0.5656793474290591,56.56793474290591,0.5464129711721148,54.64129711721149,0.04658702481555,4.658702481555,0.011454927949306878,1.145492794930688,0.011454927949306878,0.014318659936633598,scenario,hot_plate,4577.920331365376
4.75,skin,50.0,0.933431271802,0.066568728198,0.5677245646678023,56.77245646678023,0.5484768432396866,54.84768432396866,0.0466715635901,4.667156359010001,0.011565344534306361,1.156534453430636,0.011565344534306361,0.014456680667882952,scenario,hot_plate,4527.9128911396965
4.833333333333333,skin,50.0,0.935040752916,0.064959247084,0.5697279453287839,56.97279453287839,0.5505009554557725,55.05009554557725,0.0467520376458,4.67520376458,0.011677910497423845,1.1677910497423845,0.011677910497423847,0.014597388121779808,scenario,hot_plate,4477.905450914017
4.916666666666667,skin,50.0,0.936572432859,0.063427567141,0.5716913988426556,57.16913988426556,0.552487133894427,55.248713389442706,0.04682862164295001,4.682862164295001,0.011792689215459071,1.1792689215459071,0.011792689215459071,0.014740861519323838,scenario,hot_plate,4427.8980106883355
5.0,skin,50.0,0.938029719744,0.061970280256,0.573616796278189,57.361679627818894,0.5544371687273568,55.443716872735685,0.0469014859872,4.6901485987200005,0.011909746581591576,1.1909746581591576,0.011909746581591576,0.01488718322698947,scenario,hot_plate,4377.890570462651
5.083333333333333,skin,50.0,0.939414214652,0.060585785348,0.5755049151095037,57.55049151095037,0.5563517940809513,55.63517940809513,0.04697071073260001,4.697071073260001,0.012029151131524085,1.2029151131524085,0.012029151131524085,0.015036438914405106,scenario,hot_plate,4327.8831302369745
5.166666666666667,skin,50.0,0.940728107744,0.059271892256,0.5773568998680402,57.73568998680402,0.558232099453516,55.82320994535161,0.0470364053872,4.70364053872,0.012150974177290965,1.2150974177290965,0.012150974177290965,0.015188717721613707,scenario,hot_plate,4277.87569001129
5.25,skin,50.0,0.941974193779,0.058025806221,0.579174275029863,57.9174275029863,0.560079542464119,56.0079542464119,0.047098709688950004,4.709870968895,0.012275289949280375,1.2275289949280375,0.012275289949280373,0.015344112436600466,scenario,hot_plate,4227.868249785613
5.333333333333333,skin,50.0,0.943155267516,0.056844732484,0.5809585760723219,58.09585760723219,0.5618955923121284,56.18955923121284,0.0471577633758,4.71577633758,0.012402175747064911,1.2402175747064912,0.012402175747064911,0.01550271968383114,scenario,hot_plate,4177.860809559931
5.416666666666667,skin,50.0,0.944274123713,0.055725876287,0.5827113495829043,58.271134958290425,0.5636817298918466,56.368172989184664,0.04721370618565,4.721370618565,0.012531712099684232,1.2531712099684231,0.01253171209968423,0.01566464012460529,scenario,hot_plate,4127.853369334255
5.5,skin,50.0,0.945333557128,0.054666442872,0.5844341533706275,58.44341533706275,0.5654394479097132,56.543944790971324,0.047266677856400006,4.726667785640001,0.012663982936078505,1.2663982936078506,0.012663982936078507,0.015829978670098135,scenario,hot_plate,4077.8459291085746
5.583333333333333,skin,50.0,0.946336187038,0.053663812962,0.5861284478911819,58.61284478911819,0.5671701458308231,56.71701458308232,0.047316809351900004,4.73168093519,0.012799075766430237,1.2799075766430237,0.012799075766430235,0.015998844708037793,scenario,hot_plate,4027.8384888828946
5.666666666666667,skin,50.0,0.947282951245,0.052717048755,0.5877946608820578,58.77946608820578,0.5688742245471661,56.88742245471661,0.04736414756225,4.736414756225,0.012937081875238156,1.2937081875238157,0.012937081875238158,0.016171352344047697,scenario,hot_plate,3977.831048657213
5.75,skin,50.0,0.948175647654,0.051824352346,0.5894337578201624,58.94337578201624,0.5705526057236446,57.05526057236446,0.0474087823827,4.74087823827,0.013078096527018067,1.3078096527018068,0.013078096527018069,0.016347620658772585,scenario,hot_plate,3927.823608431538
5.833333333333333,skin,50.0,0.949016443788,0.050983556212,0.5910469414204027,59.10469414204027,0.5722064412957923,57.220644129579235,0.0474508221894,4.74508221894,0.013222219185604988,1.3222219185604989,0.01322221918560499,0.016527773982006236,scenario,hot_plate,3877.816168205857
5.916666666666667,skin,50.0,0.949807507171,0.050192492829,0.5926354232150488,59.26354232150488,0.573836892480525,57.383689248052505,0.047490375358550004,4.749037535855001,0.013369553748117106,1.3369553748117107,0.013369553748117106,0.01671194218514638,scenario,hot_plate,3827.808727980175
6.0,skin,50.0,0.950551005328,0.049448994672,0.5942004236427106,59.42004236427106,0.5754451298698007,57.54451298698007,0.0475275502664,4.75275502664,0.013520208794738468,1.3520208794738469,0.013520208794738468,0.016900260993423087,scenario,hot_plate,3777.8012877544934
6.083333333333333,skin,50.0,0.951249105782,0.048750894218,0.5957431721365173,59.57431721365173,0.5770323335235972,57.70323335235972,0.0475624552891,4.75624552891,0.013674297855582196,1.3674297855582196,0.013674297855582196,0.017092872319477745,scenario,hot_plate,3727.7938475288133
6.166666666666667,skin,50.0,0.951903747079,0.048096252921,0.5972647635466282,59.726476354662815,0.5785995538870297,57.859955388702964,0.047595187353950005,4.759518735395001,0.013831939696012574,1.3831939696012574,0.013831939696012572,0.017289924620015714,scenario,hot_plate,3677.786407303135
6.25,skin,50.0,0.952515671069,0.047484328931,0.5987655485675089,59.876554856750886,0.5801471210674304,58.01471210674304,0.047625783553450006,4.762578355345001,0.013993258621933095,1.3993258621933096,0.013993258621933095,0.017491573277416367,scenario,hot_plate,3627.7789670774564
6.333333333333333,skin,50.0,0.953086296401,0.046913703599,0.6002463066886445,60.024630668864454,0.58167578091431,58.167578091431004,0.04765431482005,4.765431482005001,0.01415838480668961,1.415838480668961,0.01415838480668961,0.017697981008362014,scenario,hot_plate,3577.771526851775
6.416666666666667,skin,50.0,0.953617072259,0.046382927741,0.6017078424447717,60.17078424447717,0.5831863040334965,58.318630403349644,0.047680853612950005,4.768085361295,0.014327454641395404,1.4327454641395403,0.014327454641395405,0.017909318301744255,scenario,hot_plate,3527.764086626093
6.5,skin,50.0,0.954109313746,0.045890686254,0.6031508815922692,60.31508815922692,0.5846793851631253,58.467938516312536,0.047705465687300004,4.77054656873,0.014500611110659728,1.4500611110659727,0.014500611110659726,0.018125763888324656,scenario,hot_plate,3477.756646400416
6.583333333333333,skin,50.0,0.954564201881,0.045435798119,0.6045760703695215,60.457607036952155,0.5861556423952332,58.61556423952332,0.047728210094050004,4.772821009405001,0.014678004195895187,1.4678004195895187,0.014678004195895187,0.018347505244868983,scenario,hot_plate,3427.749206174736
6.666666666666667,skin,50.0,0.954982783602,0.045017216398,0.6059839747519873,60.59839747519873,0.5876156163914603,58.76156163914603,0.0477491391801,4.77491391801,0.0148597913085948,1.48597913085948,0.0148597913085948,0.0185747391357435,scenario,hot_plate,3377.7417659490557
6.75,skin,50.0,0.955365971767,0.044634028233,0.6073750796968058,60.73750796968058,0.5890597695878483,58.905976958784834,0.04776829858835,4.776829858835,0.015046137756209724,1.5046137756209725,0.015046137756209726,0.018807672195262158,scenario,hot_plate,3327.7343257233747
6.833333333333333,skin,50.0,0.95571454515,0.04428545485,0.6087497883748845,60.87497883748845,0.5904884853867206,59.04884853867206,0.0477857272575,4.77857272575,0.01523721724352564,1.523721724352564,0.015237217243525638,0.01904652155440705,scenario,hot_plate,3277.7268854976955
6.916666666666667,skin,50.0,0.956029148444,0.043970851556,0.6101084213979437,61.01084213979438,0.5919020673428882,59.19020673428882,0.0478014574222,4.78014574222,0.01543321241273414,1.543321241273414,0.01543321241273414,0.019291515515917675,scenario,hot_plate,3227.719445272018
7.0,skin,50.0,0.956310298933,0.043689701067,0.6114512203000333,61.14512203000333,0.5933007424772455,59.33007424772455,0.047815514946650005,4.781551494665001,0.01563431542572867,1.563431542572867,0.015634315425728667,0.019542894282160835,scenario,hot_plate,3177.7120050463336
7.083333333333333,skin,50.0,0.956559470286,0.043440529714,0.612779041070478,61.277904107047796,0.5946853342696611,59.46853342696611,0.0478279735143,4.78279735143,0.0158407285925271,1.5840728592527098,0.0158407285925271,0.019800910740658872,scenario,hot_plate,3127.7045648206567
7.166666666666667,skin,50.0,0.956778070668,0.043221929332,0.614092704155055,61.4092704155055,0.5960566322333211,59.60566322333211,0.04783890353340001,4.78389035334,0.01605266505014146,1.6052665050141461,0.01605266505014146,0.020065831312676828,scenario,hot_plate,3077.697124594976
7.25,skin,50.0,0.956966772795,0.043033227205,0.6153925633015103,61.53925633015103,0.5974149733281687,59.74149733281687,0.04784833863975,4.784833863975,0.016270349496682702,1.6270349496682701,0.016270349496682702,0.020337936870853376,scenario,hot_plate,3027.689684369298
7.333333333333333,skin,50.0,0.957126162215,0.042873837785,0.6166789187654972,61.66789187654972,0.5987606427944707,59.87606427944707,0.04785630811075001,4.785630811075,0.01649401898601652,1.649401898601652,0.01649401898601652,0.02061752373252065,scenario,hot_plate,2977.682244143617
7.416666666666667,skin,50.0,0.957256737313,0.042743262687,0.6179520168003705,61.795201680037046,0.6000938736154953,60.00938736154953,0.04786283686565,4.7862836865650005,0.016723923788877625,1.6723923788877624,0.01672392378887762,0.020904904736097026,scenario,hot_plate,2927.6748039179347
7.5,skin,50.0,0.957358909302,0.042641090698,0.6192120491315123,61.92120491315123,0.6014148459646446,60.14148459646446,0.0478679454651,4.78679454651,0.01696032832701888,1.696032832701888,0.01696032832701888,0.0212004104087736,scenario,hot_plate,2877.6673636922574
7.583333333333333,skin,50.0,0.957433002232,0.042566997768,0.620459152435709,62.0459152435709,0.6027236866569569,60.27236866569569,0.0478716501116,4.78716501116,0.017203512187725773,1.7203512187725774,0.017203512187725773,0.021504390234657215,scenario,hot_plate,2827.6599234665773
7.666666666666667,skin,50.0,0.957479252985,0.042520747015,0.6216934078048619,62.169340780486195,0.6040204685848547,60.40204685848547,0.04787396264925001,4.787396264925,0.017453771226879262,1.7453771226879262,0.01745377122687926,0.021817214033599073,scenario,hot_plate,2777.6524832408963
7.75,skin,50.0,0.957497811275,0.042502188725,0.6229148402061726,62.29148402061726,0.6053052101499186,60.530521014991855,0.04787489056375,4.7874890563750006,0.017711418769717453,1.7711418769717453,0.01771141876971745,0.02213927346214681,scenario,hot_plate,2727.6450430152177
7.833333333333333,skin,50.0,0.95748873965,0.04251126035,0.6241234179367922,62.41234179367922,0.6065778746887286,60.65778746887286,0.047874436982500004,4.787443698250001,0.017976786919542458,1.7976786919542458,0.017976786919542458,0.022470983649428074,scenario,hot_plate,2677.637602789537
7.916666666666667,skin,50.0,0.957453289247,0.042546710753,0.6253198852753432,62.531988527534324,0.6078391798031507,60.783917980315074,0.04787266446235,4.787266446235,0.01825022798586597,1.825022798586597,0.01825022798586597,0.02281278498233246,scenario,hot_plate,2627.6301625638575
8.0,skin,50.0,0.957396765656,0.042603234344,0.6265076454639407,62.650764546394065,0.6090924286117271,60.90924286117271,0.047869838282800004,4.78698382828,0.018532116044907367,1.8532116044907367,0.018532116044907367,0.02316514505613421,scenario,hot_plate,2577.622722338177
8.083333333333334,skin,50.0,0.957321607297,0.042678392703,0.6270122150593868,62.701221505938676,0.6096275102047756,60.962751020477555,0.04786608036485,4.786608036485,0.018662061384124493,1.8662061384124493,0.018662061384124497,0.02332757673015562,scenario,hot_plate,2555.078911434778
8.166666666666666,skin,50.0,0.957230069345,0.042769930655,0.6275070210408428,62.750702104084276,0.6101531763932555,61.01531763932555,0.04786150346725,4.786150346725,0.018793841918923092,1.8793841918923093,0.018793841918923092,0.023492302398653866,scenario,hot_plate,2532.53510053138
8.25,skin,50.0,0.957124561209,0.042875438791,0.6279936185513365,62.799361855133654,0.6106709373588279,61.06709373588279,0.04785622806045001,4.785622806045001,0.018927496803008998,1.8927496803008999,0.018927496803008998,0.023659371003761247,scenario,hot_plate,2509.9912896279825
8.333333333333334,skin,50.0,0.957007646533,0.042992353467,0.6284736695292398,62.84736695292398,0.6111824075816735,61.11824075816735,0.04785038232665,4.785038232665,0.01906306631185259,1.906306631185259,0.01906306631185259,0.023828832889815736,scenario,hot_plate,2487.4474787245845
8.416666666666666,skin,50.0,0.956882043196,0.043117956804,0.6289489431842388,62.89489431842388,0.6116893063415145,61.16893063415145,0.047844102159800006,4.78441021598,0.019200591883152204,1.9200591883152203,0.019200591883152204,0.024000739853940255,scenario,hot_plate,2464.9036678211855
8.5,skin,50.0,0.95675062331,0.04324937669,0.629421316474735,62.942131647473495,0.6121934582202473,61.21934582202473,0.047837531165500005,4.783753116550001,0.01934011615906168,1.9340116159061682,0.01934011615906168,0.024175145198827103,scenario,hot_plate,2442.3598569177884
8.583333333333334,skin,50.0,0.956616145985,0.043383854015,0.6298925986260064,62.98925986260065,0.6126966224492173,61.26966224492173,0.04783080729925,4.783080729925,0.01948168303027267,1.948168303027267,0.019481683030272666,0.024352103787840834,scenario,hot_plate,2419.8160460143895
8.666666666666666,skin,50.0,0.956475835202,0.043524164798,0.6303609574034967,63.03609574034967,0.6131970164667334,61.319701646673344,0.0478237917601,4.78237917601,0.01962533768204706,1.9625337682047062,0.01962533768204706,0.024531672102558827,scenario,hot_plate,2397.2722351109924
8.75,skin,50.0,0.956328389958,0.043671610042,0.6308255270085674,63.082552700856745,0.6136937973796499,61.36937973796499,0.0478164194979,4.78164194979,0.01977112664230137,1.9771126642301369,0.01977112664230137,0.02471390830287671,scenario,hot_plate,2374.728424207594
8.833333333333334,skin,50.0,0.956174142868,0.043825857132,0.6312865170998311,63.12865170998311,0.6141871683751906,61.418716837519064,0.0478087071434,4.78087071434,0.019919097831850155,1.9919097831850154,0.01991909783185015,0.02489887228981269,scenario,hot_plate,2352.184613304196
8.916666666666666,skin,50.0,0.956013269707,0.043986730293,0.6317440344404148,63.17440344404148,0.6146772325842789,61.46772325842789,0.04780066348535,4.780066348535001,0.02006930061692283,2.006930061692283,0.020069300616922827,0.025086625771153535,scenario,hot_plate,2329.640802400798
9.0,skin,50.0,0.955845789414,0.044154210586,0.6321980824409043,63.21980824409042,0.615163992600215,61.5163992600215,0.0477922894707,4.77922894707,0.020221785864074478,2.0221785864074477,0.020221785864074474,0.025277232330093092,scenario,hot_plate,2307.096991497399
9.083333333333334,skin,50.0,0.955671564089,0.044328435911,0.6326485606949939,63.26485606949939,0.6156473499900462,61.56473499900462,0.047783578204450006,4.778357820445001,0.020376605997619056,2.0376605997619057,0.020376605997619056,0.02547075749702382,scenario,hot_plate,2284.5531805940013
9.166666666666666,skin,50.0,0.955490298996,0.044509701004,0.6330952645164182,63.309526451641815,0.6161271048069665,61.612710480696656,0.04777451494980001,4.777451494980001,0.020533815059721416,2.0533815059721414,0.020533815059721416,0.02566726882465177,scenario,hot_plate,2262.0093696906033
9.25,skin,50.0,0.95530154256,0.04469845744,0.6335378844692039,63.35378844692039,0.616602955096004,61.6602955096004,0.047765077128,4.7765077128,0.02069346877329246,2.069346877329246,0.02069346877329246,0.025866835966615577,scenario,hot_plate,2239.465558787205
9.333333333333334,skin,50.0,0.95510542027,0.04489457973,0.6339764930447134,63.39764930447134,0.617074970559172,61.7074970559172,0.0477552710135,4.77552710135,0.02085562460784152,2.085562460784152,0.02085562460784152,0.0260695307598019,scenario,hot_plate,2216.921747883808
9.416666666666666,skin,50.0,0.954902676523,0.045097323477,0.6344115741775241,63.441157417752414,0.6175436214224992,61.75436214224992,0.047745133826150005,4.774513382615001,0.021020341848449413,2.1020341848449413,0.02102034184844941,0.02627542731056176,scenario,hot_plate,2194.3779369804097
9.5,skin,50.0,0.954693103057,0.045306896943,0.6348429800502831,63.48429800502831,0.6180087630499296,61.800876304992954,0.04773465515285,4.773465515284999,0.021187681668035776,2.1187681668035774,0.021187681668035772,0.026484602085044717,scenario,hot_plate,2171.8341260770108
9.583333333333334,skin,50.0,0.954476396034,0.045523603966,0.635270498697912,63.5270498697912,0.618470188311802,61.8470188311802,0.047723819801700006,4.7723819801700005,0.02135770720310621,2.135770720310621,0.021357707203106212,0.026697134003882766,scenario,hot_plate,2149.290315173613
9.666666666666666,skin,50.0,0.954252166766,0.045747833234,0.6356938608635826,63.56938608635826,0.6189276342371396,61.89276342371396,0.0477126083383,4.77126083383,0.0215304836331759,2.15304836331759,0.0215304836331759,0.026913104541469876,scenario,hot_plate,2126.7465042702142
9.75,skin,50.0,0.954019941718,0.045980058282,0.6361127397419036,63.61127397419036,0.6193807817431617,61.93807817431617,0.047700997085900004,4.77009970859,0.021706078264079682,2.1706078264079682,0.021706078264079682,0.0271325978300996,scenario,hot_plate,2104.2026933668176
9.833333333333334,skin,50.0,0.953779162504,0.046220837496,0.636526750715931,63.6526750715931,0.6198292553586642,61.982925535866414,0.0476889581252,4.76889581252,0.02188456061539251,2.188456061539251,0.021884560615392512,0.02735570076924064,scenario,hot_plate,2081.6588824634196
9.916666666666666,skin,50.0,0.953529185892,0.046470814108,0.6369354510986486,63.69354510986486,0.6202726229516301,62.02726229516301,0.0476764592946,4.76764592946,0.02206600251219842,2.206600251219842,0.022066002512198424,0.02758250314024803,scenario,hot_plate,2059.11507156002
10.0,skin,50.0,0.953269635545,0.046730364455,0.6373385750371597,63.733857503715974,0.6207106244841155,62.07106244841155,0.04766348177725,4.766348177725,0.02225047818146287,2.225047818146287,0.02225047818146287,0.027813097726828585,scenario,hot_plate,2036.5712606566224
10.083333333333334,skin,50.0,0.9530021297,0.0469978703,0.6377371904547646,63.77371904547646,0.6211442989155417,62.11442989155417,0.047650106485,4.765010648500001,0.02243806435327998,2.243806435327998,0.022438064353279982,0.028047580441599978,scenario,hot_plate,2014.0274497532243
10.166666666666666,skin,50.0,0.952727105614,0.047272894386,0.6381315781317761,63.81315781317761,0.6215739187906065,62.157391879060654,0.0476363552807,4.76363552807,0.022628840367284745,2.2628840367284746,0.022628840367284745,0.02828605045910593,scenario,hot_plate,1991.4836388498268
10.25,skin,50.0,0.952444728901,0.047555271099,0.6385218377547158,63.85218377547158,0.621999580325964,62.199958032596406,0.04762223644505,4.762223644505,0.02282288828454033,2.282288828454033,0.02282288828454033,0.02852861035567541,scenario,hot_plate,1968.939827946428
10.333333333333334,skin,50.0,0.952155190883,0.047844809117,0.6389080866197048,63.890808661970475,0.6224213969216367,62.24213969216367,0.04760775954415,4.760775954415,0.023020293005231923,2.302029300523192,0.023020293005231927,0.028775366256539908,scenario,hot_plate,1946.3960170430291
10.416666666666666,skin,50.0,0.951858708584,0.048141291416,0.639290459708701,63.9290459708701,0.6228394992415801,62.28394992415801,0.047592935429200005,4.75929354292,0.023221142392521803,2.3221142392521803,0.0232211423925218,0.029026427990652248,scenario,hot_plate,1923.8522061396327
10.5,skin,50.0,0.951555524734,0.048444475266,0.6396691097729134,63.966910977291334,0.6232540353012772,62.32540353012772,0.0475777762367,4.75777762367,0.023425527402945207,2.3425527402945208,0.023425527402945203,0.029281909253681505,scenario,hot_plate,1901.308395236233
10.583333333333334,skin,50.0,0.951245907766,0.048754092234,0.6400442074119943,64.00442074119943,0.6236651705512571,62.36651705512571,0.04756229538830001,4.75622953883,0.023633542223753478,2.3633542223753476,0.023633542223753475,0.02954192777969184,scenario,hot_plate,1878.764584332835
10.666666666666666,skin,50.0,0.950930143802,0.049069856198,0.6404159357585961,64.04159357585961,0.6240730827036801,62.40730827036801,0.04754650719010001,4.754650719010001,0.023845284417640385,2.3845284417640387,0.023845284417640382,0.02980660552205048,scenario,hot_plate,1856.2207734294375
10.75,skin,50.0,0.950607856367,0.049392143633,0.6407840319699116,64.07840319699116,0.6244775148963807,62.44775148963807,0.047530392818350004,4.753039281835,0.02406085507531871,2.406085507531871,0.02406085507531871,0.030076068844148388,scenario,hot_plate,1833.6769625260397
10.833333333333334,skin,50.0,0.950278664335,0.049721335665,0.6411482291004902,64.11482291004901,0.6248782061934107,62.48782061934107,0.04751393321675,4.751393321675,0.024280358976448386,2.4280358976448384,0.024280358976448393,0.030350448720560492,scenario,hot_plate,1811.1331516226412
10.916666666666666,skin,50.0,0.949942512313,0.050057487687,0.6415084791956873,64.15084791956873,0.6252751090316182,62.52751090316182,0.047497125615650004,4.749712561565,0.024503904759454576,2.450390475945458,0.024503904759454572,0.030629880949318216,scenario,hot_plate,1788.5893407192432
11.0,skin,50.0,0.949599327972,0.050400672028,0.6418647226742963,64.18647226742962,0.625668164500733,62.566816450073304,0.0474799663986,4.74799663986,0.024731605100813767,2.4731605100813767,0.024731605100813764,0.030914506376017205,scenario,hot_plate,1766.0455298158456
11.083333333333334,skin,50.0,0.949249022049,0.050750977951,0.6422168882764753,64.22168882764753,0.6260573022884477,62.60573022884477,0.04746245110245,4.746245110245,0.024963576904429765,2.4963576904429763,0.02496357690442976,0.031204471130537204,scenario,hot_plate,1743.501718912447
11.166666666666666,skin,50.0,0.948891488347,0.051108511653,0.6425648930100094,64.25648930100094,0.626442440623852,62.6442440623852,0.047444574417350005,4.744457441735,0.025199941501768023,2.519994150176802,0.02519994150176802,0.031499926877210024,scenario,hot_plate,1720.9579080090493
11.25,skin,50.0,0.948526603735,0.051473396265,0.642908642096254,64.2908642096254,0.6268234862205305,62.682348622053055,0.04742633018675,4.742633018675,0.025440824863468475,2.5440824863468476,0.025440824863468475,0.031801031079335594,scenario,hot_plate,1698.414097105651
11.333333333333334,skin,50.0,0.948154228147,0.051845771853,0.6432480289150755,64.32480289150755,0.6272003342186584,62.72003342186584,0.047407711407350006,4.740771140735001,0.025686357823212127,2.5686357823212127,0.025686357823212127,0.032107947279015156,scenario,hot_plate,1675.870286202253
11.416666666666666,skin,50.0,0.947774196233,0.052225803767,0.6435829292807831,64.35829292807831,0.6275728625990875,62.75728625990875,0.04738870981165,4.738870981165,0.02593667631467742,2.593667631467742,0.025936676314677415,0.03242084539334677,scenario,hot_plate,1653.3264752988546
11.5,skin,50.0,0.947386314881,0.052613685119,0.6439131996767044,64.39131996767044,0.6279409304554256,62.79409304554257,0.047369315744050004,4.736931574405,0.026191921622487988,2.619192162248799,0.02619192162248799,0.03273990202810999,scenario,hot_plate,1630.7826643954563
11.583333333333334,skin,50.0,0.946990405916,0.053009594084,0.6442387062139074,64.42387062139075,0.6283044062295868,62.83044062295868,0.0473495202958,4.7349520295800005,0.026452240648125402,2.64522406481254,0.026452240648125402,0.03306530081015675,scenario,hot_plate,1608.2388534920588
11.666666666666666,skin,50.0,0.94658629208,0.05341370792,0.6445593151288798,64.45593151288797,0.6286631584472419,62.866315844724184,0.047329314604,4.7329314604,0.02671778619185832,2.671778619185832,0.026717786191858325,0.0333972327398229,scenario,hot_plate,1585.6950425886603
11.75,skin,50.0,0.946173796112,0.053826203888,0.6448748921568902,64.48748921568902,0.6290170551066213,62.90170551066213,0.047308689805600004,4.73086898056,0.026988717251824994,2.6988717251824994,0.026988717251824987,0.03373589656478124,scenario,hot_plate,1563.1512316852618
11.833333333333334,skin,50.0,0.945752740751,0.054247259249,0.6451853025315296,64.51853025315296,0.6293659636778733,62.93659636778733,0.047287637037550005,4.728763703755001,0.027265199341499242,2.726519934149924,0.027265199341499236,0.034081499176874044,scenario,hot_plate,1540.6074207818635
11.916666666666666,skin,50.0,0.945322948739,0.054677051261,0.6454904109842479,64.54904109842478,0.6297097511024188,62.97097511024188,0.047266147436950005,4.726614743695,0.027547404826871864,2.754740482687186,0.027547404826871864,0.03443425603358983,scenario,hot_plate,1518.0636098784655
12.0,skin,50.0,0.944884242814,0.055115757186,0.6457900817370525,64.57900817370526,0.6300482837856344,63.00482837856344,0.0472442121407,4.72442121407,0.027835513284790753,2.783551328479075,0.02783551328479075,0.034794391605988434,scenario,hot_plate,1495.519798975068
0.0,spinal_coord,4.402212208750424,0.984956517651,0.015043482349,0.37950533631557437,37.950533631557434,0.1776882758704325,17.76882758704325,0.24623912941275,24.623912941275,0.008727568652999212,0.8727568652999211,0.008727568652999212,0.012218596114198895,scenario,hot_plate,0.001
0.016666666666666666,spinal_coord,4.8378784067202965,0.984944901985,0.015055098015,0.3899263382999699,38.99263382999699,0.19158681707162653,19.158681707162653,0.24623622549625,24.623622549624997,0.009426280196226263,0.9426280196226263,0.009426280196226263,0.013196792274716767,scenario,hot_plate,10.074189547876431
0.08333333333333333,spinal_coord,3.8195919791379005,0.985004718791,0.014995281209,0.36388491530311456,36.388491530311455,0.15684498080715273,15.684498080715272,0.24625117969775,24.625117969775,0.006998255086593507,0.6998255086593507,0.006998255086593506,0.009797557121230907,scenario,hot_plate,50.36694773938214
0.16666666666666666,spinal_coord,2.085696502353651,0.985407789337,0.014592210663,0.31510060613296337,31.510060613296336,0.09166487839828448,9.166487839828449,0.24635194733425,24.635194733425,0.003559028205610615,0.3559028205610615,0.0035590282056106146,0.00498263948785486,scenario,hot_plate,100.73289547876433
0.25,spinal_coord,2.000250945041689,0.985973868445,0.014026131555,0.3122218727415135,31.22218727415135,0.08763787417368465,8.763787417368466,0.24649346711125,24.649346711125002,0.0031855392962836485,0.3185539296283649,0.0031855392962836485,0.004459755014797107,scenario,hot_plate,151.0988432181464
0.3333333333333333,spinal_coord,2.0000000456899394,0.98653260216,0.01346739784,0.31190433753626734,31.190433753626735,0.08702824932835648,8.702824932835648,0.24663315054,24.663315054,0.0029855767806492173,0.2985576780649217,0.002985576780649217,0.004179807492908904,scenario,hot_plate,201.46479095752866
0.4166666666666667,spinal_coord,2.0000000000005174,0.987078439026,0.012921560974,0.31159685294176886,31.159685294176885,0.0864363242470251,8.64363242470251,0.2467696097565,24.67696097565,0.002809545350313321,0.2809545350313321,0.0028095453503133206,0.0039333634904386485,scenario,hot_plate,251.83073869691086
0.5,spinal_coord,2.0,0.987607560849,0.012392439151,0.3112905801572061,31.129058015720613,0.08585158659327483,8.585158659327483,0.24690189021225,24.690189021225002,0.002653116063750939,0.2653116063750939,0.002653116063750939,0.0037143624892513145,scenario,hot_plate,302.1966864362928
0.5833333333333334,spinal_coord,2.0,0.988118929796,0.011881070204,0.310985074069726,31.098507406972598,0.08527378882763467,8.527378882763466,0.247029732449,24.7029732449,0.0025131873375042395,0.25131873375042396,0.0025131873375042395,0.003518462272505935,scenario,hot_plate,352.5626341756752
0.6666666666666666,spinal_coord,2.0,0.988611995326,0.011388004674,0.3106800493636992,31.06800493636992,0.08470273404293226,8.470273404293225,0.2471529988315,24.71529988315,0.0023872791872963793,0.23872791872963794,0.0023872791872963798,0.0033421908622149315,scenario,hot_plate,402.9285819150573
0.75,spinal_coord,2.0,0.989086924656,0.010913075344,0.31037545017415824,31.037545017415823,0.08413829201354432,8.413829201354432,0.247271731164,24.7271731164,0.0022733848974149672,0.22733848974149673,0.0022733848974149672,0.003182738856380954,scenario,hot_plate,453.29452965443954
0.8333333333333334,spinal_coord,2.0,0.989544308286,0.010455691714,0.31007135604081093,31.007135604081093,0.0835803719590812,8.358037195908121,0.2473860770715,24.738607707150003,0.002169863266116379,0.21698632661163791,0.002169863266116379,0.0030378085725629306,scenario,hot_plate,503.6604773938218
0.9166666666666666,spinal_coord,2.0,0.989984158636,0.010015841364,0.30976766753852736,30.976766753852736,0.08302883717270311,8.30288371727031,0.247496039659,24.7496039659,0.0020753590093062378,0.20753590093062377,0.0020753590093062378,0.0029055026130287327,scenario,hot_plate,554.0264251332036
1.0,spinal_coord,2.0,0.990406475706,0.009593524294,0.30946428422855576,30.946428422855575,0.08248355373607433,8.248355373607433,0.2476016189265,24.76016189265,0.00198874309611948,0.198874309611948,0.0019887430961194794,0.002784240334567271,scenario,hot_plate,604.3923728725858
1.0833333333333333,spinal_coord,2.0,0.990811259498,0.009188740502,0.3090414040588537,30.90414040588537,0.08178478557913832,8.178478557913833,0.2477028148745,24.77028148745,0.0018878072452097865,0.18878072452097866,0.0018878072452097865,0.002642930143293701,scenario,hot_plate,668.9162353253363
1.1666666666666667,spinal_coord,2.0,0.991198531991,0.008801468009,0.3086222937747969,30.86222937747969,0.0810968810360625,8.10968810360625,0.24779963299775,24.779963299775,0.0017966222184765525,0.17966222184765526,0.0017966222184765527,0.0025152711058671734,scenario,hot_plate,733.4400977780862
1.25,spinal_coord,2.0,0.991569986225,0.008430013775,0.30820726643076113,30.820726643076114,0.08041969316601487,8.041969316601486,0.24789249655625,24.789249655625,0.0017138401645272157,0.17138401645272158,0.0017138401645272153,0.0023993762303381014,scenario,hot_plate,797.9639602308364
1.3333333333333333,spinal_coord,2.0,0.991926682569,0.008073317431,0.3077964425738351,30.77964425738351,0.07975302924211349,7.9753029242113485,0.24798167064225,24.798167064224998,0.0016383507070209262,0.1638350707020926,0.001638350707020926,0.0022936909898292964,scenario,hot_plate,862.4878226835871
1.4166666666666667,spinal_coord,2.0,0.992268621023,0.007731378977,0.30738961922137653,30.738961922137655,0.07909661862083535,7.909661862083535,0.24806715525575,24.806715525574997,0.0015692308508719521,0.1569230850871952,0.0015692308508719521,0.0021969231912207328,scenario,hot_plate,927.0116851363371
1.5,spinal_coord,2.0,0.992595801587,0.007404198413,0.3069866002917047,30.698660029170473,0.0784501998599396,7.84501998599396,0.24814895039675,24.814895039675,0.001505707055489244,0.1505707055489244,0.0015057070554892439,0.0021079898776849414,scenario,hot_plate,991.535547589087
1.5833333333333333,spinal_coord,2.0,0.992908224261,0.007091775739,0.3065871963133007,30.658719631330072,0.07781352033073428,7.7813520330734285,0.24822705606525,24.822705606525002,0.001447126161465391,0.1447126161465391,0.0014471261614653907,0.002025976626051547,scenario,hot_plate,1056.059410041837
1.6666666666666667,spinal_coord,2.0,0.993206002488,0.006793997512,0.3061912591214493,30.61912591214493,0.07718634466593244,7.718634466593244,0.248301500622,24.830150062199998,0.0013929328498501357,0.13929328498501356,0.0013929328498501357,0.0019501059897901899,scenario,hot_plate,1120.5832724945885
1.75,spinal_coord,2.0,0.993490112945,0.006509887055,0.30579891210942123,30.579891210942122,0.07656851183089497,7.656851183089497,0.24837252823625,24.837252823625,0.001342651983355975,0.1342651983355975,0.0013426519833559753,0.0018797127766983653,scenario,hot_plate,1185.107134947338
1.8333333333333333,spinal_coord,2.0,0.993760780294,0.006239219706,0.30541005152667805,30.541005152667804,0.0759598086042374,7.59598086042374,0.2484401950735,24.844019507349998,0.0012958746389067782,0.12958746389067782,0.0012958746389067782,0.0018142244944694894,scenario,hot_plate,1249.6309974000885
1.9166666666666667,spinal_coord,2.0,0.994018004535,0.005981995465,0.3050245098980298,30.50245098980298,0.0753600116857064,7.53600116857064,0.24850450113375,24.850450113375,0.0012522469616049927,0.12522469616049928,0.0012522469616049927,0.0017531457462469898,scenario,hot_plate,1314.154859852839
2.0,spinal_coord,2.0,0.994261785666,0.005738214334,0.30464212516518513,30.46421251651851,0.07476890499824684,7.476890499824684,0.2485654464165,24.85654464165,0.0012114611968609044,0.12114611968609043,0.0012114611968609041,0.0016960456756052657,scenario,hot_plate,1378.678722305589
2.0833333333333335,spinal_coord,2.0,0.994492123689,0.005507876311,0.3048846221532092,30.488462215320922,0.0750154549746123,7.501545497461231,0.24862303092225,24.862303092224998,0.0012265562449655892,0.12265562449655892,0.001226556244965589,0.0017171787429518244,scenario,hot_plate,1354.2978765554544
2.1666666666666665,spinal_coord,2.0,0.994708911207,0.005291088793,0.3051240996043535,30.51240996043535,0.07526249573680463,7.526249573680463,0.24867722780175,24.867722780175,0.0012420322140408633,0.12420322140408632,0.0012420322140408635,0.0017388450996572088,scenario,hot_plate,1329.917030805321
2.25,spinal_coord,2.0,0.994911842217,0.005088157783,0.30536046700511066,30.536046700511065,0.07551000860114751,7.551000860114751,0.24872796055425,24.872796055425,0.0012579037070522252,0.12579037070522253,0.0012579037070522255,0.0017610651898731155,scenario,hot_plate,1305.5361850551867
2.3333333333333335,spinal_coord,2.0,0.995100897909,0.004899102091,0.3055937218650373,30.55937218650373,0.07575799651704972,7.575799651704972,0.24877522447725,24.877522447725,0.0012741860830515824,0.12741860830515825,0.0012741860830515824,0.0017838605162722153,scenario,hot_plate,1281.155339305053
2.4166666666666665,spinal_coord,2.0,0.995276078283,0.004723921717,0.3058238675009981,30.58238675009981,0.07600646390699743,7.600646390699743,0.24881901957075,24.881901957075,0.0012908955067530918,0.12908955067530917,0.001290895506753092,0.0018072537094543286,scenario,hot_plate,1256.774493554919
2.5,spinal_coord,2.0,0.995437383339,0.004562616661,0.3060509072711568,30.60509072711568,0.07625541524854244,7.625541524854245,0.24885934583475,24.885934583475,0.0013080490020615937,0.13080490020615937,0.0013080490020615937,0.001831268602886231,scenario,hot_plate,1232.3936478047847
2.5833333333333335,spinal_coord,2.0,0.995584813077,0.004415186923,0.30627484457562143,30.627484457562144,0.07650485507516193,7.650485507516193,0.24889620326925,24.889620326924998,0.0013256645099262564,0.13256645099262565,0.0013256645099262564,0.0018559303138967588,scenario,hot_plate,1208.0128020546513
2.6666666666666665,spinal_coord,2.0,0.995720102902,0.004279897098,0.30649621703840924,30.649621703840925,0.07675492175054567,7.6754921750545675,0.2489300257255,24.89300257255,0.001343760950932729,0.13437609509327292,0.0013437609509327289,0.0018812653313058203,scenario,hot_plate,1183.631956304517
2.75,spinal_coord,2.0,0.995845026586,0.004154973414,0.3067155754046774,30.67155754046774,0.07700575834423655,7.700575834423655,0.2489612566465,24.89612566465,0.0013623582930928535,0.13623582930928535,0.0013623582930928535,0.0019073016103299948,scenario,hot_plate,1159.2511105543838
2.8333333333333335,spinal_coord,2.0,0.995959584184,0.004040415816,0.3069329251517561,30.693292515175607,0.07725737214100811,7.725737214100811,0.248989896046,24.8989896046,0.0013814776253425515,0.13814776253425515,0.0013814776253425515,0.001934068675479572,scenario,hot_plate,1134.8702648042495
2.9166666666666665,spinal_coord,2.0,0.996063849109,0.003936150891,0.30714829444690317,30.714829444690317,0.07750977622620424,7.7509776226204234,0.24901596227725,24.901596227725,0.0014011412373166026,0.14011412373166027,0.0014011412373166024,0.0019615977322432433,scenario,hot_plate,1110.4894190541156
3.0,spinal_coord,2.0,0.996159333158,0.003840666842,0.3073621553912296,30.73621553912296,0.07776309613563943,7.776309613563943,0.2490398332895,24.903983328949998,0.001421372706034777,0.1421372706034777,0.001421372706034777,0.001989921788448688,scenario,hot_plate,1086.108573303981
3.0833333333333335,spinal_coord,2.0,0.996246635669,0.003753364331,0.30757469957762096,30.757469957762098,0.0780173875471613,7.80173875471613,0.24906165891725,24.906165891725,0.001442196990208098,0.1442196990208098,0.0014421969902080978,0.0020190757862913367,scenario,hot_plate,1061.7277275538472
3.1666666666666665,spinal_coord,2.0,0.996325756639,0.003674243361,0.3077859339831754,30.77859339831754,0.07827265976456717,7.827265976456717,0.24908143915975,24.908143915975,0.0014636405329583625,0.14636405329583627,0.0014636405329583628,0.0020490967461417077,scenario,hot_plate,1037.3468818037134
3.25,spinal_coord,2.0,0.996396908565,0.003603091435,0.30799593136018555,30.799593136018554,0.07852893895858074,7.852893895858074,0.24909922714125,24.909922714125,0.0014857313738397776,0.14857313738397776,0.0014857313738397772,0.002080023923375688,scenario,hot_plate,1012.9660360535796
3.3333333333333335,spinal_coord,2.0,0.996461251417,0.003538748583,0.30820505776620233,30.820505776620234,0.0787863265492698,7.87863265492698,0.24911531285425,24.911531285425,0.0015084992711605649,0.1508499271160565,0.0015084992711605647,0.00211189897962479,scenario,hot_plate,988.5851903034454
3.4166666666666665,spinal_coord,2.0,0.996518960546,0.003481039454,0.30841337550901604,30.841337550901603,0.07904484716335469,7.904484716335469,0.2491297401365,24.91297401365,0.0015319758357266117,0.15319758357266117,0.0015319758357266117,0.002144766170017256,scenario,hot_plate,964.2043445533114
3.5,spinal_coord,2.0,0.996570035952,0.003429964048,0.30862089283207605,30.862089283207606,0.07930451179210143,7.930451179210143,0.249142508988,24.9142508988,0.0015561946772711535,0.15561946772711535,0.0015561946772711535,0.002178672548179615,scenario,hot_plate,939.8234988031777
3.5833333333333335,spinal_coord,2.0,0.996614568087,0.003385431913,0.30882764611477076,30.882764611477075,0.07956533879069433,7.956533879069433,0.24915364202175,24.915364202175,0.0015811915649969074,0.15811915649969074,0.0015811915649969076,0.0022136681909956705,scenario,hot_plate,915.4426530530436
3.6666666666666665,spinal_coord,2.0,0.996653006744,0.003346993256,0.3090337833371434,30.903378333714336,0.0798273755348578,7.98273755348578,0.249163251686,24.9163251686,0.0016070046038433592,0.1607004603843359,0.0016070046038433592,0.002249806445380703,scenario,hot_plate,891.0618073029102
3.75,spinal_coord,2.0,0.996685834801,0.003314165199,0.3092394632085313,30.92394632085313,0.08009067267770836,8.009067267770837,0.24917145870025,24.917145870025,0.0016336744283060268,0.16336744283060267,0.0016336744283060266,0.002287144199628437,scenario,hot_plate,866.6809615527761
3.8333333333333335,spinal_coord,2.0,0.996713532214,0.003286467786,0.30944484402890876,30.944484402890875,0.08035528130054502,8.035528130054502,0.2491783830535,24.917838305350003,0.0016612444158811577,0.16612444158811576,0.0016612444158811575,0.0023257421822336206,scenario,hot_plate,842.3001158026415
3.9166666666666665,spinal_coord,2.0,0.996736578941,0.003263421059,0.30965008460254584,30.965008460254584,0.08062125315639444,8.062125315639443,0.24918414473525,24.918414473525,0.0016897609224940493,0.16897609224940494,0.0016897609224940493,0.0023656652914916688,scenario,hot_plate,817.9192700525077
4.0,spinal_coord,2.0,0.996755440461,0.003244559539,0.3098553397446938,30.98553397446938,0.08088863950592506,8.088863950592506,0.24918886011525,24.918886011525,0.0017192735425987074,0.17192735425987074,0.0017192735425987076,0.0024069829596381903,scenario,hot_plate,793.538424302374
4.083333333333333,spinal_coord,2.0,0.996770554269,0.003229445731,0.30996754601596127,30.996754601596127,0.08103320993161506,8.103320993161505,0.24919263856725,24.919263856725,0.0017355341000439126,0.17355341000439126,0.0017355341000439126,0.0024297477400614773,scenario,hot_plate,780.4596049707553
4.166666666666667,spinal_coord,2.0,0.996782381449,0.003217618551,0.31007911485216016,31.007911485216017,0.08117802598654687,8.117802598654688,0.24919559536225,24.919559536225,0.0017521051727121182,0.1752105172712118,0.0017521051727121182,0.0024529472417969653,scenario,hot_plate,767.3807856391365
4.25,spinal_coord,2.0,0.996791384241,0.003208615759,0.31019019107999946,31.019019107999945,0.08132312669299928,8.132312669299928,0.24919784606025,24.919784606025,0.0017689957408493961,0.17689957408493961,0.0017689957408493961,0.0024765940371891545,scenario,hot_plate,754.3019663075177
4.333333333333333,spinal_coord,2.0,0.996798024883,0.003201975117,0.3103009197341271,31.03009197341271,0.08146855135116947,8.146855135116947,0.24919950622075,24.919950622075,0.0017862151343564562,0.1786215134356456,0.0017862151343564562,0.0025007011880990387,scenario,hot_plate,741.2231469758992
4.416666666666667,spinal_coord,2.0,0.996802541745,0.003197458255,0.31041137634553084,31.041137634553085,0.08161432121237443,8.161432121237443,0.24920063543625,24.920063543625,0.0018037730499736026,0.18037730499736027,0.0018037730499736026,0.0025252822699630435,scenario,hot_plate,728.1443276442803
4.5,spinal_coord,2.0,0.996804699584,0.003195300416,0.3105214890207423,31.05214890207423,0.08176041883298969,8.17604188329897,0.249201174896,24.9201174896,0.0018216795694892907,0.18216795694892907,0.0018216795694892909,0.002550351397285007,scenario,hot_plate,715.0655083126624
4.583333333333333,spinal_coord,2.0,0.996804648868,0.003195351132,0.3106313059705481,31.063130597054812,0.0819068583380641,8.19068583380641,0.249201162217,24.9201162217,0.0018399451790441258,0.18399451790441257,0.0018399451790441256,0.0025759232506617756,scenario,hot_plate,701.9866889810432
4.666666666666667,spinal_coord,2.0,0.996802562274,0.003197437726,0.3107408824051518,31.07408824051518,0.08205365578220239,8.205365578220238,0.2492006405685,24.92006405685,0.0018585807896079592,0.18585807896079592,0.0018585807896079592,0.002602013105451143,scenario,hot_plate,688.9078696494248
4.75,spinal_coord,2.0,0.996798612483,0.003201387517,0.3108502736225823,31.085027362258227,0.08220082733577641,8.220082733577641,0.24919965312075,24.919965312075,0.0018775977587141266,0.18775977587141265,0.0018775977587141266,0.002628636862199777,scenario,hot_plate,675.8290503178064
4.833333333333333,spinal_coord,2.0,0.996792895705,0.003207104295,0.31095951115233456,31.095951115233454,0.08234838296811278,8.234838296811278,0.24919822392625,24.919822392624997,0.0018970079135417733,0.18970079135417733,0.0018970079135417733,0.0026558110789584827,scenario,hot_plate,662.7502309861876
4.916666666666667,spinal_coord,2.0,0.996785331387,0.003214668613,0.3110685714151154,31.10685714151154,0.08249631809115389,8.249631809115389,0.24919633284675,24.919633284675,0.0019168235754448571,0.1916823575444857,0.0019168235754448571,0.0026835530056228,scenario,hot_plate,649.6714116545687
5.0,spinal_coord,2.0,0.996775978176,0.003224021824,0.311177474262763,31.1177474262763,0.08264463962501731,8.26446396250173,0.249193994544,24.9193994544,0.0019370575860347251,0.19370575860347253,0.0019370575860347251,0.002711880620448615,scenario,hot_plate,636.5925923229502
5.083333333333333,spinal_coord,2.0,0.996764904063,0.003235095937,0.31128624250280285,31.128624250280286,0.08279335531607045,8.279335531607044,0.24919122601575,24.919122601575,0.0019577233349322774,0.19577233349322773,0.0019577233349322774,0.002740812668905188,scenario,hot_plate,623.5137729913314
5.166666666666667,spinal_coord,2.0,0.996752177036,0.003247822964,0.3113948989839762,31.13948989839762,0.08294247296663489,8.294247296663489,0.249188044259,24.918804425900003,0.001978834789315754,0.19788347893157537,0.001978834789315754,0.002770368705042055,scenario,hot_plate,610.4349536597127
5.25,spinal_coord,2.0,0.996737891212,0.003262108788,0.3115034747634709,31.15034747634709,0.08309200261396124,8.309200261396125,0.249184472803,24.9184472803,0.002000406525401168,0.2000406525401168,0.002000406525401168,0.002800569135561635,scenario,hot_plate,597.3561343280943
5.333333333333333,spinal_coord,2.0,0.996722155103,0.003277844897,0.3116120054536994,31.161200545369937,0.08324195557059916,8.324195557059916,0.24918053877575,24.918053877575,0.0020224537620044817,0.20224537620044816,0.0020224537620044817,0.0028314352668062743,scenario,hot_plate,584.277314996476
5.416666666666667,spinal_coord,2.0,0.996704974101,0.003295025899,0.3117204944780842,31.17204944780842,0.08339233460377894,8.339233460377894,0.24917624352525,24.917624352525,0.002044992396347929,0.2044992396347929,0.0020449923963479287,0.0028629893548871,scenario,hot_plate,571.1984956648569
5.5,spinal_coord,2.0,0.996686348206,0.003313651794,0.3118289435882448,31.18289435882448,0.08354314204899307,8.354314204899307,0.2491715870515,24.91715870515,0.002068039042287509,0.2068039042287509,0.002068039042287509,0.0028952546592025123,scenario,hot_plate,558.1196763332385
5.583333333333333,spinal_coord,2.0,0.996666277418,0.003333722582,0.31193735454862564,31.193735454862566,0.08369438025883419,8.369438025883419,0.2491665693545,24.91665693545,0.0020916110711548526,0.20916110711548525,0.002091611071154852,0.0029282554996167926,scenario,hot_plate,545.0408570016197
5.666666666666667,spinal_coord,2.0,0.996644761737,0.003355238263,0.312045729136614,31.204572913661398,0.083846051603152,8.3846051603152,0.24916119043425,24.916119043425,0.0021157266554244366,0.21157266554244367,0.0021157266554244366,0.002962017317594211,scenario,hot_plate,531.9620376700011
5.75,spinal_coord,2.0,0.996621801163,0.003378198837,0.31215406914265886,31.215406914265888,0.08399815846921184,8.399815846921184,0.24915545029075,24.915545029075002,0.0021404048154368477,0.21404048154368477,0.0021404048154368472,0.002996566741611586,scenario,hot_plate,518.8832183383824
5.833333333333333,spinal_coord,2.0,0.99659744273,0.00340255727,0.3122623911074841,31.22623911074841,0.08415070723331218,8.415070723331217,0.2491493606825,24.91493606825,0.0021656654694305645,0.21656654694305644,0.002165665469430564,0.0030319316572027894,scenario,hot_plate,505.80439900676396
5.916666666666667,spinal_coord,2.0,0.996571803358,0.003428196642,0.31237073351252426,31.237073351252427,0.084303710230699,8.4303710230699,0.2491429508395,24.91429508395,0.002191529487158842,0.2191529487158842,0.0021915294871588417,0.003068141282022378,scenario,hot_plate,492.72557967514496
6.0,spinal_coord,2.0,0.996544888556,0.003455111444,0.3124790999732664,31.24790999732664,0.08445717044568854,8.445717044568854,0.249136222139,24.9136222139,0.002218018747395031,0.22180187473950308,0.0022180187473950304,0.0031052262463530426,scenario,hot_plate,479.64676034352664
6.083333333333333,spinal_coord,2.0,0.996516698323,0.003483301677,0.31258749239339045,31.258749239339046,0.08461109041685395,8.461109041685395,0.24912917458075,24.912917458075,0.0022451561996593736,0.22451561996593736,0.0022451561996593736,0.003143218679523123,scenario,hot_plate,466.56794101190775
6.166666666666667,spinal_coord,2.0,0.996487232659,0.003512767341,0.3126959126910113,31.26959126910113,0.08476547270168178,8.476547270168178,0.24912180816475,24.912180816475,0.002272965930533274,0.22729659305332742,0.002272965930533274,0.0031821523027465836,scenario,hot_plate,453.48912168028903
6.25,spinal_coord,2.0,0.996456491564,0.003543508436,0.31280436279849694,31.280436279849695,0.0849203198766626,8.492031987666259,0.249114122891,24.9114122891,0.002301473234963826,0.2301473234963826,0.002301473234963826,0.003222062528949356,scenario,hot_plate,440.4103023486704
6.333333333333333,spinal_coord,2.0,0.996424475038,0.003575524962,0.31291284466260083,31.291284466260084,0.08507563453746775,8.507563453746775,0.2491061187595,24.91061187595,0.0023307046930022405,0.23307046930022404,0.0023307046930022405,0.0032629865702031367,scenario,hot_plate,427.33148301705205
6.416666666666667,spinal_coord,2.0,0.996391181431,0.003608818569,0.31302135972624023,31.302135972624022,0.085231419157987,8.5231419157987,0.24909779535775,24.909779535775,0.002360688252465538,0.23606882524655382,0.002360688252465538,0.0033049635534517533,scenario,hot_plate,414.25266368543333
6.5,spinal_coord,2.0,0.996356607122,0.003643392878,0.31312990882676106,31.312990882676107,0.08538767606168139,8.53876760616814,0.2490891517805,24.90891517805,0.0023914533180618334,0.23914533180618333,0.0023914533180618334,0.0033480346452865665,scenario,hot_plate,401.17384435381456
6.583333333333333,spinal_coord,2.0,0.996320751982,0.003679248018,0.31323849391242276,31.323849391242277,0.08554440788923032,8.554440788923031,0.2490801879955,24.90801879955,0.0024230308475766634,0.24230308475766635,0.002423030847576663,0.003392243186607328,scenario,hot_plate,388.0950250221962
6.666666666666667,spinal_coord,2.0,0.996283616011,0.003716383989,0.31334711698691214,31.334711698691216,0.08570161731221619,8.570161731221619,0.24907090400275,24.907090400275,0.002455453455781736,0.2455453455781736,0.0024554534557817364,0.003437634838094431,scenario,hot_plate,375.0162056905773
6.75,spinal_coord,2.0,0.996245199209,0.003754800791,0.31345578006897257,31.345578006897256,0.08585930702229676,8.585930702229676,0.24906129980225,24.906129980225,0.002488755526799248,0.24887555267992478,0.002488755526799248,0.0034842577375189467,scenario,hot_plate,361.93738635895863
6.833333333333333,spinal_coord,2.0,0.996205501576,0.003794498424,0.31356448519254576,31.356448519254577,0.08601747973139431,8.601747973139432,0.249051375394,24.9051375394,0.002522973335735563,0.2522973335735563,0.0025229733357355635,0.0035321626700297887,scenario,hot_plate,348.85856702734014
6.916666666666667,spinal_coord,2.0,0.996164523112,0.003835476888,0.313673234406915,31.367323440691504,0.0861761381718867,8.61761381718867,0.249041130778,24.904113077799998,0.002558145180488792,0.25581451804887917,0.0025581451804887914,0.003581403252684308,scenario,hot_plate,335.7797476957214
7.0,spinal_coord,2.0,0.99612219692,0.00387780308,0.3137820087040592,31.37820087040592,0.08633527929874557,8.633527929874557,0.24903054923,24.903054923,0.0025943115247371194,0.25943115247371196,0.0025943115247371194,0.003632036134631967,scenario,hot_plate,322.70092836410265
7.083333333333333,spinal_coord,2.0,0.996078393441,0.003921606559,0.3138907693122044,31.389076931220437,0.08649489460260588,8.649489460260588,0.24901959836025,24.901959836025,0.002631515153230257,0.2631515153230257,0.0026315151532302562,0.0036841212145223585,scenario,hot_plate,309.6221090324842
7.166666666666667,spinal_coord,2.0,0.996033109384,0.003966890616,0.3139995172171618,31.399951721716178,0.08665498649488235,8.665498649488235,0.249008277346,24.9008277346,0.0026698013406369933,0.2669801340636993,0.0026698013406369933,0.0037377218768917904,scenario,hot_plate,296.5432897008654
7.25,spinal_coord,2.0,0.995986344749,0.004013655251,0.31410825445638363,31.410825445638363,0.08681555769217818,8.681555769217818,0.24899658618725,24.899658618725002,0.0027092180353498435,0.27092180353498435,0.002709218035349843,0.00379290524948978,scenario,hot_plate,283.4644703692467
7.333333333333333,spinal_coord,2.0,0.995938099534,0.004061900466,0.3142169830822058,31.42169830822058,0.0869766109316077,8.69766109316077,0.2489845248835,24.89845248835,0.0027498160598157326,0.2749816059815733,0.0027498160598157326,0.0038497424837420254,scenario,hot_plate,270.38565103762824
7.416666666666667,spinal_coord,2.0,0.995888373741,0.004111626259,0.3143257051638878,31.43257051638878,0.08713814897151706,8.713814897151707,0.24897209343525,24.897209343525002,0.002791649329152613,0.2791649329152613,0.0027916493291526125,0.0039083090608136575,scenario,hot_plate,257.3068317060096
7.5,spinal_coord,2.0,0.995837167368,0.004162832632,0.31443442278523936,31.443442278523936,0.0873001745909858,8.73001745909858,0.248959291842,24.8959291842,0.0028347750900293693,0.28347750900293694,0.0028347750900293693,0.003968685126041116,scenario,hot_plate,244.22801237439094
7.583333333333333,spinal_coord,2.0,0.995784480417,0.004215519583,0.31454313804729583,31.454313804729583,0.08746269059072782,8.746269059072782,0.24894612010425,24.894612010425,0.002879254182034638,0.2879254182034638,0.002879254182034638,0.004030955854848493,scenario,hot_plate,231.14919304277242
7.666666666666667,spinal_coord,2.0,0.995730330329,0.004269669671,0.31465185857795314,31.465185857795312,0.08762570132760417,8.762570132760416,0.24893258258225,24.893258258225,0.0029251513240439314,0.29251513240439314,0.002925151324043932,0.004095211853661504,scenario,hot_plate,218.0703737111535
7.75,spinal_coord,2.0,0.995675156751,0.004324843249,0.3147607255013363,31.476072550133633,0.08778924841811508,8.77892484181151,0.24891878918775,24.891878918775,0.0029725354284196766,0.29725354284196764,0.0029725354284196766,0.0041615495997875465,scenario,hot_plate,204.99155437953505
7.833333333333333,spinal_coord,2.0,0.995619150896,0.004380849104,0.3148698016134252,31.48698016134252,0.08795335185256697,8.795335185256697,0.248904787724,24.890478772399998,0.003021479946252179,0.3021479946252179,0.003021479946252179,0.00423007192475305,scenario,hot_plate,191.91273504791639
7.916666666666667,spinal_coord,2.0,0.995562312764,0.004437687236,0.31497908932934393,31.497908932934394,0.08811801485112522,8.811801485112522,0.248890578191,24.8890578191,0.0030720632472791306,0.30720632472791304,0.00307206324727913,0.004300888546190782,scenario,hot_plate,178.83391571629767
8.0,spinal_coord,2.0,0.995504642354,0.004495357646,0.31508859108257437,31.508859108257436,0.08828324065876582,8.828324065876583,0.2488761605885,24.88761605885,0.003124369038616806,0.3124369038616806,0.003124369038616806,0.004374116654063528,scenario,hot_plate,165.7550963846791
8.083333333333334,spinal_coord,2.0,0.995446139667,0.004553860333,0.3150850825067486,31.50850825067486,0.0882980634533315,8.82980634533315,0.24886153491675,24.886153491675,0.003130618080088415,0.3130618080088415,0.0031306180800884154,0.004382865312123781,scenario,hot_plate,164.22177838448405
8.166666666666666,spinal_coord,2.0,0.995387700993,0.004612299007,0.3150815992349025,31.508159923490247,0.08831289864886994,8.831289864886994,0.24884692524825,24.884692524825,0.003136892169036933,0.3136892169036933,0.0031368921690369325,0.004391649036651705,scenario,hot_plate,162.6884603842891
8.25,spinal_coord,2.0,0.995331920672,0.004668079328,0.3150789625290058,31.50789625290058,0.08832797648134101,8.8327976481341,0.248832980168,24.8832980168,0.0031431914563581306,0.31431914563581304,0.003143191456358131,0.004400468038901383,scenario,hot_plate,161.15514238409395
8.333333333333334,spinal_coord,2.0,0.995278962785,0.004721037215,0.31507722445630804,31.507722445630804,0.08834331168007738,8.834331168007738,0.24881974069625,24.881974069625002,0.00314951609416229,0.314951609416229,0.0031495160941622897,0.004409322531827205,scenario,hot_plate,159.6218243838989
8.416666666666666,spinal_coord,2.0,0.995228827334,0.004771172666,0.31507638514882647,31.507638514882647,0.0883589044204353,8.83589044204353,0.2488072068335,24.88072068335,0.003155866235786451,0.3155866235786451,0.0031558662357864514,0.004418212730101031,scenario,hot_plate,158.08850638370387
8.5,spinal_coord,2.0,0.99518135806,0.00481864194,0.31507639526615455,31.507639526615456,0.08837474100153943,8.837474100153942,0.248795339515,24.8795339515,0.0031622420358067994,0.31622420358067993,0.0031622420358068,0.0044271388501295195,scenario,hot_plate,156.55518838350886
8.583333333333334,spinal_coord,2.0,0.995136165744,0.004863834256,0.3150771316994352,31.507713169943518,0.08839078701791361,8.839078701791362,0.248784041436,24.8784041436,0.0031686436500512126,0.3168643650051213,0.003168643650051213,0.004436101110071698,scenario,hot_plate,155.02187038331382
8.666666666666666,spinal_coord,2.0,0.995093231974,0.004906768026,0.31507858872582417,31.507858872582418,0.08840704097643218,8.840704097643219,0.2487733079935,24.877330799350002,0.003175071235611954,0.31750712356119537,0.003175071235611954,0.004445099729856735,scenario,hot_plate,153.4885523831188
8.75,spinal_coord,2.0,0.995052556749,0.004947443251,0.3150807664512544,31.50807664512544,0.08842350301867251,8.842350301867251,0.24876313918725,24.876313918725,0.003181524950858521,0.3181524950858521,0.0031815249508585206,0.004454134931201928,scenario,hot_plate,151.95523438292386
8.833333333333334,spinal_coord,2.0,0.9950139492,0.0049860508,0.3150836045410174,31.50836045410174,0.08844015632135659,8.844015632135658,0.2487534873,24.87534873,0.003188004955450658,0.31880049554506584,0.003188004955450658,0.004463206937630921,scenario,hot_plate,150.4219163827287
8.916666666666666,spinal_coord,2.0,0.994977000024,0.005022999976,0.3150869734757735,31.508697347577353,0.08845696462636472,8.845696462636472,0.248744250006,24.874425000600002,0.0031945114103515138,0.3194511410351514,0.003194511410351514,0.00447231597449212,scenario,hot_plate,148.88859838253376
9.0,spinal_coord,2.0,0.994941695499,0.005058304501,0.3150908689891178,31.509086898911782,0.08847392681915707,8.847392681915707,0.24873542387475,24.873542387475002,0.0032010444778409783,0.3201044477840978,0.0032010444778409787,0.00448146226897737,scenario,hot_plate,147.35528038233875
9.083333333333334,spinal_coord,2.0,0.994908035624,0.005091964376,0.31509529115943513,31.509529115943515,0.08849104300458022,8.849104300458022,0.248727008906,24.8727008906,0.00320760432152917,0.320760432152917,0.00320760432152917,0.004490646050140838,scenario,hot_plate,145.8219623821436
9.166666666666666,spinal_coord,2.0,0.994876011607,0.005123988393,0.31510023728086917,31.510023728086917,0.08850831250549224,8.850831250549223,0.24871900290175,24.871900290175,0.0032141911063700928,0.3214191106370093,0.0032141911063700928,0.00449986754891813,scenario,hot_plate,144.28864438194864
9.25,spinal_coord,2.0,0.994845522704,0.005154477296,0.31510567552238156,31.510567552238157,0.08852572646184209,8.852572646184209,0.248711380676,24.8711380676,0.003220804998675466,0.3220804998675466,0.003220804998675466,0.004509126998145652,scenario,hot_plate,142.7553263817536
9.333333333333334,spinal_coord,2.0,0.994816418264,0.005183581736,0.3151115582386727,31.51115582386727,0.0885432715635636,8.85432715635636,0.248704104566,24.870410456600002,0.0032274461661287203,0.322744616612872,0.0032274461661287203,0.004518424632580208,scenario,hot_plate,141.22200838155857
9.416666666666666,spinal_coord,2.0,0.994788547284,0.005211452716,0.3151178376638559,31.51178376638559,0.08856093445714124,8.856093445714123,0.248697136821,24.8697136821,0.0032341147777991694,0.32341147777991697,0.0032341147777991694,0.0045277606889188365,scenario,hot_plate,139.68869038136359
9.5,spinal_coord,2.0,0.994761758763,0.005238241237,0.31512446602356214,31.512446602356214,0.08857870177708282,8.857870177708282,0.24869043969075,24.869043969075,0.0032408110041563572,0.3240811004156357,0.0032408110041563577,0.0045371354058189005,scenario,hot_plate,138.15537238116855
9.583333333333334,spinal_coord,2.0,0.994735901698,0.005264098302,0.3151313955336622,31.51313955336622,0.08859656014554963,8.859656014554963,0.2486839754245,24.868397542449998,0.0032475350170845852,0.3247535017084585,0.003247535017084585,0.004546549023918418,scenario,hot_plate,136.6220543809735
9.666666666666666,spinal_coord,2.0,0.994710825089,0.005289174911,0.3151385784018408,31.51385784018408,0.08861449617278769,8.861449617278769,0.24867770627225,24.867770627225,0.0032542869898976165,0.3254286989897616,0.003254286989897616,0.004556001785856662,scenario,hot_plate,135.08873638077847
9.75,spinal_coord,2.0,0.994686377933,0.005313622067,0.31514596682568474,31.514596682568474,0.08863249645657968,8.863249645657968,0.24867159448325,24.867159448324998,0.0032610670973535682,0.3261067097353568,0.003261067097353568,0.004565493936294995,scenario,hot_plate,133.55541838058343
9.833333333333334,spinal_coord,2.0,0.994662575071,0.005337424929,0.315153565540416,31.515356554041603,0.08865056236355467,8.865056236355468,0.24866564376775,24.866564376775,0.0032678755156699915,0.3267875515669991,0.003267875515669992,0.0045750257219379885,scenario,hot_plate,132.02210038038842
9.916666666666666,spinal_coord,2.0,0.994639545982,0.005360454018,0.3151614156063789,31.51614156063789,0.08866870548117181,8.86687054811718,0.2486598864955,24.86598864955,0.003274712422539135,0.3274712422539135,0.003274712422539135,0.004584597391554789,scenario,hot_plate,130.48878238019333
10.0,spinal_coord,2.0,0.994617232542,0.005382767458,0.31516949864510746,31.516949864510746,0.08868692067947666,8.868692067947666,0.2486543081355,24.86543081355,0.003281577997143405,0.3281577997143405,0.0032815779971434055,0.004594209196000768,scenario,hot_plate,128.95546437999838
10.083333333333334,spinal_coord,2.0,0.994595575502,0.005404424498,0.3151777959181268,31.517779591812676,0.08870520272350238,8.870520272350237,0.2486488938755,24.864889387549997,0.0032884724201710197,0.32884724201710197,0.0032884724201710197,0.0046038613882394275,scenario,hot_plate,127.42214637980327
10.166666666666666,spinal_coord,2.0,0.994574515611,0.005425484389,0.31518628868274745,31.518628868274746,0.08872354637332995,8.872354637332995,0.24864362890275,24.864362890275,0.003295395873831859,0.3295395873831859,0.003295395873831859,0.004613554223364602,scenario,hot_plate,125.88882837960827
10.25,spinal_coord,2.0,0.994553993617,0.005446006383,0.31519495819237886,31.519495819237886,0.08874194638417178,8.874194638417178,0.24863849840425,24.863849840425,0.0033023485418735184,0.3302348541873518,0.003302348541873518,0.004623287958622925,scenario,hot_plate,124.35551037941323
10.333333333333334,spinal_coord,2.0,0.994533950272,0.005466049728,0.31520378569810936,31.520378569810937,0.08876039750681249,8.87603975068125,0.248633487568,24.8633487568,0.0033093306095975644,0.33093306095975644,0.0033093306095975652,0.004633062853436591,scenario,hot_plate,122.82219237921815
10.416666666666666,spinal_coord,2.0,0.994514326329,0.005485673671,0.31521275244775193,31.521275244775193,0.08877889448733592,8.877889448733592,0.24862858158225,24.862858158225002,0.003316342263875995,0.33163422638759954,0.003316342263875995,0.004642879169426393,scenario,hot_plate,121.28887437902311
10.5,spinal_coord,2.0,0.994495135533,0.005504864467,0.31522186282155784,31.522186282155783,0.08879743858441048,8.87974385844105,0.24862378388325,24.862378388325,0.003323383693167915,0.3323383693167915,0.0033233836931679155,0.0046527371704350815,scenario,hot_plate,119.7555563788281
10.583333333333334,spinal_coord,2.0,0.99447641151,0.00552358849,0.3152311275025595,31.52311275025595,0.08881603283341268,8.881603283341267,0.2486191028775,24.86191028775,0.0033304550875364177,0.33304550875364175,0.0033304550875364177,0.004662637122550985,scenario,hot_plate,118.22223837863311
10.666666666666666,spinal_coord,2.0,0.994458128418,0.005541871582,0.31524053832467286,31.524053832467285,0.0888346749602305,8.88346749602305,0.2486145321045,24.861453210449998,0.003337556638665691,0.3337556638665691,0.0033375566386656904,0.004672579294131967,scenario,hot_plate,116.68892037843806
10.75,spinal_coord,2.0,0.994440260415,0.005559739585,0.31525008712025604,31.525008712025603,0.08885336268867473,8.885336268867473,0.24861006510375,24.861006510375,0.0033446885398783284,0.3344688539878328,0.003344688539878329,0.00468256395582966,scenario,hot_plate,115.15560237824303
10.833333333333334,spinal_coord,2.0,0.99442278166,0.00557721834,0.31525976572042463,31.525976572042463,0.08887209374056619,8.887209374056619,0.248605695415,24.8605695415,0.0033518509861528833,0.33518509861528833,0.0033518509861528833,0.004692591380614036,scenario,hot_plate,113.62228437804795
10.916666666666666,spinal_coord,2.0,0.994405666311,0.005594333689,0.31526956595441596,31.526956595441597,0.08889086583555461,8.88908658355546,0.24860141657775,24.860141657775,0.0033590441741416276,0.33590441741416277,0.0033590441741416276,0.004702661843798278,scenario,hot_plate,112.08896637785294
11.0,spinal_coord,2.0,0.994388888527,0.005611111473,0.31527947965022113,31.52794796502211,0.08890967669129483,8.890967669129484,0.24859722213175,24.859722213175,0.0033662683021885567,0.33662683021885564,0.0033662683021885567,0.004712775623063979,scenario,hot_plate,110.55564837765793
11.083333333333334,spinal_coord,2.0,0.994372422487,0.005627577513,0.315289498640608,31.528949864060802,0.08892852402514402,8.892852402514402,0.24859310562175,24.859310562175,0.0033735235703476166,0.3373523570347617,0.003373523570347616,0.004722932998486662,scenario,hot_plate,109.02233037746291
11.166666666666666,spinal_coord,2.0,0.994356244989,0.005643755011,0.31529961558723557,31.529961558723556,0.08894740578664745,8.894740578664745,0.24858906124725,24.858906124725,0.0033808101804011707,0.3380810180401171,0.003380810180401171,0.004733134252561639,scenario,hot_plate,107.48901237726783
11.25,spinal_coord,2.0,0.994340332774,0.005659667226,0.31530982313228134,31.530982313228133,0.08896631991837511,8.896631991837511,0.2485850831935,24.85850831935,0.0033881283358787105,0.33881283358787107,0.00338812833587871,0.004743379670230194,scenario,hot_plate,105.95569437707285
11.333333333333334,spinal_coord,2.0,0.994324661037,0.005675338963,0.31532011342624383,31.532011342624383,0.08898526422265844,8.898526422265844,0.24858116525925,24.858116525925,0.0033954782420757995,0.33954782420757995,0.0033954782420757995,0.004753669538906119,scenario,hot_plate,104.42237637687776
11.416666666666666,spinal_coord,2.0,0.994309204976,0.005690795024,0.3153304786190648,31.533047861906482,0.08900423650008643,8.900423650008642,0.248577301244,24.8577301244,0.003402860106073276,0.3402860106073276,0.003402860106073276,0.004764004148502587,scenario,hot_plate,102.88905837668275
11.5,spinal_coord,2.0,0.994293939785,0.005706060215,0.31534091085790783,31.534091085790784,0.08902323454887709,8.902323454887709,0.24857348494625,24.857348494625,0.0034102741367567015,0.34102741367567013,0.0034102741367567015,0.004774383791459382,scenario,hot_plate,101.3557403764877
11.583333333333334,spinal_coord,2.0,0.994278840661,0.005721159339,0.3153514022893761,31.535140228937607,0.08904225616550142,8.904225616550141,0.24856971016525,24.856971016525,0.003417720544836059,0.3417720544836059,0.0034177205448360586,0.004784808762770482,scenario,hot_plate,99.82242237629268
11.666666666666666,spinal_coord,2.0,0.9942638828,0.0057361172,0.31536194505824233,31.536194505824234,0.08906129914432315,8.906129914432315,0.2485659707,24.85659707,0.0034251995428657193,0.34251995428657195,0.0034251995428657193,0.004795279360012007,scenario,hot_plate,98.28910437609768
11.75,spinal_coord,2.0,0.994249041566,0.005750958434,0.3153725313610536,31.53725313610536,0.08908036129273812,8.908036129273812,0.2485622603915,24.856226039150002,0.003432711345264666,0.3432711345264666,0.0034327113452646656,0.004805795883370531,scenario,hot_plate,96.75578637590264
11.833333333333334,spinal_coord,2.0,0.994234304369,0.005765695631,0.3153831572139872,31.538315721398718,0.08909944149564958,8.909944149564957,0.24855857609225,24.855857609224998,0.0034402561683369833,0.3440256168336983,0.0034402561683369833,0.004816358635671776,scenario,hot_plate,95.22246837570756
11.916666666666666,spinal_coord,2.0,0.994219671728,0.005780328272,0.3153938227909896,31.53938227909896,0.08911853981198616,8.911853981198616,0.248554917932,24.8554917932,0.003447834230292621,0.34478342302926207,0.0034478342302926212,0.004826967922409669,scenario,hot_plate,93.68915037551257
12.0,spinal_coord,2.0,0.994205143643,0.005794856357,0.31540452810139885,31.540452810139886,0.08913765625419841,8.91376562541984,0.24855128591075,24.855128591075,0.0034554457512684317,0.34554457512684317,0.003455445751268432,0.004837624051775805,scenario,hot_plate,92.15583237531752
0.0,ganglia,15.944000465183809,0.973667118048,0.026332881952,0.4860750527870792,48.60750527870792,0.4318981566469769,43.18981566469769,0.0973667118048,9.73667118048,0.010517521865244735,1.0517521865244734,0.010517521865244734,0.018931539357440522,scenario,hot_plate,0.001
0.016666666666666666,ganglia,18.648469645329037,0.973659494464,0.026340505536,0.5176829175895676,51.768291758956764,0.4670188534924085,46.701885349240854,0.09736594944640001,9.73659494464,0.011024159889500345,1.1024159889500345,0.011024159889500345,0.019843487801100623,scenario,hot_plate,69.18064030728921
0.08333333333333333,ganglia,13.181594180111828,0.973967203034,0.026032796966,0.43392602974257805,43.392602974257805,0.37392145493242,37.392145493242005,0.0973967203034,9.739672030340001,0.005543307165645599,0.5543307165645599,0.005543307165645599,0.009977952898162078,scenario,hot_plate,345.89920153644607
0.16666666666666666,ganglia,10.003287533753445,0.974861307525,0.025138692475,0.3691305769673402,36.91305769673402,0.30182716246093355,30.182716246093356,0.09748613075250001,9.74861307525,0.0030879140082885953,0.30879140082885953,0.0030879140082885953,0.005558245214919472,scenario,hot_plate,691.797403072892
0.25,ganglia,10.000000006557755,0.975892663039,0.024107336961,0.3600907701557229,36.00907701557229,0.2916683376131365,29.166833761313647,0.09758926630390001,9.75892663039,0.0024365052762436797,0.24365052762436798,0.00243650527624368,0.004385709497238624,scenario,hot_plate,1037.6956046093383
0.3333333333333333,ganglia,10.0,0.976943192876,0.023056807124,0.35172453946088766,35.172453946088766,0.2822558001925418,28.22558001925418,0.0976943192876,9.76943192876,0.0020124836310274814,0.20124836310274813,0.0020124836310274814,0.0036224705358494664,scenario,hot_plate,1383.5938061457844
0.4166666666666667,ganglia,10.0,0.977973053855,0.022026946145,0.3438972366327486,34.389723663274864,0.27344436805249844,27.344436805249845,0.09779730538550001,9.77973053855,0.0017141691451401403,0.17141691451401403,0.0017141691451401406,0.003085504461252253,scenario,hot_plate,1729.492007682231
0.5,ganglia,10.0,0.978975452336,0.021024547664,0.33655583820345736,33.65558382034573,0.26517588107761925,26.517588107761924,0.0978975452336,9.789754523360001,0.0014928769935180215,0.14928769935180214,0.0014928769935180217,0.0026871785883324393,scenario,hot_plate,2075.390209218676
0.5833333333333334,ganglia,10.0,0.979964602252,0.020035397748,0.3296607288193476,32.966072881934764,0.25740474288238624,25.740474288238623,0.0979964602252,9.799646022520001,0.0013221879890127847,0.13221879890127847,0.0013221879890127845,0.002379938380223012,scenario,hot_plate,2421.2884107551236
0.6666666666666666,ganglia,10.0,0.980919958321,0.019080041679,0.32316566677228814,32.31656667722881,0.25008185660020904,25.008185660020903,0.0980919958321,9.80919958321,0.0011865258320069663,0.11865258320069663,0.0011865258320069663,0.0021357464976125393,scenario,hot_plate,2767.186612291569
0.75,ganglia,10.0,0.981839463033,0.018160536967,0.3170354272376048,31.70354272376048,0.24316831214922757,24.316831214922757,0.0981839463033,9.818394630330001,0.0010761121148270554,0.10761121148270554,0.0010761121148270554,0.0019370018066886996,scenario,hot_plate,3113.084813828018
0.8333333333333334,ganglia,10.0,0.982721317749,0.017278682251,0.3112387563099991,31.12387563099991,0.23662958281677673,23.662958281677675,0.0982721317749,9.82721317749,0.0009844983316134267,0.09844983316134268,0.0009844983316134265,0.0017720969969041676,scenario,hot_plate,3458.9830153644602
0.9166666666666666,ganglia,10.0,0.983565069708,0.016434930292,0.305748176071681,30.574817607168097,0.23043518788986775,23.043518788986773,0.0983565069708,9.83565069708,0.0009072596432551839,0.0907259643255184,0.0009072596432551838,0.001633067357859331,scenario,hot_plate,3804.8812169009093
1.0,ganglia,10.0,0.984368237568,0.015631762432,0.30053847544349627,30.053847544349626,0.22455739076299583,22.455739076299583,0.0984368237568,9.84368237568,0.0008412587941491911,0.08412587941491911,0.0008412587941491912,0.001514265829468544,scenario,hot_plate,4150.779418437353
1.0833333333333333,ganglia,10.0,0.98512965304,0.01487034696,0.30223009314191135,30.223009314191135,0.22635236426434593,22.635236426434595,0.098512965304,9.851296530399999,0.0008582612944613852,0.08582612944613852,0.0008582612944613852,0.0015448703300304934,scenario,hot_plate,4056.585332011576
1.1666666666666667,ganglia,10.0,0.98585033492,0.01414966508,0.3039326313119967,30.39326313119967,0.22816399757777414,22.816399757777415,0.098585033492,9.8585033492,0.0008759652392612398,0.08759652392612398,0.0008759652392612398,0.0015767374306702316,scenario,hot_plate,3962.3912455858044
1.25,ganglia,10.0,0.986531011478,0.013468988522,0.305646644846696,30.564664484669603,0.22999282633210666,22.999282633210665,0.09865310114780002,9.865310114780002,0.0008944149503353482,0.08944149503353482,0.0008944149503353483,0.0016099469106036271,scenario,hot_plate,3868.197159160026
1.3333333333333333,ganglia,10.0,0.987171058488,0.012828941512,0.30737228173542086,30.737228173542086,0.23183908431846761,23.18390843184676,0.0987171058488,9.87171058488,0.000913658563857935,0.0913658563857935,0.0009136585638579349,0.0016445854149442828,scenario,hot_plate,3774.0030727342487
1.4166666666666667,ganglia,10.0,0.987769850852,0.012230149148,0.3091096959470257,30.91096959470257,0.2337030120686952,23.37030120686952,0.0987769850852,9.87769850852,0.0009337484497521806,0.09337484497521806,0.0009337484497521807,0.0016807472095539252,scenario,hot_plate,3679.8089863084765
1.5,ganglia,10.0,0.988327431855,0.011672568145,0.31085925815803195,31.085925815803193,0.23558501663614664,23.558501663614663,0.0988327431855,9.88327431855,0.0009547416876219322,0.09547416876219322,0.0009547416876219323,0.0017185350377194781,scenario,hot_plate,3585.6148998826984
1.5833333333333333,ganglia,10.0,0.988848898299,0.011151101701,0.3126229477561083,31.262294775610833,0.23748673102912038,23.748673102912036,0.09888488982990001,9.888488982990001,0.0009767006083615676,0.09767006083615676,0.0009767006083615676,0.0017580610950508216,scenario,hot_plate,3491.4208134569203
1.6666666666666667,ganglia,10.0,0.989337088901,0.010662911099,0.3144020711979655,31.440207119796547,0.23940929145318385,23.940929145318385,0.0989337088901,9.89337088901,0.000999693412267078,0.0999693412267078,0.000999693412267078,0.0017994481420807403,scenario,hot_plate,3397.226727031147
1.75,ganglia,10.0,0.989794031069,0.010205968931,0.3161977070774243,31.61977070774243,0.2413536710783603,24.135367107836032,0.09897940310690001,9.89794031069,0.0010237948765588565,0.10237948765588564,0.0010237948765588563,0.0018428307778059413,scenario,hot_plate,3303.032640605372
1.8333333333333333,ganglia,10.0,0.99022175221,0.00977824779,0.3180109610176404,31.801096101764042,0.24332087310737827,24.332087310737826,0.099022175221,9.9022175221,0.0010490871677782535,0.10490871677782534,0.0010490871677782537,0.0018883569020008567,scenario,hot_plate,3208.8385541795924
1.9166666666666667,ganglia,10.0,0.990621999815,0.009378000185,0.3198428763455348,31.984287634553482,0.24531186262670535,24.531186262670534,0.09906219998150001,9.90621999815,0.0010756607776532434,0.10756607776532434,0.0010756607776532437,0.0019361893997758386,scenario,hot_plate,3114.644467753815
2.0,ganglia,10.0,0.990996296871,0.009003703129,0.32169445073540126,32.169445073540125,0.24732757894255694,24.732757894255695,0.09909962968710001,9.909962968710001,0.0011036156048946522,0.11036156048946522,0.0011036156048946522,0.001986508088810374,scenario,hot_plate,3020.450381328042
2.0833333333333335,ganglia,10.0,0.991346424422,0.008653575578,0.3226594578301142,32.26594578301142,0.2483609059865713,24.83609059865713,0.09913464244220001,9.91346424422,0.0011177344588864325,0.11177344588864326,0.0011177344588864325,0.0020119220259955787,scenario,hot_plate,2974.6675164198555
2.1666666666666665,ganglia,10.0,0.991674164445,0.008325835555,0.3236242975546879,32.36242975546879,0.24939653456687547,24.939653456687548,0.0991674164445,9.91674164445,0.0011322192470361184,0.11322192470361184,0.0011322192470361182,0.0020379946446650128,scenario,hot_plate,2928.884651511668
2.25,ganglia,10.0,0.991981193197,0.008018806803,0.3245895423445671,32.45895423445671,0.25043491447207455,25.043491447207455,0.0991981193197,9.91981193197,0.001147084382614507,0.11470843826145069,0.0011470843826145072,0.002064751888706113,scenario,hot_plate,2883.101786603482
2.3333333333333335,ganglia,10.0,0.992268262078,0.007731737922,0.3255554674595224,32.55554674595224,0.2514762680574693,25.14762680574693,0.0992268262078,9.92268262078,0.0011623450459016102,0.11623450459016102,0.00116234504590161,0.002092221082622898,scenario,hot_plate,2837.3189216952974
2.4166666666666665,ganglia,10.0,0.992536503444,0.007463496556,0.3265224765934027,32.652247659340276,0.2525209180544475,25.25209180544475,0.09925365034440001,9.92536503444,0.0011780172358955422,0.11780172358955422,0.0011780172358955424,0.0021204310246119764,scenario,hot_plate,2791.53605678711
2.5,ganglia,10.0,0.992787214502,0.007212785498,0.3274910323481278,32.74910323481278,0.2535692343310309,25.35692343310309,0.0992787214502,9.92787214502,0.0011941178262618044,0.11941178262618043,0.0011941178262618044,0.002149412087271248,scenario,hot_plate,2745.7531918789227
2.5833333333333335,ganglia,10.0,0.99302169246,0.00697830754,0.32846160253630513,32.846160253630515,0.25462159254478345,25.462159254478344,0.09930216924600001,9.930216924600002,0.0012106646259342833,0.12106646259342833,0.0012106646259342833,0.00217919632668171,scenario,hot_plate,2699.9703269707375
2.6666666666666665,ganglia,10.0,0.993240695036,0.006759304964,0.32943448134715425,32.943448134715425,0.2556782353817269,25.56782353817269,0.09932406950360001,9.93240695036,0.0012276764448255091,0.12276764448255091,0.0012276764448255094,0.002209817600685917,scenario,hot_plate,2654.1874620625504
2.75,ganglia,10.0,0.993444508667,0.006555491333,0.33040980967220096,33.040980967220094,0.2567392875616677,25.67392875616677,0.0993444508667,9.934445086670001,0.0012451731651558799,0.12451731651558799,0.0012451731651558799,0.0022413116972805837,scenario,hot_plate,2608.4045971543646
2.8333333333333335,ganglia,10.0,0.993634007154,0.006365992846,0.33138792607316514,33.13879260731652,0.2578050281752946,25.78050281752946,0.09936340071540001,9.93634007154,0.0012631758189705477,0.12631758189705478,0.001263175818970548,0.0022737164741469863,scenario,hot_plate,2562.6217322461775
2.9166666666666665,ganglia,10.0,0.993810068909,0.006189931091,0.3323691746479537,33.23691746479537,0.25887574195228186,25.887574195228186,0.09938100689090001,9.938100689090001,0.0012817066724793494,0.12817066724793494,0.0012817066724793496,0.0023070720104628292,scenario,hot_plate,2516.8388673379923
3.0,ganglia,10.0,0.993973572349,0.006026427651,0.3333539035872002,33.33539035872002,0.2599517181692224,25.99517181692224,0.09939735723490001,9.939735723490001,0.0013007893179309044,0.13007893179309044,0.0013007893179309044,0.002341420772275628,scenario,hot_plate,2471.0560024298056
3.0833333333333335,ganglia,10.0,0.994125356367,0.005874643633,0.3343424519619342,33.434245196193416,0.2610332403613713,26.10332403613713,0.0994125356367,9.94125356367,0.0013204487738179248,0.1320448773817925,0.0013204487738179248,0.0023768077928722647,scenario,hot_plate,2425.273137521619
3.1666666666666665,ganglia,10.0,0.994265619416,0.005734380584,0.33533494694931176,33.53349469493118,0.26212042778634637,26.212042778634636,0.0994265619416,9.94265619416,0.001340711594308682,0.1340711594308682,0.001340711594308682,0.0024132808697556276,scenario,hot_plate,2379.490272613433
3.25,ganglia,10.0,0.994394772868,0.005605227132,0.33633158947581665,33.63315894758166,0.2632134579877963,26.321345798779628,0.09943947728680001,9.943947728680001,0.0013616059889111115,0.13616059889111115,0.001361605988911112,0.0024508907800400016,scenario,hot_plate,2333.707407705246
3.3333333333333335,ganglia,10.0,0.994513406371,0.005486593629,0.3373326435303892,33.73326435303892,0.26431255877032134,26.431255877032132,0.09945134063710001,9.94513406371,0.0013831619535035352,0.13831619535035353,0.0013831619535035354,0.0024896915163063636,scenario,hot_plate,2287.92454279706
3.4166666666666665,ganglia,10.0,0.994622109569,0.005377890431,0.33833837644039694,33.8338376440397,0.2654179616483299,26.54179616483299,0.0994622109569,9.94622109569,0.0014054114140118993,0.14054114140118992,0.0014054114140118993,0.0025297405452214187,scenario,hot_plate,2242.141677888873
3.5,ganglia,10.0,0.994721472109,0.005278527891,0.3393490589422866,33.93490589422866,0.26652990192376286,26.652990192376286,0.0994721472109,9.94721472109,0.001428388384180819,0.1428388384180819,0.001428388384180819,0.002571099091525474,scenario,hot_plate,2196.358812980687
3.5833333333333335,ganglia,10.0,0.994811948707,0.005188051293,0.3403649190852508,34.03649190852508,0.267648582460612,26.764858246061202,0.09948119487070001,9.94811948707,0.0014521291390781864,0.14521291390781865,0.0014521291390781864,0.0026138324503407356,scenario,hot_plate,2150.575948072501
3.6666666666666665,ganglia,10.0,0.994893655267,0.005106344733,0.3413860716700497,34.13860716700497,0.2687741179370552,26.87741179370552,0.09948936552670001,9.948936552670002,0.0014766724061947712,0.1476672406194771,0.0014766724061947714,0.002658010331150589,scenario,hot_plate,2104.7930831643134
3.75,ganglia,10.0,0.994966980266,0.005033019734,0.34241272701113734,34.241272701113736,0.26990669887170815,26.990669887170814,0.0994966980266,9.949669802659999,0.0015020595762563014,0.15020595762563013,0.0015020595762563014,0.0027037072372613426,scenario,hot_plate,2059.010218256128
3.8333333333333335,ganglia,10.0,0.995032333588,0.004967666412,0.3434451056630068,34.34451056630068,0.27104652478245195,27.104652478245196,0.09950323335880001,9.950323335880002,0.0015283349361618222,0.15283349361618223,0.001528334936161822,0.0027510028850912796,scenario,hot_plate,2013.2273533479413
3.9166666666666665,ganglia,10.0,0.995090125115,0.004909874885,0.344483431177805,34.4483431177805,0.27219379851811665,27.219379851811667,0.0995090125115,9.95090125115,0.0015555459268059228,0.15555459268059227,0.001555545926805923,0.0027999826682506613,scenario,hot_plate,1967.4444884397544
4.0,ganglia,10.0,0.995140768589,0.004859231411,0.3455279315091126,34.552793150911256,0.2733487273891251,27.33487273891251,0.09951407685890001,9.95140768589,0.0015837434289423548,0.1583743428942355,0.0015837434289423548,0.0028507381720962385,scenario,hot_plate,1921.661623531568
4.083333333333333,ganglia,10.0,0.995185190383,0.004814809617,0.3459961890478329,34.59961890478329,0.2738640777883699,27.38640777883699,0.0995185190383,9.95185190383,0.0015964264746003588,0.15964264746003587,0.0015964264746003588,0.0028735676542806458,scenario,hot_plate,1901.5961321371467
4.166666666666667,ganglia,10.0,0.995224356104,0.004775643896,0.34646432735306665,34.64643273530667,0.27437987971407407,27.437987971407406,0.0995224356104,9.95224356104,0.0016093142986982943,0.16093142986982945,0.0016093142986982943,0.00289676573765693,scenario,hot_plate,1881.5306407427242
4.25,ganglia,10.0,0.995258951463,0.004741048537,0.34693258770575963,34.693258770575966,0.2748963250660662,27.489632506606622,0.0995258951463,9.95258951463,0.00162241190107973,0.162241190107973,0.00162241190107973,0.002920341421943514,scenario,hot_plate,1861.4651493483025
4.333333333333333,ganglia,10.0,0.995289662172,0.004710337828,0.3474012126658265,34.740121266582655,0.2754136071651406,27.541360716514056,0.0995289662172,9.95289662172,0.0016357244456911748,0.1635724445691175,0.0016357244456911746,0.002944304002244114,scenario,hot_plate,1841.399657953881
4.416666666666667,ganglia,10.0,0.995317173942,0.004682826058,0.34787044608330947,34.787044608330945,0.2759319207656772,27.593192076567718,0.09953171739420001,9.953171739420002,0.0016492572673704334,0.16492572673704334,0.0016492572673704334,0.00296866308126678,scenario,hot_plate,1821.3341665594585
4.5,ganglia,10.0,0.995341993412,0.004658006588,0.3483404704407695,34.83404704407695,0.276451412332855,27.645141233285496,0.0995341993412,9.95341993412,0.001663015878974743,0.1663015878974743,0.0016630158789747427,0.002993428582154537,scenario,hot_plate,1801.2686751650372
4.583333333333333,ganglia,10.0,0.995363528872,0.004636471128,0.34881108430122026,34.881108430122026,0.27697192379335583,27.697192379335583,0.0995363528872,9.953635288720001,0.0016770059788687084,0.16770059788687083,0.0016770059788687086,0.0030186107619636754,scenario,hot_plate,1781.203183770615
4.666666666666667,ganglia,10.0,0.995381809515,0.004618190485,0.34928230304320984,34.928230304320984,0.2774934689907887,27.74934689907887,0.09953818095150001,9.95381809515,0.0016912334587933884,0.16912334587933883,0.0016912334587933884,0.003044220225828099,scenario,hot_plate,1761.137692376192
4.75,ganglia,10.0,0.995397029355,0.004602970645,0.34975420005179786,34.975420005179785,0.2780161079069976,27.801610790699762,0.0995397029355,9.95397029355,0.0017057044121393742,0.1705704412139374,0.0017057044121393742,0.0030702679418508736,scenario,hot_plate,1741.072200981771
4.833333333333333,ganglia,10.0,0.995409382407,0.004590617593,0.35022684911654034,35.02268491165403,0.2785399009731559,27.853990097315588,0.09954093824070001,9.954093824070002,0.0017204251426482698,0.17204251426482697,0.0017204251426482695,0.003096765256766885,scenario,hot_plate,1721.0067095873494
4.916666666666667,ganglia,10.0,0.995419062687,0.004580937313,0.3507003244352808,35.070032443528085,0.2790649090739787,27.906490907397867,0.0995419062687,9.95419062687,0.0017354021735686593,0.17354021735686592,0.0017354021735686595,0.0031237239124235873,scenario,hot_plate,1700.9412181929274
5.0,ganglia,10.0,0.995426139979,0.004573860021,0.35117465679004084,35.117465679004084,0.27959115865793427,27.95911586579343,0.0995426139979,9.954261399790001,0.0017506422572945235,0.17506422572945235,0.0017506422572945235,0.0031511560631301426,scenario,hot_plate,1680.875726798505
5.083333333333333,ganglia,10.0,0.995430561702,0.004569438298,0.3516498339148962,35.16498339148962,0.28011864193855135,28.011864193855136,0.0995430561702,9.95430561702,0.0017661523855160113,0.17661523855160113,0.0017661523855160115,0.0031790742939288206,scenario,hot_plate,1660.810235404083
5.166666666666667,ganglia,10.0,0.995432419388,0.004567580612,0.3521258944698322,35.21258944698322,0.28064739170114694,28.064739170114695,0.0995432419388,9.95432419388,0.0017819397999146334,0.17819397999146333,0.0017819397999146334,0.0032074916398463402,scenario,hot_plate,1640.744744009661
5.25,ganglia,10.0,0.995431806212,0.004568193788,0.35260287791980627,35.26028779198063,0.28117744144289586,28.117744144289585,0.0995431806212,9.95431806212,0.0017980120034372452,0.17980120034372452,0.001798012003437245,0.003236421606187041,scenario,hot_plate,1620.6792526152394
5.333333333333333,ganglia,10.0,0.995428815346,0.004571184654,0.3530808239569713,35.308082395697134,0.2817088249137459,28.170882491374588,0.0995428815346,9.95428815346,0.0018143767721856996,0.18143767721856996,0.0018143767721856999,0.00326587818993426,scenario,hot_plate,1600.6137612208167
5.416666666666667,ganglia,10.0,0.995423539678,0.004576460322,0.3535597724030263,35.35597724030263,0.28224157603914024,28.224157603914023,0.0995423539678,9.954235396780001,0.0018310421679617436,0.18310421679617436,0.0018310421679617436,0.003295875902331139,scenario,hot_plate,1580.5482698263957
5.5,ganglia,10.0,0.995416066881,0.004583933119,0.3540397614569069,35.40397614569069,0.2827757275208965,28.277572752089654,0.09954160668810001,9.954160668810001,0.0018480165515097039,0.18480165515097038,0.001848016551509704,0.0033264297927174673,scenario,hot_plate,1560.4827784319743
5.583333333333333,ganglia,10.0,0.995406486216,0.004593513784,0.35452083010723884,35.45208301072388,0.2833113127618209,28.33113127618209,0.0995406486216,9.954064862160001,0.001865308596502633,0.1865308596502633,0.0018653085965026326,0.003357555473704739,scenario,hot_plate,1540.417287037552
5.666666666666667,ganglia,10.0,0.995394888483,0.004605111517,0.35500301812087826,35.50030181208783,0.28384836585842027,28.384836585842027,0.0995394888483,9.95394888483,0.0018829273043210974,0.18829273043210973,0.0018829273043210974,0.0033892691477779755,scenario,hot_plate,1520.3517956431294
5.75,ganglia,10.0,0.995381364486,0.004618635514,0.35548636550067364,35.548636550067364,0.2843869211689707,28.43869211689707,0.0995381364486,9.95381364486,0.001900882019677506,0.1900882019677506,0.0019008820196775062,0.003421587635419511,scenario,hot_plate,1500.2863042487086
5.833333333333333,ganglia,10.0,0.995366005024,0.004633994976,0.35597091248450247,35.59709124845025,0.2849270133134472,28.492701331344723,0.0995366005024,9.95366005024,0.0019191824471429704,0.19191824471429703,0.00191918244714297,0.003454528404857346,scenario,hot_plate,1480.2208128542864
5.916666666666667,ganglia,10.0,0.995348864681,0.004651135319,0.3564566865799199,35.64566865799199,0.285468666790911,28.5468666790911,0.0995348864681,9.953488646810001,0.0019378386686380853,0.19378386686380852,0.0019378386686380855,0.003488109603548554,scenario,hot_plate,1460.1553214598632
6.0,ganglia,10.0,0.995329908481,0.004670091519,0.3569436833461218,35.69436833461218,0.2860118805533575,28.60118805533575,0.09953299084810001,9.95329908481,0.001956861161953895,0.1956861161953895,0.001956861161953895,0.003522350091517011,scenario,hot_plate,1440.089830065442
6.083333333333333,ganglia,10.0,0.995309188534,0.004690811466,0.35743192960905673,35.743192960905674,0.28655667861739637,28.655667861739637,0.0995309188534,9.95309188534,0.0019762608203745266,0.19762608203745266,0.0019762608203745266,0.003557269476674148,scenario,hot_plate,1420.0243386710204
6.166666666666667,ganglia,10.0,0.995286764163,0.004713235837,0.3579214549554004,35.79214549554004,0.28710308726566713,28.710308726566712,0.0995286764163,9.95286764163,0.0019960489734786933,0.19960489734786932,0.001996048973478694,0.0035928881522616497,scenario,hot_plate,1399.9588472765984
6.25,ganglia,10.0,0.995262694688,0.004737305312,0.3584122891536542,35.84122891536542,0.2876511329831713,28.76511329831713,0.0995262694688,9.95262694688,0.0020162374092035427,0.20162374092035426,0.0020162374092035427,0.003629227336566377,scenario,hot_plate,1379.8933558821757
6.333333333333333,ganglia,10.0,0.995237039431,0.004762960569,0.35890446215771216,35.89044621577121,0.2882008424606802,28.820084246068017,0.0995237039431,9.95237039431,0.0020368383972611376,0.20368383972611376,0.0020368383972611376,0.0036663091150700476,scenario,hot_plate,1359.8278644877544
6.416666666666667,ganglia,10.0,0.995209857714,0.004790142286,0.3593980041079359,35.93980041079359,0.28875224259615095,28.875224259615095,0.0995209857714,9.952098577140001,0.0020578647140053136,0.20578647140053136,0.0020578647140053136,0.0037041564852095645,scenario,hot_plate,1339.7623730933326
6.5,ganglia,10.0,0.995181208857,0.004818791143,0.35989294533224386,35.98929453322439,0.28930536049615985,28.930536049615984,0.0995181208857,9.95181208857,0.002079329668854796,0.20793296688547963,0.002079329668854796,0.0037427934039386333,scenario,hot_plate,1319.6968816989104
6.583333333333333,ganglia,10.0,0.995151152182,0.004848847818,0.36038931634938887,36.03893163493888,0.28986022347909873,28.986022347909874,0.0995151152182,9.95151152182,0.0021012471323874275,0.21012471323874274,0.0021012471323874275,0.0037822448382973696,scenario,hot_plate,1299.6313903044893
6.666666666666667,ganglia,10.0,0.995119737139,0.004880262861,0.3608871442899437,36.088714428994365,0.29041685619560403,29.041685619560404,0.09951197371390001,9.951197371390002,0.0021236315662301044,0.21236315662301045,0.002123631566230105,0.0038225368192141887,scenario,hot_plate,1279.5658989100668
6.75,ganglia,10.0,0.995086856244,0.004913143756,0.36138639946421036,36.13863994642104,0.29097523759978927,29.097523759978927,0.0995086856244,9.95086856244,0.002146498054879775,0.2146498054879775,0.0021464980548797745,0.003863696498783594,scenario,hot_plate,1259.5004075156453
6.833333333333333,ganglia,10.0,0.995052474441,0.004947525559,0.3618870783751003,36.18870783751003,0.29153536770111144,29.153536770111145,0.0995052474441,9.95052474441,0.0021698623396026444,0.21698623396026445,0.002169862339602644,0.0039057522112847594,scenario,hot_plate,1239.4349161212226
6.916666666666667,ganglia,10.0,0.995016605823,0.004983394177,0.3623891954258621,36.23891954258621,0.2920972609372912,29.20972609372912,0.0995016605823,9.95016605823,0.0021937408545716556,0.21937408545716555,0.0021937408545716556,0.00394873353822898,scenario,hot_plate,1219.3694247268008
7.0,ganglia,10.0,0.994979264482,0.005020735518,0.3628927651216337,36.28927651216337,0.2926609318593708,29.26609318593708,0.0994979264482,9.94979264482,0.0022181507654166098,0.22181507654166097,0.0022181507654166098,0.003992671377749898,scenario,hot_plate,1199.303933332379
7.083333333333333,ganglia,10.0,0.994940464509,0.005059535491,0.3633978020704477,36.33978020704477,0.2932263951328308,29.32263951328308,0.0994940464509,9.94940464509,0.002243110010376934,0.2243110010376934,0.0022431100103769337,0.0040375980186784805,scenario,hot_plate,1179.2384419379578
7.166666666666667,ganglia,10.0,0.994900219997,0.005099780003,0.3639043209853454,36.39043209853454,0.293793665539606,29.3793665539606,0.0994900219997,9.94900219997,0.002268637344264449,0.2268637344264449,0.0022686373442644494,0.004083547219676009,scenario,hot_plate,1159.1729505435355
7.25,ganglia,10.0,0.994858545038,0.005141454962,0.36441233668431555,36.44123366843156,0.2943627579783506,29.43627579783506,0.0994858545038,9.94858545038,0.002294752385462555,0.22947523854625548,0.002294752385462555,0.004130554293832599,scenario,hot_plate,1139.1074591491129
7.333333333333333,ganglia,10.0,0.994815453725,0.005184546275,0.36492186409206906,36.49218640920691,0.2949336874661878,29.49336874661878,0.09948154537250001,9.948154537250002,0.002321475666209354,0.2321475666209354,0.0023214756662093545,0.004178656199176838,scenario,hot_plate,1119.041967754692
7.416666666666667,ganglia,10.0,0.994770960148,0.005229039852,0.36543291823962876,36.543291823962875,0.29550646913869866,29.550646913869866,0.09947709601480001,9.947709601480001,0.0023488286864355883,0.23488286864355884,0.0023488286864355883,0.0042278916355840595,scenario,hot_plate,1098.97647636027
7.5,ganglia,10.0,0.994725161164,0.005274838836,0.36594554471532265,36.59455447153226,0.29608114288769183,29.608114288769183,0.09947251611640001,9.94725161164,0.0023768339714540358,0.23768339714540357,0.0023768339714540358,0.004278301148617264,scenario,hot_plate,1078.9109849658482
7.583333333333333,ganglia,10.0,0.994678207216,0.005321792784,0.366459809136133,36.6459809136133,0.2966577649050367,29.66577649050367,0.0994678207216,9.94678207216,0.0024055151338257417,0.24055151338257416,0.0024055151338257417,0.004329927240886335,scenario,hot_plate,1058.845493571426
7.666666666666667,ganglia,10.0,0.994630152144,0.005369847856,0.3669757418810292,36.69757418810292,0.29723636296292133,29.723636296292135,0.0994630152144,9.94630152144,0.0024348969397601753,0.24348969397601752,0.0024348969397601753,0.004382814491568315,scenario,hot_plate,1038.7800021770038
7.75,ganglia,10.0,0.994581049197,0.005418950803,0.3674933733108482,36.74933733108482,0.2978169648790535,29.78169648790535,0.0994581049197,9.94581049197,0.0024650053804417702,0.24650053804417701,0.0024650053804417707,0.004437009684795187,scenario,hot_plate,1018.714510782582
7.833333333333333,ganglia,10.0,0.994530951624,0.005469048376,0.36801273398739753,36.80127339873975,0.29839959869444166,29.839959869444165,0.0994530951624,9.94530951624,0.002495867748714607,0.2495867748714607,0.0024958677487146065,0.004492561947686292,scenario,hot_plate,998.6490193881605
7.916666666666667,ganglia,10.0,0.994479912677,0.005520087323,0.3685338546765877,36.853385467658775,0.2989842926765419,29.89842926765419,0.0994479912677,9.94479912677,0.002527512721600769,0.2527512721600769,0.002527512721600769,0.0045495228988813845,scenario,hot_plate,978.5835279937379
8.0,ganglia,10.0,0.994427985603,0.005572014397,0.36905676634751633,36.905676634751636,0.29957107531912924,29.957107531912925,0.09944279856030001,9.94427985603,0.0025599704491767986,0.2559970449176799,0.0025599704491767986,0.0046079468085182375,scenario,hot_plate,958.5180365993162
8.083333333333334,ganglia,10.0,0.994375223654,0.005624776346,0.36925506484083176,36.92550648408318,0.2997972694171464,29.97972694171464,0.0994375223654,9.94375223654,0.0025732136270708336,0.25732136270708333,0.002573213627070833,0.0046317845287275,scenario,hot_plate,950.4764561787747
8.166666666666666,ganglia,10.0,0.994321680079,0.005678319921,0.3694534022187563,36.945340221875625,0.3000235935676181,30.002359356761808,0.0994321680079,9.943216800790001,0.0025865945360542615,0.25865945360542614,0.0025865945360542615,0.0046558701648976705,scenario,hot_plate,942.4348757582346
8.25,ganglia,10.0,0.994267506027,0.005732493973,0.36965183496016873,36.96518349601688,0.3002500937305208,30.02500937305208,0.09942675060270001,9.942675060270002,0.0026001153359953766,0.26001153359953766,0.0026001153359953766,0.004680207604791678,scenario,hot_plate,934.3932953376928
8.333333333333334,ganglia,10.0,0.994213316781,0.005786683219,0.36985059233734763,36.98505923373476,0.3004769562880529,30.047695628805286,0.09942133167810001,9.94213316781,0.002613778232160536,0.26137782321605363,0.002613778232160536,0.004704800817888965,scenario,hot_plate,926.3517149171524
8.416666666666666,ganglia,10.0,0.994159372204,0.005840627796,0.3700497718708058,37.00497718708058,0.3007042607226731,30.07042607226731,0.0994159372204,9.94159372204,0.0026275854764132517,0.26275854764132517,0.0026275854764132517,0.004729653857543853,scenario,hot_plate,918.3101344966115
8.5,ganglia,10.0,0.994105864669,0.005894135331,0.3702494461769471,37.02494461769471,0.3009320663444968,30.093206634449682,0.0994105864669,9.94105864669,0.002641539368451455,0.26415393684514554,0.002641539368451455,0.00475477086321262,scenario,hot_plate,910.2685540760702
8.583333333333334,ganglia,10.0,0.994052986548,0.005947013452,0.3704496880451989,37.04496880451989,0.30116043265599873,30.116043265599874,0.09940529865480001,9.94052986548,0.0026556422570844164,0.2655642257084416,0.0026556422570844164,0.004780156062751949,scenario,hot_plate,902.2269736555295
8.666666666666666,ganglia,10.0,0.994000930216,0.005999069784,0.37065057044020716,37.06505704402072,0.3013894193540079,30.138941935400794,0.09940009302160001,9.94000930216,0.0026698965415507857,0.2669896541550786,0.002669896541550786,0.004805813774791415,scenario,hot_plate,894.1853932349884
8.75,ganglia,10.0,0.993949888043,0.006050111957,0.3708521664995633,37.08521664995633,0.3016190863280704,30.161908632807037,0.0993949888043,9.939498880430001,0.0026843046728793024,0.26843046728793024,0.002684304672879302,0.0048317484111827435,scenario,hot_plate,886.143812814447
8.833333333333334,ganglia,10.0,0.993900052404,0.006099947596,0.37105454953824335,37.105454953824335,0.3018494936642704,30.184949366427038,0.09939000524040001,9.93900052404,0.002698869155293802,0.2698869155293802,0.0026988691552938017,0.004857964479528843,scenario,hot_plate,878.1022323939062
8.916666666666666,ganglia,10.0,0.993851615672,0.006148384328,0.37125779304671336,37.12577930467133,0.3020807016439037,30.20807016439037,0.09938516156720001,9.93851615672,0.00271359254766423,0.271359254766423,0.0027135925476642294,0.004884466585795613,scenario,hot_plate,870.0606519733656
9.0,ganglia,10.0,0.993804757933,0.006195242067,0.37146196609978804,37.1461966099788,0.30231276700720894,30.231276700720894,0.0993804757933,9.93804757933,0.002728477465005387,0.2728477465005387,0.0027284774650053875,0.004911259437009698,scenario,hot_plate,862.0190715528239
9.083333333333334,ganglia,10.0,0.993758969875,0.006241030125,0.3716668801034143,37.16668801034143,0.30254553679546037,30.254553679546035,0.0993758969875,9.937589698750001,0.0027435265800252865,0.27435265800252867,0.002743526580025286,0.004938347844045515,scenario,hot_plate,853.9774911322831
9.166666666666666,ganglia,10.0,0.99371384478,0.00628615522,0.3718723844070204,37.18723844070204,0.3027788888100227,30.27788888100227,0.09937138447800001,9.9371384478,0.0027587426247250376,0.27587426247250374,0.0027587426247250376,0.004965736724505068,scenario,hot_plate,845.9359107117425
9.25,ganglia,10.0,0.993669306735,0.006330693265,0.372078451870037,37.2078451870037,0.30301280132948555,30.301280132948555,0.0993669306735,9.93669306735,0.0027741283920522607,0.2774128392052261,0.0027741283920522607,0.004993431105694069,scenario,hot_plate,837.8943302912007
9.333333333333334,ganglia,10.0,0.993625279832,0.006374720168,0.3722850552897967,37.228505528979674,0.30324725256288526,30.324725256288527,0.0993625279832,9.93625279832,0.002789686737610133,0.2789686737610133,0.0027896867376101322,0.005021436127698238,scenario,hot_plate,829.8527498706603
9.416666666666666,ganglia,10.0,0.993581688158,0.006418311842,0.37249216739752916,37.24921673975292,0.3034822206463657,30.34822206463657,0.09935816881580001,9.935816881580001,0.002805420581424291,0.2805420581424291,0.0028054205814242905,0.005049757046563723,scenario,hot_plate,821.8111694501188
9.5,ganglia,10.0,0.993538455805,0.006461544195,0.3726997608618431,37.26997608618431,0.30371768364593676,30.371768364593677,0.0993538455805,9.93538455805,0.0028213329097698326,0.28213329097698325,0.002821332909769833,0.005078399237585699,scenario,hot_plate,813.7695890295782
9.583333333333334,ganglia,10.0,0.993495506861,0.006504493139,0.3729078082850898,37.29078082850898,0.30395361955443306,30.395361955443306,0.0993495506861,9.93495506861,0.002837426777060886,0.2837426777060886,0.0028374267770608862,0.005107368198709595,scenario,hot_plate,805.7280086090367
9.666666666666666,ganglia,10.0,0.993452765891,0.006547234109,0.3731162823837443,37.311628238374425,0.3041900064384936,30.41900064384936,0.0993452765891,9.93452765891,0.0028537053078051826,0.2853705307805183,0.0028537053078051826,0.005136669554049329,scenario,hot_plate,797.686428188496
9.75,ganglia,10.0,0.99341015872,0.00658984128,0.3733251562829308,37.33251562829308,0.30442682267881194,30.442682267881192,0.099341015872,9.9341015872,0.002870171698626341,0.2870171698626341,0.002870171698626341,0.005166309057527414,scenario,hot_plate,789.644847767955
9.833333333333334,ganglia,10.0,0.993367610058,0.006632389942,0.37353440262451726,37.35344026245173,0.3046640462430191,30.466404624301912,0.09933676100580001,9.933676100580001,0.0028868292203565334,0.2886829220356533,0.0028868292203565334,0.00519629259664176,scenario,hot_plate,781.603267347414
9.916666666666666,ganglia,10.0,0.993325044518,0.006674955482,0.37374399394861424,37.37439939486143,0.30490165499646027,30.490165499646025,0.0993325044518,9.93325044518,0.0029036812202024734,0.29036812202024737,0.002903681220202473,0.0052266261963644515,scenario,hot_plate,773.5616869268729
10.0,ganglia,10.0,0.993282386711,0.006717613289,0.3739539027289615,37.39539027289615,0.3051396267309572,30.51396267309572,0.09932823867110001,9.93282386711,0.0029207311239877044,0.29207311239877043,0.002920731123987704,0.005257316023177867,scenario,hot_plate,765.5201065063321
10.083333333333334,ganglia,10.0,0.993239561252,0.006760438748,0.3741641013749157,37.41641013749157,0.30537793916635075,30.537793916635074,0.09932395612520001,9.93239561252,0.002937982438474353,0.2937982438474353,0.0029379824384743528,0.005288368389253835,scenario,hot_plate,757.4785260857909
10.166666666666666,ganglia,10.0,0.99319649275,0.00680350725,0.3743745622274136,37.43745622274136,0.30561656994712616,30.561656994712617,0.099319649275,9.931964927500001,0.0029554387537676493,0.2955438753767649,0.0029554387537676493,0.005319789756781769,scenario,hot_plate,749.4369456652502
10.25,ganglia,10.0,0.993153110624,0.006846889376,0.3745852593751322,37.45852593751322,0.30585549812525803,30.5855498125258,0.0993153110624,9.931531106240001,0.002973103745806687,0.2973103745806687,0.002973103745806687,0.005351586742452037,scenario,hot_plate,741.3953652447088
10.333333333333334,ganglia,10.0,0.993109513292,0.006890486708,0.3747962306241044,37.47962306241044,0.30609475477211595,30.609475477211596,0.09931095132920001,9.931095132920001,0.0029909811789450382,0.2990981178945038,0.002990981178945038,0.005383766122101068,scenario,hot_plate,733.353784824168
10.416666666666666,ganglia,10.0,0.993065758742,0.006934241258,0.3750074986054328,37.50074986054328,0.30633435859025865,30.633435859025866,0.0993065758742,9.93065758742,0.003009074908625044,0.3009074908625044,0.0030090749086250437,0.005416334835525079,scenario,hot_plate,725.3122044036272
10.5,ganglia,10.0,0.993021834757,0.006978165243,0.37521905947857287,37.521905947857285,0.3065743066698587,30.657430666985867,0.09930218347570001,9.930218347570001,0.0030273888841497515,0.30273888841497515,0.003027388884149751,0.005449299991469552,scenario,hot_plate,717.270623983086
10.583333333333334,ganglia,10.0,0.99297772912,0.00702227088,0.37543090939430335,37.543090939430336,0.3068145960914482,30.681459609144817,0.09929777291200001,9.9297772912,0.0030459271515567063,0.30459271515567066,0.0030459271515567068,0.005482668872802072,scenario,hot_plate,709.2290435625448
10.666666666666666,ganglia,10.0,0.992933429613,0.007066570387,0.37564304449431296,37.5643044494313,0.30705522392556994,30.705522392556993,0.0992933429613,9.929334296130001,0.0030646938565979795,0.3064693856597979,0.0030646938565979795,0.0055164489418763635,scenario,hot_plate,701.1874631420037
10.75,ganglia,10.0,0.992888924019,0.007111075981,0.37585546091191957,37.58554609119196,0.3072961872333551,30.729618723335513,0.0992888924019,9.928889240190001,0.003083693247831033,0.3083693247831033,0.003083693247831033,0.005550647846095859,scenario,hot_plate,693.1458827214627
10.833333333333334,ganglia,10.0,0.992844200121,0.007155799879,0.3760681547716568,37.606815477165675,0.3075374830661742,30.753748306617418,0.09928442001210001,9.928442001210001,0.0031029296798252876,0.31029296798252876,0.003102929679825287,0.005585273423685517,scenario,hot_plate,685.1043023009221
10.916666666666666,ganglia,10.0,0.992799241611,0.007200758389,0.3762811206387056,37.62811206387056,0.3077791071973396,30.77791071973396,0.0992799241611,9.92799241611,0.0031224076164894457,0.31224076164894454,0.0031224076164894452,0.005620333709681001,scenario,hot_plate,677.0627218803806
11.0,ganglia,10.0,0.992754023331,0.007245976669,0.37649434970929785,37.64943497092978,0.30802105264021984,30.802105264021982,0.0992754023331,9.927540233310001,0.003142131634524931,0.3142131634524931,0.0031421316345249307,0.005655836942144875,scenario,hot_plate,669.0211414598401
11.083333333333334,ganglia,10.0,0.992708528567,0.007291471433,0.37670783636301436,37.67078363630144,0.3082633150070159,30.826331500701592,0.09927085285670001,9.927085285670001,0.0031621064270110633,0.3162106427011063,0.0031621064270110637,0.005691791568619915,scenario,hot_plate,660.9795610392987
11.166666666666666,ganglia,10.0,0.99266274116,0.00733725884,0.3769215751770143,37.69215751770143,0.3085058900677936,30.850589006779362,0.099266274116,9.9266274116,0.0031823368071278294,0.31823368071278296,0.0031823368071278294,0.005728206252830093,scenario,hot_plate,652.9379806187578
11.25,ganglia,10.0,0.99261664495,0.00738335505,0.37713556071538046,37.713556071538044,0.30874877357820046,30.874877357820047,0.09926166449500001,9.926166449500002,0.0032028277120225066,0.3202827712022507,0.0032028277120225066,0.005765089881640512,scenario,hot_plate,644.8964001982167
11.333333333333334,ganglia,10.0,0.992570223778,0.007429776222,0.3773497875298257,37.73497875298257,0.30899196128002854,30.899196128002853,0.0992570223778,9.92570223778,0.003223584206826614,0.3223584206826614,0.003223584206826614,0.005802451572287905,scenario,hot_plate,636.8548197776757
11.416666666666666,ganglia,10.0,0.992523461485,0.007476538515,0.3775642501592602,37.75642501592602,0.3092354489008447,30.92354489008447,0.09925234614850001,9.925234614850002,0.00324461148883009,0.324461148883009,0.00324461148883009,0.0058403006798941615,scenario,hot_plate,628.8132393571351
11.5,ganglia,10.0,0.992476339419,0.007523660581,0.3777789421807957,37.777894218079574,0.30947923137655076,30.947923137655074,0.0992476339419,9.92476339419,0.0032659148918199117,0.32659148918199116,0.003265914891819912,0.005878646805275842,scenario,hot_plate,620.7716589365939
11.583333333333334,ganglia,10.0,0.992428788456,0.007571211544,0.37799383793264135,37.799383793264134,0.3097232878744904,30.972328787449037,0.09924287884560001,9.924287884560002,0.0032874998905907515,0.32874998905907515,0.003287499890590751,0.005917499803063352,scenario,hot_plate,612.7300785160529
11.666666666666666,ganglia,10.0,0.992380783238,0.007619216762,0.37820892836999326,37.82089283699933,0.30996761116243693,30.996761116243693,0.09923807832380001,9.923807832380001,0.003309372105635703,0.3309372105635703,0.0033093721056357025,0.005956869790144264,scenario,hot_plate,604.6884980955122
11.75,ganglia,10.0,0.992332323765,0.007667676235,0.37842421409645965,37.842421409645965,0.31021220191106624,31.021220191106625,0.0992332323765,9.923323237650001,0.003331537308025511,0.3331537308025511,0.0033315373080255116,0.005996767154445921,scenario,hot_plate,596.6469176749707
11.833333333333334,ganglia,10.0,0.992283410037,0.007716589963,0.37863969571767386,37.863969571767385,0.31045706079330426,31.045706079330426,0.09922834100370001,9.92283410037,0.003354001424485191,0.3354001424485191,0.0033540014244851915,0.006037202564073345,scenario,hot_plate,588.60533725443
11.916666666666666,ganglia,10.0,0.992234042053,0.007765957947,0.3788553738409205,37.885537384092046,0.31070218848402276,31.070218848402277,0.09922340420530001,9.922340420530002,0.0033767705426774423,0.33767705426774425,0.0033767705426774423,0.006078186976819396,scenario,hot_plate,580.5637568338886
12.0,ganglia,10.0,0.992184219814,0.007815780186,0.37907124907628953,37.907124907628955,0.31094758566098835,31.094758566098836,0.0992184219814,9.92184219814,0.0033998509167027205,0.3399850916702721,0.0033998509167027205,0.006119731650064897,scenario,hot_plate,572.5221764133478
0.0,brain,4.402212208750424,0.984956517651,0.015043482349,0.37950533631557437,37.950533631557434,0.1776882758704325,17.76882758704325,0.24623912941275,24.623912941275,0.008727568652999212,0.8727568652999211,0.008727568652999212,0.012218596114198895,scenario,hot_plate,0.001
0.016666666666666666,brain,4.8378784067202965,0.984943027216,0.015056972784,0.3900263347940014,39.00263347940014,0.19172077065333523,19.17207706533352,0.246235756804,24.623575680400002,0.009506972998285524,0.9506972998285524,0.009506972998285524,0.013309762197599733,scenario,hot_plate,4.846757621309745
0.08333333333333333,brain,3.8195919791379005,0.984984819872,0.015015180128,0.36430636520954196,36.430636520954195,0.15741354698872262,15.741354698872263,0.246246204968,24.624620496800002,0.0072891435121266385,0.7289143512126639,0.007289143512126638,0.010204800916977293,scenario,hot_plate,24.22978810654872
0.16666666666666666,brain,2.085696502353651,0.98535622019,0.01464377981,0.31562255041827864,31.562255041827864,0.09237799382770483,9.237799382770483,0.2463390550475,24.63390550475,0.003844829749698227,0.3844829749698227,0.0038448297496982272,0.0053827616495775174,scenario,hot_plate,48.45857621309744
0.25,brain,2.000250945041689,0.985884268393,0.014115731607,0.31296580246007016,31.296580246007018,0.08865964714909354,8.865964714909353,0.24647106709825,24.647106709825,0.003555539905231259,0.35555399052312586,0.003555539905231259,0.004977755867323762,scenario,hot_plate,72.68736431964616
0.3333333333333333,brain,2.0000000456899394,0.986396629066,0.013603370934,0.3128801860577545,31.28801860577545,0.08837470505500596,8.837470505500596,0.2465991572665,24.65991572665,0.0034319242395778283,0.3431924239577828,0.0034319242395778283,0.004804693935408959,scenario,hot_plate,96.91615242619491
0.4166666666666667,brain,2.0000000000005174,0.986897282208,0.013102717792,0.312799934293861,31.2799934293861,0.08810081832248129,8.810081832248128,0.246724320552,24.672432055199998,0.003317001979494884,0.3317001979494884,0.003317001979494884,0.004643802771292838,scenario,hot_plate,121.14494053274356
0.5,brain,2.0,0.987379211286,0.012620788714,0.3127152294210252,31.27152294210252,0.08782723546603359,8.782723546603359,0.2468448028215,24.684480282150002,0.0032095270375000046,0.32095270375000046,0.0032095270375000046,0.004493337852500006,scenario,hot_plate,145.37372863929232
0.5833333333333334,brain,2.0,0.987841282934,0.012158717066,0.3126257089480485,31.26257089480485,0.08755385095273129,8.755385095273128,0.2469603207335,24.69603207335,0.0031087981553693934,0.31087981553693933,0.0031087981553693934,0.004352317417517151,scenario,hot_plate,169.60251674584103
0.6666666666666666,brain,2.0,0.988284452876,0.011715547124,0.31253167351824673,31.253167351824672,0.08728074706566231,8.72807470656623,0.247071113219,24.7071113219,0.0030141994987812324,0.30141994987812326,0.0030141994987812324,0.004219879298293725,scenario,hot_plate,193.83130485238985
0.75,brain,2.0,0.988708958637,0.011291041363,0.31243319594601277,31.243319594601278,0.08700794171568366,8.700794171568365,0.24717723965925,24.717723965925,0.0029251879775706686,0.29251879775706685,0.002925187977570668,0.004095263168598935,scenario,hot_plate,218.06009295893844
0.8333333333333334,brain,2.0,0.989115731783,0.010884268217,0.31233056801103803,31.233056801103803,0.08673551342038405,8.673551342038404,0.24727893294575,24.727893294575,0.0028412828128773875,0.28412828128773876,0.002841282812877387,0.003977795938028342,scenario,hot_plate,242.28888106548715
0.9166666666666666,brain,2.0,0.989505144679,0.010494855321,0.3122239042141439,31.222390421414392,0.08646349072585853,8.646349072585853,0.24737628616975,24.737628616974998,0.0027620568497437555,0.27620568497437553,0.002762056849743755,0.003866879589641257,scenario,hot_plate,266.5176691720358
1.0,brain,2.0,0.989875551681,0.010124448319,0.31211268246676604,31.211268246676603,0.08619172606202137,8.619172606202136,0.24746888792025,24.746888792025,0.0026871292837154555,0.26871292837154553,0.0026871292837154555,0.0037619809972016375,scenario,hot_plate,290.7464572785846
1.0833333333333333,brain,2.0,0.990225423963,0.009774576037,0.31227446398688447,31.227446398688446,0.08629081066151263,8.629081066151263,0.24755635599075,24.755635599075,0.0027037171849509153,0.2703717184950915,0.002703717184950915,0.0037852040589312803,scenario,hot_plate,285.26680677941215
1.1666666666666667,brain,2.0,0.990554463581,0.009445536419,0.31242979307644314,31.242979307644315,0.08638823624159087,8.638823624159087,0.24763861589525,24.763861589525,0.002720511155614246,0.2720511155614246,0.0027205111556142456,0.0038087156178599436,scenario,hot_plate,279.7871562802396
1.25,brain,2.0,0.990862372589,0.009137627411,0.3125785727695716,31.257857276957164,0.08648397282976217,8.648397282976216,0.24771559314725,24.771559314725,0.0027375150596684094,0.27375150596684095,0.0027375150596684094,0.0038325210835357727,scenario,hot_plate,274.307505781067
1.3333333333333333,brain,2.0,0.991148853041,0.008851146959,0.31272070602866725,31.272070602866727,0.0865779903578897,8.657799035788969,0.24778721326025,24.778721326025,0.002754732858287062,0.27547328582870617,0.002754732858287062,0.0038566260016018863,scenario,hot_plate,268.82785528189453
1.4166666666666667,brain,2.0,0.991413606992,0.008586393008,0.3128560957444244,31.28560957444244,0.08667025866189919,8.667025866189919,0.247853401748,24.785340174799998,0.0027721686129309744,0.2772168612930974,0.0027721686129309744,0.0038810360581033637,scenario,hot_plate,263.34820478272206
1.5,brain,2.0,0.991657252162,0.008342747838,0.31298493373563807,31.298493373563808,0.08676082759351747,8.676082759351747,0.2479143130405,24.79143130405,0.0027898264885420254,0.27898264885420254,0.0027898264885420254,0.0039057570839588353,scenario,hot_plate,257.86855428354954
1.5833333333333333,brain,2.0,0.991882181232,0.008117818768,0.313107972243575,31.3107972243575,0.08684990258076672,8.684990258076672,0.247970545308,24.7970545308,0.0028077107568600427,0.2807710756860043,0.0028077107568600427,0.0039307950596040595,scenario,hot_plate,252.38890378437725
1.6666666666666667,brain,2.0,0.992090449023,0.007909550977,0.3132258573325186,31.322585733251863,0.08693766010235816,8.693766010235816,0.24802261225575,24.802261225575002,0.0028258257998680504,0.282582579986805,0.002825825799868051,0.003956156119815271,scenario,hot_plate,246.90925328520453
1.75,brain,2.0,0.992283219855,0.007716780145,0.3133389542922048,31.333895429220483,0.08702419910460642,8.702419910460641,0.24807080496375,24.807080496375,0.0028441761133717446,0.28441761133717447,0.002844176113371745,0.003981846558720443,scenario,hot_plate,241.4296027860322
1.8333333333333333,brain,2.0,0.992461781722,0.007538218278,0.31344766771008153,31.344766771008153,0.08710962970610872,8.710962970610872,0.2481154454305,24.811544543049997,0.002862766310719354,0.2862766310719354,0.002862766310719354,0.004007872835007096,scenario,hot_plate,235.9499522868597
1.9166666666666667,brain,2.0,0.992626426756,0.007373573244,0.3135520878644753,31.35520878644753,0.08719397490063377,8.719397490063377,0.248156606689,24.8156606689,0.0028816011266683413,0.2881601126668341,0.002881601126668341,0.004034241577335677,scenario,hot_plate,230.47030178768705
2.0,brain,2.0,0.992778519591,0.007221480409,0.31365264392911085,31.365264392911087,0.08727735204181444,8.727735204181444,0.24819462989775,24.819462989775,0.0029006854214057463,0.29006854214057465,0.002900685421405746,0.004060959589968044,scenario,hot_plate,224.9906512885146
2.0833333333333335,brain,2.0,0.992918728939,0.007081271061,0.3137395990377053,31.373959903770533,0.08734655573727373,8.734655573727373,0.24822968223475,24.822968223475,0.002916350279965036,0.2916350279965036,0.002916350279965036,0.00408289039195105,scenario,hot_plate,220.54641233177713
2.1666666666666665,brain,2.0,0.993047896747,0.006952103253,0.3138231324806666,31.382313248066662,0.08741487772522213,8.741487772522213,0.24826197418675,24.826197418675,0.0029321852501670927,0.29321852501670925,0.002932185250167093,0.00410505935023393,scenario,hot_plate,216.1021733750398
2.25,brain,2.0,0.993167004794,0.006832995206,0.31390355326786895,31.390355326786896,0.08748240275915858,8.748240275915858,0.2482917511985,24.82917511985,0.002948193118116288,0.2948193118116288,0.0029481931181162884,0.004127470365362804,scenario,hot_plate,211.65793441830246
2.3333333333333335,brain,2.0,0.993276103911,0.006723896089,0.31398087629661864,31.398087629661863,0.08754913375849153,8.754913375849153,0.24831902597775,24.831902597775,0.0029643767310924105,0.2964376731092411,0.0029643767310924105,0.004150127423529375,scenario,hot_plate,207.21369546156492
2.4166666666666665,brain,2.0,0.993375728927,0.006624271073,0.31405526948568396,31.405526948568397,0.08761511633857866,8.761511633857866,0.24834393223175,24.834393223175,0.0029807389992389877,0.29807389992389877,0.0029807389992389877,0.004173034598934582,scenario,hot_plate,202.7694565048277
2.5,brain,2.0,0.993466690025,0.006533309975,0.31412698790823784,31.412698790823786,0.08768042053598378,8.768042053598379,0.24836667250625,24.836667250625,0.0029972828973078526,0.29972828973078525,0.002997282897307852,0.004196196056230993,scenario,hot_plate,198.3252175480902
2.5833333333333335,brain,2.0,0.993549800535,0.006450199465,0.3141962877700919,31.41962877700919,0.08774511684845587,8.774511684845587,0.24838745013375,24.838745013375,0.0030140114664621008,0.3014011466462101,0.0030140114664621008,0.004219616053046941,scenario,hot_plate,193.88097859135274
2.6666666666666665,brain,2.0,0.993625873785,0.006374126215,0.3142634254148649,31.42634254148649,0.08780927595815322,8.78092759581532,0.24840646844625,24.840646844625,0.003030927816139795,0.3030927816139795,0.0030309278161397956,0.004243298942595714,scenario,hot_plate,189.43673963461538
2.75,brain,2.0,0.993695719624,0.006304280376,0.314328656224581,31.4328656224581,0.08787296842477466,8.787296842477465,0.248423929906,24.8423929906,0.0030480351259807585,0.30480351259807587,0.003048035125980758,0.004267249176373061,scenario,hot_plate,184.99250067787798
2.8333333333333335,brain,2.0,0.993759428816,0.006240571184,0.31439200822573565,31.439200822573564,0.08793620136231424,8.793620136231423,0.248439857204,24.8439857204,0.003065336647819007,0.3065336647819007,0.003065336647819007,0.0042914713069466094,scenario,hot_plate,180.5482617211407
2.9166666666666665,brain,2.0,0.993816995734,0.006183004266,0.31445347895976095,31.445347895976095,0.08799897336834794,8.799897336834794,0.2484542489335,24.84542489335,0.003082835707743422,0.3082835707743422,0.003082835707743422,0.004315969990840791,scenario,hot_plate,176.10402276440325
3.0,brain,2.0,0.993868837691,0.006131162309,0.31451319980614,31.451319980614002,0.08806132051118667,8.806132051118668,0.24846720942275,24.846720942275,0.0031005357082294033,0.3100535708229403,0.003100535708229403,0.0043407499915211634,scenario,hot_plate,171.65978380766583
3.0833333333333335,brain,2.0,0.993915372,0.006084628,0.3145713022154176,31.457130221541764,0.08812327895389015,8.812327895389014,0.248478843,24.8478843,0.003118440130344392,0.3118440130344392,0.003118440130344392,0.004365816182482149,scenario,hot_plate,167.2155448509285
3.1666666666666665,brain,2.0,0.993957015973,0.006042984027,0.3146279177091169,31.462791770911693,0.08818488495448921,8.818488495448921,0.24848925399325,24.848925399325,0.0031365525360302457,0.3136552536030246,0.0031365525360302457,0.004391173550442344,scenario,hot_plate,162.77130589419102
3.25,brain,2.0,0.99399414439,0.00600585561,0.31468316441531735,31.468316441531734,0.08824617109042311,8.824617109042311,0.2484985360975,24.84985360975,0.003154876570465615,0.3154876570465615,0.003154876570465615,0.0044168271986518605,scenario,hot_plate,158.32706693745368
3.3333333333333335,brain,2.0,0.994026783857,0.005973216143,0.31473705028465326,31.473705028465325,0.08830713909387101,8.830713909387102,0.24850669596425,24.850669596425,0.003173415964511619,0.31734159645116194,0.003173415964511619,0.004442782350316267,scenario,hot_plate,153.8828279807162
3.4166666666666665,brain,2.0,0.994055133947,0.005944866053,0.3147896380450232,31.478963804502317,0.08836780607769762,8.836780607769763,0.24851378348675,24.851378348675,0.0031921745372442637,0.3192174537244264,0.0031921745372442633,0.0044690443521419685,scenario,hot_plate,149.43858902397892
3.5,brain,2.0,0.994079459006,0.005920540994,0.31484101097280714,31.484101097280714,0.08842819496174285,8.842819496174286,0.2485198647515,24.85198647515,0.0032111561985772,0.32111561985772,0.0032111561985772,0.00449561867800808,scenario,hot_plate,144.99435006724144
3.5833333333333335,brain,2.0,0.994100023384,0.005899976616,0.31489125239098714,31.489125239098716,0.0884883287266495,8.84883287266495,0.248525005846,24.8525005846,0.003230364951978628,0.3230364951978628,0.0032303649519786286,0.0045225109327700795,scenario,hot_plate,140.55011111050402
3.6666666666666665,brain,2.0,0.994117091427,0.005882908573,0.31494044566676344,31.494044566676344,0.08854823041335123,8.854823041335123,0.24852927285675,24.852927285675,0.0032498048972862984,0.32498048972862986,0.003249804897286299,0.004549726856200818,scenario,hot_plate,136.10587215376668
3.75,brain,2.0,0.994130941527,0.005869058473,0.3149886786634221,31.498867866342213,0.08860792437556281,8.860792437556281,0.24853273538175,24.853273538175,0.003269480233624765,0.32694802336247647,0.003269480233624765,0.004577272327074671,scenario,hot_plate,131.66163319702932
3.8333333333333335,brain,2.0,0.994141876101,0.005858123899,0.3150360469058569,31.50360469058569,0.08866743717414255,8.866743717414256,0.24853546902525,24.853546902525,0.003289395262429263,0.3289395262429263,0.0032893952624292637,0.004605153367400969,scenario,hot_plate,127.21739424029185
3.9166666666666665,brain,2.0,0.994150175098,0.005849824902,0.3150826388507046,31.50826388507046,0.08872679343493944,8.872679343493944,0.2485375437745,24.85375437745,0.0033095543905807723,0.3309554390580772,0.0033095543905807727,0.0046333761468130815,scenario,hot_plate,122.77315528355449
4.0,brain,2.0,0.994156117553,0.005843882447,0.315128542713752,31.5128542713752,0.08878601776733602,8.878601776733602,0.24853902938825,24.853902938825,0.0033299621336570755,0.33299621336570756,0.0033299621336570755,0.004661946987119905,scenario,hot_plate,118.3289163268171
4.083333333333333,brain,2.0,0.994159982503,0.005840017497,0.31514454409430037,31.514454409430037,0.0888060646247338,8.880606462473379,0.24853999562575,24.853999562574998,0.0033368627589391267,0.3336862758939127,0.0033368627589391267,0.004671607862514777,scenario,hot_plate,116.8384504189261
4.166666666666667,brain,2.0,0.994162047878,0.005837952122,0.3151599816644386,31.515998166443858,0.08882595959325147,8.882595959325148,0.2485405119695,24.85405119695,0.0033437920437143363,0.33437920437143365,0.0033437920437143363,0.004681308861200071,scenario,hot_plate,115.34798451103507
4.25,brain,2.0,0.994162518431,0.005837481569,0.3151749202602315,31.51749202602315,0.08884572086997532,8.884572086997531,0.24854062960775,24.854062960775,0.0033507501668960005,0.33507501668960005,0.0033507501668960005,0.0046910502336544,scenario,hot_plate,113.85751860314402
4.333333333333333,brain,2.0,0.9941616093,0.0058383907,0.3151894280223304,31.518942802233042,0.08886536759644056,8.886536759644056,0.248540402325,24.8540402325,0.0033577373088897267,0.33577373088897267,0.0033577373088897267,0.004700832232445617,scenario,hot_plate,112.36705269525308
4.416666666666667,brain,2.0,0.994159572952,0.005840427048,0.3152035849394989,31.52035849394989,0.08888492226866519,8.88849222686652,0.248539893238,24.8539893238,0.0033647536516090274,0.33647536516090276,0.0033647536516090274,0.004710655112252638,scenario,hot_plate,110.87658678736204
4.5,brain,2.0,0.994156661854,0.005843338146,0.31521747101549263,31.521747101549263,0.08890440740265686,8.890440740265685,0.2485391654635,24.85391654635,0.0033717993784911126,0.33717993784911127,0.003371799378491112,0.004720519129887557,scenario,hot_plate,109.386120879471
4.583333333333333,brain,2.0,0.994153128477,0.005846871523,0.31523116627034453,31.523116627034454,0.08892384553479273,8.892384553479273,0.24853828211925,24.853828211925,0.003378874674512865,0.3378874674512865,0.003378874674512865,0.00473042454431801,scenario,hot_plate,107.89565497158006
4.666666666666667,brain,2.0,0.994149225286,0.005850774714,0.3152447507372107,31.52447507372107,0.08894325922094762,8.894325922094762,0.2485373063215,24.85373063215,0.0033859797262070414,0.3385979726207041,0.003385979726207042,0.004740371616689858,scenario,hot_plate,106.40518906368902
4.75,brain,2.0,0.994145204751,0.005854795249,0.31525830446587505,31.525830446587506,0.08896267103750005,8.896267103750006,0.24853630118775,24.853630118775,0.003393114721678655,0.3393114721678655,0.003393114721678655,0.004750360610350116,scenario,hot_plate,104.91472315579796
4.833333333333333,brain,2.0,0.994141319339,0.005858680661,0.3152719075202291,31.52719075202291,0.08898210358063881,8.898210358063881,0.24853532983475,24.853532983475,0.0034002798506215792,0.3400279850621579,0.0034002798506215792,0.004760391790870211,scenario,hot_plate,103.42425724790697
4.916666666666667,brain,2.0,0.994137390653,0.005862609347,0.3152855033329634,31.52855033329634,0.08900154089295122,8.900154089295121,0.24853434766325,24.853434766325,0.0034074753043353617,0.34074753043353617,0.0034074753043353613,0.004770465426069506,scenario,hot_plate,101.93379134001593
5.0,brain,2.0,0.99413298926,0.00586701074,0.3152989557076083,31.52989557076083,0.08902094452347774,8.902094452347773,0.248533247315,24.853324731500003,0.003414701275742246,0.34147012757422457,0.0034147012757422463,0.004780581786039144,scenario,hot_plate,100.44332543212495
5.083333333333333,brain,2.0,0.994128144902,0.005871855098,0.3153122740607117,31.53122740607117,0.08904031711361562,8.904031711361563,0.2485320362255,24.853203622549998,0.003421957959404417,0.3421957959404417,0.0034219579594044172,0.004790741143166184,scenario,hot_plate,98.95285952423394
5.166666666666667,brain,2.0,0.994122888967,0.005877111033,0.3153254683326791,31.53254683326791,0.08905966145457216,8.905966145457215,0.24853072224175,24.853072224174998,0.0034292455515414566,0.34292455515414566,0.003429245551541457,0.00480094377215804,scenario,hot_plate,97.46239361634292
5.25,brain,2.0,0.994117252839,0.005882747161,0.3153385484645111,31.53385484645111,0.08907898033968144,8.907898033968143,0.24852931320975,24.852931320975,0.0034365642500480396,0.343656425004804,0.00343656425004804,0.004811189950067255,scenario,hot_plate,95.97192770845194
5.333333333333333,brain,2.0,0.994111267904,0.005888732096,0.3153515243997083,31.535152439970833,0.08909827656494444,8.909827656494445,0.248527816976,24.852781697599998,0.0034439142545118393,0.34439142545118395,0.0034439142545118397,0.0048214799563165755,scenario,hot_plate,94.48146180056096
5.416666666666667,brain,2.0,0.994104965547,0.005895034453,0.31536440608332234,31.536440608332235,0.08911755292876312,8.911755292876313,0.24852624138675,24.852624138675,0.0034512957662316754,0.34512957662316757,0.0034512957662316754,0.004831814072724345,scenario,hot_plate,92.99099589266991
5.5,brain,2.0,0.994098377155,0.005901622845,0.315377203462909,31.537720346290897,0.08913681223221197,8.913681223221197,0.24852459428875,24.852459428875,0.003458708988235886,0.34587089882358857,0.003458708988235886,0.00484219258353024,scenario,hot_plate,91.50052998477886
5.583333333333333,brain,2.0,0.994091491373,0.005908508627,0.31538991292737817,31.538991292737816,0.08915605344550422,8.915605344550421,0.24852287284325,24.852287284325,0.00346615412530095,0.34661541253009504,0.0034661541253009505,0.004852615775421331,scenario,hot_plate,90.01006407688786
5.666666666666667,brain,2.0,0.994084212464,0.005915787536,0.3154025040922759,31.54025040922759,0.08917526796836779,8.917526796836778,0.248521053116,24.8521053116,0.0034736313839703347,0.3473631383970335,0.0034736313839703347,0.004863083937558468,scenario,hot_plate,88.51959816899688
5.75,brain,2.0,0.994076530684,0.005923469316,0.3154149738524996,31.54149738524996,0.08919445490866613,8.919445490866613,0.248519132671,24.851913267100002,0.0034811409725736013,0.34811409725736014,0.003481140972573601,0.004873597361603041,scenario,hot_plate,87.02913226110581
5.833333333333333,brain,2.0,0.994068441282,0.005931558718,0.3154273206866764,31.54273206866764,0.08921361382156855,8.921361382156855,0.2485171103205,24.85171103205,0.0034886831012457516,0.34886831012457514,0.0034886831012457516,0.004884156341744052,scenario,hot_plate,85.53866635321482
5.916666666666667,brain,2.0,0.994059939507,0.005940060493,0.31543954307313565,31.543954307313566,0.08923274426184756,8.923274426184756,0.24851498487675,24.851498487675,0.003496257981946829,0.3496257981946829,0.0034962579819468294,0.0048947611747255605,scenario,hot_plate,84.0482004453238
6.0,brain,2.0,0.994051020608,0.005948979392,0.31545163948990895,31.545163948990897,0.08925184578387858,8.925184578387858,0.248512755152,24.8512755152,0.003503865828481773,0.3503865828481773,0.003503865828481773,0.004905412159874481,scenario,hot_plate,82.55773453743284
6.083333333333333,brain,2.0,0.994041679833,0.005958320167,0.3154636084144121,31.546360841441214,0.08927091794154948,8.927091794154949,0.24851041995825,24.851041995825,0.003511506856520537,0.3511506856520537,0.003511506856520537,0.004916109599128751,scenario,hot_plate,81.06726862954183
6.166666666666667,brain,2.0,0.994031912431,0.005968087569,0.31547544832407987,31.547544832407986,0.08928996028843983,8.928996028843983,0.24850797810775,24.850797810775,0.0035191812836184717,0.35191812836184716,0.0035191812836184717,0.0049268537970658605,scenario,hot_plate,79.5768027216508
6.25,brain,2.0,0.994021732618,0.005978267382,0.31548716371588115,31.548716371588114,0.0893089740818415,8.930897408184151,0.2485054331545,24.85054331545,0.003526889329236964,0.3526889329236964,0.0035268893292369637,0.004937645060931749,scenario,hot_plate,78.08633681375979
6.333333333333333,brain,2.0,0.994011246776,0.005988753224,0.3154987883410799,31.549878834107993,0.08932796886277325,8.932796886277325,0.248502811694,24.8502811694,0.0035346312147643663,0.35346312147643666,0.003534631214764366,0.004948483700670112,scenario,hot_plate,76.5958709058688
6.416666666666667,brain,2.0,0.994000494192,0.005999505808,0.31551033466039446,31.551033466039446,0.08934694814985931,8.934694814985932,0.248500123548,24.8500123548,0.003542407163537187,0.3542407163537187,0.0035424071635371873,0.0049593700289520615,scenario,hot_plate,75.10540499797777
6.5,brain,2.0,0.993989501008,0.006010498992,0.3155218109642868,31.552181096428676,0.089365914283049,8.9365914283049,0.248497375252,24.8497375252,0.0035502174008615697,0.35502174008615695,0.00355021740086157,0.004970304361206198,scenario,hot_plate,73.61493909008674
6.583333333333333,brain,2.0,0.993978293367,0.006021706633,0.3155332255451043,31.553322554510434,0.08938486960447245,8.938486960447245,0.24849457334175,24.849457334175,0.0035580621540350485,0.3558062154035048,0.003558062154035049,0.004981287015649068,scenario,hot_plate,72.12447318219576
6.666666666666667,brain,2.0,0.993966897412,0.006033102588,0.3155445866967648,31.554458669676478,0.08940381645835303,8.940381645835304,0.248491724353,24.849172435299998,0.0035659416523686083,0.3565941652368608,0.0035659416523686083,0.004992318313316051,scenario,hot_plate,70.63400727430472
6.75,brain,2.0,0.993955339285,0.006044660715,0.3155559027144399,31.55559027144399,0.08942275719091983,8.942275719091983,0.24848883482125,24.848883482125,0.003573856127209018,0.3573856127209018,0.0035738561272090174,0.005003398578092624,scenario,hot_plate,69.14354136641373
6.833333333333333,brain,2.0,0.99394364513,0.00605635487,0.3155671818955098,31.55671818955098,0.08944169415067971,8.944169415067972,0.2484859112825,24.84859112825,0.0035818058119614785,0.3581805811961479,0.0035818058119614785,0.005014528136746069,scenario,hot_plate,67.65307545852271
6.916666666666667,brain,2.0,0.993931840293,0.006068159707,0.3155784322855608,31.55784322855608,0.08946062961641445,8.946062961641445,0.24848296007325,24.848296007325,0.0035897909421125696,0.35897909421125695,0.00358979094211257,0.005025707318957598,scenario,hot_plate,66.16260955063167
7.0,brain,2.0,0.993919932843,0.006080067157,0.31558965644591186,31.558965644591186,0.08947956431354913,8.947956431354912,0.24847998321075,24.847998321075,0.0035978117552534945,0.35978117552534944,0.003597811755253494,0.0050369364573548915,scenario,hot_plate,64.67214364274066
7.083333333333333,brain,2.0,0.993907921541,0.006092078459,0.31560085398274973,31.56008539827497,0.0894984981299996,8.949849812999961,0.24847698038525,24.847698038525003,0.003605868491103653,0.3605868491103653,0.003605868491103653,0.005048215887545114,scenario,hot_plate,63.18167773484968
7.166666666666667,brain,2.0,0.993895806387,0.006104193613,0.31561202489563106,31.561202489563104,0.08951743106517472,8.951743106517473,0.24847395159675,24.847395159675003,0.003613961391534518,0.3613961391534518,0.003613961391534518,0.005059545948148325,scenario,hot_plate,61.691211826958686
7.25,brain,2.0,0.993883587382,0.006116412618,0.3156231691844297,31.562316918442967,0.08953636311857294,8.953636311857293,0.2484708968455,24.84708968455,0.003622090700593845,0.3622090700593845,0.003622090700593845,0.005070926980831383,scenario,hot_plate,60.20074591906765
7.333333333333333,brain,2.0,0.993871264525,0.006128735475,0.315634286848384,31.563428684838403,0.08955529428951203,8.955529428951204,0.24846781613125,24.846781613125,0.0036302566645301988,0.36302566645301987,0.0036302566645301988,0.005082359330342278,scenario,hot_plate,58.71028001117664
7.416666666666667,brain,2.0,0.993858837817,0.006141162183,0.3156453778873671,31.564537788736708,0.08957422457748941,8.95742245774894,0.24846470945425,24.846470945425,0.003638459531817823,0.3638459531817823,0.0036384595318178226,0.005093843344544951,scenario,hot_plate,57.21981410328561
7.5,brain,2.0,0.993846307257,0.006153692743,0.3156564423006163,31.56564423006163,0.08959315398182172,8.959315398182172,0.24846157681425,24.846157681424998,0.0036466995531818382,0.3646699553181838,0.0036466995531818387,0.005105379374454573,scenario,hot_plate,55.72934819539462
7.583333333333333,brain,2.0,0.993833672845,0.006166327155,0.3156674800876864,31.56674800876864,0.08961208250191524,8.961208250191524,0.24845841821125,24.845841821125,0.0036549769816237917,0.36549769816237915,0.0036549769816237917,0.005116967774273308,scenario,hot_plate,54.23888228750362
7.666666666666667,brain,2.0,0.993820999802,0.006179000198,0.3156785119650095,31.56785119650095,0.08963101601934605,8.963101601934605,0.2484552499505,24.84552499505,0.003663292072447548,0.36632920724475476,0.003663292072447548,0.005128608901426567,scenario,hot_plate,52.748416379612586
7.75,brain,2.0,0.993808440971,0.006191559029,0.3156895864866585,31.568958648665852,0.08964996832521134,8.964996832521134,0.24845211024275,24.845211024275,0.0036716450832855406,0.3671645083285541,0.003671645083285541,0.005140303116599757,scenario,hot_plate,51.25795047172159
7.833333333333333,brain,2.0,0.993796002683,0.006203997317,0.3157007056732871,31.570070567328713,0.0896689400033828,8.96689400033828,0.24844900067075,24.844900067075,0.0036800362741253798,0.368003627412538,0.0036800362741253798,0.0051520507837755315,scenario,hot_plate,49.767484563830585
7.916666666666667,brain,2.0,0.99378368494,0.00621631506,0.31571186953530256,31.571186953530255,0.08968793106707008,8.96879310670701,0.248445921235,24.8445921235,0.0036884659073368243,0.3688465907336824,0.0036884659073368243,0.005163852270271553,scenario,hot_plate,48.27701865593956
8.0,brain,2.0,0.99377148774,0.00622851226,0.31572307808185013,31.572307808185013,0.08970694152913351,8.970694152913351,0.248442871935,24.8442871935,0.0036969342476991327,0.3696934247699133,0.0036969342476991327,0.0051757079467787855,scenario,hot_plate,46.78655274804855
8.083333333333334,brain,2.0,0.993759411085,0.006240588915,0.3157236949111677,31.57236949111677,0.08971178951989023,8.971178951989023,0.24843985277125,24.843985277125,0.0036994413919474727,0.3699441391947473,0.0036994413919474727,0.005179217948726462,scenario,hot_plate,46.3465932624449
8.166666666666666,brain,2.0,0.993747454974,0.006252545026,0.3157243505200282,31.572435052002817,0.0897166490353709,8.97166490353709,0.2484368637435,24.84368637435,0.003701951939035877,0.3701951939035877,0.0037019519390358775,0.0051827327146502285,scenario,hot_plate,45.90663377684126
8.25,brain,2.0,0.993735619406,0.006264380594,0.31572504490983055,31.572504490983057,0.08972152007777412,8.972152007777412,0.2484339048515,24.84339048515,0.0037044658958968464,0.3704465895896846,0.003704465895896846,0.005186252254255584,scenario,hot_plate,45.4666742912376
8.333333333333334,brain,2.0,0.993723909082,0.006276090918,0.315725779575893,31.5725779575893,0.08972640307385728,8.972640307385728,0.2484309772705,24.84309772705,0.0037069832694817235,0.37069832694817234,0.0037069832694817235,0.005189776577274412,scenario,hot_plate,45.02671480563395
8.416666666666666,brain,2.0,0.993712492257,0.006287507743,0.31572660797869856,31.572660797869855,0.0897313132192648,8.973131321926479,0.24842812306425,24.842812306425,0.0037095040667607577,0.37095040667607576,0.0037095040667607586,0.005193305693465062,scenario,hot_plate,44.586755320030306
8.5,brain,2.0,0.993701452987,0.006298547013,0.3157275568293033,31.57275568293033,0.08973625811007109,8.973625811007109,0.24842536324675,24.842536324675,0.003712028294723176,0.3712028294723176,0.003712028294723176,0.005196839612612446,scenario,hot_plate,44.14679583442665
8.583333333333334,brain,2.0,0.99369079127,0.00630920873,0.3157286261322487,31.57286261322487,0.08974123775299832,8.974123775299832,0.2484226978175,24.84226978175,0.003714555960377236,0.3714555960377236,0.0037145559603772365,0.005200378344528131,scenario,hot_plate,43.706836348823
8.666666666666666,brain,2.0,0.993680507108,0.006319492892,0.3157298158933487,31.57298158933487,0.08974625215513159,8.974625215513159,0.248420126777,24.8420126777,0.0037170870707503023,0.37170870707503023,0.0037170870707503023,0.005203921899050423,scenario,hot_plate,43.26687686321936
8.75,brain,2.0,0.9936706005,0.0063293995,0.31573112611746523,31.573112611746524,0.08975130132328699,8.9751301323287,0.248417650125,24.8417650125,0.0037196216328889025,0.37196216328889026,0.0037196216328889025,0.005207470286044463,scenario,hot_plate,42.8269173776157
8.833333333333334,brain,2.0,0.993661071446,0.006338928554,0.3157325568097795,31.57325568097795,0.0897563852643727,8.97563852643727,0.2484152678615,24.841526786150002,0.0037221596538587996,0.37221596538588,0.0037221596538588,0.00521102351540232,scenario,hot_plate,42.38695789201206
8.916666666666666,brain,2.0,0.993651919946,0.006348080054,0.3157341079754741,31.573410797547407,0.08976150398529878,8.976150398529878,0.2484129799865,24.84129799865,0.0037247011407450523,0.37247011407450525,0.0037247011407450527,0.005214581597043073,scenario,hot_plate,41.94699840640841
9.0,brain,2.0,0.993643146001,0.006356853999,0.3157357796200505,31.57357796200505,0.08976665749306736,8.976665749306736,0.24841078650025,24.841078650025,0.0037272461006520852,0.3727246100652085,0.0037272461006520852,0.005218144540912919,scenario,hot_plate,41.50703892080476
9.083333333333334,brain,2.0,0.993634724011,0.006365275989,0.31573756361403316,31.573756361403316,0.08977184348171094,8.977184348171093,0.24840868100275,24.840868100275,0.0037297945407037507,0.3729794540703751,0.0037297945407037507,0.00522171235698525,scenario,hot_plate,41.0670794352011
9.166666666666666,brain,2.0,0.993626556017,0.006373443983,0.31573942883435324,31.573942883435326,0.08977705310680432,8.977705310680433,0.24840663900425,24.840663900425,0.003732346468043401,0.3732346468043401,0.003732346468043401,0.005225285055260761,scenario,hot_plate,40.62711994959747
9.25,brain,2.0,0.993618632407,0.006381367593,0.31574137223013704,31.574137223013704,0.08978228550451606,8.978228550451606,0.24840465810175,24.840465810175,0.003734901889833946,0.37349018898339464,0.0037349018898339467,0.005228862645767525,scenario,hot_plate,40.18716046399381
9.333333333333334,brain,2.0,0.99361095318,0.00638904682,0.315743393804462,31.574339380446197,0.08978754067928262,8.97875406792826,0.248402738295,24.8402738295,0.0037374608132579343,0.3737460813257934,0.003737460813257934,0.005232445138561107,scenario,hot_plate,39.747200978390154
9.416666666666666,brain,2.0,0.993603518337,0.006396481663,0.31574549356104176,31.574549356104175,0.08979281863572236,8.979281863572236,0.24840087958425,24.840087958425,0.0037400232455176035,0.37400232455176036,0.0037400232455176035,0.005236032543724645,scenario,hot_plate,39.30724149278651
9.5,brain,2.0,0.993596327877,0.006403672123,0.3157476715029557,31.574767150295568,0.08979811937827424,8.979811937827424,0.24839908196925,24.839908196925002,0.003742589193834962,0.3742589193834962,0.0037425891938349626,0.0052396248713689475,scenario,hot_plate,38.867282007182865
9.583333333333334,brain,2.0,0.993589381801,0.006410618199,0.31574992763391924,31.574992763391922,0.08980344291155896,8.980344291155896,0.24839734545025,24.839734545025,0.0037451586654518496,0.374515866545185,0.0037451586654518496,0.005243222131632589,scenario,hot_plate,38.427322521579214
9.666666666666666,brain,2.0,0.993582680108,0.006417319892,0.3157522619570134,31.57522619570134,0.08980878924001788,8.980878924001788,0.248395670027,24.8395670027,0.0037477316676300084,0.3747731667630008,0.0037477316676300084,0.005246824334682011,scenario,hot_plate,37.98736303597558
9.75,brain,2.0,0.993576222609,0.006423777391,0.31575467441557437,31.575467441557436,0.08981415835109914,8.981415835109914,0.24839405565225,24.839405565225,0.003750308207651146,0.37503082076511457,0.003750308207651146,0.005250431490711604,scenario,hot_plate,37.54740355037193
9.833333333333334,brain,2.0,0.993569929309,0.006430070691,0.3157571395905394,31.575713959053942,0.08981954301771923,8.981954301771923,0.24839248232725,24.839248232725,0.003752888292817014,0.3752888292817014,0.003752888292817014,0.005254043609943819,scenario,hot_plate,37.10744406476826
9.916666666666666,brain,2.0,0.993563734509,0.006436265491,0.31575963660475065,31.575963660475065,0.08982493730333418,8.982493730333418,0.24839093362725,24.839093362725002,0.003755471930449466,0.3755471930449466,0.003755471930449466,0.0052576607026292525,scenario,hot_plate,36.66748457916463
10.0,brain,2.0,0.993557638208,0.006442361792,0.315762165459325,31.5762165459325,0.08983034120976668,8.983034120976669,0.248389409552,24.838940955200002,0.003758059127890537,0.3758059127890537,0.0037580591278905374,0.005261282779046752,scenario,hot_plate,36.22752509356097
10.083333333333334,brain,2.0,0.993551640407,0.006448359593,0.31576472615601553,31.576472615601553,0.08983575473902074,8.983575473902073,0.24838791010175,24.838791010174997,0.0037606498925025047,0.37606498925025045,0.003760649892502504,0.005264909849503506,scenario,hot_plate,35.787565607957326
10.166666666666666,brain,2.0,0.993545741106,0.006454258894,0.3157673186962579,31.57673186962579,0.08984117789301053,8.984117789301054,0.2483864352765,24.83864352765,0.0037632442316679637,0.3763244231667964,0.0037632442316679637,0.005268541924335149,scenario,hot_plate,35.34760612235369
10.25,brain,2.0,0.993539940304,0.006460059696,0.3157699430811702,31.57699430811702,0.08984661067356026,8.984661067356026,0.248384985076,24.838498507599997,0.003765842152789894,0.37658421527898944,0.0037658421527898937,0.0052721790139058505,scenario,hot_plate,34.90764663675003
10.333333333333334,brain,2.0,0.993534238002,0.006465761998,0.3157725993125066,31.577259931250662,0.08985205308267546,8.985205308267547,0.2483835595005,24.83835595005,0.003768443663291734,0.3768443663291734,0.0037684436632917343,0.005275821128608428,scenario,hot_plate,34.46768715114638
10.416666666666666,brain,2.0,0.9935286342,0.0064713658,0.3157752873917039,31.57752873917039,0.08985750512227186,8.985750512227186,0.24838215855,24.838215855,0.003771048770617446,0.3771048770617446,0.003771048770617446,0.0052794682788644244,scenario,hot_plate,34.027727665542734
10.5,brain,2.0,0.993523122397,0.006476877603,0.3157780052539435,31.577800525394352,0.08986296620625796,8.986296620625795,0.24838078059925,24.838078059925,0.003773657482231595,0.3773657482231595,0.0037736574822315946,0.005283120475124232,scenario,hot_plate,33.58776817993907
10.583333333333334,brain,2.0,0.99351766061,0.00648233939,0.3157807395566525,31.578073955665246,0.08986843253886996,8.986843253886995,0.2483794151525,24.83794151525,0.0037762698056194102,0.377626980561941,0.00377626980561941,0.005286777727867173,scenario,hot_plate,33.14780869433542
10.666666666666666,brain,2.0,0.993512241323,0.006487758677,0.31578348791168676,31.578348791168676,0.08987390344124901,8.9873903441249,0.24837806033075,24.837806033075,0.0037788857482868653,0.37788857482868654,0.0037788857482868653,0.0052904400476016114,scenario,hot_plate,32.70784920873178
10.75,brain,2.0,0.993506864536,0.006493135464,0.3157862503197284,31.57862503197284,0.08987937891430456,8.987937891430455,0.248376716134,24.8376716134,0.003781505317760746,0.3781505317760746,0.003781505317760746,0.005294107444865044,scenario,hot_plate,32.267889723128135
10.833333333333334,brain,2.0,0.993501530248,0.006498469752,0.31578902678114185,31.578902678114183,0.08988485895885574,8.988485895885574,0.248375382562,24.837538256200002,0.0037841285215887244,0.37841285215887244,0.003784128521588724,0.0052977799302242135,scenario,hot_plate,31.82793023752448
10.916666666666666,brain,2.0,0.99349623846,0.00650376154,0.3157918172969272,31.579181729692717,0.08989034357590295,8.989034357590295,0.248374059615,24.8374059615,0.003786755367339427,0.37867553673394266,0.003786755367339427,0.005301457514275197,scenario,hot_plate,31.387970751920843
11.0,brain,2.0,0.993490989171,0.006509010829,0.3157946218674494,31.579462186744937,0.08989583276626587,8.989583276626586,0.24837274729275,24.837274729275,0.003789385862602514,0.3789385862602514,0.0037893858626025134,0.0053051402076435186,scenario,hot_plate,30.94801126631719
11.083333333333334,brain,2.0,0.993485782382,0.006514217618,0.315797440493709,31.579744049370902,0.0899013265309453,8.99013265309453,0.2483714455955,24.83714455955,0.0037920200149887473,0.37920200149887473,0.0037920200149887473,0.005308828020984246,scenario,hot_plate,30.50805178071353
11.166666666666666,brain,2.0,0.993480618092,0.006519381908,0.31580027317607107,31.580027317607108,0.08990682487076145,8.990682487076144,0.248370154523,24.837015452299998,0.0037946578321300653,0.3794657832130065,0.0037946578321300657,0.005312520964982092,scenario,hot_plate,30.068092295109885
11.25,brain,2.0,0.99347548914,0.00652451086,0.31580311763890084,31.580311763890084,0.08991232713853449,8.99123271385345,0.248368872285,24.8368872285,0.0037972993216796604,0.379729932167966,0.003797299321679661,0.005316219050351525,scenario,hot_plate,29.628132809506244
11.333333333333334,brain,2.0,0.993470385561,0.006529614439,0.31580597071509453,31.58059707150945,0.0899178324331261,8.991783243312609,0.24836759639025,24.836759639025,0.0037999444913120435,0.37999444913120434,0.0037999444913120435,0.005319922287836861,scenario,hot_plate,29.18817332390259
11.416666666666666,brain,2.0,0.993465307289,0.006534692711,0.3158088323841237,31.580883238412373,0.08992334074916494,8.992334074916494,0.24836632682225,24.836632682224998,0.003802593348723131,0.3802593348723131,0.0038025933487231315,0.005323630688212384,scenario,hot_plate,28.748213838298938
11.5,brain,2.0,0.993460254324,0.006539745676,0.31581170264643954,31.581170264643955,0.08992885208725275,8.992885208725275,0.248365063581,24.8365063581,0.0038052459016303087,0.38052459016303086,0.0038052459016303087,0.005327344262282432,scenario,hot_plate,28.308254352695286
11.583333333333334,brain,2.0,0.993455226666,0.006544773334,0.3158145815024934,31.581458150249343,0.08993436644799124,8.993436644799125,0.2483638066665,24.836380666649998,0.0038079021577725122,0.38079021577725125,0.0038079021577725122,0.005331063020881517,scenario,hot_plate,27.868294867091645
11.666666666666666,brain,2.0,0.993450224315,0.006549775685,0.3158174689527368,31.58174689527368,0.08993988383198247,8.993988383198246,0.24836255607875,24.836255607875,0.0038105621249103,0.38105621249103,0.0038105621249103004,0.00533478697487442,scenario,hot_plate,27.428335381487994
11.75,brain,2.0,0.993445247272,0.006554752728,0.3158203649979393,31.58203649979393,0.08994540423991905,8.994540423991905,0.248361311818,24.8361311818,0.003813225810825932,0.3813225810825932,0.003813225810825932,0.005338516135156304,scenario,hot_plate,26.988375895884342
11.833333333333334,brain,2.0,0.993440295535,0.006559704465,0.3158232696379167,31.58232696379167,0.08995092767222225,8.995092767222225,0.24836007388375,24.836007388375002,0.0038158932233234412,0.3815893223323441,0.0038158932233234412,0.0053422505126528175,scenario,hot_plate,26.54841641028069
11.916666666666666,brain,2.0,0.993435368043,0.006564631957,0.31582618253581496,31.582618253581497,0.08995645403341997,8.995645403341996,0.24835884201075,24.835884201075,0.003818564370228714,0.3818564370228714,0.003818564370228714,0.005345990118320199,scenario,hot_plate,26.108456924677046
12.0,brain,2.0,0.993430451802,0.006569548198,0.3158290995610495,31.58290995610495,0.08996198214739931,8.99619821473993,0.2483576129505,24.83576129505,0.003821239259389562,0.3821239259389562,0.003821239259389562,0.0053497349631453864,scenario,hot_plate,25.6684974390734
