time_h,tissue,histamine_nm,R_surf,R_int,G_signal,G_signal_pct,G_signal_ligand,G_signal_ligand_pct,G_signal_constitutive,G_signal_constitutive_pct,beta_arr_signal,beta_arr_signal_pct,internalization_drive,k_int_eff_per_h,driver_type,driver_id,antagonist_concentration_nm
0.0,bladder,20.555449826912117,0.937479228481,0.062520771519,0.3491884503671566,34.91884503671566,0.3182257778348491,31.822577783484913,0.04687396142405,4.687396142405,0.026676120225272902,2.6676120225272903,0.026676120225272902,0.03334515028159113,scenario,cyp_cystitis,0.001
0.083333333333,bladder,19.469503483054474,0.937855679964,0.062144320036,0.33179662768793033,33.17966276879304,0.29989878283129506,29.989878283129507,0.0468927839982,4.68927839982,0.0209618728924143,2.0961872892414304,0.0209618728924143,0.026202341115517877,scenario,cyp_cystitis,212.4480367185904
0.166666666667,bladder,16.81134590056803,0.938652302738,0.061347697262,0.29827412829723227,29.827412829723226,0.26457001385298134,26.457001385298135,0.0469326151369,4.69326151369,0.01548743859276302,1.548743859276302,0.01548743859276302,0.019359298240953775,scenario,cyp_cystitis,424.8950734397302
0.25,bladder,14.107898239165253,0.93987320324,0.06012679676,0.2628492910718195,26.28492910718195,0.22721645358928366,22.721645358928367,0.046993660162,4.6993660162,0.011357969379296817,1.1357969379296817,0.011357969379296815,0.014197461724121018,scenario,cyp_cystitis,637.3421101583205
0.333333333333,bladder,12.345407569589499,0.941374552995,0.058625447005,0.2373883737069843,23.73883737069843,0.20033646953393083,20.033646953393085,0.04706872764975,4.706872764975,0.008820118503782079,0.8820118503782078,0.008820118503782079,0.011025148129727599,scenario,cyp_cystitis,849.7891468769111
0.416666666667,bladder,11.579078380413122,0.943012356423,0.056987643577,0.22398556202633796,22.398556202633795,0.1861420465317768,18.61420465317768,0.04715061782115,4.715061782115,0.007430792356824104,0.7430792356824104,0.007430792356824104,0.009288490446030131,scenario,cyp_cystitis,1062.236183598051
0.5,bladder,11.417160458078335,0.944670987331,0.055329012669,0.2182454649178387,21.82454649178387,0.18001254268556705,18.001254268556703,0.04723354936655,4.723354936654999,0.006647818705145089,0.6647818705145089,0.006647818705145089,0.008309773381431362,scenario,cyp_cystitis,1274.6832203166416
0.583333333333,bladder,11.514853243236969,0.946317364441,0.053682635559,0.21583336050140778,21.58333605014078,0.17738683397827135,17.738683397827135,0.04731586822205,4.731586822205,0.006135160652897566,0.6135160652897566,0.006135160652897566,0.007668950816121957,scenario,cyp_cystitis,1487.130257035232
0.666666666667,bladder,11.705727363009851,0.947936888415,0.052063111585,0.214625660583073,21.4625660583073,0.17603033280244526,17.603033280244524,0.047396844420750005,4.739684442075,0.005748277515164072,0.5748277515164072,0.005748277515164072,0.007185346893955091,scenario,cyp_cystitis,1699.5772937563718
0.75,bladder,11.936689170557148,0.949521284083,0.050478715917,0.21393938799487544,21.393938799487543,0.17522455135865836,17.522455135865837,0.04747606420415,4.747606420415,0.005435762350715115,0.5435762350715115,0.005435762350715115,0.0067947029383938935,scenario,cyp_cystitis,1912.0243304749627
0.833333333333,bladder,12.196883947700995,0.951067182688,0.048932817312,0.21361798944846966,21.361798944846967,0.17480487401481018,17.480487401481017,0.0475533591344,4.75533591344,0.005177933742926603,0.5177933742926603,0.005177933742926603,0.006472417178658254,scenario,cyp_cystitis,2124.4713671935524
0.916666666667,bladder,12.486246370197202,0.952567399283,0.047432600717,0.21363402732584202,21.363402732584202,0.1747427972228337,17.47427972228337,0.04762836996415001,4.762836996415,0.004964364756099737,0.4964364756099737,0.004964364756099737,0.006205455945124672,scenario,cyp_cystitis,2336.918403914693
1.0,bladder,12.806738294006486,0.954020553453,0.045979446547,0.21398440812568384,21.398440812568385,0.175035137318983,17.5035137318983,0.04770102767265,4.770102767265,0.004787868527662807,0.47878685276628075,0.004787868527662807,0.005984835659578509,scenario,cyp_cystitis,2549.365440633283
1.083333333333,bladder,13.160635160454543,0.9554266452,0.0445733548,0.2159487350248603,21.59487350248603,0.17702884501564245,17.702884501564245,0.04777133226,4.777133226,0.004745564286444015,0.4745564286444015,0.004745564286444014,0.005931955358055018,scenario,cyp_cystitis,2680.118873018859
1.166666666667,bladder,13.550267687212457,0.95678426902,0.04321573098,0.21821614317325597,21.821614317325597,0.17934413654974313,17.934413654974314,0.04783921345100001,4.7839213451,0.004718545276015281,0.47185452760152813,0.004718545276015281,0.0058981815950191014,scenario,cyp_cystitis,2810.872305406003
1.25,bladder,13.977975435917488,0.958089032964,0.041910967036,0.22079129520770843,22.07912952077084,0.18198615111527203,18.198615111527204,0.04790445164820001,4.790445164820001,0.0047060764400339,0.47060764400339,0.004706076440033899,0.005882595550042374,scenario,cyp_cystitis,2941.6257377915795
1.333333333333,bladder,14.446080872967489,0.959340620134,0.040659379866,0.22367797515722188,22.367797515722188,0.18495888857949672,18.495888857949673,0.0479670310067,4.79670310067,0.0047075105058269895,0.47075105058269895,0.0047075105058269895,0.005884388132283737,scenario,cyp_cystitis,3072.379170177155
1.416666666667,bladder,14.956862625539502,0.960539031325,0.039460968675,0.2268780152046507,22.68780152046507,0.18826427751410602,18.826427751410602,0.048026951566250004,4.802695156625,0.004722265906785324,0.47222659067853234,0.004722265906785324,0.005902832383481655,scenario,cyp_cystitis,3203.1326025642998
1.5,bladder,15.512526265224263,0.961685923283,0.038314076717,0.2303914080990168,23.039140809901678,0.19190222308933347,19.190222308933347,0.04808429616415,4.808429616414999,0.00474980794609481,0.474980794609481,0.00474980794609481,0.005937259932618512,scenario,cyp_cystitis,3333.886034949878
1.583333333333,bladder,16.115172667342524,0.96278281286,0.03721718714,0.23421571480288852,23.421571480288854,0.19587007806304055,19.587007806304054,0.048139140643000004,4.8139140643000005,0.004789632557196328,0.47896325571963283,0.0047896325571963275,0.005987040696495409,scenario,cyp_cystitis,3464.6394673354553
1.666666666667,bladder,16.766764161833343,0.963829700056,0.036170299944,0.23834557328105282,23.834557328105284,0.20016219818763456,20.016219818763457,0.0481914850028,4.81914850028,0.00484125221117808,0.48412522111780804,0.004841252211178081,0.006051565263972601,scenario,cyp_cystitis,3595.3928997226
1.75,bladder,17.469088762520904,0.964826552922,0.035173447078,0.2427729294982487,24.27729294982487,0.2047701072127881,20.47701072127881,0.04824132764610001,4.824132764610001,0.00490418364044296,0.490418364044296,0.00490418364044296,0.006130229550553701,scenario,cyp_cystitis,3726.146332108173
1.833333333333,bladder,18.22372282885462,0.965773023659,0.034226976341,0.24748689305456206,24.748689305456207,0.2096823598648548,20.96823598648548,0.048288651182950004,4.828865118295001,0.0049779371372569,0.49779371372569003,0.004977937137256899,0.006222421421571124,scenario,cyp_cystitis,3856.8997644937476
1.916666666667,bladder,19.031992580948042,0.966669017046,0.033330982954,0.2524738545104467,25.247385451044668,0.2148846354296281,21.488463542962812,0.0483334508523,4.83334508523,0.005062007253776498,0.5062007253776498,0.0050620072537764975,0.006327509067220622,scenario,cyp_cystitis,3987.6531968808913
2.0,bladder,19.894934954180734,0.967514533083,0.032485466917,0.2577174758349181,25.77174758349181,0.22035973597975592,22.03597359797559,0.04837572665415,4.837572665415,0.005155864781965675,0.5155864781965674,0.005155864781965674,0.006444830977457093,scenario,cyp_cystitis,4118.40662926647
2.083333333333,bladder,20.81325834149058,0.968309571769,0.031690428231,0.265012422974044,26.5012422974044,0.22799678356378314,22.799678356378315,0.04841547858845,4.841547858845,0.005372951233899314,0.5372951233899314,0.005372951233899314,0.006716189042374142,scenario,cyp_cystitis,4137.196503551004
2.166666666667,bladder,21.78730382779719,0.969054133104,0.030945866896,0.27257331751768704,27.257331751768703,0.23591643248682848,23.591643248682846,0.048452706655200004,4.84527066552,0.005602610625197504,0.5602610625197504,0.005602610625197503,0.007003263281496879,scenario,cyp_cystitis,4155.986377835759
2.25,bladder,22.81700757075368,0.969748217089,0.030251782911,0.28037579072962676,28.037579072962675,0.2440930314475545,24.40930314475545,0.048487410854450005,4.848741085445001,0.005844671294348272,0.5844671294348273,0.005844671294348273,0.007305839117935342,scenario,cyp_cystitis,4174.776252120295
2.333333333333,bladder,23.901865022655258,0.970391944793,0.029608055207,0.28839239150215484,28.839239150215484,0.2524976781710577,25.249767817105774,0.04851959723965,4.851959723965,0.006098851417590042,0.6098851417590042,0.006098851417590042,0.0076235642719875525,scenario,cyp_cystitis,4193.56612640483
2.416666666667,bladder,25.040897717868443,0.970986042552,0.029013957448,0.2965930382022355,29.65930382022355,0.2610986695522479,26.109866955224792,0.0485493021276,4.85493021276,0.006364752928743032,0.6364752928743032,0.0063647529287430326,0.00795594116092879,scenario,cyp_cystitis,4212.356000689589
2.5,bladder,26.23262336791749,0.971530631405,0.028469368595,0.30494501930098084,30.49450193009808,0.2698615660323483,26.98615660323483,0.04857653157025,4.857653157025,0.00664185646804238,0.664185646804238,0.00664185646804238,0.008302320585052975,scenario,cyp_cystitis,4231.145874974123
2.583333333333,bladder,27.47503000998276,0.972025711354,0.027974288646,0.3134135248576389,31.341352485763892,0.27874972556835675,27.874972556835676,0.0486012855677,4.86012855677,0.0069295175182709475,0.6929517518270948,0.006929517518270947,0.008661896897838684,scenario,cyp_cystitis,4249.935749258654
2.666666666667,bladder,28.765554942575232,0.972471282396,0.027528717604,0.3219621148615593,32.19621148615593,0.28772479025448344,28.772479025448344,0.048623564119800004,4.8623564119800005,0.007226963876176944,0.7226963876176944,0.007226963876176944,0.00903370484522118,scenario,cyp_cystitis,4268.7256235434115
2.75,bladder,30.101069154732745,0.972867344534,0.027132655466,0.33055317290400255,33.055317290400254,0.2967471638708448,29.674716387084484,0.048643367226700006,4.864336722670001,0.007533294593145821,0.7533294593145821,0.007533294593145821,0.009416618241432277,scenario,cyp_cystitis,4287.515497827944
2.833333333333,bladder,31.477867910531376,0.973213897767,0.026786102233,0.33914836686684463,33.91483668668446,0.30577649681946806,30.577649681946806,0.04866069488835,4.8660694888350005,0.007847480501221195,0.7847480501221196,0.007847480501221197,0.009809350626526495,scenario,cyp_cystitis,4306.305372112478
2.916666666667,bladder,32.89166808858644,0.973512492652,0.026487507348,0.3477096575089919,34.770965750899194,0.31477266618567573,31.477266618567572,0.0486756246326,4.8675624632600005,0.008168366419005202,0.8168366419005202,0.008168366419005202,0.010210458023756502,scenario,cyp_cystitis,4325.095246397237
3.0,bladder,34.33761279799859,0.973768791314,0.026231208686,0.35620073899811205,35.6200738998112,0.32369715729727583,32.36971572972758,0.0486884395657,4.86884395657,0.008494675107330828,0.8494675107330828,0.008494675107330828,0.010618343884163536,scenario,cyp_cystitis,4343.885120681769
3.083333333333,bladder,35.810283697268886,0.973983313711,0.026016686289,0.3645841571414242,36.458415714142426,0.3325105173219729,33.25105173219729,0.04869916568555,4.869916568555,0.008825013017026984,0.8825013017026984,0.008825013017026985,0.011031266271283731,scenario,cyp_cystitis,4362.6749949663035
3.166666666667,bladder,37.30372133199148,0.974156059843,0.025843940157,0.3728232254792496,37.28232254792496,0.34117412893378907,34.117412893378905,0.04870780299215,4.870780299215,0.009157877841084136,0.9157877841084137,0.009157877841084138,0.011447347301355174,scenario,cyp_cystitis,4381.464869251059
3.25,bladder,38.81145368359,0.97428702971,0.02571297029,0.380882530873647,38.0882530873647,0.3496507151454179,34.96507151454179,0.048714351485500004,4.871435148550001,0.009491667852000396,0.9491667852000396,0.009491667852000396,0.011864584815000495,scenario,cyp_cystitis,4400.254743535593
3.333333333333,bladder,40.326532985625605,0.974376729535,0.025623270465,0.3887284114774645,38.87284114774645,0.3579048157902258,35.79048157902258,0.04871883647675,4.871883647675,0.009824692972408742,0.9824692972408742,0.00982469297240874,0.012280866215510925,scenario,cyp_cystitis,4419.044617820129
3.416666666667,bladder,41.84158071859321,0.974432019217,0.025567980783,0.3963315799777521,39.63315799777521,0.36590524107042327,36.59052410704233,0.04872160096085,4.8721600960850004,0.010155187493963963,1.0155187493963962,0.010155187493963963,0.012693984367454954,scenario,cyp_cystitis,4437.8344921048865
3.5,bladder,43.34884054292372,0.974455064332,0.025544935668,0.4036629583616062,40.36629583616062,0.3736212685736907,37.36212685736907,0.0487227532166,4.87227532166,0.010481324326985519,1.048132432698552,0.010481324326985519,0.0131016554087319,scenario,cyp_cystitis,4456.624366389424
3.583333333333,bladder,44.840238774795814,0.974445864879,0.025554135121,0.41069467802209686,41.06946780220969,0.3810235629243651,38.10235629243651,0.04872229324395,4.872229324395,0.010801230631940483,1.0801230631940484,0.010801230631940483,0.013501538289925603,scenario,cyp_cystitis,4475.414240673952
3.666666666667,bladder,46.30745185369036,0.974404420859,0.025595579141,0.4174010009419601,41.74010009419601,0.38808503147264223,38.808503147264226,0.048720221042950006,4.8720221042950005,0.0111130046542529,1.11130046542529,0.011113004654252898,0.013891255817816122,scenario,cyp_cystitis,4494.204114958714
3.75,bladder,47.741980099450366,0.974330733441,0.025669266559,0.42375835208214574,42.375835208214575,0.3947808583264166,39.47808583264166,0.048716536672050004,4.871653667205001,0.011414733557171165,1.1414733557171164,0.011414733557171163,0.014268416946463955,scenario,cyp_cystitis,4512.993989243248
3.833333333333,bladder,49.13522691208793,0.974228328471,0.025771671529,0.4297468677824424,42.97468677824424,0.4010899487988341,40.10899487988341,0.04871141642355001,4.871141642355001,0.011704512023826323,1.1704512023826323,0.011704512023826321,0.014630640029782902,scenario,cyp_cystitis,4531.783863527776
3.916666666667,bladder,50.47858243339961,0.974100482941,0.025899517059,0.4353487734233137,43.53487734233137,0.4069934202908039,40.699342029080384,0.048705024147050004,4.870502414705,0.011980461379765054,1.1980461379765055,0.011980461379765052,0.014975576724706315,scenario,cyp_cystitis,4550.5737378125405
4.0,bladder,51.7635105705636,0.97394719685,0.02605280315,0.4405469280623945,44.05469280623945,0.4124732297051521,41.247322970515214,0.0486973598425,4.86973598425,0.01224074897191872,1.224074897191872,0.01224074897191872,0.0153009362148984,scenario,cyp_cystitis,4569.363612097071
4.083333333333,bladder,52.98163818012238,0.9737684702,0.0262315298,0.4466544997931191,44.66544997931191,0.41891165924538853,41.89116592453885,0.04868842351,4.8688423510000005,0.012621601957517615,1.2621601957517614,0.012621601957517615,0.015777002446897018,scenario,cyp_cystitis,4526.284773045764
4.166666666667,bladder,54.12484512923419,0.973564302989,0.026435697011,0.45234043453866624,45.234043453866626,0.42490759935706973,42.490759935706976,0.048678215149450005,4.867821514945001,0.012990391111871252,1.2990391111871253,0.01299039111187125,0.016237988889839062,scenario,cyp_cystitis,4483.205933993943
4.25,bladder,55.1853538936598,0.973335270499,0.026664729501,0.45759145474661056,45.759145474661054,0.4304470433912217,43.04470433912217,0.04866676352495,4.866676352495,0.01334500804889543,1.334500804889543,0.013345008048895431,0.01668126006111929,scenario,cyp_cystitis,4440.127094942643
4.333333333333,bladder,56.155817319328094,0.973083881276,0.026916118724,0.462397104301616,46.2397104301616,0.4355188528819116,43.55188528819116,0.048654194063800005,4.865419406380001,0.01368338470497957,1.3683384704979569,0.01368338470497957,0.017104230881224463,scenario,cyp_cystitis,4397.048255891341
4.416666666667,bladder,57.0294031682204,0.972812056535,0.027187943465,0.4667484475833352,46.67484475833352,0.44011352079640553,44.01135207964055,0.04864060282675001,4.864060282675001,0.014003514456556562,1.400351445655656,0.014003514456556562,0.017504393070695703,scenario,cyp_cystitis,4353.969416839519
4.5,bladder,57.799874091655,0.97252164836,0.02747835164,0.4706381605758542,47.06381605758542,0.4442232401661624,44.42232401661624,0.048626082418000004,4.8626082418,0.01430347304062653,1.430347304062653,0.01430347304062653,0.017879341300783162,scenario,cyp_cystitis,4310.8905777882155
4.583333333333,bladder,58.46166172381478,0.972214508835,0.027785491165,0.474060420322729,47.4060420322729,0.44784178408524106,44.784178408524106,0.048610725441750005,4.861072544175,0.014581438980206928,1.4581438980206929,0.014581438980206928,0.01822679872525866,scenario,cyp_cystitis,4267.811738736907
4.666666666667,bladder,59.00993366533973,0.971892490043,0.028107509957,0.477010768068845,47.7010768068845,0.45096436164915266,45.09643616491527,0.048594624502150005,4.859462450215,0.014835713219806224,1.4835713219806224,0.014835713219806222,0.01854464152475778,scenario,cyp_cystitis,4224.732899685091
4.75,bladder,59.44065223056165,0.971557580876,0.028442419124,0.4794860490746339,47.94860490746339,0.45358754740087776,45.358754740087775,0.0485778790438,4.85778790438,0.015064737684616185,1.5064737684616185,0.015064737684616185,0.018830922105770233,scenario,cyp_cystitis,4181.654060633789
4.833333333333,bladder,59.750623959633124,0.971214538991,0.028785461009,0.48148560317541655,48.14856031754166,0.45571039602722796,45.5710396027228,0.04856072694955,4.856072694955,0.015267112490670445,1.5267112490670445,0.015267112490670446,0.019083890613338057,scenario,cyp_cystitis,4138.5752215824805
4.916666666667,bladder,59.937539046229546,0.970867235526,0.029132764474,0.4830093681788513,48.30093681788513,0.45733263831847504,45.7332638318475,0.048543361776300004,4.8543361776300005,0.015441611551523404,1.5441611551523404,0.015441611551523404,0.019302014439404255,scenario,cyp_cystitis,4095.4963825306627
5.0,bladder,60.0,0.970518649586,0.029481350414,0.4840577716815247,48.40577716815247,0.4584545675812892,45.84545675812892,0.0485259324793,4.852593247930001,0.01558719634992256,1.558719634992256,0.01558719634992256,0.0194839954374032,scenario,cyp_cystitis,4052.41754347936
5.083333333333,bladder,59.937539046229546,0.970171760274,0.029828239726,0.4846320949204824,48.46320949204824,0.45907737569134993,45.907737569134994,0.048508588013700005,4.85085880137,0.01570302766976111,1.570302766976111,0.015703027669761113,0.01962878458720139,scenario,cyp_cystitis,4009.3387044280516
5.166666666667,bladder,59.750623959633124,0.969829546691,0.030170453309,0.4847344170359737,48.473441703597366,0.45920309442255125,45.920309442255125,0.048491477334550004,4.849147733455,0.0157884751138912,1.5788475113891198,0.015788475113891202,0.019735593892364,scenario,cyp_cystitis,3966.259865376233
5.25,bladder,59.44065223056165,0.969494987943,0.030505012057,0.4843675781585698,48.43675781585698,0.4588345565909682,45.883455659096825,0.048474749397150005,4.847474939715,0.015843124266735994,1.5843124266735995,0.015843124266735994,0.019803905333419993,scenario,cyp_cystitis,3923.1810263249295
5.333333333333,bladder,59.00993366533973,0.969170662039,0.030829337961,0.4835349614627531,48.35349614627531,0.45797518774821383,45.797518774821384,0.04845853310195,4.845853310195,0.0158667813962609,1.5866781396260898,0.015866781396260896,0.01983347674532612,scenario,cyp_cystitis,3880.1021872736233
5.416666666667,bladder,58.46166172381478,0.968858616935,0.031141383065,0.48224043254842847,48.22404325484285,0.45662894915966157,45.662894915966156,0.04844293084675,4.844293084675,0.015859475627224288,1.5859475627224289,0.015859475627224288,0.01982434453403036,scenario,cyp_cystitis,3837.023348221805
5.5,bladder,57.799874091655,0.968561483973,0.031438516027,0.48048891801888827,48.04889180188883,0.4548008882318298,45.48008882318298,0.04842807419865,4.842807419865,0.01582145855612817,1.5821458556128172,0.01582145855612817,0.019776823195160213,scenario,cyp_cystitis,3793.9445091704993
5.583333333333,bladder,57.0294031682204,0.968281909623,0.031718090377,0.47828616092511833,47.82861609251184,0.4524969109936509,45.249691099365094,0.04841409548115,4.841409548115,0.015753201317155855,1.5753201317155856,0.015753201317155855,0.019691501646444818,scenario,cyp_cystitis,3750.865670119195
5.666666666667,bladder,56.155817319328094,0.968022540356,0.031977459644,0.4756387697015174,47.56387697015174,0.44972383440391306,44.972383440391305,0.0484011270178,4.84011270178,0.01565538914705991,1.565538914705991,0.015655389147059915,0.019569236433824893,scenario,cyp_cystitis,3707.7868310673734
5.75,bladder,55.1853538936598,0.967786022643,0.032213977357,0.4725542903314263,47.25542903314263,0.44648946231502773,44.64894623150278,0.04838930113215,4.838930113215,0.015528913534751242,1.552891353475124,0.015528913534751242,0.019411141918439054,scenario,cyp_cystitis,3664.7079920160727
5.833333333333,bladder,54.12484512923419,0.967574730774,0.032425269226,0.4690411605269328,46.904116052693276,0.44280255156656084,44.28025515665608,0.04837873653870001,4.837873653870001,0.015374862077575647,1.5374862077575646,0.015374862077575645,0.019218577596969558,scenario,cyp_cystitis,3621.629152964769
5.916666666667,bladder,52.98163818012238,0.967388327224,0.032611672776,0.4651076401397841,46.51076401397841,0.43867181450377274,43.867181450377274,0.048369416361200006,4.836941636120001,0.015194506200426375,1.5194506200426374,0.015194506200426373,0.018993132750532965,scenario,cyp_cystitis,3578.5503139129446
6.0,bladder,51.7635105705636,0.967227791264,0.032772208736,0.4607638984928604,46.076389849286045,0.43410790413648465,43.41079041364846,0.048361389563200005,4.83613895632,0.014989286925212997,1.4989286925212997,0.014989286925212997,0.018736608656516246,scenario,cyp_cystitis,3535.4714748616448
6.083333333333,bladder,50.47858243339961,0.967094701447,0.032905298553,0.4560217702765515,45.60217702765515,0.4291231949517911,42.912319495179105,0.048354735072350004,4.835473507235,0.014760798906306,1.4760798906305999,0.014760798906306,0.0184509986328825,scenario,cyp_cystitis,3492.3926358103417
6.166666666667,bladder,49.13522691208793,0.966990636323,0.033009363677,0.45089458283949524,45.089458283949526,0.42373163265615293,42.3731632656153,0.04834953181615,4.834953181615,0.014510772971992983,1.4510772971992982,0.014510772971992983,0.01813846621499123,scenario,cyp_cystitis,3449.3137967585208
6.25,bladder,47.741980099450366,0.966917174444,0.033082825556,0.4453972742339848,44.53972742339848,0.4179488584334577,41.79488584334577,0.04834585872220001,4.834585872220001,0.014241057432071812,1.4241057432071813,0.014241057432071814,0.017801321790089766,scenario,cyp_cystitis,3406.2349577072187
6.333333333333,bladder,46.30745185369036,0.966875894362,0.033124105638,0.4395465047502503,43.95465047502503,0.4117923263496319,41.17923263496319,0.048343794718100006,4.83437947181,0.01395359842724766,1.395359842724766,0.01395359842724766,0.017441998034059575,scenario,cyp_cystitis,3363.156118655913
6.416666666667,bladder,44.840238774795814,0.966866242874,0.033133757126,0.43335980138425134,43.335980138425136,0.405280514990054,40.5280514990054,0.0483433121437,4.834331214370001,0.013650419606785263,1.3650419606785262,0.01365041960678526,0.017063024508481576,scenario,cyp_cystitis,3320.07727960409
6.5,bladder,43.34884054292372,0.966886362337,0.033113637663,0.4268560777746596,42.68560777746596,0.39843343121874697,39.843343121874696,0.04834431811685,4.834431811685,0.01333360142642426,1.333360142642426,0.013333601426424257,0.016667001783030322,scenario,cyp_cystitis,3276.9984405527894
6.583333333333,bladder,41.84158071859321,0.966936489309,0.033063510691,0.4200572236175855,42.00572236175855,0.39127410437066895,39.12741043706689,0.04834682446545,4.834682446545,0.013005260359020368,1.3005260359020367,0.013005260359020368,0.01625657544877546,scenario,cyp_cystitis,3233.9196015014854
6.666666666667,bladder,40.326532985625605,0.967016865766,0.032983134234,0.4129871769020991,41.298717690209905,0.3838277195934727,38.382771959347274,0.0483508432883,4.83508432883,0.012667528305794267,1.2667528305794267,0.01266752830579427,0.015834410382242835,scenario,cyp_cystitis,3190.8407624496617
6.75,bladder,38.81145368359,0.967127733683,0.032872266317,0.40567192106319677,40.56719210631968,0.37612161513583875,37.61216151358388,0.04835638668415,4.835638668415,0.012322532486251607,1.2322532486251607,0.012322532486251607,0.015403165607814509,scenario,cyp_cystitis,3147.761923398361
6.833333333333,bladder,37.30372133199148,0.967269335033,0.032730664967,0.39813944435075915,39.81394443507592,0.36818523957800964,36.81852395780096,0.04836346675165001,4.836346675165001,0.011972376070294157,1.1972376070294157,0.011972376070294156,0.014965470087867694,scenario,cyp_cystitis,3104.6830843470557
6.916666666667,bladder,35.810283697268886,0.967441385274,0.032558614726,0.3904194418856357,39.04194418856357,0.36004986591782706,36.0049865917827,0.0483720692637,4.83720692637,0.01161911979714891,1.161911979714891,0.01161911979714891,0.014523899746436138,scenario,cyp_cystitis,3061.6042452952343
7.0,bladder,34.33761279799859,0.967640627591,0.032359372409,0.38254223654712655,38.25422365471265,0.3517475843869227,35.17475843869227,0.04838203137955,4.838203137955,0.011264764802596233,1.1264764802596232,0.011264764802596233,0.014080956003245292,scenario,cyp_cystitis,3018.5254062439303
7.083333333333,bladder,32.89166808858644,0.967865665888,0.032134334112,0.3745405896650864,37.45405896650864,0.34331295407440676,34.33129540744068,0.04839328329440001,4.839328329440001,0.01091123684943992,1.091123684943992,0.010911236849439922,0.013639046061799904,scenario,cyp_cystitis,2975.4465671926255
7.166666666667,bladder,31.477867910531376,0.968115544685,0.031884455315,0.36644885233539126,36.64488523353913,0.3347821843169908,33.478218431699084,0.048405777234250005,4.8405777234250005,0.010560372126866564,1.0560372126866564,0.010560372126866564,0.013200465158583205,scenario,cyp_cystitis,2932.3677281408045
7.25,bladder,30.101069154732745,0.9683893085,0.0316106915,0.3583024974480429,35.83024974480429,0.32619266528741353,32.619266528741356,0.048419465425,4.841946542500001,0.010213904752618887,1.0213904752618888,0.010213904752618887,0.012767380940773608,scenario,cyp_cystitis,2889.2888890895
7.333333333333,bladder,28.765554942575232,0.968686001853,0.031313998147,0.35013778554392266,35.01377855439227,0.3175826162644976,31.75826162644976,0.048434300092650005,4.843430009265001,0.00987345607883396,0.987345607883396,0.00987345607883396,0.012341820098542448,scenario,cyp_cystitis,2846.210050038197
7.416666666667,bladder,27.47503000998276,0.969004663921,0.030995336079,0.341991386787132,34.1991386787132,0.3089906879906126,30.899068799061258,0.048450233196050005,4.8450233196050005,0.009540525868725107,0.9540525868725107,0.009540525868725109,0.011925657335906385,scenario,cyp_cystitis,2803.1312109863757
7.5,bladder,26.23262336791749,0.969342939139,0.030657060861,0.33389949214493375,33.38994921449338,0.30045510019787763,30.045510019787763,0.04846714695695001,4.846714695695001,0.009216485377430882,0.9216485377430882,0.009216485377430882,0.011520606721788602,scenario,cyp_cystitis,2760.0523719350726
7.583333333333,bladder,25.040897717868443,0.969698304959,0.030301695041,0.32589784932563653,32.58978493256365,0.29201361481861743,29.201361481861742,0.048484915247950004,4.8484915247950005,0.008902572337406201,0.8902572337406202,0.0089025723374062,0.011128215421757749,scenario,cyp_cystitis,2716.973532883769
7.666666666667,bladder,23.901865022655258,0.970069112873,0.029930887127,0.3180216606838007,31.80216606838007,0.2837033737264745,28.370337372647448,0.04850345564365,4.850345564365,0.008599887817368293,0.8599887817368294,0.008599887817368292,0.010749859771710365,scenario,cyp_cystitis,2673.8946938319496
7.75,bladder,22.81700757075368,0.970453714372,0.029546285628,0.3103048161050192,31.03048161050192,0.2755601372488623,27.55601372488623,0.0485226857186,4.85226857186,0.008309394894354161,0.8309394894354162,0.008309394894354161,0.0103867436179427,scenario,cyp_cystitis,2630.8158547806443
7.833333333333,bladder,21.78730382779719,0.970850460948,0.029149539052,0.30277945385920046,30.277945385920045,0.2676178219071584,26.761782190715838,0.048542523047400005,4.85425230474,0.008031919051793337,0.8031919051793337,0.008031919051793337,0.010039898814741672,scenario,cyp_cystitis,2587.7370157293403
7.916666666667,bladder,20.81325834149058,0.971257704091,0.028742295909,0.29547554684400057,29.54755468440006,0.2599080648836322,25.990806488363223,0.04856288520455,4.856288520455,0.0077681501930861405,0.7768150193086141,0.007768150193086139,0.009710187741357673,scenario,cyp_cystitis,2544.6581766775194
8.0,bladder,19.894934954180734,0.971674018958,0.028325981042,0.2884205933593745,28.84205933593745,0.2524598867489205,25.24598867489205,0.0485837009479,4.858370094790001,0.007518646140083748,0.7518646140083748,0.007518646140083748,0.009398307675104686,scenario,cyp_cystitis,2501.579337626216
8.083333333333,bladder,19.031992580948042,0.972098711312,0.027901288688,0.28127437680882766,28.127437680882768,0.2449152013086607,24.49152013086607,0.0486049355656,4.86049355656,0.007246914508097502,0.7246914508097502,0.007246914508097503,0.009058643135121879,scenario,cyp_cystitis,2476.2508166629086
8.166666666667,bladder,18.22372282885462,0.972530484535,0.027469515465,0.2744345449289029,27.44345449289029,0.23769265337068726,23.769265337068727,0.048626524226750005,4.8626524226750005,0.006991871870076377,0.6991871870076377,0.006991871870076377,0.008739839837595471,scenario,cyp_cystitis,2450.9222956992976
8.25,bladder,17.469088762520904,0.972967970369,0.027032029631,0.2679189494810133,26.79189494810133,0.2308111062763824,23.08111062763824,0.04864839851845,4.864839851845,0.006753519563149821,0.6753519563149821,0.006753519563149821,0.008441899453937276,scenario,cyp_cystitis,2425.5937747359912
8.333333333333,bladder,16.766764161833343,0.97340980055,0.02659019945,0.2617417915049342,26.17417915049342,0.2242855805025623,22.428558050256232,0.048670490027500006,4.867049002750001,0.0065317445155176875,0.6531744515517688,0.006531744515517688,0.008164680644397111,scenario,cyp_cystitis,2400.265253772683
8.416666666667,bladder,16.115172667342524,0.973854606817,0.026145393183,0.2559135833546827,25.59135833546827,0.2181272136987713,21.81272136987713,0.048692730340850005,4.869273034085,0.006326330055504626,0.6326330055504625,0.006326330055504627,0.007907912569380783,scenario,cyp_cystitis,2374.936732809073
8.5,bladder,15.512526265224263,0.97430102091,0.02569897909,0.2504411871471321,25.04411871471321,0.21234330115961272,21.23433011596127,0.0487150510455,4.87150510455,0.006136967043192345,0.6136967043192345,0.006136967043192345,0.007671208803990431,scenario,cyp_cystitis,2349.6082118457653
8.583333333333,bladder,14.9568626255395,0.974747674566,0.025252325434,0.24532792485470128,24.53279248547013,0.20693741171200136,20.693741171200138,0.0487373837283,4.87373837283,0.005963265136353452,0.5963265136353452,0.005963265136353452,0.007454081420441815,scenario,cyp_cystitis,2324.279690882458
8.666666666667,bladder,14.446080872967363,0.975193167384,0.024806832616,0.24057374493695527,24.057374493695526,0.20190956480816344,20.190956480816343,0.0487596583692,4.87596583692,0.005804764016514019,0.5804764016514019,0.005804764016514018,0.007255955020642522,scenario,cyp_cystitis,2298.951169918847
8.75,bladder,13.977975435911386,0.97563608402,0.02436391598,0.2361754571907426,23.617545719074258,0.197256476831308,19.725647683130802,0.048781804201000006,4.8781804201000005,0.0056609444171738564,0.5660944417173857,0.0056609444171738564,0.00707618052146732,scenario,cyp_cystitis,2273.622648955541
8.833333333333,bladder,13.550267686983485,0.976075039664,0.023924960336,0.2321270187004897,23.21270187004897,0.19297185970241024,19.297185970241024,0.0488037519832,4.88037519832,0.005531238814156733,0.5531238814156734,0.005531238814156733,0.006914048517695916,scenario,cyp_cystitis,2248.2941279922325
8.916666666667,bladder,13.160635153762957,0.976508649536,0.023491350464,0.2284198347494153,22.84198347494153,0.1890467392343319,18.90467392343319,0.048825432476800004,4.88254324768,0.005415041657131271,0.5415041657131271,0.005415041657131271,0.006768802071414089,scenario,cyp_cystitis,2222.9656070286223
9.0,bladder,12.806738141706688,0.976935528858,0.023064471142,0.22504309018123628,22.504309018123628,0.18546980393509083,18.54698039350908,0.0488467764429,4.88467764429,0.005311719040863385,0.5311719040863385,0.005311719040863385,0.006639648801079231,scenario,cyp_cystitis,2197.637086065315
9.083333333333,bladder,12.486243670618698,0.977354292851,0.022645707149,0.2219840924942384,22.19840924942384,0.182227766159672,18.222776615967202,0.04886771464255,4.886771464255,0.005220617734402259,0.5220617734402259,0.005220617734402259,0.0065257721680028235,scenario,cyp_cystitis,2172.308565102009
9.166666666667,bladder,12.196846681169273,0.977763556737,0.022236443263,0.2192286165760411,21.92286165760411,0.17930572498862218,17.93057249886222,0.048888177836850004,4.888817783685,0.005141073505669961,0.5141073505669961,0.00514107350566996,0.00642634188208745,scenario,cyp_cystitis,2146.9800441383964
9.25,bladder,11.936288517583218,0.978162067453,0.021837932547,0.21676127130938647,21.676127130938646,0.1766875451965647,17.66875451965647,0.04890810337265,4.890810337265,0.005072418697331445,0.5072418697331444,0.005072418697331445,0.006340523371664306,scenario,cyp_cystitis,2121.651523175091
9.333333333333,bladder,11.702372736730853,0.978550628291,0.021449371709,0.21456624255252496,21.456624255252496,0.17435653803997364,17.435653803997365,0.04892753141455,4.8927531414550005,0.005013989027165316,0.5013989027165316,0.005013989027165316,0.006267486283956645,scenario,cyp_cystitis,2096.3230022117828
9.416666666667,bladder,11.492978332054987,0.978929174262,0.021070825738,0.21262693846575484,21.262693846575484,0.17229524184489983,17.229524184489982,0.0489464587131,4.89464587131,0.00496512960213194,0.496512960213194,0.004965129602131939,0.006206412002664924,scenario,cyp_cystitis,2070.994481248172
9.5,bladder,11.306070492695913,0.979297028983,0.020702971017,0.21092633392437435,21.092633392437435,0.17048577102655196,17.048577102655198,0.04896485144915,4.896485144915,0.004925200149684473,0.49252001496844733,0.004925200149684473,0.006156500187105592,scenario,cyp_cystitis,2045.6659602848654
9.583333333333,bladder,11.139709044181245,0.97965351607,0.02034648393,0.2094473556712135,20.94473556712135,0.16891018933443527,16.891018933443526,0.0489826758035,4.89826758035,0.004893579482541158,0.4893579482541158,0.0048935794825411575,0.006116974353176447,scenario,cyp_cystitis,2020.337439321559
9.666666666667,bladder,10.99205473721796,0.979997959142,0.020002040858,0.20817309948034932,20.817309948034932,0.1675507384455256,16.75507384455256,0.048999897957100004,4.899989795710001,0.00486966922402467,0.48696692240246703,0.00486966922402467,0.006087086530030838,scenario,cyp_cystitis,1995.0089183579476
9.75,bladder,10.861373565581756,0.980329681814,0.019670318186,0.20708701578898908,20.708701578898907,0.1663900333666201,16.639003336662007,0.0490164840907,4.90164840907,0.004852896830117826,0.4852896830117826,0.004852896830117827,0.006066121037647284,scenario,cyp_cystitis,1969.6803973946394
9.833333333333,bladder,10.746039303453825,0.980648007705,0.019351992295,0.20617306419229428,20.61730641922943,0.16541122506004663,16.541122506004662,0.04903240038525,4.903240038525,0.004842717951665129,0.4842717951665129,0.004842717951665129,0.0060533974395814115,scenario,cyp_cystitis,1944.3518764313324
9.916666666667,bladder,10.644534457199693,0.980952767904,0.019047232096,0.2054159442723577,20.541594427235772,0.1645982167127976,16.45982167127976,0.0490476383952,4.90476383952,0.004838618185704505,0.4838618185704505,0.004838618185704505,0.006048272732130631,scenario,cyp_cystitis,1919.0233554677216
10.0,bladder,10.555449826912115,0.981245323262,0.018754676738,0.2048014036944024,20.48014036944024,0.16393593424347622,16.39359342434762,0.0490622661631,4.90622661631,0.004840114268828898,0.4840114268828898,0.004840114268828898,0.006050142836036122,scenario,cyp_cystitis,1893.6948345044148
10.083333333333,bladder,10.477482869751306,0.9815257354,0.0184742646,0.2043157164430838,20.43157164430838,0.16340992597166717,16.340992597166718,0.049076286770000005,4.907628677000001,0.004846754767908057,0.48467547679080564,0.004846754767908056,0.006058443459885069,scenario,cyp_cystitis,1868.3663135411077
10.166666666667,bladder,10.40943505071845,0.981793927274,0.018206072726,0.2039459765968148,20.39459765968148,0.16300661077169978,16.300661077169977,0.0490896963637,4.90896963637,0.004858120324570111,0.4858120324570111,0.00485812032457011,0.006072650405712638,scenario,cyp_cystitis,1843.0377925774978
10.25,bladder,10.350208357468121,0.982049821838,0.017950178162,0.20368015482040336,20.368015482040335,0.16271333024052984,16.271333024052982,0.04910249109190001,4.9102491091900005,0.004873823509712018,0.48738235097120175,0.004873823509712018,0.006092279387140022,scenario,cyp_cystitis,1817.7092716141906
10.333333333333,bladder,10.298801144750488,0.982293342048,0.017706657952,0.20350710792641874,20.350710792641873,0.162518358762125,16.2518358762125,0.049114667102400006,4.911466710240001,0.004893508343151445,0.48935083431514453,0.004893508343151444,0.006116885428939305,scenario,cyp_cystitis,1792.3807506508836
10.416666666667,bladder,10.25430346155047,0.982524410858,0.017475589142,0.20341657340075506,20.341657340075507,0.16241089774511058,16.241089774511057,0.0491262205429,4.91262205429,0.004916849531499647,0.49168495314996474,0.004916849531499646,0.006146061914374558,scenario,cyp_cystitis,1767.052229687272
10.5,bladder,10.215892000381654,0.982742951224,0.017257048776,0.20339915151335333,20.339915151335333,0.16238105679174036,16.238105679174037,0.0491371475612,4.91371475612,0.0049435514746061495,0.49435514746061493,0.0049435514746061495,0.006179439343257687,scenario,cyp_cystitis,1741.723708723965
10.583333333333,bladder,10.182824794002768,0.982949724346,0.017050275654,0.2034464509458468,20.344645094584678,0.16241996287215452,16.24199628721545,0.0491474862173,4.91474862173,0.004973347087651224,0.4973347087651224,0.004973347087651224,0.00621668385956403,scenario,cyp_cystitis,1716.3951877606576
10.666666666667,bladder,10.154435770411734,0.983145588425,0.016854411575,0.20355089997672482,20.355089997672483,0.16251960058471035,16.251960058471035,0.049157279421250005,4.915727942125001,0.005005996482275209,0.5005996482275209,0.005005996482275208,0.00625749560284401,scenario,cyp_cystitis,1691.066666797046
10.75,bladder,10.13012926263627,0.983330543616,0.016669456384,0.20370550775968152,20.37055077596815,0.16267261113566475,16.267261113566477,0.0491665271808,4.91665271808,0.005041285546197109,0.5041285546197108,0.005041285546197109,0.006301606932746386,scenario,cyp_cystitis,1665.73814583374
10.833333333333,bladder,10.109374555909222,0.983504589919,0.016495410081,0.20390399647490254,20.390399647490256,0.16287238629363426,16.287238629363426,0.049175229495950004,4.917522949595001,0.005079024456690237,0.5079024456690238,0.0050790244566902365,0.0063487805708627955,scenario,cyp_cystitis,1640.4096248704325
10.916666666667,bladder,10.091700541503593,0.983667727336,0.016332272664,0.2041407534155894,20.41407534155894,0.16311301794609412,16.311301794609413,0.0491833863668,4.918338636680001,0.005119046159146121,0.5119046159146121,0.005119046159146121,0.006398807698932652,scenario,cyp_cystitis,1615.0811039068212
11.0,bladder,10.076690533966223,0.983819955865,0.016180044135,0.20441078184053482,20.44107818405348,0.16338924636556296,16.338924636556296,0.04919099779325001,4.919099779325001,0.005161204837896532,0.5161204837896531,0.0051612048378965325,0.006451506047370666,scenario,cyp_cystitis,1589.7525829435144
11.083333333333,bladder,10.063977296895043,0.983961275507,0.016038724493,0.20470965169673389,20.470965169673388,0.16369640833829885,16.369640833829884,0.04919806377535,4.919806377535,0.005205374402523952,0.5205374402523952,0.005205374402523953,0.0065067180031549415,scenario,cyp_cystitis,1564.4240619802079
11.166666666667,bladder,10.053238311833356,0.984091686262,0.015908313738,0.20503345107537305,20.503345107537303,0.16403038606555057,16.403038606555057,0.04920458431310001,4.920458431310001,0.005251447009126559,0.5251447009126559,0.005251447009126559,0.006564308761408199,scenario,cyp_cystitis,1539.095541016597
11.25,bladder,10.044191315346753,0.984211188129,0.015788811871,0.20537873909267737,20.537873909267738,0.16438755756444987,16.438755756444987,0.04921055940645,4.921055940645,0.0052993316325045964,0.5299331632504597,0.0052993316325045964,0.006624164540630745,scenario,cyp_cystitis,1513.767020053289
11.333333333333,bladder,10.036590120944052,0.984320530298,0.015679469702,0.20574265731930388,20.57426573193039,0.16476487453095146,16.476487453095146,0.04921602651490001,4.921602651490001,0.005348952701998198,0.5348952701998198,0.005348952701998198,0.006686190877497748,scenario,cyp_cystitis,1488.4384990899828
11.416666666667,bladder,10.030220735187955,0.98442115217,0.01557884783,0.20612287597172396,20.612287597172397,0.16515980880339365,16.515980880339363,0.049221057608500006,4.922105760850001,0.005400248810749274,0.5400248810749274,0.005400248810749274,0.006750311013436592,scenario,cyp_cystitis,1463.1099781263708
11.5,bladder,10.024897771075164,0.984513089478,0.015486910522,0.2065171159054807,20.651711590548068,0.16556995940166389,16.556995940166388,0.0492256544739,4.92256544739,0.005453171505541323,0.5453171505541323,0.005453171505541323,0.006816464381926654,scenario,cyp_cystitis,1437.781457163065
11.583333333333,bladder,10.020461156511425,0.984596342222,0.015403657778,0.20692339607382937,20.692339607382937,0.16599324101339935,16.599324101339935,0.0492298171111,4.92298171111,0.005507684162052449,0.550768416205245,0.005507684162052449,0.006884605202565562,scenario,cyp_cystitis,1412.452936199757
11.666666666667,bladder,10.016773131395112,0.984670910402,0.015329089598,0.20734000635939748,20.734000635939747,0.16642785351505,16.642785351504997,0.04923354552010001,4.923354552010001,0.005563760948328005,0.5563760948328005,0.005563760948328006,0.006954701185410007,scenario,cyp_cystitis,1387.1244152361462
11.75,bladder,10.01371552337467,0.984736794019,0.015263205981,0.20776547582383983,20.776547582383984,0.16687224855041036,16.687224855041034,0.049236839700950004,4.923683970095,0.005621385877583169,0.5621385877583169,0.005621385877583168,0.00702673234697896,scenario,cyp_cystitis,1361.7958942728392
11.833333333333,bladder,10.01118728968604,0.984793993071,0.015206006929,0.20819854378484443,20.819854378484443,0.1673250990855731,16.73250990855731,0.049239699653550004,4.923969965355,0.005680551950018252,0.5680551950018252,0.005680551950018251,0.007100689937522814,scenario,cyp_cystitis,1336.4673733095321
11.916666666667,bladder,10.009102310518342,0.98484250756,0.01515749244,0.20863813363459943,20.863813363459943,0.16778527184905204,16.778527184905204,0.049242125378000004,4.924212537800001,0.0057412603821477845,0.5741260382147785,0.0057412603821477845,0.0071765754776847305,scenario,cyp_cystitis,1311.1388523459207
12.0,bladder,10.007387418011602,0.984882337485,0.015117662515,0.20908332927278656,20.908332927278657,0.1682518025247753,16.82518025247753,0.04924411687425,4.924411687425001,0.005803519921243015,0.5803519921243016,0.005803519921243015,0.007254399901553769,scenario,cyp_cystitis,1285.810331382614
12.083333333333,bladder,10.005980644179056,0.984914766443,0.015085233557,0.2091941971107715,20.91941971107715,0.16836679872486474,16.836679872486474,0.049245738322150005,4.924573832215001,0.0058197589575049785,0.5819758957504978,0.005819758957504979,0.007274698696881224,scenario,cyp_cystitis,1279.0745163922802
12.166666666667,bladder,10.004829670686105,0.984944137207,0.015055862793,0.2093079789527547,20.930797895275468,0.16848502325516285,16.848502325516286,0.04924720686035,4.924720686035,0.005836242080529805,0.5836242080529805,0.005836242080529805,0.007295302600662256,scenario,cyp_cystitis,1272.3387014018647
12.25,bladder,10.003890463430777,0.984970805613,0.015029194387,0.2094241724151338,20.942417241513382,0.16860592856261453,16.86059285626145,0.049248540280650004,4.924854028065,0.0058529458356256035,0.5852945835625604,0.005852945835625604,0.007316182294532006,scenario,cyp_cystitis,1265.60288641153
12.333333333333,bladder,10.003126075188744,0.98499477166,0.01500522834,0.20954229201265195,20.954229201265196,0.16872900361015997,16.872900361015997,0.049249738583000004,4.9249738583000005,0.005869850625653768,0.5869850625653767,0.005869850625653769,0.0073373132820672106,scenario,cyp_cystitis,1258.8670714211962
12.416666666667,bladder,10.00250560014431,0.985016035349,0.014983964651,0.20966193116453902,20.9661931164539,0.16885382041798844,16.885382041798845,0.04925080176745,4.925080176745,0.005886940156422215,0.5886940156422215,0.005886940156422215,0.007358675195527769,scenario,cyp_cystitis,1252.1312564307805
12.5,bladder,10.002003264869648,0.985034603175,0.014965396825,0.20978275178548522,20.97827517854852,0.16898002276498444,16.898002276498445,0.04925173015875001,4.925173015875001,0.005904200952262357,0.5904200952262356,0.005904200952262357,0.007380251190327946,scenario,cyp_cystitis,1245.3954414404457
12.583333333333,bladder,10.001597641188722,0.985050780783,0.014949219217,0.20990453642346307,20.990453642346306,0.169107365667698,16.9107365667698,0.04925253903915,4.925253903915,0.005921621934687505,0.5921621934687504,0.005921621934687505,0.00740202741835938,scenario,cyp_cystitis,1238.6596264501122
12.666666666667,bladder,10.001270967325809,0.985064735462,0.014935264538,0.21002708632503714,21.002708632503715,0.16923563110730225,16.923563110730225,0.049253236773100006,4.925323677310001,0.00593919405742196,0.5939194057421959,0.005939194057421959,0.007423992571777448,scenario,cyp_cystitis,1231.923811459697
12.75,bladder,10.001008564753828,0.985076467213,0.014923532787,0.2101502075810741,21.01502075810741,0.16936461496886748,16.93646149688675,0.049253823360650005,4.925382336065001,0.005956909991534971,0.5956909991534971,0.00595690999153497,0.007446137489418712,scenario,cyp_cystitis,1225.1879964693624
12.833333333333,bladder,10.00079833919489,0.985085976034,0.014914023966,0.21027374022011672,21.02737402201167,0.16949414886149128,16.94941488614913,0.04925429880170001,4.92542988017,0.005974763854878499,0.5974763854878499,0.005974763854878498,0.007468454818598123,scenario,cyp_cystitis,1218.452181479028
12.916666666667,bladder,10.000630355258853,0.985093261927,0.014906738073,0.2103975526506116,21.03975526506116,0.16962409426764383,16.96240942676438,0.04925466309635,4.925466309635,0.005992750980496919,0.5992750980496919,0.005992750980496919,0.007490938725621148,scenario,cyp_cystitis,1211.7163664886125
13.0,bladder,10.000496475215293,0.985098398383,0.014901601617,0.21052155263840294,21.052155263840294,0.16975435023079258,16.975435023079257,0.04925491991915,4.925491991915,0.006010867719156627,0.6010867719156627,0.006010867719156626,0.007513584648945783,scenario,cyp_cystitis,1204.9805514982777
13.083333333333,bladder,10.000390053365116,0.985101618158,0.014898381842,0.21064570169068425,21.064570169068425,0.16988486398187816,16.988486398187817,0.049255080907900005,4.92550809079,0.006029111271607486,0.6029111271607486,0.006029111271607486,0.0075363890895093575,scenario,cyp_cystitis,1198.2447365079433
13.166666666667,bladder,10.000305678398318,0.985102938424,0.014897061576,0.21076993157611712,21.07699315761171,0.1700155627946496,17.00155627946496,0.049255146921200005,4.92551469212,0.006047479546628391,0.604747954662839,0.00604747954662839,0.007559349433285487,scenario,cyp_cystitis,1191.508921517529
13.25,bladder,10.00023895698661,0.985102359181,0.014897640819,0.2108941838254644,21.08941838254644,0.1701463851225415,17.014638512254148,0.04925511795905,4.925511795905,0.006065971041338637,0.6065971041338637,0.006065971041338638,0.007582463801673297,scenario,cyp_cystitis,1184.7731065271946
13.333333333333,bladder,10.000186332658604,0.985099880429,0.014900119571,0.21101841101887142,21.101841101887143,0.1702772810499173,17.02772810499173,0.049254994021450005,4.925499402145,0.0060845847406538825,0.6084584740653882,0.0060845847406538825,0.007605730925817353,scenario,cyp_cystitis,1178.0372915368596
13.416666666667,bladder,10.000144934738731,0.985095509401,0.014904490599,0.21114257634898273,21.114257634898273,0.17040821145150814,17.040821145150815,0.04925477547005,4.925477547005,0.006103320033127764,0.6103320033127764,0.006103320033127765,0.007629150041409707,scenario,cyp_cystitis,1171.3014765464445
13.5,bladder,10.000112452798351,0.985089524773,0.014910475227,0.211266708636065,21.1266708636065,0.17053919199727896,17.053919199727897,0.04925447623865001,4.925447623865001,0.006122176640764487,0.6122176640764486,0.006122176640764487,0.007652720800955608,scenario,cyp_cystitis,1164.5656615561106
13.583333333333,bladder,10.000087032669825,0.985082069417,0.014917930583,0.21139081373876767,21.139081373876767,0.1706702213346502,17.06702213346502,0.049254103470850005,4.925410347085,0.006141154560695548,0.6141154560695549,0.0061411545606955475,0.007676443200869435,scenario,cyp_cystitis,1157.8298465657756
13.666666666667,bladder,10.000067190613882,0.985073143331,0.014926856669,0.21151487181772463,21.151487181772463,0.17080127858018382,17.080127858018383,0.04925365716655,4.9253657166550004,0.006160254016886037,0.6160254016886038,0.006160254016886036,0.007700317521107546,scenario,cyp_cystitis,1151.094031575361
13.75,bladder,10.000051742710555,0.985062746517,0.014937253483,0.21163886700914142,21.16388670091414,0.1709323470350436,17.093234703504358,0.04925313732585,4.925313732585,0.00617947542029111,0.6179475420291111,0.006179475420291111,0.007724344275363889,scenario,cyp_cystitis,1144.3582165850262
13.833333333333,bladder,10.000039746968076,0.985050878974,0.014949121026,0.21176278665824055,21.176278665824057,0.17106341337846373,17.106341337846374,0.0492525439487,4.9252543948700005,0.006198819336105287,0.6198819336105287,0.006198819336105288,0.00774852417013161,scenario,cyp_cystitis,1137.6224015946918
13.916666666667,bladder,10.000030456016578,0.985037540701,0.014962459299,0.21188662069419167,21.188662069419166,0.1711944670096228,17.11944670096228,0.049251877035050004,4.925187703505,0.006218286456937256,0.6218286456937256,0.006218286456937257,0.007772858071171571,scenario,cyp_cystitis,1130.886586604276
14.0,bladder,10.00002327857858,0.9850227317,0.0149772683,0.21201036112070437,21.201036112070437,0.17132549951126777,17.132549951126776,0.049251136585,4.9251136585,0.0062378775809212835,0.6237877580921284,0.0062378775809212835,0.007797346976151604,scenario,cyp_cystitis,1124.1507716139422
14.083333333333,bladder,10.000017748190436,0.98500645197,0.01499354803,0.21213400160034349,21.21340016003435,0.17145650421246683,17.145650421246682,0.049250322598500006,4.925032259850001,0.0062575935939272334,0.6257593593927233,0.006257593593927232,0.007821991992409039,scenario,cyp_cystitis,1117.4149566236078
14.166666666667,bladder,10.000013497892517,0.984988701511,0.015011298489,0.21225753711978457,21.225753711978456,0.17158747583603637,17.15874758360364,0.049249435075550005,4.9249435075550005,0.006277435455155361,0.6277435455155361,0.00627743545515536,0.0078467943189442,scenario,cyp_cystitis,1110.6791416331926
14.25,bladder,10.000010239815106,0.984969480323,0.015030519677,0.21238096371869067,21.238096371869066,0.1717184102132007,17.17184102132007,0.049248474016150005,4.924847401615001,0.006297404185521539,0.6297404185521539,0.0062974041855215395,0.007871755231901924,scenario,cyp_cystitis,1103.9433266428587
14.333333333333,bladder,10.000007748765679,0.984948797817,0.015051202183,0.2125042803021819,21.250428030218192,0.17184930569613885,17.184930569613886,0.04924743989085,4.924743989085,0.006317500858335583,0.6317500858335583,0.006317500858335583,0.00789687607291948,scenario,cyp_cystitis,1097.2075116525236
14.416666666667,bladder,10.000005849075201,0.984926957004,0.015073042996,0.21262754982327037,21.26275498232704,0.17198021260323199,17.1980212603232,0.049246347850200003,4.92463478502,0.006337726591851859,0.6337726591851859,0.0063377265918518584,0.007922158239814823,scenario,cyp_cystitis,1090.471696662109
14.5,bladder,10.000004404089598,0.984904103445,0.015095896555,0.21275080190207726,21.275080190207728,0.17211115445244976,17.211115445244975,0.049245205172250006,4.924520517225001,0.006358082543348434,0.6358082543348434,0.006358082543348433,0.007947603179185542,scenario,cyp_cystitis,1083.7358816717742
14.583333333333,bladder,10.000003307800819,0.984880237139,0.015119762861,0.2128740351819356,21.28740351819356,0.17224212981577433,17.224212981577434,0.04924401185695,4.924401185695,0.006378569904450716,0.6378569904450716,0.0063785699044507154,0.007973212380563394,scenario,cyp_cystitis,1077.0000666814396
14.666666666667,bladder,10.00000247820266,0.984855358086,0.015144641914,0.21299724862743058,21.29972486274306,0.17237313760329537,17.23731376032954,0.0492427679043,4.92427679043,0.0063991898974595065,0.6399189897459506,0.006399189897459507,0.007998987371824385,scenario,cyp_cystitis,1070.2642516910246
14.75,bladder,10.000001852032275,0.984829466287,0.015170533713,0.21312044145428247,21.312044145428246,0.1725041769894026,17.25041769894026,0.04924147331435,4.924147331435,0.006419943772491904,0.6419943772491904,0.006419943772491905,0.00802492971561488,scenario,cyp_cystitis,1063.5284367006905
14.833333333333,bladder,10.000001380621228,0.984802561741,0.015197438259,0.2132436130733462,21.32436130733462,0.172635247353996,17.2635247353996,0.04924012808705,4.924012808705,0.006440832805279124,0.6440832805279124,0.0064408328052791225,0.008051041006598904,scenario,cyp_cystitis,1056.7926217103561
14.916666666667,bladder,10.000001026632022,0.984774644448,0.015225355552,0.21336676304767757,21.336676304767757,0.1727663482371343,17.27663482371343,0.0492387322224,4.92387322224,0.006461858295487695,0.6461858295487695,0.006461858295487696,0.00807732286935962,scenario,cyp_cystitis,1050.0568067199406
15.0,bladder,10.000000761498987,0.984745714409,0.015254285591,0.21348989105833183,21.348989105833184,0.1728974793030335,17.28974793030335,0.049237285720450004,4.923728572045,0.0064830215654615945,0.6483021565461594,0.006483021565461594,0.008103776956826993,scenario,cyp_cystitis,1043.320991729606
15.083333333333,bladder,10.0000005634276,0.984715771622,0.015284228378,0.21361299687675098,21.361299687675096,0.17302864031121157,17.302864031121157,0.049235788581100004,4.92357885811,0.006504323959302948,0.6504323959302948,0.006504323959302948,0.008130404949128684,scenario,cyp_cystitis,1036.5851767392714
15.166666666667,bladder,10.000000415835123,0.98468481609,0.01531518391,0.2137360803456258,21.37360803456258,0.1731598310959219,17.31598310959219,0.04923424080450001,4.923424080450001,0.0065257668422184925,0.6525766842218492,0.0065257668422184925,0.008157208552773116,scenario,cyp_cystitis,1029.8493617488566
15.25,bladder,10.000000306138876,0.984652854333,0.015347145667,0.21385914277702364,21.385914277702366,0.17329105269513015,17.329105269513015,0.04923264271665,4.923264271665,0.00654735160007933,0.654735160007933,0.006547351600079329,0.008184189500099161,scenario,cyp_cystitis,1023.1135467585226
15.333333333333,bladder,10.000000224817473,0.984620064749,0.015379935251,0.21398222288114957,21.398222288114958,0.17342233646705218,17.342233646705218,0.04923100323745,4.923100323745,0.006569079639152449,0.6569079639152449,0.00656907963915245,0.008211349548940563,scenario,cyp_cystitis,1016.3777317681884
15.416666666667,bladder,10.000000164685705,0.984586527657,0.015413472343,0.21410533816638444,21.410533816638445,0.17355369661424677,17.355369661424678,0.049229326382850006,4.922932638285,0.006590952385964552,0.6590952385964551,0.006590952385964552,0.00823869048245569,scenario,cyp_cystitis,1009.6419167777723
15.5,bladder,10.000000120336122,0.984552243057,0.015447756943,0.2142284887315014,21.42284887315014,0.1736851332406857,17.368513324068573,0.04922761215285,4.922761215285,0.006612971287272635,0.6612971287272635,0.006612971287272635,0.008266214109090793,scenario,cyp_cystitis,1002.9061017874379
15.583333333333,bladder,10.000000087710257,0.98451721095,0.01548278905,0.21435167469421046,21.435167469421046,0.17381664647022155,17.381664647022156,0.0492258605475,4.92258605475,0.006635137810121941,0.663513781012194,0.006635137810121941,0.008293922262652426,scenario,cyp_cystitis,996.1702867971038
15.666666666667,bladder,10.000000063770381,0.984481431334,0.015518568666,0.21447489618587334,21.447489618587333,0.1739482364412351,17.394823644123512,0.0492240715667,4.92240715667,0.006657453441969151,0.6657453441969151,0.006657453441969152,0.00832181680246144,scenario,cyp_cystitis,989.434471806689
15.75,bladder,10.000000046248953,0.984444904211,0.015555095789,0.2145981533496544,21.45981533496544,0.17407990330432044,17.407990330432042,0.04922224521055,4.922224521055,0.006679919690859655,0.6679919690859656,0.006679919690859656,0.00834989961357457,scenario,cyp_cystitis,982.6986568163544
15.833333333333,bladder,10.00000003345793,0.984407629579,0.015592370421,0.2147214463362238,21.47214463362238,0.17421164721818297,17.421164721818297,0.04922038147895,4.922038147895,0.006702538085650736,0.6702538085650735,0.006702538085650736,0.00837817260706342,scenario,cyp_cystitis,975.9628418260198
15.916666666667,bladder,10.000000024144072,0.98436960744,0.01563039256,0.21484477530354895,21.484477530354894,0.17434346834899891,17.43434683489989,0.049218480372,4.9218480372,0.0067253101762676055,0.6725310176267606,0.006725310176267606,0.008406637720334509,scenario,cyp_cystitis,969.2270268356044
16.0,bladder,10.000000017379456,0.984330837793,0.015669162207,0.2149681404138905,21.49681404138905,0.1744753668676216,17.44753668676216,0.04921654188965,4.921654188965,0.006748237533988277,0.6748237533988277,0.006748237533988276,0.008435296917485345,scenario,cyp_cystitis,962.49121184527
16.083333333333,bladder,10.000000012478896,0.984291320638,0.015708679362,0.21509154183357213,21.50915418335721,0.17460734294912855,17.460734294912854,0.0492145660319,4.92145660319,0.006771321751754867,0.6771321751754867,0.006771321751754867,0.008464152189693583,scenario,cyp_cystitis,955.7553968549357
16.166666666667,bladder,10.000000008937795,0.984251059894,0.015748940106,0.21521498058884433,21.521498058884433,0.17473939746752035,17.473939746752034,0.0492125529947,4.92125529947,0.006794564444502629,0.6794564444502629,0.006794564444502629,0.008493205555628287,scenario,cyp_cystitis,949.0195818645211
16.25,bladder,10.000000006385557,0.984210147844,0.015789852156,0.21533847704388062,21.533847704388062,0.17487154700176907,17.48715470017691,0.0492105073922,4.92105073922,0.006817967249506306,0.6817967249506306,0.006817967249506306,0.008522459061882882,scenario,cyp_cystitis,942.2837668741863
16.333333333333,bladder,10.000000004550735,0.984168623433,0.015831376567,0.21546203993734434,21.546203993734434,0.17500379870073088,17.500379870073086,0.049208431171650004,4.920843117165,0.006841531826744177,0.6841531826744177,0.006841531826744178,0.008551914783430222,scenario,cyp_cystitis,935.5479518838515
16.416666666667,bladder,10.000000003235032,0.984126486662,0.015873513338,0.21558566949942326,21.558566949942325,0.17513615280665606,17.513615280665608,0.0492063243331,4.92063243331,0.006865259859273187,0.6865259859273187,0.006865259859273188,0.008581574824091484,scenario,cyp_cystitis,928.8121368934372
16.5,bladder,10.000000002293982,0.984083737529,0.015916262471,0.21570936596111834,21.570936596111835,0.17526860956280876,17.526860956280878,0.04920418687645001,4.920418687645,0.006889153053616476,0.6889153053616476,0.006889153053616475,0.008611441317020595,scenario,cyp_cystitis,922.0763219031027
16.583333333333,bladder,10.000000001622615,0.984040376037,0.015959623963,0.21583312955581396,21.583312955581395,0.17540116921469892,17.54011692146989,0.04920201880185,4.920201880185,0.006913213140165013,0.6913213140165013,0.006913213140165013,0.008641516425206266,scenario,cyp_cystitis,915.3405069127678
16.666666666667,bladder,10.000000001144867,0.983996402183,0.016003597817,0.2159569605167227,21.59569605167227,0.17553383200797126,17.553383200797125,0.04919982010915,4.919982010915,0.006937441873587688,0.6937441873587689,0.006937441873587687,0.00867180234198461,scenario,cyp_cystitis,908.6046919223533
16.75,bladder,10.000000000805766,0.983951815969,0.016048184031,0.2160808590791886,21.60808590791886,0.17566659819025113,17.566659819025112,0.04919759079845001,4.919759079845001,0.00696184103325198,0.696184103325198,0.006961841033251979,0.008702301291564974,scenario,cyp_cystitis,901.8688769320181
16.833333333333,bladder,10.000000000565688,0.983906617394,0.016093382606,0.21620482547886732,21.62048254788673,0.1757994680096498,17.57994680096498,0.0491953308697,4.9195330869700005,0.006986412423657545,0.6986412423657545,0.006986412423657545,0.008733015529571932,scenario,cyp_cystitis,895.1330619416842
16.916666666667,bladder,10.00000000039615,0.983860806459,0.016139193541,0.21632885995276493,21.632885995276492,0.1759324417155947,17.59324417155947,0.04919304032295,4.919304032295,0.007011157874877544,0.7011157874877544,0.007011157874877544,0.00876394734359693,scenario,cyp_cystitis,888.3972469512689
17.0,bladder,10.00000000027673,0.983814383163,0.016185616837,0.21645296273831538,21.645296273831537,0.17606551955806882,17.606551955806882,0.04919071915815,4.9190719158150005,0.007036079243010055,0.7036079243010055,0.0070360792430100546,0.008795099053762568,scenario,cyp_cystitis,881.6614319609344
17.083333333333,bladder,10.000000000192827,0.983767347506,0.016232652494,0.21657713407402177,21.657713407402177,0.1761987017881282,17.619870178812818,0.0491883673753,4.91883673753,0.00706117841064251,0.706117841064251,0.00706117841064251,0.008826473013303138,scenario,cyp_cystitis,874.9256169705998
17.166666666667,bladder,10.000000000134028,0.983719699488,0.016280300512,0.21670137419921282,21.670137419921282,0.17633198865769772,17.63319886576977,0.0491859849744,4.91859849744,0.00708645728732378,0.708645728732378,0.00708645728732378,0.008858071609154725,scenario,cyp_cystitis,868.1898019801852
17.25,bladder,10.000000000092925,0.98367143911,0.01632856089,0.21682568335424568,21.68256833542457,0.1764653804197323,17.64653804197323,0.0491835719555,4.9183571955500005,0.007111917810046793,0.7111917810046793,0.007111917810046793,0.008889897262558491,scenario,cyp_cystitis,861.4539869898504
17.333333333333,bladder,10.000000000064267,0.983622584879,0.016377415121,0.216950065862013,21.6950065862013,0.1765988806505926,17.65988806505926,0.04918112924395,4.918112924395,0.007137561943744521,0.713756194374452,0.00713756194374452,0.008921952429680649,scenario,cyp_cystitis,854.7181719995159
17.416666666667,bladder,10.000000000044336,0.983573196021,0.016426803979,0.2170745350430746,21.707453504307463,0.17673250025476275,17.673250025476275,0.049178659801050004,4.917865980105001,0.0071633916817942025,0.7163391681794202,0.0071633916817942025,0.008954239602242753,scenario,cyp_cystitis,847.9823570091007
17.5,bladder,10.000000000030509,0.983523276979,0.016476723021,0.21719909215330663,21.719909215330663,0.1768662403203754,17.68662403203754,0.04917616384895,4.917616384895,0.007189409046532618,0.7189409046532618,0.007189409046532618,0.008986761308165772,scenario,cyp_cystitis,841.2465420187661
17.583333333333,bladder,10.000000000020943,0.983472827755,0.016527172245,0.21732373747058886,21.732373747058887,0.1770001011398304,17.70001011398304,0.04917364138775,4.9173641387750004,0.007215616089785574,0.7215616089785574,0.007215616089785574,0.009019520112231968,scenario,cyp_cystitis,834.5107270284316
17.666666666667,bladder,10.00000000001434,0.983421848348,0.016578151652,0.21744847127304387,21.744847127304386,0.1771340830059409,17.71340830059409,0.0491710924174,4.91710924174,0.007242014893406219,0.7242014893406219,0.00724201489340622,0.009052518616757776,scenario,cyp_cystitis,827.7749120380173
17.75,bladder,10.000000000009795,0.983370338757,0.016629661243,0.21757329383969565,21.757329383969566,0.17726818621246912,17.726818621246913,0.04916851693785,4.916851693785,0.007268607569825309,0.7268607569825309,0.007268607569825309,0.009085759462281637,scenario,cyp_cystitis,821.039097047682
17.833333333333,bladder,10.000000000006672,0.983318298984,0.016681701016,0.2176982054511453,21.76982054511453,0.17740241105467927,17.740241105467927,0.0491659149492,4.9165914949200005,0.007295396262616456,0.7295396262616456,0.007295396262616456,0.00911924532827057,scenario,cyp_cystitis,814.3032820573477
17.916666666667,bladder,10.000000000004535,0.983265729028,0.016734270972,0.21782320638824182,21.78232063882418,0.17753675782825457,17.753675782825457,0.0491632864514,4.91632864514,0.0073223831470711825,0.7322383147071182,0.007322383147071183,0.00915297893383898,scenario,cyp_cystitis,807.567467066933
18.0,bladder,10.000000000003075,0.983212628888,0.016787371112,0.21794829693274279,21.794829693274277,0.17767122682983452,17.76712268298345,0.0491606314444,4.91606314444,0.007349570430786691,0.734957043078669,0.007349570430786692,0.009186963038483365,scenario,cyp_cystitis,800.8316520765983
18.083333333333,bladder,10.000000000002078,0.983158998566,0.016841001434,0.218073477367993,21.8073477367993,0.1778058183575716,17.780581835757157,0.0491579499283,4.9157949928299995,0.00737696035426978,0.737696035426978,0.00737696035426978,0.009221200442837226,scenario,cyp_cystitis,794.0958370862636
18.166666666667,bladder,10.000000000001402,0.983104838061,0.016895161939,0.21819874797759317,21.81987479775932,0.17794053271004545,17.794053271004547,0.049155241903050005,4.915524190305001,0.007404555191551357,0.7404555191551357,0.007404555191551358,0.009255693989439198,scenario,cyp_cystitis,787.3600220958491
18.25,bladder,10.000000000000943,0.983050147372,0.016949852628,0.2183241090460626,21.83241090460626,0.17807537018680272,17.80753701868027,0.0491525073686,4.91525073686,0.007432357250814817,0.7432357250814817,0.0074323572508148165,0.00929044656351852,scenario,cyp_cystitis,780.6242071055142
18.333333333333,bladder,10.000000000000632,0.982994926501,0.017005073499,0.21844956085951917,21.844956085951917,0.1782103310889149,17.82103310889149,0.04914974632505,4.914974632505,0.007460368875041566,0.7460368875041566,0.0074603688750415655,0.009325461093801956,scenario,cyp_cystitis,773.88839211518
18.416666666667,bladder,10.000000000000425,0.982939175501,0.017060824499,0.21857510371635452,21.857510371635453,0.17834541572768897,17.8345415727689,0.04914695877505,4.914695877505,0.007488592442668296,0.7488592442668296,0.007488592442668296,0.00936074055333537,scenario,cyp_cystitis,767.1525771247649
18.5,bladder,10.000000000000282,0.982882900707,0.017117099293,0.218700739313724,21.8700739313724,0.17848062555618316,17.848062555618316,0.04914414503535,4.914414503535,0.007517030368259128,0.7517030368259128,0.007517030368259128,0.00939628796032391,scenario,cyp_cystitis,760.4167621344304
18.583333333333,bladder,10.000000000000188,0.982826106441,0.017173893559,0.21882646890509966,21.882646890509967,0.1786159616663681,17.861596166636808,0.04914130532205,4.914130532205,0.007545685103196252,0.7545685103196251,0.007545685103196252,0.009432106378995315,scenario,cyp_cystitis,753.6809471440961
18.666666666667,bladder,10.000000000000126,0.982768792705,0.017231207295,0.21895229278488462,21.89522927848846,0.17875142436803645,17.875142436803646,0.04913843963525,4.913843963525,0.007574559136383336,0.7574559136383335,0.007574559136383335,0.00946819892047917,scenario,cyp_cystitis,746.9451321536808
18.75,bladder,10.000000000000083,0.982710959498,0.017289040502,0.21907821124777033,21.907821124777033,0.17888701397144247,17.888701397144246,0.0491355479749,4.913554797490001,0.0076036549949651125,0.7603654994965112,0.0076036549949651125,0.009504568743706391,scenario,cyp_cystitis,740.2093171633467
18.833333333333,bladder,10.000000000000055,0.982652606819,0.017347393181,0.219204224589418,21.9204224589418,0.17902273078786105,17.902273078786106,0.04913263034095,4.913263034095,0.0076329752450667995,0.76329752450668,0.007632975245066799,0.009541219056333499,scenario,cyp_cystitis,733.473502173012
18.916666666667,bladder,10.000000000000036,0.98259373467,0.01740626533,0.21933033310712685,21.933033310712684,0.17915857513013356,17.915857513013357,0.0491296867335,4.91296867335,0.007662522492547489,0.7662522492547489,0.007662522492547489,0.00957815311568436,scenario,cyp_cystitis,726.7376871825971
19.0,bladder,10.000000000000023,0.982534343051,0.017465656949,0.21945653709871865,21.945653709871866,0.17929454731175648,17.92945473117565,0.04912671715255,4.912671715255,0.007692299383771139,0.7692299383771138,0.007692299383771138,0.009615374229713923,scenario,cyp_cystitis,720.0018721922627
19.083333333333,bladder,10.000000000000016,0.98247443196,0.01752556804,0.21958283686255023,21.958283686255022,0.179430647646895,17.943064764689503,0.049123721598,4.9123721598,0.0077223086063987895,0.7722308606398789,0.0077223086063987895,0.009652885757998487,scenario,cyp_cystitis,713.2660572019282
19.166666666667,bladder,10.00000000000001,0.982414001398,0.017585998602,0.2197092326986291,21.97092326986291,0.17956687645129382,17.95668764512938,0.0491207000699,4.91207000699,0.007752552890196186,0.7752552890196186,0.007752552890196184,0.009690691112745231,scenario,cyp_cystitis,706.5302422115134
19.25,bladder,10.000000000000007,0.982353051366,0.017646948634,0.21983572490794345,21.983572490794344,0.17970323404172997,17.970323404172998,0.0491176525683,4.91176525683,0.007783035007860451,0.778303500786045,0.007783035007860452,0.009728793759825565,scenario,cyp_cystitis,699.7944272211788
19.333333333333,bladder,10.000000000000004,0.982291581862,0.017708418138,0.21996231379180436,21.996231379180436,0.1798397207354783,17.98397207354783,0.049114579093100005,4.91145790931,0.007813757775869595,0.7813757775869595,0.007813757775869595,0.009767197219836994,scenario,cyp_cystitis,693.0586122308439
19.416666666667,bladder,10.000000000000004,0.982229592888,0.017770407112,0.22008899965341122,22.008899965341122,0.17997633685159078,17.99763368515908,0.049111479644400005,4.9111479644400005,0.007844724055348968,0.7844724055348967,0.007844724055348966,0.009805905069186207,scenario,cyp_cystitis,686.322797240429
19.5,bladder,10.000000000000002,0.982167084443,0.017832915557,0.22021578279628412,22.02157827962841,0.18011308270961485,18.011308270961486,0.04910835422215001,4.910835422215,0.007875936752958331,0.7875936752958331,0.007875936752958333,0.009844920941197917,scenario,cyp_cystitis,679.5869822500946
19.583333333333,bladder,10.000000000000002,0.982104051396,0.017895948604,0.22034266237399364,22.034266237399365,0.1802499576886249,18.02499576886249,0.0491052025698,4.91052025698,0.00790739882180361,0.7907398821803611,0.00790739882180361,0.009884248527254513,scenario,cyp_cystitis,672.8511672597601
19.666666666667,bladder,10.0,0.982040466559,0.017959533441,0.22046963258633287,22.046963258633287,0.18038695711408725,18.038695711408725,0.04910202332795,4.910202332795,0.007939113262367167,0.7939113262367168,0.007939113262367167,0.009923891577958959,scenario,cyp_cystitis,666.1153522693452
19.75,bladder,10.0,0.981976325956,0.018023674044,0.22059669283290034,22.059669283290035,0.18052408056326352,18.052408056326353,0.0490988162978,4.90988162978,0.007971083123460567,0.7971083123460567,0.007971083123460567,0.009963853904325708,scenario,cyp_cystitis,659.3795372790107
19.833333333333,bladder,10.0,0.981911629584,0.018088370416,0.22072384340506254,22.072384340506254,0.1806613283430132,18.06613283430132,0.049095581479200005,4.90955814792,0.008003311503203865,0.8003311503203865,0.008003311503203865,0.010004139379004831,scenario,cyp_cystitis,652.6437222886759
19.916666666667,bladder,10.0,0.981846377445,0.018153622555,0.220851084596275,22.0851084596275,0.18079870076213161,18.07987007621316,0.049092318872250004,4.909231887225,0.00803580155002534,0.803580155002534,0.008035801550025338,0.010044751937531673,scenario,cyp_cystitis,645.907907298261
20.0,bladder,10.0,0.981780569539,0.018219430461,0.22097841670050905,22.097841670050904,0.18093619813006218,18.093619813006217,0.04908902847695,4.908902847695,0.008068556463685612,0.8068556463685612,0.008068556463685612,0.010085695579607014,scenario,cyp_cystitis,639.1720923079268
20.083333333333,bladder,10.0,0.981714205865,0.018285794135,0.22110584001248992,22.11058400124899,0.18107382075709466,18.107382075709467,0.049085710293250005,4.9085710293250004,0.008101579496330478,0.8101579496330478,0.00810157949633048,0.0101269743704131,scenario,cyp_cystitis,632.4362773175922
20.166666666667,bladder,10.0,0.981647286423,0.018352713577,0.22123335482814552,22.12333548281455,0.18121156895473212,18.121156895473213,0.049082364321150006,4.908236432115,0.008134873953566138,0.8134873953566139,0.008134873953566138,0.010168592441957672,scenario,cyp_cystitis,625.7004623271773
20.25,bladder,10.0,0.981579811213,0.018420188787,0.22136096144438072,22.13609614443807,0.18134944303550604,18.134944303550604,0.04907899056065,4.907899056065,0.008168443195561046,0.8168443195561046,0.008168443195561046,0.010210553994451307,scenario,cyp_cystitis,618.9646473368425
20.333333333333,bladder,10.0,0.981511780236,0.018488219764,0.22148866015931734,22.148866015931734,0.18148744331317615,18.148744331317616,0.04907558901180001,4.907558901180001,0.008202290638178747,0.8202290638178746,0.008202290638178747,0.010252863297723434,scenario,cyp_cystitis,612.2288323465083
20.416666666667,bladder,10.0,0.981443193492,0.018556806508,0.22161645127184215,22.161645127184215,0.18162557010236016,18.162557010236018,0.049072159674600005,4.907215967460001,0.008236419754135412,0.8236419754135412,0.008236419754135414,0.010295524692669268,scenario,cyp_cystitis,605.4930173560932
20.5,bladder,10.0,0.98137405098,0.01862594902,0.22174433508160526,22.174433508160526,0.18176382371853186,18.176382371853187,0.049068702549000004,4.9068702549,0.008270834074186325,0.8270834074186325,0.008270834074186325,0.010338542592732907,scenario,cyp_cystitis,598.7572023657584
20.583333333333,bladder,10.0,0.9813043527,0.0186956473,0.2218723118894858,22.18723118894858,0.18190220447840613,18.190220447840613,0.049065217635000005,4.906521763500001,0.008305537188345964,0.8305537188345964,0.008305537188345964,0.010381921485432455,scenario,cyp_cystitis,592.0213873754242
20.666666666667,bladder,10.0,0.981234098652,0.018765901348,0.2220003819973656,22.20003819973656,0.18204071269975328,18.204071269975326,0.0490617049326,4.90617049326,0.008340532747135237,0.8340532747135236,0.008340532747135235,0.010425665933919043,scenario,cyp_cystitis,585.2855723850092
20.75,bladder,10.0,0.981163255561,0.018836744439,0.22212853817489966,22.212853817489968,0.18217934252299967,18.217934252299965,0.04905816277805,4.905816277805,0.008375824462860315,0.8375824462860315,0.008375824462860315,0.010469780578575394,scenario,cyp_cystitis,578.5497573946745
20.833333333333,bladder,10.0,0.981091789976,0.018908210024,0.2222567731332958,22.22567731332958,0.1823180880363114,18.23180880363114,0.049054589498800004,4.905458949880001,0.008411416110927897,0.8411416110927896,0.008411416110927897,0.010514270138659871,scenario,cyp_cystitis,571.8139424043403
20.916666666667,bladder,10.0,0.981019701899,0.018980298101,0.22238508714838293,22.238508714838293,0.18245694952992939,18.245694952992938,0.049050985094950005,4.905098509495001,0.008447311531190356,0.8447311531190357,0.008447311531190356,0.010559139413987945,scenario,cyp_cystitis,565.0781274139255
21.0,bladder,10.0,0.98094699133,0.01905300867,0.22251348049645284,22.251348049645284,0.1825959272946872,18.25959272946872,0.049047349566500004,4.9047349566500005,0.008483514629325414,0.8483514629325414,0.008483514629325416,0.01060439328665677,scenario,cyp_cystitis,558.3423124235906
21.083333333333,bladder,10.0,0.980873658268,0.019126341732,0.22264195345450036,22.264195345450037,0.18273502162221092,18.273502162221092,0.0490436829134,4.90436829134,0.008520029378255373,0.8520029378255374,0.008520029378255372,0.010650036722819214,scenario,cyp_cystitis,551.6064974332562
21.166666666667,bladder,10.0,0.980799702713,0.019200297287,0.22277050630067494,22.277050630067492,0.18287423280528942,18.28742328052894,0.04903998513565,4.903998513565,0.008556859819599241,0.8556859819599241,0.00855685981959924,0.010696074774499048,scenario,cyp_cystitis,544.8706824428415
21.25,bladder,10.0,0.980725124666,0.019274875334,0.2228991393142808,22.289913931428078,0.1830135611378745,18.301356113787453,0.049036256233300005,4.903625623330001,0.008594010065162673,0.8594010065162673,0.008594010065162673,0.010742512581453341,scenario,cyp_cystitis,538.1348674525068
21.333333333333,bladder,10.0,0.980649924127,0.019350075873,0.22302785277533638,22.302785277533637,0.1831530069147225,18.31530069147225,0.04903249620635,4.903249620635,0.008631484298470856,0.8631484298470856,0.008631484298470856,0.01078935537308857,scenario,cyp_cystitis,531.3990524621722
21.416666666667,bladder,10.0,0.980574101095,0.019425898905,0.2231566469645731,22.31566469645731,0.18329257043139274,18.329257043139275,0.04902870505475,4.902870505475001,0.008669286776337722,0.8669286776337721,0.008669286776337722,0.010836608470422152,scenario,cyp_cystitis,524.6632374717574
21.5,bladder,10.0,0.98049765557,0.01950234443,0.22328552216388817,22.328552216388818,0.18343225198461913,18.343225198461912,0.049024882778500006,4.902488277850001,0.008707421830476488,0.8707421830476488,0.008707421830476488,0.01088427728809561,scenario,cyp_cystitis,517.9274224814228
21.583333333333,bladder,10.0,0.980420587553,0.019579412447,0.22341447865636005,22.341447865636006,0.1835720518723264,18.35720518723264,0.04902102937765,4.902102937765,0.008745893869157055,0.8745893869157054,0.008745893869157056,0.01093236733644632,scenario,cyp_cystitis,511.19160749108846
21.666666666667,bladder,10.0,0.980342897043,0.019657102957,0.22354351672556397,22.354351672556398,0.18371197039306733,18.371197039306733,0.04901714485215,4.901714485215,0.008784707378903396,0.8784707378903396,0.008784707378903396,0.010980884223629245,scenario,cyp_cystitis,504.4557925006734
21.75,bladder,10.0,0.980264584041,0.019735415959,0.22367263665648152,22.367263665648153,0.18385200784677003,18.385200784677004,0.04901322920205001,4.901322920205001,0.008823866926236299,0.8823866926236299,0.008823866926236297,0.011029833657795371,scenario,cyp_cystitis,497.71997751033865
21.833333333333,bladder,10.0,0.980185638244,0.019814361756,0.22380183638238957,22.380183638238957,0.18399216260019954,18.399216260019955,0.0490092819122,4.90092819122,0.00886337715946718,0.886337715946718,0.00886337715946718,0.011079221449333975,scenario,cyp_cystitis,490.984162520004
21.916666666667,bladder,10.0,0.9801059885,0.0198940115,0.22393109992876797,22.3931099928768,0.18413242158291365,18.413242158291364,0.049005299425,4.9005299425,0.008903242810536068,0.8903242810536067,0.008903242810536066,0.011129053513170083,scenario,cyp_cystitis,484.24834752958924
22.0,bladder,10.0,0.980025621246,0.019974378754,0.22406042444556087,22.40604244455609,0.18427278250869567,18.427278250869566,0.049001281062300006,4.90012810623,0.008943468696899375,0.8943468696899375,0.008943468696899375,0.011179335871124218,scenario,cyp_cystitis,477.5125325392546
22.083333333333,bladder,10.0,0.979944536481,0.020055463519,0.22418981017806425,22.418981017806423,0.18441324563580447,18.441324563580448,0.04899722682405,4.899722682405,0.008984059723473416,0.8984059723473415,0.008984059723473416,0.01123007465434177,scenario,cyp_cystitis,470.77671754892026
22.166666666667,bladder,10.0,0.979862734206,0.020137265794,0.2243192573728618,22.43192573728618,0.18455381122374925,18.455381122374924,0.048993136710300006,4.899313671030001,0.009025020884626754,0.9025020884626753,0.009025020884626754,0.011281276105783443,scenario,cyp_cystitis,464.04090255850514
22.25,bladder,10.0,0.979780214421,0.020219785579,0.2244487662771378,22.444876627713782,0.18469447953272403,18.469447953272404,0.048989010721050004,4.898901072105001,0.00906635726622726,0.906635726622726,0.00906635726622726,0.011332946582784074,scenario,cyp_cystitis,457.3050875681706
22.333333333333,bladder,10.0,0.979696977125,0.020303022875,0.22457833713869016,22.457833713869015,0.1848352508236212,18.48352508236212,0.048984848856250006,4.898484885625001,0.009108074047750145,0.9108074047750145,0.009108074047750143,0.01138509255968768,scenario,cyp_cystitis,450.56927257783644
22.416666666667,bladder,10.0,0.979613022319,0.020386977681,0.22470797020661623,22.470797020661625,0.18497612535859603,18.497612535859602,0.04898065111595001,4.898065111595001,0.009150176504440007,0.9150176504440006,0.009150176504440005,0.011437720630550006,scenario,cyp_cystitis,443.8334575874214
22.5,bladder,10.0,0.979528350003,0.020471649997,0.22483766573062383,22.483766573062383,0.18511710340049878,18.511710340049877,0.04897641750015,4.897641750015,0.009192670009533057,0.9192670009533057,0.009192670009533058,0.011490837511916322,scenario,cyp_cystitis,437.0976425970866
22.583333333333,bladder,10.0,0.979442960176,0.020557039824,0.22496742396104494,22.496742396104494,0.18525818521288942,18.525818521288944,0.0489721480088,4.8972148008800005,0.009235560036546162,0.9235560036546162,0.009235560036546162,0.011544450045682702,scenario,cyp_cystitis,430.3618276067523
22.666666666667,bladder,10.0,0.979356852839,0.020643147161,0.22509724514952253,22.509724514952254,0.18539937106060267,18.53993710606027,0.048967842641950005,4.896784264195,0.009278852161625686,0.9278852161625686,0.009278852161625684,0.011598565202032105,scenario,cyp_cystitis,423.6260126163373
22.75,bladder,10.0,0.979270027992,0.020729972008,0.22522712954832053,22.522712954832052,0.1855406612091795,18.554066120917952,0.048963501399600005,4.896350139960001,0.009322552065962636,0.9322552065962636,0.009322552065962634,0.011653190082453293,scenario,cyp_cystitis,416.8901976260027
22.833333333333,bladder,10.0,0.979182485634,0.020817514366,0.22535707741033711,22.53570774103371,0.18568205592488116,18.568205592488116,0.0489591242817,4.89591242817,0.009366665538281109,0.9366665538281108,0.009366665538281107,0.011708331922851384,scenario,cyp_cystitis,410.15438263566824
22.916666666667,bladder,10.0,0.979094225766,0.020905774234,0.2254870889897937,22.54870889897937,0.18582355547525653,18.58235554752565,0.04895471128830001,4.895471128830001,0.009411198477393013,0.9411198477393014,0.009411198477393011,0.011763998096741264,scenario,cyp_cystitis,403.4185676452535
23.0,bladder,10.0,0.979005193461,0.020994806539,0.2256171518833124,22.56171518833124,0.18596514969501307,18.596514969501307,0.04895025967305,4.895025967305,0.009456156894825967,0.9456156894825967,0.009456156894825967,0.01182019611853246,scenario,cyp_cystitis,396.6827526549186
23.083333333333,bladder,10.0,0.978915317639,0.021084682361,0.22574724992950684,22.574724992950685,0.18610682531321773,18.610682531321775,0.04894576588195,4.894576588195,0.009501546917531715,0.9501546917531715,0.009501546917531715,0.011876933646914644,scenario,cyp_cystitis,389.94693766458437
23.166666666667,bladder,10.0,0.978824598013,0.021175401987,0.22587738326036974,22.587738326036973,0.18624858248391551,18.62485824839155,0.04894122990065,4.894122990065,0.009547374790668106,0.9547374790668106,0.009547374790668105,0.011934218488335131,scenario,cyp_cystitis,383.21112267416925
23.25,bladder,10.0,0.978733034583,0.021266965417,0.2260075520746626,22.60075520746626,0.18639042141632906,18.639042141632906,0.04893665172915,4.893665172915,0.00959364688046189,0.959364688046189,0.009593646880461892,0.011992058600577366,scenario,cyp_cystitis,376.4753076838347
23.333333333333,bladder,10.0,0.978640627349,0.021359372651,0.226137756571833,22.6137756571833,0.18653234232040317,18.653234232040315,0.04893203136745,4.893203136745,0.009640369677160187,0.9640369677160187,0.009640369677160187,0.012050462096450233,scenario,cyp_cystitis,369.73949269350027
23.416666666667,bladder,10.0,0.978547376311,0.021452623689,0.22626799695201189,22.62679969520119,0.18667434540680197,18.667434540680198,0.04892736881555,4.892736881555,0.009687549798063614,0.9687549798063614,0.009687549798063614,0.012109437247579517,scenario,cyp_cystitis,363.00367770308526
23.5,bladder,10.0,0.97845328147,0.02154671853,0.2263982734162424,22.63982734162424,0.18681643088709726,18.681643088709727,0.0489226640735,4.89226640735,0.009735193990648863,0.9735193990648863,0.009735193990648863,0.012168992488311079,scenario,cyp_cystitis,356.2678627127508
23.583333333333,bladder,10.0,0.978358342824,0.021641657176,0.2265285861655685,22.652858616556852,0.1869585989730195,18.69585989730195,0.0489179171412,4.89179171412,0.009783309135789045,0.9783309135789046,0.009783309135789045,0.012229136419736306,scenario,cyp_cystitis,349.5320477224162
23.666666666667,bladder,10.0,0.978262560374,0.021737439626,0.22665893540242033,22.66589354024203,0.18710084987760037,18.710084987760037,0.0489131280187,4.89131280187,0.009831902251064829,0.9831902251064829,0.009831902251064829,0.012289877813831035,scenario,cyp_cystitis,342.79623273200133
23.75,bladder,10.0,0.97816593412,0.02183406588,0.2267893213296864,22.67893213296864,0.18724318381440674,18.724318381440675,0.048908296706,4.8908296706,0.00988098049417472,0.9880980494174719,0.00988098049417472,0.0123512256177184,scenario,cyp_cystitis,336.0604177416669
23.833333333333,bladder,10.0,0.978068464062,0.021931535938,0.22691974415095903,22.691974415095903,0.18738560099774634,18.738560099774634,0.048903423203100004,4.89034232031,0.009930551166453283,0.9930551166453283,0.009930551166453281,0.0124131889580666,scenario,cyp_cystitis,329.3246027513323
23.916666666667,bladder,10.0,0.977970150201,0.022029849799,0.2270502040707638,22.70502040707638,0.18752810164285663,18.752810164285663,0.04889850751005,4.889850751005,0.009980621716490501,0.9980621716490501,0.009980621716490501,0.012475777145613126,scenario,cyp_cystitis,322.5887877609174
24.0,bladder,10.0,0.977870992535,0.022129007465,0.22718070129362886,22.718070129362886,0.18767068596513564,18.767068596513564,0.04889354962675,4.889354962675,0.010031199743861135,1.0031199743861134,0.010031199743861135,0.01253899967982642,scenario,cyp_cystitis,315.852972770583
0.0,spinal_coord,30.11270795402566,0.962834194672,0.037165805328,0.5508542733325095,55.08542733325095,0.41352763288601263,41.35276328860126,0.240708548668,24.0708548668,0.03860042106311194,3.860042106311194,0.03860042106311195,0.02702029474417836,scenario,cyp_cystitis,0.001
0.083333333333,spinal_coord,30.386474760650888,0.963003815605,0.036996184395,0.5488792305029543,54.88792305029543,0.4108377021356057,41.08377021356057,0.24075095390125,24.075095390125,0.03473440732280869,3.473440732280869,0.0347344073228087,0.024314085125966087,scenario,cyp_cystitis,125.91599434795172
0.166666666667,spinal_coord,30.65840327059857,0.963290033955,0.036709966045,0.5470228772143284,54.70228772143284,0.40826715830077126,40.82671583007713,0.24082250848875,24.082250848875,0.03162186962667263,3.1621869626672625,0.03162186962667263,0.02213530873867084,scenario,cyp_cystitis,251.8309886974143
0.25,spinal_coord,30.92837120303389,0.963713274043,0.036286725957,0.5452928192269143,54.52928192269143,0.4058193342882191,40.58193342882191,0.24092831851075,24.092831851075,0.029061521309721377,2.9061521309721376,0.029061521309721373,0.02034306491680496,scenario,cyp_cystitis,377.74598304536613
0.333333333333,spinal_coord,31.196256094140082,0.96424038635,0.03575961365,0.5436665127316349,54.36665127316349,0.40347522152551313,40.34752215255131,0.2410600965875,24.10600965875,0.0269178754299108,2.69178754299108,0.0269178754299108,0.018842512800937558,scenario,cyp_cystitis,503.66097739331747
0.416666666667,spinal_coord,31.46193538758699,0.964847413292,0.035152586708,0.5421270461330444,54.21270461330444,0.40122025708005926,40.12202570800593,0.241211853323,24.121185332299998,0.025096389039464855,2.5096389039464855,0.025096389039464855,0.017567472327625396,scenario,cyp_cystitis,629.5759717427802
0.5,spinal_coord,31.72528652602372,0.965517993926,0.034482006074,0.5406621290243393,54.06621290243393,0.39904350739045247,39.90435073904525,0.2413794984815,24.13794984815,0.023529083104557823,2.352908310455782,0.023529083104557823,0.016470358173190477,scenario,cyp_cystitis,755.4909660907317
0.583333333333,spinal_coord,31.986187043530556,0.966225834557,0.033774165443,0.5392542148102903,53.92542148102903,0.39693034156138707,39.69303415613871,0.24155645863925,24.155645863925,0.02216582525247092,2.216582525247092,0.022165825252470923,0.015516077676729644,scenario,cyp_cystitis,881.4059604386837
0.666666666667,spinal_coord,32.244514658877506,0.96696057946,0.03303942054,0.5378949647693232,53.78949647693232,0.39487309320576414,39.487309320576415,0.241740144865,24.1740144865,0.020968833915023948,2.096883391502395,0.020968833915023948,0.014678183740516763,scenario,cyp_cystitis,1007.3209547881464
0.75,spinal_coord,32.50014736952159,0.967714286714,0.032285713286,0.5365775864252497,53.65775864252497,0.3928653529956662,39.28653529956662,0.2419285716785,24.192857167849997,0.01990909559509762,1.990909559509762,0.01990909559509762,0.013936366916568332,scenario,cyp_cystitis,1133.2359491360978
0.833333333333,spinal_coord,32.75296354627107,0.968478531858,0.031521468142,0.5352951989753101,53.52951989753101,0.39090075468108015,39.09007546810802,0.2421196329645,24.21196329645,0.018963960903849334,1.8963960903849335,0.018963960903849334,0.013274772632694533,scenario,cyp_cystitis,1259.1509434840493
0.916666666667,spinal_coord,33.00284202845978,0.969248197513,0.030751802487,0.5340429149668672,53.40429149668672,0.38897448745148955,38.89744874514896,0.24231204937825,24.231204937824998,0.01811549041941924,1.811549041941924,0.018115490419419237,0.012680843293593464,scenario,cyp_cystitis,1385.0659378335122
1.0,spinal_coord,33.24966221955765,0.970018384706,0.029981615294,0.5328161058889612,53.28161058889612,0.3870820129499483,38.70820129499483,0.2425045961765,24.25045961765,0.017349290993821098,1.7349290993821098,0.0173492909938211,0.01214450369567477,scenario,cyp_cystitis,1510.980932181464
1.083333333333,spinal_coord,33.493304183139614,0.970790714793,0.029209285207,0.5308084039577855,53.08084039577855,0.3841476336793807,38.41476336793807,0.24269767869825,24.269767869825003,0.016436727361866542,1.643672736186654,0.016436727361866542,0.011505709153306579,scenario,cyp_cystitis,1672.2905883126946
1.166666666667,spinal_coord,33.73364873905331,0.971563314255,0.028436685745,0.5288546906829305,52.88546906829305,0.3812851494922406,38.12851494922406,0.24289082856375,24.289082856375,0.01562514248371168,1.562514248371168,0.015625142483711683,0.010937599738598178,scenario,cyp_cystitis,1833.6002444458604
1.25,spinal_coord,33.97057755970685,0.9723284303,0.0276715697,0.5269474143749628,52.69474143749628,0.3784870757332837,37.84870757332837,0.243082107575,24.3082107575,0.014898376343658993,1.4898376343658992,0.014898376343658995,0.010428863440561296,scenario,cyp_cystitis,1994.909900577091
1.333333333333,spinal_coord,34.203973266393895,0.973084657219,0.026915342781,0.5250827215595693,52.508272155956924,0.3757487430064256,37.574874300642556,0.24327116430475,24.327116430474998,0.014243532910895666,1.4243532910895667,0.014243532910895666,0.009970473037626966,scenario,cyp_cystitis,2156.2195567083204
1.416666666667,spinal_coord,34.433719525495434,0.97383199501,0.02616800499,0.5232577108358598,52.325771083585984,0.3730662827778131,37.306628277781314,0.2434579987525,24.345799875249998,0.013650195806430126,1.3650195806430125,0.013650195806430126,0.009555137064501089,scenario,cyp_cystitis,2317.5292128414867
1.5,spinal_coord,34.65970114447569,0.974570443674,0.025429556326,0.521469651224175,52.1469651224175,0.37043605374089994,37.04360537408999,0.2436426109185,24.36426109185,0.013109859778248845,1.3109859778248845,0.013109859778248847,0.009176901844774193,scenario,cyp_cystitis,2478.8388689727176
1.583333333333,spinal_coord,34.881804167585955,0.975299981765,0.024700018235,0.5197159588351997,51.971595883519974,0.36785461785859963,36.785461785859965,0.24382499544125,24.382499544125,0.012615511746239795,1.2615511746239796,0.012615511746239793,0.008830858222367855,scenario,cyp_cystitis,2640.148525103948
1.666666666667,spinal_coord,35.099915971116204,0.976014698774,0.023985301226,0.5179910721637824,51.79910721637824,0.3653165299603765,36.53165299603765,0.2440036746935,24.40036746935,0.012161317437641164,1.2161317437641164,0.012161317437641163,0.008512922206348814,scenario,cyp_cystitis,2801.4581812371134
1.75,spinal_coord,35.313925358109486,0.976709965928,0.023290034072,0.5162902950263849,51.62902950263849,0.3628170713925133,36.28170713925133,0.244177491482,24.4177491482,0.01174238381681315,1.1742383816813151,0.01174238381681315,0.008219668671769204,scenario,cyp_cystitis,2962.767837368345
1.833333333333,spinal_coord,35.52372265245073,0.977385783225,0.022614216775,0.5146115342461476,51.46115342461476,0.36035345125319673,36.03534512531967,0.24434644580625,24.434644580625,0.011354576749994048,1.1354576749994048,0.011354576749994048,0.007948203724995833,scenario,cyp_cystitis,3124.0774934995725
1.916666666667,spinal_coord,35.72919979217187,0.978042150667,0.021957849333,0.5129528147896791,51.295281478967915,0.3579230361639056,35.792303616390555,0.24451053766675,24.451053766675,0.010994379481479046,1.0994379481479046,0.010994379481479046,0.007696065637035332,scenario,cyp_cystitis,3285.387149632743
2.0,spinal_coord,35.93025042188743,0.978679068252,0.021320931748,0.5113122723075024,51.13122723075024,0.35552334032600325,35.55233403260033,0.244669767063,24.4669767063,0.010658781647246401,1.0658781647246403,0.010658781647246401,0.0074611471530724805,scenario,cyp_cystitis,3446.696805763971
2.083333333333,spinal_coord,36.12676998427123,0.979289823652,0.020710176348,0.5136609914563367,51.36609914563367,0.35845138072444893,35.8451380724449,0.244822455913,24.4822455913,0.010863771762127774,1.0863771762127774,0.010863771762127772,0.00760464023348944,scenario,cyp_cystitis,3385.74469138888
2.166666666667,spinal_coord,36.31865581042011,0.979854579435,0.020145420565,0.5159748473348341,51.59748473348341,0.3613482699681122,36.13482699681122,0.24496364485875,24.496364485875,0.011073054324818175,1.1073054324818175,0.011073054324818173,0.007751138027372721,scenario,cyp_cystitis,3324.792577013055
2.25,spinal_coord,36.50580720901905,0.980375400893,0.019624599107,0.5182543505456759,51.82543505456759,0.3642140004299012,36.42140004299012,0.24509385022325,24.509385022325,0.011286780696162615,1.1286780696162615,0.011286780696162617,0.007900746487313832,scenario,cyp_cystitis,3263.840462637967
2.333333333333,spinal_coord,36.688125554219134,0.980854414278,0.019145585722,0.5205000756437448,52.05000756437448,0.36704862943232636,36.704862943232634,0.2452136035695,24.52136035695,0.011505111586984355,1.1505111586984356,0.011505111586984354,0.008053578110889047,scenario,cyp_cystitis,3202.8883482628744
2.416666666667,spinal_coord,36.86551437207959,0.981293770272,0.018706229728,0.522712642210272,52.2712642210272,0.36985226618969597,36.9852266189696,0.245323442568,24.532344256800002,0.011728217765533379,1.172821776553338,0.01172821776553338,0.008209752435873366,scenario,cyp_cystitis,3141.936233887055
2.5,spinal_coord,37.0378794254904,0.981695386183,0.018304613817,0.5248925771370923,52.48925771370922,0.37262497412178974,37.26249741217897,0.24542384654575,24.542384654575,0.01195628082709148,1.195628082709148,0.01195628082709148,0.008369396578964036,scenario,cyp_cystitis,3080.9841195119648
2.583333333333,spinal_coord,37.20512879748852,0.982060671702,0.017939328298,0.5270401649824603,52.704016498246034,0.3753666627426137,37.53666627426137,0.2455151679255,24.55151679255,0.012189494032246733,1.2189494032246733,0.012189494032246733,0.008532645822572713,scenario,cyp_cystitis,3020.03200513687
2.666666666667,spinal_coord,37.367172972826744,0.982390977149,0.017609022851,0.5291556842696447,52.91556842696446,0.37807725330985953,37.80772533098595,0.24559774428725,24.559774428725,0.012428063221067966,1.2428063221067966,0.012428063221067966,0.008699644254747575,scenario,cyp_cystitis,2959.079890761048
2.75,spinal_coord,37.52392491771433,0.982688284304,0.017311715696,0.5312397802851377,53.123978028513775,0.38075694561218365,38.07569456121836,0.245672071076,24.5672071076,0.012672207811380619,1.2672207811380618,0.01267220781138062,0.008870545467966433,scenario,cyp_cystitis,2898.127776385957
2.833333333333,spinal_coord,37.675300157646376,0.982954578858,0.017045421142,0.5332931306481025,53.32931306481024,0.3834059812448033,38.34059812448033,0.2457386447145,24.573864471449998,0.012922161890377521,1.2922161890377521,0.01292216189037752,0.009045513323264262,scenario,cyp_cystitis,2837.1756620108654
2.916666666667,spinal_coord,37.8212168531894,0.983191846499,0.016808153501,0.5353164430083602,53.53164430083602,0.3860246418448136,38.60246418448136,0.24579796162475,24.579796162475002,0.013178175409894802,1.3178175409894803,0.013178175409894802,0.00922472278692636,scenario,cyp_cystitis,2776.223547635045
3.0,spinal_coord,37.961595873647255,0.983402058833,0.016597941167,0.5373104471257553,53.731044712575525,0.38861324322334034,38.861324322334035,0.24585051470825,24.585051470825,0.013440515497105439,1.3440515497105439,0.013440515497105439,0.009408360847973807,scenario,cyp_cystitis,2715.2714332599526
3.083333333333,spinal_coord,38.09636086852875,0.983585764003,0.016414235997,0.5392751217633986,53.92751217633987,0.3911715743501981,39.11715743501981,0.24589644100075,24.589644100075,0.013709467893933949,1.3709467893933949,0.01370946789393395,0.009596627525753765,scenario,cyp_cystitis,2654.319318884861
3.166666666667,spinal_coord,38.22543833669517,0.983743457291,0.016256542709,0.541210435094019,54.1210435094019,0.3936994276950254,39.36994276950254,0.24593586432275,24.593586432275,0.013985338540191109,1.3985338540191108,0.013985338540191109,0.009789736978133776,scenario,cyp_cystitis,2593.3672045090393
3.25,spinal_coord,38.348757693117534,0.983876368867,0.016123631133,0.5431167790140933,54.311677901409325,0.39619691572979104,39.61969157297911,0.24596909221675,24.596909221675002,0.014268455317560427,1.4268455317560427,0.014268455317560427,0.009987918722292299,scenario,cyp_cystitis,2532.4150901339494
3.333333333333,spinal_coord,38.46625133317101,0.983985728901,0.016014271099,0.5449945688568008,54.499456885680075,0.39866418217540095,39.866418217540094,0.24599643222525,24.599643222525,0.01455916997394625,1.455916997394625,0.01455916997394625,0.010191418981762375,scenario,cyp_cystitis,2471.4629757588573
3.416666666667,spinal_coord,38.577854694356745,0.984072767563,0.015927232437,0.5468442432170567,54.68442432170567,0.40110140176840897,40.1101401768409,0.24601819189075,24.601819189074998,0.014857860250350862,1.4857860250350863,0.014857860250350862,0.010400502175245603,scenario,cyp_cystitis,2410.5108613830344
3.5,spinal_coord,38.68350631538782,0.984138498058,0.015861501942,0.5486661428069924,54.866614280699245,0.40350869105665654,40.35086910566565,0.2460346245145,24.60346245145,0.015164932235728196,1.5164932235728197,0.015164932235728198,0.010615452565009738,scenario,cyp_cystitis,2349.5587470079445
3.583333333333,spinal_coord,38.78314789257409,0.984182915497,0.015817084503,0.5504600602362151,55.04600602362151,0.40588577514928675,40.58857751492867,0.24604572887425,24.604572887425,0.015480822978985991,1.548082297898599,0.015480822978985991,0.010836576085290194,scenario,cyp_cystitis,2288.6066326328532
3.666666666667,spinal_coord,38.87672433340948,0.984206656467,0.015793343533,0.5522261619456812,55.22261619456812,0.4082326637719082,40.82326637719082,0.24605166411675,24.605166411675,0.01580600339155062,1.580600339155062,0.01580600339155062,0.011064202374085433,scenario,cyp_cystitis,2227.6545182570303
3.75,spinal_coord,38.964183807306426,0.984210479369,0.015789520631,0.5539647013731133,55.396470137311326,0.41054944204115096,41.054944204115095,0.24605261984225,24.605261984225,0.016140981479085322,1.6140981479085321,0.016140981479085322,0.011298687035359726,scenario,cyp_cystitis,2166.7024038819404
3.833333333333,spinal_coord,39.04547779342067,0.984195142601,0.015804857399,0.5556759511277554,55.567595112775535,0.41283622063667375,41.28362206366737,0.24604878565025,24.604878565025,0.016486305946926638,1.6486305946926638,0.016486305946926638,0.011540414162848645,scenario,cyp_cystitis,2105.7502895068487
3.916666666667,spinal_coord,39.12056112548439,0.984161404563,0.015838595437,0.5573602028567496,55.73602028567496,0.41509313562133276,41.50931356213328,0.24604035114075,24.604035114075,0.0168425702307217,1.68425702307217,0.016842570230721696,0.011789799161505186,scenario,cyp_cystitis,2044.798175131026
4.0,spinal_coord,39.18939203360148,0.984111619928,0.015888380072,0.5590186738576214,55.90186738576214,0.4173210251674952,41.73210251674952,0.246027904982,24.6027904982,0.017210417012148916,1.7210417012148915,0.017210417012148916,0.01204729190850424,scenario,cyp_cystitis,1983.846060755935
4.083333333333,spinal_coord,39.2519321829573,0.984048834662,0.015951165338,0.5600106003849342,56.00106003849342,0.418664522292579,41.8664522292579,0.2460122086655,24.60122086655,0.017425061532305424,1.7425061532305424,0.017425061532305424,0.012197543072613797,scenario,cyp_cystitis,1951.1490124270185
4.166666666667,spinal_coord,39.308146709376544,0.983974835185,0.016025164815,0.5609704188522733,56.09704188522733,0.41996894674136437,41.996894674136435,0.24599370879625,24.599370879625,0.017641629836907174,1.7641629836907176,0.017641629836907174,0.012349140885835021,scenario,cyp_cystitis,1918.4519640977103
4.25,spinal_coord,39.358004251692826,0.983891407919,0.016108592081,0.5618990488045468,56.18990488045468,0.421234929099729,42.123492909972896,0.24597285197975,24.597285197975,0.017860173890966332,1.786017389096633,0.017860173890966332,0.012502121723676431,scenario,cyp_cystitis,1885.754915768796
4.333333333333,spinal_coord,39.401476980892305,0.983800339283,0.016199660717,0.5627974248422957,56.279742484229565,0.4224631200287275,42.24631200287275,0.24595008482075,24.595008482075002,0.01808074963217371,1.808074963217371,0.01808074963217371,0.012656524742521595,scenario,cyp_cystitis,1853.0578674398798
4.416666666667,spinal_coord,39.438540625981375,0.983703103026,0.016296896974,0.5636663168638848,56.36663168638848,0.4236540548098464,42.36540548098464,0.2459257757565,24.592577575649997,0.01830341720840438,1.830341720840438,0.018303417208404376,0.012812392045883062,scenario,cyp_cystitis,1820.3608191105718
4.5,spinal_coord,39.46917449655254,0.983598703895,0.016401296105,0.5645050904810877,56.45050904810876,0.4248072193431169,42.48072193431169,0.24589967597375,24.589967597375,0.018528241230211708,1.8528241230211708,0.01852824123021171,0.012969768861148197,scenario,cyp_cystitis,1787.663770781656
4.583333333333,spinal_coord,39.49336150202137,0.983487383531,0.016512616469,0.5653138257192796,56.531382571927956,0.4259226397820394,42.592263978203945,0.24587184588275,24.587184588274997,0.018755291039556452,1.8755291039556452,0.018755291039556452,0.013128703727689517,scenario,cyp_cystitis,1754.966722452739
4.666666666667,spinal_coord,39.51108816750157,0.983369829017,0.016630170983,0.5660928668661379,56.60928668661379,0.4270005461491839,42.70005461491839,0.24584245725425,24.584245725425,0.018984640996063326,1.8984640996063327,0.01898464099606333,0.01328924869724433,scenario,cyp_cystitis,1722.269674123432
4.75,spinal_coord,39.52234464630329,0.983246727441,0.016753272559,0.5668425673495658,56.684256734956584,0.428041180652421,42.8041180652421,0.24581168186025,24.581168186025,0.019216370782300173,1.9216370782300172,0.019216370782300173,0.01345145954761012,scenario,cyp_cystitis,1689.572625794516
4.833333333333,spinal_coord,39.52712472903853,0.983118765886,0.016881234114,0.5675632894314172,56.75632894314172,0.42904479727988964,42.904479727988964,0.2457796914715,24.57796914715,0.019450565729721328,1.9450565729721327,0.019450565729721328,0.013615396010804928,scenario,cyp_cystitis,1656.8755774656
4.916666666667,spinal_coord,39.52542584931821,0.982985950361,0.017014049639,0.5682550101902621,56.82550101902621,0.43001136346668284,43.00113634666828,0.24574648759025,24.574648759025,0.01968731716700431,1.968731716700431,0.01968731716700431,0.013781122016903015,scenario,cyp_cystitis,1624.178529136292
5.0,spinal_coord,39.51724908603707,0.982847577503,0.017152422497,0.5689173022751156,56.89173022751156,0.43094054386582076,43.09405438658207,0.24571189437575,24.571189437575,0.01992672279276118,1.992672279276118,0.01992672279276118,0.013948705954932826,scenario,cyp_cystitis,1591.4814808073754
5.083333333333,spinal_coord,39.50259916224181,0.982703755096,0.017296244904,0.5695502124647098,56.955021246470984,0.43183236492094645,43.18323649209464,0.245675938774,24.5675938774,0.02016888707480856,2.016888707480856,0.020168887074808555,0.014118220952365987,scenario,cyp_cystitis,1558.78443247846
5.166666666667,spinal_coord,39.481484440584396,0.982554601611,0.017445398389,0.5701538001088796,57.01538001088796,0.4326868662748395,43.26868662748395,0.24563865040275,24.563865040274997,0.02041392167832554,2.041392167832554,0.020413921678325543,0.01428974517482788,scenario,cyp_cystitis,1526.0873841491518
5.25,spinal_coord,39.45391691536821,0.982400235517,0.017599764483,0.570728130825879,57.072813082587906,0.43350409592883876,43.35040959288388,0.24560005887925,24.560005887924998,0.020661945925553524,2.066194592555352,0.020661945925553524,0.014463362147887465,scenario,cyp_cystitis,1493.3903358202358
5.333333333333,spinal_coord,39.41991220119368,0.982240775141,0.017759224859,0.5712732762934616,57.127327629346155,0.4342841100109487,43.42841100109487,0.24556019378525,24.556019378525,0.02091308728997279,2.0913087289972787,0.02091308728997279,0.014639161102980951,scenario,cyp_cystitis,1460.6932874913198
5.416666666667,spinal_coord,39.37948951822294,0.98207633672,0.01792366328,0.5717893129910915,57.178931299109145,0.43502697174812194,43.50269717481219,0.24551908418,24.551908418,0.02116748192812186,2.116748192812186,0.02116748192812186,0.0148172373496853,scenario,cyp_cystitis,1427.9962391620118
5.5,spinal_coord,39.33267167408242,0.981907037231,0.018092962769,0.572276323724492,57.2276323724492,0.4357327525556559,43.57327525556559,0.24547675930775,24.547675930775,0.021425275252653492,2.1425275252653493,0.021425275252653492,0.014997692676857443,scenario,cyp_cystitis,1395.2991908330964
5.583333333333,spinal_coord,39.279485042421165,0.981732994203,0.018267005797,0.5727343974047255,57.273439740472554,0.4364015318053007,43.64015318053007,0.24543324855075,24.543324855075,0.021686622550615996,2.1686622550615997,0.021686622550615996,0.015180635785431197,scenario,cyp_cystitis,1362.60214250418
5.666666666667,spinal_coord,39.21995953816186,0.981554325163,0.018445674837,0.5731636286173246,57.316362861732465,0.4370333964354328,43.70333964354328,0.24538858129075,24.538858129075,0.021951689651306335,2.1951689651306334,0.021951689651306335,0.015366182755914434,scenario,cyp_cystitis,1329.905094174872
5.75,spinal_coord,39.15412858947422,0.981371147638,0.018628852362,0.5735641175192832,57.35641175192831,0.4376284408130441,43.76284408130441,0.2453427869095,24.53427869095,0.022220653648619637,2.2220653648619635,0.022220653648619637,0.015554457554033745,scenario,cyp_cystitis,1297.2080458459561
5.833333333333,spinal_coord,39.08202910649963,0.981183540314,0.018816459686,0.573935947020114,57.3935947020114,0.43818674925548534,43.818674925548535,0.2452958850785,24.52958850785,0.022493703683382948,2.249370368338295,0.022493703683382948,0.01574559257836806,scenario,cyp_cystitis,1264.5109975170403
5.916666666667,spinal_coord,39.00370144688057,0.980991469888,0.019008530112,0.5742791397760751,57.42791397760752,0.43870836307210026,43.87083630721003,0.245247867472,24.5247867472,0.022771041791707598,2.2771041791707596,0.022771041791707594,0.015939729254195314,scenario,cyp_cystitis,1231.8139491877323
6.0,spinal_coord,38.91918937813531,0.980794933833,0.019205066167,0.5745937415040632,57.45937415040632,0.4391933440610841,43.91933440610841,0.24519873345825,24.519873345825,0.02305288382619574,2.305288382619574,0.023052883826195743,0.016137018678337018,scenario,cyp_cystitis,1199.1169008588167
6.083333333333,spinal_coord,38.8285400369167,0.98059393215,0.01940606785,0.5748798044399829,57.48798044399829,0.4396417618699772,43.96417618699772,0.2451484830375,24.51484830375,0.02333946045765279,2.333946045765279,0.02333946045765279,0.016337622320356952,scenario,cyp_cystitis,1166.4198525299
6.166666666667,spinal_coord,38.73180388522513,0.980388464837,0.019611535163,0.5751373858113183,57.51373858113183,0.44005369280275775,44.00536928027577,0.24509711620925,24.509711620925,0.023631018265789224,2.3631018265789225,0.02363101826578922,0.016541712786052452,scenario,cyp_cystitis,1133.7228042005927
6.25,spinal_coord,38.62903466362569,0.980178531895,0.019821468105,0.5753665477975554,57.53665477975554,0.4404292197650738,44.04292197650738,0.24504463297375,24.504463297375,0.023927820928534543,2.3927820928534542,0.023927820928534543,0.01674947464997418,scenario,cyp_cystitis,1101.025755871676
6.333333333333,spinal_coord,38.520289341518094,0.979964133325,0.020035866675,0.5755673574904616,57.55673574904616,0.44076843221228224,44.07684322122822,0.24499103333125,24.499103333125,0.024230150520786625,2.4230150520786626,0.024230150520786628,0.016961105364550637,scenario,cyp_cystitis,1068.3287075427602
6.416666666667,spinal_coord,38.405628064544786,0.979745269125,0.020254730875,0.575739886859414,57.5739886859414,0.4410714261042186,44.10714261042186,0.24493631728125,24.493631728125003,0.024538308934693005,2.4538308934693007,0.024538308934693005,0.0171768162542851,scenario,cyp_cystitis,1035.6316592134528
6.5,spinal_coord,38.285114099196115,0.979521939296,0.020478060704,0.5758842127271112,57.58842127271112,0.44133830387081496,44.133830387081495,0.244880484824,24.4880484824,0.02485261943521801,2.485261943521801,0.02485261943521801,0.017396833604652606,scenario,cyp_cystitis,1002.9346108845365
6.583333333333,spinal_coord,38.15881377467011,0.979294122599,0.020705877401,0.5760004042521951,57.60004042521951,0.44156916480326014,44.15691648032601,0.24482353064975,24.482353064974998,0.025173428366550617,2.517342836655062,0.025173428366550617,0.01762139985658543,scenario,cyp_cystitis,970.2375625556206
6.666666666667,spinal_coord,38.026796422086264,0.979061242295,0.020938757705,0.576088208523946,57.6088208523946,0.4417638639335946,44.176386393359465,0.24476531057375,24.476531057375002,0.025501107026870803,2.55011070268708,0.025501107026870806,0.017850774918809563,scenario,cyp_cystitis,937.5405142263126
6.75,spinal_coord,37.88913431112054,0.9788230395,0.0211769605,0.5761475640567455,57.61475640567455,0.4419224055756606,44.19224055756606,0.244705759875,24.470575987500002,0.025836053731467298,2.58360537314673,0.025836053731467294,0.018085237612027103,scenario,cyp_cystitis,904.8434658973966
6.833333333333,spinal_coord,37.74590258412657,0.978579514214,0.021420485786,0.5761785664921112,57.61785664921112,0.4420449172514816,44.20449172514816,0.2446448785535,24.46448785535,0.026178696086950694,2.6178696086950692,0.026178696086950688,0.01832508726086548,scenario,cyp_cystitis,872.1464175684813
6.916666666667,spinal_coord,37.59717918785586,0.978330666438,0.021669333562,0.5761813163918721,57.61813163918721,0.4421315330431628,44.213153304316286,0.2445826666095,24.458266660950002,0.02652949350237514,2.652949350237514,0.026529493502375143,0.0185706454516626,scenario,cyp_cystitis,839.4493692391724
7.0,spinal_coord,37.44304480285065,0.97807649617,0.02192350383,0.5761559192373287,57.615591923732865,0.4421823935931049,44.21823935931049,0.2445191240425,24.451912404250002,0.026888939966870556,2.6888939966870558,0.026888939966870556,0.01882225797680939,scenario,cyp_cystitis,806.7523209102567
7.083333333333,spinal_coord,37.28358277058166,0.977817003411,0.022182996589,0.5761024854391396,57.610248543913954,0.4421976461151861,44.219764611518606,0.24445425085275,24.445425085274998,0.02725756712768125,2.725756712768125,0.027257567127681247,0.019080296989376872,scenario,cyp_cystitis,774.0552725813411
7.166666666667,spinal_coord,37.11887901845451,0.977552188161,0.022447811839,0.5760211303460633,57.602113034606326,0.4421774444077511,44.21774444077511,0.24438804704025,24.438804704025,0.027635947707387424,2.7635947707387425,0.02763594770738742,0.019345163395171193,scenario,cyp_cystitis,741.3582242520331
7.25,spinal_coord,36.94902198276478,0.977282050421,0.022717949579,0.5759119742619341,57.59119742619341,0.44212194887557876,44.21219488755788,0.24432051260525,24.432051260525,0.028024699305041093,2.802469930504109,0.028024699305041093,0.019617289513528764,scenario,cyp_cystitis,708.6611759231168
7.333333333333,spinal_coord,36.77410252967898,0.977006590189,0.022993409811,0.5757751424637311,57.577514246373106,0.4420313265553081,44.20313265553081,0.24425164754725,24.425164754725,0.02842448863280482,2.842448863280482,0.028424488632804817,0.019897142042963372,scenario,cyp_cystitis,675.9641275942015
7.416666666667,spinal_coord,36.59421387437547,0.976726451884,0.023273548116,0.5756111450029179,57.56111450029179,0.44190604270922385,44.190604270922385,0.244181612971,24.4181612971,0.028836036247610927,2.8836036247610926,0.02883603624761093,0.02018522537332765,scenario,cyp_cystitis,643.2670792648931
7.5,spinal_coord,36.40945149842985,0.9764436459,0.0235563541,0.575421301872415,57.542130187241504,0.44174718719655337,44.17471871965534,0.244110911475,24.4110911475,0.029260121846974615,2.9260121846974614,0.02926012184697462,0.020482085292882233,scenario,cyp_cystitis,610.5700309359773
7.583333333333,spinal_coord,36.219913065525944,0.976158316901,0.023841683099,0.5752058382526644,57.520583825266435,0.4415550120365524,44.15550120365524,0.24403957922525,24.403957922525,0.02969759020933824,2.9697590209338243,0.029697590209338237,0.020788313146536765,scenario,cyp_cystitis,577.8729826070614
7.666666666667,spinal_coord,36.02569833563534,0.975870464887,0.024129535113,0.574964898757872,57.496489875787205,0.44132971004816274,44.13297100481628,0.24396761622175,24.396761622175,0.030149357872518122,3.014935787251812,0.030149357872518115,0.02110455051076268,scenario,cyp_cystitis,545.1759342777531
7.75,spinal_coord,35.8269090777526,0.975580089859,0.024419910141,0.5746986327366933,57.46986327366933,0.4410714803625911,44.10714803625911,0.24389502246475,24.389502246475,0.030616420659826723,3.061642065982672,0.03061642065982672,0.0214314944618787,scenario,cyp_cystitis,512.4788859488372
7.833333333333,spinal_coord,35.62364898127051,0.975287191815,0.024712808185,0.5744071943199799,57.44071943199799,0.44078052848830657,44.07805284883066,0.24382179795375,24.382179795375,0.03109986218241761,3.1099862182417612,0.031099862182417608,0.021769903527692324,scenario,cyp_cystitis,479.7818376199214
7.916666666667,spinal_coord,35.416023566144844,0.974991770757,0.025008229243,0.5740907424791387,57.40907424791387,0.4404570663865182,44.04570663865182,0.24374794268925,24.374794268925,0.03160086346898817,3.160086346898817,0.03160086346898816,0.02212060442829171,scenario,cyp_cystitis,447.0847892906132
8.0,spinal_coord,35.20414009193764,0.974693826684,0.025306173316,0.5737494410802486,57.37494410802486,0.44010131254566487,44.01013125456649,0.243673456671,24.3673456671,0.03212071390148312,3.212071390148312,0.03212071390148312,0.022484499731038183,scenario,cyp_cystitis,414.3877409616976
8.083333333333,spinal_coord,34.98810746582462,0.974393359596,0.025606640404,0.5725670061095223,57.25670061095223,0.4386248882806963,43.86248882806963,0.243598339899,24.3598339899,0.032013890812601434,3.2013890812601433,0.03201389081260144,0.022409723568821007,scenario,cyp_cystitis,410.5544459612255
8.166666666667,spinal_coord,34.76803614972147,0.974090598538,0.025909401462,0.5713565853014049,57.13565853014049,0.43711191422253987,43.71119142225399,0.2435226496345,24.352264963449997,0.03190287413675209,3.190287413675209,0.031902874136752093,0.022332011895726464,scenario,cyp_cystitis,406.72115096070723
8.25,spinal_coord,34.544038066618164,0.973801178999,0.026198821001,0.5701275284655631,57.01275284655631,0.4355696449544176,43.55696449544176,0.24345029474975,24.345029474975,0.03178772652371784,3.178772652371784,0.03178772652371784,0.022251408566602487,scenario,cyp_cystitis,402.8878559602349
8.333333333333,spinal_coord,34.31622650620696,0.973534605582,0.026465394418,0.5688855403143722,56.888554031437224,0.4340025185584962,43.40025185584962,0.2433836513955,24.33836513955,0.03166851251770949,3.166851251770949,0.03166851251770948,0.022167958762396637,scenario,cyp_cystitis,399.0545609597625
8.416666666667,spinal_coord,34.084716029962316,0.973290323752,0.026709676248,0.5676304203938783,56.763042039387834,0.4324104526078378,43.24104526078378,0.243322580938,24.3322580938,0.031545298506788735,3.1545298506788737,0.03154529850678874,0.02208170895475212,scenario,cyp_cystitis,395.22126595924425
8.5,spinal_coord,33.84962237576058,0.973066970329,0.026933029671,0.5663615036864491,56.63615036864491,0.4307930148055988,43.07930148055988,0.24326674258225,24.326674258225,0.03141815267097357,3.1418152670973574,0.03141815267097357,0.0219927068696815,scenario,cyp_cystitis,391.38797095877214
8.583333333333,spinal_coord,33.611062362123846,0.972864321228,0.027135678772,0.5650787971531853,56.50787971531853,0.42915028912824704,42.9150289128247,0.243216080307,24.321608030700002,0.03128714492906349,3.128714492906349,0.03128714492906349,0.021901001450344442,scenario,cyp_cystitis,387.55467595829975
8.666666666667,spinal_coord,33.36915379224784,0.972680579024,0.027319420976,0.5637814011835467,56.37814011835467,0.427481675236729,42.7481675236729,0.243170144756,24.3170144756,0.031152346884264152,3.115234688426415,0.031152346884264152,0.021806642818984905,scenario,cyp_cystitis,383.72138095778166
8.75,spinal_coord,33.12401535789928,0.972515243792,0.027484756208,0.5624691801140054,56.24691801140054,0.4257871588880071,42.57871588880071,0.243128810948,24.3128810948,0.03101383176865363,3.101383176865363,0.03101383176865363,0.02170968223805754,scenario,cyp_cystitis,379.8880859573094
8.833333333333,spinal_coord,32.87576654326415,0.972368022409,0.027631977591,0.5611421252134854,56.11421252134854,0.4240668261483138,42.40668261483138,0.24309200560225,24.309200560225,0.030871674386529865,3.0871674386529864,0.030871674386529865,0.021610172070570904,scenario,cyp_cystitis,376.05479095683717
8.916666666667,spinal_coord,32.62452752890709,0.972237855148,0.027762144852,0.5597997932157055,55.97997932157055,0.4223204392382741,42.23204392382741,0.243059463787,24.3059463787,0.030725951056725237,3.072595105672524,0.03072595105672524,0.021508165739707666,scenario,cyp_cystitis,372.2214959563189
9.0,spinal_coord,32.37041909592325,0.972123608304,0.027876391696,0.5584417095935018,55.84417095935018,0.4205477433566691,42.05477433566691,0.243030902076,24.3030902076,0.030576739553932204,3.0576739553932204,0.0305767395539322,0.021403717687752538,scenario,cyp_cystitis,368.38820095584657
9.083333333333,spinal_coord,32.11356253036023,0.972024148236,0.027975851764,0.557067411984306,55.7067411984306,0.4187484999004079,41.874849990040794,0.243006037059,24.300603705900002,0.030424119049082002,3.0424119049082003,0.030424119049082002,0.0212968833343574,scenario,cyp_cystitis,364.5549059553746
9.166666666667,spinal_coord,31.85407952806846,0.971938366032,0.028061633968,0.5556764647940734,55.56764647940734,0.41692249771476453,41.692249771476455,0.242984591508,24.2984591508,0.03026817004886736,3.0268170048867358,0.030268170048867355,0.021187719034207148,scenario,cyp_cystitis,360.72161095485626
9.25,spinal_coord,31.59209210005674,0.97186603044,0.02813396956,0.5542689459569246,55.42689459569245,0.4150699177958993,41.50699177958993,0.24296650761,24.296650761,0.030108974334455075,3.0108974334455074,0.030108974334455075,0.02107628203411855,scenario,cyp_cystitis,356.88831595438404
9.333333333333,spinal_coord,31.327722478424782,0.971806815508,0.028193184492,0.5528448879771504,55.284488797715035,0.4131909121335339,41.319091213353396,0.242951703877,24.2951703877,0.029946614899431855,2.9946614899431854,0.029946614899431855,0.020962630429602298,scenario,cyp_cystitis,353.05502095391154
9.416666666667,spinal_coord,31.06109302302864,0.971760070796,0.028239929204,0.5514041484839686,55.14041484839686,0.4112855077132914,41.128550771329145,0.242940017699,24.2940017699,0.02978117588707916,2.978117588707916,0.02978117588707916,0.02084682312095541,scenario,cyp_cystitis,349.2217259533935
9.5,spinal_coord,30.792326128948886,0.971725145864,0.028274854136,0.5499465965471095,54.99465965471095,0.40935374677481273,40.93537467748127,0.242931286466,24.2931286466,0.029612742527023925,2.9612742527023928,0.029612742527023925,0.020728919768916748,scenario,cyp_cystitis,345.38843095292106
9.583333333333,spinal_coord,30.52154413482765,0.97170142785,0.02829857215,0.548472134230163,54.847213423016306,0.40739570302355066,40.73957030235506,0.2429253569625,24.29253569625,0.029441401071309617,2.944140107130962,0.029441401071309617,0.020608980749916732,scenario,cyp_cystitis,341.55513595244895
9.666666666667,spinal_coord,30.24886923222546,0.971688620686,0.028311379314,0.5469808538126437,54.69808538126437,0.4054115981881916,40.54115981881916,0.2429221551715,24.29221551715,0.029267238729987363,2.9267238729987364,0.02926723872998736,0.02048706711099115,scenario,cyp_cystitis,337.7218409519306
9.75,spinal_coord,29.974423376060766,0.971686289348,0.028313710652,0.5454727798050407,54.54727798050407,0.40340160995738766,40.34016099573876,0.242921572337,24.292157233700003,0.029090343606274358,2.909034360627436,0.029090343606274365,0.020363240524392055,scenario,cyp_cystitis,333.8885459514586
9.833333333333,spinal_coord,29.698328196190843,0.971693942468,0.028306057532,0.5439479165182329,54.39479165182329,0.40136590786831056,40.13659078683106,0.242923485617,24.2923485617,0.028910804631324873,2.891080463132487,0.028910804631324873,0.02023756324192741,scenario,cyp_cystitis,330.0552509509863
9.916666666667,spinal_coord,29.42070491027929,0.971711088679,0.028288911321,0.5424062802174534,54.24062802174534,0.39930467739693787,39.93046773969379,0.24292777216975,24.292777216975,0.028728711498716142,2.872871149871614,0.02872871149871614,0.020110098049101296,scenario,cyp_cystitis,326.221955950468
10.0,spinal_coord,29.14167423800479,0.971737285071,0.028262714929,0.5408479263458641,54.08479263458641,0.39721814010415224,39.72181401041522,0.24293432126775,24.293432126775,0.028544154598696875,2.8544154598696876,0.028544154598696875,0.019980908219087812,scenario,cyp_cystitis,322.38866094999565
10.083333333333,spinal_coord,28.861356316661777,0.971772240616,0.028227759384,0.5392730067629404,53.927300676294045,0.3951065954785873,39.51065954785873,0.242943060154,24.2943060154,0.028357224952243066,2.8357224952243065,0.028357224952243062,0.01985005746657014,scenario,cyp_cystitis,318.55536594952343
10.166666666667,spinal_coord,28.579870618291196,0.971815560511,0.028184439489,0.5376816272513827,53.76816272513827,0.39297031616484357,39.297031616484354,0.24295389012775,24.295389012775,0.028168014145026062,2.8168014145026063,0.028168014145026062,0.019717609901518243,scenario,cyp_cystitis,314.72207094900534
10.25,spinal_coord,28.297335868387226,0.971866838745,0.028133161255,0.5360738996219938,53.60738996219938,0.39080958658099174,39.08095865809918,0.24296670968625,24.296670968625,0.027976614261339586,2.7976614261339585,0.027976614261339586,0.01958362998293771,scenario,cyp_cystitis,310.88877594853284
10.333333333333,spinal_coord,28.01386996622164,0.971925669307,0.028074330693,0.534449948152667,53.444994815266696,0.38862470776788927,38.862470776788925,0.24298141732675,24.298141732675,0.02778311781802976,2.778311781802976,0.027783117818029758,0.01944818247262083,scenario,cyp_cystitis,307.0554809480607
10.416666666667,spinal_coord,27.729589906916193,0.971991784322,0.028008215678,0.5328099854774128,53.28099854774128,0.38641605252921707,38.64160525292171,0.2429979460805,24.29979460805,0.02758761769853462,2.758761769853462,0.02758761769853462,0.019311332388974232,scenario,cyp_cystitis,303.2221859475424
10.5,spinal_coord,27.444611705299284,0.972065030533,0.027934969467,0.5311542986830328,53.11542986830327,0.3841840547330437,38.41840547330437,0.24301625763325,24.301625763325,0.027390207087078046,2.7390207087078045,0.027390207087078042,0.019173144960954628,scenario,cyp_cystitis,299.38889094707025
10.583333333333,spinal_coord,27.15905032157928,0.972145075896,0.027854924104,0.5294830886024864,52.94830886024864,0.3819290928379819,38.19290928379819,0.243036268974,24.3036268974,0.027190979403061248,2.7190979403061246,0.027190979403061245,0.01903368558214287,scenario,cyp_cystitis,295.55559594659803
10.666666666667,spinal_coord,26.87301958895602,0.972231586317,0.027768413683,0.5277965674253354,52.77965674253354,0.37965156112811393,37.96515611281139,0.24305789657925,24.305789657925,0.02699002823575828,2.699002823575828,0.02699002823575828,0.018893019765030796,scenario,cyp_cystitis,291.7223009460796
10.75,spinal_coord,26.586632143196866,0.972324227705,0.027675772295,0.5260949599156233,52.609495991562326,0.3773518706524977,37.73518706524977,0.24308105692625,24.308105692625002,0.02678744727935874,2.678744727935874,0.026787447279358743,0.01875121309555112,scenario,cyp_cystitis,287.8890059456076
10.833333333333,spinal_coord,26.299999354199883,0.972422665968,0.027577334032,0.5243785034804822,52.43785034804822,0.37503044931797624,37.503044931797625,0.243105666492,24.3105666492,0.026583330268398698,2.6583330268398697,0.026583330268398698,0.018608331187879086,scenario,cyp_cystitis,284.0557109451353
10.916666666667,spinal_coord,26.0132312596562,0.972526567013,0.027473432987,0.5226474482224137,52.26474482224137,0.372687741958885,37.2687741958885,0.24313164175325,24.313164175325,0.0263777709136857,2.63777709136857,0.0263777709136857,0.01846443963957999,scenario,cyp_cystitis,280.22241594461696
11.0,spinal_coord,25.726436500827752,0.972635596748,0.027364403252,0.5209020569732594,52.09020569732594,0.37032421038167923,37.032421038167925,0.243158899187,24.3158899187,0.026170862838758496,2.6170862838758495,0.026170862838758496,0.018319603987130947,scenario,cyp_cystitis,276.38912094414485
11.083333333333,spinal_coord,25.439722260452854,0.972749421081,0.027250578919,0.5191426053063146,51.91426053063146,0.3679403333814195,36.79403333814195,0.24318735527025,24.318735527025,0.02596269951691967,2.596269951691967,0.02596269951691967,0.018173889661843766,scenario,cyp_cystitis,272.5558259436725
11.166666666667,spinal_coord,25.15319420288181,0.972867856612,0.027132143388,0.5173694616662564,51.73694616662564,0.36553666335100854,36.55366633510086,0.243216964153,24.3216964153,0.025753374208945603,2.5753374208945603,0.025753374208945603,0.01802736194626192,scenario,cyp_cystitis,268.7225309431543
11.25,spinal_coord,24.86695641644836,0.972991012519,0.027008987481,0.5155831610907708,51.55831610907708,0.3631138772813612,36.31138772813612,0.24324775312975,24.324775312975,0.02554297990151112,2.554297990151112,0.02554297990151112,0.017880085931057783,scenario,cyp_cystitis,264.88923594268215
11.333333333333,spinal_coord,24.581111358079326,0.973118687807,0.026881312193,0.513784084091885,51.3784084091885,0.36067254952017996,36.067254952018,0.24327967195175,24.327967195175,0.02533160924636364,2.533160924636364,0.02533160924636364,0.017732126472454545,scenario,cyp_cystitis,261.05594094220976
11.416666666667,spinal_coord,24.295759800234364,0.973250663564,0.026749336436,0.5119726132560766,51.197261325607656,0.3582132631534354,35.82132631534354,0.243312665891,24.3312665891,0.025119354500348866,2.5119354500348865,0.025119354500348863,0.017583548150244203,scenario,cyp_cystitis,257.2226459416916
11.5,spinal_coord,24.011000780171315,0.973386720879,0.026613279121,0.5101491426979915,51.01491426979915,0.3557366166376554,35.573661663765535,0.24334668021975,24.334668021975002,0.024906307466321418,2.490630746632142,0.02490630746632142,0.017434415226424995,scenario,cyp_cystitis,253.38935094121928
11.583333333333,spinal_coord,23.72693155152946,0.97352664084,0.02647335916,0.5083140779284223,50.83140779284223,0.3532432236245631,35.324322362456314,0.24338166021,24.338166021,0.024692559434971204,2.4692559434971204,0.024692559434971204,0.017284791604479842,scenario,cyp_cystitis,249.556055940747
11.666666666667,spinal_coord,23.443647538312238,0.973670204535,0.026329795465,0.5064678357018041,50.64678357018041,0.3507337127574055,35.07337127574055,0.24341755113375,24.341755113375,0.024478201127664523,2.4478201127664523,0.024478201127664523,0.017134740789365166,scenario,cyp_cystitis,245.72276094022874
11.75,spinal_coord,23.161242291254588,0.973817193053,0.026182806947,0.5046108438411181,50.46108438411181,0.34820872743715753,34.82087274371575,0.24345429826325,24.345429826325,0.024263322640328377,2.4263322640328377,0.02426332264032838,0.016984325848229866,scenario,cyp_cystitis,241.8894659397566
11.833333333333,spinal_coord,22.87980744655767,0.973967387482,0.026032612518,0.5027435410381768,50.27435410381768,0.3456689255569023,34.56689255569023,0.2434918468705,24.34918468705,0.024048013388404704,2.4048013388404703,0.024048013388404704,0.01683360937188329,scenario,cyp_cystitis,238.05617093928436
11.916666666667,spinal_coord,22.59943268706182,0.974120839447,0.025879160553,0.5008665157354111,50.086651573541104,0.3431150744982147,34.31150744982147,0.24353020986175,24.353020986175,0.02383236205296908,2.383236205296908,0.02383236205296908,0.016682653437078355,scenario,cyp_cystitis,234.22287593876604
12.0,spinal_coord,22.32020570583325,0.974278641229,0.025721358771,0.49898089757017705,49.89808975701771,0.3405483163505694,34.05483163505694,0.24356966030725,24.356966030725,0.023616456528037462,2.3616456528037464,0.023616456528037462,0.016531519569626223,scenario,cyp_cystitis,230.3895809382938
12.083333333333,spinal_coord,22.042212172137784,0.974441031039,0.025558968961,0.49698376770774,49.698376770774,0.33783134659731995,33.78313465973199,0.24361025775975,24.361025775975,0.023327976859115727,2.3327976859115727,0.023327976859115723,0.016329583801381005,scenario,cyp_cystitis,230.4545788761828
12.166666666667,spinal_coord,21.76553569986205,0.974608120892,0.025391879108,0.4949800644834952,49.49800644834952,0.3351040456806603,33.51040456806603,0.243652030223,24.3652030223,0.023040719278289986,2.3040719278289985,0.023040719278289986,0.01612850349480299,scenario,cyp_cystitis,230.51957681407262
12.25,spinal_coord,21.4902578183485,0.9747800228,0.0252199772,0.492970455574608,49.2970455574608,0.33236726649947734,33.236726649947734,0.2436950057,24.36950057,0.022754770234458946,2.2754770234458945,0.02275477023445895,0.015928339164121265,scenario,cyp_cystitis,230.5845747519617
12.333333333333,spinal_coord,21.216457945608344,0.974956848778,0.025043151222,0.49095561487347583,49.09556148734758,0.32962187023863443,32.96218702386344,0.2437392121945,24.37392121945,0.022470214161232592,2.247021416123259,0.022470214161232595,0.015729149912862814,scenario,cyp_cystitis,230.64957268985071
12.416666666667,spinal_coord,20.944213363963016,0.975138710839,0.024861289161,0.48893622206710446,48.89362220671045,0.32686872580980597,32.6868725809806,0.24378467770975,24.378467770975,0.02218713344366369,2.218713344366369,0.022187133443663694,0.015530993410564584,scenario,cyp_cystitis,230.71457062774036
12.5,spinal_coord,20.673599198071607,0.975325720998,0.024674279002,0.48691296220207164,48.691296220207164,0.32410870927009555,32.410870927009555,0.2438314302495,24.383143024949998,0.021905608387317064,2.1905608387317064,0.021905608387317064,0.015333925871121944,scenario,cyp_cystitis,230.7795685656295
12.583333333333,spinal_coord,20.404688395300088,0.975517991267,0.024482008733,0.4848865252262464,48.48865252262464,0.3213427032126619,32.134270321266186,0.24387949781675,24.387949781675,0.021625717189653778,2.1625717189653777,0.021625717189653778,0.015138002032757643,scenario,cyp_cystitis,230.84456650351845
12.666666666667,spinal_coord,20.137551708473275,0.975715491874,0.024284508126,0.48285753535141573,48.28575353514157,0.3185715498438877,31.85715498438877,0.2439288729685,24.39288729685,0.021347535913795734,2.1347535913795737,0.021347535913795738,0.014943275139657016,scenario,cyp_cystitis,230.90956444140835
12.75,spinal_coord,19.872257680958857,0.975917103665,0.024082896335,0.4808260852371239,48.08260852371239,0.31579574576116526,31.579574576116524,0.24397927591625,24.397927591625,0.021071138464640548,2.107113846464055,0.021071138464640544,0.01474979692524838,scenario,cyp_cystitis,230.97456237929728
12.833333333333,spinal_coord,19.608872634031787,0.976122396037,0.023877603963,0.47879261948320734,47.87926194832073,0.3130160272986098,31.301602729860978,0.24403059900925,24.403059900925,0.020796596567294785,2.0796596567294783,0.020796596567294785,0.014557617597106349,scenario,cyp_cystitis,231.03956031718633
12.916666666667,spinal_coord,19.3474606565507,0.976331162261,0.023668837739,0.4767576996882009,47.67576996882009,0.31023321216393457,31.023321216393455,0.24408279056525,24.408279056525,0.020523979747880314,2.0523979747880317,0.020523979747880314,0.014366785823516219,scenario,cyp_cystitis,231.10455825507617
13.0,spinal_coord,19.088083596888502,0.976543195608,0.023456804392,0.4747218926269393,47.47218926269393,0.30744812496658575,30.744812496658575,0.244135798902,24.413579890199998,0.020253355316674396,2.0253355316674395,0.020253355316674396,0.014177348721672076,scenario,cyp_cystitis,231.1695561929652
13.083333333333,spinal_coord,18.830801057058515,0.976758289349,0.023241710651,0.47268576968694875,47.26857696869487,0.30466159646626495,30.466159646626494,0.24418957233725,24.418957233725,0.019984788353543025,1.9984788353543024,0.019984788353543025,0.013989351847480116,scenario,cyp_cystitis,231.2345541308542
13.166666666667,spinal_coord,18.575670389059344,0.976976236756,0.023023763244,0.47064990628773185,47.06499062877319,0.30187446279830915,30.187446279830915,0.244244059189,24.4244059189,0.019718341695711454,1.9718341695711454,0.019718341695711458,0.013802839186998019,scenario,cyp_cystitis,231.29955206874394
13.25,spinal_coord,18.322746693374178,0.9771968311,0.0228031689,0.4686148812818052,46.86148812818052,0.29908756467574027,29.908756467574026,0.244299207775,24.4299207775,0.019454075927824093,1.9454075927824093,0.019454075927824093,0.013617853149476864,scenario,cyp_cystitis,231.364550006633
13.333333333333,spinal_coord,18.07208281955989,0.977419865652,0.022580134348,0.4665812763412588,46.658127634125876,0.29630174657101166,29.630174657101165,0.244354966413,24.4354966413,0.01919204937424484,1.919204937424484,0.019192049374244843,0.01343443456197139,scenario,cyp_cystitis,231.429547944522
13.416666666667,spinal_coord,17.823729368941265,0.977645118228,0.022354881772,0.46454966798573216,46.45496679857322,0.2935178512383095,29.351785123830947,0.244411279557,24.4411279557,0.018932318093631603,1.8932318093631602,0.018932318093631603,0.013252622665542122,scenario,cyp_cystitis,231.49454588241187
13.5,spinal_coord,17.577734699340596,0.977872087952,0.022127912048,0.46252050260213184,46.25205026021318,0.2907366408188425,29.07366408188425,0.244468021988,24.4468021988,0.018674935875729215,1.8674935875729215,0.01867493587572921,0.013072455113010447,scenario,cyp_cystitis,231.55954382030072
13.583333333333,spinal_coord,17.334144931772798,0.978100393417,0.021899606583,0.4604942862868878,46.04942862868878,0.2879589172435171,28.79589172435171,0.24452509835425,24.452509835424998,0.018419954240323996,1.8419954240323995,0.018419954240323996,0.012893967968226797,scenario,cyp_cystitis,231.62454175818974
13.666666666667,spinal_coord,17.093003959114462,0.978329745507,0.021670254493,0.4584715701322487,45.84715701322487,0.28518551167399825,28.518551167399824,0.24458243637675,24.458243637675,0.01816742243838421,1.816742243838421,0.018167422438384213,0.01271719570686895,scenario,cyp_cystitis,231.68953969607966
13.75,spinal_coord,16.85435345667236,0.978559855105,0.021440144895,0.45645290548944917,45.645290548944914,0.2824172556175989,28.24172556175989,0.24463996377625,24.463996377625,0.01791738745532317,1.791738745532317,0.017917387455323175,0.012542171218726222,scenario,cyp_cystitis,231.7545376339686
13.833333333333,spinal_coord,16.618232894577453,0.978790433095,0.021209566905,0.4544388432801405,45.44388432801405,0.2796549800085207,27.96549800085207,0.24469760827375,24.469760827375,0.017669894016321394,1.7669894016321395,0.017669894016321394,0.012368925811424975,scenario,cyp_cystitis,231.81953557185759
13.916666666667,spinal_coord,16.384679552006595,0.97902119036,0.02097880964,0.4524299332987392,45.24299332987392,0.27689951427831894,27.689951427831893,0.24475529759,24.475529759,0.01742498459372305,1.7424984593723052,0.017424984593723047,0.012197489215606133,scenario,cyp_cystitis,231.88453350974737
14.0,spinal_coord,16.153728533153735,0.979251837785,0.020748162215,0.45042672351122254,45.042672351122256,0.2741516854199634,27.415168541996337,0.24481295944625,24.481295944625,0.01718269941643698,1.7182699416436982,0.017182699416436978,0.012027889591505884,scenario,cyp_cystitis,231.94953144763642
14.083333333333,spinal_coord,15.925412784873572,0.979482086253,0.020517913747,0.4484297593461739,44.84297593461739,0.2714123170438985,27.141231704389853,0.24487052156325,24.487052156325,0.016943076481272707,1.6943076481272707,0.016943076481272707,0.011860153536890895,scenario,cyp_cystitis,232.01452938552555
14.166666666667,spinal_coord,15.699763115994323,0.979711649802,0.020288350198,0.4464395844238817,44.64395844238817,0.2686822292978423,26.86822292978423,0.2449279124505,24.49279124505,0.016706151566218422,1.6706151566218421,0.016706151566218425,0.011694306096352898,scenario,cyp_cystitis,232.07952732341522
14.25,spinal_coord,15.476808218218885,0.979940702632,0.020059297368,0.4444569470900184,44.445694709001835,0.26596236190935785,26.596236190935784,0.244985175658,24.4985175658,0.016471958245585734,1.6471958245585734,0.01647195824558573,0.011530370771910011,scenario,cyp_cystitis,232.14452526130438
14.333333333333,spinal_coord,15.25657468853495,0.980169397904,0.019830602096,0.4424825775969854,44.24825775969854,0.26325363749464714,26.325363749464714,0.245042349476,24.5042349476,0.016240527906946585,1.6240527906946585,0.016240527906946585,0.011368369534862609,scenario,cyp_cystitis,232.20952319919334
14.416666666667,spinal_coord,15.039087053126318,0.980397606277,0.019602393723,0.44051707018411235,44.051707018411236,0.2605568914864831,26.05568914864831,0.24509940156925,24.509940156925,0.016011889769861957,1.6011889769861958,0.016011889769861957,0.011208322838903368,scenario,cyp_cystitis,232.27452113708316
14.5,spinal_coord,14.824367792702853,0.980625198412,0.019374801588,0.43856101173349166,43.85610117334917,0.2578729495073222,25.78729495073222,0.245156299603,24.5156299603,0.015786070906322693,1.5786070906322693,0.015786070906322693,0.011050249634425885,scenario,cyp_cystitis,232.33951907497223
14.583333333333,spinal_coord,14.612437369168479,0.980852044969,0.019147955031,0.43661498109504837,43.661498109504834,0.25520262647039776,25.520262647039775,0.24521301124225,24.521301124225,0.01556309626282391,1.556309626282391,0.015563096262823909,0.010894167383976736,scenario,cyp_cystitis,232.4045170128612
14.666666666667,spinal_coord,14.403314253615598,0.981078016608,0.018921983392,0.43467954842299183,43.467954842299186,0.25254672569465575,25.254672569465576,0.245269504152,24.526950415199998,0.015342988684066068,1.5342988684066068,0.015342988684066066,0.010740092078846245,scenario,cyp_cystitis,232.46951495075092
14.75,spinal_coord,14.197014955562757,0.981302983989,0.018697016011,0.4327552745227718,43.27552745227718,0.24990603803402905,24.990603803402905,0.24532574599725,24.532574599725,0.015125768938199894,1.5125768938199895,0.015125768938199894,0.010588038256739925,scenario,cyp_cystitis,232.53451288864008
14.833333333333,spinal_coord,13.993554053354469,0.981526817772,0.018473182228,0.4308427102103621,43.08427102103621,0.24728134102314944,24.728134102314943,0.245381704443,24.5381704443,0.01491145574353351,1.491145574353351,0.014911455743533508,0.010438019020473454,scenario,cyp_cystitis,232.59951082652907
14.916666666667,spinal_coord,13.792944225708737,0.981749388619,0.018250611381,0.4289423956867445,42.89423956867445,0.24467339804265936,24.467339804265936,0.24543734715475,24.543734715475,0.014700065796689582,1.4700065796689583,0.014700065796689584,0.010290046057682708,scenario,cyp_cystitis,232.66450876441874
15.0,spinal_coord,13.595196284329264,0.981970685912,0.018029314088,0.42705491155708064,42.70549115570807,0.24208298677210757,24.208298677210756,0.245492671478,24.5492671478,0.0144916138021274,1.4491613802127399,0.0144916138021274,0.01014412966148918,scenario,cyp_cystitis,232.72950670230773
15.083333333333,spinal_coord,13.400319207501653,0.982190788034,0.017809211966,0.4251808641813138,42.51808641813138,0.23951088956375174,23.951088956375173,0.2455476970085,24.55476970085,0.014286112502946341,1.428611250294634,0.014286112502946341,0.010000278752062438,scenario,cyp_cystitis,232.79450464019672
15.166666666667,spinal_coord,13.208320174657178,0.982409626575,0.017590373425,0.4233207826284212,42.332078262842124,0.23695783464622827,23.695783464622828,0.24560240664375,24.560240664374998,0.014083572712954351,1.408357271295435,0.014083572712954351,0.009858500899068045,scenario,cyp_cystitis,232.8595025780867
15.25,spinal_coord,13.01920460182205,0.982627131817,0.017372868183,0.42147518200648504,42.147518200648506,0.23442453206964675,23.442453206964675,0.24565678295425,24.565678295425002,0.013884003349915063,1.3884003349915064,0.013884003349915063,0.009718802344940543,scenario,cyp_cystitis,232.92450051597572
15.333333333333,spinal_coord,12.832976177872734,0.982843234043,0.017156765957,0.41964456351207957,41.96445635120796,0.23191167333510607,23.191167333510606,0.24571080851075,24.571080851075,0.013687411469889343,1.3687411469889343,0.013687411469889344,0.00958118802892254,scenario,cyp_cystitis,232.9894984538647
15.416666666667,spinal_coord,12.64963690157968,0.983057863537,0.016942136463,0.41782941393095085,41.782941393095086,0.22941993072893446,22.941993072893446,0.24576446588425,24.576446588425,0.01349380230265156,1.3493802302651559,0.01349380230265156,0.009445661611856091,scenario,cyp_cystitis,233.0544963917544
15.5,spinal_coord,12.469187119359093,0.983270950579,0.016729049421,0.4160302051607257,41.60302051607257,0.22694995668796758,22.694995668796757,0.24581773764475,24.581773764475003,0.013303179288094184,1.3303179288094185,0.013303179288094182,0.009312225501665926,scenario,cyp_cystitis,233.11949432964352
15.583333333333,spinal_coord,12.291625563655405,0.983482425454,0.016517574546,0.41424739376458514,41.42473937645851,0.22450238320144683,22.450238320144685,0.2458706063635,24.58706063635,0.013115544113536775,1.3115544113536775,0.013115544113536777,0.009180880879475743,scenario,cyp_cystitis,233.1844922675325
15.666666666667,spinal_coord,12.116949391936163,0.983692218444,0.016307781556,0.4124814205441175,41.24814205441175,0.22207782124415665,22.207782124415665,0.245923054611,24.5923054611,0.012930896751917416,1.2930896751917416,0.012930896751917416,0.00905162772634219,scenario,cyp_cystitis,233.24949020542223
15.75,spinal_coord,11.945154226221536,0.983900264975,0.016099735025,0.41073271229134145,41.07327122913414,0.21967686139678855,21.967686139678854,0.24597506624375,24.597506624375,0.012749235500781107,1.2749235500781106,0.012749235500781109,0.008924464850546775,scenario,cyp_cystitis,233.31448814331125
15.833333333333,spinal_coord,11.776234193073714,0.98410651172,0.01589348828,0.409001683908752,40.9001683908752,0.21730007463833606,21.730007463833605,0.24602662793,24.602662793,0.012570557021982565,1.2570557021982565,0.012570557021982565,0.008799389915387795,scenario,cyp_cystitis,233.37948608120035
15.916666666667,spinal_coord,11.610181964028126,0.984310893956,0.015689106044,0.40728872859834064,40.72887285983406,0.21494800681245416,21.494800681245415,0.246077723489,24.6077723489,0.012394856382080145,1.2394856382080144,0.012394856382080146,0.008676399467456101,scenario,cyp_cystitis,233.44448401909023
16.0,spinal_coord,11.446988796391697,0.984513346171,0.015486653829,0.40559422202690576,40.55942220269058,0.21262118064554103,21.2621180645541,0.24612833654275,24.612833654274997,0.012222127093337353,1.2222127093337354,0.012222127093337351,0.008555488965336144,scenario,cyp_cystitis,233.50948195697924
16.083333333333,spinal_coord,11.286644574336826,0.984713802854,0.015286197146,0.4039185223771317,40.391852237713174,0.21032009555150896,21.032009555150896,0.2461784507135,24.61784507135,0.012052361155251604,1.2052361155251605,0.012052361155251604,0.008436652808676122,scenario,cyp_cystitis,233.57447989486815
16.166666666667,spinal_coord,11.129137850273638,0.984912198495,0.015087801505,0.4022619700979042,40.22619700979042,0.2080452272988723,20.80452272988723,0.24622804962375,24.622804962375,0.011885549096586605,1.1885549096586605,0.011885549096586605,0.008319884367610624,scenario,cyp_cystitis,233.639477832758
16.25,spinal_coord,10.974455886429423,0.985108467583,0.014891532417,0.40062488768446347,40.06248876844635,0.20579702771828468,20.57970277182847,0.24627711689575,24.627711689574998,0.011721680017827583,1.1721680017827583,0.011721680017827583,0.008205176012479307,scenario,cyp_cystitis,233.7044757706469
16.333333333333,spinal_coord,10.822584696567871,0.985302544605,0.014697455395,0.39900757948970256,39.90075794897025,0.20357592445127007,20.357592445127008,0.24632563615125,24.632563615125,0.011560741633982229,1.156074163398223,0.011560741633982227,0.00809251914378756,scenario,cyp_cystitis,233.76947370853614
16.416666666667,spinal_coord,10.673509087831722,0.985494364052,0.014505635948,0.39741033156954797,39.7410331569548,0.20138232074206397,20.138232074206396,0.246373591013,24.6373591013,0.011402720317703995,1.1402720317703996,0.011402720317703995,0.007981904222392797,scenario,cyp_cystitis,233.8344716464258
16.5,spinal_coord,10.527212702642048,0.985683861392,0.014316138608,0.3958334119477267,39.58334119477267,0.19921659546630227,19.921659546630227,0.246420965348,24.6420965348,0.011247601142660754,1.1247601142660755,0.011247601142660754,0.007873320799862528,scenario,cyp_cystitis,233.8994695843149
16.583333333333,spinal_coord,10.38367806059096,0.985871001781,0.014128998219,0.3942770819949723,39.42770819949723,0.19707910873296308,19.707910873296306,0.24646775044525,24.646775044525,0.011095367927075403,1.1095367927075404,0.011095367927075401,0.00776675754895278,scenario,cyp_cystitis,233.96446752220385
16.666666666667,spinal_coord,10.242886600313069,0.986055783542,0.013944216458,0.39274159750874627,39.274159750874624,0.1949702021643283,19.49702021643283,0.2465139458855,24.651394588549998,0.010946003277416285,1.0946003277416285,0.010946003277416285,0.0076622022941913994,scenario,cyp_cystitis,234.02946546009366
16.75,spinal_coord,10.104818721273466,0.986238206676,0.013761793324,0.39122719592899036,39.12271959289904,0.1928901923466538,19.289019234665382,0.246559551669,24.6559551669,0.01079948863216476,1.079948863216476,0.01079948863216476,0.007559642042515331,scenario,cyp_cystitis,234.09446339798262
16.833333333333,spinal_coord,9.969453825413627,0.986418271182,0.013581728818,0.3897340956729668,38.97340956729668,0.19083937050328906,19.083937050328906,0.2466045677955,24.66045677955,0.010655804305590898,1.0655804305590897,0.010655804305590898,0.007459063013913628,scenario,cyp_cystitis,234.15946133587175
16.916666666667,spinal_coord,9.836770358642628,0.98659597706,0.01340402294,0.3882624961791793,38.82624961791793,0.1888180025522391,18.88180025522391,0.246648994265,24.6648994265,0.010514929531517085,1.0514929531517085,0.010514929531517085,0.007360450672061959,scenario,cyp_cystitis,234.2244592737615
17.0,spinal_coord,9.706745852116285,0.986771324311,0.013228675689,0.3868125779798096,38.68125779798096,0.1868263292027462,18.68263292027462,0.24669283107775,24.669283107775,0.010376842507001644,1.0376842507001645,0.010376842507001646,0.007263789754901152,scenario,cyp_cystitis,234.2894572116505
17.083333333333,spinal_coord,9.57935696325052,0.986944312934,0.013055687066,0.3853845028009379,38.53845028009379,0.1848645660899172,18.48645660899172,0.2467360782335,24.67360782335,0.01024152043587856,1.024152043587856,0.01024152043587856,0.007169064305114991,scenario,cyp_cystitis,234.35445514953943
17.166666666667,spinal_coord,9.45457951645868,0.987114942929,0.012885057071,0.3839784136937278,38.397841369372784,0.18293290394863707,18.293290394863707,0.24677873573225,24.677873573225,0.010108939572135303,1.0108939572135303,0.010108939572135303,0.007076257700494712,scenario,cyp_cystitis,234.4194530874294
17.25,spinal_coord,9.332388543560498,0.987283214297,0.012716785703,0.3825944351920997,38.25944351920997,0.18103150882379954,18.103150882379953,0.24682080357425,24.682080357424997,0.009979075263066383,0.9979075263066384,0.009979075263066383,0.006985352684146468,scenario,cyp_cystitis,234.4844510253184
17.333333333333,spinal_coord,9.212758323814075,0.98744909575,0.01255090425,0.38123266141671713,38.123266141671714,0.1791605166389562,17.916051663895622,0.2468622739375,24.68622739375,0.009851901992143867,0.9851901992143867,0.009851901992143865,0.006896331394500705,scenario,cyp_cystitis,234.5494489632073
17.416666666667,spinal_coord,9.095662423563184,0.987612528253,0.012387471747,0.3798931578701456,37.98931578701456,0.1773200344091941,17.73200344091941,0.24690313206325,24.690313206325,0.009727393421589925,0.9727393421589925,0.009727393421589927,0.006809175395112948,scenario,cyp_cystitis,234.6144469010972
17.5,spinal_coord,8.981073735452783,0.987773510418,0.012226489582,0.37857599458683844,37.85759945868384,0.17551015597645125,17.551015597645126,0.2469433776045,24.69433776045,0.009605522434594468,0.9605522434594468,0.009605522434594468,0.006723865704216127,scenario,cyp_cystitis,234.6794448389862
17.583333333333,spinal_coord,8.868964517169296,0.987932042245,0.012067957755,0.3772812244981162,37.72812244981162,0.1737309519158216,17.37309519158216,0.24698301056125,24.698301056125,0.009486261177124936,0.9486261177124935,0.009486261177124936,0.006640382823987455,scenario,cyp_cystitis,234.7444427768751
17.666666666667,spinal_coord,8.759306429700697,0.988088123734,0.011911876266,0.3760088831768322,37.600888317683214,0.17198246965777625,17.198246965777624,0.2470220309335,24.70220309335,0.009369581099316363,0.9369581099316362,0.009369581099316363,0.006558706769521454,scenario,cyp_cystitis,234.80944071476503
17.75,spinal_coord,8.652070575074559,0.988241754885,0.011758245115,0.3747589891418306,37.47589891418306,0.17026473389410748,17.02647338941075,0.24706043872125,24.706043872125,0.00925545299639071,0.9255452996390711,0.009255452996390709,0.006478817097473496,scenario,cyp_cystitis,234.874438652654
17.833333333333,spinal_coord,8.547227533535803,0.988392935699,0.011607064301,0.37353154418342616,37.35315441834261,0.1685777470115682,16.85777470115682,0.24709823392475,24.709823392475,0.009143847049058337,0.9143847049058338,0.009143847049058339,0.006400692934340837,scenario,cyp_cystitis,234.93943659054295
17.916666666667,spinal_coord,8.444747400162024,0.988541666174,0.011458333826,0.3723265337067585,37.23265337067585,0.1669214895510113,16.69214895510113,0.2471354165435,24.71354165435,0.009034732863393147,0.9034732863393147,0.009034732863393145,0.006324313004375201,scenario,cyp_cystitis,235.00443452843288
18.0,spinal_coord,8.3445998208798,0.988687946311,0.011312053689,0.3711439270973569,37.11439270973569,0.16529592069280916,16.529592069280916,0.24717198657775,24.717198657775,0.008928079510136341,0.8928079510136342,0.008928079510136343,0.0062496556570954395,scenario,cyp_cystitis,235.06943246632193
18.083333333333,spinal_coord,8.246754027848851,0.988831776438,0.011168223562,0.3699836782227238,36.998367822272385,0.16370097881763176,16.370097881763176,0.2472079441095,24.72079441095,0.0088238555633876,0.88238555633876,0.0088238555633876,0.0061766988943713205,scenario,cyp_cystitis,235.1344304042108
18.166666666667,spinal_coord,8.151178874214828,0.988973179952,0.011026820048,0.3688457343086781,36.88457343086781,0.16213658576090417,16.213658576090417,0.247243294988,24.7243294988,0.008722029138678741,0.8722029138678742,0.008722029138678743,0.00610542039707512,scenario,cyp_cystitis,235.19942834210065
18.25,spinal_coord,8.05784286819924,0.989112171243,0.010887828757,0.3677300242893593,36.77300242893593,0.16060264197147908,16.06026419714791,0.24727804281075,24.727804281075,0.00862256793039075,0.862256793039075,0.008622567930390752,0.006035797551273526,scenario,cyp_cystitis,235.26442627998964
18.333333333333,spinal_coord,7.966714206498475,0.989248750311,0.010751249689,0.3666364572943802,36.663645729438024,0.15909902628884023,15.909902628884023,0.24731218757775,24.731218757775,0.008525439248478922,0.8525439248478922,0.008525439248478922,0.0059678074739352455,scenario,cyp_cystitis,235.3294242178786
18.416666666667,spinal_coord,7.8777608069955,0.989382917156,0.010617082844,0.36556492848759065,36.55649284875906,0.15762559893145417,15.762559893145417,0.247345729289,24.7345729289,0.008430610054504675,0.8430610054504675,0.008430610054504675,0.005901427038153272,scenario,cyp_cystitis,235.39442215576847
18.5,spinal_coord,7.790950340757761,0.989514671778,0.010485328222,0.36451531951493477,36.45153195149348,0.15618220209391304,15.618220209391303,0.2473786679445,24.73786679445,0.00833804699694089,0.8338046996940889,0.00833804699694089,0.005836632897858622,scenario,cyp_cystitis,235.45942009365749
18.583333333333,spinal_coord,7.706250263298134,0.989644014178,0.010355985822,0.3634874989622737,36.348749896227375,0.15476866055703162,15.476866055703162,0.2474110035445,24.741100354449998,0.008247716445721212,0.8247716445721212,0.008247716445721212,0.005773401512004848,scenario,cyp_cystitis,235.52441803154645
18.666666666667,spinal_coord,7.623627845105231,0.989770944354,0.010229055646,0.36248132281997225,36.24813228199722,0.15338478230862965,15.338478230862965,0.2474427360885,24.74427360885,0.008159584526035464,0.8159584526035465,0.008159584526035464,0.005711709168224824,scenario,cyp_cystitis,235.5894159694364
18.75,spinal_coord,7.543050201421407,0.989895462308,0.010104537692,0.36149663495877904,36.1496634958779,0.15203035917570537,15.203035917570537,0.247473865577,24.7473865577,0.008073617151343665,0.8073617151343665,0.008073617151343665,0.005651532005940565,scenario,cyp_cystitis,235.6544139073254
18.833333333333,spinal_coord,7.464484321250021,0.990017568038,0.009982431962,0.360533267606139,36.0533267606139,0.15070516746218535,15.070516746218535,0.2475043920095,24.75043920095,0.007989780055584764,0.7989780055584764,0.007989780055584764,0.005592846038909334,scenario,cyp_cystitis,235.7194118452143
18.916666666667,spinal_coord,7.38789709560079,0.990137278116,0.009862721884,0.35959104785112184,35.95910478511218,0.14940897109616244,14.940897109616245,0.247534319529,24.7534319529,0.00790803882458554,0.7908038824585539,0.007908038824585538,0.0055356271772098765,scenario,cyp_cystitis,235.78440978310425
19.0,spinal_coord,7.313255344956227,0.990254722525,0.009745277475,0.3586698331260107,35.86698331260107,0.14814153665968094,14.814153665968094,0.24756368063125,24.756368063125002,0.007828358926647702,0.7828358926647702,0.007828358926647704,0.005479851248653392,scenario,cyp_cystitis,235.84940772099316
19.083333333333,spinal_coord,7.24052584594508,0.990369928974,0.009630071026,0.35776943324509525,35.776943324509524,0.14690260133546035,14.690260133546035,0.2475924822435,24.75924822435,0.007750705742294593,0.7750705742294594,0.007750705742294593,0.0054254940196062145,scenario,cyp_cystitis,235.91440565888212
19.166666666667,spinal_coord,7.169675357234084,0.990482897464,0.009517102536,0.3568896382678382,35.68896382678382,0.14569188520245097,14.569188520245097,0.247620724366,24.7620724366,0.007675044593186161,0.7675044593186161,0.007675044593186161,0.005372531215230312,scenario,cyp_cystitis,235.97940359677193
19.25,spinal_coord,7.1006706446252705,0.990593627993,0.009406372007,0.3560302290801717,35.60302290801717,0.1445090961092289,14.45090961092289,0.24764840699825,24.764840699825,0.007601340770185399,0.7601340770185399,0.007601340770185398,0.005320938539129778,scenario,cyp_cystitis,236.04440153466098
19.333333333333,spinal_coord,7.033478505348929,0.990702120563,0.009297879437,0.355190977888278,35.5190977888278,0.14335393033003732,14.335393033003733,0.24767553014075,24.767553014075,0.007529559560562699,0.7529559560562699,0.007529559560562698,0.005270691692393888,scenario,cyp_cystitis,236.10939947255
19.416666666667,spinal_coord,6.968065791565691,0.990808375173,0.009191624827,0.3543716487058015,35.43716487058015,0.1422260732167353,14.22260732167353,0.24770209379325,24.770209379325,0.007459666274349681,0.7459666274349681,0.007459666274349683,0.005221766392044778,scenario,cyp_cystitis,236.17439741043987
19.5,spinal_coord,6.904399433069038,0.990912391823,0.009087608177,0.35357199784244353,35.35719978424435,0.1411251998489247,14.112519984892469,0.24772809795575,24.772809795575,0.007391626269830609,0.7391626269830609,0.0073916262698306085,0.005174138388881425,scenario,cyp_cystitis,236.2393953483289
19.583333333333,spinal_coord,6.84244645918207,0.991014170513,0.008985829487,0.3527917743871857,35.27917743871857,0.14005097567858085,14.005097567858085,0.24775354262825,24.775354262825,0.007325404978162388,0.7325404978162388,0.0073254049781623885,0.0051277834847136715,scenario,cyp_cystitis,236.30439328621793
19.666666666667,spinal_coord,6.782174019864065,0.991113711243,0.008886288757,0.35203072068762226,35.203072068762225,0.139003057169163,13.9003057169163,0.24777842781075,24.777842781074998,0.007260967927137496,0.7260967927137496,0.007260967927137496,0.005082677548996247,scenario,cyp_cystitis,236.36939122410766
19.75,spinal_coord,6.72354940602172,0.991211070203,0.008788929797,0.3512885927380538,35.12885927380538,0.13798110024973836,13.798110024973836,0.24780276755075,24.780276755075,0.00719828076408231,0.719828076408231,0.007198280764082311,0.005038796534857617,scenario,cyp_cystitis,236.43438916199665
19.833333333333,spinal_coord,6.666540069022429,0.991306424145,0.008693575855,0.35056518319751373,35.056518319751376,0.13698476954835168,13.698476954835167,0.24782660603625,24.782660603625,0.00713730927788613,0.7137309277886129,0.0071373092778861304,0.004996116494520291,scenario,cyp_cystitis,236.4993870998857
19.916666666667,spinal_coord,6.611113639426852,0.991399785963,0.008600214037,0.3498602210430968,34.986022104309676,0.13601369940312902,13.601369940312901,0.24784994649075,24.784994649075003,0.007078019420177577,0.7078019420177577,0.007078019420177577,0.004954613594124304,scenario,cyp_cystitis,236.5643850377755
20.0,spinal_coord,6.557237944938965,0.991491155657,0.008508844343,0.34917342581703403,34.9173425817034,0.13506751587037868,13.506751587037868,0.24787278891425,24.787278891425,0.007020377325644909,0.7020377325644909,0.007020377325644909,0.004914264127951436,scenario,cyp_cystitis,236.62938297566458
20.083333333333,spinal_coord,6.504881027574084,0.991580533226,0.008419466774,0.34850451265153803,34.8504512651538,0.1341458391267174,13.414583912671741,0.2478951333065,24.78951333065,0.006964349331499332,0.6964349331499332,0.006964349331499333,0.004875044532049533,scenario,cyp_cystitis,236.69438091355346
20.166666666667,spinal_coord,6.45401116006358,0.991667918672,0.008332081328,0.347853192707115,34.785319270711504,0.13324828405215333,13.324828405215333,0.247916979668,24.7916979668,0.006909901996100071,0.6909901996100071,0.006909901996100072,0.00483693139727005,scenario,cyp_cystitis,236.75937885144333
20.25,spinal_coord,6.40459686149743,0.991753311993,0.008246688007,0.3472191735978758,34.72191735978758,0.1323744607995011,13.23744607995011,0.24793832799825,24.793832799825,0.006857002116741299,0.6857002116741299,0.006857002116741299,0.004799901481718909,scenario,cyp_cystitis,236.82437678933238
20.333333333333,spinal_coord,6.356606912207881,0.991836713191,0.008163286809,0.3466021598124183,34.660215981241834,0.13152397535289112,13.152397535289111,0.24795917829775,24.795917829775,0.006805616746603448,0.6805616746603448,0.006805616746603448,0.004763931722622413,scenario,cyp_cystitis,236.8893747272214
20.416666666667,spinal_coord,6.310010367914096,0.991918122264,0.008081877736,0.34600185311909437,34.600185311909435,0.1306964300707925,13.069643007079252,0.247979530566,24.7979530566,0.0067557132108892965,0.6755713210889297,0.0067557132108892965,0.004728999247622507,scenario,cyp_cystitis,236.95437266511115
20.5,spinal_coord,6.26477657313159,0.991997539214,0.008002460786,0.3454179529663925,34.54179529663925,0.12989142421718997,12.989142421718997,0.2479993848035,24.79993848035,0.006707259122148183,0.6707259122148184,0.006707259122148184,0.004695081385503728,scenario,cyp_cystitis,237.0193706030001
20.583333333333,spinal_coord,6.220875173852074,0.992075078513,0.007924921487,0.34485019665854466,34.485019665854466,0.1291085693737262,12.91085693737262,0.24801876962825,24.801876962825002,0.006660222394793729,0.6660222394793729,0.006660222394793729,0.00466215567635561,scenario,cyp_cystitis,237.08436854088913
20.666666666667,spinal_coord,6.178276129514559,0.992150897504,0.007849102496,0.3442983345511033,34.429833455110334,0.1283474802334711,12.834748023347109,0.248037724376,24.8037724376,0.0066145712588369055,0.6614571258836905,0.0066145712588369055,0.004630199881185833,scenario,cyp_cystitis,237.1493664787791
20.75,spinal_coord,6.1369497242737365,0.992224997144,0.007775002856,0.343762061278702,34.376206127870205,0.12760774932360266,12.760774932360267,0.248056249286,24.8056249286,0.006570274272840465,0.6570274272840465,0.006570274272840464,0.004599191990988324,scenario,cyp_cystitis,237.21436441666796
20.833333333333,spinal_coord,6.0968665775733095,0.992297377435,0.007702622565,0.3432410703271218,34.32410703271218,0.12688896795782909,12.688896795782908,0.24807434435875,24.807434435875,0.006527300336102664,0.6527300336102664,0.006527300336102664,0.004569110235271864,scenario,cyp_cystitis,237.2793623545571
20.916666666667,spinal_coord,6.057997654045799,0.992368038376,0.007631961624,0.3427350547045038,34.27350547045038,0.1261907268140051,12.619072681400509,0.248092009594,24.8092009594,0.00648561870009313,0.648561870009313,0.006485618700093129,0.00453993309006519,scenario,cyp_cystitis,237.3443602924469
21.0,spinal_coord,6.020314272746736,0.992436979966,0.007563020034,0.3422437072700629,34.224370727006296,0.12551261637141728,12.551261637141728,0.2481092449915,24.81092449915,0.006445198979149199,0.6445198979149199,0.006445198979149199,0.004511639285404439,scenario,cyp_cystitis,237.40935823033593
21.083333333333,spinal_coord,5.9837881157325965,0.992504202207,0.007495797793,0.3417667210505775,34.17667210505775,0.12485422733176996,12.485422733176996,0.24812605055175,24.812605055175,0.006406011160442721,0.6406011160442722,0.006406011160442721,0.004484207812309905,scenario,cyp_cystitis,237.47435616822483
21.166666666667,spinal_coord,5.948391236004444,0.992569705098,0.007430294902,0.3413037895415864,34.130378954158644,0.12421515102278186,12.421515102278185,0.2481424262745,24.81424262745,0.006368025613240886,0.6368025613240886,0.006368025613240887,0.004457617929268621,scenario,cyp_cystitis,237.53935410611467
21.25,spinal_coord,5.914096064826724,0.992633488639,0.007366511361,0.3408546069997361,34.08546069997361,0.1235949797866481,12.35949797866481,0.24815837215975,24.815837215975,0.006331213097471333,0.6331213097471333,0.006331213097471334,0.004431849168229934,scenario,cyp_cystitis,237.60435204400378
21.333333333333,spinal_coord,5.880875418431942,0.992695556201,0.007304443799,0.3404188698770242,34.04188698770242,0.12299330776903226,12.299330776903226,0.24817388905025,24.817388905025002,0.006295544771603152,0.6295544771603152,0.006295544771603154,0.004406881340122208,scenario,cyp_cystitis,237.66934998189274
21.416666666667,spinal_coord,5.8487025041333744,0.992756082376,0.007243917624,0.3399963345644079,33.99963345644079,0.1224097519605439,12.240975196054391,0.248189020594,24.8189020594,0.0062609921998677855,0.6260992199867785,0.006260992199867787,0.004382694539907451,scenario,cyp_cystitis,237.73434791978255
21.5,spinal_coord,5.817550925856456,0.992815165546,0.007184834454,0.33958673264331585,33.95867326433159,0.12184392167575445,12.184392167575444,0.2482037913865,24.82037913865,0.006227527358831501,0.62275273588315,0.006227527358831501,0.00435926915118205,scenario,cyp_cystitis,237.79934585767163
21.583333333333,spinal_coord,5.787394689100677,0.992872805711,0.007127194289,0.339189763736026,33.9189763736026,0.12129541641103467,12.129541641103467,0.24821820142775,24.821820142775,0.0061951226433324715,0.6195122643332471,0.006195122643332472,0.00433658585033273,scenario,cyp_cystitis,237.86434379556061
21.666666666667,spinal_coord,5.758208205354036,0.992929002872,0.007070997128,0.33880512951771236,33.88051295177124,0.1207638383996165,12.07638383996165,0.248232250718,24.8232250718,0.006163750871806436,0.6163750871806436,0.006163750871806436,0.004314625610264505,scenario,cyp_cystitis,237.92934173345037
21.75,spinal_coord,5.729966295971669,0.992983757027,0.007016242973,0.3384325339319669,33.84325339319669,0.12024879290028913,12.024879290028913,0.24824593925675,24.824593925675,0.006133385291013854,0.6133385291013854,0.006133385291013854,0.004293369703709698,scenario,cyp_cystitis,237.9943396713393
21.833333333333,spinal_coord,5.7026441955311995,0.993037068178,0.006962931822,0.33807168339817345,33.807168339817345,0.11974988847156462,11.974988847156462,0.2482592670445,24.825926704449998,0.006103999580182426,0.6103999580182426,0.006103999580182427,0.004272799706127699,scenario,cyp_cystitis,238.05933760922835
21.916666666667,spinal_coord,5.6762175546866445,0.993088936324,0.006911063676,0.33772228700244966,33.772228700244966,0.11926673722859951,11.92667372285995,0.248272234081,24.8272234081,0.006075567854588903,0.6075567854588902,0.006075567854588902,0.004252897498212231,scenario,cyp_cystitis,238.12433554711828
22.0,spinal_coord,5.650662442533102,0.993139361465,0.006860638535,0.33738405668081267,33.73840566808127,0.11879895508608357,11.879895508608357,0.24828484036625,24.828484036625,0.006048064668593782,0.6048064668593781,0.006048064668593782,0.004233645268015646,scenario,cyp_cystitis,238.18933348500727
22.083333333333,spinal_coord,5.625955348495276,0.993188343602,0.006811656398,0.3370567073896115,33.70567073896115,0.118346161985482,11.8346161985482,0.2482970859005,24.82970859005,0.006021465018143441,0.602146501814344,0.006021465018143441,0.004215025512700408,scenario,cyp_cystitis,238.25433142289634
22.166666666667,spinal_coord,5.602073183761232,0.993235900832,0.006764099168,0.33673996339968504,33.673996339968504,0.11790798425558009,11.790798425558009,0.248308975208,24.8308975208,0.005995744342763213,0.5995744342763213,0.005995744342763212,0.004197021039934248,scenario,cyp_cystitis,238.31932936078596
22.25,spinal_coord,5.578993282273968,0.993282227084,0.006717772916,0.336433611842082,33.643361184208196,0.11748407342810929,11.748407342810928,0.248320556771,24.8320556771,0.005970878527055451,0.5970878527055451,0.005970878527055452,0.004179614968938816,scenario,cyp_cystitis,238.38432729867503
22.333333333333,spinal_coord,5.556693401294146,0.993327374873,0.006672625127,0.3361373952174621,33.61373952174621,0.11707406866561616,11.707406866561616,0.24833184371825,24.833184371825002,0.005946843901717538,0.5946843901717538,0.005946843901717537,0.004162790731202275,scenario,cyp_cystitis,238.44932523656396
22.416666666667,spinal_coord,5.535151721554708,0.9933713442,0.0066286558,0.3358510418143317,33.58510418143317,0.11667760768577559,11.667760768577558,0.24834283605,24.834283605,0.00592361724410259,0.5923617244102589,0.005923617244102591,0.004146532070871813,scenario,cyp_cystitis,238.51432317445398
22.5,spinal_coord,5.5143468470201755,0.993414135065,0.006585864935,0.3355742836468162,33.55742836468162,0.1162943331740883,11.62943331740883,0.24835353376625,24.835353376625,0.005901175778337276,0.5901175778337276,0.005901175778337277,0.004130823044836094,scenario,cyp_cystitis,238.57932111234283
22.583333333333,spinal_coord,5.4942578042639445,0.993455747467,0.006544252533,0.3353068565612859,33.53068565612859,0.11592389292604786,11.592389292604786,0.24836393686675,24.836393686675002,0.0058794971750115825,0.5879497175011582,0.0058794971750115825,0.004115648022508108,scenario,cyp_cystitis,238.644319050232
22.666666666667,spinal_coord,5.4748640414835945,0.993496181406,0.006503818594,0.33504850033410094,33.504850033410094,0.11556593997680122,11.556593997680121,0.2483740453515,24.83740453515,0.005858559550462656,0.5858559550462655,0.0058585595504626565,0.004100991685323859,scenario,cyp_cystitis,238.70931698812177
22.75,spinal_coord,5.45614542716691,0.993535436883,0.006464563117,0.3347989587593735,33.47989587593735,0.11522013271816467,11.522013271816467,0.24838385922075,24.838385922075,0.00583834146566695,0.583834146566695,0.005838341465666949,0.004086839025966864,scenario,cyp_cystitis,238.77431492601073
22.833333333333,spinal_coord,5.4380822484217965,0.993573513897,0.006426486103,0.334557979726676,33.4557979726676,0.11488613500323464,11.488613500323464,0.24839337847425,24.839337847425,0.005818821924755428,0.5818821924755427,0.005818821924755427,0.004073175347328799,scenario,cyp_cystitis,238.83931286389983
22.916666666667,spinal_coord,5.420655208989209,0.993610412449,0.006389587551,0.334325315292416,33.4325315292416,0.11456361624022132,11.456361624022133,0.24840260311225,24.840260311225,0.00579998037317298,0.579998037317298,0.005799980373172981,0.004059986261221086,scenario,cyp_cystitis,238.90431080178962
23.0,spinal_coord,5.4038454269515475,0.993646173358,0.006353826642,0.33410073546528857,33.41007354652886,0.1142522561677181,11.42522561677181,0.2484115433395,24.84115433395,0.005781796695496001,0.5781796695496001,0.005781796695496001,0.0040472576868472,scenario,cyp_cystitis,238.96930873967855
23.083333333333,spinal_coord,5.387634432149399,0.993680974717,0.006319025283,0.3338840606227368,33.38840606227368,0.11395175592464907,11.395175592464907,0.24842024367925,24.842024367925,0.005764251212922533,0.5764251212922533,0.005764251212922533,0.004034975849045773,scenario,cyp_cystitis,239.03430667756757
23.166666666667,spinal_coord,5.372004163324724,0.993714837303,0.006285162697,0.3336750624886127,33.36750624886127,0.11366180421715025,11.366180421715026,0.24842870932575,24.842870932575,0.00574732468045506,0.574732468045506,0.00574732468045506,0.004023127276318542,scenario,cyp_cystitis,239.0993046154573
23.25,spinal_coord,5.3569369650025775,0.993747761117,0.006252238883,0.333473510172365,33.3473510172365,0.11338209319081999,11.338209319081999,0.24843694027925,24.843694027925,0.005730998283789445,0.5730998283789446,0.005730998283789446,0.004011698798652612,scenario,cyp_cystitis,239.16430255334632
23.333333333333,spinal_coord,5.342415584123766,0.993779746159,0.006220253841,0.33327917718963435,33.327917718963434,0.11311232086651246,11.311232086651247,0.24844493653975,24.844493653975,0.005715253635923914,0.5715253635923914,0.005715253635923915,0.0040006775451467405,scenario,cyp_cystitis,239.2293004912354
23.416666666667,spinal_coord,5.328423166445452,0.993810792429,0.006189207571,0.33309184148602444,33.30918414860244,0.11285219117169931,11.28521911716993,0.24845269810725,24.845269810725,0.005700072773506932,0.5700072773506931,0.005700072773506932,0.003990050941454852,scenario,cyp_cystitis,239.2942984291252
23.5,spinal_coord,5.314943252721308,0.993840899926,0.006159100074,0.33291128545358817,33.291128545358816,0.11260141396278421,11.26014139627842,0.2484602249815,24.84602249815,0.005685438152936955,0.5685438152936955,0.005685438152936956,0.0039798067070558685,scenario,cyp_cystitis,239.3592963670143
23.583333333333,spinal_coord,5.301959774673021,0.993870068652,0.006129931348,0.3327372959426506,33.27372959426506,0.11235970503953414,11.235970503953414,0.248467517163,24.846751716300002,0.005671332646227257,0.5671332646227257,0.005671332646227256,0.003969932852359079,scenario,cyp_cystitis,239.42429430490333
23.666666666667,spinal_coord,5.289457050769009,0.993898298605,0.006101701395,0.3325696642639452,33.25696642639452,0.11212678615026027,11.212678615026027,0.24847457465125,24.847457465125,0.005657739536653401,0.5657739536653401,0.005657739536653401,0.003960417675657381,scenario,cyp_cystitis,239.48929224279303
23.75,spinal_coord,5.277419781821376,0.993925589786,0.006074410214,0.3324081861897018,33.24081861897018,0.11190238499093579,11.190238499093578,0.2484813974465,24.84813974465,0.005644642514195686,0.5644642514195686,0.005644642514195685,0.003951249759936979,scenario,cyp_cystitis,239.554290180682
23.833333333333,spinal_coord,5.265833046412166,0.993952015909,0.006047984091,0.3322526865862826,33.22526865862826,0.1116862434787101,11.16862434787101,0.24848800397725,24.848800397725,0.0056320256707889475,0.5632025670788947,0.0056320256707889475,0.003942417969552263,scenario,cyp_cystitis,239.61928811857103
23.916666666667,spinal_coord,5.254682296163679,0.9939777304,0.0060222696,0.3321030213479789,33.21030213479789,0.11147811833063857,11.147811833063857,0.2484944326,24.84944326,0.00561987349539603,0.5619873495396029,0.005619873495396031,0.003933911446777221,scenario,cyp_cystitis,239.68428605646093
24.0,spinal_coord,5.243953350863091,0.994002738023,0.005997261977,0.3319590010553036,33.19590010553036,0.11127775539940483,11.127775539940483,0.24850068450575,24.850068450574998,0.005608170868916416,0.5608170868916417,0.005608170868916416,0.003925719608241491,scenario,cyp_cystitis,239.7492839943499
0.0,ganglia,11.656835765612096,0.946112943067,0.053887056933,0.28676037672030874,28.676037672030873,0.21349898045956525,21.349898045956525,0.09461129430670001,9.46112943067,0.02278250491253005,2.278250491253005,0.02278250491253005,0.028478131140662562,scenario,cyp_cystitis,0.001
0.083333333333,ganglia,11.796638323404085,0.946545292693,0.053454707307,0.27577059944213755,27.577059944213755,0.20124007796981952,20.124007796981953,0.09465452926930001,9.465452926930002,0.014960561921722721,1.4960561921722721,0.01496056192172272,0.0187007024021534,scenario,cyp_cystitis,553.4381724561
0.166666666667,ganglia,11.945120209704273,0.947466985823,0.052533014177,0.26644443787006666,26.644443787006665,0.1907752658752963,19.07752658752963,0.0947466985823,9.474669858230001,0.011212045371765319,1.1212045371765318,0.011212045371765319,0.014015056714706648,scenario,cyp_cystitis,1106.8753449188416
0.25,ganglia,12.10247502746497,0.948635541874,0.051364458126,0.25843097173688295,25.843097173688296,0.18174157505498106,18.174157505498105,0.0948635541874,9.48635541874,0.009016499370407712,0.9016499370407712,0.009016499370407714,0.011270624213009643,scenario,cyp_cystitis,1660.3125173749415
0.333333333333,ganglia,12.268864414419467,0.949924821021,0.050075178979,0.2514819315455978,25.148193154559777,0.1738771660483309,17.387716604833088,0.0949924821021,9.49924821021,0.00757737830417583,0.757737830417583,0.00757737830417583,0.009471722880219788,scenario,cyp_cystitis,2213.7496898310415
0.416666666667,ganglia,12.44441425079423,0.951280925208,0.048719074792,0.2454168616020286,24.54168616020286,0.1669875212013651,16.698752120136508,0.09512809252080001,9.51280925208,0.006563378616624644,0.6563378616624643,0.006563378616624643,0.008204223270780804,scenario,cyp_cystitis,2767.1868622937823
0.5,ganglia,12.62921088141795,0.952666138947,0.047333861053,0.24009417439354966,24.009417439354966,0.16091951166538848,16.09195116653885,0.09526661389470001,9.52666138947,0.005812035188614862,0.5812035188614861,0.005812035188614862,0.007265043985768577,scenario,cyp_cystitis,3320.62403474988
0.583333333333,ganglia,12.82329739423903,0.954059449547,0.045940550453,0.23540234869377785,23.540234869377784,0.1555515597100865,15.555155971008649,0.0954059449547,9.54059449547,0.005234311070149619,0.5234311070149619,0.005234311070149619,0.006542888837687024,scenario,cyp_cystitis,3874.061207205981
0.666666666667,ganglia,13.026669999823143,0.955430919086,0.044569080914,0.23124727930616798,23.1247279306168,0.1507824304417422,15.078243044174219,0.0955430919086,9.55430919086,0.004777316020619055,0.4777316020619055,0.004777316020619055,0.005971645025773819,scenario,cyp_cystitis,4427.49837966872
0.75,ganglia,13.239274558639224,0.956791003805,0.043208996195,0.227559827415678,22.755982741567802,0.14653414115019778,14.653414115019778,0.09567910038050001,9.567910038050002,0.004407645065087773,0.4407645065087773,0.004407645065087773,0.005509556331359716,scenario,cyp_cystitis,4980.9355521248235
0.833333333333,ganglia,13.46100330462692,0.95810807271,0.04189192729,0.22427245688415853,22.42724568841585,0.14273516623684282,14.273516623684282,0.095810807271,9.5810807271,0.004103154592534262,0.41031545925342616,0.0041031545925342625,0.005128943240667828,scenario,cyp_cystitis,5534.372724580926
0.916666666667,ganglia,13.69169181457557,0.95942103798,0.04057896202,0.2213435911977508,22.13435911977508,0.1393349859997231,13.93349859997231,0.095942103798,9.5942103798,0.003848579026452218,0.3848579026452218,0.0038485790264522184,0.0048107237830652735,scenario,cyp_cystitis,6087.809897043662
1.0,ganglia,13.931116273382507,0.960695791026,0.039304208974,0.21872192647785266,21.872192647785266,0.13628038597250297,13.628038597250297,0.0960695791026,9.60695791026,0.0036330467397732713,0.36330467397732713,0.0036330467397732713,0.004541308424716589,scenario,cyp_cystitis,6641.247069499765
1.083333333333,ganglia,14.178991085056683,0.961918581487,0.038081418513,0.22215622861661158,22.215622861661156,0.13996041163101283,13.996041163101284,0.09619185814870002,9.61918581487,0.0037715627103977857,0.37715627103977856,0.003771562710397786,0.004714453387997233,scenario,cyp_cystitis,6490.536531219128
1.166666666667,ganglia,14.434966878317999,0.96308940936,0.03691059064,0.22569762849755218,22.569762849755218,0.14376520840172463,14.376520840172462,0.09630894093600001,9.6308940936,0.0039179162831314346,0.39179162831314346,0.003917916283131435,0.004897395353914294,scenario,cyp_cystitis,6339.825992936674
1.25,ganglia,14.698628954013888,0.964204330547,0.035795669453,0.2293436662212785,22.93436662212785,0.14769248129619833,14.769248129619832,0.09642043305470001,9.64204330547,0.004072481282309146,0.4072481282309146,0.004072481282309147,0.005090601602886434,scenario,cyp_cystitis,6189.1154546560365
1.333333333333,ganglia,14.969496219094417,0.965258696536,0.034741303464,0.23309106288147508,23.309106288147508,0.15173910358652784,15.173910358652783,0.09652586965360001,9.652586965360001,0.0042356445617844915,0.4235644561784492,0.004235644561784492,0.005294555702230615,scenario,cyp_cystitis,6038.404916375404
1.416666666667,ganglia,15.247020648517363,0.966252499634,0.033747500366,0.2369370049552932,23.69370049552932,0.15590194999099247,15.590194999099246,0.0966252499634,9.66252499634,0.004407807282549201,0.4407807282549201,0.004407807282549201,0.0055097591031865005,scenario,cyp_cystitis,5887.694378092951
1.5,ganglia,15.530587312457335,0.967186736049,0.032813263951,0.24087832004200674,24.087832004200674,0.1601773849301186,16.01773849301186,0.0967186736049,9.67186736049,0.004589386530180673,0.4589386530180673,0.004589386530180674,0.005736733162725842,scenario,cyp_cystitis,5736.983839812314
1.583333333333,ganglia,15.819515001344072,0.968064922714,0.031935077286,0.24491188440350325,24.491188440350324,0.16456154681344806,16.456154681344806,0.09680649227140001,9.68064922714,0.004780817335994029,0.4780817335994029,0.00478081733599403,0.005976021669992538,scenario,cyp_cystitis,5586.2733015316735
1.666666666667,ganglia,16.11305747556327,0.968887366983,0.031112633017,0.2490332126926828,24.90332126926828,0.16904941777153645,16.904941777153645,0.0968887366983,9.68887366983,0.004982555175810461,0.49825551758104614,0.004982555175810461,0.006228193969763077,scenario,cyp_cystitis,5435.562763249232
1.75,ganglia,16.41040536044475,0.96965448043,0.03034551957,0.25323727777235155,25.323727777235156,0.17363536636594618,17.363536636594617,0.096965448043,9.6965448043,0.005195079032339886,0.5195079032339887,0.005195079032339886,0.0064938487904248575,scenario,cyp_cystitis,5284.852224968591
1.833333333333,ganglia,16.710688700235174,0.970371772129,0.029628227871,0.2575198622382867,25.75198622382867,0.17831409447265187,17.831409447265187,0.0970371772129,9.703717721290001,0.005418895121652083,0.5418895121652083,0.005418895121652084,0.006773618902065105,scenario,cyp_cystitis,5134.141686687955
1.916666666667,ganglia,17.01298017716557,0.971040968157,0.028959031843,0.2618753038999664,26.18753038999664,0.18307911898251816,18.307911898251817,0.09710409681570001,9.71040968157,0.005654541401682493,0.5654541401682492,0.005654541401682492,0.007068176752103115,scenario,cyp_cystitis,4983.431148405508
2.0,ganglia,17.31629899386088,0.971662068514,0.028337931486,0.2662970175116557,26.62970175116557,0.18792312295583966,18.792312295583965,0.09716620685140001,9.71662068514,0.005902593002213749,0.590259300221375,0.0059025930022137485,0.0073782412527671854,scenario,cyp_cystitis,4832.720610124868
2.083333333333,ganglia,17.619615409020476,0.972235073199,0.027764926801,0.2697749389003007,26.97749389003007,0.1917238128671119,19.17238128671119,0.09722350731990001,9.722350731990002,0.0060812788730481675,0.6081278873048167,0.006081278873048167,0.0076015985913102085,scenario,cyp_cystitis,4759.468026272065
2.166666666667,ganglia,17.92185590763087,0.972759982213,0.027240017787,0.273248614587115,27.324861458711503,0.19552512929535001,19.552512929535002,0.09727599822130001,9.727599822130001,0.006264128148472859,0.6264128148472858,0.006264128148472859,0.007830160185591073,scenario,cyp_cystitis,4686.215442418378
2.25,ganglia,18.221908978378078,0.973240827715,0.026759172285,0.2767101591902518,27.671015919025184,0.199317862687502,19.9317862687502,0.09732408277150001,9.73240827715,0.006450910696199036,0.6450910696199036,0.006450910696199035,0.008063638370248793,scenario,cyp_cystitis,4612.9628585655755
2.333333333333,ganglia,18.518631462245693,0.973684589475,0.026315410525,0.28015242042801974,28.015242042801976,0.20309329053391081,20.30932905339108,0.09736845894750001,9.736845894750001,0.006641373430396177,0.6641373430396177,0.006641373430396176,0.00830171678799522,scenario,cyp_cystitis,4539.7102747127665
2.416666666667,ganglia,18.810855427653223,0.974091391108,0.025908608892,0.28356623230046,28.356623230046,0.20684121465517777,20.684121465517777,0.09740913911080001,9.740913911080002,0.006835241301858434,0.6835241301858433,0.006835241301858435,0.008544051627323043,scenario,cyp_cystitis,4466.4576908590825
2.5,ganglia,19.097395519345884,0.974461232615,0.025538767385,0.2869423388933888,28.694233889338882,0.2105513507020987,21.05513507020987,0.0974461232615,9.74461232615,0.007032218535858491,0.7032218535858491,0.00703221853585849,0.008790273169823113,scenario,cyp_cystitis,4393.205107006281
2.583333333333,ganglia,19.377056720433863,0.974794406372,0.025205593628,0.29027157394360376,29.027157394360376,0.21421348145155972,21.42134814515597,0.0974794406372,9.74794406372,0.0072319901179545495,0.723199011795455,0.0072319901179545495,0.009039987647443187,scenario,cyp_cystitis,4319.952523153472
2.666666666667,ganglia,19.64864245964744,0.975094786298,0.024905213702,0.2935459129522145,29.35459129522145,0.2178182603582383,21.78182603582383,0.0975094786298,9.75094786298,0.007434223525363353,0.7434223525363353,0.007434223525363353,0.00929277940670419,scenario,cyp_cystitis,4246.699939299787
2.75,ganglia,19.91096298944101,0.975363578552,0.024636421448,0.29675668507153924,29.675668507153922,0.22135591912926583,22.135591912926582,0.0975363578552,9.75363578552,0.007638570698958883,0.7638570698958883,0.007638570698958881,0.009548213373698601,scenario,cyp_cystitis,4173.4473554469805
2.833333333333,ganglia,20.16284395487763,0.975600783134,0.024399216866,0.29989503212138147,29.989503212138146,0.2248166153422016,22.48166153422016,0.09756007831340001,9.756007831340002,0.007844670248359779,0.7844670248359779,0.007844670248359777,0.00980583781044972,scenario,cyp_cystitis,4100.19477159418
2.916666666667,ganglia,20.40313506839496,0.975806400045,0.024193599955,0.3029523153510899,30.29523153510899,0.22819075038509984,22.819075038509983,0.09758064000450001,9.75806400045,0.008052149879965102,0.8052149879965103,0.008052149879965102,0.010065187349956378,scenario,cyp_cystitis,4026.9421877404952
3.0,ganglia,20.630718801955,0.975982087095,0.024017912905,0.305920684117966,30.592068411796603,0.23146941712051777,23.146941712051778,0.0975982087095,9.759820870950001,0.008260629035432643,0.8260629035432643,0.008260629035432643,0.010325786294290804,scenario,cyp_cystitis,3953.6896038876857
3.083333333333,ganglia,20.844519005524162,0.976131162031,0.023868837969,0.30879314672596314,30.879314672596315,0.23464447835873678,23.464447835873678,0.09761311620310001,9.761311620310002,0.008469721725818367,0.8469721725818367,0.008469721725818368,0.010587152157272961,scenario,cyp_cystitis,3880.4370200348803
3.166666666667,ganglia,21.043509359420973,0.976253717462,0.023746282538,0.3115620760346665,31.15620760346665,0.23770744920940723,23.77074492094072,0.09762537174620001,9.76253717462,0.008679039544448337,0.8679039544448337,0.008679039544448337,0.01084879943056042,scenario,cyp_cystitis,3807.1844361811955
3.25,ganglia,21.2267215680805,0.976349753389,0.023650246611,0.314220210349598,31.4220210349598,0.24065026112299776,24.065026112299776,0.0976349753389,9.76349753389,0.008888194839824358,0.8888194839824358,0.008888194839824358,0.011110243549780447,scenario,cyp_cystitis,3733.9318523283946
3.333333333333,ganglia,21.393253203996338,0.976419341459,0.023580658541,0.3167607414245235,31.67607414245235,0.24346534142069276,24.346534142069277,0.0976419341459,9.76419341459,0.009096804028312873,0.9096804028312873,0.009096804028312875,0.011371005035391093,scenario,cyp_cystitis,3660.679268475586
3.416666666667,ganglia,21.542275113065536,0.976464108678,0.023535891322,0.31917783290421575,31.917783290421575,0.24614602448490638,24.61460244849064,0.09764641086780002,9.764641086780001,0.009304491025070378,0.9304491025070378,0.009304491025070378,0.011630613781337971,scenario,cyp_cystitis,3587.4266846219007
3.5,ganglia,21.673038296443224,0.976485842085,0.023514157915,0.32146620820322513,32.14662082032251,0.24868624888302787,24.868624888302787,0.0976485842085,9.76485842085,0.009510890770861345,0.9510890770861344,0.009510890770861345,0.01188861346357668,scenario,cyp_cystitis,3514.1741007690966
3.583333333333,ganglia,21.784880189061457,0.976486014242,0.023513985758,0.3236210186715551,32.362101867155516,0.2510804636081724,25.108046360817237,0.09764860142420001,9.764860142420002,0.009715652831954979,0.9715652831954978,0.009715652831954977,0.012144566039943721,scenario,cyp_cystitis,3440.9215169162953
3.666666666667,ganglia,21.877230261174674,0.976466097712,0.023533902288,0.32563796520435545,32.563796520435545,0.25332372825906163,25.332372825906162,0.0976466097712,9.76466097712,0.00991844505017962,0.9918445050179621,0.009918445050179622,0.012398056312724528,scenario,cyp_cystitis,3367.668933062612
3.75,ganglia,21.94961487670749,0.976427565054,0.023572434946,0.32751331535193184,32.75133153519319,0.25541173205170203,25.541173205170203,0.0976427565054,9.76427565054,0.010118957220697656,1.0118957220697655,0.010118957220697656,0.012648696525872069,scenario,cyp_cystitis,3294.4163492098023
3.833333333333,ganglia,22.001661350531073,0.976371888832,0.023628111168,0.3292439173100309,32.92439173100309,0.2573408093631454,25.73408093631454,0.0976371888832,9.76371888832,0.010316904775961994,1.0316904775961995,0.010316904775961993,0.01289613096995249,scenario,cyp_cystitis,3221.163765357001
3.916666666667,ganglia,22.033101156021594,0.976300541606,0.023699458394,0.33082721095723855,33.082721095723855,0.259107951996265,25.910795199626502,0.0976300541606,9.76300541606,0.010512032455656063,1.0512032455656062,0.010512032455656063,0.013140040569570077,scenario,cyp_cystitis,3147.911181503311
4.0,ganglia,22.043772244291013,0.976214995938,0.023785004062,0.33226123613409386,33.226123613409385,0.2607108183781043,26.07108183781043,0.09762149959380001,9.76214995938,0.010704117944420081,1.0704117944420082,0.010704117944420081,0.013380147430525102,scenario,cyp_cystitis,3074.658597650509
4.083333333333,ganglia,22.033620447061974,0.976116815829,0.023883184171,0.3327584337721212,33.27584337721212,0.26127416909913465,26.127416909913464,0.09761168158290001,9.761168158290001,0.010783295130625039,1.078329513062504,0.010783295130625039,0.013479118913281298,scenario,cyp_cystitis,3042.553811419562
4.166666666667,ganglia,22.00269994618764,0.976009722136,0.023990277864,0.3330927276325568,33.309272763255684,0.26165750602106314,26.165750602106314,0.0976009722136,9.76009722136,0.010853593425581655,1.0853593425581656,0.010853593425581653,0.013566991781977067,scenario,cyp_cystitis,3010.4490251882285
4.25,ganglia,21.95117280413198,0.975896646627,0.024103353373,0.33326528191519167,33.32652819151917,0.26186179694721295,26.186179694721297,0.09758966466270001,9.758966466270001,0.01091488169241766,1.091488169241766,0.01091488169241766,0.013643602115522074,scenario,cyp_cystitis,2978.3442389572842
4.333333333333,ganglia,21.87930756109512,0.975779720641,0.024220279359,0.33327759308896887,33.32775930889689,0.26188846780540986,26.188846780540985,0.09757797206410002,9.757797206410002,0.010967076769985906,1.0967076769985906,0.010967076769985904,0.01370884596248238,scenario,cyp_cystitis,2946.239452726338
4.416666666667,ganglia,21.787476915782673,0.975661075517,0.024338924483,0.33313175554320135,33.31317555432013,0.2617396088794459,26.17396088794459,0.0975661075517,9.75661075517,0.011010144253071745,1.1010144253071745,0.011010144253071744,0.01376268031633968,scenario,cyp_cystitis,2914.1346664950047
4.5,ganglia,21.676154517847422,0.975542842591,0.024457157409,0.3328304529361845,33.28304529361845,0.2614179651967605,26.141796519676053,0.09755428425910001,9.75542842591,0.011044098878796925,1.1044098878796924,0.011044098878796926,0.013805123598496158,scenario,cyp_cystitis,2882.02988026406
4.583333333333,ganglia,21.545910910613188,0.975427153203,0.024572846797,0.3323769476791225,33.23769476791225,0.26092692484313607,26.092692484313606,0.09754271532030001,9.754271532030002,0.011069004515684133,1.1069004515684133,0.011069004515684133,0.013836255644605167,scenario,cyp_cystitis,2849.925094033111
4.666666666667,ganglia,21.39740867272712,0.975316138691,0.024683861309,0.3317750685224615,33.177506852246154,0.2602705051704017,26.027050517040166,0.0975316138691,9.75316138691,0.011084973756305778,1.1084973756305778,0.011084973756305778,0.013856217195382223,scenario,cyp_cystitis,2817.82030780178
4.75,ganglia,21.23139681661444,0.975211930391,0.024788069609,0.33102919620178667,33.10291962017867,0.2594533368474296,25.94533368474296,0.09752119303910001,9.75211930391,0.011092167118909502,1.1092167118909502,0.0110921671189095,0.013865208898636875,scenario,cyp_cystitis,2785.715521570834
4.833333333333,ganglia,21.048704509959766,0.975116541871,0.024883458129,0.3301442071995858,33.01442071995858,0.2584806144583176,25.84806144583176,0.0975116541871,9.75116541871,0.011090791867776702,1.1090791867776701,0.011090791867776702,0.013863489834720877,scenario,cyp_cystitis,2753.6107353398866
4.916666666667,ganglia,20.850234193852625,0.975027925681,0.024972074319,0.32912412482188336,32.91241248218834,0.257357035837537,25.7357035837537,0.09750279256810002,9.750279256810002,0.011081100466301137,1.1081100466301137,0.011081100466301135,0.013851375582876418,scenario,cyp_cystitis,2721.5059491085563
5.0,ganglia,20.6369541774427,0.974944888007,0.025055111993,0.3279737753791945,32.797377537919445,0.2560880961983272,25.60880961983272,0.0974944888007,9.74944888007,0.011063388680818522,1.1063388680818522,0.011063388680818522,0.013829235851023152,scenario,cyp_cystitis,2689.401162877608
5.083333333333,ganglia,20.40989079399801,0.974867861566,0.025132138434,0.3266990242094471,32.66990242094471,0.25468026450316344,25.468026450316344,0.0974867861566,9.748678615660001,0.011037993356996624,1.1037993356996625,0.011037993356996624,0.01379749169624578,scenario,cyp_cystitis,2657.2963766466605
5.166666666667,ganglia,20.17012020714065,0.974797279072,0.025202720928,0.3253061999642381,32.53061999642381,0.2531405245078201,25.31405245078201,0.0974797279072,9.74797279072,0.011005289894086445,1.1005289894086445,0.011005289894086443,0.013756612367608055,scenario,cyp_cystitis,2625.1915904153298
5.25,ganglia,19.918759958499223,0.974733573239,0.025266426761,0.32380206827831803,32.380206827831806,0.2514763455049089,25.14763455049089,0.0974733573239,9.74733573239,0.010965689445472394,1.0965689445472393,0.010965689445472392,0.013707111806840491,scenario,cyp_cystitis,2593.0868041843833
5.333333333333,ganglia,19.656960349228978,0.974677176783,0.025322823217,0.32219380262147823,32.21938026214782,0.24969564993686472,24.969564993686472,0.09746771767830001,9.746771767830001,0.01091963587670484,1.0919635876704838,0.01091963587670484,0.013649544845881049,scenario,cyp_cystitis,2560.9820179534368
5.416666666667,ganglia,19.385895747862204,0.974628345967,0.025371654033,0.3204888942565315,32.04888942565315,0.24780673295536831,24.780673295536833,0.09746283459670001,9.74628345967,0.010867602514541724,1.0867602514541723,0.010867602514541724,0.013584503143177155,scenario,cyp_cystitis,2528.877231722105
5.5,ganglia,19.10675591554243,0.974586764579,0.025413235421,0.3186949894488484,31.86949894488484,0.24581812554549817,24.581812554549817,0.0974586764579,9.74586764579,0.010810088722398112,1.0810088722398112,0.010810088722398112,0.01351261090299764,scenario,cyp_cystitis,2496.7724454911568
5.583333333333,ganglia,18.820737437140103,0.974552563771,0.025447436229,0.31682018888234065,31.682018888234065,0.24373881389471183,24.373881389471183,0.09745525637710001,9.745525637710001,0.010747616339007827,1.0747616339007826,0.010747616339007827,0.013434520423759783,scenario,cyp_cystitis,2464.6676592602103
5.666666666667,ganglia,18.529035343148685,0.974525926872,0.025474073128,0.3148728755688993,31.48728755688993,0.241578092090777,24.157809209077698,0.09745259268720001,9.745259268720002,0.010680726018046392,1.0680726018046391,0.010680726018046394,0.013350907522557992,scenario,cyp_cystitis,2432.56287302888
5.75,ganglia,18.232835002429688,0.97450703721,0.02549296279,0.3128616545452926,31.286165454529257,0.23934550091588058,23.934550091588058,0.09745070372100001,9.7450703721,0.010609973506884448,1.0609973506884447,0.010609973506884448,0.013262466883605559,scenario,cyp_cystitis,2400.4580867979316
5.833333333333,ganglia,17.933304360173597,0.974496078114,0.025503921886,0.3107953073530092,31.07953073530092,0.23705077726845467,23.705077726845467,0.0974496078114,9.74496078114,0.010535925902582418,1.053592590258242,0.010535925902582418,0.013169907378228023,scenario,cyp_cystitis,2368.353300566987
5.916666666667,ganglia,17.631586589010247,0.974493230836,0.025506769164,0.30868274366174475,30.868274366174475,0.23470380064238305,23.470380064238306,0.0974493230836,9.744932308360001,0.01045915792272557,1.045915792272557,0.010459157922725571,0.013073947403406965,scenario,cyp_cystitis,2336.248514335653
6.0,ganglia,17.328793213870586,0.974498138087,0.025501861913,0.30653278296206665,30.653278296206665,0.2323144101704074,23.23144101704074,0.0974498138087,9.744981380870001,0.010380248227677025,1.0380248227677025,0.010380248227677026,0.012975310284596283,scenario,cyp_cystitis,2304.1437281047074
6.083333333333,ganglia,17.025997763388855,0.974510381621,0.025489618379,0.3043542587006965,30.43542587006965,0.22989246726510723,22.98924672651072,0.0974510381621,9.745103816210001,0.010299775829382232,1.0299775829382232,0.010299775829382232,0.01287471978672779,scenario,cyp_cystitis,2272.03894187376
6.166666666667,ganglia,16.724229992490326,0.974529881877,0.025470118123,0.3021560909351892,30.215609093518918,0.22744789194165468,22.744789194165467,0.0974529881877,9.74529881877,0.010218316620029335,1.0218316620029335,0.010218316620029335,0.01277289577503667,scenario,cyp_cystitis,2239.9341556424283
6.25,ganglia,16.424470712178756,0.974556559294,0.025443440706,0.29994712569954973,29.994712569954974,0.22499052196683303,22.4990521966833,0.0974556559294,9.74556559294,0.01013644005161533,1.013644005161533,0.01013644005161533,0.012670550064519163,scenario,cyp_cystitis,2207.8293694114814
6.333333333333,ganglia,16.127647253856058,0.974590334313,0.025409665687,0.2977360823875951,29.773608238759508,0.2225300543958834,22.25300543958834,0.09745903343130001,9.745903343130001,0.010054705994900477,1.0054705994900477,0.010054705994900475,0.012568382493625595,scenario,cyp_cystitis,2175.724583180535
6.416666666667,ganglia,15.834629586912904,0.974631127372,0.025368872628,0.2955315017248893,29.55315017248893,0.22007598776409923,22.007598776409925,0.0974631127372,9.74631127372,0.009973661803405516,0.9973661803405516,0.009973661803405517,0.012467077254256897,scenario,cyp_cystitis,2143.619796949203
6.5,ganglia,15.54622709966135,0.974678719807,0.025321280193,0.293341653081929,29.3341653081929,0.21763753455692111,21.76375345569211,0.0974678719807,9.74678719807,0.009893839604984887,0.9893839604984886,0.009893839604984888,0.01236729950623111,scenario,cyp_cystitis,2111.5150107182567
6.583333333333,ganglia,15.263186045362307,0.974732083505,0.025267916495,0.2911742867865796,29.11742867865796,0.21522342048453286,21.522342048453286,0.0974732083505,9.74732083505,0.009815753840227412,0.9815753840227412,0.00981575384022741,0.012269692300284263,scenario,cyp_cystitis,2079.4102244873106
6.666666666667,ganglia,14.986187647237514,0.974790695142,0.025209304858,0.2890369861623576,28.90369861623576,0.212842129609064,21.2842129609064,0.0974790695142,9.747906951420001,0.009739899063547329,0.9739899063547328,0.009739899063547329,0.012174873829434161,scenario,cyp_cystitis,2047.305438255978
6.75,ganglia,14.71584684876888,0.974854155146,0.025145844854,0.2869370060132431,28.693700601324313,0.21050176722071456,21.050176722071456,0.09748541551460001,9.74854155146,0.009666748019309002,0.9666748019309002,0.009666748019309,0.01208343502413625,scenario,cyp_cystitis,2015.200652025031
6.833333333333,ganglia,14.452711688660354,0.974922063944,0.025077936056,0.28488119496092446,28.488119496092445,0.2082099872961383,20.82099872961383,0.09749220639440001,9.74922063944,0.009596750001814416,0.9596750001814416,0.009596750001814418,0.011995937502268022,scenario,cyp_cystitis,1983.095865794085
6.916666666667,ganglia,14.197263273628955,0.974994021964,0.025005978036,0.28287595939130883,28.28759593913088,0.20597395243878758,20.597395243878758,0.0974994021964,9.749940219640001,0.009530329504521835,0.9530329504521835,0.009530329504521835,0.011912911880652292,scenario,cyp_cystitis,1950.9910795627534
7.0,ganglia,13.949916316499849,0.975069629633,0.024930370367,0.2809272319413948,28.09272319413948,0.20380029886454973,20.380029886454974,0.09750696296330001,9.750696296330002,0.0094678851604356,0.94678851604356,0.009467885160435601,0.011834856450544502,scenario,cyp_cystitis,1918.8862933318067
7.083333333333,ganglia,13.711020202231445,0.975148402687,0.024851597313,0.27904042067811835,27.904042067811837,0.20169508934379818,20.169508934379817,0.0975148402687,9.75148402687,0.009409788972337666,0.9409788972337666,0.009409788972337666,0.011762236215422082,scenario,cyp_cystitis,1886.7815071008602
7.166666666667,ganglia,13.480860540498945,0.975229777825,0.024770222175,0.27722039014568345,27.722039014568345,0.19966379151464828,19.966379151464828,0.0975229777825,9.75229777825,0.00935638582845529,0.935638582845529,0.00935638582845529,0.011695482285569114,scenario,cyp_cystitis,1854.6767208695285
7.25,ganglia,13.259661160095153,0.975313228618,0.024686771382,0.2754714788360636,27.54714788360636,0.1977112844158484,19.77112844158484,0.0975313228618,9.75313228618,0.009307993296254766,0.9307993296254766,0.009307993296254766,0.011634991620318457,scenario,cyp_cystitis,1822.5719346385808
7.333333333333,ganglia,13.047586497927075,0.975398175544,0.024601824456,0.27379746311173403,27.379746311173403,0.1958418283970378,19.58418283970378,0.0975398175544,9.75398175544,0.009264901684423217,0.9264901684423217,0.009264901684423217,0.011581127105529021,scenario,cyp_cystitis,1790.4671484076346
7.416666666667,ganglia,12.844744333757726,0.975483985618,0.024516014382,0.2722015526263854,27.22015526263854,0.19405906007176155,19.405906007176156,0.0975483985618,9.75483985618,0.009227374360764594,0.9227374360764593,0.009227374360764594,0.011534217950955742,scenario,cyp_cystitis,1758.3623621763024
7.5,ganglia,12.65118882082732,0.975569972389,0.024430027611,0.2706863912662591,27.06863912662591,0.19236599336373233,19.236599336373235,0.0975569972389,9.75569972389,0.009195648311667626,0.9195648311667627,0.009195648311667626,0.011494560389584532,scenario,cyp_cystitis,1726.257575945356
7.583333333333,ganglia,12.466923762286005,0.975655395945,0.024344604055,0.269254063333327,26.925406333332703,0.19076502637647447,19.076502637647447,0.0975655395945,9.75655395945,0.009169934927079177,0.9169934927079176,0.009169934927079177,0.01146241865884897,scenario,cyp_cystitis,1694.1527897144097
7.666666666667,ganglia,12.291906083908007,0.975739462907,0.024260537093,0.26790610470543963,26.790610470543964,0.18925795379415514,18.925795379415515,0.0975739462907,9.75739462907,0.009150420993529423,0.9150420993529423,0.009150420993529423,0.01143802624191178,scenario,cyp_cystitis,1662.048003483078
7.75,ganglia,12.126049454594236,0.975821326436,0.024178673564,0.2666435186434688,26.66435186434688,0.1878459844442987,18.78459844442987,0.0975821326436,9.75821326436,0.009137269876680941,0.9137269876680941,0.009137269876680941,0.011421587345851176,scenario,cyp_cystitis,1629.9432172521313
7.833333333333,ganglia,11.969228007854973,0.975900086224,0.024099913776,0.2654667958344922,26.54667958344922,0.18652976356899126,18.652976356899124,0.09759000862240001,9.75900086224,0.009130622874154993,0.9130622874154993,0.009130622874154993,0.01141327859269374,scenario,cyp_cystitis,1597.8384310211848
7.916666666667,ganglia,11.821280119700983,0.975975082133,0.024024917867,0.2643760177626963,26.43760177626963,0.1853094550548848,18.53094550548848,0.0975975082133,9.75975082133,0.00913060071900014,0.9130600719000139,0.00913060071900014,0.011413250898750175,scenario,cyp_cystitis,1565.7336447898529
8.0,ganglia,11.682012200931444,0.976048166169,0.023951833831,0.26337149533738624,26.337149533738625,0.18418519857831803,18.418519857831804,0.09760481661690001,9.760481661690001,0.009137305214087822,0.9137305214087822,0.009137305214087824,0.01142163151760978,scenario,cyp_cystitis,1533.628858558906
8.083333333333,ganglia,11.55120246479946,0.976120013266,0.023879986734,0.262110084509617,26.2110084509617,0.18277564798112997,18.277564798112998,0.0976120013266,9.76120013266,0.009081616885291171,0.908161688529117,0.009081616885291171,0.011352021106613965,scenario,cyp_cystitis,1520.762329886091
8.166666666667,ganglia,11.428604634359198,0.976190886182,0.023809113818,0.2609347468063711,26.093474680637108,0.1814618424313012,18.14618424313012,0.09761908861820001,9.76190886182,0.00903178191393972,0.903178191393972,0.00903178191393972,0.01128972739242465,scenario,cyp_cystitis,1507.8958012131234
8.25,ganglia,11.313951557247922,0.976261127276,0.023738872724,0.25984383543312706,25.984383543312706,0.18024191411725227,18.024191411725226,0.09762611272760001,9.762611272760001,0.008987682410974269,0.8987682410974269,0.008987682410974269,0.011234603013717835,scenario,cyp_cystitis,1495.0292725403087
8.333333333333,ganglia,11.206958699314848,0.97633115851,0.02366884149,0.25883540820643763,25.883540820643763,0.1791136581727085,17.91136581727085,0.097633115851,9.7633115851,0.008949184005930531,0.894918400593053,0.008949184005930531,0.011186480007413164,scenario,cyp_cystitis,1482.1627438674955
8.416666666667,ganglia,11.107327492282728,0.976401481447,0.023598518553,0.25790726665956193,25.790726665956193,0.17807457612762434,17.807457612762434,0.09764014814470001,9.764014814470002,0.008916138095343189,0.8916138095343189,0.008916138095343189,0.011145172619178986,scenario,cyp_cystitis,1469.2962151945262
8.5,ganglia,11.014748514345273,0.976472677253,0.023527322747,0.25705699498051693,25.705699498051693,0.17712191917246325,17.712191917246326,0.09764726772530001,9.76472677253,0.00888838403105481,0.888838403105481,0.008888384031054812,0.011110480038818515,scenario,cyp_cystitis,1456.4296865217125
8.583333333333,ganglia,10.928904486333725,0.976545406695,0.023454593305,0.2562819982846848,25.628199828468478,0.17625273068353867,17.625273068353867,0.09765454066950001,9.765454066950001,0.008865751231460753,0.8865751231460753,0.008865751231460751,0.01108218903932594,scenario,cyp_cystitis,1443.5631578488974
8.666666666667,ganglia,10.84947306975132,0.976618780513,0.023381219487,0.25557911331061894,25.557911331061895,0.1754635947325766,17.54635947325766,0.0976618780513,9.76618780513,0.008848061201020429,0.8848061201020428,0.008848061201020427,0.011060076501275534,scenario,cyp_cystitis,1430.6966291759295
8.75,ganglia,10.776129456441343,0.976691201063,0.023308798937,0.25494486923582826,25.494486923582826,0.1747508323661425,17.47508323661425,0.09766912010630001,9.766912010630001,0.008835129445652963,0.8835129445652963,0.008835129445652965,0.011043911807066206,scenario,cyp_cystitis,1417.8301005031153
8.833333333333,ganglia,10.708548742985961,0.976762337276,0.023237662724,0.2543760371354451,25.43760371354451,0.17411089267538343,17.411089267538344,0.09767623372760001,9.767623372760001,0.00882676727391132,0.882676727391132,0.00882676727391132,0.01103345909238915,scenario,cyp_cystitis,1404.9635718303011
8.916666666667,ganglia,10.646408086074203,0.97683181369,0.02316818631,0.2538693163573561,25.38693163573561,0.17354014998706233,17.354014998706234,0.097683181369,9.7683181369,0.0088227834760457,0.88227834760457,0.008822783476045698,0.011028479345057123,scenario,cyp_cystitis,1392.097043157333
9.0,ganglia,10.589388637931073,0.976899210407,0.023100789593,0.2534213636688758,25.34213636688758,0.17303493625352862,17.30349362535286,0.09768992104070001,9.768992104070001,0.008822985875183948,0.8822985875183949,0.008822985875183948,0.011028732343979934,scenario,cyp_cystitis,1379.2305144845186
9.083333333333,ganglia,10.53717726352886,0.976964063093,0.023035936907,0.2530288199472046,25.30288199472046,0.17259157070878287,17.259157070878288,0.0976964063093,9.76964063093,0.00882718274687145,0.8827182746871449,0.00882718274687145,0.011033978433589312,scenario,cyp_cystitis,1366.3639858117042
9.166666666667,ganglia,10.489468043672368,0.977025862981,0.022974137019,0.2526883343184922,25.26883343184922,0.17220638668932464,17.220638668932466,0.09770258629810001,9.770258629810002,0.008835184105090939,0.8835184105090939,0.00883518410509094,0.011043980131363675,scenario,cyp_cystitis,1353.4974571387363
9.25,ganglia,10.445963570099945,0.97708405687,0.02291594313,0.2523965857068391,25.239658570683908,0.171875755577599,17.1875755577599,0.09770840568700001,9.7708405687,0.008846802854608687,0.8846802854608686,0.008846802854608687,0.01105850356826086,scenario,cyp_cystitis,1340.6309284659214
9.333333333333,ganglia,10.406376040533988,0.977138227172,0.022861772828,0.2521503482620071,25.21503482620071,0.17159613949423008,17.159613949423008,0.09771382271720001,9.771382271720002,0.008861855811063864,0.8861855811063863,0.008861855811063862,0.011077319763829828,scenario,cyp_cystitis,1327.7643997931073
9.416666666667,ganglia,10.370428163133576,0.977188723815,0.022811276185,0.25194667051053415,25.194667051053415,0.17136422014337127,17.13642201433713,0.09771887238150001,9.77188723815,0.008880164591611943,0.8880164591611943,0.008880164591611943,0.011100205739514929,scenario,cyp_cystitis,1314.897871120139
9.5,ganglia,10.337853881014372,0.97723537056,0.02276462944,0.25178255535138616,25.178255535138618,0.17117668699487346,17.117668699487346,0.09772353705600001,9.7723537056,0.00890155638015787,0.890155638015787,0.00890155638015787,0.011126945475197337,scenario,cyp_cystitis,1302.0313424473254
9.583333333333,ganglia,10.308398928466579,0.977277898675,0.022722101325,0.2516550840588384,25.16550840588384,0.1710303268792649,17.10303268792649,0.09772778986750001,9.772778986750001,0.008925864572266256,0.8925864572266256,0.008925864572266254,0.011157330715332817,scenario,cyp_cystitis,1289.1648137745105
9.666666666667,ganglia,10.281821231221809,0.977316039035,0.022683960965,0.25156144954415643,25.156144954415645,0.1709220507118405,17.09220507118405,0.0977316039035,9.77316039035,0.008952929305704101,0.8952929305704102,0.008952929305704103,0.011191161632130128,scenario,cyp_cystitis,1276.2982851015418
9.75,ganglia,10.257891163579803,0.97734952212,0.02265047788,0.2514989637405115,25.14989637405115,0.1708489016983461,17.08489016983461,0.09773495221200001,9.773495221200001,0.008982597883283679,0.898259788328368,0.008982597883283679,0.011228247354104598,scenario,cyp_cystitis,1263.431756428728
9.833333333333,ganglia,10.236391675462642,0.977378078018,0.022621921982,0.2514650630577745,25.14650630577745,0.1708080613955272,17.08080613955272,0.09773780780180001,9.773780780180001,0.009014725095220857,0.9014725095220857,0.009014725095220857,0.011268406369026072,scenario,cyp_cystitis,1250.5652277559136
9.916666666667,ganglia,10.217118302527085,0.977401436423,0.022598563577,0.25145731206714683,25.145731206714682,0.17079685380538534,17.079685380538535,0.0977401436423,9.77401436423,0.009049173448607596,0.9049173448607596,0.009049173448607596,0.011311466810759495,scenario,cyp_cystitis,1237.698699082945
10.0,ganglia,10.199879072334076,0.977419334998,0.022580665002,0.251473407736297,25.1473407736297,0.17081274915166336,17.081274915166336,0.09774193349980001,9.774193349980001,0.009085813311856372,0.9085813311856372,0.009085813311856372,0.011357266639820465,scenario,cyp_cystitis,1224.8321704101315
10.083333333333,ganglia,10.184494319297936,0.977432082253,0.022567917747,0.25151132492010625,25.151132492010625,0.17085346299422915,17.085346299422916,0.09774320822530001,9.774320822530001,0.00912452298209693,0.912452298209693,0.00912452298209693,0.011405653727621161,scenario,cyp_cystitis,1211.9656417373174
10.166666666667,ganglia,10.170796420730332,0.977439987638,0.022560012362,0.25156916922957706,25.156916922957706,0.1709168560730856,17.09168560730856,0.09774399876380001,9.77439987638,0.00916518868349707,0.916518868349707,0.00916518868349707,0.011456485854371336,scenario,cyp_cystitis,1199.099113064348
10.25,ganglia,10.158629465761353,0.977443125138,0.022556874862,0.25164511456446637,25.164511456446636,0.1710008911674071,17.100089116740712,0.0977443125138,9.774431251380001,0.00920770450438816,0.920770450438816,0.009207704504388159,0.011509630630485199,scenario,cyp_cystitis,1186.2325843915344
10.333333333333,ganglia,10.14784886830337,0.977441602695,0.022558397305,0.2517374698189023,25.173746981890233,0.1711036772771137,17.11036772771137,0.0977441602695,9.77441602695,0.009251972280885217,0.9251972280885217,0.009251972280885217,0.01156496535110652,scenario,cyp_cystitis,1173.36605571872
10.416666666667,ganglia,10.138320934536658,0.977435562209,0.022564437791,0.25184467547459055,25.184467547459054,0.17122346583743395,17.122346583743393,0.0977435562209,9.77435562209,0.009297901434406801,0.9297901434406801,0.009297901434406803,0.011622376793008503,scenario,cyp_cystitis,1160.4995270457512
10.5,ganglia,10.129922394646735,0.977425179538,0.022574820462,0.25196529953481206,25.196529953481207,0.17135864620112454,17.135864620112454,0.09774251795380001,9.774251795380001,0.009345408770177555,0.9345408770177555,0.009345408770177557,0.011681760962721947,scenario,cyp_cystitis,1147.6329983729377
10.583333333333,ganglia,10.122539907764093,0.977410664494,0.022589335506,0.25209803292784894,25.209803292784894,0.17150774053160994,17.150774053160994,0.0977410664494,9.77410664494,0.00939441824340958,0.939441824340958,0.009394418243409582,0.011743022804261979,scenario,cyp_cystitis,1134.7664697001233
10.666666666667,ganglia,10.116069548258643,0.977392260851,0.022607739149,0.252241684502935,25.2241684502935,0.1716693982420389,17.16693982420389,0.0977392260851,9.773922608509999,0.009444860699415516,0.9444860699415516,0.009444860699415518,0.011806075874269397,scenario,cyp_cystitis,1121.8999410271554
10.75,ganglia,10.110416280730691,0.977370043785,0.022629956215,0.25239512341293513,25.239512341293512,0.17184235448270568,17.18423544827057,0.09773700437850001,9.773700437850001,0.009496673593463229,0.9496673593463228,0.009496673593463229,0.011870841991829036,scenario,cyp_cystitis,1109.0334123543405
10.833333333333,ganglia,10.10549343024018,0.977343632714,0.022656367286,0.2525571992204658,25.25571992204658,0.17202537327673978,17.202537327673976,0.0977343632714,9.77343632714,0.009549800695706715,0.9549800695706715,0.009549800695706713,0.011937250869633391,scenario,cyp_cystitis,1096.166883681527
10.916666666667,ganglia,10.101222153534076,0.977313048573,0.022686951427,0.25272695748890117,25.27269574889012,0.1722173918128902,17.22173918128902,0.09773130485730001,9.773130485730002,0.0096041917860252,0.9604191786025199,0.0096041917860252,0.0120052397325315,scenario,cyp_cystitis,1083.3003550085582
11.0,ganglia,10.097530916272119,0.9772783439,0.0227216561,0.2529035386758233,25.290353867582333,0.17241744920647037,17.241744920647037,0.09772783439,9.772783439000001,0.009659802343130453,0.9659802343130454,0.009659802343130453,0.012074752928913066,scenario,cyp_cystitis,1070.4338263357433
11.083333333333,ganglia,10.094354980528523,0.977239574455,0.022760425545,0.253086165114383,25.3086165114383,0.17262467518764774,17.262467518764772,0.0977239574455,9.77239574455,0.009716593231822154,0.9716593231822155,0.009716593231822153,0.012145741539777691,scenario,cyp_cystitis,1057.5672976629296
11.166666666667,ganglia,10.091635906165099,0.977196799225,0.022803200775,0.2532741354010866,25.32741354010866,0.1728382838650962,17.28382838650962,0.09771967992250001,9.771967992250001,0.00977453039178325,0.977453039178325,0.00977453039178325,0.012218162989729062,scenario,cyp_cystitis,1044.7007689899608
11.25,ganglia,10.089321069031179,0.977150080421,0.022849919579,0.25346681890975664,25.346681890975663,0.17305756763072963,17.305756763072964,0.09771500804210001,9.771500804210001,0.009833584530872366,0.9833584530872366,0.009833584530872368,0.01229198066359046,scenario,cyp_cystitis,1031.8342403171469
11.333333333333,ganglia,10.087363198355543,0.977099483479,0.022900516521,0.2536636504739361,25.366365047393607,0.17328189125115118,17.328189125115117,0.0977099483479,9.77099483479,0.009893730825440752,0.9893730825440752,0.009893730825440752,0.01236716353180094,scenario,cyp_cystitis,1018.9677116443329
11.416666666667,ganglia,10.085719935155696,0.977045107624,0.022954892376,0.2538641332092251,25.386413320922507,0.1735106916075834,17.35106916075834,0.0977045107624,9.77045107624,0.009954948629776509,0.9954948629776509,0.009954948629776509,0.012443685787220635,scenario,cyp_cystitis,1006.1011829713646
11.5,ganglia,10.084353412999194,0.976987569974,0.023012430026,0.2540679595440777,25.40679595440777,0.1737435583851974,17.37435583851974,0.09769875699740001,9.76987569974,0.01001722119641915,1.001722119641915,0.01001722119641915,0.012521526495523938,scenario,cyp_cystitis,993.2346542985503
11.583333333333,ganglia,10.083229862013553,0.976927229319,0.023072770681,0.2542748051177691,25.427480511776913,0.17398009131763237,17.39800913176324,0.09769272293190001,9.769272293190001,0.010080535408739912,1.0080535408739912,0.010080535408739912,0.01260066926092489,scenario,cyp_cystitis,980.3681256257362
11.666666666667,ganglia,10.082319236653213,0.976864269799,0.023135730201,0.254484345895304,25.4484345895304,0.17421990990600444,17.421990990600445,0.0976864269799,9.76864269799,0.01014488152684445,1.014488152684445,0.010144881526844451,0.012681101908555564,scenario,cyp_cystitis,967.5015969527672
11.75,ganglia,10.08159486739188,0.976798875552,0.023201124448,0.2546962993655522,25.469629936555222,0.1744626797892802,17.44626797892802,0.0976798875552,9.767988755520001,0.010210252947586554,1.0210252947586553,0.010210252947586554,0.012762816184483192,scenario,cyp_cystitis,954.6350682799533
11.833333333333,ganglia,10.081033136215778,0.976731230719,0.023268769281,0.2549104206650056,25.491042066500558,0.17470810843678392,17.470810843678393,0.09767312307190001,9.767312307190002,0.010276645979225407,1.0276645979225407,0.010276645979225408,0.01284580747403176,scenario,cyp_cystitis,941.7685396071391
11.916666666667,ganglia,10.08061317554471,0.976661519439,0.023338480561,0.25512649896312545,25.512649896312546,0.1749559411324727,17.49559411324727,0.0976661519439,9.76661519439,0.010344059631010667,1.0344059631010667,0.010344059631010665,0.01293007453876333,scenario,cyp_cystitis,928.9020109341709
12.0,ganglia,10.08031659000002,0.976589925852,0.023410074148,0.25534435411065415,25.534435411065417,0.1752059572505046,17.520595725050462,0.0976589925852,9.76589925852,0.010412495417802457,1.0412495417802456,0.010412495417802457,0.01301561927225307,scenario,cyp_cystitis,916.0354822613565
12.083333333333,ganglia,10.080127200269255,0.976516634096,0.023483365904,0.25539678877173305,25.539678877173305,0.17527236151348113,17.527236151348113,0.0976516634096,9.76516634096,0.010433615475207953,1.0433615475207954,0.010433615475207953,0.01304201934400994,scenario,cyp_cystitis,912.0802473165036
12.166666666667,ganglia,10.080030808183084,0.976441828312,0.023558171688,0.2554500788103607,25.54500788103607,0.17533988442128967,17.533988442128965,0.09764418283120001,9.764418283120001,0.01045491763034408,1.045491763034408,0.01045491763034408,0.0130686470379301,scenario,cyp_cystitis,908.1250123716039
12.25,ganglia,10.08001498201706,0.976365692639,0.023634307361,0.25550411348821045,25.550411348821044,0.17540838247145607,17.540838247145608,0.0976365692639,9.76365692639,0.010476390214715465,1.0476390214715465,0.010476390214715465,0.01309548776839433,scenario,cyp_cystitis,904.1697774267516
12.333333333333,ganglia,10.080068860956382,0.976288411217,0.023711588783,0.255558802108127,25.5558802108127,0.17547773442936332,17.547773442936332,0.0976288411217,9.762884112170001,0.010498023083585514,1.0498023083585515,0.010498023083585514,0.013122528854481893,scenario,cyp_cystitis,900.2145424818991
12.416666666667,ganglia,10.080182977612399,0.976210168184,0.023789831816,0.2556140717681894,25.56140717681894,0.17554783883309932,17.55478388330993,0.0976210168184,9.76210168184,0.010519807448275293,1.0519807448275293,0.010519807448275294,0.013149759310344119,scenario,cyp_cystitis,896.2593075369986
12.5,ganglia,10.08034909745189,0.976131168156,0.023868831844,0.2556698706923607,25.56698706923607,0.17561861541862298,17.561861541862296,0.0976131168156,9.76131168156,0.010541735723898804,1.0541735723898804,0.010541735723898804,0.013177169654873505,scenario,cyp_cystitis,892.3040725921461
12.583333333333,ganglia,10.080560073991519,0.976051788716,0.023948211284,0.25572620635506826,25.572620635506826,0.17569003053718696,17.569003053718696,0.0976051788716,9.76051788716,0.010563801391570048,1.056380139157005,0.010563801391570047,0.013204751739462558,scenario,cyp_cystitis,888.3488376472939
12.666666666667,ganglia,10.080809718616942,0.975972291551,0.024027708449,0.2557830681929938,25.578306819299378,0.17576204337543755,17.576204337543754,0.0975972291551,9.75972291551,0.01058599887410132,1.0585998874101321,0.01058599887410132,0.01323249859262665,scenario,cyp_cystitis,884.3936027023935
12.75,ganglia,10.081092683906714,0.975892897936,0.024107102064,0.25584044586674676,25.584044586674676,0.17583461785905194,17.583461785905193,0.0975892897936,9.75892897936,0.010608323424224336,1.0608323424224335,0.010608323424224336,0.01326040428028042,scenario,cyp_cystitis,880.4383677575413
12.833333333333,ganglia,10.081404359372652,0.975813829139,0.024186170861,0.2558983385155108,25.58983385155108,0.1759077284462342,17.59077284462342,0.0975813829139,9.75813829139,0.01063077102438264,1.0630771024382641,0.010630771024382639,0.013288463780478299,scenario,cyp_cystitis,876.4831328126892
12.916666666667,ganglia,10.081740778568332,0.975735306434,0.024264693566,0.25595675357893427,25.595675357893427,0.17598135881726026,17.598135881726026,0.0975735306434,9.75735306434,0.010653338297162385,1.0653338297162385,0.010653338297162387,0.013316672871452984,scenario,cyp_cystitis,872.5278978677891
13.0,ganglia,10.08209853656441,0.975657551091,0.024342448909,0.2560157057441387,25.601570574413866,0.17605550070559856,17.605550070559854,0.09756575510910001,9.75657551091,0.01067602242546949,1.067602242546949,0.01067602242546949,0.013345028031836861,scenario,cyp_cystitis,868.5726629229363
13.083333333333,ganglia,10.082474716841213,0.975580784383,0.024419215617,0.25607521601646943,25.607521601646944,0.17613015286463274,17.613015286463273,0.0975580784383,9.75580784383,0.010698821081600664,1.0698821081600665,0.010698821081600664,0.013373526352000831,scenario,cyp_cystitis,864.617427978084
13.166666666667,ganglia,10.082866826704093,0.97550522758,0.02449477242,0.25613531089489466,25.613531089489467,0.17620532015210516,17.620532015210514,0.09755052275800001,9.7550522758,0.010721732364392134,1.0721732364392134,0.010721732364392136,0.01340216545549017,scenario,cyp_cystitis,860.6621930331835
13.25,ganglia,10.08327274038431,0.975431101954,0.024568898046,0.25619602164783595,25.619602164783593,0.17628101272492883,17.628101272492884,0.0975431101954,9.754311019540001,0.010744754743683851,1.074475474368385,0.010744754743683851,0.013430943429604814,scenario,cyp_cystitis,856.7069580883315
13.333333333333,ganglia,10.083690649046268,0.975358628777,0.024641371223,0.25625738367490847,25.625738367490847,0.1763572453302316,17.635724533023158,0.0975358628777,9.75358628777,0.0107678870113857,1.07678870113857,0.0107678870113857,0.013459858764232125,scenario,cyp_cystitis,852.7517231434788
13.416666666667,ganglia,10.08411901697967,0.97528802932,0.02471197068,0.2563194359475511,25.631943594755107,0.17643403668394564,17.643403668394562,0.097528802932,9.7528802932,0.010791128238473769,1.0791128238473768,0.010791128238473767,0.013488910298092209,scenario,cyp_cystitis,848.796488198579
13.5,ganglia,10.084556543312322,0.975219524855,0.024780475145,0.2563822205206925,25.63822205206925,0.17651140892799164,17.651140892799162,0.0975219524855,9.752195248549999,0.010814477737301717,1.0814477737301718,0.010814477737301717,0.013518097171627146,scenario,cyp_cystitis,844.8412532537262
13.583333333333,ganglia,10.085002128634754,0.975153095015,0.024846904985,0.2564457185599669,25.644571855996688,0.17658934339829657,17.658934339829656,0.0975153095015,9.75153095015,0.010837935028660671,1.083793502866067,0.010837935028660673,0.01354741878582584,scenario,cyp_cystitis,840.8860183088739
13.666666666667,ganglia,10.085454845981033,0.975087568078,0.024912431922,0.25650961055762755,25.650961055762757,0.17666761527758615,17.666761527758617,0.09750875680780001,9.75087568078,0.010861499813060865,1.0861499813060864,0.010861499813060865,0.013576874766326082,scenario,cyp_cystitis,836.930783363974
13.75,ganglia,10.085913915661191,0.975022723557,0.024977276443,0.2565738288198039,25.65738288198039,0.17674617384900432,17.674617384900433,0.09750227235570001,9.750227235570001,0.010885171945761243,1.0885171945761243,0.010885171945761244,0.013606464932201556,scenario,cyp_cystitis,832.9755484191211
13.833333333333,ganglia,10.086378683488832,0.974958522182,0.025041477818,0.2566383548913509,25.66383548913509,0.17682500297016765,17.682500297016766,0.09749585221820001,9.74958522182,0.010908951415116728,1.0908951415116728,0.010908951415116728,0.013636189268895909,scenario,cyp_cystitis,829.0203134742685
13.916666666667,ganglia,10.086848601992582,0.97489492468,0.02510507532,0.25670317167311585,25.670317167311584,0.17690408800568427,17.690408800568427,0.09748949246800001,9.7489492468,0.010932838323846476,1.0932838323846477,0.010932838323846476,0.013666047904808095,scenario,cyp_cystitis,825.0650785293689
14.0,ganglia,10.087323214242305,0.97483189178,0.02516810822,0.2567682632160978,25.67682632160978,0.17698341559788644,17.698341559788645,0.097483189178,9.7483189178,0.010956832872872435,1.0956832872872435,0.010956832872872437,0.013696041091090547,scenario,cyp_cystitis,821.1098435845165
14.083333333333,ganglia,10.08780213996017,0.974769384213,0.025230615787,0.25683361454349235,25.683361454349235,0.1770629734691026,17.70629734691026,0.09747693842130001,9.747693842130001,0.01098093534741399,1.0980935347413991,0.010980935347413992,0.01372616918426749,scenario,cyp_cystitis,817.1546086396639
14.166666666667,ganglia,10.088285063622454,0.974707362706,0.025292637294,0.25689921149659295,25.689921149659295,0.1771427502511033,17.71427502511033,0.0974707362706,9.74707362706,0.011005146105049868,1.1005146105049868,0.011005146105049868,0.013756432631312335,scenario,cyp_cystitis,813.199373694764
14.25,ganglia,10.08877172429117,0.974645787988,0.025354212012,0.2569650406059724,25.696504060597242,0.1772227353413027,17.72227353413027,0.0974645787988,9.74645787988,0.011029465565497254,1.1029465565497254,0.011029465565497254,0.013786831956871567,scenario,cyp_cystitis,809.2441387499109
14.333333333333,ganglia,10.089261906944703,0.974584620789,0.025415379211,0.25703108898000554,25.703108898000554,0.17730291877900617,17.730291877900616,0.09745846207890001,9.74584620789,0.011053894201886311,1.1053894201886312,0.01105389420188631,0.013817367752357887,scenario,cyp_cystitis,805.2889038050586
14.416666666667,ganglia,10.089755435103767,0.974523821838,0.025476178162,0.2570973442096962,25.70973442096962,0.17738329113988469,17.738329113988467,0.09745238218380001,9.74523821838,0.011078432533326302,1.1078432533326303,0.011078432533326302,0.013848040666657877,scenario,cyp_cystitis,801.3336688601589
14.5,ganglia,10.090252164573831,0.974463351862,0.025536648138,0.25716379428806146,25.716379428806146,0.1774638434465127,17.74638434465127,0.0974463351862,9.744633518619999,0.011103081118590648,1.1103081118590648,0.011103081118590648,0.013878851398238311,scenario,cyp_cystitis,797.3784339153059
14.583333333333,ganglia,10.090751978147365,0.974403171592,0.025596828408,0.2572304275436641,25.72304275436641,0.17754456709384897,17.754456709384897,0.0974403171592,9.74403171592,0.011127840550769605,1.1127840550769605,0.011127840550769605,0.013909800688462006,scenario,cyp_cystitis,793.4231989704533
14.666666666667,ganglia,10.091254781128884,0.974343219914,0.025656780086,0.25729722681337897,25.729722681337897,0.17762544980219885,17.762544980219886,0.09743432199140001,9.74343219914,0.011152711452750288,1.1152711452750288,0.011152711452750288,0.01394088931593786,scenario,cyp_cystitis,789.4679640255539
14.75,ganglia,10.09176049756372,0.974283375134,0.025716624866,0.2573641591524849,25.73641591524849,0.17770646848787208,17.77064684878721,0.0974283375134,9.742833751340001,0.011177694473408722,1.1177694473408721,0.011177694473408722,0.013972118091760903,scenario,cyp_cystitis,785.5127290807011
14.833333333333,ganglia,10.092269067067111,0.974223576376,0.025776423624,0.257431207846594,25.7431207846594,0.17778761134332668,17.77876113433267,0.0974223576376,9.74223576376,0.011202790284413844,1.1202790284413844,0.011202790284413844,0.014003487855517305,scenario,cyp_cystitis,781.5574941358489
14.916666666667,ganglia,10.092780442163972,0.97416376881,0.02583623119,0.25749835792545267,25.749835792545266,0.17786886782716962,17.786886782716962,0.09741637688100001,9.7416376881,0.011227999577549,1.1227999577549002,0.011227999577549002,0.014034999471936253,scenario,cyp_cystitis,777.6022591909485
15.0,ganglia,10.093294586062182,0.974103897604,0.025896102396,0.2575655945376406,25.756559453764062,0.17795022753026737,17.79502275302674,0.0974103897604,9.74103897604,0.011253323062476252,1.1253323062476253,0.01125332306247625,0.014066653828095313,scenario,cyp_cystitis,773.6470242460958
15.083333333333,ganglia,10.093811470792911,0.974043907929,0.025956092071,0.2576329029279112,25.76329029279112,0.17803168015001244,17.803168015001244,0.0974043907929,9.74043907929,0.011278761464879626,1.1278761464879625,0.011278761464879626,0.014098451831099533,scenario,cyp_cystitis,769.6917893012437
15.166666666667,ganglia,10.09433107566089,0.973983744953,0.026016255047,0.2577002684155949,25.770026841559492,0.1781132154669943,17.81132154669943,0.0973983744953,9.73983744953,0.011304315524924512,1.1304315524924513,0.011304315524924514,0.014130394406155643,scenario,cyp_cystitis,765.7365543563438
15.25,ganglia,10.094853385955812,0.973923353846,0.026076646154,0.25776767637926606,25.776767637926607,0.17819482332740672,17.819482332740673,0.09739233538460002,9.739233538460002,0.011329985995986488,1.132998599598649,0.011329985995986488,0.01416248249498311,scenario,cyp_cystitis,761.7813194114909
15.333333333333,ganglia,10.095378391883312,0.973862679776,0.026137320224,0.2578351122418597,25.78351122418597,0.1782764936269552,17.827649362695517,0.09738626797760001,9.738626797760002,0.011355773643610317,1.1355773643610316,0.011355773643610317,0.014194717054512897,scenario,cyp_cystitis,757.8260844666386
15.416666666667,ganglia,10.095906087679934,0.973801667914,0.026198332086,0.25790256146052654,25.790256146052652,0.17835821629902948,17.83582162990295,0.0973801667914,9.738016679140001,0.011381679244657588,1.1381679244657588,0.011381679244657588,0.014227099055821986,scenario,cyp_cystitis,753.8708495217388
15.5,ganglia,10.096436470882061,0.973740263427,0.026259736573,0.2579700095152916,25.79700095152916,0.17843998130287952,17.843998130287954,0.09737402634270001,9.737402634270001,0.011407703586614977,1.1407703586614977,0.011407703586614977,0.014259629483268721,scenario,cyp_cystitis,749.9156145768864
15.583333333333,ganglia,10.096969541723377,0.973678411486,0.026321588514,0.2580374419033463,25.803744190334633,0.1785217786163848,17.85217786163848,0.0973678411486,9.73678411486,0.011433847467040003,1.1433847467040004,0.011433847467040001,0.014292309333800001,scenario,cyp_cystitis,745.9603796320337
15.666666666667,ganglia,10.097505302639272,0.97361605726,0.02638394274,0.2581048441310012,25.81048441310012,0.17860359822777913,17.860359822777912,0.097361605726,9.7361605726,0.01146011169311665,1.146011169311665,0.011460111693116651,0.014325139616395813,scenario,cyp_cystitis,742.0051446871333
15.75,ganglia,10.09804375786008,0.973553288134,0.026446711866,0.2581722394225249,25.817223942252486,0.17868545623236093,17.86854562323609,0.0973553288134,9.735532881340001,0.011486497081304958,1.1486497081304958,0.011486497081304958,0.014358121351631198,scenario,cyp_cystitis,738.0499097422811
15.833333333333,ganglia,10.098584913078042,0.973490403351,0.026509596649,0.25823970725131945,25.823970725131947,0.17876740768468827,17.876740768468828,0.0973490403351,9.73490403351,0.011513004457071827,1.1513004457071827,0.011513004457071827,0.014391255571339783,scenario,cyp_cystitis,734.0946747974283
15.916666666667,ganglia,10.099128775175092,0.973427415196,0.026572584804,0.2583072510631179,25.830725106311792,0.17884945504835323,17.884945504835322,0.0973427415196,9.73427415196,0.011539634654684074,1.1539634654684074,0.011539634654684074,0.014424543318355094,scenario,cyp_cystitis,730.1394398525283
16.0,ganglia,10.099675352000878,0.973364323669,0.026635676331,0.25837487105973733,25.837487105973732,0.17893159854759705,17.893159854759705,0.09733643236690001,9.733643236690002,0.011566388517055668,1.1566388517055668,0.011566388517055668,0.014457985646319584,scenario,cyp_cystitis,726.1842049076757
16.083333333333,ganglia,10.100224652192189,0.97330112877,0.02669887123,0.2584425674534958,25.844256745349583,0.17901383841832866,17.901383841832867,0.097330112877,9.7330112877,0.011593266895642657,1.1593266895642658,0.011593266895642657,0.01449158361955332,scenario,cyp_cystitis,722.2289699628234
16.166666666667,ganglia,10.100776685026284,0.9732378305,0.0267621695,0.2585103404655805,25.851034046558052,0.17909617490620058,17.909617490620057,0.09732378305,9.732378305000001,0.011620270650372445,1.1620270650372446,0.011620270650372445,0.014525338312965557,scenario,cyp_cystitis,718.2737350179235
16.25,ganglia,10.101331460302049,0.973174428858,0.026825571142,0.2585781903237124,25.85781903237124,0.1791786082643471,17.91786082643471,0.0973174428858,9.73174428858,0.011647400649603816,1.1647400649603816,0.011647400649603816,0.01455925081200477,scenario,cyp_cystitis,714.3185000730712
16.333333333333,ganglia,10.101888988243951,0.973110923845,0.026889076155,0.25864611726197256,25.864611726197257,0.1792611387527473,17.92611387527473,0.0973110923845,9.731109238450001,0.011674657770115348,1.1674657770115349,0.011674657770115348,0.014593322212644186,scenario,cyp_cystitis,710.3632651282184
16.416666666667,ganglia,10.102449279424503,0.973047315459,0.026952684541,0.2587141215184691,25.87141215184691,0.17934376663618787,17.934376663618785,0.09730473154590001,9.730473154590001,0.011702042897111985,1.1702042897111984,0.011702042897111985,0.014627553621389981,scenario,cyp_cystitis,706.4080301833187
16.5,ganglia,10.103012344701831,0.972983603702,0.027016396298,0.2587822033363869,25.87822033363869,0.17942649218465206,17.942649218465206,0.09729836037020001,9.72983603702,0.011729556924249063,1.1729556924249063,0.011729556924249063,0.014661946155311328,scenario,cyp_cystitis,702.4527952384657
16.583333333333,ganglia,10.103578195169568,0.972919788573,0.027080211427,0.25885036296148534,25.885036296148535,0.179509315671317,17.9509315671317,0.09729197885730001,9.72919788573,0.01175720075367372,1.175720075367372,0.01175720075367372,0.014696500942092149,scenario,cyp_cystitis,698.4975602936131
16.666666666667,ganglia,10.104146842116634,0.972855870073,0.027144129927,0.2589186006429046,25.891860064290462,0.17959223737289398,17.9592237372894,0.0972855870073,9.72855870073,0.011784975296075395,1.1784975296075395,0.011784975296075393,0.01473121912009424,scenario,cyp_cystitis,694.5423253487136
16.75,ganglia,10.104718296995058,0.9727918482,0.0272081518,0.2589869166314168,25.898691663141683,0.17967525756824093,17.96752575682409,0.09727918482,9.727918482,0.011812881470746349,1.1812881470746348,0.011812881470746349,0.014766101838432936,scenario,cyp_cystitis,690.5870904038608
16.833333333333,ganglia,10.105292571394349,0.972727723179,0.027272276821,0.25905531124035225,25.905531124035225,0.17975837658050248,17.97583765805025,0.0972727723179,9.727277231790001,0.01184092020565347,1.184092020565347,0.01184092020565347,0.014801150257066837,scenario,cyp_cystitis,686.6318554590083
16.916666666667,ganglia,10.105869677021023,0.972663497599,0.027336502401,0.2591237854147421,25.91237854147421,0.17984159517204676,17.984159517204677,0.0972663497599,9.72663497599,0.011869092437514214,1.1869092437514213,0.011869092437514214,0.014836365546892768,scenario,cyp_cystitis,682.6766205141084
17.0,ganglia,10.106449625682341,0.972599172202,0.027400827798,0.25919233960993965,25.919233960993964,0.17992491376637737,17.992491376637737,0.0972599172202,9.72599172202,0.011897399111878438,1.1897399111878437,0.011897399111878438,0.014871748889848048,scenario,cyp_cystitis,678.721385569256
17.083333333333,ganglia,10.10703242927346,0.972534746988,0.027465253012,0.2592609740852218,25.926097408522182,0.18000833265157976,18.000833265157976,0.09725347469880001,9.72534746988,0.011925841183218374,1.1925841183218373,0.011925841183218374,0.014907301479022968,scenario,cyp_cystitis,674.7661506244032
17.166666666667,ganglia,10.107618099767222,0.972470221957,0.027529778043,0.25932968910119814,25.932968910119815,0.18009185211722012,18.009185211722013,0.0972470221957,9.72470221957,0.011954419615019935,1.1954419615019936,0.011954419615019935,0.014943024518774918,scenario,cyp_cystitis,670.8109156795033
17.25,ganglia,10.108206649206094,0.972405597109,0.027594402891,0.2593984849197043,25.93984849197043,0.18017547245422694,18.017547245422694,0.09724055971090001,9.724055971090001,0.011983135379877836,1.1983135379877836,0.011983135379877838,0.014978919224847297,scenario,cyp_cystitis,666.855680734651
17.333333333333,ganglia,10.10879808969587,0.972340872444,0.027659127556,0.2594673618037268,25.94673618037268,0.18025919395480758,18.02591939548076,0.09723408724440001,9.72340872444,0.012011989459597174,1.2011989459597174,0.012011989459597175,0.015014986824496469,scenario,cyp_cystitis,662.9004457897981
17.416666666667,ganglia,10.109392433400695,0.972276047961,0.027723952039,0.25953632001706983,25.953632001706982,0.1803430169121887,18.03430169121887,0.0972276047961,9.72276047961,0.012040982845294881,1.204098284529488,0.012040982845294881,0.015051228556618602,scenario,cyp_cystitis,658.9452108448985
17.5,ganglia,10.109989692539136,0.972211123662,0.027788876338,0.2596053598253697,25.96053598253697,0.18042694162129966,18.042694162129965,0.09722111236620001,9.722111236620002,0.012070116537503974,1.2070116537503974,0.012070116537503972,0.015087645671879965,scenario,cyp_cystitis,654.989975900046
17.583333333333,ganglia,10.110589879381203,0.972146099546,0.027853900454,0.2596744814944613,25.96744814944613,0.1805109683776237,18.05109683776237,0.0972146099546,9.721460995460001,0.012099391546283336,1.2099391546283336,0.012099391546283336,0.01512423943285417,scenario,cyp_cystitis,651.0347409551935
17.666666666667,ganglia,10.111193006245964,0.972080975612,0.027919024388,0.2597436852911461,25.97436852911461,0.1805950974777179,18.05950974777179,0.09720809756120001,9.720809756120001,0.012128808891326785,1.2128808891326786,0.012128808891326783,0.015161011114158478,scenario,cyp_cystitis,647.0795060102934
17.75,ganglia,10.11179908549969,0.972015751862,0.027984248138,0.2598129714839673,25.98129714839673,0.18067932921974147,18.067932921974148,0.0972015751862,9.72015751862,0.012158369602074295,1.2158369602074295,0.012158369602074297,0.015197962002592871,scenario,cyp_cystitis,643.1242710654407
17.833333333333,ganglia,10.1124081295545,0.971950428295,0.028049571705,0.2598823403415965,25.988234034159653,0.18076366390232945,18.076366390232945,0.0971950428295,9.71950428295,0.012188074717828486,1.2188074717828485,0.012188074717828488,0.015235093397285609,scenario,cyp_cystitis,639.169036120588
17.916666666667,ganglia,10.113020150867243,0.97188500491,0.02811499509,0.2599517921336178,25.99517921336178,0.1808481018251309,18.08481018251309,0.097188500491,9.7188500491,0.012217925287869986,1.2217925287869986,0.012217925287869988,0.015272406609837485,scenario,cyp_cystitis,635.2138011756881
18.0,ganglia,10.113635161938667,0.971819422251,0.028180577749,0.26002131122265604,26.002131122265602,0.18093263221950673,18.09326322195067,0.09718194222510002,9.718194222510002,0.012247922371574765,1.2247922371574766,0.012247922371574765,0.015309902964468457,scenario,cyp_cystitis,631.2585662308356
18.083333333333,ganglia,10.114253175312832,0.97175360503,0.02824639497,0.2600908777134484,26.00908777134484,0.18101724134494265,18.101724134494265,0.097175360503,9.7175360503,0.012278067038536592,1.2278067038536593,0.01227806703853659,0.01534758379817074,scenario,cyp_cystitis,627.3033312859832
18.166666666667,ganglia,10.114874203576628,0.971687552994,0.028312447006,0.260160491774462,26.0160491774462,0.1811019294167355,18.11019294167355,0.0971687552994,9.71687552994,0.01230836036868826,1.230836036868826,0.012308360368688258,0.015385450460860322,scenario,cyp_cystitis,623.3480963410831
18.25,ganglia,10.115498259359406,0.971621266141,0.028378733859,0.260230153642081,26.023015364208103,0.18118669669775667,18.118669669775667,0.09716212661410001,9.716212661410001,0.012338803452424657,1.2338803452424658,0.012338803452424657,0.015423504315530821,scenario,cyp_cystitis,619.3928613962305
18.333333333333,ganglia,10.116125355332771,0.971554744472,0.028445255528,0.2602998635542787,26.02998635542787,0.18127154345230967,18.127154345230966,0.0971554744472,9.71554744472,0.012369397390731042,1.2369397390731043,0.012369397390731042,0.015461746738413802,scenario,cyp_cystitis,615.437626451378
18.416666666667,ganglia,10.116755504210401,0.971487987987,0.028512012013,0.2603696217495418,26.03696217495418,0.18135646994537977,18.135646994537975,0.0971487987987,9.71487987987,0.012400143295309982,1.2400143295309982,0.012400143295309982,0.015500179119137477,scenario,cyp_cystitis,611.4823915064782
18.5,ganglia,10.11738871874788,0.971420996686,0.028579003314,0.2604394284671338,26.04394284671338,0.18144147644281536,18.144147644281535,0.0971420996686,9.71420996686,0.012431042288710186,1.2431042288710186,0.012431042288710186,0.015538802860887732,scenario,cyp_cystitis,607.5271565616259
18.583333333333,ganglia,10.118025011742697,0.971353770569,0.028646229431,0.26050928394710116,26.050928394710116,0.18152656321133465,18.152656321133463,0.09713537705690001,9.713537705690001,0.012462095504460627,1.2462095504460626,0.012462095504460629,0.015577619380575787,scenario,cyp_cystitis,603.5719216167729
18.666666666667,ganglia,10.118664396034161,0.971286309636,0.028713690364,0.2605791884302698,26.05791884302698,0.18161173051852195,18.161173051852195,0.09712863096360001,9.712863096360001,0.012493304087203288,1.2493304087203287,0.012493304087203288,0.01561663010900411,scenario,cyp_cystitis,599.6166866718734
18.75,ganglia,10.119306884503377,0.971218613887,0.028781386113,0.2606491421582423,26.06491421582423,0.1816969786328248,18.16969786328248,0.0971218613887,9.71218613887,0.012524669192827943,1.2524669192827944,0.012524669192827943,0.015655836491034927,scenario,cyp_cystitis,595.6614517270209
18.833333333333,ganglia,10.119952490073292,0.971150683321,0.028849316679,0.26071914537313684,26.071914537313685,0.18178230782337426,18.178230782337426,0.0971150683321,9.71150683321,0.012556191988612265,1.2556191988612264,0.012556191988612265,0.01569523998576533,scenario,cyp_cystitis,591.7062167821679
18.916666666667,ganglia,10.120601225708691,0.97108251794,0.02891748206,0.26078919831865777,26.078919831865775,0.18186771836073087,18.18677183607309,0.09710825179400001,9.7108251794,0.012587873653360648,1.2587873653360648,0.012587873653360646,0.015734842066700807,scenario,cyp_cystitis,587.7509818372681
19.0,ganglia,10.121253104416212,0.971014117742,0.028985882258,0.2608593012382149,26.085930123821488,0.18195321051557203,18.195321051557205,0.09710141177420001,9.71014117742,0.012619715377545119,1.2619715377545118,0.012619715377545119,0.015774644221931398,scenario,cyp_cystitis,583.7957468924154
19.083333333333,ganglia,10.121908139244427,0.970945471995,0.029054528005,0.2609294514924501,26.09294514924501,0.18203878254772235,18.203878254772235,0.0970945471995,9.709454719950001,0.012651718363451721,1.265171836345172,0.012651718363451721,0.015814647954314653,scenario,cyp_cystitis,579.8405119475632
19.166666666667,ganglia,10.122566343283866,0.970876521903,0.029123478097,0.2609996335178769,26.099963351787693,0.1821244236973077,18.21244236973077,0.09708765219030001,9.708765219030001,0.012683883825325707,1.2683883825325708,0.012683883825325707,0.015854854781657133,scenario,cyp_cystitis,575.8852770026634
19.25,ganglia,10.12322772966705,0.970807258544,0.029192741456,0.2610698451423972,26.106984514239723,0.18221013254221913,18.221013254221912,0.0970807258544,9.70807258544,0.012716212989518826,1.2716212989518825,0.012716212989518826,0.015895266236898534,scenario,cyp_cystitis,571.9300420578104
19.333333333333,ganglia,10.123892311568593,0.970737681918,0.029262318082,0.261140086591503,26.1140086591503,0.18229590933300333,18.229590933300333,0.09707376819180001,9.70737681918,0.012748707094642332,1.274870709464233,0.012748707094642332,0.015935883868302914,scenario,cyp_cystitis,567.9748071129577
19.416666666667,ganglia,10.124560102205232,0.970667792026,0.029332207974,0.26121035809168186,26.121035809168188,0.18238175432120204,18.238175432120205,0.0970667792026,9.70667792026,0.012781367391718807,1.2781367391718808,0.012781367391718807,0.015976709239648508,scenario,cyp_cystitis,564.0195721680583
19.5,ganglia,10.12523111483587,0.970597588868,0.029402411132,0.26128065986987653,26.128065986987654,0.18246766775897394,18.246766775897395,0.0970597588868,9.705975888680001,0.012814195144336227,1.2814195144336227,0.01281419514433623,0.016017743930420287,scenario,cyp_cystitis,560.0643372232056
19.583333333333,ganglia,10.125905362761683,0.970527072443,0.029472927557,0.261350992153492,26.1350992153492,0.18255364989910222,18.255364989910223,0.0970527072443,9.70527072443,0.01284719162880789,1.284719162880789,0.012847191628807892,0.016058989536009864,scenario,cyp_cystitis,556.109102278353
19.666666666667,ganglia,10.126582859326158,0.970456242752,0.029543757248,0.2614213551712009,26.142135517120092,0.18263970099555654,18.263970099555653,0.09704562427520001,9.70456242752,0.012880358134331225,1.2880358134331225,0.012880358134331226,0.016100447667914033,scenario,cyp_cystitis,552.1538673334533
19.75,ganglia,10.127263617915132,0.970385099794,0.029614900206,0.26149174915186457,26.149174915186457,0.1827258213027384,18.27258213027384,0.0970385099794,9.70385099794,0.01291369596314897,1.291369596314897,0.01291369596314897,0.01614211995393621,scenario,cyp_cystitis,548.1986323886007
19.833333333333,ganglia,10.12794765195691,0.97031364357,0.02968635643,0.2615621743256177,26.156217432561768,0.18281201107624184,18.281201107624184,0.09703136435700001,9.703136435700001,0.012947206430716424,1.2947206430716425,0.012947206430716422,0.016184008038395526,scenario,cyp_cystitis,544.2433974437479
19.916666666667,ganglia,10.128634974922297,0.970241874079,0.029758125921,0.2616326309227882,26.16326309227882,0.18289827057209804,18.289827057209802,0.0970241874079,9.70241874079,0.012980890865867569,1.298089086586757,0.012980890865867569,0.016226113582334462,scenario,cyp_cystitis,540.2881624988484
20.0,ganglia,10.129325600324645,0.970169791322,0.029830208678,0.2617031191749739,26.17031191749739,0.1829846000475266,18.29846000475266,0.0970169791322,9.70169791322,0.013014750610983823,1.3014750610983823,0.013014750610983823,0.016268438263729777,scenario,cyp_cystitis,536.3329275539955
20.083333333333,ganglia,10.130019541719962,0.970097395299,0.029902604701,0.26177363931424047,26.177363931424047,0.18307099976037833,18.307099976037833,0.0970097395299,9.70097395299,0.013048787022168894,1.3048787022168895,0.013048787022168894,0.01631098377771112,scenario,cyp_cystitis,532.377692609143
20.166666666667,ganglia,10.130716812706952,0.970024685573,0.029975314427,0.2618441914554274,26.18441914554274,0.18315746988680826,18.315746988680825,0.0970024685573,9.70024685573,0.013083001469422734,1.3083001469422735,0.013083001469422735,0.01635375183677842,scenario,cyp_cystitis,528.4224576642432
20.25,ganglia,10.13141742692706,0.969951636505,0.030048363495,0.2619147689086818,26.19147689086818,0.18324400584242423,18.324400584242422,0.09699516365050001,9.699516365050002,0.013117395336818155,1.3117395336818156,0.013117395336818154,0.016396744171022694,scenario,cyp_cystitis,524.4672227193905
20.333333333333,ganglia,10.132121398064578,0.96987823311,0.03012176689,0.261985367853209,26.198536785320897,0.18333060504689885,18.333060504689886,0.096987823311,9.6987823311,0.013151970022683802,1.31519700226838,0.013151970022683802,0.01643996252835475,scenario,cyp_cystitis,520.5119877745376
20.416666666667,ganglia,10.132828739846687,0.969804475387,0.030195524613,0.2620559885122411,26.20559885122411,0.18341726774837896,18.341726774837895,0.0969804475387,9.69804475387,0.013186726939786298,1.3186726939786297,0.013186726939786298,0.016483408674732872,scenario,cyp_cystitis,516.5567528296383
20.5,ganglia,10.133539466043498,0.969730363337,0.030269636663,0.2621266311102536,26.212663111025357,0.18350399419617064,18.350399419617062,0.09697303633370001,9.697303633370002,0.013221667515515192,1.3221667515515192,0.01322166751551519,0.016527084394393987,scenario,cyp_cystitis,512.6015178847855
20.583333333333,ganglia,10.134253590468164,0.969655896959,0.030344103041,0.2621972958718917,26.21972958718917,0.18359078463999082,18.359078463999083,0.09696558969590001,9.69655896959,0.013256793192074488,1.3256793192074487,0.01325679319207449,0.016570991490093112,scenario,cyp_cystitis,508.6462829399327
20.666666666667,ganglia,10.134971126976916,0.969581076254,0.030418923746,0.26226798302304916,26.226798302304914,0.1836776393307213,18.36776393307213,0.09695810762540001,9.69581076254,0.013292105426673423,1.3292105426673422,0.013292105426673423,0.01661513178334178,scenario,cyp_cystitis,504.6910479950329
20.75,ganglia,10.135692089469103,0.969505901221,0.030494098779,0.26233869278978406,26.233869278978407,0.18376455851964893,18.37645585196489,0.0969505901221,9.69505901221,0.013327605691720212,1.3327605691720212,0.013327605691720213,0.016659507114650265,scenario,cyp_cystitis,500.7358130501803
20.833333333333,ganglia,10.136416491887303,0.969430371861,0.030569628139,0.26240942539940826,26.240942539940825,0.18385154245923138,18.38515424592314,0.0969430371861,9.694303718610001,0.013363295475022602,1.33632954750226,0.013363295475022602,0.016704119343778252,scenario,cyp_cystitis,496.7805781053279
20.916666666667,ganglia,10.137144348217362,0.969354488173,0.030645511827,0.26248018107940274,26.248018107940275,0.1839385914023364,18.39385914023364,0.0969354488173,9.69354488173,0.013399176279987783,1.3399176279987783,0.013399176279987783,0.01674897034998473,scenario,cyp_cystitis,492.8253431604282
21.0,ganglia,10.137875672488427,0.969278250158,0.030721749842,0.26255096005849765,26.255096005849765,0.18402570560299739,18.40257056029974,0.0969278250158,9.69278250158,0.013435249625825395,1.3435249625825394,0.013435249625825395,0.016794062032281745,scenario,cyp_cystitis,488.8701082155754
21.083333333333,ganglia,10.138610478773067,0.969201657816,0.030798342184,0.26262176256586767,26.262176256586766,0.18411288531585293,18.411288531585292,0.09692016578160001,9.69201657816,0.01347151704775763,1.347151704775763,0.01347151704775763,0.01683939630969704,scenario,cyp_cystitis,484.91487327072286
21.166666666667,ganglia,10.1393487811873,0.969124711146,0.030875288854,0.26269258883112884,26.269258883112883,0.18420013079614314,18.420013079614314,0.0969124711146,9.69124711146,0.013507980097228764,1.3507980097228764,0.013507980097228764,0.016884975121535955,scenario,cyp_cystitis,480.95963832582277
21.25,ganglia,10.140090593890625,0.969047410148,0.030952589852,0.2627634390848783,26.27634390848783,0.18428744230008698,18.428744230008697,0.09690474101480001,9.690474101480001,0.013544640342117964,1.3544640342117964,0.013544640342117966,0.01693080042764746,scenario,cyp_cystitis,477.00440338097025
21.333333333333,ganglia,10.140835931086148,0.968969742742,0.031030257258,0.26283431028171467,26.283431028171467,0.1843748177861274,18.437481778612742,0.0968969742742,9.68969742742,0.01358149936695948,1.358149936695948,0.01358149936695948,0.016976874208699352,scenario,cyp_cystitis,473.04916843611784
21.416666666667,ganglia,10.141584807020607,0.968891681166,0.031108318834,0.2629051951171075,26.29051951171075,0.1844622522227861,18.44622522227861,0.0968891681166,9.68891681166,0.013618558773162325,1.3618558773162326,0.013618558773162323,0.017023198466452904,scenario,cyp_cystitis,469.0939334912178
21.5,ganglia,10.142337235984405,0.96881322432,0.03118677568,0.2629760935138342,26.29760935138342,0.1845497456464824,18.45497456464824,0.09688132243200001,9.688132243200002,0.013655820179233466,1.3655820179233467,0.013655820179233467,0.017069775224041836,scenario,cyp_cystitis,465.1386985463654
21.583333333333,ganglia,10.143093232311724,0.968734372204,0.031265627796,0.2630470056936294,26.304700569362936,0.1846372983035882,18.46372983035882,0.09687343722040001,9.687343722040001,0.013693285221008631,1.369328522100863,0.013693285221008631,0.017116606526260788,scenario,cyp_cystitis,461.1834636015127
21.666666666667,ganglia,10.143852810380562,0.968655124819,0.031344875181,0.2631179318791821,26.31179318791821,0.1847249104414245,18.47249104414245,0.0968655124819,9.68655124819,0.01373095555188274,1.373095555188274,0.013730955551882739,0.017163694439853425,scenario,cyp_cystitis,457.22822865661306
21.75,ganglia,10.144615984612756,0.968575482163,0.031424517837,0.26318887229304566,26.318887229304565,0.18481258230749517,18.481258230749518,0.09685754821630001,9.68575482163,0.013768832843044098,1.3768832843044099,0.013768832843044096,0.01721104105380512,scenario,cyp_cystitis,453.27299371176014
21.833333333333,ganglia,10.145382769474107,0.968495444238,0.031504555762,0.2632598271595471,26.32598271595471,0.18490031415083014,18.490031415083013,0.0968495444238,9.68495444238,0.01380691878371637,1.3806918783716369,0.013806918783716367,0.01725864847964546,scenario,cyp_cystitis,449.3177587669077
21.916666666667,ganglia,10.146153179474396,0.968415011044,0.031584988956,0.26333079670315446,26.333079670315445,0.1849881062208383,18.49881062208383,0.0968415011044,9.68415011044,0.013845215081400446,1.3845215081400446,0.013845215081400446,0.01730651885175056,scenario,cyp_cystitis,445.3625238220079
22.0,ganglia,10.14692722916743,0.968334182579,0.031665817421,0.26340178114847274,26.340178114847273,0.18507595876730304,18.507595876730303,0.0968334182579,9.68334182579,0.013883723462120193,1.3883723462120194,0.013883723462120193,0.01735465432765024,scenario,cyp_cystitis,441.40728887715534
22.083333333333,ganglia,10.14770493315114,0.968252958845,0.031747041155,0.26347278072188307,26.347278072188306,0.1851638720415367,18.51638720415367,0.0968252958845,9.68252958845,0.013922445670676324,1.3922445670676324,0.013922445670676322,0.017403057088345403,scenario,cyp_cystitis,437.4520539323028
22.166666666667,ganglia,10.14848630606762,0.968171339841,0.031828660159,0.26354379564963626,26.354379564963626,0.1852518462950403,18.52518462950403,0.09681713398410001,9.68171339841,0.013961383470900281,1.3961383470900282,0.013961383470900283,0.017451729338625353,scenario,cyp_cystitis,433.49681898740283
22.25,ganglia,10.149271362603155,0.968089325567,0.031910674433,0.26361482615893794,26.361482615893795,0.18533988178026434,18.533988178026434,0.0968089325567,9.68089325567,0.014000538645912263,1.4000538645912264,0.014000538645912261,0.017500673307390326,scenario,cyp_cystitis,429.54158404255014
22.333333333333,ganglia,10.15006011748833,0.968006916023,0.031993083977,0.26368587247768316,26.368587247768318,0.18542797875042574,18.542797875042574,0.09680069160230001,9.680069160230001,0.014039912998387664,1.4039912998387665,0.014039912998387666,0.017549891247984582,scenario,cyp_cystitis,425.58634909769756
22.416666666667,ganglia,10.15085258549806,0.967924107544,0.032075892456,0.26375693383575094,26.375693383575094,0.1855161367570566,18.55161367570566,0.09679241075440001,9.67924107544,0.0140795083508237,1.40795083508237,0.0140795083508237,0.017599385438529624,scenario,cyp_cystitis,421.6311141527979
22.5,ganglia,10.151648781451614,0.967840864687,0.032159135313,0.26382800079977914,26.382800079977915,0.18560434925675456,18.560434925675455,0.09678408646870001,9.678408646870002,0.0141193265458104,1.41193265458104,0.0141193265458104,0.017649158182263,scenario,cyp_cystitis,417.67587920794534
22.583333333333,ganglia,10.152448720212734,0.967757178542,0.032242821458,0.26389907115866157,26.38990711586616,0.18569261478273508,18.569261478273507,0.09677571785420001,9.677571785420001,0.014159369446310365,1.4159369446310366,0.014159369446310365,0.017699211807887957,scenario,cyp_cystitis,413.72064426309265
22.666666666667,ganglia,10.153252416689655,0.96767304911,0.03232695089,0.26397014512930245,26.397014512930244,0.18578093357589162,18.57809335758916,0.096767304911,9.676730491099999,0.014199638935938884,1.4199638935938885,0.014199638935938884,0.017749548669923607,scenario,cyp_cystitis,409.7654093181926
22.75,ganglia,10.154059885835133,0.967588476389,0.032411523611,0.264041222928431,26.404122292843102,0.18586930587725667,18.586930587725668,0.09675884763890001,9.675884763890002,0.01424013691924865,1.424013691924865,0.01424013691924865,0.017800171149060812,scenario,cyp_cystitis,405.81017437334003
22.833333333333,ganglia,10.154871142646558,0.967503460381,0.032496539619,0.26411230477451775,26.411230477451774,0.185957731929353,18.5957731929353,0.09675034603810001,9.675034603810001,0.014280865322023639,1.428086532202364,0.014280865322023637,0.017851081652529546,scenario,cyp_cystitis,401.8549394284877
22.916666666667,ganglia,10.155686202165976,0.967418001084,0.032581998916,0.2641833908855885,26.418339088558852,0.18604621197465393,18.60462119746539,0.0967418001084,9.67418001084,0.014321826091573495,1.4321826091573495,0.014321826091573496,0.017902282614466872,scenario,cyp_cystitis,397.89970448358764
23.0,ganglia,10.156505079480116,0.9673320985,0.0326679015,0.26425448148140523,26.425448148140525,0.18613474625711693,18.613474625711692,0.09673320985,9.673320985,0.014363021197032833,1.4363021197032833,0.014363021197032835,0.017953776496291044,scenario,cyp_cystitis,393.9444695387351
23.083333333333,ganglia,10.157327789720501,0.967245752627,0.032754247373,0.2643255767812881,26.43255767812881,0.1862233350206534,18.62233350206534,0.09672457526270001,9.672457526270001,0.014404452629670028,1.4404452629670028,0.014404452629670026,0.01800556578708753,scenario,cyp_cystitis,389.98923459388266
23.166666666667,ganglia,10.158154348063466,0.967158963467,0.032841036533,0.26439667700629726,26.439667700629727,0.1863119785106636,18.63119785106636,0.09671589634670001,9.671589634670001,0.014446122403196739,1.444612240319674,0.01444612240319674,0.018057653003995925,scenario,cyp_cystitis,386.03399964898273
23.25,ganglia,10.158984769730191,0.967071731018,0.032928268982,0.26446778237704444,26.446778237704443,0.1864006769724938,18.64006769724938,0.0967071731018,9.67071731018,0.014488032554082687,1.4488032554082688,0.014488032554082686,0.018110040692603357,scenario,cyp_cystitis,382.07876470413
23.333333333333,ganglia,10.159819069986801,0.966984055282,0.033015944718,0.2645388931158858,26.45388931158858,0.1864894306529842,18.648943065298422,0.09669840552820001,9.669840552820002,0.014530185141880217,1.4530185141880216,0.014530185141880219,0.018162731427350275,scenario,cyp_cystitis,378.1235297592775
23.416666666667,ganglia,10.160657264144398,0.966895936258,0.033104063742,0.26461000944500535,26.461000944500533,0.18657823979911703,18.657823979911704,0.0966895936258,9.66895936258,0.014572582249549958,1.4572582249549957,0.014572582249549956,0.018215727811937445,scenario,cyp_cystitis,374.1682948143776
23.5,ganglia,10.161499367559069,0.966807373856,0.033192626144,0.26468113156286577,26.468113156286577,0.18666710464140637,18.66671046414064,0.09668073738560001,9.66807373856,0.014615225983791886,1.4615225983791886,0.014615225983791886,0.018269032479739857,scenario,cyp_cystitis,370.21305986952495
23.583333333333,ganglia,10.162345395632011,0.966718340038,0.033281659962,0.2647522520145109,26.475225201451092,0.18675602001190098,18.675602001190097,0.0966718340038,9.66718340038,0.01465811847538676,1.465811847538676,0.01465811847538676,0.01832264809423345,scenario,cyp_cystitis,366.2578249246724
23.666666666667,ganglia,10.16319536380954,0.966628812497,0.033371187503,0.2648233649046358,26.48233649046358,0.18684498183881754,18.684498183881754,0.0966628812497,9.66628812497,0.01470126187953874,1.470126187953874,0.014701261879538739,0.018376577349423422,scenario,cyp_cystitis,362.3025899797725
23.75,ganglia,10.164049287583119,0.966538791235,0.033461208765,0.26489447044383047,26.489447044383045,0.18693399035592273,18.69339903559227,0.0966538791235,9.66538791235,0.014744658376223897,1.4744658376223896,0.014744658376223897,0.01843082297027987,scenario,cyp_cystitis,358.34735503492
23.833333333333,ganglia,10.164907182489456,0.96644827625,0.03355172375,0.26496556884219485,26.496556884219487,0.18702304579688317,18.702304579688317,0.096644827625,9.6644827625,0.014788310170549402,1.4788310170549401,0.014788310170549403,0.018485387713186755,scenario,cyp_cystitis,354.3921200900675
23.916666666667,ganglia,10.165769064110538,0.966357267543,0.033642732457,0.2650366603112532,26.503666031125324,0.1871121483966147,18.71121483966147,0.0966357267543,9.66357267543,0.014832219493114277,1.4832219493114278,0.014832219493114277,0.018540274366392846,scenario,cyp_cystitis,350.4368851451675
24.0,ganglia,10.166634948073634,0.966265765114,0.033734234886,0.2651077450628546,26.51077450628546,0.18720129839050514,18.720129839050514,0.0966265765114,9.66265765114,0.014876388600376312,1.4876388600376311,0.014876388600376309,0.018595485750470386,scenario,cyp_cystitis,346.481650200315
0.0,brain,2.3516004500665,0.990096927836,0.009903072164,0.2887560624540819,28.875606245408193,0.05497577399344257,5.497577399344257,0.247524231959,24.7524231959,0.003125663724795627,0.3125663724795627,0.003125663724795627,0.002500530979836502,scenario,cyp_cystitis,0.001
0.083333333333,brain,2.357656627499595,0.990108371576,0.009891628424,0.2885616198569197,28.85616198569197,0.05471270261722625,5.471270261722625,0.247527092894,24.7527092894,0.0029958620771715285,0.29958620771715283,0.002995862077171528,0.0023966896617372228,scenario,cyp_cystitis,46.15114798054311
0.166666666667,brain,2.363891729580689,0.990125681692,0.009874318308,0.28837469010045114,28.837469010045112,0.05445769290326821,5.4457692903268216,0.247531420423,24.7531420423,0.002877216277879399,0.2877216277879399,0.002877216277879399,0.0023017730223035193,scenario,cyp_cystitis,92.30129596164004
0.25,brain,2.3703080005505575,0.990147029783,0.009852970217,0.28819465031005403,28.819465031005404,0.05421052381907204,5.421052381907204,0.24753675744575,24.753675744575,0.002768375831627609,0.27683758316276086,0.002768375831627609,0.0022147006653020873,scenario,cyp_cystitis,138.45144394218318
0.333333333333,brain,2.3769075378267432,0.990172216099,0.009827783901,0.288021352938555,28.802135293855503,0.053971065218406666,5.397106521840667,0.24754305402475,24.754305402474998,0.002668199997146644,0.2668199997146644,0.0026681999971466443,0.0021345599977173157,scenario,cyp_cystitis,184.6015919227262
0.416666666667,brain,2.3836922822083872,0.990203060038,0.009796939962,0.2878552375767065,28.78552375767065,0.053739296756275326,5.373929675627533,0.2475507650095,24.75507650095,0.0025757185463188854,0.25757185463188853,0.0025757185463188854,0.0020605748370551083,scenario,cyp_cystitis,230.75173990382314
0.5,brain,2.3906640080243307,0.990239444703,0.009760555297,0.2876961798719226,28.76961798719226,0.0535150915948968,5.35150915948968,0.24755986117575,24.755986117575,0.002490101012754551,0.24901010127545511,0.002490101012754551,0.001992080810203641,scenario,cyp_cystitis,276.9018878843662
0.583333333333,brain,2.3978243132491177,0.990280268314,0.009719731686,0.2875437693387247,28.75437693387247,0.05329826968029965,5.329826968029965,0.2475700670785,24.75700670785,0.002410632361659951,0.2410632361659951,0.002410632361659951,0.0019285058893279607,scenario,cyp_cystitis,323.05203586490927
0.666666666667,brain,2.4051746096103477,0.990325259033,0.009674740967,0.28739783666799107,28.739783666799106,0.05308869587965478,5.308869587965478,0.24758131475825,24.758131475825,0.002336693569318137,0.23366935693181368,0.002336693569318137,0.0018693548554545095,scenario,cyp_cystitis,369.2021838460063
0.75,brain,2.4127161127140027,0.990374221854,0.009625778146,0.28725823444413817,28.725823444413816,0.05288623864085086,5.2886238640850864,0.2475935554635,24.75935554635,0.0022677459939681125,0.22677459939681124,0.002267745993968113,0.0018141967951744904,scenario,cyp_cystitis,415.3523318265493
0.833333333333,brain,2.4204498322155157,0.99042633773,0.00957366227,0.2871246337569054,28.71246337569054,0.05269073243254053,5.269073243254053,0.2476065844325,24.76065844325,0.002203318701771684,0.22033187017716838,0.0022033187017716843,0.0017626549614173474,scenario,cyp_cystitis,461.5024798070927
0.916666666667,brain,2.4283765620628395,0.990481515615,0.009518484385,0.28699691627852136,28.699691627852136,0.0525020498330285,5.25020498330285,0.24762037890375,24.762037890374998,0.002142998115969992,0.2142998115969992,0.002142998115969992,0.0017143984927759936,scenario,cyp_cystitis,507.6526277881896
1.0,brain,2.4364968708409505,0.990539076215,0.009460923785,0.28687479238811797,28.687479238811797,0.052320031112490596,5.2320031112490595,0.24763476905375,24.763476905375,0.0020864195071669056,0.20864195071669056,0.002086419507166906,0.001669135605733525,scenario,cyp_cystitis,553.8027757687325
1.083333333333,brain,2.4448110922481963,0.990597034611,0.009402965389,0.2870778568955782,28.70778568955782,0.052571464323770876,5.257146432377088,0.24764925865275,24.764925865275,0.002107652420010933,0.21076524200109328,0.0021076524200109325,0.001686121936008746,scenario,cyp_cystitis,543.3653462465408
1.166666666667,brain,2.453319315732974,0.99065433198,0.00934566802,0.28728421372636476,28.728421372636475,0.052827507641819656,5.282750764181966,0.247663582995,24.7663582995,0.002129341577168089,0.21293415771680888,0.002129341577168089,0.0017034732617344712,scenario,cyp_cystitis,532.9279167242242
1.25,brain,2.462021377322392,0.990709948957,0.009290051043,0.2874935761865848,28.74935761865848,0.05308811859644639,5.3088118596446385,0.24767748723925,24.767748723925003,0.002151496177603725,0.21514961776037247,0.0021514961776037253,0.0017211969420829803,scenario,cyp_cystitis,522.4904872020323
1.333333333333,brain,2.4709168506752754,0.990762866173,0.009237133827,0.2877056527016648,28.770565270166482,0.05335324821121978,5.3353248211219775,0.24769071654325,24.769071654325,0.002174125442632136,0.2174125442632136,0.0021741254426321365,0.0017393003541057092,scenario,cyp_cystitis,512.0530576798409
1.416666666667,brain,2.480005038389541,0.990812064263,0.009187935737,0.28792014662705967,28.792014662705967,0.05362284074841295,5.362284074841295,0.24770301606575,24.770301606575,0.0021972386090173233,0.21972386090173235,0.002197238609017323,0.0017577908872138583,scenario,cyp_cystitis,501.615628157524
1.5,brain,2.4892849635970196,0.990857319098,0.009142680902,0.2881369873106886,28.81369873106886,0.053896876714918086,5.389687671491808,0.2477143297745,24.77143297745,0.00222084492204364,0.222084492204364,0.00222084492204364,0.001776675937634912,scenario,cyp_cystitis,491.1781986353325
1.583333333333,brain,2.498755361879247,0.990900195029,0.009099804971,0.28835661978012195,28.835661978012194,0.05417542803049597,5.417542803049598,0.24772504875725,24.772504875724998,0.0022449536285867365,0.22449536285867366,0.0022449536285867365,0.0017959629028693894,scenario,cyp_cystitis,480.7407691131409
1.666666666667,brain,2.508414673534907,0.990940703494,0.009059296506,0.288579033422399,28.8579033422399,0.05445847673186534,5.445847673186534,0.2477351758735,24.77351758735,0.0022695739702093065,0.22695739702093065,0.0022695739702093065,0.0018156591761674453,scenario,cyp_cystitis,470.30333959082395
1.75,brain,2.5182610362325386,0.990978751944,0.009021248056,0.2888041824903459,28.88041824903459,0.05474599267246118,5.474599267246118,0.247744687986,24.7744687986,0.0022947151763152034,0.22947151763152035,0.002294715176315204,0.0018357721410521633,scenario,cyp_cystitis,459.86591006863233
1.833333333333,brain,2.528292278082242,0.991014247831,0.008985752169,0.2890320161874997,28.903201618749968,0.05503793897299956,5.503793897299956,0.24775356195775,24.775356195775,0.002320386457397674,0.23203864573976737,0.002320386457397674,0.001856309165918139,scenario,cyp_cystitis,449.42848054644094
1.916666666667,brain,2.538505911156729,0.991047098606,0.008952901394,0.28926247854149706,28.926247854149707,0.05533427185332938,5.533427185332938,0.2477617746515,24.776177465150003,0.0023465969984110325,0.23465969984110324,0.0023465969984110325,0.0018772775987288262,scenario,cyp_cystitis,438.99105102412403
2.0,brain,2.548899125494862,0.99107731526,0.00892268474,0.2894955385300913,28.94955385300913,0.05563494628678842,5.563494628678842,0.247769328815,24.7769328815,0.002373355952304709,0.23733559523047087,0.002373355952304709,0.0018986847618437672,scenario,cyp_cystitis,428.5536215019325
2.083333333333,brain,2.559468783620552,0.991105222651,0.008894777349,0.28971909049884076,28.971909049884076,0.055923713114787665,5.592371311478766,0.24777630566275,24.777630566275,0.0023973463834155565,0.23973463834155564,0.0023973463834155565,0.0019178771067324453,scenario,cyp_cystitis,420.0884044415142
2.166666666667,brain,2.5702114156059612,0.99113090203,0.00886909797,0.28994511544684454,28.994511544684453,0.05621651991912607,5.621651991912607,0.2477827255075,24.77827255075,0.0024217859615812015,0.24217859615812015,0.0024217859615812015,0.0019374287692649613,scenario,cyp_cystitis,411.6231873809942
2.25,brain,2.5811232147105727,0.99115440899,0.00884559101,0.29017357639165975,29.017357639165976,0.056513298858879714,5.6513298858879715,0.2477886022475,24.778860224749998,0.0024466791706197577,0.24466791706197577,0.0024466791706197577,0.0019573433364958063,scenario,cyp_cystitis,403.15797032057606
2.333333333333,brain,2.592200033626985,0.991175799126,0.008824200874,0.2904044308735593,29.040443087355932,0.05681397478941243,5.681397478941243,0.2477939497815,24.77939497815,0.002472030278698549,0.2472030278698549,0.0024720302786985487,0.001977624222958839,scenario,cyp_cystitis,394.69275326015764
2.416666666667,brain,2.6034373813598677,0.991195128031,0.008804871969,0.2906376308938954,29.06376308938954,0.05711846518152721,5.711846518152721,0.24779878200775,24.779878200775,0.002497843328841779,0.2497843328841779,0.002497843328841779,0.0019982746630734234,scenario,cyp_cystitis,386.2275361996378
2.5,brain,2.614830420766855,0.991212428665,0.008787571335,0.29087311622414,29.087311622414003,0.05742667874385333,5.742667874385333,0.24780310716625,24.780310716625,0.0025241221297307077,0.25241221297307076,0.002524122129730708,0.0020192977037845664,scenario,cyp_cystitis,377.7623191392194
2.583333333333,brain,2.6263739667890977,0.991227642113,0.008772357887,0.29111079400499573,29.111079400499573,0.05773851130232769,5.773851130232769,0.24780691052825,24.780691052825,0.00255087024683743,0.255087024683743,0.0025508702468374305,0.0020406961974699443,scenario,cyp_cystitis,369.29710207880123
2.666666666667,brain,2.638062485394194,0.991240773307,0.008759226693,0.2913505843796875,29.135058437968752,0.05805385473725002,5.805385473725002,0.24781019332675,24.781019332675,0.002578090993925468,0.2578090993925468,0.002578090993925468,0.002062472795140374,scenario,cyp_cystitis,360.8318850182813
2.75,brain,2.649890093256345,0.991251837201,0.008748162799,0.29159240471875747,29.159240471875748,0.05837259389134333,5.837259389134333,0.24781295930025,24.781295930025,0.0026057874249590857,0.26057874249590857,0.0026057874249590857,0.0020846299399672687,scenario,cyp_cystitis,352.36666795786283
2.833333333333,brain,2.6618505581971483,0.991260848753,0.008739151247,0.2918361666783433,29.18361666783433,0.05869460598679104,5.869460598679104,0.24781521218825,24.781521218825002,0.0026339623264640456,0.26339623264640455,0.0026339623264640456,0.0021071698611712366,scenario,cyp_cystitis,343.9014508974445
2.916666666667,brain,2.6739373004048828,0.991267822917,0.008732177083,0.29208177620611686,29.208177620611686,0.059019760635822524,5.901976063582253,0.24781695572925,24.781695572925,0.0026626182103738276,0.2662618210373828,0.002662618210373827,0.002130094568299062,scenario,cyp_cystitis,335.4362338369246
3.0,brain,2.686143394452087,0.991272801212,0.008727198788,0.2923291413977058,29.232914139770582,0.05934792145960773,5.934792145960773,0.247818200303,24.7818200303,0.0026917573074042283,0.26917573074042284,0.0026917573074042283,0.0021534058459233827,scenario,cyp_cystitis,326.97101677650636
3.083333333333,brain,2.6984615721293905,0.991275940677,0.008724059323,0.29257819881958486,29.257819881958486,0.05967895153377981,5.967895153377981,0.24781898516925,24.781898516925,0.0027213815609997373,0.2721381560999737,0.0027213815609997373,0.0021771052487997897,scenario,cyp_cystitis,318.5057997160882
3.166666666667,brain,2.7108842261075567,0.991277264698,0.008722735302,0.29282884009597226,29.282884009597225,0.060012698561963,6.0012698561963,0.2478193161745,24.781931617450002,0.002751492621885605,0.2751492621885605,0.002751492621885605,0.002201194097508484,scenario,cyp_cystitis,310.040582655568
3.25,brain,2.7234034144414156,0.991276773276,0.008723226724,0.293080944404578,29.3080944404578,0.06034900144743731,6.034900144743731,0.247819193319,24.7819193319,0.002782091843268558,0.27820918432685576,0.0027820918432685583,0.0022256734746148466,scenario,cyp_cystitis,301.57536559514983
3.333333333333,brain,2.736010865927203,0.991274466411,0.008725533589,0.2933343854410974,29.33343854410974,0.06068769178446318,6.068769178446318,0.24781861660275,24.781861660275002,0.0028131802767292565,0.28131802767292563,0.002813180276729256,0.002250544221383405,scenario,cyp_cystitis,293.1101485347316
3.416666666667,brain,2.7486979863184056,0.991270344102,0.008729655898,0.29358903150725707,29.358903150725705,0.061028593975676095,6.1028593975676095,0.2478175860255,24.78175860255,0.002844758668839306,0.2844758668839306,0.0028447586688393057,0.0022758069350714448,scenario,cyp_cystitis,284.64493147421166
3.5,brain,2.7614558654067745,0.991264406351,0.008735593649,0.29384474561389606,29.384474561389606,0.06137152536819478,6.137152536819478,0.24781610158775,24.781610158775,0.0028768274585448178,0.2876827458544818,0.0028768274585448178,0.0023014619668358543,scenario,cyp_cystitis,276.1797144137932
3.583333333333,brain,2.774275284972706,0.991256653156,0.008743346844,0.29410138559468846,29.410138559468844,0.06171629640758463,6.1716296407584625,0.247814163289,24.7814163289,0.002909386775358274,0.2909386775358274,0.0029093867753582745,0.0023275094202866195,scenario,cyp_cystitis,267.71449735337495
3.666666666667,brain,2.7871467276024733,0.991247084518,0.008752915482,0.29435880423783395,29.435880423783395,0.062062710811111935,6.206271081111193,0.2478117711295,24.78117711295,0.002942436438389448,0.2942436438389448,0.002942436438389448,0.002353949150711559,scenario,cyp_cystitis,259.249280292855
3.75,brain,2.800060386371205,0.991235700437,0.008764299563,0.2946168494282738,29.461684942827382,0.06241056575869837,6.241056575869837,0.24780892510925,24.780892510925,0.0029759759562553224,0.29759759562553223,0.002975975956255322,0.0023807807650042577,scenario,cyp_cystitis,250.7840632324368
3.833333333333,brain,2.8130061753878555,0.991222500913,0.008777499087,0.2948753643050896,29.48753643050896,0.06275965210245281,6.275965210245281,0.24780562522825,24.780562522825,0.003010004527908526,0.30100045279085264,0.0030100045279085256,0.002408003622326821,scenario,cyp_cystitis,242.31884617201845
3.916666666667,brain,2.825973741191457,0.991207485945,0.008792514055,0.29513418743180075,29.513418743180075,0.06310975459406765,6.310975459406764,0.24780187148625,24.780187148625,0.003044521044411878,0.3044521044411878,0.003044521044411878,0.0024356168355295026,scenario,cyp_cystitis,233.8536291114985
4.0,brain,2.8389524749893047,0.991190655535,0.008809344465,0.2953931529814713,29.53931529814713,0.06346065213029504,6.3460652130295045,0.24779766388375,24.779766388375,0.0030795240916960975,0.30795240916960975,0.003079524091696098,0.0024636192733568786,scenario,cyp_cystitis,225.3884120510802
4.083333333333,brain,2.851931525724922,0.991172009681,0.008827990319,0.2956116018012901,29.561160180129008,0.06375813250805341,6.375813250805342,0.24779300242025,24.779300242025002,0.003100720961799735,0.3100720961799735,0.0031007209617997353,0.0024805767694397883,scenario,cyp_cystitis,222.5494293693943
4.166666666667,brain,2.864899813956624,0.991151548384,0.008848451616,0.2958293916305948,29.58293916305948,0.0640553393794597,6.40553393794597,0.247787887096,24.7787887096,0.0031220039076195866,0.31220039076195866,0.0031220039076195866,0.0024976031260956696,scenario,cyp_cystitis,219.7104466876745
4.25,brain,2.8778460465288256,0.991129295818,0.008870704182,0.29604635148671254,29.604635148671253,0.06435203670961674,6.435203670961674,0.2477823239545,24.77823239545,0.003143361230494722,0.3143361230494722,0.003143361230494722,0.0025146889843957777,scenario,cyp_cystitis,216.8714640059888
4.333333333333,brain,2.8907587320154238,0.991105901261,0.008894098739,0.29626249430707546,29.626249430707546,0.06464802532243398,6.464802532243398,0.24777647531525,24.777647531524998,0.0031647809080333263,0.3164780908033326,0.003164780908033327,0.002531824726426662,scenario,cyp_cystitis,214.03248132430298
4.416666666667,brain,2.90362619690756,0.991081654836,0.008918345164,0.2964777234721817,29.647772347218172,0.06494307968424226,6.494307968424226,0.247770413709,24.7770413709,0.003186250608088419,0.3186250608088419,0.0031862506080884184,0.002549000486470735,scenario,cyp_cystitis,211.19349864258308
4.5,brain,2.9164366025194814,0.991056556541,0.008943443459,0.29669185333221193,29.669185333221193,0.06523695226261594,6.523695226261594,0.24776413913525,24.776413913525,0.003207757703710677,0.3207757703710677,0.0032077577037106773,0.002566206162968542,scenario,cyp_cystitis,208.3545159608973
4.583333333333,brain,2.9291779625834495,0.991030606377,0.008969393623,0.2969046960775825,29.690469607758253,0.0655293926444434,6.55293926444434,0.24775765159425,24.775765159425,0.003229289289062888,0.32292892890628877,0.003229289289062888,0.0025834314312503104,scenario,cyp_cystitis,205.5155332792114
4.666666666667,brain,2.9418381614977918,0.991003804344,0.008996195656,0.29711606202251023,29.711606202251023,0.06582014791534697,6.582014791534697,0.247750951086,24.775095108600002,0.0032508321962702496,0.32508321962702497,0.0032508321962702496,0.0026006657570162,scenario,cyp_cystitis,202.67655059749154
4.75,brain,2.9544049731937436,0.990976150441,0.009023849559,0.29732575989802146,29.732575989802147,0.06610896305036192,6.610896305036191,0.24774403761025,24.774403761025,0.0032723730131844903,0.327237301318449,0.00327237301318449,0.002617898410547592,scenario,cyp_cystitis,199.8375679158058
4.833333333333,brain,2.9668660805841163,0.99094764467,0.00905235533,0.2975335971538007,29.753359715380068,0.06639558131506759,6.639558131506759,0.2477369111675,24.773691116749998,0.0032938981020365016,0.32938981020365016,0.003293898102036502,0.002635118481629202,scenario,cyp_cystitis,196.99858523411984
4.916666666667,brain,2.979209095550283,0.990918287029,0.009081712971,0.2977393802636674,29.773938026366743,0.0666797446752232,6.66797446752232,0.24772957175725,24.772957175725,0.003315393618941994,0.33153936189419936,0.003315393618941994,0.002652314895153595,scenario,cyp_cystitis,194.1596025524001
5.0,brain,2.9914215794257273,0.990888077519,0.009111922481,0.29794291504151665,29.794291504151666,0.06696119421568886,6.696119421568886,0.24772201937975,24.772201937974998,0.0033368455342284832,0.3336845534228483,0.0033368455342284832,0.0026694764273827868,scenario,cyp_cystitis,191.32061987071415
5.083333333333,brain,3.003491063932063,0.990857016309,0.009142983691,0.29814400701038446,29.814400701038444,0.0672396705775126,6.72396705775126,0.24771425407725,24.771425407725,0.0033582396535487913,0.33582396535487913,0.003358239653548791,0.002686591722839033,scenario,cyp_cystitis,188.4816371890284
5.166666666667,brain,3.015405072517315,0.990825222416,0.009174777584,0.2983424974619812,29.83424974619812,0.06751492247730827,6.751492247730827,0.247706305604,24.7706305604,0.0033795616397362493,0.33795616397362493,0.003379561639736249,0.0027036493117889994,scenario,cyp_cystitis,185.6426545073086
5.25,brain,3.0271511420482957,0.990792798038,0.009207201962,0.2985382230300445,29.853822303004453,0.06778669802739265,6.778669802739265,0.2476981995095,24.76981995095,0.0034007970353607934,0.34007970353607936,0.003400797035360793,0.0027206376282886344,scenario,cyp_cystitis,182.80367182562276
5.333333333333,brain,3.0387168448069133,0.990759743175,0.009240256825,0.29873099025818145,29.873099025818146,0.06805473928590856,6.805473928590857,0.24768993579375,24.768993579375,0.0034219312859422265,0.34219312859422263,0.003421931285942227,0.0027375450287537816,scenario,cyp_cystitis,179.96468914393697
5.416666666667,brain,3.0500898107347214,0.990726057828,0.009273942172,0.2989206066629842,29.89206066629842,0.06831878960797892,6.8318789607978925,0.247681514457,24.768151445700003,0.0034429497637673036,0.34429497637673034,0.0034429497637673036,0.002754359811013843,scenario,cyp_cystitis,177.12570646221707
5.5,brain,3.0612577498723788,0.990691741996,0.009308258004,0.299106881068484,29.910688106848397,0.06857859409264531,6.857859409264531,0.247672935499,24.7672935499,0.0034638377922615667,0.34638377922615665,0.0034638377922615667,0.0027710702338092537,scenario,cyp_cystitis,174.2867237805313
5.583333333333,brain,3.0722084749391296,0.99065679568,0.00934320432,0.2992896239436491,29.92896239436491,0.06883390003153213,6.883390003153213,0.24766419892,24.766419892,0.0034845806708642757,0.34845806708642757,0.0034845806708642766,0.0027876645366914214,scenario,cyp_cystitis,171.4477410988454
5.666666666667,brain,3.082929923992595,0.990621218879,0.009378781121,0.2994686477375481,29.94686477375481,0.06908445735706419,6.908445735706419,0.24765530471975,24.765530471975,0.0035051637003456803,0.35051637003456804,0.00350516370034568,0.002804130960276544,scenario,cyp_cystitis,168.60875841712553
5.75,brain,3.093410183111869,0.990585011594,0.009414988406,0.29964376721621444,29.964376721621445,0.06933001909028588,6.933001909028588,0.2476462528985,24.764625289850002,0.003525572208510475,0.3525572208510475,0.0035255722085104756,0.002820457766808381,scenario,cyp_cystitis,165.7697757354398
5.833333333333,brain,3.103637509045892,0.990548173823,0.009451826177,0.29981479979527903,29.981479979527904,0.06957034178603869,6.957034178603869,0.24763704345575,24.763704345575,0.0035457915762291893,0.3545791576229189,0.003545791576229189,0.002836633260983351,scenario,cyp_cystitis,162.93079305375394
5.916666666667,brain,3.113600351765024,0.990510705569,0.009489294431,0.2999815658741663,29.99815658741663,0.06980518597588839,6.980518597588839,0.24762767639225,24.762767639225,0.0035658072637307263,0.35658072637307264,0.003565807263730726,0.0028526458109845807,scenario,cyp_cystitis,160.09181037203408
6.0,brain,3.123287376856844,0.990472697024,0.009527302976,0.30014391649325883,30.014391649325884,0.07003432298301178,7.003432298301178,0.247618174256,24.7618174256,0.003585604837094385,0.3585604837094385,0.003585604837094385,0.0028684838696755085,scenario,cyp_cystitis,157.25282769034825
6.083333333333,brain,3.1326874877067437,0.990434302561,0.009565697439,0.3003017258500299,30.03017258500299,0.07025753361303988,7.0257533613039875,0.24760857564025,24.760857564025,0.003605169994878005,0.3605169994878005,0.003605169994878005,0.0028841359959024043,scenario,cyp_cystitis,154.41384500866246
6.166666666667,brain,3.1417898474007084,0.990395524803,0.009604475197,0.30045482616149644,30.045482616149645,0.07047459328099524,7.047459328099524,0.24759888120075,24.759888120075,0.0036244885948112575,0.36244885948112576,0.0036244885948112575,0.0028995908758490062,scenario,cyp_cystitis,151.57486232694257
6.25,brain,3.150583900291158,0.99035636375,0.00964363625,0.30060305311287394,30.060305311287394,0.07068528290049861,7.068528290049861,0.2475890909375,24.75890909375,0.0036435466804885202,0.364354668048852,0.0036435466804885202,0.002914837344390816,scenario,cyp_cystitis,148.73587964525672
6.333333333333,brain,3.1590593931668813,0.990316819403,0.009683180597,0.3007462469598727,30.074624695987268,0.07088938947883026,7.088938947883026,0.24757920485075,24.757920485075,0.0036623305079948277,0.36623305079948276,0.003662330507994828,0.0029298644063958626,scenario,cyp_cystitis,145.896896963571
6.416666666667,brain,3.1672063959658256,0.990276891762,0.009723108238,0.3008842528285966,30.08842528285966,0.07108670651746213,7.108670651746213,0.2475692229405,24.75692229405,0.003680826572391528,0.3680826572391528,0.003680826572391528,0.002944661257913223,scenario,cyp_cystitis,143.05791428185108
6.5,brain,3.1750153219733726,0.990236580827,0.009763419173,0.3010169210085316,30.10169210085316,0.07127703440237552,7.1277034402375525,0.24755914520675,24.755914520675,0.003699021633994266,0.3699021633994266,0.0036990216339942666,0.0029592173071954133,scenario,cyp_cystitis,140.2189316001652
6.583333333333,brain,3.182476947449482,0.990195886597,0.009804113403,0.30114410723639723,30.114410723639722,0.071460180782863,7.1460180782863,0.24754897164925,24.754897164924998,0.003716902744375527,0.3716902744375527,0.0037169027443755267,0.0029735221955004216,scenario,cyp_cystitis,137.37994891847944
6.666666666667,brain,3.1895824306267793,0.990154809073,0.009845190927,0.30126567297194784,30.126567297194782,0.07163596093826376,7.163596093826376,0.24753870226825,24.753870226825,0.0037344572720181494,0.37344572720181496,0.0037344572720181494,0.0029875658176145197,scenario,cyp_cystitis,134.54096623675954
6.75,brain,3.19632333002585,0.990113348254,0.009886651746,0.30138148566171813,30.138148566171814,0.07180419813095751,7.180419813095751,0.2475283370635,24.75283370635,0.0037516729275526295,0.37516729275526295,0.0037516729275526304,0.0030013383420421044,scenario,cyp_cystitis,131.70198355507378
6.833333333333,brain,3.202691622035344,0.990071539693,0.009928460307,0.3014914298207407,30.149142982074068,0.07196472652998756,7.196472652998756,0.24751788492325,24.751788492324998,0.0037685377885113406,0.3768537788511341,0.0037685377885113406,0.003014830230809073,scenario,cyp_cystitis,128.86300087338802
6.916666666667,brain,3.2086797177041544,0.990029515965,0.009970484035,0.30159542602184536,30.159542602184537,0.07211739604079381,7.211739604079382,0.24750737899125,24.750737899125,0.0037850403235279886,0.37850403235279884,0.003785040323527989,0.0030280322588223914,scenario,cyp_cystitis,126.02401819166806
7.0,brain,3.214280478697365,0.989987324027,0.010012675973,0.30169337552058345,30.169337552058344,0.07226205935177793,7.226205935177793,0.24749683100675,24.749683100675,0.003801169415917491,0.3801169415917491,0.0038011694159174906,0.0030409355327339926,scenario,cyp_cystitis,123.18503550998231
7.083333333333,brain,3.2194872323695645,0.989945002876,0.010054997124,0.3017851840948015,30.178518409480148,0.07239857783440197,7.239857783440197,0.247486250719,24.748625071899998,0.0038169143865724024,0.38169143865724026,0.003816914386572403,0.0030535315092579222,scenario,cyp_cystitis,120.34605282829644
7.166666666667,brain,3.224293785909701,0.989902591508,0.010097408492,0.3018707646707049,30.18707646707049,0.07252682239160653,7.252682239160653,0.247475647877,24.7475647877,0.0038322650161082966,0.38322650161082966,0.003832265016108296,0.0030658120128866373,scenario,cyp_cystitis,117.50707014657658
7.25,brain,3.2286944395162678,0.98986012892,0.01013987108,0.30195003751339705,30.195003751339705,0.07264667371119607,7.264667371119607,0.24746503223,24.746503222999998,0.0038472115661977533,0.38472115661977535,0.0038472115661977533,0.0030777692529582027,scenario,cyp_cystitis,114.66808746489075
7.333333333333,brain,3.232683998563986,0.989817654109,0.010182345891,0.30202293040256134,30.202293040256134,0.07275802250041512,7.275802250041512,0.24745441352725,24.745441352725,0.0038617448000341547,0.3861744800034155,0.0038617448000341542,0.0030893958400273237,scenario,cyp_cystitis,111.82910478320503
7.416666666667,brain,3.236257784724621,0.989775206071,0.010224793929,0.3020893787937502,30.20893787937502,0.0728607697013336,7.28607697013336,0.24744380151775,24.744380151775,0.0038758560018639027,0.38758560018639027,0.0038758560018639027,0.0031006848014911224,scenario,cyp_cystitis,108.99012210148516
7.5,brain,3.239411646009211,0.989732823802,0.010267176198,0.30214932596551114,30.214932596551115,0.0729548266866815,7.29548266866815,0.2474332059505,24.74332059505,0.003889536995533096,0.3889536995533096,0.0038895369955330955,0.0031116295964264767,scenario,cyp_cystitis,106.15113941979926
7.583333333333,brain,3.242141965701829,0.989690546299,0.010309453701,0.30220272315139096,30.220272315139095,0.07304011543552127,7.304011543552128,0.24742263657475,24.742263657475,0.0039027801619969816,0.39027801619969815,0.003902780161996982,0.003122224129597586,scenario,cyp_cystitis,103.31215673811346
7.666666666667,brain,3.2444456701571895,0.989648412559,0.010351587441,0.30224952965587204,30.224952965587203,0.07311656868816274,7.311656868816274,0.24741210313975,24.741210313975,0.00391557845573883,0.39155784557388296,0.003915578455738831,0.003132462764591065,scenario,cyp_cystitis,100.47317405639359
7.75,brain,3.2463202354390726,0.989606461578,0.010393538422,0.3022897129545808,30.22897129545808,0.07318413008010774,7.318413008010774,0.2474016153945,24.74016153945,0.003927925420052556,0.3927925420052556,0.003927925420052557,0.0031423403360420453,scenario,cyp_cystitis,97.63419137470783
7.833333333333,brain,3.24776369277962,0.989564732353,0.010435267647,0.30232324877944855,30.232324877944855,0.0732427542549314,7.32427542549314,0.24739118308825,24.739118308825,0.003939815201146176,0.3939815201146176,0.003939815201146176,0.0031518521609169414,scenario,cyp_cystitis,94.79520869302205
7.916666666667,brain,3.248774632842489,0.989523263879,0.010476736121,0.30235012118616733,30.235012118616734,0.07329240695522307,7.329240695522307,0.24738081596975,24.738081596975,0.003951242561022512,0.3951242561022512,0.003951242561022513,0.0031609940488180107,scenario,cyp_cystitis,91.95622601130216
8.0,brain,3.249352208777296,0.989482095155,0.010517904845,0.30237032260806335,30.237032260806334,0.07333306509241778,7.333306509241779,0.24737052378875,24.737052378875,0.00396220288910128,0.396220288910128,0.00396220288910128,0.0031697623112810244,scenario,cyp_cystitis,89.1172433296163
8.083333333333,brain,3.249496138056081,0.989441265176,0.010558734824,0.3023671104108886,30.23671104108886,0.07334239215585152,7.334239215585152,0.247360316294,24.7360316294,0.003965416786906719,0.39654167869067186,0.003965416786906719,0.003172333429525375,scenario,cyp_cystitis,88.2792252618032
8.166666666667,brain,3.2492067030859966,0.989400812938,0.010599187062,0.3023572225217185,30.235722252171847,0.07334269238295797,7.334269238295797,0.2473502032345,24.735020323449998,0.003968108469727181,0.3968108469727181,0.0039681084697271805,0.0031744867757817446,scenario,cyp_cystitis,87.44120719398
8.25,brain,3.2484847505965915,0.989360777439,0.010639222561,0.30234068230931693,30.234068230931694,0.07333398393275589,7.333398393275589,0.24734019435975,24.734019435975,0.003970277768601895,0.39702777686018953,0.003970277768601894,0.0031762222148815156,scenario,cyp_cystitis,86.60318912616685
8.333333333333,brain,3.247331689803395,0.989321197674,0.010678802326,0.3023175215457708,30.23175215457708,0.07331629616969443,7.331629616969443,0.2473302994185,24.73302994185,0.003971925197645668,0.3971925197645668,0.003971925197645668,0.003177540158116535,scenario,cyp_cystitis,85.76517105835376
8.416666666667,brain,3.245749489353445,0.989282112641,0.010717887359,0.30228778036653214,30.228778036653214,0.07328966960837618,7.328966960837619,0.24732052816025,24.732052816025,0.003973051952959608,0.3973051952959608,0.003973051952959608,0.0031784415623676864,scenario,cyp_cystitis,84.92715299053059
8.5,brain,3.2437406730621086,0.989243560854,0.010756439146,0.3022515070634346,30.225150706343463,0.07325415579991286,7.325415579991286,0.2473108902135,24.73108902135,0.003973659910072751,0.3973659910072751,0.003973659910072752,0.0031789279280582013,scenario,cyp_cystitis,84.08913492271742
8.583333333333,brain,3.241308314453833,0.989205573407,0.010794426593,0.302208755891341,30.2208755891341,0.0732098167194547,7.32098167194547,0.24730139335175,24.730139335175,0.00397375161992229,0.397375161992229,0.00397375161992229,0.0031790012959378323,scenario,cyp_cystitis,83.25111685490435
8.666666666667,brain,3.2384560301236935,0.989168185711,0.010831814289,0.30215959056437847,30.215959056437846,0.07315672551550467,7.315672551550467,0.24729204642775,24.729204642775,0.003973330303384197,0.3973330303384197,0.003973330303384197,0.0031786642427073576,scenario,cyp_cystitis,82.41309878708113
8.75,brain,3.235187971939761,0.98913143572,0.01086856428,0.30210408360734786,30.210408360734785,0.07309496623646387,7.309496623646387,0.24728285893,24.728285893,0.003972399844370923,0.3972399844370923,0.003972399844370923,0.0031779198754967384,scenario,cyp_cystitis,81.57508071926803
8.833333333333,brain,3.23150881810939,0.989095361388,0.010904638612,0.3020423154568417,30.204231545684166,0.07302463347978892,7.302463347978892,0.247273840347,24.727384034700002,0.003970964781516657,0.3970964781516657,0.003970964781516657,0.003176771825213326,scenario,cyp_cystitis,80.73706265145488
8.916666666667,brain,3.2274237631369553,0.98906000067,0.01093999933,0.30197437432445173,30.197437432445174,0.07294583220926897,7.294583220926897,0.2472650001675,24.72650001675,0.0039690302984750825,0.39690302984750825,0.0039690302984750825,0.003175224238780066,scenario,cyp_cystitis,79.89904458363173
9.0,brain,3.22293850670302,0.989025391519,0.010974608481,0.30190035604383303,30.190035604383304,0.07285867755211067,7.2858677552110676,0.24725634787975,24.725634787975,0.003966602212858705,0.39666022128587053,0.003966602212858704,0.0031732817702869636,scenario,cyp_cystitis,79.06102651581858
9.083333333333,brain,3.2180592414976896,0.98899157189,0.01100842811,0.3018203639053517,30.18203639053517,0.07276329457713562,7.276329457713563,0.2472478929725,24.72478929725,0.003963686963852343,0.39636869638523425,0.003963686963852343,0.0031709495710818742,scenario,cyp_cystitis,78.22300844800546
9.166666666667,brain,3.212792640045408,0.988958579738,0.011041420262,0.3017345084747744,30.17345084747744,0.0726598180536992,7.26598180536992,0.2472396449345,24.72396449345,0.0039602915985380086,0.3960291598538008,0.0039602915985380086,0.003168233278830407,scenario,cyp_cystitis,77.38499038018232
9.25,brain,3.2071458405600692,0.988926453015,0.011073546985,0.3016429073979696,30.16429073979696,0.07254839219229281,7.2548392192292805,0.24723161325375,24.723161325375003,0.003956423756971633,0.39564237569716326,0.003956423756971633,0.0031651390055773064,scenario,cyp_cystitis,76.54697231236916
9.333333333333,brain,3.2011264318717547,0.988895229678,0.011104770322,0.3015456851957547,30.15456851957547,0.07242917036833958,7.242917036833958,0.2472238074195,24.72238074195,0.003952091656055255,0.3952091656055255,0.003952091656055255,0.003161673324844204,scenario,cyp_cystitis,75.70895424455607
9.416666666667,brain,3.194742437470758,0.988864947679,0.011135052321,0.301442973040571,30.144297304057098,0.07230231482776131,7.230231482776131,0.24721623691975,24.721623691975,0.003947304072252903,0.3947304072252903,0.003947304072252903,0.0031578432578023225,scenario,cyp_cystitis,74.87093617673288
9.5,brain,3.1880022987153804,0.988835644973,0.011164355027,0.30133490852650907,30.133490852650908,0.07216799637767875,7.216799637767875,0.24720891124325,24.720891124325,0.003942070323200643,0.3942070323200643,0.003942070323200643,0.0031536562585605145,scenario,cyp_cystitis,74.03291810891973
9.583333333333,brain,3.1809148572518713,0.988807359515,0.011192640485,0.301221635424401,30.1221635424401,0.07202639406086798,7.202639406086798,0.24720183987875,24.720183987875,0.00393640024826397,0.393640024826397,0.00393640024826397,0.003149120198611176,scenario,cyp_cystitis,73.1949000411066
9.666666666667,brain,3.1734893366991086,0.988780129258,0.011219870742,0.3011033034262661,30.11033034262661,0.07187769481568818,7.187769481568818,0.2471950323145,24.71950323145,0.003930304188100124,0.3930304188100124,0.003930304188100124,0.0031442433504800995,scenario,cyp_cystitis,72.35688197328344
9.75,brain,3.165735323650484,0.988753992157,0.011246007843,0.3009800678812541,30.09800678812541,0.0717220931226721,7.17220931226721,0.24718849803925,24.718849803925,0.003923792963284201,0.3923792963284201,0.0039237929632842,0.0031390343706273606,scenario,cyp_cystitis,71.51886390547034
9.833333333333,brain,3.157662748046807,0.988728986166,0.011271013834,0.30085208951976666,30.085208951976668,0.0715597906376889,7.15597906376889,0.2471822465415,24.71822465415,0.003916877852059898,0.39168778520598985,0.0039168778520598975,0.0031335022816479183,scenario,cyp_cystitis,70.68084583765719
9.916666666667,brain,3.149281862978003,0.98870514924,0.01129485076,0.30071953417011876,30.071953417011876,0.07139099581349166,7.139099581349166,0.24717628731,24.717628730999998,0.00390957056728003,0.39095705672800296,0.003909570567280029,0.003127656453824023,scenario,cyp_cystitis,69.842827769834
10.0,brain,3.1406032239702952,0.988682519332,0.011317480668,0.30058257246538334,30.058257246538332,0.07121592350984443,7.121592350984443,0.247170629833,24.7170629833,0.0039018832326020306,0.3901883232602031,0.00390188323260203,0.0031215065860816242,scenario,cyp_cystitis,69.00480970202092
10.083333333333,brain,3.131637667816319,0.988661134396,0.011338865604,0.3004413795444755,30.044137954447546,0.0710347945939673,7.1034794593967305,0.247165283599,24.7165283599,0.003893828358005009,0.3893828358005009,0.0038938283580050095,0.003115062686404008,scenario,cyp_cystitis,68.16679163420778
10.166666666667,brain,3.1223962910092533,0.988641032388,0.011358967612,0.30029613474580524,30.029613474580525,0.07084783553174029,7.084783553174029,0.247160258097,24.7160258097,0.0038854188146988634,0.38854188146988633,0.003885418814698863,0.0031083350517590903,scenario,cyp_cystitis,67.3287735663846
10.25,brain,3.1128904278400116,0.988622099264,0.011377900736,0.3001469751465397,30.01469751465397,0.07065526710738629,7.065526710738629,0.247155524816,24.7155524816,0.0038766678094949167,0.3876667809494917,0.0038766678094949163,0.003101334247595933,scenario,cyp_cystitis,66.49075549857147
10.333333333333,brain,3.1031316282167,0.988604149211,0.011395850789,0.2999940197042125,29.999401970421253,0.0704573098686167,7.04573098686167,0.24715103730275,24.715103730275,0.003867588858708178,0.3867588858708178,0.003867588858708178,0.0030940710869665424,scenario,cyp_cystitis,65.65273743075835
10.416666666667,brain,3.093131635268787,0.988587178943,0.011412821057,0.2998374461228553,29.98374461228553,0.07025420184947372,7.025420184947372,0.24714679473575,24.714679473575,0.003858195761664855,0.3858195761664855,0.0038581957616648558,0.0030865566093318847,scenario,cyp_cystitis,64.81471936293522
10.5,brain,3.0829023627955046,0.988571186004,0.011428813996,0.2996774353116407,29.96774353116407,0.07004618508085428,7.004618508085428,0.247142796501,24.7142796501,0.0038485025738866085,0.38485025738866085,0.0038485025738866085,0.003078802059109287,scenario,cyp_cystitis,63.976701295122034
10.583333333333,brain,3.0724558726175224,0.988556167936,0.011443832064,0.2995141708036463,29.951417080364628,0.06983350509286174,6.983350509286174,0.247139041984,24.713904198399998,0.0038385235800229116,0.38385235800229117,0.003838523580022911,0.003070818864018329,scenario,cyp_cystitis,63.13868322730892
10.666666666667,brain,3.0618043518938247,0.988542122282,0.011457877718,0.29934783842595214,29.934783842595213,0.06961641047393619,6.961641047393618,0.2471355305705,24.71355305705,0.0038282732666060225,0.38282732666060226,0.003828273266606023,0.0030626186132848184,scenario,cyp_cystitis,62.30066515948578
10.75,brain,3.050960090461893,0.988529046587,0.011470953413,0.2991786259676275,29.917862596762753,0.06939515242783667,6.939515242783667,0.24713226164675,24.713226164675,0.003817766294699789,0.3817766294699789,0.003817766294699789,0.0030542130357598314,scenario,cyp_cystitis,61.46264709167261
10.833333333333,brain,3.0399354582582716,0.988516938392,0.011483061608,0.29900672284488194,29.900672284488195,0.06916998432917587,6.9169984329175875,0.247129234598,24.712923459800002,0.0038070174725127266,0.38070174725127265,0.0038070174725127266,0.0030456139780101815,scenario,cyp_cystitis,60.62462902385949
10.916666666667,brain,3.028742882879082,0.988505795242,0.011494204758,0.2988323197705751,29.883231977057513,0.0689411612801002,6.894116128010019,0.2471264488105,24.71264488105,0.003796041728048477,0.3796041728048477,0.0037960417280484774,0.003036833382438782,scenario,cyp_cystitis,59.78661095603635
11.0,brain,3.0173948273354467,0.98849561468,0.01150438532,0.298655608420392,29.8655608420392,0.06870893966718933,6.870893966718933,0.24712390367,24.712390367,0.003784854081862448,0.3784854081862448,0.003784854081862448,0.0030278832654899585,scenario,cyp_cystitis,58.94859288822324
11.083333333333,brain,3.0059037680572276,0.988486394249,0.011513605751,0.29847678110311376,29.847678110311378,0.0684735767211517,6.84735767211517,0.24712159856225,24.712159856225,0.003773469619992034,0.3773469619992034,0.003773469619992035,0.003018775695993628,scenario,cyp_cystitis,58.1105748204101
11.166666666667,brain,2.9942821732006237,0.988478131492,0.011521868508,0.29829603043277925,29.829603043277924,0.06823533007970564,6.823533007970564,0.247119532873,24.711953287300002,0.003761903467129972,0.37619034671299717,0.0037619034671299715,0.0030095227737039773,scenario,cyp_cystitis,57.27255675258692
11.25,brain,2.9825424813098618,0.988470823952,0.011529176048,0.2981135490040937,29.81135490040937,0.06799445735479158,6.799445735479158,0.247117705988,24.7117705988,0.003750170760105242,0.3750170760105242,0.003750170760105242,0.0030001366080841937,scenario,cyp_cystitis,56.43453868477377
11.333333333333,brain,2.9706970803812265,0.988464469173,0.011535530827,0.2979295290721253,29.792952907212527,0.06775121570516704,6.775121570516704,0.24711611729325,24.711611729325,0.003738286621733882,0.3738286621733882,0.003738286621733882,0.002990629297387106,scenario,cyp_cystitis,55.59652061696069
11.416666666667,brain,2.9587582873794833,0.988459064698,0.011540935302,0.29774416223586125,29.774416223586126,0.0675058614151483,6.75058614151483,0.2471147661745,24.71147661745,0.003726266135103836,0.37262661351038356,0.0037262661351038363,0.002981012908083069,scenario,cyp_cystitis,54.7585025491375
11.5,brain,2.946738328250865,0.98845460807,0.01154539193,0.2975576391281375,29.755763912813748,0.06725864948084996,6.725864948084996,0.2471136520175,24.71136520175,0.00371412431835204,0.371412431835204,0.00371412431835204,0.0029712994546816324,scenario,cyp_cystitis,53.92048448132435
11.583333333333,brain,2.9346493184744533,0.988451096216,0.011548903784,0.29737014892609515,29.737014892609515,0.06700983316279348,6.7009833162793475,0.247112774054,24.7112774054,0.0037018760999893902,0.370187609998939,0.0037018760999893902,0.0029615008799915125,scenario,cyp_cystitis,53.08246641351124
11.666666666667,brain,2.9225032441953083,0.988448491555,0.011551508445,0.2971818688646119,29.71818688646119,0.06675966130114919,6.675966130114919,0.24711212288875,24.711212288875,0.0036895362948306323,0.3689536294830632,0.0036895362948306323,0.002951629035864506,scenario,cyp_cystitis,52.24444834568807
11.75,brain,2.910311943976391,0.988446766731,0.011553233269,0.2969929774200012,29.69929774200012,0.06650838098300164,6.650838098300165,0.24711169168275,24.711169168275,0.0036771195805796572,0.36771195805796575,0.0036771195805796577,0.0029416956644637265,scenario,cyp_cystitis,51.40643027787494
11.833333333333,brain,2.898087091203702,0.988445912929,0.011554087071,0.2968036565157932,29.680365651579322,0.06625623771139094,6.625623771139094,0.24711147823225,24.711147823224998,0.0036646404751177176,0.36646404751177175,0.0036646404751177176,0.0029317123800941744,scenario,cyp_cystitis,50.56841221006182
11.916666666667,brain,2.8858401771803925,0.988445921337,0.011554078663,0.2966140856690944,29.661408566909444,0.0660034737797925,6.60034737797925,0.24711148033425,24.711148033425,0.0036521133145432064,0.36521133145432066,0.003652113314543206,0.002921690651634565,scenario,cyp_cystitis,49.73039414223865
12.0,brain,2.8735824949389768,0.988446783144,0.011553216856,0.296424441726163,29.6424441726163,0.06575032792021733,6.575032792021733,0.247111695786,24.7111695786,0.0036395522320045487,0.36395522320045487,0.0036395522320045487,0.002911641785603639,scenario,cyp_cystitis,48.89237607442552
12.083333333333,brain,2.8613251237979966,0.988448489534,0.011551510466,0.2962302127396255,29.623021273962554,0.0654907871415007,6.5490787141500695,0.2471121223835,24.71121223835,0.003624841691780968,0.36248416917809684,0.0036248416917809686,0.002899873353424775,scenario,cyp_cystitis,48.67228810196651
12.166666666667,brain,2.8490789146906854,0.988451031697,0.011548968303,0.2960362885942789,29.60362885942789,0.0652313742267052,6.52313742267052,0.24711275792425,24.711275792425,0.0036101386335401307,0.3610138633540131,0.0036101386335401307,0.002888110906832105,scenario,cyp_cystitis,48.452200129504845
12.25,brain,2.836854476286379,0.98845440082,0.01154559918,0.29584283661199484,29.584283661199485,0.06497231520932649,6.497231520932649,0.247113600205,24.7113600205,0.003595456460136454,0.3595456460136454,0.003595456460136454,0.0028763651681091634,scenario,cyp_cystitis,48.232112157045826
12.333333333333,brain,2.824662161922597,0.988458588088,0.011541411912,0.2956500204312406,29.56500204312406,0.06471383121232081,6.471383121232082,0.247114647022,24.7114647022,0.0035808082647371953,0.3580808264737195,0.003580808264737195,0.002864646611789756,scenario,cyp_cystitis,48.012024184586814
12.416666666667,brain,2.8125120573668334,0.988463584691,0.011536415309,0.29545799980044213,29.54579998004421,0.06445613817025615,6.445613817025615,0.24711589617275,24.711589617275003,0.003566206814980077,0.3566206814980077,0.0035662068149800775,0.002852965451984062,scenario,cyp_cystitis,47.79193621212516
12.5,brain,2.8004139694202728,0.988469381814,0.011530618186,0.2952669303782832,29.526693037828323,0.0641994465663776,6.41994465663776,0.2471173454535,24.71173454535,0.0035516645381691967,0.3551664538169197,0.0035516645381691967,0.0028413316305353573,scenario,cyp_cystitis,47.57184823966614
12.583333333333,brain,2.7883774153728726,0.988475970646,0.011524029354,0.2950769635519882,29.50769635519882,0.06394396118731764,6.394396118731764,0.2471189926615,24.71189926615,0.0035371935075232904,0.353719350752329,0.0035371935075232904,0.0028297548060186323,scenario,cyp_cystitis,47.35176026720711
12.666666666667,brain,2.776411613320355,0.988483342373,0.011516657627,0.2948882462634212,29.48882462634212,0.06368988089356163,6.368988089356163,0.24712083559325,24.712083559325,0.0035228054294916453,0.35228054294916455,0.003522805429491645,0.0028182443435933163,scenario,cyp_cystitis,47.13167229474546
12.75,brain,2.7645254733469486,0.988491488183,0.011508511817,0.2947009208515656,29.47009208515656,0.0634373984077541,6.34373984077541,0.24712287204575,24.712287204575002,0.0035085116321447204,0.350851163214472,0.003508511632144721,0.002806809305715777,scenario,cyp_cystitis,46.91158432228645
12.833333333333,brain,2.752727589575055,0.988500399262,0.011499600738,0.29451512490526544,29.451512490526543,0.06318670011968723,6.318670011968723,0.2471250998155,24.71250998155,0.003494323054643209,0.3494323054643209,0.003494323054643209,0.0027954584437145675,scenario,cyp_cystitis,46.69149634982743
12.916666666667,brain,2.741026233084211,0.988510066799,0.011489933201,0.2943309911317736,29.43309911317736,0.06293796590936476,6.293796590936476,0.24712751669975,24.712751669975,0.0034802502377905176,0.34802502377905176,0.003480250237790518,0.0027842001902324146,scenario,cyp_cystitis,46.471408377365776
13.0,brain,2.7294293456952117,0.98852047614,0.01147952386,0.2941486454974347,29.41486454974347,0.06269136861657953,6.2691368616579535,0.247130119035,24.7130119035,0.003466303315665693,0.3466303315665693,0.003466303315665693,0.0027730426525325543,scenario,cyp_cystitis,46.25132040490675
13.083333333333,brain,2.7179445346128244,0.988531553827,0.011468446173,0.29396819137711255,29.396819137711255,0.06244707056048342,6.244707056048342,0.24713288845675,24.713288845675,0.0034524920083306796,0.345249200833068,0.0034524920083306796,0.002761993606664544,scenario,cyp_cystitis,46.03123243244773
13.166666666667,brain,2.706579067921825,0.98854326537,0.01145673463,0.2937897385722432,29.378973857224324,0.06220522963965762,6.220522963965762,0.2471358163425,24.71358163425,0.0034388256156072353,0.34388256156072355,0.0034388256156072357,0.0027510604924857887,scenario,cyp_cystitis,45.81114445998608
13.25,brain,2.695339870924929,0.988555592107,0.011444407893,0.2936133963211637,29.36133963211637,0.06196599772588495,6.196599772588495,0.24713889802675,24.713889802675,0.0034253130119111974,0.34253130119111974,0.003425313011911198,0.0027402504095289586,scenario,cyp_cystitis,45.591056487527055
13.333333333333,brain,2.68423352330901,0.988568515372,0.011431484628,0.2934392685178721,29.34392685178721,0.06172951956649618,6.172951956649618,0.247142128843,24.7142128843,0.003411962642129015,0.3411962642129015,0.003411962642129015,0.0027295701137032124,scenario,cyp_cystitis,45.37096851506805
13.416666666667,brain,2.6732662571274926,0.988582016505,0.011417983495,0.29326745366079787,29.326745366079788,0.06149593271273051,6.1495932712730506,0.24714550412625,24.714550412624998,0.003398782518523079,0.3398782518523079,0.0033987825185230786,0.002719026014818463,scenario,cyp_cystitis,45.15088054260639
13.5,brain,2.6624439555810393,0.988596076841,0.011403923159,0.293098044808199,29.3098044808199,0.06126536746393201,6.126536746393201,0.24714901921025,24.714901921025,0.00338578021864525,0.338578021864525,0.0033857802186452505,0.0027086241749162006,scenario,cyp_cystitis,44.93079257014736
13.583333333333,brain,2.6517721525768074,0.988610677717,0.011389322283,0.2929311295515637,29.29311295515637,0.06103794682975159,6.103794682975159,0.24715266942925,24.715266942925,0.003372962884235597,0.3372962884235597,0.0033729628842355964,0.0026983703073884774,scenario,cyp_cystitis,44.71070459768834
13.666666666667,brain,2.6412560330482657,0.98862580047,0.01137419953,0.292766789998816,29.2766789998816,0.060813786508421286,6.081378650842129,0.2471564501175,24.715645011750002,0.003360337221085215,0.3360337221085215,0.003360337221085215,0.0026882697768681723,scenario,cyp_cystitis,44.4906166252267
13.75,brain,2.6309004340122364,0.988641426438,0.011358573562,0.292605102770613,29.260510277061304,0.06059299488148404,6.059299488148405,0.2471603566095,24.716035660950002,0.0033479094998354426,0.33479094998354425,0.0033479094998354426,0.002678327599868354,scenario,cyp_cystitis,44.270528652767666
13.833333333333,brain,2.62070984633839,0.988657536956,0.011342463044,0.29244613900705996,29.244613900705996,0.06037567302407994,6.037567302407994,0.247164384239,24.7164384239,0.003335685557683857,0.33356855576838573,0.003335685557683857,0.002668548446147086,scenario,cyp_cystitis,44.05044068030866
13.916666666667,brain,2.6106884172083276,0.988674113363,0.011325886637,0.2922899643892961,29.22899643892961,0.060161914731394824,6.016191473139482,0.24716852834075,24.716852834075002,0.0033236708009695623,0.33236708009695626,0.003323670800969562,0.0026589366407756498,scenario,cyp_cystitis,43.830352707847005
14.0,brain,2.600839953236595,0.988691136994,0.011308863006,0.2921366391678934,29.21366391678934,0.0599518065591912,5.995180655919119,0.2471727842485,24.71727842485,0.00331187020860435,0.331187020860435,0.0033118702086043506,0.0026494961668834804,scenario,cyp_cystitis,43.610264735387986
14.083333333333,brain,2.5911679242249366,0.988708589187,0.011291410813,0.29198621820655224,29.198621820655223,0.05974542787973634,5.974542787973634,0.24717714729675,24.717714729675,0.0033002883363149084,0.3300288336314908,0.0033002883363149075,0.002640230669051926,scenario,cyp_cystitis,43.390176762928974
14.166666666667,brain,2.581675467523202,0.988726451278,0.011273548722,0.2918387510327468,29.18387510327468,0.059542850950995756,5.954285095099576,0.2471816128195,24.71816128195,0.0032889293216636045,0.32889293216636045,0.0032889293216636045,0.002631143457330884,scenario,cyp_cystitis,43.170088790467304
14.25,brain,2.5723653929661126,0.988744704605,0.011255295395,0.291694281901088,29.1694281901088,0.059344140999784,5.9344140999784,0.24718617615125,24.718617615124998,0.003277796889810178,0.32777968898101784,0.0032777968898101777,0.0026222375118481423,scenario,cyp_cystitis,42.9500008180083
14.333333333333,brain,2.5632401883544125,0.988763330504,0.011236669496,0.29155284986392516,29.155284986392516,0.05914935631723356,5.914935631723356,0.247190832626,24.7190832626,0.0032668943599757083,0.32668943599757083,0.003266894359975708,0.0026135154879805664,scenario,cyp_cystitis,42.729912845549265
14.416666666667,brain,2.554302025451304,0.988782305427,0.011217694573,0.291414487413479,29.141448741347897,0.05895854807563861,5.895854807563861,0.24719557635675,24.719557635675,0.0032562246525729118,0.32562246525729116,0.003256224652572912,0.00260497972205833,scenario,cyp_cystitis,42.50982487308761
14.5,brain,2.545552766461368,0.988801588885,0.011198411115,0.2912792170232328,29.127921702323277,0.058771759735976994,5.8771759735977,0.24720039722125,24.720039722125,0.0032457902969622943,0.3245790296962294,0.0032457902969622943,0.0025966322375698355,scenario,cyp_cystitis,42.2897369006286
14.583333333333,brain,2.5369939709589078,0.988821156822,0.011178843178,0.2911470610840026,29.114706108400263,0.05858902917133684,5.858902917133684,0.2472052892055,24.72052892055,0.0032355934397931834,0.32355934397931835,0.003235593439793183,0.0025884747518345463,scenario,cyp_cystitis,42.06964892816958
14.666666666667,brain,2.5286269032352138,0.988840987359,0.011159012641,0.29101803780200114,29.101803780200115,0.05841038794966819,5.84103879496682,0.24721024683975,24.721024683975,0.003225635853891674,0.3225635853891674,0.0032256358538916745,0.00258050868311334,scenario,cyp_cystitis,41.84956095570792
14.75,brain,2.5204525400310933,0.988861058617,0.011138941383,0.290892160669502,29.0892160669502,0.05823586135366933,5.823586135366933,0.24721526465425,24.721526465425,0.003215918947653597,0.3215918947653597,0.0032159189476535966,0.0025727351581228772,scenario,cyp_cystitis,41.62947298324891
14.833333333333,brain,2.512471578621129,0.988881348718,0.011118651282,0.2907694385843669,29.07694385843669,0.05806546853982247,5.806546853982247,0.2472203371795,24.72203371795,0.0032064437749006794,0.32064437749006797,0.003206443774900679,0.0025651550199205435,scenario,cyp_cystitis,41.4093850107899
14.916666666667,brain,2.5046844452188273,0.988901835782,0.011098164218,0.2906498759745448,29.06498759745448,0.05789922270539304,5.7899222705393045,0.2472254589455,24.72254589455,0.0031972110451612044,0.31972110451612046,0.003197211045161205,0.002557768836128964,scenario,cyp_cystitis,41.18929703832823
15.0,brain,2.4970913036692184,0.988922497932,0.011077502068,0.2905334729305308,29.05334729305308,0.057737131263374326,5.773713126337433,0.247230624483,24.723062448300002,0.003188221134333278,0.31882211343332784,0.003188221134333278,0.002550576907466623,scenario,cyp_cystitis,40.96920906586921
15.083333333333,brain,2.4896920643958977,0.988943313289,0.011056686711,0.29042022533994843,29.042022533994842,0.0575791960235979,5.75791960235979,0.24723582832225,24.723582832225,0.003179474095689274,0.3179474095689274,0.003179474095689274,0.0025435792765514196,scenario,cyp_cystitis,40.74912109341019
15.166666666667,brain,2.482486393572338,0.988964259973,0.011035740027,0.29031012502846243,29.03101250284624,0.05742541338028328,5.742541338028328,0.24724106499325,24.724106499325,0.003170969671183347,0.3170969671183347,0.003170969671183347,0.0025367757369466775,scenario,cyp_cystitis,40.52903312094853
15.25,brain,2.4754737224851824,0.988985316106,0.011014683894,0.2902031599053014,29.020315990530136,0.05727577450506851,5.727577450506851,0.2472463290265,24.72463290265,0.0031627073030213084,0.3162707303021308,0.003162707303021309,0.002530165842417047,scenario,cyp_cystitis,40.308945148489514
15.333333333333,brain,2.4686532570579467,0.98900645981,0.01099354019,0.290099314110805,29.009931411080498,0.05713026554440662,5.713026554440662,0.2472516149525,24.72516149525,0.0031546861454530358,0.31546861454530356,0.003154686145453036,0.0025237489163624292,scenario,cyp_cystitis,40.08885717603051
15.416666666667,brain,2.4620239875064867,0.989027669206,0.010972330794,0.2899985681672701,28.99985681672701,0.05698886782102675,5.698886782102675,0.2472569173015,24.72569173015,0.0031469050767509695,0.31469050767509693,0.003146905076750969,0.0025175240614007752,scenario,cyp_cystitis,39.86876920356884
15.5,brain,2.455584698095904,0.989048922415,0.010951077585,0.2899008991328684,28.990089913286837,0.056851558038824496,5.6851558038824495,0.24726223060375,24.726223060375,0.0031393627113362934,0.3139362711336293,0.003139362711336293,0.0025114901690690347,scenario,cyp_cystitis,39.64868123110983
15.583333333333,brain,2.449333976969526,0.989070197558,0.010929802442,0.2898062807572488,28.98062807572488,0.05671830849033173,5.671830849033173,0.2472675493895,24.72675493895,0.0031320574120155074,0.31320574120155076,0.003132057412015507,0.0025056459296124056,scenario,cyp_cystitis,39.42859325865081
15.666666666667,brain,2.443270226023548,0.989091472757,0.010908527243,0.2897146836389496,28.97146836389496,0.056589087266266075,5.658908726626607,0.24727286818925,24.727286818925002,0.0031249873022936164,0.31249873022936164,0.003124987302293617,0.0024999898418348937,scenario,cyp_cystitis,39.20850528618915
15.75,brain,2.4373916707996575,0.989112726133,0.010887273867,0.2896260753829638,28.962607538296382,0.05646385846628509,5.646385846628509,0.24727818153325,24.727818153325,0.003118150278728647,0.3118150278728647,0.003118150278728647,0.002494520222982918,scenario,cyp_cystitis,38.988417313730146
15.833333333333,brain,2.4316963703690786,0.989133964489,0.010866035511,0.28954042915557726,28.954042915557725,0.056342584044436365,5.634258404443637,0.24728349112225,24.728349112225,0.003111544023293612,0.3111544023293612,0.003111544023293612,0.00248923521863489,scenario,cyp_cystitis,38.76832934127113
15.916666666667,brain,2.4261822271844435,0.98915522541,0.01084477459,0.2894577244448605,28.94577244448605,0.05622522412314731,5.622522412314731,0.2472888063525,24.72888063525,0.0031051660157155173,0.31051660157155175,0.0031051660157155178,0.0024841328125724143,scenario,cyp_cystitis,38.54824136880946
16.0,brain,2.420846996874932,0.98917649489,0.01082350511,0.2893779231089411,28.93779231089411,0.056111732515254815,5.611173251525481,0.2472941237225,24.72941237225,0.0030990135457599505,0.30990135457599505,0.00309901354575995,0.0024792108366079603,scenario,cyp_cystitis,38.32815339635045
16.083333333333,brain,2.4156882979614105,0.989197757511,0.010802242489,0.2893009842326163,28.93009842326163,0.05600205980648835,5.600205980648835,0.24729943937775,24.729943937775,0.0030930837254313816,0.30930837254313814,0.003093083725431382,0.0024744669803451057,scenario,cyp_cystitis,38.108065423891425
16.166666666667,brain,2.4107036214711717,0.989218997856,0.010781002144,0.289226864698015,28.9226864698015,0.05589615364535337,5.589615364535337,0.247304749464,24.7304749464,0.0030873735010626953,0.3087373501062695,0.0030873735010626957,0.002469898800850157,scenario,cyp_cystitis,37.88797745142977
16.25,brain,2.405890340431211,0.989240200505,0.010759799495,0.2891555193388703,28.91555193388703,0.05579395895016038,5.579395895016038,0.24731005012625,24.731005012624998,0.003081879665266808,0.3081879665266808,0.003081879665266808,0.0024655037322134465,scenario,cyp_cystitis,37.66788947897075
16.333333333333,brain,2.401245719220343,0.989261350041,0.010738649959,0.2890869010958782,28.90869010958782,0.05569541811417095,5.5695418114170945,0.24731533751025,24.731533751025,0.0030765988687249095,0.30765988687249096,0.00307659886872491,0.0024612790949799282,scenario,cyp_cystitis,37.44780150651174
16.416666666667,brain,2.396766922763205,0.989282431046,0.010717568954,0.2890209611669814,28.90209611669814,0.05560047120730849,5.560047120730848,0.2473206077615,24.73206077615,0.00307152763178914,0.30715276317891405,0.00307152763178914,0.0024572221054313123,scenario,cyp_cystitis,37.22771353405009
16.5,brain,2.3924510255487936,0.989303428102,0.010696571898,0.28895764915664035,28.895764915664035,0.055509056174853764,5.550905617485377,0.2473258570255,24.73258570255,0.0030666623558771562,0.3066662355877156,0.003066662355877156,0.002453329884701725,scenario,cyp_cystitis,37.007625561591055
16.583333333333,brain,2.3882950204575257,0.989324325791,0.010675674209,0.28889691322203986,28.889691322203987,0.05542110903238649,5.542110903238649,0.24733108144775,24.733108144775002,0.0030619993346377387,0.3061999334637739,0.0030619993346377382,0.0024495994677101907,scenario,cyp_cystitis,36.78753758913204
16.666666666667,brain,2.3842958273834536,0.989345108696,0.010654891304,0.28883870021655944,28.883870021655945,0.05533656405674588,5.533656405674588,0.247336277174,24.7336277174,0.0030575347648697346,0.3057534764869735,0.0030575347648697346,0.002446027811895788,scenario,cyp_cystitis,36.56744961667039
16.75,brain,2.3804503016380125,0.989365761397,0.010634238603,0.2887829558284973,28.878295582849727,0.05525535397232971,5.525535397232971,0.24734144034925,24.734144034925002,0.0030532647571764634,0.3053264757176463,0.003053264757176464,0.002442611805741171,scenario,cyp_cystitis,36.34736164421137
16.833333333333,brain,2.376755242123008,0.989386268477,0.010613731523,0.2887296247191941,28.87296247191941,0.05517741013325882,5.517741013325882,0.24734656711925,24.734656711925,0.0030491853463394205,0.30491853463394203,0.0030491853463394205,0.0024393482770715368,scenario,cyp_cystitis,36.127273671752356
16.916666666667,brain,2.373207399263023,0.989406614518,0.010593385482,0.2886786506545211,28.867865065452108,0.05510266270002812,5.510266270002813,0.2473516536295,24.735165362950003,0.0030452925013980236,0.30452925013980237,0.0030452925013980236,0.002436234001118419,scenario,cyp_cystitis,35.9071856992907
17.0,brain,2.3698034826872716,0.989426784102,0.010573215898,0.28862997663391954,28.862997663391955,0.055031040811226034,5.503104081122603,0.2473566960255,24.73566960255,0.003041582135422162,0.30415821354221617,0.003041582135422162,0.0024332657083377296,scenario,cyp_cystitis,35.687097726831674
17.083333333333,brain,2.3665401686522216,0.989446761812,0.010553238188,0.28858354501535877,28.858354501535878,0.054962472749811725,5.496247274981172,0.247361690453,24.7361690453,0.0030380501149659326,0.3038050114965933,0.0030380501149659326,0.002430440091972746,scenario,cyp_cystitis,35.46700975437265
17.166666666667,brain,2.363414107198565,0.989466532228,0.010533467772,0.28853929763462166,28.853929763462165,0.05489688610349555,5.489688610349555,0.247366633057,24.7366633057,0.003034692269193624,0.3034692269193624,0.0030346922691936243,0.0024277538153548994,scenario,cyp_cystitis,35.246921781911006
17.25,brain,2.360421929036027,0.989486079933,0.010513920067,0.28849717592315866,28.849717592315866,0.05483420791987824,5.4834207919878235,0.24737151998325,24.737151998325,0.0030315043986691133,0.3031504398669113,0.0030315043986691137,0.0024252035189352913,scenario,cyp_cystitis,35.02683380945198
17.333333333333,brain,2.357560252150745,0.989505389509,0.010494610491,0.28845712101856696,28.845712101856698,0.054774364855089304,5.477436485508931,0.24737634737725,24.737634737725,0.0030284822838013725,0.30284822838013725,0.0030284822838013725,0.002422785827041098,scenario,cyp_cystitis,34.80674583699297
17.416666666667,brain,2.354825688131932,0.989524445538,0.010475554462,0.28841907387199134,28.841907387199132,0.054717283316655124,5.4717283316655125,0.2473811113845,24.73811113845,0.0030256216929411724,0.3025621692941172,0.0030256216929411724,0.0024204973543529382,scenario,cyp_cystitis,34.58665786453132
17.5,brain,2.352214848214544,0.989543232602,0.010456767398,0.2883829753506222,28.838297535062217,0.0546628896001629,5.46628896001629,0.2473858081505,24.73858081505,0.0030229183901242353,0.3022918390124235,0.0030229183901242357,0.002418334712099389,scenario,cyp_cystitis,34.366569892072285
17.583333333333,brain,2.349724349035751,0.989561735283,0.010438264717,0.28834876633552603,28.834876633552604,0.05461111001970137,5.461111001970137,0.24739043382075,24.739043382075,0.003020368142457488,0.3020368142457488,0.0030203681424574884,0.0024162945139659907,scenario,cyp_cystitis,34.146481919613265
17.666666666667,brain,2.3473508181047906,0.989579938163,0.010420061837,0.2883163878147831,28.831638781478308,0.05456187103204411,5.456187103204411,0.24739498454075,24.739498454075,0.003017966727147154,0.3017966727147154,0.003017966727147155,0.0024143733817177243,scenario,cyp_cystitis,33.926393947151624
17.75,brain,2.3450908989857764,0.989597825824,0.010402174176,0.288285780971908,28.8285780971908,0.05451509935454401,5.451509935454401,0.247399456456,24.7399456456,0.0030157099381675993,0.30157099381675995,0.0030157099381675997,0.00241256795053408,scenario,cyp_cystitis,33.7063059746926
17.833333333333,brain,2.3429412561939955,0.989615382848,0.010384617152,0.2882568872695477,28.825688726954766,0.05447072207673025,5.447072207673025,0.247403845712,24.7403845712,0.0030135935925711082,0.3013593592571108,0.0030135935925711082,0.0024108748740568867,scenario,cyp_cystitis,33.48621800223358
17.916666666667,brain,2.3408985798077575,0.989632593817,0.010367406183,0.28822964852847555,28.822964852847555,0.05442866676563405,5.442866676563405,0.24740814845425,24.740814845425,0.003011613536440514,0.30116135364405144,0.003011613536440514,0.0024092908291524114,scenario,cyp_cystitis,33.26613002977193
18.0,brain,2.33895958979785,0.989649484485,0.010350515515,0.28820401899194303,28.8204018991943,0.05438886382759075,5.438886382759075,0.24741237112125,24.741237112125,0.0030097656504868234,0.30097656504868237,0.0030097656504868234,0.002407812520389459,scenario,cyp_cystitis,33.04604205731292
18.083333333333,brain,2.3371210400774514,0.989666154562,0.010333845438,0.288179974935678,28.8179974935678,0.05435124839357062,5.435124839357062,0.2474165386405,24.74165386405,0.0030080458552949833,0.30080458552949835,0.0030080458552949833,0.002406436684235987,scenario,cyp_cystitis,32.82595408485389
18.166666666667,brain,2.3353797222766692,0.989682606127,0.010317393873,0.28815746476390086,28.815746476390085,0.05431575097620117,5.431575097620117,0.24742065153175,24.742065153174998,0.0030064501162224734,0.3006450116222473,0.003006450116222473,0.0024051600929779786,scenario,cyp_cystitis,32.60586611239224
18.25,brain,2.333732469245811,0.98969883553,0.01030116447,0.2881364358402891,28.81364358402891,0.05428230261038541,5.428230261038541,0.2474247088825,24.74247088825,0.0030049744479554957,0.3004974447955496,0.0030049744479554953,0.0024039795583643965,scenario,cyp_cystitis,32.385778139933215
18.333333333333,brain,2.3321761582921594,0.989714839117,0.010285160883,0.28811683621156664,28.811683621156664,0.05425083524308884,5.425083524308884,0.24742870977925,24.742870977924998,0.0030036149187284574,0.3003614918728457,0.0030036149187284574,0.002402891934982766,scenario,cyp_cystitis,32.16569016747419
18.416666666667,brain,2.3307077141560937,0.989730613237,0.010269386763,0.2880986146613534,28.809861466135338,0.05422128180280455,5.422128180280454,0.24743265330925,24.743265330925,0.003002367654213567,0.3002367654213567,0.0030023676542135667,0.0024018941233708534,scenario,cyp_cystitis,31.945602195012544
18.5,brain,2.3293241117323107,0.989746154237,0.010253845763,0.2880817207562322,28.80817207562322,0.0541935762626429,5.41935762626429,0.24743653855925,24.743653855925,0.0030012288410875255,0.30012288410875254,0.0030012288410875255,0.0024009830728700205,scenario,cyp_cystitis,31.725514222553528
18.583333333333,brain,2.3280223785424106,0.989761458467,0.010238541533,0.2880661048905389,28.80661048905389,0.05416765369838517,5.416765369838517,0.24744036461675,24.744036461675,0.0030001947302829186,0.30001947302829185,0.0030001947302829186,0.002400155784226335,scenario,cyp_cystitis,31.505426250094505
18.666666666667,brain,2.326799596965967,0.989776522274,0.010223477726,0.28805171832387666,28.805171832387664,0.05414345034050218,5.414345034050218,0.2474441305685,24.74441305685,0.002999261639932873,0.2999261639932873,0.002999261639932873,0.0023994093119462986,scenario,cyp_cystitis,31.285338277632846
18.75,brain,2.32565290623706,0.989791342006,0.010208657994,0.28803851321757895,28.803851321757897,0.05412090362143861,5.412090362143861,0.2474478355015,24.74478355015,0.0029984259580175345,0.29984259580175343,0.002998425958017534,0.0023987407664140276,scenario,cyp_cystitis,31.065250305173826
18.833333333333,brain,2.3245795042136272,0.989805914011,0.010194085989,0.2880264426658761,28.802644266587613,0.054099952217501496,5.409995221750149,0.24745147850275,24.745147850275,0.0029976841447214636,0.29976841447214636,0.002997684144721463,0.0023981473157771707,scenario,cyp_cystitis,30.845162332714818
18.916666666667,brain,2.3235766489276437,0.989820234637,0.010179765363,0.28801546072364165,28.801546072364165,0.054080536085855516,5.4080536085855515,0.24745505865925,24.745505865925,0.002997032734511681,0.2997032734511681,0.0029970327345116812,0.002397626187609345,scenario,cyp_cystitis,30.62507436025316
19.0,brain,2.3226416599239443,0.989834300233,0.010165699767,0.28800552243084787,28.800552243084788,0.054062596496797136,5.406259649679714,0.24745857505825,24.745857505825,0.002996468337946077,0.2996468337946077,0.002996468337946077,0.0023971746703568618,scenario,cyp_cystitis,30.404986387794143
19.083333333333,brain,2.3217719193957587,0.989848107146,0.010151892854,0.28799658383240895,28.799658383240896,0.054046076061211916,5.404607606121192,0.2474620267865,24.74620267865,0.0029959876432222293,0.29959876432222293,0.002995987643222229,0.0023967901145777832,scenario,cyp_cystitis,30.184898415335116
19.166666666667,brain,2.3209648731254906,0.989861651724,0.010138348276,0.2879886019964623,28.79886019964623,0.05403091875394978,5.403091875394979,0.247465412931,24.746541293099998,0.002995587417477107,0.29955874174771074,0.002995587417477107,0.002396469933981686,scenario,cyp_cystitis,29.96481044287347
19.25,brain,2.320218031239043,0.989874930315,0.010125069685,0.287981535028317,28.798153502831703,0.05401706993275603,5.401706993275603,0.24746873257875,24.746873257875,0.0029952645078480493,0.29952645078480494,0.002995264507848049,0.0023962116062784394,scenario,cyp_cystitis,29.744722470414445
19.333333333333,brain,2.3195289687821274,0.989887939268,0.010112060732,0.2879753420819553,28.79753420819553,0.05400447635327373,5.400447635327374,0.247471984817,24.7471984817,0.0029950158423055926,0.2995015842305593,0.0029950158423055926,0.0023960126738444745,scenario,cyp_cystitis,29.524634497955425
19.416666666667,brain,2.318895326127288,0.98990067493,0.01009932507,0.2879699833674881,28.796998336748807,0.053993086179984086,5.399308617998408,0.2474751687325,24.74751687325,0.002994838430268955,0.2994838430268955,0.002994838430268955,0.0023958707442151644,scenario,cyp_cystitis,29.30454652549378
19.5,brain,2.3183148092201167,0.98991313365,0.01008686635,0.2879654201579059,28.79654201579059,0.053982848993874524,5.398284899387453,0.2474782834125,24.74782834125,0.002994729363014817,0.2994729363014817,0.0029947293630148172,0.0023957834904118538,scenario,cyp_cystitis,29.084458553034754
19.583333333333,brain,2.3177851896731547,0.989925311775,0.010074688225,0.2879616147909047,28.796161479090472,0.05397371579620628,5.397371579620628,0.24748132794375,24.748132794375,0.0029946858138901427,0.2994685813890143,0.0029946858138901427,0.0023957486511121144,scenario,cyp_cystitis,28.864370580575727
19.666666666667,brain,2.317304304716152,0.989937205654,0.010062794346,0.2879585306705859,28.79585306705859,0.05396563900944785,5.396563900944785,0.2474843014135,24.74843014135,0.002994705038339788,0.2994705038339788,0.0029947050383397874,0.00239576403067183,scenario,cyp_cystitis,28.644282608114093
19.75,brain,2.3168700570110308,0.989948811634,0.010051188366,0.28795613226451716,28.795613226451717,0.053958572474689555,5.395857247468956,0.2474872029085,24.74872029085,0.00299478437375946,0.299478437375946,0.0029947843737594603,0.0023958274990075685,scenario,cyp_cystitis,28.424194635655063
19.833333333333,brain,2.3164804143399,0.989960126064,0.010039873936,0.28795438510094906,28.795438510094908,0.05395247144659874,5.395247144659874,0.247490031516,24.7490031516,0.002994921239184617,0.2994921239184617,0.002994921239184617,0.002395936991347694,scenario,cyp_cystitis,28.20410666319604
19.916666666667,brain,2.316133409174438,0.989971145292,0.010028854708,0.28795325576196357,28.79532557619636,0.053947292585284724,5.394729258528472,0.247492786323,24.7492786323,0.0029951131348256565,0.29951131348256566,0.002995113134825656,0.002396090507860525,scenario,cyp_cystitis,27.984018690734388
20.0,brain,2.3158271381347086,0.989981865665,0.010018134335,0.2879527118756,28.79527118756,0.05394299394579999,5.394299394579999,0.24749546641625,24.749546641625,0.0029953576414596538,0.2995357641459654,0.0029953576414596533,0.0023962861131677227,scenario,cyp_cystitis,27.76393071827537
20.083333333333,brain,2.315559761345325,0.989992283532,0.010007716468,0.287952722107092,28.7952722107092,0.053939534965456046,5.393953496545604,0.247498070883,24.7498070883,0.0029956524196887257,0.2995652419688726,0.0029956524196887253,0.0023965219357509806,scenario,cyp_cystitis,27.54384274581635
20.166666666667,brain,2.3153295016968167,0.990002411485,0.009997588515,0.2879532608714788,28.79532608714788,0.053936877333638424,5.393687733363842,0.24750060287125,24.750060287125,0.0029959952090748317,0.29959952090748315,0.0029959952090748312,0.0023967961672598653,scenario,cyp_cystitis,27.323754773354707
20.25,brain,2.31513464401974,0.990012307544,0.009987692456,0.2879543168094184,28.795431680941842,0.05393498656455789,5.393498656455789,0.247503076886,24.7503076886,0.0029963838271606447,0.29963838271606447,0.0029963838271606443,0.0023971070617285154,scenario,cyp_cystitis,27.103666800895677
20.333333333333,brain,2.314973534178906,0.990021979368,0.009978020632,0.2879558649118435,28.79558649118435,0.053933826759791345,5.393382675979135,0.247505494842,24.7505494842,0.002996816168385921,0.29968161683859207,0.002996816168385921,0.002397452934708737,scenario,cyp_cystitis,26.88357882843666
20.416666666667,brain,2.314844578094947,0.990031429384,0.009968570616,0.2879578796311758,28.79578796311758,0.0539333630469011,5.39333630469011,0.247507857346,24.7507857346,0.002997290202908404,0.2997290202908404,0.0029972902029084037,0.002397832162326723,scenario,cyp_cystitis,26.663490855975013
20.5,brain,2.314746240700126,0.990040660017,0.009959339983,0.28796033638601615,28.796033638601614,0.05393356184235485,5.393356184235485,0.24751016500425,24.751016500425,0.002997803975338137,0.2997803975338137,0.0029978039753381365,0.0023982431802705094,scenario,cyp_cystitis,26.443402883515983
20.583333333333,brain,2.3146770448351033,0.990049673694,0.009950326306,0.28796321154475524,28.796321154475525,0.053934390828340284,5.393439082834028,0.2475124184235,24.751241842349998,0.0029983556033937727,0.29983556033937725,0.0029983556033937727,0.0023986844827150185,scenario,cyp_cystitis,26.22331491105697
20.666666666667,brain,2.3146355700931447,0.99005847284,0.00994152716,0.28796648240594147,28.79664824059415,0.05393581892792198,5.393581892792198,0.24751461821,24.751461821,0.002998943276489069,0.2998943276489069,0.002998943276489069,0.0023991546211912552,scenario,cyp_cystitis,26.003226938595322
20.75,brain,2.3146204516179694,0.990067059883,0.009932940117,0.2879701271804555,28.79701271804555,0.05393781627960732,5.393781627960732,0.24751676497075,24.751676497075,0.0029995652542574884,0.29995652542574885,0.002999565254257489,0.0023996522034059912,scenario,cyp_cystitis,25.783138966136296
20.833333333333,brain,2.3146303788611986,0.990075437247,0.009924562753,0.2879741249694844,28.79741249694844,0.053940354210312486,5.394035421031249,0.24751885931175,24.751885931175,0.003000219865022655,0.30002198650226547,0.0030002198650226552,0.0024001758920181243,scenario,cyp_cystitis,25.563050993677276
20.916666666667,brain,2.314664094305115,0.990083607359,0.009916392641,0.28797845574595515,28.797845574595517,0.053943405208273516,5.394340520827352,0.24752090183975,24.752090183975,0.0030009055042217983,0.30009055042217986,0.0030009055042217983,0.002400724403377439,scenario,cyp_cystitis,25.342963021215624
21.0,brain,2.3147203921561577,0.990091572644,0.009908427356,0.2879831003319569,28.79831003319569,0.053946942894609155,5.394694289460915,0.247522893161,24.7522893161,0.003001620632789231,0.30016206327892314,0.003001620632789231,0.002401296506231385,scenario,cyp_cystitis,25.122875048756608
21.083333333333,brain,2.314798117014346,0.99009933553,0.00990066447,0.2879880403786389,28.79880403786389,0.053950941994851905,5.39509419948519,0.2475248338825,24.75248338825,0.0030023637755065852,0.3002363775506585,0.0030023637755065852,0.0024018910204052684,scenario,cyp_cystitis,24.902787076297578
21.166666666667,brain,2.3148961625235263,0.990106898442,0.009893101558,0.28799325834255984,28.799325834255985,0.053955378309413125,5.395537830941312,0.2475267246105,24.75267246105,0.003003133519325957,0.30031335193259573,0.0030031335193259566,0.0024025068154607653,scenario,cyp_cystitis,24.682699103835937
21.25,brain,2.3150134700070923,0.990114263806,0.009885736194,0.2879987374646744,28.79987374646744,0.05396022868423252,5.396022868423252,0.2475285659515,24.75285659515,0.003003928511672023,0.30039285116720227,0.0030039285116720232,0.0024031428093376187,scenario,cyp_cystitis,24.462611131376907
21.333333333333,brain,2.315149027093587,0.990121434048,0.009878565952,0.2880044617476705,28.800446174767053,0.05396547098089405,5.396547098089405,0.247530358512,24.7530358512,0.0030047474587288642,0.3004747458728864,0.0030047474587288642,0.0024037979669830917,scenario,cyp_cystitis,24.242523158917894
21.416666666667,brain,2.3153018663362785,0.990128411595,0.009871588405,0.288010415933762,28.801041593376198,0.053971084046682674,5.397108404668267,0.24753210289875,24.753210289875,0.003005589123716662,0.3005589123716662,0.003005589123716662,0.0024044712989733296,scenario,cyp_cystitis,24.02243518645624
21.5,brain,2.315471063830608,0.990135198872,0.009864801128,0.2880165854812572,28.80165854812572,0.053977047684342944,5.397704768434294,0.247533799718,24.753379971799998,0.003006452325163341,0.30064523251633407,0.0030064523251633413,0.002405161860130673,scenario,cyp_cystitis,23.802347213997223
21.583333333333,brain,2.3156557378331266,0.990141798305,0.009858201695,0.28802295654287524,28.802295654287523,0.05398334262216699,5.398334262216699,0.24753544957625,24.753544957625,0.0030073359351759465,0.30073359351759466,0.0030073359351759465,0.0024058687481407575,scenario,cyp_cystitis,23.582259241538193
21.666666666667,brain,2.315855047385284,0.99014821232,0.00985178768,0.28802951594295695,28.802951594295696,0.05398995048394257,5.398995048394257,0.24753705308,24.753705308,0.0030082388777159515,0.30082388777159513,0.0030082388777159515,0.002406591102172761,scenario,cyp_cystitis,23.362171269076548
21.75,brain,2.3160681909451917,0.990154443344,0.009845556656,0.28803625115536957,28.803625115536956,0.05399685375915938,5.399685375915938,0.247538610836,24.7538610836,0.003009160126882633,0.3009160126882633,0.0030091601268826327,0.0024073281015061063,scenario,cyp_cystitis,23.142083296617525
21.833333333333,brain,2.3162944050303005,0.990160493803,0.009839506197,0.2880431502807009,28.80431502807009,0.05400403577326787,5.400403577326787,0.24754012345075,24.754012345075,0.003010098705208407,0.3010098705208407,0.003010098705208407,0.0024080789641667258,scenario,cyp_cystitis,22.92199532415851
21.916666666667,brain,2.3165329628735956,0.990166366122,0.009833633878,0.2880502020242415,28.805020202424146,0.05401148065832194,5.401148065832194,0.2475415915305,24.75415915305,0.0030110536819693873,0.3011053681969387,0.0030110536819693877,0.0024088429455755103,scenario,cyp_cystitis,22.70190735169686
22.0,brain,2.316783173095786,0.990172062728,0.009827937272,0.28805739567508737,28.805739567508738,0.05401917332411653,5.401917332411653,0.247543015682,24.7543015682,0.0030120241715144653,0.3012024171514465,0.0030120241715144653,0.0024096193372115725,scenario,cyp_cystitis,22.48181937923783
22.083333333333,brain,2.317044378395736,0.990177586047,0.009822413953,0.2880647210837855,28.80647210837855,0.05402709942938067,5.402709942938067,0.24754439651175,24.754439651175,0.00301300933161593,0.301300933161593,0.0030130093316159305,0.0024104074652927447,scenario,cyp_cystitis,22.261731406778814
22.166666666667,brain,2.3173159542611033,0.990182938504,0.009817061496,0.28807216864117086,28.807216864117084,0.05403524535356116,5.403524535356116,0.247545734626,24.7545734626,0.0030140083618440832,0.3014008361844083,0.0030140083618440837,0.002411206689475267,scenario,cyp_cystitis,22.041643434317166
22.25,brain,2.317597307701035,0.990188122527,0.009811877473,0.2880797292587204,28.80797292587204,0.05404359816929387,5.404359816929387,0.24754703063175,24.754703063175,0.0030150205019683386,0.30150205019683385,0.003015020501968338,0.0024120164015746706,scenario,cyp_cystitis,21.821555461858143
22.333333333333,brain,2.3178878760025703,0.99019314095,0.00980685905,0.2880873944653721,28.808739446537214,0.05405214563716286,5.405214563716286,0.2475482852375,24.75482852375,0.0030160450303870746,0.30160450303870745,0.0030160450303870746,0.00241283602430966,scenario,cyp_cystitis,21.60146748939912
22.416666666667,brain,2.3181871255121367,0.990197998378,0.009802001622,0.28809515678465514,28.809515678465512,0.05406087625354013,5.406087625354012,0.2475494995945,24.754949959450002,0.0030170812625879414,0.3017081262587941,0.0030170812625879414,0.002413665010070353,scenario,cyp_cystitis,21.381379516937475
22.5,brain,2.3184945504434338,0.99020269778,0.00979730222,0.28810300872386935,28.810300872386936,0.054069779038492444,5.406977903849245,0.247550674445,24.7550674445,0.003018128549640418,0.3018128549640418,0.003018128549640418,0.0024145028397123346,scenario,cyp_cystitis,21.161291544478456
22.583333333333,brain,2.3188096717128315,0.990207241848,0.009792758152,0.28811094315029545,28.811094315029546,0.05407884358439392,5.407884358439392,0.247551810462,24.7551810462,0.0030191862767222004,0.30191862767222005,0.0030191862767222,0.00241534902137776,scenario,cyp_cystitis,20.941203572019425
22.666666666667,brain,2.3191320358031646,0.990211633271,0.009788366729,0.2881189533522176,28.81189533522176,0.05408806004595683,5.408806004595683,0.24755290831775,24.755290831775,0.0030202538616804853,0.3020253861680485,0.0030202538616804853,0.0024162030893443882,scenario,cyp_cystitis,20.721115599557784
22.75,brain,2.319461213656734,0.990215874741,0.009784125259,0.2881270330224517,28.81270330224517,0.054097419116268926,5.4097419116268926,0.24755396868525,24.755396868525,0.0030213307536293256,0.30213307536293255,0.003021330753629326,0.002417064602903461,scenario,cyp_cystitis,20.50102762709876
22.833333333333,brain,2.3197967995982016,0.99021996895,0.00978003105,0.28813517623974166,28.813517623974167,0.05410691200298887,5.410691200298888,0.2475549922375,24.75549922375,0.0030224164315840654,0.3022416431584065,0.003022416431584065,0.002417933145267252,scenario,cyp_cystitis,20.280939654639734
22.916666666667,brain,2.320138410287814,0.990223918588,0.009776081412,0.2881433774509418,28.814337745094182,0.05411653040525575,5.411653040525575,0.247555979647,24.755597964699998,0.003023510403133352,0.3023510403133352,0.003023510403133352,0.0024188083225066817,scenario,cyp_cystitis,20.06085168217809
23.0,brain,2.3204856837053796,0.990227726346,0.009772273654,0.2881516314551561,28.81516314551561,0.05412626649154143,5.412626649154143,0.2475569315865,24.75569315865,0.0030246122031493943,0.30246122031493944,0.003024612203149394,0.0024196897625195155,scenario,cyp_cystitis,19.840763709719063
23.083333333333,brain,2.320838278165296,0.990231394915,0.009768605085,0.2881599333872213,28.81599333872213,0.05413611287796172,5.413611287796172,0.24755784872875,24.755784872875,0.0030257213925369837,0.30257213925369836,0.0030257213925369837,0.002420577114029587,scenario,cyp_cystitis,19.620675737260047
23.166666666667,brain,2.321195871362713,0.990234926987,0.009765073013,0.28816827870228207,28.816827870228206,0.05414606260737606,5.414606260737606,0.24755873174675,24.755873174675,0.003026837557021313,0.3026837557021313,0.0030268375570213124,0.0024214700456170503,scenario,cyp_cystitis,19.40058776479839
23.25,brain,2.3215581594509205,0.990238325252,0.009761674748,0.28817666315971285,28.817666315971284,0.054156109128950504,5.41561091289505,0.247559581313,24.755958131299998,0.0030279603059748263,0.3027960305974826,0.003027960305974826,0.0024223682447798607,scenario,cyp_cystitis,19.180499792339376
23.333333333333,brain,2.321924856149954,0.990241592401,0.009758407599,0.2881850828092985,28.81850828092985,0.05416624627873137,5.416624627873137,0.24756039810025,24.756039810024998,0.003029089271283241,0.3029089271283241,0.0030290892712832407,0.002423271417026593,scenario,cyp_cystitis,18.960411819880356
23.416666666667,brain,2.3222956918862177,0.990244731126,0.009755268874,0.2881935339770498,28.819353397704976,0.05417646826073304,5.4176468260733035,0.2475611827815,24.756118278149998,0.0030302241062503763,0.30302241062503765,0.0030302241062503768,0.0024241792850003014,scenario,cyp_cystitis,18.740323847418708
23.5,brain,2.3226704129629416,0.990247744118,0.009752255882,0.28820201325094347,28.820201325094345,0.05418676962859128,5.418676962859128,0.2475619360295,24.75619360295,0.003031364484541699,0.30313644845416987,0.003031364484541699,0.0024250915876333594,scenario,cyp_cystitis,18.520235874959678
23.583333333333,brain,2.3230487807612388,0.990250634067,0.009749365933,0.2882105174677471,28.82105174677471,0.05419714526799614,5.4197145267996145,0.24756265851675,24.756265851675,0.0030325100991663934,0.30325100991663934,0.003032510099166394,0.002426008079333115,scenario,cyp_cystitis,18.300147902500665
23.666666666667,brain,2.3234305709713237,0.990253403664,0.009746596336,0.28821904370092116,28.821904370092117,0.054207590379894886,5.420759037989488,0.247563350916,24.7563350916,0.0030336606614973236,0.3033660661497324,0.0030336606614973236,0.002426928529197859,scenario,cyp_cystitis,18.080059930039006
23.75,brain,2.323815572853519,0.990256055601,0.009743944399,0.2882275892484289,28.82275892484289,0.0542181004642385,5.42181004642385,0.24756401390025,24.756401390025,0.0030348159003285046,0.30348159003285047,0.0030348159003285046,0.0024278527202628037,scenario,cyp_cystitis,17.85997195757999
23.833333333333,brain,2.324203588528629,0.990258592569,0.009741407431,0.288236151620447,28.823615162044703,0.054228671304262725,5.4228671304262726,0.24756464814225,24.756464814224998,0.003035975560969683,0.30359755609696826,0.003035975560969683,0.0024287804487757463,scenario,cyp_cystitis,17.639883985120964
23.916666666667,brain,2.3245944322970704,0.990261017258,0.009738982742,0.288244728528132,28.824472852813198,0.05423929895150931,5.4239298951509305,0.2475652543145,24.75652543145,0.003037139404377134,0.30371394043771344,0.0030371394043771345,0.002429711523501708,scenario,cyp_cystitis,17.419796012659315
24.0,brain,2.324987929986252,0.99026333236,0.00973666764,0.2882533178737233,28.82533178737233,0.0542499797116311,5.42499797116311,0.24756583309,24.756583309,0.003038307206320147,0.30383072063201466,0.003038307206320147,0.002430645765056118,scenario,cyp_cystitis,17.1997080402003
