time_h,tissue,histamine_nm,R_surf,R_int,G_signal,G_signal_pct,G_signal_ligand,G_signal_ligand_pct,G_signal_constitutive,G_signal_constitutive_pct,beta_arr_signal,beta_arr_signal_pct,internalization_drive,k_int_eff_per_h,driver_type,driver_id,antagonist_concentration_nm
0.0,bladder,20.555449826912117,0.937479228481,0.062520771519,0.3491884503671566,34.91884503671566,0.3182257778348491,31.822577783484913,0.04687396142405,4.687396142405,0.026676120225272902,2.6676120225272903,0.026676120225272902,0.03334515028159113,scenario,cyp_cystitis,0.001
0.083333333333,bladder,19.469503483054474,0.937667014972,0.062332985028,0.33678765431959173,33.67876543195917,0.30516242481157024,30.516242481157025,0.046883350748600006,4.68833507486,0.024057094562418405,2.4057094562418406,0.024057094562418405,0.030071368203023006,scenario,cyp_cystitis,53.112696679647605
0.166666666667,bladder,16.81134590056803,0.938106094764,0.061893905236,0.30737840565144553,30.737840565144552,0.2741822114876269,27.41822114876269,0.0469053047382,4.69053047382,0.0198603074284058,1.9860307428405801,0.019860307428405805,0.024825384285507256,scenario,cyp_cystitis,106.22439335993253
0.25,bladder,14.107898239165253,0.938912471378,0.061087528622,0.275035996120335,27.503599612033504,0.24009512900151056,24.009512900151055,0.0469456235689,4.694562356890001,0.015966205436455928,1.5966205436455927,0.015966205436455928,0.01995775679556991,scenario,cyp_cystitis,159.33609003958014
0.333333333333,bladder,12.345407569589499,0.93999576285,0.06000423715,0.25206015460982434,25.206015460982435,0.21585301733402565,21.585301733402567,0.0469997881425,4.69997881425,0.013394443688222447,1.3394443688222446,0.013394443688222448,0.01674305461027806,scenario,cyp_cystitis,212.44778671922782
0.416666666667,bladder,11.579078380413122,0.941240358483,0.058759641517,0.24113630082458848,24.113630082458847,0.2042887188425668,20.42887188425668,0.047062017924150004,4.706201792415,0.012052140679165596,1.2052140679165597,0.012052140679165595,0.015065175848956993,scenario,cyp_cystitis,265.55948339951277
0.5,bladder,11.417160458078335,0.942528332016,0.057471667984,0.23806095463470706,23.806095463470704,0.20098372424621797,20.098372424621797,0.0471264166008,4.71264166008,0.011412361040799122,1.1412361040799122,0.011412361040799124,0.014265451300998905,scenario,cyp_cystitis,318.67118007916037
0.583333333333,bladder,11.514853243236969,0.94379872621,0.05620127379,0.23840437236855808,23.84043723685581,0.2012783537453243,20.12783537453243,0.0471899363105,4.71899363105,0.011068227987799793,1.1068227987799792,0.011068227987799795,0.013835284984749743,scenario,cyp_cystitis,371.782876758808
0.666666666667,bladder,11.705727363009851,0.945039086822,0.054960913178,0.23994663413403186,23.994663413403185,0.20283650504519143,20.283650504519144,0.0472519543411,4.72519543411,0.010834857715939407,1.0834857715939405,0.010834857715939408,0.01354357214492426,scenario,cyp_cystitis,424.89457343909294
0.75,bladder,11.936689170557148,0.946246640362,0.053753359638,0.24197194813818557,24.197194813818555,0.2049048590737743,20.49048590737743,0.047312332018100006,4.73123320181,0.010653559622436843,1.0653559622436843,0.010653559622436843,0.013316949528046055,scenario,cyp_cystitis,478.0062701187404
0.833333333333,bladder,12.196883947700995,0.9474185466,0.0525814534,0.2443252722502856,24.43252722502856,0.20732036307398485,20.732036307398484,0.04737092733000001,4.737092733000001,0.010509704726034443,1.0509704726034443,0.01050970472603444,0.013137130907543051,scenario,cyp_cystitis,531.1179667983882
0.916666666667,bladder,12.486246370197202,0.948551105912,0.051448894088,0.24699174451875178,24.699174451875177,0.21006756760331766,21.006756760331765,0.0474275552956,4.74275552956,0.010399498635799004,1.0399498635799005,0.010399498635799004,0.012999373294748755,scenario,cyp_cystitis,584.2296634786734
1.0,bladder,12.806738294006486,0.949636558,0.050363442,0.24997979809932322,24.99797980993232,0.21315575810455076,21.315575810455076,0.0474818279,4.74818279,0.010321249686688362,1.032124968668836,0.010321249686688362,0.012901562108360453,scenario,cyp_cystitis,637.3413601583208
1.083333333333,bladder,13.160635160454543,0.950674469384,0.049325530616,0.253787783875806,25.378778387580596,0.21710953727011154,21.710953727011155,0.047533723469200005,4.753372346920001,0.010398050659012248,1.0398050659012248,0.010398050659012248,0.01299756332376531,scenario,cyp_cystitis,670.0297182547147
1.166666666667,bladder,13.550267687212457,0.951664840065,0.048335159935,0.2579470459639862,25.79470459639862,0.22143558311656447,22.14355831165645,0.04758324200325,4.758324200325,0.010499291040838372,1.0499291040838372,0.010499291040838373,0.013124113801047967,scenario,cyp_cystitis,702.7180763515012
1.25,bladder,13.977975435917488,0.952607670042,0.047392329958,0.26246739298243404,26.246739298243405,0.22614422050561478,22.61442205056148,0.0476303835021,4.7630383502099995,0.010625334026186027,1.0625334026186029,0.01062533402618603,0.013281667532732536,scenario,cyp_cystitis,735.4064344478948
1.333333333333,bladder,14.446080872967489,0.953501579813,0.046498420187,0.26735553922659655,26.735553922659655,0.231242589722049,23.1242589722049,0.04767507899065,4.767507899065,0.010776498160075648,1.0776498160075647,0.010776498160075648,0.01347062270009456,scenario,cyp_cystitis,768.0947925442894
1.416666666667,bladder,14.956862625539502,0.95434193846,0.04565806154,0.27261417684631545,27.261417684631546,0.23673376834033208,23.673376834033206,0.047717096923,4.7717096923,0.010953041538364065,1.0953041538364066,0.010953041538364065,0.013691301922955082,scenario,cyp_cystitis,800.7831506410755
1.5,bladder,15.512526265224263,0.955128371102,0.044871628898,0.27824374530061846,27.824374530061846,0.24261823867949311,24.26182386794931,0.0477564185551,4.77564185551,0.011155145996261941,1.1155145996261941,0.01115514599626194,0.013943932495327424,scenario,cyp_cystitis,833.4715087374694
1.583333333333,bladder,16.115172667342524,0.955860877737,0.044139122263,0.2842411160802645,28.424111608026447,0.24889270757201526,24.889270757201526,0.047793043886850003,4.779304388685,0.011382901347180046,1.1382901347180046,0.011382901347180046,0.014228626683975058,scenario,cyp_cystitis,866.1598668338637
1.666666666667,bladder,16.766764161833343,0.956539458368,0.043460541632,0.2905992786950743,29.05992786950743,0.255549795554394,25.5549795554394,0.047826972918400004,4.782697291840001,0.0116362898426167,1.16362898426167,0.011636289842616698,0.014545362303270873,scenario,cyp_cystitis,898.8482249306497
1.75,bladder,17.469088762520904,0.957163062277,0.042836937723,0.2973068754776947,29.73068754776947,0.26257760248825757,26.257760248825758,0.04785815311385,4.785815311385,0.011915171049831542,1.191517104983154,0.01191517104983154,0.014893963812289426,scenario,cyp_cystitis,931.5365830270439
1.833333333333,bladder,18.22372282885462,0.957727498115,0.042272501885,0.30434744166964395,30.434744166964396,0.26995901764620417,26.995901764620417,0.047886374905750005,4.788637490575001,0.012219267362842076,1.2219267362842077,0.012219267362842076,0.015274084203552595,scenario,cyp_cystitis,964.2249411234376
1.916666666667,bladder,19.031992580948042,0.958232330548,0.041767669452,0.3117015559986283,31.17015559986283,0.2776736204960298,27.76736204960298,0.0479116165274,4.7911616527400005,0.012548150376824245,1.2548150376824245,0.012548150376824245,0.015685187971030305,scenario,cyp_cystitis,996.9132992202244
2.0,bladder,19.894934954180734,0.958677559574,0.041322440426,0.31934598661904157,31.934598661904158,0.28569695646351745,28.569695646351747,0.0479338779787,4.79338779787,0.012901228366142539,1.2901228366142539,0.01290122836614254,0.016126535457678177,scenario,cyp_cystitis,1029.601657316618
2.083333333333,bladder,20.81325834149058,0.959063185194,0.040936814806,0.3280235241913943,32.80235241913943,0.29481091045441504,29.481091045441506,0.04795315925970001,4.795315925970001,0.013457971086110592,1.3457971086110592,0.013457971086110592,0.01682246385763824,scenario,cyp_cystitis,1034.2991258877507
2.166666666667,bladder,21.78730382779719,0.959388627528,0.040611372472,0.336955402630461,33.6955402630461,0.3041957592148011,30.419575921480106,0.0479694313764,4.7969431376400005,0.014046947582834323,1.4046947582834324,0.014046947582834323,0.017558684478542905,scenario,cyp_cystitis,1038.9965944589414
2.25,bladder,22.81700757075368,0.959650391241,0.040349608759,0.3461056621310049,34.61056621310049,0.31381383428311044,31.381383428311043,0.047982519562050005,4.798251956205,0.014667774565123711,1.4667774565123712,0.014667774565123711,0.01833471820640464,scenario,cyp_cystitis,1043.6940630300744
2.333333333333,bladder,23.901865022655258,0.959846375566,0.040153624434,0.35543570312165845,35.54357031216585,0.32362461509827206,32.362461509827206,0.04799231877830001,4.7992318778300005,0.015319788329355658,1.531978832935566,0.01531978832935566,0.019149735411694575,scenario,cyp_cystitis,1048.3915316012074
2.416666666667,bladder,25.040897717868443,0.959974781126,0.040025218874,0.36490446022745204,36.4904460227452,0.3335849696538443,33.35849696538443,0.047998739056300005,4.79987390563,0.01600202916368665,1.6002029163686649,0.01600202916368665,0.02000253645460831,scenario,cyp_cystitis,1053.0890001723972
2.5,bladder,26.23262336791749,0.960033808543,0.039966191457,0.37446887282554536,37.446887282554535,0.3436496656825214,34.36496656825214,0.04800169042715,4.800169042715,0.016713228466344973,1.6713228466344974,0.016713228466344973,0.020891535582931216,scenario,cyp_cystitis,1057.7864687435306
2.583333333333,bladder,27.47503000998276,0.960021658436,0.039978341564,0.3840844885611937,38.40844885611937,0.3537720059362039,35.37720059362039,0.0480010829218,4.80010829218,0.01745179898264127,1.7451798982641271,0.01745179898264127,0.021814748728301588,scenario,cyp_cystitis,1062.4839373146635
2.666666666667,bladder,28.765554942575232,0.959936531428,0.040063468572,0.3937060770509099,39.37060770509099,0.3639044741889578,36.39044741889578,0.0479968265714,4.79968265714,0.018215828532314664,1.8215828532314664,0.018215828532314668,0.022769785665393335,scenario,cyp_cystitis,1067.1814058858538
2.75,bladder,30.101069154732745,0.959776628141,0.040223371859,0.4032882345240675,40.328823452406745,0.37399937170212366,37.39993717021237,0.04798883140705,4.798883140705,0.019003077555753006,1.9003077555753007,0.019003077555753006,0.023753846944691258,scenario,cyp_cystitis,1071.8788744569868
2.833333333333,bladder,31.477867910531376,0.959540149194,0.040459850806,0.41278596159135433,41.27859615913543,0.38400942540174143,38.40094254017414,0.0479770074597,4.79770074597,0.01981098075445474,1.9810980754454741,0.01981098075445474,0.024763725943068426,scenario,cyp_cystitis,1076.5763430281204
2.916666666667,bladder,32.89166808858644,0.959225295211,0.040774704789,0.42215519856242106,42.2155198562421,0.3938883513703906,39.38883513703906,0.04796126476055,4.796126476055,0.020636653038698417,2.0636653038698416,0.020636653038698417,0.02579581629837302,scenario,cyp_cystitis,1081.27381159931
3.0,bladder,34.33761279799859,0.958832519426,0.041167480574,0.43135431896631315,43.13543189663132,0.40359230841580335,40.359230841580334,0.0479416259713,4.79416259713,0.02147689992580623,2.147689992580623,0.02147689992580623,0.02684612490725779,scenario,cyp_cystitis,1085.9712801704432
3.083333333333,bladder,35.810283697268886,0.958372000623,0.041627999377,0.44034808675820164,44.034808675820166,0.4130836702390017,41.308367023900175,0.047918600031150005,4.7918600031150005,0.02232823245647607,2.232823245647607,0.022328232456476065,0.027910290570595082,scenario,cyp_cystitis,1090.6687487415768
3.166666666667,bladder,37.30372133199148,0.957847331243,0.042152668757,0.4491008047120309,44.91008047120309,0.42232467173671673,42.23246717367167,0.047892366562150006,4.789236656215,0.023186886616149673,2.318688661614967,0.023186886616149673,0.028983608270187092,scenario,cyp_cystitis,1095.3662173127655
3.25,bladder,38.81145368359,0.957260982938,0.042739017062,0.45757886661428493,45.75788666142849,0.4312798078604052,43.127980786040524,0.047863049146900004,4.7863049146900005,0.024048847166090886,2.4048847166090885,0.024048847166090882,0.0300610589576136,scenario,cyp_cystitis,1100.0636858838989
3.333333333333,bladder,40.326532985625605,0.956615427359,0.043384572641,0.4657514312201708,46.57514312201708,0.4399164840549693,43.99164840549693,0.04783077136795,4.783077136795,0.02490987570604993,2.4909875706049927,0.02490987570604993,0.03113734463256241,scenario,cyp_cystitis,1104.761154455032
3.416666666667,bladder,41.84158071859321,0.955913136159,0.044086863841,0.47359053043666227,47.35905304366623,0.44820513013548663,44.82051301354866,0.047795656807950004,4.779565680795001,0.02576554270914679,2.576554270914679,0.02576554270914679,0.032206928386433485,scenario,cyp_cystitis,1109.4586230262223
3.5,bladder,43.34884054292372,0.955157156511,0.044842843489,0.48107140027672435,48.107140027672436,0.45611951836965725,45.61195183696572,0.047757857825550004,4.775785782555,0.026611263192808772,2.661126319280877,0.026611263192808772,0.03326407899101096,scenario,cyp_cystitis,1114.1560915973557
3.583333333333,bladder,44.840238774795814,0.954353524087,0.045646475913,0.4881737188165237,48.81737188165237,0.4636379395917618,46.36379395917618,0.04771767620435,4.771767620435,0.02744233561830187,2.744233561830187,0.02744233561830187,0.03430291952287734,scenario,cyp_cystitis,1118.8535601684887
3.666666666667,bladder,46.30745185369036,0.953506393866,0.046493606134,0.4948791177803154,49.48791177803154,0.47074084009159517,47.07408400915952,0.0476753196933,4.76753196933,0.028253983547301017,2.8253983547301016,0.028253983547301013,0.03531747943412627,scenario,cyp_cystitis,1123.5510287396783
3.75,bladder,47.741980099450366,0.952619516766,0.047380483234,0.501171764181363,50.1171764181363,0.47741135615059266,47.741135615059264,0.047630975838300005,4.7630975838300005,0.029041399529321662,2.9041399529321663,0.029041399529321662,0.036301749411652075,scenario,cyp_cystitis,1128.2484973108117
3.833333333333,bladder,49.13522691208793,0.951696643704,0.048303356296,0.5070384056783445,50.70384056783445,0.48363534051909945,48.363534051909944,0.0475848321852,4.75848321852,0.029799790648959552,2.9799790648959554,0.029799790648959556,0.037249738311199446,scenario,cyp_cystitis,1132.9459658819449
3.916666666667,bladder,50.47858243339961,0.950741525598,0.049258474402,0.5124681895638473,51.24681895638473,0.4894011718778393,48.94011718778393,0.047537076279900004,4.75370762799,0.030524425127606707,3.052442512760671,0.030524425127606707,0.038155531409508385,scenario,cyp_cystitis,1137.643434453135
4.0,bladder,51.7635105705636,0.949757197558,0.050242802442,0.5174520736960174,51.745207369601744,0.49469917244012357,49.46991724401236,0.0474878598779,4.748785987790001,0.031210679351872446,3.1210679351872446,0.031210679351872442,0.039013349189840556,scenario,cyp_cystitis,1142.340903024268
4.083333333333,bladder,52.98163818012238,0.948742201855,0.051257798145,0.5224672850140936,52.24672850140936,0.5000317630750986,50.003176307509854,0.04743711009275001,4.743711009275001,0.03207781087966427,3.207781087966427,0.03207781087966427,0.04009726359958034,scenario,cyp_cystitis,1131.5711932614417
4.166666666667,bladder,54.12484512923419,0.947697693146,0.052302306854,0.5270187406275093,52.70187406275093,0.5048777431265362,50.48777431265362,0.04738488465730001,4.738488465730001,0.03290812361420712,3.290812361420712,0.03290812361420711,0.04113515451775889,scenario,cyp_cystitis,1120.8014834984865
4.25,bladder,55.1853538936598,0.946625532679,0.053374467321,0.5311017898319951,53.11017898319951,0.509232119155837,50.9232119155837,0.04733127663395,4.733127663395,0.03369667485913988,3.369667485913988,0.03369667485913987,0.04212084357392484,scenario,cyp_cystitis,1110.0317737356606
4.333333333333,bladder,56.155817319328094,0.945527581704,0.054472418296,0.5347132563283515,53.47132563283515,0.5130914497296332,51.30914497296332,0.0472763790852,4.72763790852,0.0344386948739845,3.4438694873984503,0.034438694873984495,0.04304836859248062,scenario,cyp_cystitis,1099.262063972835
4.416666666667,bladder,57.0294031682204,0.944405701472,0.055594298528,0.5378512381611044,53.785123816110435,0.516453634828952,51.6453634828952,0.0472202850736,4.72202850736,0.03512963529129637,3.512963529129637,0.03512963529129637,0.04391204411412046,scenario,cyp_cystitis,1088.4923542098795
4.5,bladder,57.799874091655,0.943262989557,0.056737010443,0.5405156285956949,54.05156285956949,0.5193183990714157,51.93183990714157,0.047163149477850004,4.716314947785,0.03576521583598649,3.576521583598649,0.03576521583598649,0.044706519794983114,scenario,cyp_cystitis,1077.7226444470537
4.583333333333,bladder,58.46166172381478,0.942111997256,0.057888002744,0.5427126962473021,54.27126962473021,0.5216916804047391,52.16916804047391,0.0471055998628,4.710559986280001,0.03634146872423034,3.6341468724230337,0.036341468724230344,0.04542683590528793,scenario,cyp_cystitis,1066.9529346842276
4.666666666667,bladder,59.00993366533973,0.940960240361,0.059039759639,0.5444466609547335,54.44466609547335,0.5235775251965089,52.35775251965089,0.047048012018050006,4.704801201805001,0.03685478015405579,3.6854780154055793,0.03685478015405579,0.04606847519256974,scenario,cyp_cystitis,1056.1832249212725
4.75,bladder,59.44065223056165,0.939813516306,0.060186483694,0.545721379965995,54.5721379965995,0.524979688579679,52.497968857967905,0.046990675815300004,4.6990675815300005,0.037301928342819875,3.7301928342819877,0.03730192834281988,0.04662741042852485,scenario,cyp_cystitis,1045.4135151584462
4.833333333333,bladder,59.750623959633124,0.938677622524,0.061322377476,0.5465411910997262,54.65411910997262,0.5259024315510803,52.59024315510803,0.046933881126200006,4.693388112620001,0.037680117616457294,3.7680117616457296,0.037680117616457294,0.047100147020571616,scenario,cyp_cystitis,1034.643805395621
4.916666666667,bladder,59.937539046229546,0.937558356446,0.062441643554,0.5469107979441733,54.69107979441733,0.5263504001282877,52.63504001282877,0.046877917822300004,4.687791782230001,0.037987008110680835,3.7987008110680835,0.03798700811068083,0.04748376013835104,scenario,cyp_cystitis,1023.8740956326654
5.0,bladder,60.0,0.936461580604,0.063538419396,0.5468352141680594,54.68352141680594,0.5263285633030099,52.632856330300996,0.0468230790302,4.68230790302,0.03822074070460374,3.822074070460374,0.03822074070460374,0.047775925880754674,scenario,cyp_cystitis,1013.1043858698398
5.083333333333,bladder,59.937539046229546,0.935393770845,0.064606229155,0.5463200113426263,54.63200113426263,0.5258424450530277,52.58424450530277,0.04676968854225,4.676968854225,0.03837995687097451,3.8379956870974508,0.03837995687097451,0.047974946088718134,scenario,cyp_cystitis,1002.3346761070136
5.166666666667,bladder,59.750623959633124,0.934361107447,0.065638892553,0.5453707359365259,54.537073593652586,0.5248975584886062,52.48975584886062,0.04671805537235,4.671805537235,0.038463813193707286,3.8463813193707286,0.038463813193707286,0.04807976649213411,scenario,cyp_cystitis,991.564966344058
5.25,bladder,59.44065223056165,0.933369642454,0.066630357546,0.5439929750418142,54.39929750418142,0.5234994662306466,52.34994662306466,0.0466684821227,4.66684821227,0.03847199037210987,3.847199037210987,0.03847199037210987,0.04808998796513733,scenario,cyp_cystitis,980.7952565812323
5.333333333333,bladder,59.00993366533973,0.932425427908,0.067574572092,0.5421924212995821,54.21924212995821,0.5216538420044022,52.16538420044022,0.0466212713954,4.66212713954,0.03840469660109255,3.8404696601092554,0.038404696601092546,0.048005870751365684,scenario,cyp_cystitis,970.0255468184065
5.416666666667,bladder,58.46166172381478,0.931534515849,0.068465484151,0.5399748839224562,53.99748839224562,0.5193664822421118,51.93664822421118,0.04657672579245001,4.657672579245001,0.03826266528733663,3.8262665287336626,0.038262665287336635,0.04782833160917079,scenario,cyp_cystitis,959.255837055451
5.5,bladder,57.799874091655,0.930702574855,0.069297425145,0.5373460989153491,53.734609891534916,0.5166431264974728,51.66431264974728,0.04653512874275,4.653512874275,0.03804714713236611,3.804714713236611,0.03804714713236611,0.04755893391545764,scenario,cyp_cystitis,948.4861272926255
5.583333333333,bladder,57.0294031682204,0.929930752471,0.070069247529,0.5343094088956469,53.430940889564695,0.5134872329179968,51.34872329179968,0.04649653762355,4.649653762355,0.03775989668401744,3.775989668401744,0.03775989668401744,0.0471998708550218,scenario,cyp_cystitis,937.7164175297993
5.666666666667,bladder,56.155817319328094,0.929222132361,0.070777867639,0.5308695991496601,53.086959914966016,0.5099036763490633,50.99036763490633,0.04646110661805,4.646110661805,0.0374031535276569,3.74031535276569,0.0374031535276569,0.04675394190957112,scenario,cyp_cystitis,926.946707766844
5.75,bladder,55.1853538936598,0.928580882096,0.071419117904,0.5270324913706299,52.70324913706299,0.5058983655429788,50.58983655429788,0.046429044104800005,4.642904410480001,0.036979618356858195,3.6979618356858195,0.03697961835685819,0.04622452294607274,scenario,cyp_cystitis,916.176998004018
5.833333333333,bladder,54.12484512923419,0.928011169247,0.071988830753,0.522804432289481,52.2804432289481,0.5014777619232959,50.14777619232959,0.04640055846235,4.640055846235,0.036492424229542554,3.6492424229542553,0.03649242422954255,0.045615530286928184,scenario,cyp_cystitis,905.4072882411922
5.916666666667,bladder,52.98163818012238,0.927517161385,0.072482838615,0.5181924270003705,51.81924270003705,0.4966490199274952,49.66490199274952,0.04637585806925,4.637585806925,0.035945103379302096,3.5945103379302097,0.035945103379302096,0.04493137922412762,scenario,cyp_cystitis,894.6375784782368
6.0,bladder,51.7635105705636,0.927102615077,0.072897384923,0.5132040593889178,51.32040593889178,0.49141992487901864,49.14199248790187,0.046355130753850005,4.635513075385001,0.035341550011510584,3.5341550011510585,0.035341550011510584,0.044176937514388226,scenario,cyp_cystitis,883.8678687154111
6.083333333333,bladder,50.47858243339961,0.926765092635,0.073234907365,0.5078444947988878,50.784449479888785,0.48579604228119777,48.57960422811978,0.04633825463175,4.633825463175,0.03468597956922123,3.4685979569221232,0.03468597956922123,0.04335747446152654,scenario,cyp_cystitis,873.0981589525852
6.166666666667,bladder,49.13522691208793,0.926504451507,0.073495548493,0.5021214389698696,50.21214389698696,0.47978549094159956,47.97854909415996,0.04632522257535,4.632522257535,0.0339828850039463,3.3982885003946297,0.0339828850039463,0.042478606254932876,scenario,cyp_cystitis,862.3284491896301
6.25,bladder,47.741980099450366,0.926322248674,0.073677751326,0.496044949085216,49.6044949085216,0.47339877542264847,47.339877542264844,0.046316112433700006,4.631611243370001,0.033236990629519514,3.3236990629519516,0.033236990629519514,0.04154623828689939,scenario,cyp_cystitis,851.5587394268038
6.333333333333,bladder,46.30745185369036,0.926220041116,0.073779958884,0.4896266713736467,48.96266713736467,0.4666480729661544,46.66480729661544,0.0463110020558,4.63110020558,0.03245320417273611,3.2453204172736108,0.032453204172736116,0.040566505215920146,scenario,cyp_cystitis,840.789029663978
6.416666666667,bladder,44.840238774795814,0.926199385814,0.073800614186,0.48288002381039563,48.28800238103956,0.45954742581020597,45.9547425810206,0.0463099692907,4.63099692907,0.031636567661438963,3.1636567661438963,0.03163656766143897,0.03954570957679871,scenario,cyp_cystitis,830.0193199010224
6.5,bladder,43.34884054292372,0.926261632866,0.073738367134,0.47582026213076134,47.582026213076134,0.4521128215657488,45.211282156574875,0.0463130816433,4.63130816433,0.03079220780742563,3.079220780742563,0.030792207807425635,0.038490259759282046,scenario,cyp_cystitis,819.2496101381964
6.583333333333,bladder,41.84158071859321,0.926403869474,0.073596130526,0.46846259226046005,46.84625922604601,0.44436041977553686,44.436041977553685,0.046320193473700005,4.632019347370001,0.029925286547781465,2.9925286547781464,0.029925286547781465,0.03740660818472683,scenario,cyp_cystitis,808.4799003753704
6.666666666667,bladder,40.326532985625605,0.926623765441,0.073376234559,0.46082488977348807,46.08248897734881,0.43630915947519794,43.630915947519796,0.04633118827205,4.633118827205,0.02904095240346063,2.904095240346063,0.029040952403460624,0.03630119050432578,scenario,cyp_cystitis,797.7101906124153
6.75,bladder,38.81145368359,0.926919554425,0.073080445575,0.4529277781966636,45.292777819666355,0.4279808426056985,42.79808426056985,0.04634597772125,4.634597772125,0.028144293296892185,2.8144293296892187,0.028144293296892185,0.03518036662111523,scenario,cyp_cystitis,786.9404808495893
6.833333333333,bladder,37.30372133199148,0.927288766684,0.072711233316,0.4447940645004368,44.479406450043676,0.41939960649077557,41.939960649077555,0.0463644383342,4.63644383342,0.027240291441753838,2.724029144175384,0.02724029144175384,0.0340503643021923,scenario,cyp_cystitis,776.1707710867638
6.916666666667,bladder,35.810283697268886,0.927728229081,0.072271770919,0.4364487886340548,43.64487886340548,0.4105919759789525,41.05919759789525,0.04638641145405001,4.638641145405001,0.026333780878138716,2.6333780878138717,0.026333780878138716,0.03291722609767339,scenario,cyp_cystitis,765.4010613238084
7.0,bladder,34.33761279799859,0.928234065075,0.071765934925,0.4279192183722342,42.79192183722342,0.40158685801945704,40.1586858019457,0.04641170325375,4.641170325375,0.025429408174837867,2.5429408174837866,0.025429408174837867,0.03178676021854733,scenario,cyp_cystitis,754.6313515609825
7.083333333333,bladder,32.89166808858644,0.928801694728,0.071198305272,0.4192347824465393,41.92347824465393,0.39241547127383086,39.241547127383086,0.0464400847364,4.6440084736400005,0.02453159675918371,2.4531596759183714,0.02453159675918371,0.030664495948979638,scenario,cyp_cystitis,743.8616417981563
7.166666666667,bladder,31.477867910531376,0.929427093403,0.070572906597,0.41042749225465386,41.042749225465386,0.38311172377316194,38.3111723773162,0.046471354670150004,4.6471354670150005,0.023644515265165384,2.3644515265165382,0.023644515265165384,0.02955564408145673,scenario,cyp_cystitis,733.091932035201
7.25,bladder,30.101069154732745,0.930110047388,0.069889952612,0.4015330802416957,40.15330802416957,0.3737132398655745,37.37132398655745,0.0465055023694,4.65055023694,0.02277205021304688,2.277205021304688,0.022772050213046877,0.028465062766308596,scenario,cyp_cystitis,722.3222222723756
7.333333333333,bladder,28.765554942575232,0.930846902435,0.069153097565,0.39258743954958275,39.25874395495828,0.36425799413456084,36.42579941345608,0.046542345121750005,4.654234512175001,0.021917783251253393,2.1917783251253393,0.021917783251253396,0.027397229064066747,scenario,cyp_cystitis,711.5525125095492
7.416666666667,bladder,27.47503000998276,0.931633215877,0.068366784123,0.3836275055733069,38.362750557330685,0.35478509976784933,35.478509976784935,0.046581660793850004,4.658166079385,0.021084973105878205,2.1084973105878206,0.021084973105878205,0.026356216382347756,scenario,cyp_cystitis,700.7828027465945
7.5,bladder,26.23262336791749,0.932464143535,0.067535856465,0.3746910085167927,37.46910085167927,0.34533452772636075,34.533452772636075,0.04662320717675,4.662320717675001,0.020276542296118655,2.0276542296118656,0.020276542296118652,0.025345677870148315,scenario,cyp_cystitis,690.013092983768
7.583333333333,bladder,25.040897717868443,0.93333443972,0.06666556028,0.3658159977835178,36.58159977835178,0.3359466061026503,33.59466061026503,0.046666721986,4.6666721986,0.019495068588370135,1.9495068588370135,0.019495068588370138,0.024368835735462672,scenario,cyp_cystitis,679.2433832209422
7.666666666667,bladder,23.901865022655258,0.934238457231,0.065761542769,0.35704032474649045,35.70403247464905,0.32666147566835835,32.66614756683583,0.04671192286155,4.671192286155,0.018742781079691885,1.8742781079691886,0.018742781079691885,0.023428476349614855,scenario,cyp_cystitis,668.4736734579873
7.75,bladder,22.81700757075368,0.935170147357,0.064829852643,0.34840109849090517,34.84010984909052,0.317518516971637,31.7518516971637,0.046758507367850005,4.675850736785001,0.018021560724131504,1.8021560724131505,0.018021560724131507,0.022526950905164385,scenario,cyp_cystitis,657.703963695161
7.833333333333,bladder,21.78730382779719,0.936127128506,0.063872871494,0.3399356086456529,33.99356086456529,0.30855710760037147,30.855710760037148,0.046806356425300004,4.68063564253,0.01733294504561125,1.733294504561125,0.017332945045611246,0.02166618130701406,scenario,cyp_cystitis,646.934253932335
7.916666666667,bladder,20.81325834149058,0.937109018393,0.062890981607,0.3316800011448102,33.168000114481025,0.2998153160264845,29.98153160264845,0.04685545091965,4.685545091965,0.01667813672018228,1.6678136720182282,0.01667813672018228,0.020847670900227853,scenario,cyp_cystitis,636.1645441693797
8.0,bladder,19.894934954180734,0.938112055442,0.061887944558,0.32366680541234194,32.366680541234196,0.2913275817265705,29.13275817265705,0.04690560277210001,4.69056027721,0.016058015658945997,1.6058015658945997,0.016058015658945997,0.020072519573682494,scenario,cyp_cystitis,625.394834406554
8.083333333333,bladder,19.031992580948042,0.939132457726,0.060867542274,0.3157997504629522,31.57997504629522,0.28299276587016026,28.299276587016024,0.0469566228863,4.69566228863,0.0154313992952709,1.54313992952709,0.0154313992952709,0.019289249119088626,scenario,cyp_cystitis,619.0627041657272
8.166666666667,bladder,18.22372282885462,0.940166424184,0.059833575816,0.3082349810203946,30.82349810203946,0.27497543138020486,27.497543138020486,0.0470083212092,4.70083212092,0.014842925213561944,1.4842925213561944,0.014842925213561942,0.018553656516952427,scenario,cyp_cystitis,612.7305739248243
8.25,bladder,17.469088762520904,0.941210134622,0.058789865378,0.30099541303156,30.099541303156002,0.2672999013689053,26.72999013689053,0.0470605067311,4.70605067311,0.014292356409646784,1.4292356409646785,0.014292356409646786,0.017865445512058483,scenario,cyp_cystitis,606.3984436839977
8.333333333333,bladder,16.766764161833343,0.942259749711,0.057740250289,0.2941000645342598,29.41000645342598,0.25998639689337877,25.998639689337878,0.047112987485550005,4.711298748555,0.013779205140830614,1.3779205140830615,0.01377920514083061,0.017224006426038264,scenario,cyp_cystitis,600.0663134431707
8.416666666667,bladder,16.115172667342524,0.943311521801,0.056688478199,0.2875639307156223,28.75639307156223,0.2530508996058656,25.305089960586557,0.04716557609005,4.716557609005,0.013302759080240216,1.3302759080240216,0.013302759080240213,0.016628448850300265,scenario,cyp_cystitis,593.7341832022681
8.5,bladder,15.512526265224263,0.944363228546,0.055636771454,0.28139834537127045,28.139834537127044,0.24650545678312683,24.65054567831268,0.0472181614273,4.72181614273,0.012862107994684594,1.2862107994684595,0.012862107994684593,0.016077634993355742,scenario,cyp_cystitis,587.4020529614412
8.583333333333,bladder,14.9568626255395,0.945412174502,0.054587825498,0.2756103814853693,27.56103814853693,0.2403576555371256,24.035765553712558,0.0472706087251,4.72706087251,0.012456170497633458,1.2456170497633459,0.012456170497633458,0.015570213122041822,scenario,cyp_cystitis,581.0699227206148
8.666666666667,bladder,14.446080872967363,0.946455361006,0.053544638994,0.27020304123338684,27.020304123338683,0.23461081387693353,23.46108138769335,0.0473227680503,4.732276805030001,0.012083720466996347,1.2083720466996346,0.012083720466996349,0.015104650583745436,scenario,cyp_cystitis,574.7377924797116
8.75,bladder,13.977975435911386,0.947489866992,0.052510133008,0.2651755754617459,26.51755754617459,0.2292642969601536,22.92642969601536,0.047374493349600005,4.737449334960001,0.011743412760608307,1.1743412760608307,0.011743412760608309,0.014679265950760386,scenario,cyp_cystitis,568.4056622388852
8.833333333333,bladder,13.550267686983485,0.94851284899,0.05148715101,0.2605237520105791,26.05237520105791,0.22431379953797798,22.431379953797798,0.047425642449500004,4.7425642449500005,0.011433807909578651,1.143380790957865,0.011433807909578651,0.014292259886973314,scenario,cyp_cystitis,562.0735319980586
8.916666666667,bladder,13.160635153762957,0.949521541129,0.050478458871,0.25624017824624057,25.624017824624058,0.21975168546293747,21.975168546293748,0.04747607705645,4.747607705645001,0.011153395519255097,1.1153395519255098,0.011153395519255097,0.01394174439906887,scenario,cyp_cystitis,555.7414017571555
9.0,bladder,12.806738141706688,0.950513255136,0.049486744864,0.2523146634913251,25.231466349132507,0.21556736919423694,21.556736919423695,0.04752566275680001,4.7525662756800005,0.010900616157705071,1.0900616157705072,0.010900616157705071,0.01362577019713134,scenario,cyp_cystitis,549.4092715163287
9.083333333333,bladder,12.486243670618698,0.951485904127,0.048514095873,0.2487347439456872,24.87347439456872,0.21174784077824968,21.174784077824967,0.04757429520635,4.757429520635,0.01067388156137686,1.067388156137686,0.010673881561376856,0.01334235195172107,scenario,cyp_cystitis,543.0771412755022
9.166666666667,bladder,12.196846681169273,0.952438936765,0.047561063235,0.24548631372522922,24.548631372522923,0.20827828093366235,20.827828093366236,0.04762194683825,4.762194683825,0.010471593035706666,1.0471593035706666,0.010471593035706668,0.013089491294633335,scenario,cyp_cystitis,536.7450110345995
9.25,bladder,11.936288517583218,0.953370906966,0.046629093034,0.24255338340137458,24.25533834013746,0.2051419347927101,20.514193479271007,0.04766854534830001,4.766854534830001,0.010292157973660749,1.029215797366075,0.010292157973660749,0.012865197467075935,scenario,cyp_cystitis,530.4128807937726
9.333333333333,bladder,11.702372736730853,0.954280456204,0.045719543796,0.23991873579645867,23.991873579645866,0.20232075051185122,20.232075051185124,0.047714022810200006,4.77140228102,0.01013400445705261,1.013400445705261,0.01013400445705261,0.012667505571315761,scenario,cyp_cystitis,524.080750552946
9.416666666667,bladder,11.492978332054987,0.95516640719,0.04483359281,0.2375643192213979,23.75643192213979,0.199795788275682,19.9795788275682,0.047758320359500006,4.775832035950001,0.009995593943270759,0.9995593943270759,0.009995593943270759,0.012494492429088448,scenario,cyp_cystitis,517.7486203120429
9.5,bladder,11.306070492695913,0.956027763874,0.043972236126,0.23547158849262367,23.547158849262367,0.19754757926202493,19.754757926202494,0.0478013881937,4.78013881937,0.009875432073218334,0.9875432073218334,0.009875432073218334,0.012344290091522919,scenario,cyp_cystitis,511.41649007121623
9.583333333333,bladder,11.139709044181245,0.956863711444,0.043136288556,0.23362181347856625,23.362181347856627,0.19555645042775396,19.555645042775396,0.0478431855722,4.78431855722,0.00977207766478637,0.977207766478637,0.00977207766478637,0.012215097080982963,scenario,cyp_cystitis,505.08435983038964
9.666666666667,bladder,10.99205473721796,0.957673616355,0.042326383645,0.2319963519214966,23.19963519214966,0.19380281168815433,19.380281168815433,0.047883680817750005,4.788368081775,0.009684149979913117,0.9684149979913117,0.009684149979913117,0.012105187474891397,scenario,cyp_cystitis,498.7522295894868
9.75,bladder,10.861373565581756,0.958457045427,0.041542954573,0.23057688951774166,23.057688951774168,0.1922674076277807,19.226740762778068,0.04792285227135001,4.792285227135,0.009610334372178512,0.9610334372178512,0.00961033437217851,0.012012917965223137,scenario,cyp_cystitis,492.4200993486602
9.833333333333,bladder,10.746039303453825,0.959213751807,0.040786248193,0.22934563441477965,22.934563441477966,0.19093152297308386,19.093152297308386,0.04796068759035,4.796068759035,0.009549386436278012,0.9549386436278012,0.009549386436278012,0.011936733045347515,scenario,cyp_cystitis,486.0879691078335
9.916666666667,bladder,10.644534457199693,0.959943658103,0.040056341897,0.22828547472250754,22.828547472250754,0.189777149281429,18.9777149281429,0.04799718290515,4.799718290515,0.009500134790834905,0.9500134790834904,0.009500134790834907,0.011875168488543633,scenario,cyp_cystitis,479.7558388669303
10.0,bladder,10.555449826912115,0.960646869355,0.039353130645,0.22738010866672087,22.738010866672088,0.1887871212620746,18.878712126207457,0.048032343467750004,4.8032343467750005,0.009461482632129665,0.9461482632129665,0.009461482632129667,0.011826853290162084,scenario,cyp_cystitis,473.42370862610363
10.083333333333,bladder,10.477482869751306,0.961323673033,0.038676326967,0.22661413964560492,22.66141396456049,0.18794521683574203,18.794521683574203,0.04806618365165,4.806618365165001,0.009432408198947721,0.943240819894772,0.009432408198947721,0.011790510248684652,scenario,cyp_cystitis,467.0915783852769
10.166666666667,bladder,10.40943505071845,0.961974539036,0.038025460964,0.2259731424171975,22.597314241719747,0.18723622680568155,18.723622680568155,0.04809872695180001,4.809872695180001,0.0094119642882647,0.94119642882647,0.009411964288264702,0.011764955360330877,scenario,cyp_cystitis,460.75944814437435
10.25,bladder,10.350208357468121,0.962600119694,0.037399880306,0.2254437037331246,22.54437037331246,0.18664599762992065,18.664599762992065,0.0481300059847,4.8130005984699995,0.00939927695831862,0.9399276958318621,0.009399276958318619,0.011749096197898273,scenario,cyp_cystitis,454.4273179035476
10.333333333333,bladder,10.298801144750488,0.963201249768,0.036798750232,0.2250134408241653,22.50134408241653,0.18616145087975297,18.616145087975298,0.048160062488400004,4.816006248840001,0.009393543550267329,0.9393543550267329,0.009393543550267329,0.011741929437834161,scenario,cyp_cystitis,448.0951876627208
10.416666666667,bladder,10.25430346155047,0.96377892654,0.03622107346,0.22467099646463504,22.467099646463502,0.18577057909224742,18.57705790922474,0.048188946327,4.8188946327,0.00939403015250359,0.9394030152503591,0.009394030152503589,0.011742537690629487,scenario,cyp_cystitis,441.76305742181796
10.5,bladder,10.215892000381654,0.964332624788,0.035667375212,0.22440563105237846,22.440563105237846,0.1854621050662931,18.54621050662931,0.0482166312394,4.8216631239400005,0.009400068623206604,0.9400068623206603,0.009400068623206604,0.011750085779008254,scenario,cyp_cystitis,435.4309271809912
10.583333333333,bladder,10.182824794002768,0.964861966961,0.035138033039,0.2242075851539171,22.420758515391707,0.18522577558512326,18.522577558512328,0.048243098348050004,4.824309834805001,0.00941105327725941,0.941105327725941,0.00941105327725941,0.011763816596574264,scenario,cyp_cystitis,429.0987969401643
10.666666666667,bladder,10.154435770411734,0.965367525945,0.034632474055,0.2240682265675659,22.40682265675659,0.18505247396875357,18.505247396875358,0.048268376297250004,4.826837629725,0.009426437333583493,0.9426437333583494,0.009426437333583495,0.01178304666697937,scenario,cyp_cystitis,422.7666666992618
10.75,bladder,10.13012926263627,0.965849963005,0.034150036995,0.22397980326288683,22.397980326288682,0.184934005381723,18.4934005381723,0.04829249815025,4.829249815025,0.009445729208555114,0.9445729208555114,0.009445729208555114,0.011807161510693893,scenario,cyp_cystitis,416.43453645843493
10.833333333333,bladder,10.109374555909222,0.966310027778,0.033689972222,0.22393539259257966,22.393539259257967,0.1848630433722944,18.486304337229438,0.048315501388900006,4.831550138890001,0.009468488730745789,0.9468488730745789,0.009468488730745787,0.011835610913432234,scenario,cyp_cystitis,410.10240621760806
10.916666666667,bladder,10.091700541503593,0.966748558279,0.033251441721,0.22392884726817192,22.39288472681719,0.18483307300444415,18.483307300444416,0.04833742791395,4.833742791395,0.009494323341984343,0.9494323341984343,0.009494323341984344,0.01186790417748043,scenario,cyp_cystitis,403.7702759767056
11.0,bladder,10.076690533966223,0.967166480895,0.032833519105,0.2239547396769176,22.39547396769176,0.18483833224438695,18.483833224438694,0.04835832404475,4.835832404475,0.009522884339878244,0.9522884339878244,0.009522884339878244,0.011903605424847806,scenario,cyp_cystitis,397.4381457358785
11.083333333333,bladder,10.063977296895043,0.967564810392,0.032435189608,0.22400830585828918,22.400830585828917,0.18487375298809386,18.487375298809386,0.048378240519600005,4.83782405196,0.009553863207594502,0.9553863207594502,0.0095538632075945,0.011942329009493125,scenario,cyp_cystitis,391.1060154950519
11.166666666667,bladder,10.053238311833356,0.967944607317,0.032055392683,0.22408538033807682,22.40853803380768,0.18493489470760718,18.493489470760718,0.04839723036585,4.839723036585,0.009586988067986557,0.9586988067986557,0.009586988067986559,0.011983735084983198,scenario,cyp_cystitis,384.7738852541492
11.25,bladder,10.044191315346753,0.968305594165,0.031694405835,0.2241820219982638,22.41820219982638,0.18501762346317244,18.501762346317243,0.04841527970825,4.841527970825,0.0096220202911714,0.9622020291171399,0.0096220202911714,0.01202752536396425,scenario,cyp_cystitis,378.44175501332245
11.333333333333,bladder,10.036590120944052,0.96864780491,0.03135219509,0.22429484423986454,22.429484423986455,0.1851183726256469,18.51183726256469,0.0484323902455,4.84323902455,0.009658751277438024,0.9658751277438025,0.009658751277438022,0.012073439096797528,scenario,cyp_cystitis,372.10962477249564
11.416666666667,bladder,10.030220735187955,0.96897183865,0.03102816135,0.22442102466226688,22.442102466226686,0.1852341397155441,18.523413971554408,0.04844859193250001,4.8448591932500005,0.009696999430919695,0.9696999430919695,0.009696999430919695,0.012121249288649619,scenario,cyp_cystitis,365.77749453159294
11.5,bladder,10.024897771075164,0.969278310474,0.030721689526,0.224558131992393,22.455813199239298,0.18536233312494,18.536233312493998,0.0484639155237,4.84639155237,0.009736607333825547,0.9736607333825547,0.009736607333825545,0.012170759167281931,scenario,cyp_cystitis,359.4453642907662
11.583333333333,bladder,10.020461156511425,0.969567851454,0.030432148546,0.22470408335254233,22.470408335254234,0.18550072713667615,18.550072713667614,0.04847839257270001,4.84783925727,0.009777439126154152,0.9777439126154152,0.009777439126154152,0.01222179890769269,scenario,cyp_cystitis,353.1132340499392
11.666666666667,bladder,10.016773131395112,0.96984110865,0.03015889135,0.2248571048337072,22.48571048337072,0.18564742042232338,18.56474204223234,0.0484920554325,4.84920554325,0.009819378091666341,0.9819378091666341,0.009819378091666341,0.012274222614582928,scenario,cyp_cystitis,346.7811038090365
11.75,bladder,10.01371552337467,0.970098745109,0.029901254891,0.22501569538212232,22.501569538212234,0.18580079802807614,18.580079802807614,0.04850493725545,4.850493725545,0.009862324447472575,0.9862324447472575,0.009862324447472575,0.01232790555934072,scenario,cyp_cystitis,340.44897356820974
11.833333333333,bladder,10.01118728968604,0.970341439864,0.029658560136,0.225178593946128,22.5178593946128,0.18595949679255577,18.59594967925558,0.0485170719932,4.851707199320001,0.009906193331804663,0.9906193331804662,0.00990619333180466,0.012382741664755826,scenario,cyp_cystitis,334.116843327383
11.916666666667,bladder,10.009102310518342,0.970569901357,0.029430098643,0.2253447528944009,22.53447528944009,0.18612237665952724,18.612237665952726,0.04852849506785001,4.852849506785001,0.009950912982331448,0.9950912982331448,0.009950912982331446,0.012438641227914307,scenario,cyp_cystitis,327.7847130864804
12.0,bladder,10.007387418011602,0.970785094349,0.029214905651,0.22551336404770342,22.551336404770343,0.18628853613710888,18.628853613710888,0.04853925471745,4.853925471745,0.009996423095725515,0.9996423095725515,0.009996423095725513,0.012495528869656892,scenario,cyp_cystitis,321.4525828456535
12.083333333333,bladder,10.005980644179056,0.970987929277,0.029012070723,0.2255784837910241,22.55784837910241,0.18634640771281485,18.634640771281486,0.04854939646385,4.8549396463850005,0.01000765740248063,1.000765740248063,0.01000765740248063,0.012509571753100787,scenario,cyp_cystitis,319.76862909807
12.166666666667,bladder,10.004829670686105,0.971179273056,0.028820726944,0.22564460861991376,22.564460861991375,0.18640594207064604,18.640594207064602,0.048558963652800005,4.8558963652800005,0.01001917375922806,1.001917375922806,0.010019173759228062,0.012523967199035077,scenario,cyp_cystitis,318.0846753504661
12.25,bladder,10.003890463430777,0.97136002016,0.02863997984,0.22571132002326066,22.571132002326067,0.18646665159501125,18.646665159501126,0.048568001008,4.8568001008,0.010030929519407964,1.0030929519407963,0.010030929519407962,0.012538661899259953,scenario,cyp_cystitis,316.40072160288247
12.333333333333,bladder,10.003126075188744,0.971531092623,0.028468907377,0.2257783061490402,22.57783061490402,0.18652815949251603,18.652815949251604,0.04857655463115,4.857655463115,0.010042888865322236,1.0042888865322235,0.010042888865322236,0.012553611081652795,scenario,cyp_cystitis,314.716767855299
12.416666666667,bladder,10.00250560014431,0.971693440041,0.028306559959,0.22584534715511742,22.584534715511744,0.18659018437164993,18.659018437164992,0.04858467200205,4.858467200205,0.010055021810860798,1.0055021810860798,0.010055021810860798,0.012568777263575998,scenario,cyp_cystitis,313.03281410769506
12.5,bladder,10.002003264869648,0.971848039568,0.028151960432,0.22591230244295618,22.59123024429562,0.186652526804796,18.6652526804796,0.04859240197840001,4.859240197840001,0.010067303332590061,1.006730333259006,0.010067303332590061,0.012584129165737576,scenario,cyp_cystitis,311.34886036011164
12.583333333333,bladder,10.001597641188722,0.97199589592,0.02800410408,0.22597909958374707,22.597909958374707,0.1867150576713127,18.67150576713127,0.048599794796000004,4.859979479600001,0.010079712615827267,1.0079712615827268,0.010079712615827267,0.012599640769784084,scenario,cyp_cystitis,309.664906612528
12.666666666667,bladder,10.001270967325809,0.97213789462,0.02786210538,0.22604569062703106,22.604569062703106,0.18677767989055902,18.6777679890559,0.048606894731,4.8606894731,0.010092232403141804,1.0092232403141805,0.010092232403141804,0.012615290503927255,scenario,cyp_cystitis,307.9809528649242
12.75,bladder,10.001008564753828,0.972273330113,0.027726669887,0.22611170154269516,22.611170154269516,0.18684003688110018,18.684003688110018,0.04861366650565,4.861366650565,0.010104848433613565,1.0104848433613565,0.010104848433613567,0.012631060542016959,scenario,cyp_cystitis,306.29699911734053
12.833333333333,bladder,10.00079833919489,0.972402177778,0.027597822222,0.22617695333521304,22.617695333521304,0.18690194152243478,18.69019415224348,0.048620108888900004,4.86201088889,0.01011754896209577,1.011754896209577,0.01011754896209577,0.012646936202619712,scenario,cyp_cystitis,304.61304536975695
12.916666666667,bladder,10.000630355258853,0.972524732283,0.027475267717,0.22624137200445096,22.624137200445098,0.18696330041084314,18.696330041084313,0.04862623661415,4.862623661415,0.010130324348650892,1.0130324348650892,0.010130324348650892,0.012662905435813616,scenario,cyp_cystitis,302.92909162215307
13.0,bladder,10.000496475215293,0.972641239842,0.027358760158,0.22630489791799258,22.630489791799256,0.18702403781672902,18.702403781672903,0.048632061992100004,4.86320619921,0.010143166709244773,1.0143166709244773,0.010143166709244773,0.012678958386555965,scenario,cyp_cystitis,301.24513787456965
13.083333333333,bladder,10.000390053365116,0.972751898211,0.027248101789,0.22636748146298805,22.636748146298803,0.18708409110782953,18.708409110782952,0.04863759491055,4.863759491055,0.01015606961966842,1.015606961966842,0.01015606961966842,0.012695087024585524,scenario,cyp_cystitis,299.56118412698606
13.166666666667,bladder,10.000305678398318,0.972856856695,0.027143143305,0.22642907937826126,22.642907937826127,0.1871434068879066,18.71434068879066,0.048642842834750004,4.864284283475,0.010169027865496689,1.016902786549669,0.010169027865496689,0.01271128483187086,scenario,cyp_cystitis,297.8772303793822
13.25,bladder,10.00023895698661,0.972956216139,0.027043783861,0.22648965166587876,22.648965166587875,0.1872019377462408,18.72019377462408,0.04864781080695,4.864781080695,0.010182037231692398,1.0182037231692398,0.010182037231692396,0.012727546539615494,scenario,cyp_cystitis,296.1932766317986
13.333333333333,bladder,10.000186332658604,0.973050028936,0.026949971064,0.22654915900631262,22.654915900631263,0.18725963953632907,18.725963953632906,0.0486525014468,4.86525014468,0.010195094326205276,1.0195094326205276,0.010195094326205276,0.012743867907756595,scenario,cyp_cystitis,294.50932288421484
13.416666666667,bladder,10.000144934738731,0.973138371095,0.026861628905,0.22660757737990045,22.660757737990046,0.1873164829738426,18.73164829738426,0.04865691855475,4.865691855475,0.010208196432593976,1.0208196432593974,0.010208196432593977,0.012760245540742472,scenario,cyp_cystitis,292.8253691366111
13.5,bladder,10.000112452798351,0.973221797697,0.026778202303,0.22666500235896225,22.666500235896226,0.18737253944643395,18.737253944643395,0.04866108988485,4.866108988485,0.010221341387327783,1.0221341387327783,0.010221341387327783,0.012776676734159729,scenario,cyp_cystitis,291.1414153890276
13.583333333333,bladder,10.000087032669825,0.973300551825,0.026699448175,0.22672146344654637,22.672146344654635,0.18742782721610146,18.742782721610148,0.04866502759125,4.866502759125,0.010234527477990234,1.0234527477990234,0.010234527477990234,0.012793159347487794,scenario,cyp_cystitis,289.45746164144384
13.666666666667,bladder,10.000067190613882,0.973374761691,0.026625238309,0.2267769687179039,22.67769687179039,0.18748234803510938,18.74823480351094,0.04866873808455,4.866873808455,0.010247753359110991,1.0247753359110992,0.010247753359110991,0.012809691698888738,scenario,cyp_cystitis,287.7735078938402
13.75,bladder,10.000051742710555,0.97344453185,0.02655546815,0.22683152504478432,22.683152504478432,0.1875361036339835,18.753610363398348,0.048672226592500006,4.86722265925,0.010261017982810459,1.0261017982810459,0.010261017982810459,0.012826272478513073,scenario,cyp_cystitis,286.08955414625655
13.833333333333,bladder,10.000039746968076,0.973509943197,0.026490056803,0.22688513726333157,22.688513726333156,0.18758909484577008,18.758909484577007,0.048675497159850006,4.8675497159850005,0.01027432054184387,1.027432054184387,0.01027432054184387,0.012842900677304838,scenario,cyp_cystitis,284.4056003986729
13.916666666667,bladder,10.000030456016578,0.973571052971,0.026428947029,0.22693780749442108,22.69378074944211,0.18764132089039062,18.764132089039062,0.048678552648550005,4.867855264855001,0.010287660422981716,1.0287660422981717,0.010287660422981716,0.012859575528727145,scenario,cyp_cystitis,282.72164665106925
14.0,bladder,10.00002327857858,0.973627894751,0.026372105249,0.22698953458726462,22.69895345872646,0.1876927787891733,18.76927787891733,0.04868139473755,4.868139473755,0.010301037168977819,1.0301037168977818,0.010301037168977819,0.012876296461222273,scenario,cyp_cystitis,281.0376929034855
14.083333333333,bladder,10.000017748190436,0.97368047846,0.02631952154,0.22704031366832594,22.704031366832595,0.18774346288981678,18.77434628898168,0.048684023923,4.8684023923,0.010314450447646529,1.0314450447646528,0.01031445044764653,0.012893063059558164,scenario,cyp_cystitis,279.3537391559019
14.166666666667,bladder,10.000013497892517,0.97372888834,0.02627111166,0.22709015862393536,22.709015862393535,0.18779338337572143,18.779338337572142,0.048686444417000006,4.868644441700001,0.010327900026799688,1.0327900026799688,0.010327900026799688,0.01290987503349961,scenario,cyp_cystitis,277.66978540829814
14.25,bladder,10.000010239815106,0.973773680331,0.026226319669,0.22713919451409584,22.713919451409584,0.18784264262899564,18.784264262899562,0.04868868401655,4.868868401655,0.010341385753999751,1.0341385753999752,0.010341385753999753,0.012926732192499691,scenario,cyp_cystitis,275.9858316607146
14.333333333333,bladder,10.000007748765679,0.973815095633,0.026184904367,0.22718747395791863,22.718747395791862,0.18789128334344068,18.789128334344067,0.04869075478165,4.869075478165,0.010354907540257627,1.0354907540257627,0.010354907540257627,0.012943634425322034,scenario,cyp_cystitis,274.3018779131309
14.416666666667,bladder,10.000005849075201,0.973853311846,0.026146688154,0.2272350354828804,22.72350354828804,0.18793933672692673,18.793933672692674,0.048692665592300004,4.869266559230001,0.010368465346946354,1.0368465346946354,0.010368465346946356,0.012960581683682944,scenario,cyp_cystitis,272.6179241655272
14.5,bladder,10.000004404089598,0.973888506852,0.026111493148,0.22728191827014665,22.728191827014665,0.18798683466057542,18.798683466057543,0.0486944253426,4.86944253426,0.010382059175330657,1.0382059175330658,0.010382059175330655,0.012977573969163318,scenario,cyp_cystitis,270.9339704179435
14.583333333333,bladder,10.000003307800819,0.973920858817,0.026079141183,0.22732816203514525,22.732816203514524,0.18803380957294238,18.803380957294237,0.048696042940850004,4.869604294085001,0.010395689058217441,1.039568905821744,0.01039568905821744,0.012994611322771799,scenario,cyp_cystitis,269.2500166703601
14.666666666667,bladder,10.00000247820266,0.97395054619,0.02604945381,0.22737380693212766,22.737380693212767,0.18808029433960807,18.808029433960808,0.0486975273095,4.86975273095,0.010409355053316381,1.040935505331638,0.010409355053316381,0.013011693816645476,scenario,cyp_cystitis,267.5660629227561
14.75,bladder,10.000001852032275,0.973977747701,0.026022252299,0.22741889347834393,22.741889347834395,0.18812632220346728,18.812632220346728,0.04869888738505,4.869888738505,0.010423057237977793,1.0423057237977793,0.010423057237977793,0.01302882154747224,scenario,cyp_cystitis,265.88210917517256
14.833333333333,bladder,10.000001380621228,0.974002642364,0.025997357636,0.2274634624952875,22.746346249528752,0.1881719267127237,18.81719267127237,0.048700132118200005,4.870013211820001,0.01043679570503682,1.0436795705036819,0.01043679570503682,0.013045994631296024,scenario,cyp_cystitis,264.198155427589
14.916666666667,bladder,10.000001026632022,0.974025361729,0.025974638271,0.22750754390921085,22.750754390921085,0.18821713244501143,18.821713244501144,0.048701268086450006,4.870126808645001,0.010450570559539199,1.0450570559539198,0.010450570559539199,0.013063213199423999,scenario,cyp_cystitis,262.5142016799851
15.0,bladder,10.000000761498987,0.974045867917,0.025954132083,0.22755112821217144,22.755112821217143,0.18826193138560152,18.82619313856015,0.04870229339585,4.870229339585,0.010464381916170735,1.0464381916170735,0.010464381916170735,0.013080477395213418,scenario,cyp_cystitis,260.83024793240145
15.083333333333,bladder,10.0000005634276,0.974064237792,0.025935762208,0.2275942327975515,22.75942327975515,0.1883063377978437,18.83063377978437,0.0487032118896,4.87032118896,0.010478229897247062,1.0478229897247062,0.010478229897247062,0.013097787371558827,scenario,cyp_cystitis,259.1462941848181
15.166666666667,bladder,10.000000415835123,0.974080555567,0.025919444433,0.22763687686316653,22.763687686316654,0.18835036745770162,18.83503674577016,0.048704027778350006,4.870402777835,0.010492114631144304,1.0492114631144305,0.010492114631144302,0.013115143288930377,scenario,cyp_cystitis,257.4623404372141
15.25,bladder,10.000000306138876,0.974094897045,0.025905102955,0.2276790777119117,22.76790777119117,0.1883940345891176,18.83940345891176,0.04870474485225,4.870474485225,0.010506036251078692,1.0506036251078692,0.010506036251078694,0.013132545313848368,scenario,cyp_cystitis,255.77838668963062
15.333333333333,bladder,10.000000224817473,0.974107329621,0.025892670379,0.22772085073707052,22.772085073707053,0.18843735184844265,18.843735184844267,0.048705366481050005,4.870536648105,0.010519994894162298,1.0519994894162297,0.010519994894162298,0.013149993617702872,scenario,cyp_cystitis,254.09443294204704
15.416666666667,bladder,10.000000164685705,0.974117912283,0.025882087717,0.22776220941045358,22.77622094104536,0.1884803303118985,18.84803303118985,0.04870589561415001,4.8705895614150005,0.010533990700672385,1.0533990700672384,0.010533990700672386,0.013167488375840483,scenario,cyp_cystitis,252.41047919444324
15.5,bladder,10.000000120336122,0.974126695614,0.025873304386,0.22780316527316413,22.780316527316412,0.18852297946575172,18.852297946575174,0.0487063347807,4.87063347807,0.010548023813489054,1.0548023813489054,0.010548023813489052,0.013185029766861315,scenario,cyp_cystitis,250.72652544685968
15.583333333333,bladder,10.000000087710257,0.974133721786,0.025866278214,0.22784372792635885,22.784372792635885,0.18856530719690404,18.856530719690404,0.048706686089300004,4.87066860893,0.010562094377665357,1.0562094377665356,0.010562094377665357,0.013202617972081696,scenario,cyp_cystitis,249.0425716992759
15.666666666667,bladder,10.000000063770381,0.974139051489,0.025860948511,0.22788391132444838,22.788391132444836,0.1886073249999983,18.86073249999983,0.048706952574450006,4.870695257445001,0.010576202540097734,1.0576202540097734,0.010576202540097735,0.01322025317512217,scenario,cyp_cystitis,247.3586179516722
15.75,bladder,10.000000046248953,0.974142797122,0.025857202878,0.22792374154101833,22.792374154101832,0.18864905440517718,18.864905440517717,0.04870713985610001,4.870713985610001,0.01059034844927523,1.0590348449275229,0.010590348449275228,0.013237935561594034,scenario,cyp_cystitis,245.67466420408854
15.833333333333,bladder,10.00000003345793,0.974145006496,0.025854993504,0.22796322956135354,22.796322956135352,0.18869050445953003,18.869050445953004,0.0487072503248,4.87072503248,0.010604532255091035,1.0604532255091035,0.010604532255091033,0.013255665318863791,scenario,cyp_cystitis,243.99071045650493
15.916666666667,bladder,10.000000024144072,0.974145722949,0.025854277051,0.22800238533758385,22.800238533758385,0.18873168335803564,18.873168335803562,0.048707286147450006,4.870728614745,0.01061875410869934,1.061875410869934,0.010618754108699339,0.013273442635874173,scenario,cyp_cystitis,242.30675670890128
16.0,bladder,10.000000017379456,0.974144989822,0.025855010178,0.2280412188340212,22.80412188340212,0.18877259930833812,18.877259930833812,0.0487072494911,4.87072494911,0.010633014162408085,1.0633014162408085,0.010633014162408087,0.013291267703010107,scenario,cyp_cystitis,240.62280296131766
16.083333333333,bladder,10.000000012478896,0.974142850457,0.025857149543,0.22807974002551232,22.80797400255123,0.18881326052911823,18.881326052911824,0.04870714252285,4.870714252285,0.01064731256960071,1.0647312569600709,0.010647312569600711,0.01330914071200089,scenario,cyp_cystitis,238.9388492137339
16.166666666667,bladder,10.000000008937795,0.974139348193,0.025860651807,0.22811795889561212,22.81179588956121,0.1888536752483812,18.88536752483812,0.04870696740965,4.870696740965,0.010661649484677332,1.0661649484677331,0.010661649484677332,0.013327061855846666,scenario,cyp_cystitis,237.25489546613022
16.25,bladder,10.000000006385557,0.974134526372,0.025865473628,0.22815588543732324,22.815588543732325,0.1888938517039192,18.88938517039192,0.048706726318600006,4.870672631860001,0.01067602506301185,1.067602506301185,0.01067602506301185,0.013345031328764813,scenario,cyp_cystitis,235.57094171854655
16.333333333333,bladder,10.000000004550735,0.974128428332,0.025871571668,0.2281935296509639,22.81935296509639,0.18893379814143568,18.893379814143568,0.048706421416600004,4.87064214166,0.01069043946092268,1.069043946092268,0.01069043946092268,0.01336304932615335,scenario,cyp_cystitis,233.88698797096302
16.416666666667,bladder,10.000000003235032,0.974121097416,0.025878902584,0.22823090154590714,22.823090154590712,0.18897352281590224,18.897352281590223,0.0487060548708,4.87060548708,0.010704892835651101,1.07048928356511,0.010704892835651101,0.013381116044563875,scenario,cyp_cystitis,232.20303422335925
16.5,bladder,10.000000002293982,0.974112576963,0.025887423037,0.2282680111382001,22.82680111382001,0.18901303398952646,18.901303398952646,0.04870562884815,4.870562884815,0.010719385345346466,1.0719385345346466,0.010719385345346466,0.013399231681683083,scenario,cyp_cystitis,230.51908047577564
16.583333333333,bladder,10.000000001622615,0.974102910315,0.025897089685,0.2283048684520073,22.830486845200728,0.1890523399329024,18.905233993290242,0.048705145515750004,4.870514551575001,0.010733917149058182,1.073391714905818,0.010733917149058182,0.013417396436322726,scenario,cyp_cystitis,228.8351267281919
16.666666666667,bladder,10.000000001144867,0.974092140811,0.025907859189,0.22834148351805772,22.834148351805773,0.18909144892369234,18.909144892369234,0.048704607040550005,4.8704607040550005,0.010748488406730036,1.0748488406730035,0.010748488406730036,0.013435610508412545,scenario,cyp_cystitis,227.15117298058826
16.75,bladder,10.000000000805766,0.974080313615,0.025919686385,0.2283778668021212,22.83778668021212,0.18913036960144336,18.913036960144336,0.04870401568075,4.870401568075,0.010763099279197426,1.0763099279197426,0.010763099279197426,0.013453874098996782,scenario,cyp_cystitis,225.4672192330045
16.833333333333,bladder,10.000000000565688,0.974067475237,0.025932524763,0.22841402909297945,22.841402909297944,0.18916911087487312,18.91691108748731,0.04870337376185,4.870337376185,0.010777749928188357,1.0777749928188358,0.010777749928188357,0.013472187410235446,scenario,cyp_cystitis,223.78326548542103
16.916666666667,bladder,10.00000000039615,0.97405366973,0.02594633027,0.22844998061070487,22.844998061070488,0.18920768118337356,18.920768118337357,0.048702683486500004,4.870268348650001,0.010792440516324503,1.0792440516324502,0.010792440516324503,0.013490550645405629,scenario,cyp_cystitis,222.0993117378172
17.0,bladder,10.00000000027673,0.974038941124,0.025961058876,0.22848573157708502,22.8485731577085,0.18924608896935263,18.924608896935265,0.048701947056200005,4.87019470562,0.010807171207123474,1.0807171207123474,0.010807171207123474,0.013508964008904343,scenario,cyp_cystitis,220.41535799023353
17.083333333333,bladder,10.000000000192827,0.974023333446,0.025976666554,0.22852129222028827,22.85212922202883,0.18928434268209293,18.928434268209294,0.048701166672300004,4.8701166672300005,0.01082194216500362,1.082194216500362,0.01082194216500362,0.013527427706254525,scenario,cyp_cystitis,218.73140424264992
17.166666666667,bladder,10.000000000134028,0.974006890725,0.025993109275,0.2285566727760193,22.855667277601928,0.18932245077870452,18.93224507787045,0.04870034453625,4.870034453625,0.010836753555287897,1.0836753555287897,0.010836753555287897,0.01354594194410987,scenario,cyp_cystitis,217.04745049504626
17.25,bladder,10.000000000092925,0.973989656989,0.026010343011,0.22859188348680448,22.859188348680448,0.18936042172353104,18.936042172353105,0.04869948284945,4.869948284945,0.010851605544208267,1.0851605544208267,0.010851605544208267,0.013564506930260335,scenario,cyp_cystitis,215.36349674746256
17.333333333333,bladder,10.000000000064267,0.973971676266,0.026028323734,0.22862693460222477,22.862693460222477,0.18939826398834186,18.939826398834185,0.0486985838133,4.86985838133,0.010866498298912095,1.0866498298912095,0.010866498298912097,0.013583122873640122,scenario,cyp_cystitis,213.67954299987895
17.416666666667,bladder,10.000000000044336,0.973952992584,0.026047007416,0.22866183637891263,22.866183637891265,0.1894359860523291,18.943598605232907,0.04869764962920001,4.869764962920001,0.010881431987467233,1.0881431987467234,0.010881431987467233,0.013601789984334041,scenario,cyp_cystitis,211.99558925227532
17.5,bladder,10.000000000030509,0.973933649971,0.026066350029,0.22869659908055218,22.86965990805522,0.18947359640210756,18.947359640210756,0.04869668249855,4.869668249855,0.01089640677886734,1.089640677886734,0.010896406778867341,0.013620508473584177,scenario,cyp_cystitis,210.3116355046915
17.583333333333,bladder,10.000000000020943,0.973913692456,0.026086307544,0.2287312329781201,22.873123297812008,0.18951110353191591,18.95111035319159,0.0486956846228,4.86956846228,0.01091142284303899,1.091142284303899,0.01091142284303899,0.013639278553798737,scenario,cyp_cystitis,208.62768175710804
17.666666666667,bladder,10.00000000001434,0.973893164067,0.026106835933,0.22876574834941865,22.876574834941866,0.18954851594323016,18.954851594323017,0.048694658203350005,4.869465820335001,0.010926480350847336,1.0926480350847336,0.010926480350847338,0.013658100438559173,scenario,cyp_cystitis,206.94372800950427
17.75,bladder,10.000000000009795,0.973872108449,0.026127891551,0.22880015538933318,22.880015538933318,0.18958584207040335,18.958584207040335,0.04869360542245,4.869360542245,0.010941579474101877,1.0941579474101877,0.010941579474101877,0.013676974342627346,scenario,cyp_cystitis,205.25977426192068
17.833333333333,bladder,10.000000000006672,0.973850485323,0.026149514677,0.22883444457938018,22.88344445793802,0.1896230740139265,18.96230740139265,0.048692524266150006,4.869252426615001,0.010956720385563938,1.0956720385563938,0.010956720385563938,0.013695900481954923,scenario,cyp_cystitis,203.57582051433707
17.916666666667,bladder,10.000000000004535,0.973828259498,0.026171740502,0.22886860759029487,22.88686075902949,0.1896602048583104,18.966020485831038,0.048691412974900004,4.869141297490001,0.010971903258952656,1.0971903258952656,0.010971903258952654,0.013714879073690818,scenario,cyp_cystitis,201.89186676673322
18.0,bladder,10.000000000003075,0.973805453093,0.026194546907,0.22890264955835113,22.890264955835114,0.18969723884600118,18.969723884600118,0.04869027265465001,4.869027265465001,0.010987128268950994,1.0987128268950994,0.010987128268950994,0.013733910336188742,scenario,cyp_cystitis,200.20791301914971
18.083333333333,bladder,10.000000000002078,0.973782088227,0.026217911773,0.2289365756233517,22.89365756233517,0.18973418022315972,18.973418022315972,0.04868910441135,4.868910441135,0.0110023955912135,1.10023955912135,0.0110023955912135,0.013752994489016875,scenario,cyp_cystitis,198.52395927156604
18.166666666667,bladder,10.000000000001402,0.97375818702,0.02624181298,0.22897039092886612,22.89703909288661,0.18977103323985908,18.977103323985908,0.04868790935100001,4.868790935100001,0.01101770540237249,1.101770540237249,0.011017705402372489,0.01377213175296561,scenario,cyp_cystitis,196.84000552396225
18.25,bladder,10.000000000000943,0.973733771593,0.026266228407,0.2290041006222321,22.90041006222321,0.1898078021500864,18.980780215008643,0.04868668857965,4.868668857965,0.011033057880044283,1.1033057880044284,0.011033057880044281,0.013791322350055351,scenario,cyp_cystitis,195.1560517763787
18.333333333333,bladder,10.000000000000632,0.973708864064,0.026291135936,0.22903770985362196,22.903770985362197,0.1898444912109705,18.98444912109705,0.04868544320320001,4.868544320320001,0.011048453202837143,1.1048453202837143,0.011048453202837144,0.01381056650354643,scenario,cyp_cystitis,193.47209802879493
18.416666666667,bladder,10.000000000000425,0.973683486553,0.026316513447,0.2290712237772206,22.90712237772206,0.18988110468375857,18.988110468375858,0.04868417432765,4.868417432765,0.011063891550357674,1.1063891550357674,0.011063891550357675,0.013829864437947094,scenario,cyp_cystitis,191.7881442811912
18.5,bladder,10.000000000000282,0.973657661181,0.026342338819,0.22910464755099275,22.910464755099273,0.18991764683362394,18.991764683362394,0.04868288305905,4.868288305905,0.01107937310321721,1.1079373103217212,0.011079373103217213,0.013849216379021517,scenario,cyp_cystitis,190.10419053360758
18.583333333333,bladder,10.000000000000188,0.973631410067,0.026368589933,0.22913798633598387,22.913798633598386,0.18995412192908828,18.995412192908827,0.04868157050335001,4.868157050335001,0.011094898043039992,1.1094898043039991,0.011094898043039992,0.01386862255379999,scenario,cyp_cystitis,188.420236786024
18.666666666667,bladder,10.000000000000126,0.97360475533,0.02639524467,0.229171245296793,22.9171245296793,0.18999053424241372,18.99905342424137,0.048680237766500004,4.86802377665,0.011110466552469687,1.1110466552469687,0.01111046655246969,0.013888083190587111,scenario,cyp_cystitis,186.7362830384203
18.75,bladder,10.000000000000083,0.97357771909,0.02642228091,0.22920442960181067,22.920442960181067,0.1900268880498007,19.00268880498007,0.048678885954500005,4.86788859545,0.011126078815176013,1.1126078815176013,0.011126078815176013,0.013907598518970016,scenario,cyp_cystitis,185.05232929083664
18.833333333333,bladder,10.000000000000055,0.973550320991,0.026449679009,0.22923754383997744,22.923754383997743,0.19006318714781836,19.006318714781838,0.04867751604955001,4.867751604955001,0.011141735015863045,1.1141735015863046,0.011141735015863045,0.013927168769828807,scenario,cyp_cystitis,183.36837554325297
18.916666666667,bladder,10.000000000000036,0.973522528765,0.026477471235,0.22927058037779946,22.927058037779947,0.19009942519952575,19.009942519952574,0.048676126438250006,4.867612643825001,0.011157435340275983,1.1157435340275983,0.011157435340275981,0.013946794175344977,scenario,cyp_cystitis,181.68442179564926
19.0,bladder,10.000000000000023,0.973494333709,0.026505666291,0.2293035371271632,22.930353712716318,0.19013560046496125,19.013560046496124,0.04867471668545,4.867471668545,0.011173179975207897,1.1173179975207896,0.011173179975207897,0.013966474969009872,scenario,cyp_cystitis,180.00046804806564
19.083333333333,bladder,10.000000000000016,0.973465746502,0.026534253498,0.2293364165646647,22.93364165646647,0.19017171498901547,19.017171498901547,0.048673287325100005,4.867328732510001,0.011188969108508275,1.1188969108508275,0.011188969108508275,0.013986211385635345,scenario,cyp_cystitis,178.31651430048203
19.166666666667,bladder,10.00000000000001,0.973436777826,0.026563222174,0.22936922116931122,22.93692211693112,0.19020777081895918,19.02077708189592,0.0486718388913,4.8671838891300006,0.011204802929089937,1.1204802929089936,0.011204802929089938,0.014006003661362423,scenario,cyp_cystitis,176.63256055287832
19.25,bladder,10.000000000000007,0.973407438363,0.026592561637,0.22940195342181563,22.940195342181564,0.19024377000385856,19.024377000385854,0.048670371918150004,4.867037191815,0.01122068162693598,1.122068162693598,0.01122068162693598,0.014025852033669975,scenario,cyp_cystitis,174.94860680529467
19.333333333333,bladder,10.000000000000004,0.973377738794,0.026622261206,0.22943461580436533,22.943461580436534,0.19027971459438456,19.027971459438454,0.04866888693970001,4.866888693970001,0.011236605393108536,1.1236605393108536,0.011236605393108537,0.014045756741385671,scenario,cyp_cystitis,173.26465305771094
19.416666666667,bladder,10.000000000000004,0.9733476898,0.0266523102,0.2294672108008583,22.94672108008583,0.19031560664300876,19.031560664300876,0.04866738449,4.866738449,0.01125257441975586,1.125257441975586,0.011252574419755858,0.014065718024694822,scenario,cyp_cystitis,171.58069931010724
19.5,bladder,10.000000000000002,0.973317302062,0.026682697938,0.22949974089690336,22.949974089690336,0.19035144820400354,19.035144820400355,0.0486658651031,4.86658651031,0.01126858890011947,1.126858890011947,0.01126858890011947,0.014085736125149337,scenario,cyp_cystitis,169.89674556252362
19.583333333333,bladder,10.000000000000002,0.973286586261,0.026713413739,0.22953220857982515,22.953220857982515,0.19038724133344753,19.038724133344754,0.04866432931305,4.866432931305,0.011284649028543108,1.1284649028543108,0.011284649028543108,0.014105811285678884,scenario,cyp_cystitis,168.21279181494
19.666666666667,bladder,10.0,0.973255553078,0.026744446922,0.2295646163386642,22.95646163386642,0.19042298808922548,19.04229880892255,0.04866277765390001,4.8662777653900005,0.011300755000480021,1.130075500048002,0.011300755000480021,0.014125943750600027,scenario,cyp_cystitis,166.52883806733627
19.75,bladder,10.0,0.973224213196,0.026775786804,0.22959696666464985,22.959696666464986,0.1904586905314209,19.045869053142088,0.0486612106598,4.86612106598,0.01131690701250032,1.131690701250032,0.011316907012500318,0.014146133765625398,scenario,cyp_cystitis,164.84488431975265
19.833333333333,bladder,10.0,0.973192577295,0.026807422705,0.22962926205002487,22.96292620500249,0.19049435072134197,19.049435072134198,0.048659628864750004,4.865962886475001,0.011333105262300101,1.13331052623001,0.011333105262300101,0.014166381577875127,scenario,cyp_cystitis,163.16093057216895
19.916666666667,bladder,10.0,0.973160658703,0.026839341297,0.22966150561366996,22.966150561366998,0.19052997124054732,19.052997124054734,0.04865803293515,4.865803293515,0.011349349948708985,1.1349349948708984,0.011349349948708986,0.014186687435886233,scenario,cyp_cystitis,161.47697682456536
20.0,bladder,10.0,0.973128484574,0.026871515426,0.22969370374005965,22.969370374005965,0.1905655573803786,19.056555738037858,0.04865642422870001,4.865642422870001,0.011365641271697624,1.1365641271697624,0.011365641271697624,0.01420705158962203,scenario,cyp_cystitis,159.79302307698168
20.083333333333,bladder,10.0,0.973096059659,0.026903940341,0.2297258575292522,22.97258575292522,0.19060111004873917,19.060111004873917,0.04865480298295,4.865480298295,0.011381979432387097,1.1381979432387097,0.011381979432387097,0.014227474290483872,scenario,cyp_cystitis,158.109069329398
20.166666666667,bladder,10.0,0.973063383957,0.026936616043,0.22975796696003112,22.975796696003112,0.19063662922334854,19.063662922334853,0.04865316919785,4.865316919785,0.011398364633056598,1.1398364633056597,0.011398364633056596,0.014247955791320745,scenario,cyp_cystitis,156.4251155817943
20.25,bladder,10.0,0.973030457468,0.026969542532,0.22979003201139597,22.979003201139598,0.19067211488210103,19.067211488210102,0.0486515228734,4.86515228734,0.01141479707715119,1.141479707715119,0.01141479707715119,0.014268496346438989,scenario,cyp_cystitis,154.7411618342106
20.333333333333,bladder,10.0,0.972997280192,0.027002719808,0.22982205266232927,22.982205266232928,0.19070756700287292,19.07075670028729,0.0486498640096,4.86498640096,0.011431276969291412,1.143127696929141,0.011431276969291413,0.014289096211614267,scenario,cyp_cystitis,153.05720808662704
20.416666666667,bladder,10.0,0.972963852129,0.027036147871,0.2298540288917951,22.98540288917951,0.19074298556352115,19.074298556352115,0.04864819260645001,4.8648192606450005,0.011447804515281176,1.1447804515281177,0.011447804515281178,0.014309755644101472,scenario,cyp_cystitis,151.37325433902328
20.5,bladder,10.0,0.97293017328,0.02706982672,0.22988596067897368,22.98859606789737,0.19077837054207758,19.07783705420776,0.048646508664,4.8646508664,0.011464379922115742,1.1464379922115742,0.011464379922115742,0.014330474902644677,scenario,cyp_cystitis,149.68930059143972
20.583333333333,bladder,10.0,0.972896243643,0.027103756357,0.2299178480023196,22.991784800231958,0.19081372191596802,19.081372191596802,0.04864481218215,4.8644812182149995,0.01148100339799155,1.148100339799155,0.01148100339799155,0.014351254247489436,scenario,cyp_cystitis,148.00534684385602
20.666666666667,bladder,10.0,0.97286206322,0.02713793678,0.22994969084121375,22.994969084121376,0.1908490396633829,19.084903966338292,0.048643103161000005,4.8643103161,0.011497675152314342,1.1497675152314342,0.01149767515231434,0.014372093940392926,scenario,cyp_cystitis,146.32139309625228
20.75,bladder,10.0,0.97282763201,0.02717236799,0.22998148917430833,22.998148917430832,0.1908843237619035,19.08843237619035,0.0486413816005,4.86413816005,0.011514395395707356,1.1514395395707355,0.011514395395707356,0.014392994244634194,scenario,cyp_cystitis,144.6374393486686
20.833333333333,bladder,10.0,0.972792950013,0.027207049987,0.23001324298047437,23.001324298047436,0.19091957418928882,19.09195741892888,0.04863964750065,4.8639647500650005,0.01153116434002139,1.153116434002139,0.011531164340021391,0.014413955425026739,scenario,cyp_cystitis,142.95348560108505
20.916666666667,bladder,10.0,0.972758017229,0.027241982771,0.2300449522385646,23.004495223856463,0.19095479092327855,19.095479092327857,0.048637900861450006,4.863790086145,0.011547982198343151,1.1547982198343152,0.011547982198343151,0.01443497774792894,scenario,cyp_cystitis,141.26953185348134
21.0,bladder,10.0,0.972722833677,0.027277166323,0.2300766169319055,23.00766169319055,0.1909899739453216,19.098997394532162,0.04863614168385,4.863614168385,0.01156484918500369,1.156484918500369,0.01156484918500369,0.014456061481254612,scenario,cyp_cystitis,139.5855781058976
21.083333333333,bladder,10.0,0.972687434709,0.027312565291,0.230108245402522,23.0108245402522,0.19102513017586528,19.102513017586528,0.04863437173545,4.863437173545,0.011581765515588696,1.1581765515588696,0.011581765515588694,0.014477206894485867,scenario,cyp_cystitis,137.90162435831402
21.166666666667,bladder,10.0,0.9726518526,0.0273481474,0.2301398452701872,23.013984527018717,0.19106026593703915,19.106026593703916,0.04863259263,4.863259263,0.011598731406947086,1.1598731406947087,0.011598731406947085,0.014498414258683857,scenario,cyp_cystitis,136.21767061071034
21.25,bladder,10.0,0.97261608735,0.02738391265,0.23017141652203246,23.017141652203247,0.19109538121529734,19.109538121529734,0.0486308043675,4.86308043675,0.011615747077199668,1.1615747077199667,0.011615747077199668,0.014519683846499584,scenario,cyp_cystitis,134.5337168631267
21.333333333333,bladder,10.0,0.972580138957,0.027419861043,0.23020295914470595,23.020295914470594,0.1911304759966905,19.11304759966905,0.04862900694785,4.862900694785,0.011632812745749689,1.1632812745749688,0.011632812745749689,0.014541015932187111,scenario,cyp_cystitis,132.84976311554303
21.416666666667,bladder,10.0,0.972544007424,0.027455992576,0.23023447312602782,23.023447312602784,0.19116555026823984,19.116555026823985,0.048627200371200004,4.862720037120001,0.011649928633291678,1.1649928633291677,0.011649928633291676,0.014562410791614595,scenario,cyp_cystitis,131.16580936793932
21.5,bladder,10.0,0.972507692748,0.027492307252,0.2302659584523853,23.02659584523853,0.191200604015774,19.120060401577398,0.0486253846374,4.86253846374,0.011667094961820331,1.166709496182033,0.011667094961820331,0.014583868702275415,scenario,cyp_cystitis,129.48185562035567
21.583333333333,bladder,10.0,0.972471194931,0.027528805069,0.23029741511133897,23.029741511133896,0.19123563722609366,19.123563722609365,0.04862355974655,4.862355974655,0.011684311954641338,1.1684311954641338,0.011684311954641334,0.014605389943301668,scenario,cyp_cystitis,127.79790187277209
21.666666666667,bladder,10.0,0.972434513973,0.027565486027,0.230328843089965,23.0328843089965,0.19127064988559475,19.127064988559475,0.048621725698650003,4.862172569865001,0.01170157983638046,1.170157983638046,0.01170157983638046,0.014626974795475575,scenario,cyp_cystitis,126.11394812516833
21.75,bladder,10.0,0.972397649872,0.027602350128,0.2303602423748527,23.036024237485268,0.191305641980266,19.1305641980266,0.0486198824936,4.8619882493599995,0.011718898832992672,1.1718898832992672,0.01171889883299267,0.014648623541240836,scenario,cyp_cystitis,124.42999437758463
21.833333333333,bladder,10.0,0.972360602631,0.027639397369,0.23039161295376576,23.039161295376577,0.19134061349706924,19.134061349706926,0.04861803013155,4.861803013155,0.011736269171773247,1.1736269171773248,0.011736269171773249,0.014670336464716561,scenario,cyp_cystitis,122.7460406300011
21.916666666667,bladder,10.0,0.972323372247,0.027676627753,0.2304229548130351,23.04229548130351,0.1913755644217738,19.13755644217738,0.048616168612350005,4.861616861235,0.011753691081367113,1.1753691081367112,0.011753691081367113,0.01469211385170889,scenario,cyp_cystitis,121.06208688239728
22.0,bladder,10.0,0.972285958722,0.027714041278,0.23045426794016327,23.045426794016326,0.19141049474111924,19.141049474111924,0.048614297936100004,4.86142979361,0.011771164791778225,1.1771164791778226,0.011771164791778227,0.014713955989722784,scenario,cyp_cystitis,119.37813313481364
22.083333333333,bladder,10.0,0.972248362056,0.027751637944,0.230485552322169,23.0485552322169,0.19144540444144104,19.144540444144102,0.0486124181028,4.86124181028,0.011788690534380948,1.1788690534380948,0.011788690534380948,0.014735863167976185,scenario,cyp_cystitis,117.69417938723005
22.166666666667,bladder,10.0,0.972210588541,0.027789411459,0.23051680943792968,23.051680943792967,0.19148029474829442,19.148029474829443,0.04861052942705,4.861052942705,0.011806268541929657,1.1806268541929656,0.011806268541929659,0.014757835677412075,scenario,cyp_cystitis,116.01022563962637
22.25,bladder,10.0,0.972172663712,0.027827336288,0.23054804533077491,23.05480453307749,0.1915151706791315,19.15151706791315,0.0486086331856,4.86086331856,0.011823899048568393,1.1823899048568394,0.011823899048568393,0.01477987381071049,scenario,cyp_cystitis,114.32627189204264
22.333333333333,bladder,10.0,0.972134590281,0.027865409719,0.23057926063489773,23.057926063489774,0.19155003275878707,19.155003275878705,0.048606729514050005,4.860672951405,0.011841582289842532,1.1841582289842532,0.011841582289842532,0.014801977862303164,scenario,cyp_cystitis,112.6423181444591
22.416666666667,bladder,10.0,0.972096368247,0.027903631753,0.23061045534132701,23.061045534132703,0.19158488097787055,19.158488097787053,0.04860481841235,4.860481841235,0.011859318502708638,1.1859318502708638,0.011859318502708638,0.014824148128385797,scenario,cyp_cystitis,110.95836439685533
22.5,bladder,10.0,0.972057997612,0.027942002388,0.23064162944179445,23.064162944179444,0.1916197153275731,19.16197153275731,0.0486028998806,4.86028998806,0.011877107925544415,1.1877107925544415,0.011877107925544415,0.01484638490693052,scenario,cyp_cystitis,109.27441064927173
22.583333333333,bladder,10.0,0.972019478374,0.027980521626,0.23067278292707627,23.067278292707627,0.1916545357982908,19.16545357982908,0.048600973918700004,4.86009739187,0.011894950798160654,1.1894950798160653,0.011894950798160654,0.014868688497700816,scenario,cyp_cystitis,107.59045690168804
22.666666666667,bladder,10.0,0.971980810534,0.028019189466,0.2307039157886528,23.07039157886528,0.19168934238100294,19.168934238100295,0.0485990405267,4.85990405267,0.01191284736181138,1.191284736181138,0.011912847361811382,0.014891059202264228,scenario,cyp_cystitis,105.90650315408429
22.75,bladder,10.0,0.971941994091,0.028058005909,0.23073502801752047,23.073502801752046,0.19172413506628472,19.172413506628473,0.048597099704550006,4.859709970455,0.011930797859204076,1.1930797859204076,0.011930797859204076,0.014913497324005095,scenario,cyp_cystitis,104.22254940650066
22.833333333333,bladder,10.0,0.971903029047,0.028096970953,0.2307661196053817,23.07661196053817,0.19175891384529656,19.175891384529656,0.04859515145235,4.859515145235,0.011948802534511943,1.1948802534511942,0.011948802534511945,0.01493600316813993,scenario,cyp_cystitis,102.53859565891703
22.916666666667,bladder,10.0,0.9718639154,0.0281360846,0.23079719054298137,23.07971905429814,0.19179367870840144,19.179367870840146,0.04859319577,4.859319577,0.01196686163338433,1.196686163338433,0.01196686163338433,0.014958577041730411,scenario,cyp_cystitis,100.85464191131337
23.0,bladder,10.0,0.971824653151,0.028175346849,0.23082824082176734,23.082824082176735,0.1918284296465446,19.18284296465446,0.04859123265755,4.859123265755,0.011984975402957256,1.1984975402957256,0.011984975402957258,0.014981219253696573,scenario,cyp_cystitis,99.17068816372972
23.083333333333,bladder,10.0,0.9717852423,0.0282147577,0.23085927043294394,23.085927043294394,0.1918631666504673,19.18631666504673,0.048589262115000004,4.8589262115,0.01200314409186598,1.200314409186598,0.012003144091865982,0.015003930114832477,scenario,cyp_cystitis,97.48673441614608
23.166666666667,bladder,10.0,0.971745682847,0.028254317153,0.23089027936770756,23.089027936770755,0.1918978897109027,19.189788971090273,0.04858728414235,4.858728414235,0.012021367950255732,1.2021367950255732,0.012021367950255732,0.015026709937819665,scenario,cyp_cystitis,95.8027806685423
23.25,bladder,10.0,0.971705974963,0.028294025037,0.23092126765788262,23.09212676578826,0.19193259885235012,19.193259885235012,0.048585298748150006,4.858529874815001,0.012039647229792524,1.2039647229792525,0.012039647229792522,0.015049559037240652,scenario,cyp_cystitis,94.11882692095867
23.333333333333,bladder,10.0,0.971666125204,0.028333874796,0.23095223685294605,23.095223685294606,0.19196729536078533,19.196729536078532,0.0485833062602,4.85833062602,0.012057982183676073,1.2057982183676073,0.012057982183676073,0.01507247772959509,scenario,cyp_cystitis,92.43487317337504
23.416666666667,bladder,10.0,0.971626136926,0.028373863074,0.23098318774272786,23.098318774272787,0.1920019798909767,19.20019798909767,0.0485813068463,4.85813068463,0.012076373066650806,1.2076373066650805,0.012076373066650808,0.01509546633331351,scenario,cyp_cystitis,90.75091942577137
23.5,bladder,10.0,0.971586010128,0.028413989872,0.23101412031941437,23.101412031941436,0.192036652434752,19.2036652434752,0.048579300506400004,4.85793005064,0.012094820135017025,1.2094820135017024,0.012094820135017026,0.015118525168771282,scenario,cyp_cystitis,89.06696567818767
23.583333333333,bladder,10.0,0.971545744812,0.028454255188,0.23104503457589987,23.104503457589985,0.19207131298452618,19.207131298452616,0.0485772872406,4.85772872406,0.012113323646644109,1.2113323646644107,0.012113323646644107,0.015141654558305134,scenario,cyp_cystitis,87.38301193060404
23.666666666667,bladder,10.0,0.971505340976,0.028494659024,0.23107593050412084,23.107593050412085,0.1921059615319167,19.21059615319167,0.048575267048800004,4.857526704880001,0.012131883860981884,1.2131883860981885,0.012131883860981886,0.015164854826227358,scenario,cyp_cystitis,85.69905818300032
23.75,bladder,10.0,0.971464798621,0.028535201379,0.23110680809671894,23.110680809671894,0.1921405980691252,19.21405980691252,0.048573239931050005,4.857323993105,0.01215050103907209,1.215050103907209,0.012150501039072092,0.015188126298840116,scenario,cyp_cystitis,84.01510443541672
23.833333333333,bladder,10.0,0.971424117747,0.028575882253,0.23113766734609278,23.11376673460928,0.1921752225881503,19.21752225881503,0.048571205887350005,4.857120588735,0.012169175443561935,1.2169175443561935,0.012169175443561933,0.015211469304452416,scenario,cyp_cystitis,82.33115068783306
23.916666666667,bladder,10.0,0.971383298354,0.028616701646,0.2311685082446341,23.116850824463413,0.1922098350809833,19.22098350809833,0.0485691649177,4.85691649177,0.012187907338715779,1.218790733871578,0.012187907338715779,0.015234884173394723,scenario,cyp_cystitis,80.64719694022934
24.0,bladder,10.0,0.971342340441,0.028657659559,0.2311993307844887,23.11993307844887,0.19224443553940918,19.22444355394092,0.04856711702205,4.856711702205,0.012206696990426955,1.2206696990426955,0.012206696990426955,0.015258371238033693,scenario,cyp_cystitis,78.96324319264575
0.0,spinal_coord,30.11270795402566,0.962834194672,0.037165805328,0.5508542733325095,55.08542733325095,0.41352763288601263,41.35276328860126,0.240708548668,24.0708548668,0.03860042106311194,3.860042106311194,0.03860042106311195,0.02702029474417836,scenario,cyp_cystitis,0.001
0.083333333333,spinal_coord,30.386474760650888,0.96288377862,0.03711622138,0.5515583469084304,55.155834690843044,0.4144498696712406,41.44498696712406,0.240720944655,24.072094465499998,0.03779429961777973,3.7794299617779727,0.03779429961777973,0.026456009732445808,scenario,cyp_cystitis,31.479686086987925
0.166666666667,spinal_coord,30.65840327059857,0.962968641171,0.037031358829,0.5522629055189572,55.226290551895715,0.41536099363494294,41.536099363494294,0.24074216029275,24.074216029275,0.037032550144297904,3.70325501442979,0.03703255014429791,0.025922785101008535,scenario,cyp_cystitis,62.95837217435359
0.25,spinal_coord,30.92837120303389,0.963067615528,0.036932384472,0.5529556129377031,55.29556129377031,0.4162516120742708,41.625161207427084,0.240766903882,24.0766903882,0.036311297150047495,3.6311297150047492,0.036311297150047495,0.025417908005033244,scenario,cyp_cystitis,94.43705826134149
0.333333333333,spinal_coord,31.196256094140082,0.963195143831,0.036804856169,0.5536445490560006,55.364454905600056,0.41712768413100076,41.71276841310008,0.24079878595775,24.079878595775,0.03562708783399557,3.562708783399557,0.03562708783399557,0.024938961483796897,scenario,cyp_cystitis,125.91574434832953
0.416666666667,spinal_coord,31.46193538758699,0.963353083513,0.036646916487,0.5543305927307701,55.43305927307701,0.41798976247002684,41.798976247002685,0.24083827087825,24.083827087825,0.034976836053135424,3.4976836053135423,0.03497683605313543,0.0244837852371948,scenario,cyp_cystitis,157.39443043569509
0.5,spinal_coord,31.72528652602372,0.963535798014,0.036464201986,0.555010313324569,55.5010313324569,0.4188351517614253,41.883515176142524,0.2408839495035,24.08839495035,0.034357774988060946,3.4357774988060945,0.034357774988060946,0.024050442491642662,scenario,cyp_cystitis,188.873116522683
0.583333333333,spinal_coord,31.986187043530556,0.963741025695,0.036258974305,0.5556822154902713,55.56822154902713,0.41966261208869504,41.966261208869504,0.24093525642375,24.093525642375,0.033767416971839354,3.3767416971839355,0.033767416971839354,0.023637191880287546,scenario,cyp_cystitis,220.35180260967104
0.666666666667,spinal_coord,32.244514658877506,0.963966319933,0.036033680067,0.5563446949906964,55.63446949906964,0.4204708200099285,42.04708200099285,0.24099157998325,24.099157998324998,0.03320351924876723,3.320351924876723,0.03320351924876723,0.02324246347413706,scenario,cyp_cystitis,251.8304886970367
0.75,spinal_coord,32.50014736952159,0.964207901882,0.035792098118,0.5569953758227824,55.69953758227824,0.4212578671363766,42.12578671363766,0.2410519754705,24.10519754705,0.03266405466629843,3.266405466629843,0.03266405466629843,0.0228648382664089,scenario,cyp_cystitis,283.30917478402455
0.833333333333,spinal_coord,32.75296354627107,0.964465945657,0.035534054343,0.5576341630151044,55.76341630151044,0.42202356880113917,42.20235688011392,0.24111648641425,24.111648641425,0.0321471864903852,3.21471864903852,0.0321471864903852,0.022503030543269638,scenario,cyp_cystitis,314.7878608710125
0.916666666667,spinal_coord,33.00284202845978,0.964740980835,0.035259019165,0.5582611711829354,55.82611711829354,0.42276790129891384,42.27679012989138,0.24118524520875,24.118524520875003,0.03165124668303764,3.165124668303764,0.03165124668303764,0.022155872678126347,scenario,cyp_cystitis,346.26654695837806
1.0,spinal_coord,33.24966221955765,0.96503140815,0.03496859185,0.5588752864485185,55.88752864485185,0.42348991254802454,42.348991254802456,0.2412578520375,24.12578520375,0.031174717099198578,3.1174717099198577,0.031174717099198578,0.021822301969439004,scenario,cyp_cystitis,377.7452330453661
1.083333333333,spinal_coord,33.493304183139614,0.965335356169,0.034664643831,0.5592292028042228,55.92292028042228,0.4238604850159638,42.38604850159638,0.24133383904225,24.133383904225,0.030530396673654557,3.053039667365456,0.03053039667365456,0.021371277671558192,scenario,cyp_cystitis,418.0726470781736
1.166666666667,spinal_coord,33.73364873905331,0.96565095346,0.03434904654,0.5595701700367524,55.95701700367523,0.42420990889566984,42.42099088956699,0.241412738365,24.141273836499998,0.02991808484431921,2.991808484431921,0.029918084844319213,0.02094265939102345,scenario,cyp_cystitis,458.40006111146505
1.25,spinal_coord,33.97057755970685,0.96597649914,0.03402350086,0.5598969788531422,55.989697885314214,0.4245371387575229,42.45371387575229,0.241494124785,24.149412478499997,0.029335149224576747,2.933514922457675,0.029335149224576747,0.02053460445720372,scenario,cyp_cystitis,498.7274751442727
1.333333333333,spinal_coord,34.203973266393895,0.966312078353,0.033687921647,0.560209458882897,56.020945888289695,0.4248419190595293,42.484191905952926,0.24157801958825,24.157801958825,0.02877922854787602,2.877922854787602,0.02877922854787602,0.020145459983513213,scenario,cyp_cystitis,539.0548891770806
1.416666666667,spinal_coord,34.433719525495434,0.966657045908,0.033342954092,0.560507020738674,56.0507020738674,0.42512367901556525,42.51236790155652,0.241664261477,24.166426147699998,0.028248198807546893,2.8248198807546894,0.028248198807546893,0.019773739165282824,scenario,cyp_cystitis,579.3823032103721
1.5,spinal_coord,34.65970114447569,0.967010379571,0.032989620429,0.5607888604851997,56.07888604851997,0.42538168745659954,42.53816874565995,0.24175259489275,24.175259489275,0.027740144358429735,2.7740144358429735,0.02774014435842973,0.01941810105090081,scenario,cyp_cystitis,619.7097172431793
1.583333333333,spinal_coord,34.881804167585955,0.967371057104,0.032628942896,0.5610541782442438,56.10541782442438,0.4256152186243251,42.561521862432514,0.241842764276,24.1842764276,0.027253333152115467,2.7253333152115466,0.027253333152115467,0.019077333206480827,scenario,cyp_cystitis,660.0371312759869
1.666666666667,spinal_coord,35.099915971116204,0.967737923064,0.032262076936,0.5613021010651045,56.13021010651045,0.4258234937321394,42.58234937321394,0.241934480766,24.1934480766,0.02678619543203319,2.678619543203319,0.02678619543203319,0.01875033680242323,scenario,cyp_cystitis,700.3645453092788
1.75,spinal_coord,35.313925358109486,0.96810685932,0.03189314068,0.5615300418702889,56.153004187028884,0.42600443605371857,42.60044360537186,0.24202671483,24.202671483,0.02633730533712302,2.633730533712302,0.02633730533712302,0.018436113735986113,scenario,cyp_cystitis,740.6919593420862
1.833333333333,spinal_coord,35.52372265245073,0.968474439061,0.031525560939,0.561735819146848,56.1735819146848,0.42615627917546395,42.6156279175464,0.24211860976525,24.211860976525,0.025905364960963205,2.5905364960963206,0.025905364960963205,0.01813375547267424,scenario,cyp_cystitis,781.0193733748937
1.916666666667,spinal_coord,35.72919979217187,0.968838166727,0.031161833273,0.5619177968439374,56.19177968439374,0.4262776735495831,42.627767354958316,0.24220954168175,24.220954168175,0.02548919049225887,2.548919049225887,0.025489190492258874,0.017842433344581212,scenario,cyp_cystitis,821.3467874081856
2.0,spinal_coord,35.93025042188743,0.969195546754,0.030804453246,0.5620743447642811,56.207434476428105,0.42636727743437475,42.636727743437476,0.2422988866885,24.22988866885,0.025087700126212562,2.508770012621256,0.025087700126212562,0.017561390088348793,scenario,cyp_cystitis,861.6742014409929
2.083333333333,spinal_coord,36.12676998427123,0.969543999448,0.030456000552,0.5636526417151642,56.365264171516415,0.42835552247088565,42.835552247088565,0.242385999862,24.2385999862,0.025424308272028,2.5424308272028,0.025424308272027997,0.017797015790419597,scenario,cyp_cystitis,846.4361728472198
2.166666666667,spinal_coord,36.31865581042011,0.969874674543,0.030125325457,0.5651954687730688,56.51954687730688,0.43030240018309174,43.03024001830917,0.24246866863575,24.246866863575,0.025763077985835478,2.5763077985835476,0.025763077985835478,0.018034154590084832,scenario,cyp_cystitis,831.1981442532643
2.25,spinal_coord,36.50580720901905,0.970178642311,0.029821357689,0.5666973286807087,56.66973286807087,0.43220355747061157,43.220355747061156,0.24254466057775,24.254466057775,0.02610399461789313,2.610399461789313,0.026103994617893134,0.018272796232525194,scenario,cyp_cystitis,815.9601156594916
2.333333333333,spinal_coord,36.688125554219134,0.970449926775,0.029550073225,0.568154416689143,56.8154416689143,0.43405591332719073,43.40559133271908,0.24261248169375,24.261248169374998,0.02644704463587883,2.644704463587883,0.02644704463587883,0.01851293124511518,scenario,cyp_cystitis,800.7220870657192
2.416666666667,spinal_coord,36.86551437207959,0.970682551961,0.029317448039,0.569562909048804,56.956290904880404,0.4358563614114054,43.58563614114054,0.24267063799025,24.267063799025,0.02679221573017213,2.679221573017213,0.026792215730172132,0.01875455101112049,scenario,cyp_cystitis,785.4840584717637
2.5,spinal_coord,37.0378794254904,0.970870542969,0.029129457031,0.5709189651395112,57.09189651395113,0.43760177252968163,43.76017725296816,0.24271763574225,24.271763574224998,0.02713949692312299,2.713949692312299,0.027139496923122987,0.01899764784618609,scenario,cyp_cystitis,770.2460298779903
2.583333333333,spinal_coord,37.20512879748852,0.971018414638,0.028981585362,0.5722249100026877,57.222491000268775,0.4392937417909169,43.92937417909169,0.2427546036595,24.27546036595,0.02748887868251372,2.748887868251372,0.02748887868251372,0.019242215077759604,scenario,cyp_cystitis,755.0080012842179
2.666666666667,spinal_coord,37.367172972826744,0.971136268595,0.028863731405,0.5734864049018192,57.34864049018192,0.4409364503374256,44.09364503374256,0.24278406714875,24.278406714875,0.027840353039322346,2.7840353039322348,0.02784035303932235,0.019488247127525643,scenario,cyp_cystitis,739.7699726902619
2.75,spinal_coord,37.52392491771433,0.971227087557,0.028772912443,0.5747049610734695,57.470496107346946,0.4425309189122926,44.25309189122926,0.24280677188925,24.280677188925,0.028193913710020696,2.8193913710020695,0.028193913710020696,0.019735739597014485,scenario,cyp_cystitis,724.5319440964897
2.833333333333,spinal_coord,37.675300157646376,0.97129384016,0.02870615984,0.575882107513279,57.58821075132789,0.4440781966310387,44.40781966310387,0.24282346004,24.282346004,0.0285495562236591,2.85495562236591,0.028549556223659102,0.01998468935656137,scenario,cyp_cystitis,709.2939155027169
2.916666666667,spinal_coord,37.8212168531894,0.97133762037,0.02866237963,0.5770182846167561,57.70182846167561,0.4455785060323415,44.55785060323415,0.2428344050925,24.283440509250003,0.02890727805389167,2.890727805389167,0.028907278053891667,0.020235094637724167,scenario,cyp_cystitis,694.0558869087612
3.0,spinal_coord,37.961595873647255,0.971359125108,0.028640874892,0.5781137121451112,57.81137121451112,0.4470319078241483,44.70319078241483,0.242839781277,24.283978127700003,0.029267078756228807,2.926707875622881,0.0292670787562288,0.02048695512936016,scenario,cyp_cystitis,678.817858314988
3.083333333333,spinal_coord,38.09636086852875,0.971359966631,0.028640033369,0.5791691690885002,57.91691690885003,0.44843890324100033,44.84389032410003,0.24283999165775,24.283999165775,0.02962896011082524,2.962896011082524,0.02962896011082524,0.020740272077577667,scenario,cyp_cystitis,663.5798297212158
3.166666666667,spinal_coord,38.22543833669517,0.971341730691,0.028658269309,0.5801854355701211,58.018543557012116,0.4498000038631615,44.98000038631615,0.24283543267275,24.283543267275,0.02999292627101811,2.999292627101811,0.02999292627101811,0.020995048389712678,scenario,cyp_cystitis,648.3418011272597
3.25,spinal_coord,38.348757693117534,0.971304921415,0.028695078585,0.5811626607634189,58.116266076341894,0.45111524054622526,45.11152405462253,0.24282623035375,24.282623035375,0.030358983917968294,3.0358983917968296,0.030358983917968298,0.02125128874257781,scenario,cyp_cystitis,633.1037725334872
3.333333333333,spinal_coord,38.46625133317101,0.971250050011,0.028749949989,0.582101009351699,58.2101009351699,0.4523846624652654,45.238466246526535,0.24281251250275,24.281251250274998,0.03072714242178694,3.072714242178694,0.030727142421786945,0.02150899969525086,scenario,cyp_cystitis,617.8657439397142
3.416666666667,spinal_coord,38.577854694356745,0.971178018306,0.028821981694,0.583000891483895,58.3000891483895,0.4536085158765266,45.36085158765266,0.2427945045765,24.27945045765,0.03109741400943822,3.1097414009438222,0.031097414009438225,0.021768189806606757,scenario,cyp_cystitis,602.627715345759
3.5,spinal_coord,38.68350631538782,0.971089722162,0.028910277838,0.5838627258520659,58.38627258520659,0.45478706041542116,45.47870604154212,0.2427724305405,24.27724305405,0.031469813939858315,3.1469813939858318,0.031469813939858315,0.022028869757900818,scenario,cyp_cystitis,587.389686751986
3.583333333333,spinal_coord,38.78314789257409,0.970985938514,0.029014061486,0.5846868712131723,58.46868712131723,0.45592051544622975,45.592051544622976,0.2427464846285,24.27464846285,0.031844360686765376,3.1844360686765376,0.031844360686765376,0.022291052480735762,scenario,cyp_cystitis,572.1516581582132
3.666666666667,spinal_coord,38.87672433340948,0.970867464204,0.029132535796,0.585473709159326,58.547370915932596,0.45700912414443456,45.70091241444346,0.242716866051,24.2716866051,0.03222107612955182,3.222107612955182,0.03222107612955182,0.022554753290686274,scenario,cyp_cystitis,556.9136295642575
3.75,spinal_coord,38.964183807306426,0.970735128211,0.029264871789,0.5862236511983986,58.622365119839856,0.45805315886086484,45.80531588608648,0.24268378205275,24.268378205275003,0.0325999857528091,3.25999857528091,0.032599985752809105,0.022819990026966372,scenario,cyp_cystitis,541.6756009704845
3.833333333333,spinal_coord,39.04547779342067,0.970589907443,0.029410092557,0.5869372085154101,58.69372085154101,0.4590529755395467,45.90529755395467,0.24264747686075,24.264747686075,0.03298111885508032,3.2981118855080322,0.03298111885508032,0.023086783198556223,scenario,cyp_cystitis,526.4375723767121
3.916666666667,spinal_coord,39.12056112548439,0.970434353375,0.029565646625,0.5876158560172551,58.76158560172551,0.46000969023134003,46.000969023134004,0.24260858834375,24.260858834375,0.03336450876736125,3.336450876736125,0.03336450876736125,0.023355156137152874,scenario,cyp_cystitis,511.19954378275645
4.0,spinal_coord,39.18939203360148,0.970270202937,0.029729797063,0.5882605894472318,58.82605894472318,0.46092405161730904,46.0924051617309,0.24256755073425,24.256755073424998,0.03375019308204231,3.375019308204231,0.03375019308204231,0.023625135157429613,scenario,cyp_cystitis,495.9615151889837
4.083333333333,spinal_coord,39.2519321829573,0.970098811031,0.029901188969,0.588674494845836,58.8674494845836,0.46153305611744805,46.153305611744806,0.24252470275775,24.252470275775,0.03398163916064259,3.398163916064259,0.0339816391606426,0.023787147412449815,scenario,cyp_cystitis,487.7872531067545
4.166666666667,spinal_coord,39.308146709376544,0.969921532561,0.030078467439,0.5890553426860612,58.90553426860612,0.46209994606108157,46.209994606108154,0.24248038314025,24.248038314025,0.03421021295859851,3.421021295859851,0.03421021295859852,0.02394714907101896,scenario,cyp_cystitis,479.6129910244279
4.25,spinal_coord,39.358004251692826,0.969739722432,0.030260277568,0.5894039332269319,58.94039332269318,0.4626253368252425,46.26253368252425,0.242434930608,24.2434930608,0.03443584598004895,3.443584598004895,0.03443584598004895,0.024105092186034266,scenario,cyp_cystitis,471.4387289421989
4.333333333333,spinal_coord,39.401476980892305,0.969554735547,0.030445264453,0.5897210736438603,58.97210736438603,0.4631098530094803,46.31098530094803,0.24238868388675,24.238868388675,0.034658471190082564,3.4658471190082563,0.034658471190082564,0.024260929833057793,scenario,cyp_cystitis,463.2644668599699
4.416666666667,spinal_coord,39.438540625981375,0.969367926809,0.030632073191,0.5900075775197385,59.00075775197385,0.4635541277566514,46.35541277566514,0.24234198170225,24.234198170225,0.034878023068060614,3.4878023068060613,0.03487802306806061,0.024414616147642423,scenario,cyp_cystitis,455.09020477764284
4.5,spinal_coord,39.46917449655254,0.9691802445,0.0308197555,0.5902640166945428,59.02640166945427,0.463958607426057,46.3958607426057,0.242295061125,24.229506112499998,0.03509443766004745,3.5094437660047455,0.035094437660047446,0.02456610636203321,scenario,cyp_cystitis,446.91594269541395
4.583333333333,spinal_coord,39.49336150202137,0.968990808417,0.031009191583,0.5904898535866623,59.04898535866623,0.46432286864321637,46.43228686432164,0.24224770210425,24.224770210425,0.03530765263033296,3.530765263033296,0.03530765263033297,0.024715356841233077,scenario,cyp_cystitis,438.74168061318466
4.666666666667,spinal_coord,39.51108816750157,0.968800086842,0.031199913158,0.5906853749072716,59.06853749072716,0.46464713759569537,46.464713759569534,0.2422000217105,24.22000217105,0.03551760731196226,3.551760731196226,0.03551760731196226,0.024862325118373583,scenario,cyp_cystitis,430.56741853085794
4.75,spinal_coord,39.52234464630329,0.968608788937,0.031391211063,0.5908510181798313,59.08510181798313,0.4649317612607751,46.493176126077515,0.24215219723425,24.215219723425,0.0357242427562617,3.57242427562617,0.0357242427562617,0.02500696992938319,scenario,cyp_cystitis,422.39315644862893
4.833333333333,spinal_coord,39.52712472903853,0.968417623865,0.031582376135,0.5909872248463983,59.09872248463983,0.4651770918401977,46.517709184019765,0.24210440596625,24.210440596625,0.035927501781348736,3.5927501781348736,0.035927501781348736,0.025149251246944115,scenario,cyp_cystitis,414.2188943663999
4.916666666667,spinal_coord,39.52542584931821,0.968227300787,0.031772699213,0.5910944399903588,59.10944399903588,0.4653834863914784,46.53834863914784,0.24205682519675,24.205682519675,0.03612732901954807,3.612732901954807,0.03612732901954807,0.02528913031368365,scenario,cyp_cystitis,406.0446322840729
5.0,spinal_coord,39.51724908603707,0.968038528865,0.031961471135,0.5911731120697812,59.117311206978115,0.46555130647137494,46.555130647137496,0.24200963221625,24.200963221625,0.03632367096370673,3.6323670963706727,0.036323670963706735,0.025426569674594713,scenario,cyp_cystitis,397.8703702018438
5.083333333333,spinal_coord,39.50259916224181,0.96785201726,0.03214798274,0.5912236926547909,59.122369265479094,0.4656809177863879,46.568091778638795,0.241963004315,24.1963004315,0.03651647601239971,3.6516476012399712,0.03651647601239972,0.025561533208679803,scenario,cyp_cystitis,389.69610811961496
5.166666666667,spinal_coord,39.481484440584396,0.967667769926,0.032332230074,0.5912462052915407,59.12462052915407,0.46577235041338755,46.57723504133875,0.2419169424815,24.19169424815,0.036705694513955875,3.6705694513955875,0.036705694513955875,0.02569398615976911,scenario,cyp_cystitis,381.5218460372879
5.25,spinal_coord,39.45391691536821,0.96748437213,0.03251562787,0.591239808854985,59.1239808854985,0.46582495442997995,46.582495442997995,0.2418710930325,24.18710930325,0.03689127880930088,3.6891278809300885,0.03689127880930088,0.025823895166510617,scenario,cyp_cystitis,373.3475839550589
5.333333333333,spinal_coord,39.41991220119368,0.967301822365,0.032698177635,0.5912045277987783,59.12045277987783,0.46583876294337107,46.58387629433711,0.24182545559125,24.182545559125,0.03707318327361321,3.707318327361321,0.03707318327361322,0.025951228291529252,scenario,cyp_cystitis,365.1733218728299
5.416666666667,spinal_coord,39.37948951822294,0.967120202751,0.032879797249,0.5911404402088667,59.114044020886666,0.4658138526948223,46.581385269482226,0.24178005068775,24.178005068775,0.037251364356730515,3.7251364356730514,0.03725136435673052,0.026075955049711365,scenario,cyp_cystitis,356.9990597905029
5.5,spinal_coord,39.33267167408242,0.966939595411,0.033060404589,0.5910476266855815,59.10476266855815,0.4657503037771087,46.57503037771087,0.24173489885275,24.173489885275,0.03742578062230783,3.7425780622307827,0.03742578062230783,0.02619804643561548,scenario,cyp_cystitis,348.82479770827405
5.583333333333,spinal_coord,39.279485042421165,0.966760082465,0.033239917535,0.5909261703119121,59.09261703119121,0.4656481995942161,46.56481995942161,0.24169002061625,24.169002061625,0.03759639278572811,3.7596392785728106,0.0375963927857281,0.02631747495000967,scenario,cyp_cystitis,340.6505356260449
5.666666666667,spinal_coord,39.21995953816186,0.966581746034,0.033418253966,0.5907761566350234,59.077615663502336,0.4655076268353644,46.55076268353644,0.2416454365085,24.16454365085,0.03776316375071056,3.776316375071056,0.03776316375071056,0.02643421462549739,scenario,cyp_cystitis,332.4762735437179
5.75,spinal_coord,39.15412858947422,0.966404668241,0.033595331759,0.5905976736530654,59.059767365306534,0.46532867545708717,46.53286754570872,0.24160116706025,24.160116706025,0.03792605864462323,3.792605864462323,0.03792605864462323,0.02654824105123626,scenario,cyp_cystitis,324.302011461489
5.833333333333,spinal_coord,39.08202910649963,0.966228973608,0.033771026392,0.5903908377141273,59.03908377141273,0.46511145908283635,46.51114590828364,0.241557243402,24.1557243402,0.038085044852505,3.8085044852505003,0.038085044852504996,0.026659531396753495,scenario,cyp_cystitis,316.12774937926
5.916666666667,spinal_coord,39.00370144688057,0.966054817017,0.033945182983,0.5901557861338362,59.015578613383624,0.4648561091727816,46.48561091727816,0.24151370425425,24.151370425425,0.03824009204975119,3.8240092049751193,0.03824009204975119,0.026768064434825833,scenario,cyp_cystitis,307.953487296933
6.0,spinal_coord,38.91918937813531,0.965882304838,0.034117695162,0.5898926289957299,58.98926289957299,0.46456273704830653,46.45627370483065,0.2414705762095,24.14705762095,0.03839117223347429,3.839117223347429,0.03839117223347429,0.026873820563432002,scenario,cyp_cystitis,299.7792252147041
6.083333333333,spinal_coord,38.8285400369167,0.965711543119,0.034288456881,0.589601478612376,58.9601478612376,0.464231457110168,46.4231457110168,0.24142788577975,24.142788577975,0.038538259752550146,3.8538259752550146,0.038538259752550146,0.0269767818267851,scenario,cyp_cystitis,291.60496313247495
6.166666666667,spinal_coord,38.73180388522513,0.965542637909,0.034457362091,0.5892824497369549,58.928244973695485,0.4638623870129398,46.38623870129398,0.24138565947725,24.138565947725,0.0386813313363127,3.86813313363127,0.0386813313363127,0.027076931935418887,scenario,cyp_cystitis,283.4307010501481
6.25,spinal_coord,38.62903466362569,0.965375695256,0.034624304744,0.5889356595831547,58.89356595831548,0.4634556476922063,46.34556476922063,0.241343923814,24.134392381399998,0.03882036612191447,3.8820366121914467,0.03882036612191447,0.027174256285340124,scenario,cyp_cystitis,275.256438967919
6.333333333333,spinal_coord,38.520289341518094,0.965210821209,0.034789178791,0.5885612278543512,58.85612278543512,0.4630113634028015,46.30113634028015,0.24130270530225,24.130270530225,0.03895534568036802,3.895534568036802,0.03895534568036802,0.027268741976257612,scenario,cyp_cystitis,267.0821768856902
6.416666666667,spinal_coord,38.405628064544786,0.965048124269,0.034951875731,0.5881592782721774,58.81592782721774,0.4625296629399033,46.252966293990326,0.24126203106725,24.126203106725,0.039086254041241664,3.9086254041241664,0.039086254041241664,0.027360377828869163,scenario,cyp_cystitis,258.90791480336316
6.5,spinal_coord,38.285114099196115,0.96488798866,0.03511201134,0.5877301050679707,58.77301050679707,0.46201081053729426,46.201081053729425,0.241221997165,24.1221997165,0.03921307771603136,3.9213077716031357,0.039213077716031365,0.027449154401221955,scenario,cyp_cystitis,250.73365272113406
6.583333333333,spinal_coord,38.15881377467011,0.964730635699,0.035269364301,0.5872739055018952,58.72739055018952,0.4614549954361936,46.14549954361936,0.24118265892475,24.118265892474998,0.03933580572023076,3.9335805720230756,0.03933580572023076,0.02753506400416153,scenario,cyp_cystitis,242.5593906389051
6.666666666667,spinal_coord,38.026796422086264,0.964576065386,0.035423934614,0.5867907446301053,58.67907446301053,0.46086230437814046,46.086230437814045,0.2411440163465,24.11440163465,0.039454429594081526,3.945442959408153,0.039454429594081526,0.027618100715857068,scenario,cyp_cystitis,234.38512855657808
6.75,spinal_coord,37.88913431112054,0.964424277723,0.035575722277,0.58628069035261,58.628069035261,0.46023282789581327,46.02328278958133,0.24110606943075,24.110606943075,0.03956894342203281,3.9568943422032805,0.03956894342203281,0.027698260395422964,scenario,cyp_cystitis,226.2108664743491
6.833333333333,spinal_coord,37.74590258412657,0.964275272708,0.035724727292,0.5857438135089874,58.57438135089874,0.45956666044265,45.956666044265,0.241068818177,24.1068818177,0.03967934385093705,3.967934385093705,0.03967934385093704,0.027775540695655927,scenario,cyp_cystitis,218.0366043921203
6.916666666667,spinal_coord,37.59717918785586,0.964129050342,0.035870949658,0.585180187988219,58.5180187988219,0.45886390053695864,45.88639005369586,0.2410322625855,24.103226258550002,0.03978563010697533,3.9785630106975325,0.039785630106975334,0.02784994107488273,scenario,cyp_cystitis,209.86234230979326
7.0,spinal_coord,37.44304480285065,0.963985610624,0.036014389376,0.5845898908372745,58.45898908372745,0.458124650908366,45.812465090836604,0.240996402656,24.0996402656,0.039887804011346756,3.9887804011346755,0.039887804011346756,0.027921462807942728,scenario,cyp_cystitis,201.68808022756414
7.083333333333,spinal_coord,37.28358277058166,0.963844953555,0.036155046445,0.5839730023810272,58.39730023810272,0.45734901865636957,45.73490186563696,0.24096123838875,24.096123838875,0.039985869994756305,3.9985869994756307,0.0399858699947563,0.027990108996329408,scenario,cyp_cystitis,193.51381814533525
7.166666666667,spinal_coord,37.11887901845451,0.963707079134,0.036292920866,0.5833296063431309,58.33296063431309,0.45653711541284114,45.65371154128412,0.2409267697835,24.09267697835,0.04007983511070437,4.007983511070437,0.040079835110704363,0.028055884577493053,scenario,cyp_cystitis,185.33955606300825
7.25,spinal_coord,36.94902198276478,0.963572079648,0.036427920352,0.5826598457815473,58.26598457815473,0.4556891011593964,45.568910115939644,0.240893019912,24.0893019912,0.04016970904762004,4.016970904762004,0.04016970904762003,0.028118796333334018,scenario,cyp_cystitis,177.16529398077935
7.333333333333,spinal_coord,36.77410252967898,0.963440318916,0.036559681084,0.5819640311997148,58.196403119971485,0.4548052686276198,45.48052686276198,0.240860079729,24.0860079729,0.040255504139879016,4.025550413987902,0.04025550413987901,0.028178852897915305,scenario,cyp_cystitis,168.99103189855035
7.416666666667,spinal_coord,36.59421387437547,0.96331183413,0.03668816587,0.5812422788348008,58.12422788348008,0.4538857604030678,45.38857604030678,0.2408279585325,24.08279585325,0.04033723537772105,4.033723537772104,0.04033723537772105,0.028236064764404732,scenario,cyp_cystitis,160.81676981622326
7.5,spinal_coord,36.40945149842985,0.963186625289,0.036813374711,0.5804946862728269,58.049468627282685,0.4529307066007691,45.293070660076914,0.24079665632225,24.079665632225,0.04041492041611607,4.041492041611607,0.040414920416116065,0.028290444291281244,scenario,cyp_cystitis,152.6425077339943
7.583333333333,spinal_coord,36.219913065525944,0.963064692394,0.036935307606,0.5797213551128059,57.972135511280584,0.4519402426857411,45.19402426857411,0.2407661730985,24.07661730985,0.04048857958262791,4.048857958262791,0.0404885795826279,0.02834200570783953,scenario,cyp_cystitis,144.46824565176533
7.666666666667,spinal_coord,36.02569833563534,0.962946035445,0.037053964555,0.5789223911198332,57.89223911198332,0.450914509678111,45.0914509678111,0.24073650886125,24.073650886125,0.0405582358843021,4.0558235884302105,0.0405582358843021,0.02839076511901147,scenario,cyp_cystitis,136.29398356943824
7.75,spinal_coord,35.8269090777526,0.962830654442,0.037169345558,0.5780979043851171,57.80979043851171,0.44985365436615615,44.985365436615616,0.2407076636105,24.07076636105,0.040623915013635305,4.06239150136353,0.0406239150136353,0.028436740509544707,scenario,cyp_cystitis,128.11972148720938
7.833333333333,spinal_coord,35.62364898127051,0.962718549384,0.037281450616,0.5772480094890147,57.72480094890147,0.44875782952401955,44.875782952401956,0.240679637346,24.0679637346,0.04068564535368356,4.068564535368356,0.04068564535368356,0.028479951747578492,scenario,cyp_cystitis,119.94545940498044
7.916666666667,spinal_coord,35.416023566144844,0.962609720272,0.037390279728,0.5763728256705939,57.63728256705939,0.4476271941367918,44.76271941367918,0.240652430068,24.0652430068,0.04074345798234867,4.074345798234867,0.04074345798234867,0.028520420587644067,scenario,cyp_cystitis,111.77119732265338
8.0,spinal_coord,35.20414009193764,0.962504259883,0.037495740117,0.5754725324679161,57.547253246791605,0.4464619566628881,44.64619566628881,0.24062606497075,24.062606497075002,0.04079738667590924,4.079738667590925,0.04079738667590924,0.028558170673136467,scenario,cyp_cystitis,103.5969352404244
8.083333333333,spinal_coord,34.98810746582462,0.962409382161,0.037590617839,0.574339267973409,57.433926797340895,0.44498256324421187,44.498256324421185,0.24060234554025,24.060234554025,0.04059100265256893,4.059100265256893,0.04059100265256894,0.028413701856798253,scenario,cyp_cystitis,102.63861149030635
8.166666666667,spinal_coord,34.76803614972147,0.962329615549,0.037670384451,0.5731880401278293,57.318804012782934,0.44347418165410585,44.34741816541059,0.24058240388725,24.058240388725,0.04037966939038888,4.037966939038888,0.04037966939038888,0.028265768573272215,scenario,cyp_cystitis,101.6802877401768
8.25,spinal_coord,34.544038066618164,0.962264960046,0.037735039954,0.572018961177247,57.2018961177247,0.4419369615543293,44.19369615543293,0.2405662400115,24.056624001150002,0.040163492609099426,4.0163492609099425,0.040163492609099426,0.028114444826369597,scenario,cyp_cystitis,100.7219639900587
8.333333333333,spinal_coord,34.31622650620696,0.962215415652,0.037784584348,0.5708321480080429,57.08321480080429,0.4403710587933906,44.03710587933906,0.240553853913,24.0553853913,0.03994257999726864,3.994257999726864,0.03994257999726864,0.027959805998088047,scenario,cyp_cystitis,99.76364023994061
8.416666666667,spinal_coord,34.084716029962316,0.962180982368,0.037819017632,0.5696277223800672,56.96277223800672,0.4387766357174229,43.87766357174229,0.240545245592,24.0545245592,0.03971704112980139,3.9717041129801394,0.03971704112980139,0.027801928790860974,scenario,cyp_cystitis,98.80531648981113
8.5,spinal_coord,33.84962237576058,0.962161646287,0.037838353713,0.5684058029447836,56.84058029447836,0.43715385516404476,43.715385516404474,0.24054041157175,24.054041157175,0.03948698738417476,3.9486987384174763,0.03948698738417476,0.027640891168922332,scenario,cyp_cystitis,97.84699273969302
8.583333333333,spinal_coord,33.611062362123846,0.962156013387,0.037843986613,0.5671657002278663,56.71657002278663,0.4355022625081551,43.55022625081551,0.24053900334675,24.053900334675,0.039252531855464574,3.9252531855464574,0.039252531855464574,0.0274767722988252,scenario,cyp_cystitis,96.888668989575
8.666666666667,spinal_coord,33.36915379224784,0.962163157497,0.037836842503,0.5659070128297825,56.59070128297825,0.4338216312740433,43.382163127404326,0.24054078937425,24.054078937425,0.03901378927029383,3.901378927029383,0.03901378927029382,0.027309652489205673,scenario,cyp_cystitis,95.9303452394454
8.75,spinal_coord,33.12401535789928,0.962183078618,0.037816921382,0.5646298938585963,56.46298938585963,0.43211216560546173,43.21121656054617,0.2405457696545,24.05457696545,0.038770875899762795,3.8770875899762793,0.0387708758997628,0.02713961312983396,scenario,cyp_cystitis,94.97202148932732
8.833333333333,spinal_coord,32.87576654326415,0.962215776748,0.037784223252,0.5633345028514811,56.33345028514811,0.43037407821930823,43.03740782193082,0.240553944187,24.0553944187,0.03852390947141865,3.852390947141865,0.03852390947141865,0.026966736629993052,scenario,cyp_cystitis,94.01369773920928
8.916666666667,spinal_coord,32.62452752890709,0.962261251887,0.037738748113,0.562021006010229,56.2021006010229,0.428607590717972,42.8607590717972,0.24056531297175,24.056531297175,0.03827300908040166,3.8273009080401663,0.038273009080401654,0.026791106356281156,scenario,cyp_cystitis,93.05537398907971
9.0,spinal_coord,32.37041909592325,0.962319489626,0.037680510374,0.5606895680362097,56.06895680362097,0.4268129275062796,42.68129275062796,0.2405798724065,24.05798724065,0.038018295099830283,3.8018295099830284,0.03801829509983028,0.026612806569881194,scenario,cyp_cystitis,92.09705023896163
9.083333333333,spinal_coord,32.11356253036023,0.962388546676,0.037611453324,0.5593392397755579,55.933923977555786,0.42498947080874383,42.49894708087438,0.240597136669,24.059713666900002,0.03775988909048456,3.7759889090484564,0.03775988909048456,0.026431922363339192,scenario,cyp_cystitis,91.13872648884363
9.166666666667,spinal_coord,31.85407952806846,0.962467055655,0.037532944345,0.5579694247299929,55.79694247299929,0.42313688108832387,42.31368810883239,0.24061676391375,24.061676391375002,0.03749791370993109,3.7497913709931088,0.03749791370993109,0.02624853959695176,scenario,cyp_cystitis,90.18040273871404
9.25,spinal_coord,31.59209210005674,0.962555016564,0.037444983436,0.55658033312542,55.658033312542,0.4212554386458934,42.12554386458934,0.240638754141,24.0638754141,0.03723249262115266,3.7232492621152664,0.03723249262115266,0.02606274483480686,scenario,cyp_cystitis,89.22207898859598
9.333333333333,spinal_coord,31.327722478424782,0.962652429401,0.037347570599,0.5551721834849789,55.517218348497885,0.4193454348463052,41.934543484630524,0.24066310735025,24.066310735025002,0.0369637504007439,3.6963750400743898,0.03696375040074391,0.025874625280520733,scenario,cyp_cystitis,88.26375523847794
9.416666666667,spinal_coord,31.06109302302864,0.962759294168,0.037240705832,0.5537452028412023,55.37452028412023,0.4174071723989364,41.74071723989364,0.240689823542,24.0689823542,0.03669181244682008,3.669181244682008,0.03669181244682008,0.025684268712774055,scenario,cyp_cystitis,87.30543148834836
9.5,spinal_coord,30.792326128948886,0.962875610536,0.037124389464,0.5522996267469623,55.22996267469623,0.41544096548394976,41.544096548394975,0.240718902634,24.0718902634,0.03641680488670334,3.641680488670334,0.03641680488670333,0.025491763420692332,scenario,cyp_cystitis,86.34710773823032
9.583333333333,spinal_coord,30.52154413482765,0.963001204659,0.036998795341,0.5508356004132748,55.08356004132749,0.4134470656646999,41.34470656646999,0.24075030116475,24.075030116475,0.03613885448444763,3.6138854484447633,0.03613885448444764,0.025297198139113346,scenario,cyp_cystitis,85.38878398811222
9.666666666667,spinal_coord,30.24886923222546,0.963135537319,0.036864462681,0.5493530708751004,54.93530708751004,0.4114255820604672,41.14255820604672,0.24078388432975,24.078388432975,0.03585808854835322,3.585808854835322,0.03585808854835322,0.025100661983847253,scenario,cyp_cystitis,84.4304602379827
9.75,spinal_coord,29.974423376060766,0.963278034772,0.036721965228,0.5478519783821973,54.78519783821974,0.40937662625226307,40.93766262522631,0.240819508693,24.0819508693,0.03557463483853429,3.557463483853429,0.0355746348385343,0.02490224438697401,scenario,cyp_cystitis,83.47213648786463
9.833333333333,spinal_coord,29.698328196190843,0.963428123272,0.036571876728,0.5463322765659779,54.633227656597796,0.4073003276639705,40.73003276639705,0.240857030818,24.0857030818,0.03528862147460089,3.528862147460089,0.03528862147460089,0.024702035032220623,scenario,cyp_cystitis,82.51381273774656
9.916666666667,spinal_coord,29.42070491027929,0.963585229072,0.036414770928,0.5447939327378104,54.47939327378104,0.40519683395974715,40.51968339597472,0.240896307268,24.0896307268,0.035000176843607726,3.5000176843607727,0.035000176843607726,0.024500123790525408,scenario,cyp_cystitis,81.55548898761698
10.0,spinal_coord,29.14167423800479,0.963748778428,0.036251221572,0.5432369281758042,54.323692817580415,0.4030663114250722,40.30663114250722,0.240937194607,24.0937194607,0.034709429508332265,3.4709429508332263,0.03470942950833227,0.024296600655832588,scenario,cyp_cystitis,80.5971652374989
10.083333333333,spinal_coord,28.861356316661777,0.963918197592,0.036081802408,0.5416612583910777,54.16612583910777,0.40090894532410365,40.09089453241037,0.240979549398,24.0979549398,0.03441650811594176,3.441650811594176,0.034416508115941755,0.024091555681159227,scenario,cyp_cystitis,79.63884148738084
10.166666666667,spinal_coord,28.579870618291196,0.964092912819,0.035907087181,0.5400669333870781,54.00669333870781,0.3987249402431041,39.87249402431041,0.24102322820475,24.102322820475,0.034121541307202526,3.4121541307202525,0.034121541307202526,0.023885078915041765,scenario,cyp_cystitis,78.68051773725132
10.25,spinal_coord,28.297335868387226,0.964272350399,0.035727649601,0.5384539779168257,53.84539779168257,0.3965145204227677,39.651452042276766,0.24106808759975,24.106808759975,0.03382465762629147,3.382465762629147,0.03382465762629148,0.023677260338404033,scenario,cyp_cystitis,77.72219398713325
10.333333333333,spinal_coord,28.01386996622164,0.964456770315,0.035543229685,0.5368228957243768,53.68228957243768,0.3942782708608357,39.427827086083575,0.24111419257875,24.111419257875,0.033525985431267065,3.3525985431267067,0.03352598543126706,0.02346818980188694,scenario,cyp_cystitis,76.76387023701515
10.416666666667,spinal_coord,27.729589906916193,0.964646636795,0.035353363205,0.535174312958759,53.517431295875895,0.3920168716800119,39.20168716800119,0.24116165919875,24.116165919874998,0.033225652805352335,3.3225652805352333,0.033225652805352335,0.023257956963746634,scenario,cyp_cystitis,75.8055464868856
10.5,spinal_coord,27.444611705299284,0.964841713834,0.035158286166,0.533508476183749,53.3508476183749,0.3897307303003319,38.97307303003319,0.2412104284585,24.12104284585,0.032923787469086495,3.2923787469086494,0.03292378746908649,0.02304665122836054,scenario,cyp_cystitis,74.84722273676755
10.583333333333,spinal_coord,27.15905032157928,0.965041765424,0.034958234576,0.5318256447400534,53.182564474005346,0.3874202711787379,38.74202711787379,0.241260441356,24.1260441356,0.032620516693398924,3.2620516693398924,0.03262051669339893,0.02283436168537925,scenario,cyp_cystitis,73.8888989866495
10.666666666667,spinal_coord,26.87301958895602,0.96524655556,0.03475344444,0.5301260908379313,53.01260908379313,0.38508593593057494,38.5085935930575,0.24131163889,24.131163889,0.03231596721375586,3.231596721375586,0.03231596721375586,0.022621177049629102,scenario,cyp_cystitis,72.93057523651996
10.75,spinal_coord,26.586632143196866,0.965455848237,0.034544151763,0.5284100996268607,52.84100996268607,0.38272818342348086,38.27281834234809,0.24136396205925,24.136396205925,0.03201026514543199,3.201026514543199,0.032010265145431996,0.022407185601802396,scenario,cyp_cystitis,71.97225148640189
10.833333333333,spinal_coord,26.299999354199883,0.965669407448,0.034330592552,0.5266779692468853,52.667796924688524,0.3803474898465136,38.034748984651365,0.241417351862,24.141735186200002,0.03170353589995609,3.170353589995609,0.03170353589995609,0.02219247512996926,scenario,cyp_cystitis,71.0139277362838
10.916666666667,spinal_coord,26.0132312596562,0.965886997188,0.034113002812,0.5249300108640149,52.49300108640149,0.3779443487560199,37.79443487560199,0.241471749297,24.1471749297,0.03139590410287761,3.139590410287761,0.03139590410287762,0.021977132872014332,scenario,cyp_cystitis,70.05560398615422
11.0,spinal_coord,25.726436500827752,0.96610838145,0.03389161855,0.5231665486811329,52.31665486811329,0.3755192710915105,37.55192710915105,0.2415270953625,24.15270953625,0.031087493512900764,3.1087493512900766,0.031087493512900764,0.021761245459030534,scenario,cyp_cystitis,69.0972802360362
11.083333333333,spinal_coord,25.439722260452854,0.966333512145,0.033666487855,0.5213880213228896,52.138802132288966,0.3730728577155195,37.30728577155195,0.24158337803625,24.158337803625,0.03077842694242983,3.077842694242983,0.030778426942429837,0.021544898859700883,scenario,cyp_cystitis,68.13895648591813
11.166666666667,spinal_coord,25.15319420288181,0.966562448109,0.033437551891,0.5195949364040435,51.959493640404354,0.3706057658357247,37.06057658357247,0.24164061202725,24.164061202725,0.03046882617966755,3.0468826179667547,0.030468826179667553,0.021328178325767284,scenario,cyp_cystitis,67.18063273578856
11.25,spinal_coord,24.86695641644836,0.966795042508,0.033204957492,0.5177877019633069,51.77877019633069,0.36811858844840917,36.81185884484092,0.241698760627,24.1698760627,0.030158811912306724,3.0158811912306724,0.03015881191230672,0.021111168338614702,scenario,cyp_cystitis,66.22230898567052
11.333333333333,spinal_coord,24.581111358079326,0.967031147711,0.032968852289,0.5159667377280807,51.59667377280807,0.36561193440044093,36.56119344004409,0.24175778692775,24.175778692774998,0.029848503652852288,2.984850365285229,0.029848503652852288,0.020893952556996602,scenario,cyp_cystitis,65.26398523555243
11.416666666667,spinal_coord,24.295759800234364,0.967270616083,0.032729383917,0.514132475436799,51.413247543679894,0.36308642855473194,36.308642855473195,0.24181765402075,24.181765402075,0.029538019665709382,2.9538019665709383,0.02953801966570938,0.020676613765996565,scenario,cyp_cystitis,64.30566148542289
11.5,spinal_coord,24.011000780171315,0.967513299993,0.032486700007,0.5122853587135431,51.22853587135431,0.36054271162039075,36.05427116203907,0.24187832499825,24.187832499825,0.029227476896070262,2.9227476896070264,0.029227476896070265,0.020459233827249186,scenario,cyp_cystitis,63.347337735304805
11.583333333333,spinal_coord,23.72693155152946,0.967759051808,0.032240948192,0.5104258429120057,51.04258429120057,0.35798143994667425,35.79814399466743,0.241939762952,24.193976295200002,0.02891699090062978,2.891699090062978,0.028916990900629776,0.020241893630440842,scenario,cyp_cystitis,62.38901398518674
11.666666666667,spinal_coord,23.443647538312238,0.968007723896,0.031992276104,0.5085543949411503,50.85543949411503,0.3554032852895337,35.54032852895337,0.242001930974,24.2001930974,0.028606675780257745,2.8606675780257746,0.028606675780257742,0.020024673046180417,scenario,cyp_cystitis,61.43069023505717
11.75,spinal_coord,23.161242291254588,0.968259168623,0.031740831377,0.506671493064069,50.6671493064069,0.3528089345444253,35.28089345444253,0.24206479215575,24.206479215575,0.028296644114652464,2.8296644114652465,0.028296644114652467,0.019807650880256725,scenario,cyp_cystitis,60.472366484939144
11.833333333333,spinal_coord,22.87980744655767,0.968513329123,0.031486670877,0.5047776739825923,50.47776739825923,0.3501991222691231,35.01991222691231,0.24212833228075,24.212833228075002,0.0279870068989975,2.79870068989975,0.027987006898997496,0.019590904829298247,scenario,cyp_cystitis,59.514042734821075
11.916666666667,spinal_coord,22.59943268706182,0.968770235734,0.031229764266,0.5028735297849897,50.287352978498966,0.3475746278019862,34.75746278019862,0.2421925589335,24.21925589335,0.02767787348274092,2.767787348274092,0.02767787348274092,0.019374511437918643,scenario,cyp_cystitis,58.5557189846915
12.0,spinal_coord,22.32020570583325,0.969029792951,0.030970207049,0.5009595966040251,50.095959660402514,0.3449361978217001,34.49361978217001,0.24225744823775,24.225744823775,0.02736935151051282,2.736935151051282,0.027369351510512816,0.01915854605735897,scenario,cyp_cystitis,57.59739523457345
12.083333333333,spinal_coord,22.042212172137784,0.969291903265,0.030708096735,0.4990097013817269,49.90097013817269,0.3422489674206359,34.224896742063585,0.24232297581625,24.232297581625,0.02703728432596466,2.703728432596466,0.027037284325964653,0.018926099028175256,scenario,cyp_cystitis,57.61364471904569
12.166666666667,spinal_coord,21.76553569986205,0.969556469166,0.030443530834,0.4970512965974284,49.705129659742845,0.3395495724079045,33.95495724079045,0.2423891172915,24.23891172915,0.02670657342873416,2.670657342873416,0.02670657342873416,0.018694601400113912,scenario,cyp_cystitis,57.62989420351814
12.25,spinal_coord,21.4902578183485,0.969823393143,0.030176606857,0.4950849529232238,49.50849529232238,0.33683880618329837,33.68388061832984,0.24245584828575,24.245584828575,0.0263773191737988,2.63773191737988,0.0263773191737988,0.01846412342165916,scenario,cyp_cystitis,57.64614368799042
12.333333333333,spinal_coord,21.216457945608344,0.970092577688,0.029907422312,0.4931112498510575,49.31112498510575,0.33411747390540997,33.411747390540995,0.242523144422,24.2523144422,0.026049619638478877,2.6049619638478876,0.026049619638478877,0.01823473374693521,scenario,cyp_cystitis,57.66239317246267
12.416666666667,spinal_coord,20.944213363963016,0.97036392529,0.02963607471,0.4911307752829706,49.11307752829706,0.33138639194729413,33.138639194729414,0.2425909813225,24.259098132250003,0.02572357058214238,2.572357058214238,0.02572357058214238,0.018006499407499665,scenario,cyp_cystitis,57.67864265693513
12.5,spinal_coord,20.673599198071607,0.97063733844,0.02936266156,0.4891441251038864,48.91441251038864,0.3286463873251818,32.86463873251818,0.24265933461,24.265933461,0.025399265408567625,2.5399265408567624,0.025399265408567625,0.017779485785997338,scenario,cyp_cystitis,57.694892141407365
12.583333333333,spinal_coord,20.404688395300088,0.970912468405,0.029087531595,0.48715177667718734,48.715177667718734,0.3258982127679164,32.58982127679164,0.24272811710125,24.272811710125,0.025076795130942266,2.5076795130942267,0.02507679513094227,0.017553756591659586,scenario,cyp_cystitis,57.711141625879605
12.666666666667,spinal_coord,20.137551708473275,0.971188745386,0.028811254614,0.4851541061984469,48.51541061984469,0.3231425598025959,32.31425598025959,0.2427971863465,24.27971863465,0.024756248339579047,2.475624833957905,0.024756248339579047,0.01732937383770533,scenario,cyp_cystitis,57.72739111035208
12.75,spinal_coord,19.872257680958857,0.97146615227,0.02853384773,0.48315177546548094,48.31517754654809,0.32038031653064125,32.038031653064124,0.2428665380675,24.28665380675,0.02443771117231845,2.443771117231845,0.024437711172318445,0.01710639782062291,scenario,cyp_cystitis,57.74364059482431
12.833333333333,spinal_coord,19.608872634031787,0.971744689056,0.028255310944,0.4811454600939533,48.11454600939533,0.3176123837732711,31.76123837732711,0.242936172264,24.2936172264,0.02412126728758643,2.412126728758643,0.02412126728758643,0.0168848871013105,scenario,cyp_cystitis,57.75989007929657
12.916666666667,spinal_coord,19.3474606565507,0.972024355744,0.027975644256,0.4791358403489745,47.91358403489745,0.3148396685506326,31.48396685506326,0.243006088936,24.3006088936,0.02380699784017482,2.380699784017482,0.023806997840174822,0.016664898488122373,scenario,cyp_cystitis,57.776139563769036
13.0,spinal_coord,19.088083596888502,0.972305152333,0.027694847667,0.47712360058052994,47.712360058052994,0.3120630833297066,31.20630833297066,0.24307628808325,24.307628808325,0.023494981459704006,2.3494981459704007,0.02349498145970401,0.016446487021792806,scenario,cyp_cystitis,57.79238904824129
13.083333333333,spinal_coord,18.830801057058515,0.972587078825,0.027412921175,0.47510942864440353,47.51094286444035,0.3092835452508714,30.928354525087137,0.24314676970625,24.314676970624998,0.0231852942317256,2.31852942317256,0.0231852942317256,0.016229705962207918,scenario,cyp_cystitis,57.808638532713545
13.166666666667,spinal_coord,18.575670389059344,0.972870135219,0.027129864781,0.4730940153021487,47.30940153021487,0.3065019753298649,30.65019753298649,0.24321753380475,24.321753380475002,0.022878009681520282,2.287800968152028,0.022878009681520282,0.0160146067770642,scenario,cyp_cystitis,57.82488801718598
13.25,spinal_coord,18.322746693374178,0.973154321515,0.026845678485,0.4710780536107494,47.10780536107494,0.3037192976426658,30.371929764266582,0.24328858037875,24.328858037875,0.022573198760540154,2.2573198760540154,0.022573198760540154,0.015801239132378107,scenario,cyp_cystitis,57.841137501658245
13.333333333333,spinal_coord,18.07208281955989,0.973439584912,0.026560415088,0.4690622128527371,46.90622128527371,0.30093642216631605,30.093642216631604,0.243359896228,24.3359896228,0.022270929835443324,2.2270929835443325,0.022270929835443327,0.015589650884810327,scenario,cyp_cystitis,57.85738698613049
13.416666666667,spinal_coord,17.823729368941265,0.973724856349,0.026275143651,0.46704667635787755,46.70466763578776,0.2981539496941701,29.815394969417007,0.24343121408725,24.343121408725,0.021971268679763876,2.1971268679763876,0.02197126867976388,0.015379888075834715,scenario,cyp_cystitis,57.87363647060296
13.5,spinal_coord,17.577734699340596,0.974009715485,0.025990284515,0.4650319470035773,46.50319470035773,0.2953726908431031,29.537269084310307,0.24350242887125,24.350242887125003,0.021674278468156803,2.1674278468156802,0.021674278468156803,0.01517199492770976,scenario,cyp_cystitis,57.88988595507522
13.583333333333,spinal_coord,17.334144931772798,0.974294162318,0.025705837682,0.4630187308310334,46.30187308310334,0.29259358700204446,29.259358700204448,0.2435735405795,24.35735405795,0.021380019773156386,2.1380019773156387,0.021380019773156383,0.014966013841209467,scenario,cyp_cystitis,57.90613543954748
13.666666666667,spinal_coord,17.093003959114462,0.974578196849,0.025421803151,0.4610077328900606,46.10077328900606,0.2898175782370808,28.981757823708083,0.24364454921225,24.364454921225,0.021088550564479655,2.1088550564479656,0.02108855056447965,0.014761985395135756,scenario,cyp_cystitis,57.92238492401991
13.75,spinal_coord,16.85435345667236,0.974861819078,0.025138180922,0.4589996565478636,45.899965654786364,0.2870456023711515,28.70456023711515,0.2437154547695,24.37154547695,0.020799926210805512,2.0799926210805513,0.020799926210805512,0.014559948347563858,scenario,cyp_cystitis,57.93863440849219
13.833333333333,spinal_coord,16.618232894577453,0.975145029004,0.024854970996,0.4569952027933575,45.69952027933575,0.28427859405647665,28.427859405647666,0.243786257251,24.3786257251,0.020514199483959602,2.05141994839596,0.020514199483959602,0.01435993963877172,scenario,cyp_cystitis,57.95488389296444
13.916666666667,spinal_coord,16.384679552006595,0.975427826628,0.024572173372,0.454995069538488,45.4995069538488,0.281517483841984,28.1517483841984,0.243856956657,24.3856956657,0.020231420565525668,2.0231420565525666,0.020231420565525664,0.014161994395867964,scenario,cyp_cystitis,57.97113337743688
14.0,spinal_coord,16.153728533153735,0.975710211951,0.024289788049,0.4529999509141105,45.29999509141105,0.2787631972351473,27.87631972351473,0.24392755298775,24.392755298775,0.019951637055806097,1.9951637055806097,0.019951637055806097,0.013966145939064267,scenario,cyp_cystitis,57.9873828619091
14.083333333333,spinal_coord,15.925412784873572,0.97599218497,0.02400781503,0.4510105365632447,45.10105365632447,0.27601665376099294,27.601665376099294,0.2439980462425,24.39980462425,0.01967489398505417,1.967489398505417,0.01967489398505417,0.013772425789537917,scenario,cyp_cystitis,58.00363234638138
14.166666666667,spinal_coord,15.699763115994323,0.976273441758,0.023726558242,0.44902737115155367,44.90273711515537,0.27327868094940483,27.327868094940484,0.2440683604395,24.40683604395,0.019401233826988787,1.9401233826988786,0.019401233826988787,0.01358086367889215,scenario,cyp_cystitis,58.01988183085385
14.25,spinal_coord,15.476808218218885,0.976553179168,0.023446820832,0.44705076753710266,44.705076753710266,0.2705499636601369,27.05499636601369,0.244138294792,24.4138294792,0.019130696514507585,1.9130696514507586,0.01913069651450759,0.013391487560155312,scenario,cyp_cystitis,58.03613131532609
14.333333333333,spinal_coord,15.25657468853495,0.976831354367,0.023168645633,0.4450813852914829,44.50813852914829,0.26783139559964386,26.783139559964386,0.24420783859175,24.420783859175,0.01886331945751438,1.886331945751438,0.01886331945751438,0.013204323620260066,scenario,cyp_cystitis,58.05238079979833
14.416666666667,spinal_coord,15.039087053126318,0.977107967355,0.022892032645,0.44311989642241634,44.311989642241635,0.2651238727782218,26.51238727782218,0.24427699183875,24.427699183875003,0.018599137562862952,1.8599137562862953,0.018599137562862956,0.013019396294004068,scenario,cyp_cystitis,58.068630284270775
14.5,spinal_coord,14.824367792702853,0.977383018132,0.022616981868,0.44116696488518414,44.116696488518414,0.2624282804695789,26.24282804695789,0.244345754533,24.4345754533,0.01833818325632716,1.8338183256327159,0.01833818325632716,0.01283672827942901,scenario,cyp_cystitis,58.08487976874305
14.583333333333,spinal_coord,14.612437369168479,0.977656506699,0.022343493301,0.4392232458961297,43.92232458961297,0.25974549229517296,25.974549229517297,0.24441412667475,24.441412667475,0.018080486506508384,1.8080486506508384,0.01808048650650838,0.012656340554555865,scenario,cyp_cystitis,58.101129253215284
14.666666666667,spinal_coord,14.403314253615598,0.977928433056,0.022071566944,0.4372893852552102,43.72893852552102,0.25707636932161365,25.707636932161364,0.244482108264,24.4482108264,0.01782607485067415,1.782607485067415,0.01782607485067415,0.012478252395471904,scenario,cyp_cystitis,58.117378737687766
14.75,spinal_coord,14.197014955562757,0.978198797201,0.021801202799,0.43536601868083113,43.53660186808311,0.25442175917410814,25.442175917410815,0.24454969930025,24.454969930025,0.017574973422433696,1.7574973422433697,0.017574973422433693,0.012302481395703585,scenario,cyp_cystitis,58.133628222160006
14.833333333333,spinal_coord,13.993554053354469,0.978467599136,0.021532400864,0.43345377116099926,43.345377116099925,0.2517824951693323,25.17824951693323,0.244616899784,24.4616899784,0.0173272049811574,1.73272049811574,0.0173272049811574,0.01212904348681018,scenario,cyp_cystitis,58.14987770663225
14.916666666667,spinal_coord,13.792944225708737,0.978734826219,0.021265173781,0.431553250740107,43.1553250740107,0.2491593922471426,24.915939224714258,0.24468370655475,24.468370655475,0.017082789943127372,1.7082789943127372,0.017082789943127372,0.01195795296018916,scenario,cyp_cystitis,58.16612719110468
15.0,spinal_coord,13.595196284329264,0.979000030996,0.020999969004,0.42966486274701554,42.96648627470155,0.24655313999735412,24.655313999735412,0.244750007749,24.4750007749,0.01684174641432161,1.684174641432161,0.016841746414321606,0.011789222490025123,scenario,cyp_cystitis,58.182376675576975
15.083333333333,spinal_coord,13.400319207501653,0.979262990853,0.020737009147,0.4277891017795045,42.77891017795045,0.24396447208833938,24.396447208833937,0.24481574771325,24.481574771325,0.01660409022473622,1.660409022473622,0.016604090224736225,0.011622863157315356,scenario,cyp_cystitis,58.19862616004922
15.166666666667,spinal_coord,13.208320174657178,0.979523705789,0.020476294211,0.4259265478155872,42.59265478155872,0.24139416182444956,24.139416182444958,0.24488092644725,24.488092644725,0.016369834964227316,1.6369834964227317,0.016369834964227316,0.01145888447495912,scenario,cyp_cystitis,58.21487564452167
15.25,spinal_coord,13.01920460182205,0.979782175804,0.020217824196,0.4240777670329635,42.40777670329635,0.2388429641092847,23.88429641092847,0.244945543951,24.4945543951,0.01613899201977334,1.613899201977334,0.016138992019773337,0.011297294413841336,scenario,cyp_cystitis,58.23112512899392
15.333333333333,spinal_coord,12.832976177872734,0.980038400898,0.019961599102,0.42224331126563763,42.22433112656376,0.2363116147215169,23.63116147215169,0.2450096002245,24.50096002245,0.015911570614060785,1.5911570614060784,0.015911570614060785,0.011138099429842549,scenario,cyp_cystitis,58.247374613466164
15.416666666667,spinal_coord,12.64963690157968,0.980292381072,0.019707618928,0.42042371748525664,42.04237174852567,0.2338008296230088,23.38008296230088,0.245073095268,24.5073095268,0.015687577845370795,1.5687577845370795,0.0156875778453708,0.01098130449175956,scenario,cyp_cystitis,58.263624097938596
15.5,spinal_coord,12.469187119359093,0.980544116325,0.019455883675,0.41861950730556063,41.86195073055606,0.23131130429908078,23.13113042990808,0.24513602908125,24.513602908125,0.015467018728666805,1.5467018728666804,0.015467018728666805,0.010826913110066764,scenario,cyp_cystitis,58.27987358241087
15.583333333333,spinal_coord,12.291625563655405,0.980793606657,0.019206393343,0.41683118651516265,41.68311865151627,0.2288437131345502,22.88437131345502,0.24519840166425,24.519840166425,0.015249896237786083,1.5249896237786082,0.015249896237786081,0.010674927366450256,scenario,cyp_cystitis,58.29612306688311
15.666666666667,spinal_coord,12.116949391936163,0.981040852069,0.018959147931,0.4150592446362209,41.505924463622094,0.22639870882529448,22.639870882529447,0.24526021301725,24.526021301725002,0.015036211348709643,1.5036211348709643,0.015036211348709645,0.010525347944096751,scenario,cyp_cystitis,58.3123725513556
15.75,spinal_coord,11.945154226221536,0.981285789978,0.018714210022,0.4133041281511006,41.330412815110066,0.22397690754213417,22.397690754213418,0.2453214474945,24.532144749449998,0.014825963083811415,1.4825963083811415,0.014825963083811412,0.010378174158667987,scenario,cyp_cystitis,58.328622035827856
15.833333333333,spinal_coord,11.776234193073714,0.981528112013,0.018471887987,0.4115661638846353,41.15661638846353,0.2215788478418471,22.15788478418471,0.24538202800325,24.538202800325003,0.014619148556990551,1.461914855699055,0.014619148556990551,0.010233403989893385,scenario,cyp_cystitis,58.34487152030008
15.916666666667,spinal_coord,11.610181964028126,0.981767776547,0.018232223453,0.40984577487597496,40.9845774875975,0.21920510765229992,21.92051076522999,0.24544194413675,24.544194413675,0.014415763019659614,1.4415763019659613,0.014415763019659614,0.01009103411376173,scenario,cyp_cystitis,58.36112100477255
16.0,spinal_coord,11.446988796391697,0.982004783578,0.017995216422,0.4081433839797359,40.814338397973586,0.21685625078031448,21.68562507803145,0.2455011958945,24.550119589450002,0.014215799907491273,1.4215799907491273,0.014215799907491274,0.009951059935243891,scenario,cyp_cystitis,58.3773704892448
16.083333333333,spinal_coord,11.286644574336826,0.982239133108,0.017760866892,0.40645939596119396,40.6459395961194,0.21453281691225856,21.453281691225857,0.245559783277,24.5559783277,0.01401925088782979,1.4019250887829788,0.01401925088782979,0.009813475621480851,scenario,cyp_cystitis,58.39361997371702
16.166666666667,spinal_coord,11.129137850273638,0.982470825136,0.017529174864,0.40479419722923615,40.479419722923616,0.21223532126031489,21.22353212603149,0.245617706284,24.5617706284,0.01382610590773909,1.382610590773909,0.01382610590773909,0.009678274135417362,scenario,cyp_cystitis,58.40986945818949
16.25,spinal_coord,10.974455886429423,0.982699859663,0.017300140337,0.4031481556060951,40.31481556060951,0.2099642542537935,20.99642542537935,0.24567496491575,24.567496491575,0.013636353242593187,1.3636353242593187,0.013636353242593187,0.009545447269815231,scenario,cyp_cystitis,58.426118942661766
16.333333333333,spinal_coord,10.822584696567871,0.982926236687,0.017073763313,0.40152162012482506,40.152162012482506,0.2077200812707668,20.77200812707668,0.24573155917175,24.573155917175,0.013449979545118403,1.3449979545118402,0.013449979545118403,0.009414985681582881,scenario,cyp_cystitis,58.44236842713402
16.416666666667,spinal_coord,10.673509087831722,0.98314995621,0.01685004379,0.39991492086414915,39.991492086414915,0.2055032424155322,20.55032424155322,0.2457874890525,24.57874890525,0.013266969894859551,1.326696989485955,0.013266969894859551,0.009286878926401685,scenario,cyp_cystitis,58.45861791160644
16.5,spinal_coord,10.527212702642048,0.983371018231,0.016628981769,0.398328368809883,39.832836880988296,0.20331415233617733,20.331415233617733,0.24584275455775,24.584275455775,0.013087307847979613,1.3087307847979612,0.013087307847979613,0.009161115493585729,scenario,cyp_cystitis,58.474867396078714
16.583333333333,spinal_coord,10.38367806059096,0.983589336373,0.016410663627,0.39676222091006363,39.676222091006366,0.2011531824224182,20.11531824224182,0.24589733409325,24.589733409325,0.01291097548730679,1.291097548730679,0.01291097548730679,0.009037682841114753,scenario,cyp_cystitis,58.491116880550955
16.666666666667,spinal_coord,10.242886600313069,0.983804788863,0.016195211137,0.3952167012001737,39.52167012001737,0.19902067197923162,19.902067197923163,0.24595119721575,24.595119721575003,0.01273795347260204,1.2737953472602042,0.012737953472602039,0.008916567430821427,scenario,cyp_cystitis,58.50736636502341
16.75,spinal_coord,10.104818721273466,0.984017374837,0.015982625163,0.39369206356901465,39.369206356901465,0.19691695981301954,19.691695981301955,0.24600434370925,24.600434370925,0.012568221090961585,1.2568221090961584,0.012568221090961586,0.00879775476367311,scenario,cyp_cystitis,58.5236158494957
16.833333333333,spinal_coord,9.969453825413627,0.984227094296,0.015772905704,0.39218854291293637,39.21885429129364,0.1948423591185818,19.484235911858182,0.246056773574,24.605677357399998,0.012401756307273186,1.2401756307273186,0.012401756307273186,0.008681229415091229,scenario,cyp_cystitis,58.539865333967924
16.916666666667,spinal_coord,9.836770358642628,0.98443394724,0.01556605276,0.3907063548083331,39.07063548083331,0.1927971573311108,19.27971573311108,0.24610848681,24.610848681,0.012238535814701275,1.2238535814701275,0.012238535814701273,0.00856697507029089,scenario,cyp_cystitis,58.55611481844036
17.0,spinal_coord,9.706745852116285,0.984637933668,0.015362066332,0.38924569556574823,38.92456955657482,0.19078161619833095,19.078161619833097,0.246159483417,24.6159483417,0.012078535085120978,1.2078535085120978,0.01207853508512098,0.008454974559584685,scenario,cyp_cystitis,58.57236430291262
17.083333333333,spinal_coord,9.57935696325052,0.984839053582,0.015160946418,0.38780674231563883,38.780674231563886,0.1887959718935184,18.87959718935184,0.2462097633955,24.620976339549998,0.011921728419425414,1.1921728419425415,0.011921728419425414,0.008345209893597789,scenario,cyp_cystitis,58.5886137873849
17.166666666667,spinal_coord,9.45457951645868,0.98503730698,0.01496269302,0.386389653119555,38.638965311955495,0.1868404351660733,18.68404351660733,0.246259326745,24.6259326745,0.011768088997684093,1.1768088997684092,0.01176808899768409,0.008237662298378861,scenario,cyp_cystitis,58.60486327185734
17.25,spinal_coord,9.332388543560498,0.985232693863,0.014767306137,0.38499456711571145,38.49945671157114,0.1849151915332819,18.49151915332819,0.24630817346575,24.630817346575,0.011617588929078436,1.1617588929078435,0.011617588929078436,0.008132312250354904,scenario,cyp_cystitis,58.62111275632959
17.333333333333,spinal_coord,9.212758323814075,0.985425213079,0.014574786921,0.38362160423964276,38.362160423964276,0.18302040129319033,18.302040129319032,0.24635630326975,24.635630326975,0.011470199301545057,1.1470199301545057,0.011470199301545057,0.00802913951108154,scenario,cyp_cystitis,58.637362240801814
17.416666666667,spinal_coord,9.095662423563184,0.985614842234,0.014385157766,0.38227085763906243,38.227085763906246,0.18115619610741657,18.115619610741657,0.2464037105585,24.64037105585,0.011325890231107787,1.1325890231107787,0.011325890231107787,0.007928123161775451,scenario,cyp_cystitis,58.65361172527429
17.5,spinal_coord,8.981073735452783,0.985801572694,0.014198427306,0.38094240757459047,38.09424075745905,0.1793226858681206,17.93226858681206,0.2464503931735,24.64503931735,0.011184630910831017,1.1184630910831017,0.01118463091083102,0.007829241637581714,scenario,cyp_cystitis,58.66986120974654
17.583333333333,spinal_coord,8.868964517169296,0.985985404459,0.014014595541,0.37963631959391414,37.963631959391414,0.17751995797221887,17.751995797221888,0.24649635111475,24.649635111475,0.011046389659331477,1.1046389659331477,0.011046389659331477,0.007732472761532033,scenario,cyp_cystitis,58.68611069421882
17.666666666667,spinal_coord,8.759306429700697,0.986166337529,0.013833662471,0.3783526414316502,37.83526414316502,0.17574807606586695,17.574807606586695,0.24654158438225,24.654158438225,0.010911133968833161,1.0911133968833162,0.01091113396883316,0.007637793778183211,scenario,cyp_cystitis,58.70236017869125
17.75,spinal_coord,8.652070575074559,0.986344371903,0.013655628097,0.3770914033057944,37.70914033057944,0.17400708044005914,17.400708044005913,0.24658609297575,24.658609297574998,0.010778830552704734,1.0778830552704735,0.01077883055270473,0.0075451813868933106,scenario,cyp_cystitis,58.718609663163484
17.833333333333,spinal_coord,8.547227533535803,0.986519507583,0.013480492417,0.3758526182379085,37.58526182379085,0.17229698845621136,17.229698845621137,0.24662987689575,24.662987689575,0.010649445392423308,1.0649445392423307,0.01064944539242331,0.0074546117746963165,scenario,cyp_cystitis,58.73485914763578
17.916666666667,spinal_coord,8.444747400162024,0.986691744568,0.013308255432,0.3746362823904164,37.46362823904164,0.17061779499788854,17.061779499788855,0.246672936142,24.667293614200002,0.010522943783953303,1.0522943783953302,0.010522943783953301,0.0073660606487673105,scenario,cyp_cystitis,58.751108632108206
18.0,spinal_coord,8.3445998208798,0.986861082857,0.013138917143,0.37344237542692793,37.344237542692795,0.16896947295023723,16.896947295023722,0.24671527071425,24.671527071425,0.010399290383486639,1.039929038348664,0.010399290383486637,0.007279503268440645,scenario,cyp_cystitis,58.76735811658047
18.083333333333,spinal_coord,8.246754027848851,0.987027522452,0.012972477548,0.3722708608907471,37.22708608907471,0.16735197370366287,16.735197370366286,0.246756880613,24.6756880613,0.01027844925249506,1.0278449252495059,0.010278449252495058,0.00719491447674654,scenario,cyp_cystitis,58.78360760105274
18.166666666667,spinal_coord,8.151178874214828,0.987191080574,0.012808919426,0.3711216930715891,37.11216930715891,0.16576523057078546,16.576523057078546,0.2467977701435,24.679777014349998,0.01016038390208748,1.016038390208748,0.010160383902087481,0.007112268731461237,scenario,cyp_cystitis,58.79985708552515
18.25,spinal_coord,8.05784286819924,0.987351840617,0.012648159383,0.3699948356572159,36.99948356572159,0.16420916733728788,16.420916733728788,0.24683796015425,24.683796015425,0.010045057336625512,1.0045057336625511,0.010045057336625512,0.007031540135637858,scenario,cyp_cystitis,58.81610656999745
18.333333333333,spinal_coord,7.966714206498475,0.987509813611,0.012490186389,0.36889021002110806,36.88902100211081,0.1626836754911441,16.26836754911441,0.24687745340275,24.687745340275,0.009932432096554993,0.9932432096554993,0.009932432096554991,0.006952702467588493,scenario,cyp_cystitis,58.83235605446969
18.416666666667,spinal_coord,7.8777608069955,0.987664999558,0.012335000442,0.36780771893990577,36.780771893990575,0.16118862540054102,16.118862540054103,0.2469162498895,24.69162498895,0.009822470300450463,0.9822470300450463,0.009822470300450463,0.006875729210315324,scenario,cyp_cystitis,58.84860553894211
18.5,spinal_coord,7.790950340757761,0.987817398457,0.012182601543,0.3667472512016299,36.67472512016299,0.1597238687831732,15.972386878317321,0.24695434961425,24.695434961425,0.009715133686232816,0.9715133686232816,0.009715133686232816,0.006800593580362971,scenario,cyp_cystitis,58.864855023414414
18.583333333333,spinal_coord,7.706250263298134,0.987967010308,0.012032989692,0.3657086820676713,36.57086820676713,0.15828923932089506,15.828923932089506,0.246991752577,24.699175257700002,0.009610383651524597,0.9610383651524597,0.009610383651524597,0.006727268556067217,scenario,cyp_cystitis,58.88110450788665
18.666666666667,spinal_coord,7.623627845105231,0.988113835112,0.011886164888,0.3646918737427613,36.46918737427613,0.15688455328634837,15.688455328634838,0.247028458778,24.7028458778,0.009508181293144171,0.9508181293144171,0.00950818129314417,0.006655726905200918,scenario,cyp_cystitis,58.89735399235909
18.75,spinal_coord,7.543050201421407,0.988257872868,0.011742127132,0.36369667585192966,36.369667585192964,0.15550961017990622,15.550961017990621,0.247064468217,24.706446821700002,0.009408487445705627,0.9408487445705627,0.009408487445705627,0.006585941211993939,scenario,cyp_cystitis,58.913603476831334
18.833333333333,spinal_coord,7.464484321250021,0.988399123576,0.011600876424,0.3627229259264184,36.27229259264184,0.15416419337655793,15.416419337655793,0.247099780894,24.7099780894,0.009311262719295577,0.9311262719295577,0.009311262719295577,0.006517883903506903,scenario,cyp_cystitis,58.92985296130361
18.916666666667,spinal_coord,7.38789709560079,0.988537587237,0.011462412763,0.36177044989421525,36.177044989421525,0.15284807077995363,15.284807077995364,0.24713439680925,24.713439680925,0.009216467536231983,0.9216467536231984,0.009216467536231983,0.006451527275362388,scenario,cyp_cystitis,58.946102445776056
19.0,spinal_coord,7.313255344956227,0.988673340839,0.011326659161,0.36083909067281295,36.0839090672813,0.15156100728408392,15.156100728408392,0.24716833520975,24.716833520975,0.009124062166878501,0.9124062166878502,0.009124062166878501,0.006386843516814951,scenario,cyp_cystitis,58.962351930248275
19.083333333333,spinal_coord,7.24052584594508,0.988806521203,0.011193478797,0.3599287020498577,35.99287020498577,0.1503027623321436,15.03027623321436,0.24720163030075,24.720163030075,0.009034006764491608,0.9034006764491608,0.009034006764491606,0.006323804735144124,scenario,cyp_cystitis,58.97860141472057
19.166666666667,spinal_coord,7.169675357234084,0.98893713098,0.01106286902,0.3590390784831744,35.90390784831744,0.14907306098423256,14.907306098423255,0.247234282745,24.7234282745,0.008946261399109668,0.8946261399109667,0.00894626139910967,0.006262382979376768,scenario,cyp_cystitis,58.99485089919302
19.25,spinal_coord,7.1006706446252705,0.989065170172,0.010934829828,0.3581700038805907,35.81700038805907,0.14787161511678767,14.787161511678768,0.247266292543,24.7266292543,0.008860786090463365,0.8860786090463365,0.008860786090463365,0.006202550263324355,scenario,cyp_cystitis,59.01110038366523
19.333333333333,spinal_coord,7.033478505348929,0.989190638779,0.010809361221,0.35732125306921736,35.73212530692174,0.14669812449928976,14.669812449928976,0.24729765969475,24.729765969475,0.008777540839890874,0.8777540839890874,0.008777540839890874,0.006144278587923611,scenario,cyp_cystitis,59.02734986813749
19.416666666667,spinal_coord,6.968065791565691,0.9893135368,0.0106864632,0.3564925922953281,35.64925922953281,0.14555227746043747,14.555227746043748,0.2473283842,24.73283842,0.008696485661270308,0.8696485661270308,0.008696485661270308,0.006087539962889215,scenario,cyp_cystitis,59.04359935260996
19.5,spinal_coord,6.904399433069038,0.989433864235,0.010566135765,0.3556837797224469,35.56837797224469,0.1444337515515959,14.443375155159591,0.24735846605875,24.735846605875,0.008617580610954757,0.8617580610954757,0.008617580610954755,0.006032306427668328,scenario,cyp_cystitis,59.05984883708222
19.583333333333,spinal_coord,6.84244645918207,0.989551621085,0.010448378915,0.35489456592551744,35.48945659255175,0.1433422142056899,14.33422142056899,0.24738790527125,24.738790527125,0.00854078581669866,0.854078581669866,0.008540785816698662,0.0059785500716890635,scenario,cyp_cystitis,59.076098321554475
19.666666666667,spinal_coord,6.782174019864065,0.989666807349,0.010333192651,0.35412469438009336,35.41246943800934,0.14227732339045782,14.227732339045781,0.24741670183725,24.741670183725002,0.008466061505591404,0.8466061505591405,0.008466061505591406,0.005926243053913984,scenario,cyp_cystitis,59.09234780602691
19.75,spinal_coord,6.72354940602172,0.98977942546,0.01022057454,0.35337390281745207,35.33739028174521,0.1412387286032694,14.123872860326939,0.247444856365,24.7444856365,0.008393368030988604,0.8393368030988604,0.008393368030988604,0.005875357621692023,scenario,cyp_cystitis,59.108597290499155
19.833333333333,spinal_coord,6.666540069022429,0.989889648564,0.010110351436,0.35264198364308197,35.2641983643082,0.14022609533610927,14.022609533610927,0.247472412141,24.7472412141,0.008322665898434986,0.8322665898434987,0.008322665898434986,0.00582586612890449,scenario,cyp_cystitis,59.12484677497142
19.916666666667,spinal_coord,6.611113639426852,0.989997583021,0.010002416979,0.351928699335105,35.1928699335105,0.13923907143980668,13.923907143980669,0.24749939575525,24.749939575525,0.00825391579059753,0.825391579059753,0.008253915790597532,0.005777741053418273,scenario,cyp_cystitis,59.14109625944387
20.0,spinal_coord,6.557237944938965,0.990103228831,0.009896771169,0.3512337691525447,35.12337691525447,0.13827728259305958,13.827728259305957,0.24752580720775,24.752580720775,0.008187078591204216,0.8187078591204217,0.008187078591204216,0.005730955013842951,scenario,cyp_cystitis,59.15734574391614
20.083333333333,spinal_coord,6.504881027574084,0.990206585993,0.009793414007,0.3505569076502557,35.055690765025574,0.13734034820267427,13.734034820267427,0.24755164649825,24.755164649825,0.008122115407986739,0.8122115407986739,0.008122115407986739,0.005685480785590717,scenario,cyp_cystitis,59.17359522838841
20.166666666667,spinal_coord,6.45401116006358,0.990307654509,0.009692345491,0.3498978251292523,34.98978251292523,0.13642788200266975,13.642788200266976,0.24757691362725,24.757691362725,0.008058987594648426,0.8058987594648426,0.008058987594648426,0.005641291316253898,scenario,cyp_cystitis,59.189844712860825
20.25,spinal_coord,6.40459686149743,0.990406434377,0.009593565623,0.3492562280740686,34.92562280740686,0.1355394926397581,13.55394926397581,0.24760160859425,24.760160859425,0.007997656771856916,0.7997656771856916,0.007997656771856916,0.00559835974029984,scenario,cyp_cystitis,59.20609419733309
20.333333333333,spinal_coord,6.356606912207881,0.990502925598,0.009497074402,0.3486318195854045,34.86318195854045,0.13467478424787266,13.467478424787267,0.2476257313995,24.76257313995,0.007938084847264089,0.7938084847264089,0.007938084847264089,0.005556659393084862,scenario,cyp_cystitis,59.222343681805334
20.416666666667,spinal_coord,6.310010367914096,0.990597128172,0.009402871828,0.3480242997988746,34.802429979887464,0.1338333570078328,13.383335700783281,0.247649282043,24.7649282043,0.007880234034576442,0.7880234034576442,0.007880234034576442,0.005516163824203509,scenario,cyp_cystitis,59.23859316627778
20.5,spinal_coord,6.26477657313159,0.990689042099,0.009310957901,0.34743336629500615,34.74333662950062,0.13301480769367488,13.301480769367489,0.24767226052475,24.767226052475,0.007824066871679395,0.7824066871679395,0.007824066871679395,0.0054768468101755756,scenario,cyp_cystitis,59.254842650750064
20.583333333333,spinal_coord,6.220875173852074,0.990778689421,0.009221310579,0.34685872221452485,34.685872221452485,0.13221873314569985,13.221873314569985,0.24769467235525,24.769467235525,0.0077695462378213715,0.7769546237821372,0.0077695462378213715,0.00543868236647496,scenario,cyp_cystitis,59.271092135222325
20.666666666667,spinal_coord,6.178276129514559,0.990866301494,0.009133698506,0.3463001420304215,34.63001420304215,0.13144475554256194,13.144475554256193,0.2477165753735,24.771657537350002,0.0077166353698826734,0.7716635369882674,0.007716635369882674,0.005401644758917872,scenario,cyp_cystitis,59.28734161969476
20.75,spinal_coord,6.1369497242737365,0.990951940064,0.009048059936,0.3457573391106659,34.57573391106659,0.1306924721262212,13.06924721262212,0.247737985016,24.7737985016,0.007665297877735772,0.7665297877735772,0.007665297877735771,0.0053657085144150395,scenario,cyp_cystitis,59.30359110416703
20.833333333333,spinal_coord,6.0968665775733095,0.99103560513,0.00896439487,0.34523000417073346,34.52300041707335,0.12996147051764462,12.996147051764462,0.2477589012825,24.77589012825,0.007615497758705982,0.7615497758705982,0.007615497758705982,0.005330848431094187,scenario,cyp_cystitis,59.319840588639266
20.916666666667,spinal_coord,6.057997654045799,0.991117296694,0.008882703306,0.3447178272802998,34.47178272802998,0.1292513374757331,12.92513374757331,0.2477793241735,24.777932417349998,0.007567199411158694,0.7567199411158694,0.007567199411158694,0.005297039587811085,scenario,cyp_cystitis,59.33609007311172
21.0,spinal_coord,6.020314272746736,0.991197014754,0.008802985246,0.3442204981996395,34.42204981996395,0.12856165934818606,12.856165934818605,0.2477992536885,24.77992536885,0.007520367647222651,0.7520367647222651,0.007520367647222651,0.005264257353055856,scenario,cyp_cystitis,59.352339557583974
21.083333333333,spinal_coord,5.9837881157325965,0.991274759311,0.008725240689,0.3437377067084844,34.373770670848444,0.1278920225076459,12.789202250764589,0.24781868982775,24.781868982775,0.007474967704660644,0.7474967704660644,0.007474967704660645,0.005232477393262451,scenario,cyp_cystitis,59.36858904205625
21.166666666667,spinal_coord,5.948391236004444,0.991350530364,0.008649469636,0.3432691429183016,34.32691429183016,0.12724201376973543,12.724201376973543,0.247837632591,24.7837632591,0.007430965257914768,0.7430965257914768,0.007430965257914768,0.005201675680540337,scenario,cyp_cystitis,59.38483852652866
21.25,spinal_coord,5.914096064826724,0.991424327915,0.008575672085,0.3428144975755097,34.281449757550966,0.12661122079567957,12.661122079567958,0.24785608197875,24.785608197875,0.007388326428337941,0.7388326428337941,0.007388326428337941,0.005171828499836558,scenario,cyp_cystitis,59.40108801100094
21.333333333333,spinal_coord,5.880875418431942,0.991496151962,0.008503848038,0.34237346234791827,34.23734623479183,0.12599923247655767,12.599923247655767,0.2478740379905,24.78740379905,0.007347017793625103,0.7347017793625104,0.007347017793625104,0.005142912455537572,scenario,cyp_cystitis,59.41733749547318
21.416666666667,spinal_coord,5.8487025041333744,0.991566063243,0.008433936757,0.34194575104891034,34.19457510489104,0.1254056469842138,12.540564698421381,0.24789151581075,24.789151581075,0.0073070063964717595,0.7307006396471759,0.007307006396471759,0.005114904477530231,scenario,cyp_cystitis,59.43358697994563
21.5,spinal_coord,5.817550925856456,0.991634297009,0.008365702991,0.34153113895188836,34.15311389518884,0.12483008626618453,12.483008626618453,0.24790857425225,24.790857425225,0.007268259752473337,0.7268259752473337,0.007268259752473337,0.005087781826731336,scenario,cyp_cystitis,59.44983646441789
21.583333333333,spinal_coord,5.787394689100677,0.991700876733,0.008299123267,0.3411293297980921,34.11293297980921,0.12427214748645611,12.42721474864561,0.24792521918325,24.792521918325,0.007230745857280402,0.7230745857280402,0.007230745857280402,0.005061522100096282,scenario,cyp_cystitis,59.46608594889014
21.666666666667,spinal_coord,5.758208205354036,0.991765802414,0.008234197586,0.3407400212013814,34.07400212013814,0.1237314274638419,12.37314274638419,0.2479414506035,24.79414506035,0.007194433193037512,0.7194433193037513,0.007194433193037512,0.005036103235126258,scenario,cyp_cystitis,59.48233543336258
21.75,spinal_coord,5.729966295971669,0.991829074052,0.008170925948,0.3403629129800122,34.03629129800122,0.12320752595601628,12.320752595601627,0.247957268513,24.7957268513,0.007159290734120585,0.7159290734120585,0.007159290734120585,0.0050115035138844095,scenario,cyp_cystitis,59.49858491783487
21.833333333333,spinal_coord,5.7026441955311995,0.991890691649,0.008109308351,0.33999770737040536,33.999770737040535,0.12270004594420715,12.270004594420715,0.24797267291225,24.797267291225,0.0071252879521889355,0.7125287952188936,0.0071252879521889355,0.004987701566532255,scenario,cyp_cystitis,59.51483440230708
21.916666666667,spinal_coord,5.6762175546866445,0.991950655203,0.008049344797,0.3396441092265606,33.96441092265606,0.12220859390108077,12.220859390108076,0.24798766380075,24.798766380074998,0.007092394820579648,0.7092394820579648,0.0070923948205796495,0.004964676374405754,scenario,cyp_cystitis,59.53108388677956
22.0,spinal_coord,5.650662442533102,0.992008964715,0.007991035285,0.3393018262121001,33.93018262121001,0.12173278004446676,12.173278004446676,0.24800224117875,24.800224117875,0.007060581818060119,0.7060581818060119,0.0070605818180601194,0.004942407272642084,scenario,cyp_cystitis,59.54733337125181
22.083333333333,spinal_coord,5.625955348495276,0.992065620184,0.007934379816,0.33897056897652134,33.897056897652135,0.12127221857402841,12.12722185740284,0.248016405046,24.8016405046,0.007029819931955647,0.7029819931955646,0.007029819931955647,0.004920873952368953,scenario,cyp_cystitis,59.56358285572407
22.166666666667,spinal_coord,5.602073183761232,0.992120621611,0.007879378389,0.33865005132314785,33.865005132314785,0.12082652789386378,12.082652789386378,0.24803015540275,24.803015540275002,0.007000080660679369,0.700008066067937,0.007000080660679369,0.004900056462475559,scenario,cyp_cystitis,59.57983234019653
22.25,spinal_coord,5.578993282273968,0.992174081071,0.007825918929,0.33834002858203427,33.83400285820343,0.12039534441904572,12.039534441904571,0.24804352026775,24.804352026775,0.0069713360156809,0.69713360156809,0.006971336015680901,0.0048799352109766304,scenario,cyp_cystitis,59.596081824668744
22.333333333333,spinal_coord,5.556693401294146,0.992226187062,0.007773812938,0.33804028542913334,33.804028542913336,0.11997831821817778,11.997831821817778,0.2480565467655,24.805654676550002,0.0069435585228310275,0.6943558522831027,0.006943558522831028,0.004860490965981719,scenario,cyp_cystitis,59.612331309141034
22.416666666667,spinal_coord,5.535151721554708,0.992276942588,0.007723057412,0.33775054676249266,33.77505467624927,0.11957508148732356,11.957508148732355,0.248069235647,24.8069235647,0.006916721223269025,0.6916721223269024,0.006916721223269025,0.004841704856288317,scenario,cyp_cystitis,59.62858079361348
22.5,spinal_coord,5.5143468470201755,0.99232634765,0.00767365235,0.3374705401836129,33.74705401836129,0.1191852710281505,11.91852710281505,0.2480815869125,24.80815869125,0.006890797673729248,0.6890797673729249,0.006890797673729248,0.004823558371610474,scenario,cyp_cystitis,59.64483027808575
22.583333333333,spinal_coord,5.4942578042639445,0.992374402248,0.007625597752,0.3371999971343633,33.71999971343633,0.1188085287631511,11.88085287631511,0.248093600562,24.8093600562,0.006865761946364433,0.6865761946364433,0.006865761946364433,0.004806033362455103,scenario,cyp_cystitis,59.66107976255799
22.666666666667,spinal_coord,5.4748640414835945,0.992421106382,0.007578893618,0.33693865299969,33.693865299969,0.11844450187225336,11.844450187225336,0.2481052765955,24.81052765955,0.0068415886280913645,0.6841588628091364,0.0068415886280913645,0.004789112039663955,scenario,cyp_cystitis,59.677329247030436
22.75,spinal_coord,5.45614542716691,0.992466460052,0.007533539948,0.33668624720038853,33.668624720038856,0.11809284291651807,11.809284291651807,0.248116615013,24.8116615013,0.006818252819475559,0.6818252819475559,0.00681825281947556,0.004772776973632892,scenario,cyp_cystitis,59.693578731502676
22.833333333333,spinal_coord,5.4380822484217965,0.992510463258,0.007489536742,0.3364425232765497,33.644252327654975,0.11775320994939964,11.775320994939964,0.2481276158145,24.812761581449998,0.0067957301331722005,0.6795730133172201,0.0067957301331722005,0.00475701109322054,scenario,cyp_cystitis,59.70982821597495
22.916666666667,spinal_coord,5.420655208989209,0.992553116,0.007446884,0.33620722896203625,33.620722896203624,0.1174252666160484,11.74252666160484,0.248138279,24.8138279,0.006773996691947914,0.6773996691947914,0.006773996691947913,0.004741797684363539,scenario,cyp_cystitis,59.7260777004474
23.0,spinal_coord,5.4038454269515475,0.992594419122,0.007405580878,0.33598011653594284,33.598011653594284,0.11710868234059042,11.710868234059042,0.2481486047805,24.81486047805,0.006753029126299739,0.6753029126299739,0.006753029126299739,0.004727120388409817,scenario,cyp_cystitis,59.742327184919624
23.083333333333,spinal_coord,5.387634432149399,0.992634530176,0.007365469824,0.3357609956003347,33.57609956003347,0.11680315074177959,11.680315074177958,0.248158632544,24.8158632544,0.006732804571688129,0.6732804571688129,0.0067328045716881285,0.0047129632001816895,scenario,cyp_cystitis,59.758576669391886
23.166666666667,spinal_coord,5.372004163324724,0.992673566112,0.007326433888,0.3355496662564402,33.55496662564402,0.11650836630458697,11.650836630458697,0.248168391528,24.8168391528,0.0067133006654073275,0.6713300665407328,0.006713300665407328,0.004699310465785129,scenario,cyp_cystitis,59.77482615386437
23.25,spinal_coord,5.3569369650025775,0.992711526929,0.007288473071,0.33534589341175897,33.534589341175895,0.11622401557267864,11.622401557267864,0.24817788173225,24.817788173225,0.006694495543108998,0.6694495543108998,0.006694495543108998,0.004686146880176299,scenario,cyp_cystitis,59.79107563833662
23.333333333333,spinal_coord,5.342415584123766,0.992748412628,0.007251587372,0.33514944642889394,33.5149446428894,0.11594979102919195,11.594979102919195,0.248187103157,24.8187103157,0.0066763678349952985,0.6676367834995298,0.0066763678349952985,0.004673457484496709,scenario,cyp_cystitis,59.807325122808834
23.416666666667,spinal_coord,5.328423166445452,0.992784223209,0.007215776791,0.3349600991507954,33.49600991507954,0.11568539113139388,11.568539113139389,0.24819605580225,24.819605580224998,0.006658896661703429,0.665889666170343,0.006658896661703429,0.0046612276631924,scenario,cyp_cystitis,59.823574607281294
23.5,spinal_coord,5.314943252721308,0.992818958672,0.007181041328,0.33477762992051574,33.477762992051574,0.11543052033668767,11.543052033668767,0.248204739668,24.820473966799998,0.006642061629896827,0.6642061629896827,0.006642061629896826,0.004649443140927778,scenario,cyp_cystitis,59.83982409175357
23.583333333333,spinal_coord,5.301959774673021,0.992852619017,0.007147380983,0.3346018215940679,33.46018215940679,0.11518488911975724,11.518488911975725,0.24821315475425,24.821315475425,0.006625842827578479,0.6625842827578479,0.006625842827578479,0.004638089979304935,scenario,cyp_cystitis,59.856073576225825
23.666666666667,spinal_coord,5.289457050769009,0.992885204243,0.007114795757,0.3344324615467318,33.443246154673176,0.11494821398130906,11.494821398130906,0.24822130106075,24.822130106075,0.006610220819146862,0.6610220819146863,0.006610220819146862,0.004627154573402803,scenario,cyp_cystitis,59.87232306069825
23.75,spinal_coord,5.277419781821376,0.992916714351,0.007083285649,0.3342693416747666,33.42693416747666,0.11472021744935544,11.472021744935544,0.24822917858775,24.822917858775,0.00659517664020894,0.659517664020894,0.006595176640208939,0.004616623648146257,scenario,cyp_cystitis,59.88857254517054
23.833333333333,spinal_coord,5.265833046412166,0.992947161961,0.007052838039,0.3341122626358803,33.41122626358803,0.11450062952750704,11.450062952750704,0.24823679049025,24.823679049025,0.006580691792164749,0.6580691792164749,0.006580691792164749,0.004606484254515324,scenario,cyp_cystitis,59.9048220296428
23.916666666667,spinal_coord,5.254682296163679,0.99297674941,0.00702325059,0.33396109339084784,33.39610933908478,0.11428920805113046,11.428920805113046,0.2482441873525,24.82441873525,0.006566748236582604,0.6566748236582604,0.006566748236582603,0.0045967237656078215,scenario,cyp_cystitis,59.921071514115226
24.0,spinal_coord,5.243953350863091,0.993005547149,0.006994452851,0.3338156629284097,33.38156629284097,0.11408570152154628,11.408570152154628,0.24825138678725,24.825138678725,0.0065533283893784095,0.655332838937841,0.006553328389378409,0.004587329872564886,scenario,cyp_cystitis,59.93732099858748
0.0,ganglia,11.656835765612096,0.946112943067,0.053887056933,0.28676037672030874,28.676037672030873,0.21349898045956525,21.349898045956525,0.09461129430670001,9.46112943067,0.02278250491253005,2.278250491253005,0.02278250491253005,0.028478131140662562,scenario,cyp_cystitis,0.001
0.083333333333,ganglia,11.796638323404085,0.94631787441,0.05368212559,0.2852087167547923,28.52087167547923,0.2117521436819914,21.175214368199143,0.09463178744100001,9.4631787441,0.02030483706910658,2.0304837069106583,0.020304837069106577,0.02538104633638322,scenario,cyp_cystitis,138.36023061402503
0.166666666667,ganglia,11.945120209704273,0.94664740603,0.05335259397,0.28386442699408576,28.386442699408576,0.21022187376787302,21.0221873767873,0.09466474060300001,9.466474060300001,0.0183684931683323,1.8368493168332298,0.018368493168332303,0.02296061646041538,scenario,cyp_cystitis,276.7194612297102
0.25,ganglia,12.10247502746497,0.947123915435,0.052876084565,0.2827268242066814,28.27268242066814,0.20890492518131268,20.890492518131268,0.0947123915435,9.47123915435,0.016817359240600696,1.6817359240600696,0.016817359240600696,0.02102169905075087,scenario,cyp_cystitis,415.0786918437353
0.333333333333,ganglia,12.268864414419467,0.947716162504,0.052283837496,0.28177931366706954,28.177931366706954,0.2077863304629661,20.77863304629661,0.09477161625040001,9.47716162504,0.015550131466751181,1.555013146675118,0.015550131466751181,0.019437664333438978,scenario,cyp_cystitis,553.4379224577602
0.416666666667,ganglia,12.44441425079423,0.948395209046,0.051604790954,0.2810062164844609,28.10062164844609,0.20685188397762316,20.685188397762317,0.09483952090460002,9.48395209046,0.01449818357504925,1.449818357504925,0.014498183575049249,0.018122729468811563,scenario,cyp_cystitis,691.7971530734457
0.5,ganglia,12.62921088141795,0.949146717754,0.050853282246,0.2803962978053559,28.03962978053559,0.20609069558883994,20.609069558883995,0.0949146717754,9.49146717754,0.01361335572435821,1.361335572435821,0.013613355724358211,0.017016694655447764,scenario,cyp_cystitis,830.1563836874702
0.583333333333,ganglia,12.82329739423903,0.949949433331,0.050050566669,0.27993629081748767,27.993629081748768,0.20549038609376408,20.549038609376407,0.0949949433331,9.49949433331,0.012860836832416837,1.2860836832416838,0.012860836832416837,0.01607604604052105,scenario,cyp_cystitis,968.5156143014955
0.666666666667,ganglia,13.026669999823143,0.950779404767,0.049220595233,0.27961210802753456,27.961210802753456,0.20503796394537174,20.503796394537176,0.0950779404767,9.50779404767,0.012214822882403904,1.2214822882403904,0.012214822882403904,0.015268528603004879,scenario,cyp_cystitis,1106.8748449171812
0.75,ganglia,13.239274558639224,0.951632260291,0.048367739709,0.27941533577231314,27.941533577231315,0.20472456638134795,20.472456638134794,0.0951632260291,9.51632260291,0.011655765271531926,1.1655765271531926,0.011655765271531926,0.014569706589414907,scenario,cyp_cystitis,1245.234075531206
0.833333333333,ganglia,13.46100330462692,0.95249942285,0.04750057715,0.27933617818538603,27.933617818538604,0.20454026211154006,20.454026211154005,0.095249942285,9.5249942285,0.011168569005475512,1.1168569005475513,0.01116856900547551,0.013960711256844388,scenario,cyp_cystitis,1383.5933061452301
0.916666666667,ganglia,13.69169181457557,0.953370138628,0.046629861372,0.27936404119558506,27.936404119558507,0.2044744748142056,20.44744748142056,0.09533701386280001,9.53370138628,0.010741379121571897,1.0741379121571897,0.010741379121571895,0.013426723901964869,scenario,cyp_cystitis,1521.952536760916
1.0,ganglia,13.931116273382507,0.954233670727,0.045766329273,0.2794881626165879,27.948816261658788,0.20451643949320872,20.45164394932087,0.09542336707270001,9.542336707270001,0.010364742962165586,1.0364742962165587,0.010364742962165585,0.012955928702706981,scenario,cyp_cystitis,1660.311767374941
1.083333333333,ganglia,14.178991085056683,0.955076060484,0.044923939516,0.2830223754162375,28.302237541623747,0.20834974374204165,20.834974374204165,0.0955076060484,9.55076060484,0.010697120527037824,1.0697120527037824,0.010697120527037824,0.01337140065879728,scenario,cyp_cystitis,1622.6341328047818
1.166666666667,ganglia,14.434966878317999,0.955867038656,0.044132961344,0.2866307264006527,28.663072640065266,0.21227113615005855,21.227113615005855,0.0955867038656,9.558670386560001,0.011045084479709458,1.1045084479709457,0.011045084479709458,0.013806355599636822,scenario,cyp_cystitis,1584.9564982341697
1.25,ganglia,14.698628954013888,0.956581684774,0.043418315226,0.29029978552938585,29.029978552938584,0.2162684633910954,21.62684633910954,0.0956581684774,9.565816847739999,0.011408984490488631,1.1408984490488632,0.011408984490488631,0.01426123061311079,scenario,cyp_cystitis,1547.2788636640103
1.333333333333,ganglia,14.969496219094417,0.957223164541,0.042776835459,0.2940236967130266,29.402369671302658,0.22033486695436286,22.033486695436284,0.09572231645410001,9.572231645410001,0.011789138909612315,1.1789138909612316,0.011789138909612315,0.014736423637015394,scenario,cyp_cystitis,1509.6012290938495
1.416666666667,ganglia,15.247020648517363,0.957800684342,0.042199315658,0.29779786003169995,29.779786003169995,0.22446421288611107,22.446421288611106,0.0957800684342,9.57800684342,0.012185832157084766,1.2185832157084766,0.012185832157084766,0.015232290196355958,scenario,cyp_cystitis,1471.9235945232388
1.5,ganglia,15.530587312457335,0.95831262272,0.04168737728,0.30161377551196183,30.161377551196182,0.22864723693329092,22.864723693329093,0.095831262272,9.583126227200001,0.012599312349060175,1.2599312349060174,0.012599312349060173,0.015749140436325217,scenario,cyp_cystitis,1434.2459599530794
1.583333333333,ganglia,15.819515001344072,0.958759880859,0.041240119141,0.3054631348407952,30.54631348407952,0.2328746075054391,23.287460750543907,0.0958759880859,9.58759880859,0.013029789211582288,1.3029789211582288,0.013029789211582288,0.01628723651447786,scenario,cyp_cystitis,1396.5683253829193
1.666666666667,ganglia,16.11305747556327,0.959145408969,0.040854591031,0.3093377660479372,30.93377660479372,0.23713691683448582,23.71369168344858,0.0959145408969,9.59145408969,0.01347743233348126,1.3477432333481258,0.013477432333481257,0.01684679041685157,scenario,cyp_cystitis,1358.8906908123079
1.75,ganglia,16.41040536044475,0.95947036349,0.04052963651,0.3132284747058357,31.32284747058357,0.24142382039648408,24.142382039648407,0.09594703634900001,9.5947036349,0.01394236981103078,1.3942369811030781,0.01394236981103078,0.017427962263788475,scenario,cyp_cystitis,1321.2130562421476
1.833333333333,ganglia,16.710688700235174,0.959735920694,0.040264079306,0.31712566847348833,31.712566847348832,0.24572452933787592,24.57245293378759,0.09597359206940001,9.59735920694,0.014424687337221754,1.4424687337221753,0.014424687337221754,0.01803085917152719,scenario,cyp_cystitis,1283.5354216719886
1.916666666667,ganglia,17.01298017716557,0.959943294928,0.040056705072,0.3210194280105081,32.10194280105081,0.2500278872418979,25.002788724189788,0.09599432949280001,9.59943294928,0.014924427788172639,1.4924427788172638,0.014924427788172639,0.0186555347352158,scenario,cyp_cystitis,1245.8577871013767
2.0,ganglia,17.31629899386088,0.960093676029,0.039906323971,0.324899554176717,32.4899554176717,0.25432242952646333,25.432242952646334,0.0960093676029,9.60093676029,0.015441591358756333,1.5441591358756332,0.015441591358756331,0.019301989198445415,scenario,cyp_cystitis,1208.180152531217
2.083333333333,ganglia,17.619615409020476,0.960189727192,0.039810272808,0.328297803456554,32.8297803456554,0.25808758970817114,25.808758970817113,0.09601897271920001,9.601897271920002,0.015837100371188673,1.5837100371188673,0.015837100371188673,0.01979637546398584,scenario,cyp_cystitis,1189.867006568016
2.166666666667,ganglia,17.92185590763087,0.960239208726,0.039760791274,0.3316517917299392,33.165179172993916,0.2618087453970436,26.18087453970436,0.0960239208726,9.60239208726,0.016237995485320813,1.6237995485320813,0.016237995485320813,0.020297494356651017,scenario,cyp_cystitis,1171.5538606045943
2.25,ganglia,18.221908978378078,0.960247348023,0.039752651977,0.3349527076490662,33.49527076490662,0.2654755253852958,26.54755253852958,0.0960247348023,9.60247348023,0.01664341023294077,1.6643410232940772,0.016643410232940768,0.020804262791175962,scenario,cyp_cystitis,1153.2407146413927
2.333333333333,ganglia,18.518631462245693,0.960218150679,0.039781849321,0.3381914177040159,33.819141770401586,0.269077336262351,26.907733626235096,0.0960218150679,9.60218150679,0.017052422942392564,1.7052422942392564,0.017052422942392564,0.021315528677990705,scenario,cyp_cystitis,1134.9275686781914
2.416666666667,ganglia,18.810855427653223,0.960150076211,0.039849923789,0.3413569701128685,34.13569701128685,0.2726021805464094,27.260218054640937,0.0960150076211,9.60150076211,0.017464060819070197,1.7464060819070197,0.017464060819070197,0.021830076023837748,scenario,cyp_cystitis,1116.6144227147704
2.5,ganglia,19.097395519345884,0.960044334017,0.039955665983,0.34443954008888866,34.443954008888866,0.2760390074302096,27.603900743020958,0.0960044334017,9.600443340170001,0.017877304627195476,1.7877304627195476,0.017877304627195476,0.022346630783994344,scenario,cyp_cystitis,1098.301276751569
2.583333333333,ganglia,19.377056720433863,0.959902881722,0.040097118278,0.34742980874054624,34.74298087405462,0.27937724507594025,27.937724507594027,0.09599028817220001,9.59902881722,0.018291093948035124,1.8291093948035124,0.01829109394803512,0.0228638674350439,scenario,cyp_cystitis,1079.988130788368
2.666666666667,ganglia,19.64864245964744,0.95972767648,0.04027232352,0.3503187555103184,35.03187555103184,0.2826066531803537,28.26066531803537,0.095972767648,9.5972767648,0.018704332982023918,1.8704332982023917,0.018704332982023914,0.023380416227529892,scenario,cyp_cystitis,1061.6749848249474
2.75,ganglia,19.91096298944101,0.959520129046,0.040479870954,0.35309750673886986,35.30975067388699,0.285717215371411,28.571721537141098,0.09595201290460001,9.59520129046,0.019115896855085447,1.9115896855085448,0.01911589685508545,0.023894871068856814,scenario,cyp_cystitis,1043.3618388617458
2.833333333333,ganglia,20.16284395487763,0.959281441013,0.040718558987,0.3557574979918206,35.57574979918206,0.28869928210057844,28.869928210057843,0.0959281441013,9.59281441013,0.01952463838249678,1.9524638382496782,0.01952463838249678,0.024405797978120976,scenario,cyp_cystitis,1025.0486928985447
2.916666666667,ganglia,20.40313506839496,0.95901317132,0.04098682868,0.35829072404487555,35.829072404487555,0.2915437854587506,29.15437854587506,0.09590131713200001,9.590131713200002,0.019929395237038388,1.9929395237038388,0.019929395237038388,0.024911744046297986,scenario,cyp_cystitis,1006.7355469351236
3.0,ganglia,20.630718801955,0.958716878906,0.041283121094,0.3606896461059072,36.06896461059072,0.29424217579478573,29.424217579478572,0.09587168789060001,9.587168789060001,0.020328997462413605,2.0328997462413607,0.020328997462413605,0.025411246828017008,scenario,cyp_cystitis,988.4224009719222
3.083333333333,ganglia,20.844519005524162,0.958394223955,0.041605776045,0.36294726223524143,36.294726223524144,0.2967864887108238,29.67864887108238,0.0958394223955,9.58394223955,0.020722275267701835,2.0722275267701833,0.02072227526770183,0.02590284408462729,scenario,cyp_cystitis,970.1092550087208
3.166666666667,ganglia,21.043509359420973,0.958047358322,0.041952641678,0.36505728500435736,36.50572850043574,0.2991694990801748,29.916949908017482,0.0958047358322,9.58047358322,0.021108067034017484,2.1108067034017486,0.021108067034017484,0.026385083792521857,scenario,cyp_cystitis,951.7961090452995
3.25,ganglia,21.2267215680805,0.957678163287,0.042321836713,0.36701387811844716,36.70138781184472,0.30138451309971903,30.138451309971902,0.0957678163287,9.57678163287,0.02148522746104595,2.1485227461045953,0.02148522746104595,0.026856534326307437,scenario,cyp_cystitis,933.4829630820985
3.333333333333,ganglia,21.393253203996338,0.957288465609,0.042711534391,0.3688117555134131,36.88117555134131,0.30342545439168117,30.342545439168116,0.09572884656090001,9.572884656090002,0.021852635778371623,2.185263577837162,0.02185263577837162,0.027315794722964526,scenario,cyp_cystitis,915.1698171188972
3.416666666667,ganglia,21.542275113065536,0.956880092997,0.043119907003,0.3704462176042313,37.04462176042313,0.30528689811614584,30.528689811614584,0.0956880092997,9.568800929970001,0.022209203944564198,2.22092039445642,0.022209203944564194,0.02776150493070524,scenario,cyp_cystitis,896.8566711554759
3.5,ganglia,21.673038296443224,0.956455047016,0.043544952984,0.37191323047762814,37.191323047762815,0.3069641397511424,30.69641397511424,0.0956455047016,9.56455047016,0.02255388475624413,2.255388475624413,0.02255388475624413,0.028192355945305163,scenario,cyp_cystitis,878.5435251922748
3.583333333333,ganglia,21.784880189061457,0.956015364561,0.043984635439,0.37320938200210796,37.3209382002108,0.3084531617177866,30.84531617177866,0.0956015364561,9.56015364561,0.022885679789430253,2.2885679789430253,0.02288567978943025,0.02860709973678781,scenario,cyp_cystitis,860.2303792290737
3.666666666667,ganglia,21.877230261174674,0.95556298856,0.04443701144,0.37433183719820573,37.433183719820576,0.3097505981580063,30.97505981580063,0.095556298856,9.5556298856,0.023203647096411515,2.3203647096411517,0.023203647096411515,0.029004558870514393,scenario,cyp_cystitis,841.917233265652
3.75,ganglia,21.94961487670749,0.955099861943,0.044900138057,0.3752783778660618,37.52783778660618,0.31085376852417973,31.085376852417973,0.09550998619430001,9.55099861943,0.023506908583499846,2.3506908583499846,0.023506908583499853,0.029383635729374816,scenario,cyp_cystitis,823.6040873024511
3.833333333333,ganglia,22.001661350531073,0.954628758508,0.045371241492,0.3760477311620064,37.60477311620064,0.3117609503457849,31.176095034578488,0.0954628758508,9.54628758508,0.023794656997921097,2.3794656997921098,0.023794656997921097,0.029743321247401373,scenario,cyp_cystitis,805.2909413392495
3.916666666667,ganglia,22.033101156021594,0.954155284321,0.045844715679,0.3766403624417367,37.66403624417367,0.31247203778848526,31.247203778848526,0.09541552843210001,9.54155284321,0.024066162455783285,2.4066162455783284,0.024066162455783285,0.030082703069729107,scenario,cyp_cystitis,786.9777953758284
4.0,ganglia,22.043772244291013,0.953682579048,0.046317420952,0.3770563855681695,37.70563855681695,0.31298680851485494,31.298680851485493,0.09536825790480001,9.536825790480002,0.024320778447770936,2.4320778447770937,0.024320778447770943,0.03040097305971368,scenario,cyp_cystitis,768.6646494126273
4.083333333333,ganglia,22.033620447061974,0.953213468382,0.046786531618,0.3770082254647056,37.70082254647056,0.3129854206961173,31.298542069611727,0.09532134683820001,9.53213468382,0.024417965237634193,2.4417965237634194,0.024417965237634193,0.03052245654704274,scenario,cyp_cystitis,760.638452854891
4.166666666667,ganglia,22.00269994618764,0.952750778018,0.047249221982,0.3767843015077725,37.678430150777245,0.31278802633996944,31.278802633996943,0.0952750778018,9.52750778018,0.024493469570876475,2.4493469570876476,0.02449346957087648,0.030616836963595597,scenario,cyp_cystitis,752.6122562970576
4.25,ganglia,21.95117280413198,0.95229733365,0.04770266635,0.3763866719129808,37.63866719129808,0.3123965983866453,31.23965983866453,0.09522973336500001,9.522973336500002,0.024547179325846245,2.4547179325846247,0.024547179325846245,0.030683974157307805,scenario,cyp_cystitis,744.586059739321
4.333333333333,ganglia,21.87930756109512,0.951855960974,0.048144039026,0.3758179769239911,37.58179769239911,0.31181375647399007,31.18137564739901,0.09518559609740002,9.518559609740002,0.024579093940474025,2.4579093940474026,0.02457909394047403,0.030723867425592535,scenario,cyp_cystitis,736.5598631815844
4.416666666667,ganglia,21.787476915782673,0.951429485683,0.048570514317,0.37508142968996805,37.50814296899681,0.31104275680185334,31.104275680185335,0.09514294856830001,9.51429485683,0.024589324451437636,2.4589324451437635,0.02458932445143764,0.030736655564297048,scenario,cyp_cystitis,728.5336666237516
4.5,ganglia,21.676154517847422,0.951020733473,0.048979266527,0.3741808062473213,37.41808062473213,0.31008748100002365,31.008748100002364,0.0951020733473,9.51020733473,0.024578092629207238,2.4578092629207235,0.02457809262920724,0.03072261578650905,scenario,cyp_cystitis,720.5074700660149
4.583333333333,ganglia,21.545910910613188,0.950632530038,0.049367469962,0.3731204345283333,37.31204345283333,0.3089524239161481,30.895242391614808,0.0950632530038,9.50632530038,0.024545729218491154,2.4545729218491155,0.024545729218491158,0.030682161523113947,scenario,cyp_cystitis,712.4812735082783
4.666666666667,ganglia,21.39740867272712,0.950264964363,0.049735035637,0.37190411123217215,37.19041112321722,0.3076417942176357,30.764179421763572,0.09502649643630001,9.50264964363,0.024492671303150686,2.4492671303150684,0.024492671303150686,0.03061583912893836,scenario,cyp_cystitis,704.4550769504449
4.75,ganglia,21.23139681661444,0.949916669279,0.050083330721,0.3705356057932108,37.05356057932108,0.3061599320725676,30.615993207256757,0.09499166692790001,9.49916669279,0.024419458823974737,2.441945882397474,0.024419458823974737,0.030524323529968422,scenario,cyp_cystitis,696.4288803927084
4.833333333333,ganglia,21.048704509959766,0.949589258775,0.050410741225,0.3690203852066747,36.90203852066747,0.30451273258797185,30.451273258797183,0.0949589258775,9.495892587750001,0.02432673028665914,2.432673028665914,0.024326730286659142,0.03040841285832393,scenario,cyp_cystitis,688.4026838349715
4.916666666667,ganglia,20.850234193852625,0.949284357043,0.050715642957,0.36736443036261174,36.73644303626117,0.3027066607314575,30.27066607314575,0.0949284357043,9.49284357043,0.024215217705881156,2.421521770588116,0.024215217705881156,0.030269022132351445,scenario,cyp_cystitis,680.3764872771388
5.0,ganglia,20.6369541774427,0.949003588275,0.050996411725,0.36557421534652523,36.557421534652526,0.30074872946558356,30.074872946558358,0.0949003588275,9.49003588275,0.02408574083931697,2.408574083931697,0.02408574083931697,0.030107176049146214,scenario,cyp_cystitis,672.3502907194019
5.083333333333,ganglia,20.40989079399801,0.948748576661,0.051251423339,0.3636566884973032,36.36566884973032,0.2986464787013369,29.86464787013369,0.0948748576661,9.48748576661,0.023939200772749872,2.3939200772749873,0.023939200772749872,0.02992400096593734,scenario,cyp_cystitis,664.3240941616656
5.166666666667,ganglia,20.17012020714065,0.948520946392,0.051479053608,0.3616192509835307,36.16192509835307,0.29640795149370075,29.640795149370074,0.09485209463920001,9.48520946392,0.02377657292403185,2.377657292403185,0.023776572924031854,0.029720716155039816,scenario,cyp_cystitis,656.2978976038323
5.25,ganglia,19.918759958499223,0.948322321659,0.051677678341,0.3594697326715488,35.94697326715488,0.2940416672284986,29.40416672284986,0.0948322321659,9.48322321659,0.023598899539373695,2.3598899539373694,0.02359889953937369,0.029498624424217114,scenario,cyp_cystitis,648.2717010460957
5.333333333333,ganglia,19.656960349228978,0.948154326655,0.051845673345,0.35721636508950677,35.721636508950674,0.29155659158222974,29.155659158222974,0.09481543266550001,9.48154326655,0.023407281760265835,2.3407281760265835,0.02340728176026584,0.029259102200332298,scenario,cyp_cystitis,640.2455044883591
5.416666666667,ganglia,19.385895747862204,0.948018310326,0.051981689674,0.3548676482903712,35.48676482903712,0.28896201917530134,28.896201917530135,0.09480183103260001,9.480183103260002,0.023202871343262717,2.320287134326272,0.023202871343262717,0.029003589179078394,scenario,cyp_cystitis,632.2193079305262
5.5,ganglia,19.10675591554243,0.947910117107,0.052089882893,0.35243037681701395,35.243037681701395,0.28626596122923775,28.626596122923775,0.09479101171070001,9.47910117107,0.022986862117667598,2.2986862117667597,0.022986862117667598,0.028733577647084497,scenario,cyp_cystitis,624.1931113727896
5.583333333333,ganglia,18.820737437140103,0.947827607862,0.052172392138,0.34991245218317996,34.99124521831799,0.2834774348855333,28.347743488553327,0.09478276078620002,9.478276078620002,0.022760481267936446,2.2760481267936448,0.022760481267936446,0.02845060158492056,scenario,cyp_cystitis,616.166914815053
5.666666666667,ganglia,18.529035343148685,0.947770484108,0.052229515892,0.347322756301752,34.7322756301752,0.28060634210105784,28.060634210105782,0.09477704841080001,9.477704841080001,0.022524980528398412,2.252498052839841,0.02252498052839841,0.02815622566049801,scenario,cyp_cystitis,608.1407182572199
5.75,ganglia,18.232835002429688,0.94773844736,0.05226155264,0.34467041575700264,34.467041575700264,0.27766285669000296,27.766285669000297,0.094773844736,9.4773844736,0.022281627377442378,2.228162737744238,0.02228162737744238,0.027852034221802976,scenario,cyp_cystitis,600.1145216994834
5.833333333333,ganglia,17.933304360173597,0.947731199135,0.052268800865,0.3419647561152175,34.19647561152175,0.2746573735574639,27.465737355746388,0.09477311991350001,9.477311991350001,0.022031696316837664,2.2031696316837666,0.022031696316837667,0.027539620396047085,scenario,cyp_cystitis,592.0883251417466
5.916666666667,ganglia,17.631586589010247,0.94774844095,0.05225155905,0.33921525304085626,33.92152530408563,0.2716004543842847,27.16004543842847,0.094774844095,9.4774844095,0.021776460319400805,2.1776460319400806,0.021776460319400805,0.027220575399251008,scenario,cyp_cystitis,584.0621285839137
6.0,ganglia,17.328793213870586,0.947789874321,0.052210125679,0.3364314805474105,33.643148054741054,0.2685027701281228,26.850277012812278,0.0947789874321,9.47789874321,0.02151718252458637,2.151718252458637,0.021517182524586367,0.02689647815573296,scenario,cyp_cystitis,576.0359320261767
6.083333333333,ganglia,17.025997763388855,0.947854881458,0.052145118542,0.3336229444121272,33.36229444121272,0.2653749514070302,26.537495140703022,0.09478548814580001,9.478548814580002,0.021255108257048398,2.12551082570484,0.021255108257048395,0.026568885321310493,scenario,cyp_cystitis,568.0097354684405
6.166666666667,ganglia,16.724229992490326,0.94794164762,0.05205835238,0.3307987245755764,33.07987245755764,0.26222728868175155,26.222728868175153,0.094794164762,9.4794164762,0.02099145743788494,2.099145743788494,0.020991457437884938,0.026239321797356174,scenario,cyp_cystitis,559.983538910607
6.25,ganglia,16.424470712178756,0.948049296564,0.051950703436,0.3279681745285528,32.79681745285528,0.25907027208016975,25.907027208016974,0.09480492965640001,9.480492965640002,0.020727417451971052,2.072741745197105,0.020727417451971052,0.025909271814963816,scenario,cyp_cystitis,551.9573423528708
6.333333333333,ganglia,16.127647253856058,0.948177085649,0.051822914351,0.3251405729080398,32.51405729080398,0.2559142937145998,25.591429371459977,0.09481770856490002,9.481770856490002,0.020464136527855573,2.0464136527855574,0.020464136527855573,0.025580170659819466,scenario,cyp_cystitis,543.9311457951341
6.416666666667,ganglia,15.834629586912904,0.94832427223,0.05167572777,0.32232501765079,32.232501765079,0.2527695449197667,25.27695449197667,0.094832427223,9.4832427223,0.02020271767926404,2.020271767926404,0.02020271767926404,0.02525339709908005,scenario,cyp_cystitis,535.9049492373011
6.5,ganglia,15.54622709966135,0.948490113667,0.051509886333,0.319530368261058,31.9530368261058,0.24964595210484222,24.964595210484223,0.0948490113667,9.48490113667,0.019944213249179145,1.9944213249179146,0.01994421324917915,0.024930266561473936,scenario,cyp_cystitis,527.8787526795642
6.583333333333,ganglia,15.263186045362307,0.948673867316,0.051326132684,0.3167651895454413,31.67651895454413,0.24655311423760146,24.655311423760146,0.0948673867316,9.48673867316,0.019689620089147358,1.9689620089147357,0.019689620089147358,0.024612025111434198,scenario,cyp_cystitis,519.8525561218275
6.666666666667,ganglia,14.986187647237514,0.948874790533,0.051125209467,0.31403769762071904,31.403769762071903,0.24350024285268781,24.35002428526878,0.0948874790533,9.48874790533,0.01943987539802098,1.943987539802098,0.019439875398020976,0.02429984424752622,scenario,cyp_cystitis,511.82635956399446
6.75,ganglia,14.71584684876888,0.949091410252,0.050908589748,0.3113554693499383,31.13554693499383,0.24049592036082032,24.049592036082032,0.0949091410252,9.49091410252,0.019195853235668615,1.9195853235668616,0.019195853235668615,0.023994816544585768,scenario,cyp_cystitis,503.8001630062581
6.833333333333,ganglia,14.452711688660354,0.949321752518,0.050678247482,0.3087254802476569,30.87254802476569,0.23754811666206324,23.754811666206326,0.0949321752518,9.49321752518,0.018958361718670876,1.8958361718670875,0.018958361718670876,0.023697952148338596,scenario,cyp_cystitis,495.77396644852115
6.916666666667,ganglia,14.197263273628955,0.949564657052,0.050435342948,0.3061544922119497,30.615449221194968,0.23466447389638853,23.46644738963885,0.0949564657052,9.49564657052,0.018728140896780304,1.8728140896780303,0.018728140896780307,0.023410176120975384,scenario,cyp_cystitis,487.74776989068823
7.0,ganglia,13.949916316499849,0.949818968148,0.050181031852,0.30364874535513164,30.364874535513163,0.23185205393370184,23.185205393370182,0.09498189681480002,9.498189681480001,0.01850586130085088,1.850586130085088,0.01850586130085088,0.023132326626063602,scenario,cyp_cystitis,479.7215733329516
7.083333333333,ganglia,13.711020202231445,0.950083530102,0.049916469898,0.3012139241456073,30.12139241456073,0.2291173012615637,22.91173012615637,0.0950083530102,9.50083530102,0.018292123145398825,1.8292123145398826,0.018292123145398825,0.02286515393174853,scenario,cyp_cystitis,471.6953767752149
7.166666666667,ganglia,13.480860540498945,0.950357187209,0.049642812791,0.2988551310897778,29.88551310897778,0.22646601374319755,22.646601374319754,0.0950357187209,9.50357187209,0.01808745616202743,1.808745616202743,0.018087456162027435,0.022609320202534294,scenario,cyp_cystitis,463.669180217382
7.25,ganglia,13.259661160095153,0.950638783765,0.049361216235,0.2965768667608357,29.65768667608357,0.22390332042703967,22.390332042703967,0.0950638783765,9.506387837650001,0.017892320033505892,1.7892320033505893,0.01789232003350589,0.02236540004188236,scenario,cyp_cystitis,455.64298365964555
7.333333333333,ganglia,13.047586497927075,0.950927155978,0.049072844022,0.2943830138620087,29.43830138620087,0.22143366473800968,22.143366473800967,0.09509271559780001,9.509271559780002,0.017707105392646097,1.7707105392646096,0.017707105392646093,0.022133881740807618,scenario,cyp_cystitis,447.6167871019089
7.416666666667,ganglia,12.844744333757726,0.95122095394,0.04877904606,0.29227677579279954,29.227677579279955,0.21906075599866615,21.906075599866615,0.095122095394,9.5122095394,0.01753213534530405,1.753213534530405,0.017532135345304047,0.021915169181630056,scenario,cyp_cystitis,439.59059054407555
7.5,ganglia,12.65118882082732,0.951518890126,0.048481109874,0.29026075422951725,29.026075422951724,0.21678762801879692,21.678762801879692,0.09515188901260001,9.51518890126,0.017367667472695653,1.7367667472695654,0.01736766747269565,0.021709584340869562,scenario,cyp_cystitis,431.56439398633927
7.583333333333,ganglia,12.466923762286005,0.951819743157,0.048180256843,0.2883369555042645,28.83369555042645,0.21461664576507167,21.461664576507168,0.09518197431570001,9.518197431570002,0.017213896264997,1.7213896264997,0.017213896264996996,0.021517370331246247,scenario,cyp_cystitis,423.53819742860236
7.666666666667,ganglia,12.291906083908007,0.95212229165,0.04787770835,0.2865067820578021,28.65067820578021,0.21254950321422453,21.254950321422452,0.095212229165,9.5212229165,0.01707095593587239,1.707095593587239,0.01707095593587239,0.021338694919840487,scenario,cyp_cystitis,415.51200087076944
7.75,ganglia,12.126049454594236,0.952425314225,0.047574685775,0.28477105020502924,28.477105020502925,0.21058724309169916,21.058724309169914,0.0952425314225,9.52425314225,0.016938923565973575,1.6938923565973576,0.01693892356597357,0.021173654457466964,scenario,cyp_cystitis,407.48580431303276
7.833333333333,ganglia,11.969228007854973,0.9527275895,0.0472724105,0.28313001308280117,28.313001308280118,0.20873028236977903,20.873028236977902,0.09527275895000001,9.527275895,0.016817822522738182,1.6817822522738182,0.016817822522738186,0.02102227815342273,scenario,cyp_cystitis,399.4596077552961
7.916666666667,ganglia,11.821280119700983,0.953027896094,0.046972103906,0.2815833882254315,28.15833882254315,0.2069784429067017,20.69784429067017,0.0953027896094,9.53027896094,0.01670762610391537,1.670762610391537,0.016707626103915373,0.020884532629894217,scenario,cyp_cystitis,391.43341119746316
8.0,ganglia,11.682012200931444,0.953325640108,0.046674359892,0.2801305735287384,28.013057352873837,0.2053311216865982,20.53311216865982,0.09533256401080001,9.533256401080001,0.01660826135298332,1.6608261352983318,0.01660826135298332,0.02076032669122915,scenario,cyp_cystitis,383.4072146397265
8.083333333333,ganglia,11.55120246479946,0.953622696945,0.046377303055,0.2786624852615528,27.866248526155278,0.2036669061856142,20.36669061856142,0.09536226969450001,9.536226969450002,0.016462994639761034,1.6462994639761035,0.016462994639761034,0.02057874329970129,scenario,cyp_cystitis,380.19058247152304
8.166666666667,ganglia,11.428604634359198,0.953918876125,0.046081123875,0.27728741228450327,27.728741228450325,0.20210613852444806,20.210613852444805,0.0953918876125,9.539188761250001,0.01632854727687804,1.632854727687804,0.01632854727687804,0.020410684096097552,scenario,cyp_cystitis,376.9739503032808
8.25,ganglia,11.313951557247922,0.954213672607,0.045786327393,0.27600335945776544,27.600335945776543,0.20064665799673936,20.064665799673936,0.0954213672607,9.54213672607,0.016204628042573367,1.6204628042573368,0.016204628042573367,0.020255785053216707,scenario,cyp_cystitis,373.7573181350771
8.333333333333,ganglia,11.206958699314848,0.954506581348,0.045493418652,0.27480798083524594,27.480798083524594,0.1992859141116066,19.92859141116066,0.09545065813480001,9.54506581348,0.016090917352565303,1.6090917352565304,0.016090917352565307,0.020113646690706633,scenario,cyp_cystitis,370.54068596687375
8.416666666667,ganglia,11.107327492282728,0.954797097308,0.045202902692,0.2736986227503096,27.36986227503096,0.19802101446612178,19.802101446612177,0.0954797097308,9.54797097308,0.015987071712466775,1.5987071712466776,0.015987071712466775,0.019983839640583468,scenario,cyp_cystitis,367.3240537986315
8.5,ganglia,11.014748514345273,0.955084715444,0.044915284556,0.27267236678359413,27.267236678359414,0.19684877248799346,19.684877248799346,0.09550847154440001,9.550847154440001,0.015892728006985636,1.5892728006985637,0.015892728006985636,0.019865910008732043,scenario,cyp_cystitis,364.10742163042806
8.583333333333,ganglia,10.928904486333725,0.955368930714,0.044631069286,0.2717260720496953,27.17260720496953,0.1957657544203281,19.57657544203281,0.09553689307140001,9.55368930714,0.015807507595674227,1.5807507595674226,0.015807507595674224,0.01975938449459278,scenario,cyp_cystitis,360.89078946222463
8.666666666667,ganglia,10.84947306975132,0.955649238077,0.044350761923,0.2708564162902943,27.08564162902943,0.1947683249806603,19.47683249806603,0.0955649238077,9.55649238077,0.015731020189889464,1.5731020189889464,0.015731020189889467,0.019663775237361833,scenario,cyp_cystitis,357.6741572939823
8.75,ganglia,10.776129456441343,0.95592513249,0.04407486751,0.270059935330962,27.005993533096202,0.19385269120218,19.385269120218,0.095592513249,9.5592513249,0.015662867490393608,1.5662867490393608,0.01566286749039361,0.019578584362992014,scenario,cyp_cystitis,354.4575251257788
8.833333333333,ganglia,10.708548742985961,0.956196134397,0.043803865603,0.2693330677084591,26.93330677084591,0.1930149491875101,19.30149491875101,0.0956196134397,9.561961343970001,0.01560264656970482,1.560264656970482,0.01560264656970482,0.019503308212131025,scenario,cyp_cystitis,351.2408929575752
8.916666666667,ganglia,10.646408086074203,0.956461938586,0.043538061414,0.26867223152013775,26.867223152013775,0.19225115295726417,19.225115295726418,0.09564619385860001,9.564619385860002,0.015549952987804129,1.554995298780413,0.01554995298780413,0.019437441234755163,scenario,cyp_cystitis,348.0242607893332
9.0,ganglia,10.589388637931073,0.956722120904,0.043277879096,0.2680737742325736,26.80737742325736,0.19155729126908183,19.155729126908184,0.0956722120904,9.56722120904,0.015504383634004646,1.5504383634004646,0.015504383634004647,0.01938047954250581,scenario,cyp_cystitis,344.80762862112954
9.083333333333,ganglia,10.53717726352886,0.956976223297,0.043023776703,0.2675340268208453,26.75340268208453,0.1909293383234948,19.09293383234948,0.09569762232970001,9.569762232970001,0.015465539291728336,1.5465539291728336,0.015465539291728336,0.01933192411466042,scenario,cyp_cystitis,341.590996452926
9.166666666667,ganglia,10.489468043672368,0.957223787709,0.042776212291,0.26704934039246386,26.704934039246385,0.19036329069062652,19.036329069062653,0.09572237877090001,9.57223787709,0.015433026926556329,1.5433026926556328,0.015433026926556332,0.019291283658195414,scenario,cyp_cystitis,338.374364284684
9.25,ganglia,10.445963570099945,0.957464356085,0.042535643915,0.26661611034866467,26.661611034866468,0.18985519415573848,18.985519415573847,0.0957464356085,9.574643560850001,0.0154064617011532,1.54064617011532,0.0154064617011532,0.019258077126441498,scenario,cyp_cystitis,335.1577321164803
9.333333333333,ganglia,10.406376040533988,0.957697470369,0.042302529631,0.2662307976568622,26.62307976568622,0.18940116735551352,18.940116735551353,0.0957697470369,9.57697470369,0.015385468723556436,1.5385468723556437,0.015385468723556438,0.01923183590444555,scenario,cyp_cystitis,331.94109994827676
9.416666666667,ganglia,10.370428163133576,0.957922672507,0.042077327493,0.265889947281468,26.588994728146798,0.18899742225640886,18.899742225640885,0.0957922672507,9.57922672507,0.015369684537839467,1.5369684537839468,0.015369684537839469,0.019212105672299334,scenario,cyp_cystitis,328.7244677800347
9.5,ganglia,10.337853881014372,0.958139504444,0.041860495556,0.26559020385291743,26.559020385291742,0.18864028156501936,18.864028156501934,0.0958139504444,9.58139504444,0.015358758368276024,1.5358758368276024,0.015358758368276024,0.01919844796034503,scenario,cyp_cystitis,325.5078356118313
9.583333333333,ganglia,10.308398928466579,0.958347508123,0.041652491877,0.26532832469240486,26.532832469240486,0.1883261932001165,18.832619320011652,0.0958347508123,9.58347508123,0.015352353129899063,1.5352353129899063,0.015352353129899065,0.019190441412373832,scenario,cyp_cystitis,322.2912034436276
9.666666666667,ganglia,10.281821231221809,0.958546329099,0.041453670901,0.26510121898960803,26.510121898960804,0.18805176231078669,18.80517623107867,0.0958546329099,9.585463290989999,0.015350146219752413,1.5350146219752412,0.015350146219752413,0.019187682774690518,scenario,cyp_cystitis,319.07457127538567
9.75,ganglia,10.257891163579803,0.958736950993,0.041263049007,0.2649062969375977,26.49062969375977,0.18781400204255302,18.781400204255302,0.09587369509930001,9.587369509930001,0.015351830104186602,1.5351830104186603,0.0153518301041866,0.01918978763023325,scenario,cyp_cystitis,315.85793910718195
9.833333333333,ganglia,10.236391675462642,0.958919655465,0.041080344535,0.2647409110593576,26.47409110593576,0.18760993945873067,18.760993945873068,0.09589196554650001,9.58919655465,0.01535711271829195,1.535711271829195,0.015357112718291951,0.01919639089786494,scenario,cyp_cystitis,312.64130693897835
9.916666666667,ganglia,10.217118302527085,0.95909434174,0.04090565826,0.2646024495146587,26.46024495146587,0.187436683711843,18.7436683711843,0.095909434174,9.5909434174,0.015365717694002716,1.5365717694002716,0.015365717694002716,0.019207147117503393,scenario,cyp_cystitis,309.4246747707362
10.0,ganglia,10.199879072334076,0.959260909043,0.040739090957,0.2644884442758735,26.448844427587346,0.18729150374619274,18.729150374619273,0.0959260909043,9.59260909043,0.01537738443357423,1.537738443357423,0.015377384433574228,0.019221730541967786,scenario,cyp_cystitis,306.2080426025328
10.083333333333,ganglia,10.184494319297936,0.959419256602,0.040580743398,0.26439657181346776,26.439657181346774,0.1871718290591864,18.71718290591864,0.0959419256602,9.59419256602,0.015391868045065642,1.5391868045065642,0.015391868045065643,0.019239835056332054,scenario,cyp_cystitis,302.9914104343293
10.166666666667,ganglia,10.170796420730332,0.959569283643,0.040430716357,0.26432465236071445,26.432465236071444,0.18707524888490493,18.707524888490493,0.0959569283643,9.59569283643,0.0154089391561704,1.54089391561704,0.0154089391561704,0.019261173945212998,scenario,cyp_cystitis,299.77477826608697
10.25,ganglia,10.158629465761353,0.95971088939,0.04028911061,0.2642706479474289,26.42706479474289,0.18699951000936538,18.699951000936537,0.09597108893900001,9.597108893900002,0.0154283836222676,1.54283836222676,0.015428383622267599,0.0192854795278345,scenario,cyp_cystitis,296.55814609788354
10.333333333333,ganglia,10.14784886830337,0.959843973072,0.040156026928,0.2642326593819173,26.423265938191733,0.18694251341635254,18.694251341635255,0.0959843973072,9.598439730720001,0.015450002143942472,1.5450002143942472,0.01545000214394247,0.01931250267992809,scenario,cyp_cystitis,293.34151392967993
10.416666666667,ganglia,10.138320934536658,0.959968433913,0.040031566087,0.26420892234377613,26.420892234377614,0.18690230994719567,18.690230994719567,0.0959968433913,9.59968433913,0.015473609808462524,1.5473609808462523,0.01547360980846252,0.01934201226057815,scenario,cyp_cystitis,290.124881761438
10.5,ganglia,10.129922394646735,0.960084202553,0.039915797447,0.26419781139986204,26.419781139986203,0.1868771012717356,18.68771012717356,0.0960084202553,9.60084202553,0.015499035568844488,1.5499035568844488,0.015499035568844487,0.01937379446105561,scenario,cyp_cystitis,286.90824959323436
10.583333333333,ganglia,10.122539907764093,0.960192164348,0.039807835652,0.26419808883666973,26.419808883666974,0.18686541377985522,18.68654137798552,0.0960192164348,9.60192164348,0.015526121673215888,1.5526121673215887,0.015526121673215888,0.01940765209151986,scenario,cyp_cystitis,283.69161742503076
10.666666666667,ganglia,10.116069548258643,0.960292885376,0.039707114624,0.2642085484052071,26.420854840520708,0.18686584429734118,18.68658442973412,0.09602928853760001,9.602928853760002,0.015554723056181023,1.5554723056181023,0.01555472305618102,0.019443403820226274,scenario,cyp_cystitis,280.4749852567888
10.75,ganglia,10.110416280730691,0.960386533328,0.039613466672,0.26422798769950656,26.422798769950656,0.18687703818522952,18.68770381852295,0.0960386533328,9.60386533328,0.01558470670289065,1.558470670289065,0.015584706702890649,0.019480883378613312,scenario,cyp_cystitis,277.25835308858507
10.833333333333,ganglia,10.10549343024018,0.960473275894,0.039526724106,0.264255311619746,26.425531161974604,0.18689776003371777,18.689776003371776,0.0960473275894,9.604732758940001,0.015615950995485505,1.5615950995485506,0.015615950995485505,0.019519938744356882,scenario,cyp_cystitis,274.0417209203817
10.916666666667,ganglia,10.101222153534076,0.960553280761,0.039446719239,0.26428952606638956,26.428952606638955,0.18692688665587726,18.692688665587724,0.09605532807610001,9.60553280761,0.015648345050547928,1.5648345050547927,0.015648345050547924,0.019560431313184905,scenario,cyp_cystitis,270.8250887521395
11.0,ganglia,10.097530916272119,0.960626715622,0.039373284378,0.2643297316003784,26.432973160037843,0.18696340004242043,18.696340004242042,0.0960626715622,9.60626715622,0.015681788055197005,1.5681788055197006,0.015681788055197002,0.019602235068996252,scenario,cyp_cystitis,267.60845658393606
11.083333333333,ganglia,10.094354980528523,0.960693748164,0.039306251836,0.2643751171339072,26.43751171339072,0.1870063803527858,18.70063803527858,0.0960693748164,9.606937481640001,0.015716188608487315,1.5716188608487316,0.015716188608487315,0.019645235760609142,scenario,cyp_cystitis,264.39182441573234
11.166666666667,ganglia,10.091635906165099,0.960754546079,0.039245453921,0.2644249537262171,26.44249537262171,0.1870549990203523,18.705499902035232,0.09607545460790001,9.607545460790002,0.015751464073825275,1.5751464073825276,0.015751464073825275,0.019689330092281594,scenario,cyp_cystitis,261.17519224749014
11.25,ganglia,10.089321069031179,0.960809277055,0.039190722945,0.26447858852462547,26.447858852462545,0.18710851202125048,18.71085120212505,0.0960809277055,9.60809277055,0.01578753994724187,1.578753994724187,0.01578753994724187,0.01973442493405234,scenario,cyp_cystitis,257.9585600792867
11.333333333333,ganglia,10.087363198355543,0.960858110478,0.039141889522,0.2645354393699251,26.453543936992507,0.18716625369125006,18.716625369125005,0.09608581104780001,9.60858110478,0.0158243492455315,1.58243492455315,0.0158243492455315,0.019780436556914374,scenario,cyp_cystitis,254.74192791108317
11.416666666667,ganglia,10.085719935155696,0.960901460293,0.039098539707,0.2645950560353502,26.45950560353502,0.18722767778450025,18.722767778450024,0.09609014602930001,9.609014602930001,0.015861831917485948,1.586183191748595,0.015861831917485945,0.01982728989685743,scenario,cyp_cystitis,251.52529574284108
11.5,ganglia,10.084353412999194,0.960939717546,0.039060282454,0.2646570412475294,26.465704124752943,0.1872922994365882,18.729229943658822,0.09609397175460001,9.609397175460002,0.015899934280757647,1.5899934280757648,0.015899934280757647,0.019874917850947058,scenario,cyp_cystitis,248.30866357463754
11.583333333333,ganglia,10.083229862013553,0.960973118502,0.039026881498,0.26472100924834646,26.472100924834645,0.1873596637757183,18.73596637757183,0.0960973118502,9.60973118502,0.015938608486246262,1.5938608486246262,0.015938608486246262,0.019923260607807827,scenario,cyp_cystitis,245.09203140643402
11.666666666667,ganglia,10.082319236653213,0.961001899428,0.038998100572,0.264786623576757,26.4786623576757,0.18742937070439658,18.74293707043966,0.09610018994280001,9.61001899428,0.015977812011314377,1.5977812011314378,0.015977812011314377,0.01997226501414297,scenario,cyp_cystitis,241.87539923819173
11.75,ganglia,10.08159486739188,0.961026296588,0.038973703412,0.2648535925350968,26.48535925350968,0.18750106986255202,18.7501069862552,0.09610262965880001,9.61026296588,0.016017507182638717,1.6017507182638717,0.016017507182638717,0.020021883978298398,scenario,cyp_cystitis,238.65876706998827
11.833333333333,ganglia,10.081033136215778,0.961046546249,0.038953453751,0.2649216649536974,26.49216649536974,0.187574455920886,18.7574455920886,0.0961046546249,9.61046546249,0.016057660729054894,1.6057660729054894,0.016057660729054898,0.020072075911318623,scenario,cyp_cystitis,235.44213490178473
11.916666666667,ganglia,10.08061317554471,0.961062884677,0.038937115323,0.2649906262468288,26.499062624682878,0.18764926419903194,18.764926419903194,0.0961062884677,9.61062884677,0.01609824336435219,1.609824336435219,0.016098243364352186,0.020122804205440232,scenario,cyp_cystitis,232.22550273354267
12.0,ganglia,10.08031659000002,0.961075548139,0.038924451861,0.26506029475984944,26.506029475984942,0.18772526660661049,18.77252666066105,0.0961075548139,9.610755481390001,0.016139229399655654,1.6139229399655655,0.016139229399655654,0.020174036749569565,scenario,cyp_cystitis,229.0088705653391
12.083333333333,ganglia,10.080127200269255,0.961084772899,0.038915227101,0.26508186860891547,26.50818686089155,0.18774821257668386,18.774821257668385,0.0961084772899,9.61084772899,0.01615171633329061,1.615171633329061,0.01615171633329061,0.020189645416613264,scenario,cyp_cystitis,228.02006182912586
12.166666666667,ganglia,10.080030808183084,0.961090795225,0.038909204775,0.26510381900408875,26.510381900408873,0.18777193275732085,18.777193275732085,0.0961090795225,9.61090795225,0.016164369795235212,1.6164369795235212,0.016164369795235212,0.020205462244044015,scenario,cyp_cystitis,227.03125309290093
12.25,ganglia,10.08001498201706,0.961093851382,0.038906148618,0.26512604360389175,26.512604360389176,0.18779628718410193,18.779628718410194,0.0961093851382,9.610938513819999,0.016177170547685613,1.6177170547685613,0.016177170547685613,0.020221463184607016,scenario,cyp_cystitis,226.04244435668787
12.333333333333,ganglia,10.080068860956382,0.961094198652,0.038905801348,0.26514846698097694,26.514846698097692,0.18782116346197433,18.782116346197434,0.0961094198652,9.61094198652,0.01619010177489378,1.619010177489378,0.01619010177489378,0.020237627218617223,scenario,cyp_cystitis,225.05363562047472
12.416666666667,ganglia,10.080182977612399,0.961092194635,0.038907805365,0.2651710601311672,26.51710601311672,0.18784648963074133,18.784648963074133,0.0961092194635,9.61092194635,0.016203148812005942,1.6203148812005943,0.01620314881200594,0.020253936015007423,scenario,cyp_cystitis,224.06482688424978
12.5,ganglia,10.08034909745189,0.961088116045,0.038911883955,0.26519378833723845,26.519378833723845,0.1878721963697094,18.78721963697094,0.09610881160450001,9.61088116045,0.016216298899382375,1.6216298899382375,0.01621629889938237,0.020270373624227962,scenario,cyp_cystitis,223.07601814803667
12.583333333333,ganglia,10.080560073991519,0.961082224151,0.038917775849,0.2652166272784978,26.521662727849783,0.18789822762599753,18.789822762599755,0.0961082224151,9.61082224151,0.016229540960724962,1.6229540960724962,0.016229540960724962,0.0202869262009062,scenario,cyp_cystitis,222.08720941182344
12.666666666667,ganglia,10.080809718616942,0.961074780217,0.038925219783,0.2652395655448815,26.523956554488148,0.1879245416924239,18.79245416924239,0.0961074780217,9.61074780217,0.016242865403335204,1.6242865403335205,0.016242865403335204,0.020303581754169006,scenario,cyp_cystitis,221.09840067559853
12.75,ganglia,10.081092683906714,0.961066045512,0.038933954488,0.26526260307452654,26.526260307452652,0.18795110947036284,18.795110947036285,0.09610660455120001,9.610660455120001,0.016256263938850823,1.6256263938850823,0.016256263938850823,0.02032032992356353,scenario,cyp_cystitis,220.10959193938527
12.833333333333,ganglia,10.081404359372652,0.961056281302,0.038943718698,0.26528574975209096,26.528574975209096,0.18797791291321214,18.797791291321214,0.09610562813020002,9.610562813020001,0.016269729422848427,1.6269729422848427,0.016269729422848427,0.020337161778560535,scenario,cyp_cystitis,219.12078320317224
12.916666666667,ganglia,10.081740778568332,0.961045748853,0.038954251147,0.2653090241620265,26.53090241620265,0.1880049436408072,18.80049436408072,0.0961045748853,9.610457488529999,0.01628325571174873,1.628325571174873,0.01628325571174873,0.02035406963968591,scenario,cyp_cystitis,218.1319744669472
13.0,ganglia,10.08209853656441,0.961034709433,0.038965290567,0.26533245248027076,26.533245248027075,0.18803220170774526,18.803220170774527,0.0961034709433,9.61034709433,0.016296837535529345,1.6296837535529345,0.01629683753552934,0.020371046919411676,scenario,cyp_cystitis,217.14316573073404
13.083333333333,ganglia,10.082474716841213,0.961023424308,0.038976575692,0.2653560674903994,26.535606749039943,0.18805969451066604,18.805969451066602,0.09610234243080001,9.61023424308,0.016310470384823243,1.6310470384823244,0.016310470384823243,0.020388087981029056,scenario,cyp_cystitis,216.15435699452095
13.166666666667,ganglia,10.082866826704093,0.961012154745,0.038987845255,0.2653799077159431,26.53799077159431,0.18808743582382562,18.80874358238256,0.09610121547450001,9.610121547450001,0.016324150411055113,1.6324150411055112,0.016324150411055116,0.020405188013818895,scenario,cyp_cystitis,215.16554825829584
13.25,ganglia,10.08327274038431,0.96100116201,0.03899883799,0.2654040166544141,26.54040166544141,0.18811544494823787,18.81154449482379,0.09610011620100001,9.6100116201,0.016337874338354774,1.6337874338354774,0.016337874338354777,0.02042234292294347,scenario,cyp_cystitis,214.17673952208284
13.333333333333,ganglia,10.083690649046268,0.960990047038,0.039009952962,0.2654282597195143,26.542825971951427,0.18814361668412696,18.814361668412698,0.0960990047038,9.609900470380001,0.01635163938607143,1.635163938607143,0.01635163938607143,0.020439549232589286,scenario,cyp_cystitis,213.18793078586967
13.416666666667,ganglia,10.08411901697967,0.960978180417,0.039021819583,0.26545244233226106,26.545244233226107,0.18817180476729006,18.817180476729007,0.0960978180417,9.60978180417,0.01636544320079292,1.6365443200792922,0.01636544320079292,0.02045680400099115,scenario,cyp_cystitis,212.19912204964473
13.5,ganglia,10.084556543312322,0.960965592984,0.039034407016,0.26547655540779536,26.547655540779537,0.18819999567710596,18.819999567710596,0.0960965592984,9.609655929839999,0.016379283796862796,1.6379283796862796,0.016379283796862796,0.020474104746078494,scenario,cyp_cystitis,211.21031331343153
13.583333333333,ganglia,10.085002128634754,0.960952316165,0.039047683835,0.26550059274333365,26.550059274333364,0.18822817902981517,18.822817902981516,0.09609523161650001,9.609523161650001,0.016393159504470192,1.6393159504470192,0.016393159504470196,0.020491449380587744,scenario,cyp_cystitis,210.22150457721844
13.666666666667,ganglia,10.085454845981033,0.960938381385,0.039061618615,0.2655245504643291,26.55245504643291,0.18825634702869895,18.825634702869895,0.0960938381385,9.60938381385,0.016407068924462632,1.640706892446263,0.01640706892446263,0.020508836155578285,scenario,cyp_cystitis,209.23269584099347
13.75,ganglia,10.085913915661191,0.960923820069,0.039076179931,0.2655484266856787,26.55484266856787,0.18828449408753187,18.828449408753187,0.09609238200690001,9.609238200690001,0.016421010889112277,1.6421010889112277,0.016421010889112273,0.02052626361139034,scenario,cyp_cystitis,208.2438871047802
13.833333333333,ganglia,10.086378683488832,0.960908663644,0.039091336356,0.26557222121890556,26.557222121890554,0.18831261650500616,18.831261650500615,0.09609086636440001,9.60908663644,0.016434984428138698,1.6434984428138697,0.016434984428138698,0.020543730535173374,scenario,cyp_cystitis,207.2550783685671
13.916666666667,ganglia,10.086848601992582,0.960892943533,0.039107056467,0.26559593531729625,26.559593531729625,0.18834071218221804,18.834071218221805,0.0960892943533,9.608929435330001,0.01644898873935459,1.6448988739354589,0.01644898873935459,0.020561235924193236,scenario,cyp_cystitis,206.2662696323422
14.0,ganglia,10.087323214242305,0.960876691163,0.039123308837,0.26561957146011556,26.561957146011554,0.18836878038201726,18.836878038201725,0.09608766911630001,9.608766911630001,0.016463023163369114,1.6463023163369113,0.016463023163369114,0.020578778954211393,scenario,cyp_cystitis,205.2774608961291
14.083333333333,ganglia,10.08780213996017,0.960859937959,0.039140062041,0.2656431331637267,26.56431331637267,0.1883968215198074,18.839682151980742,0.09608599379590001,9.60859937959,0.0164770871618429,1.6477087161842903,0.0164770871618429,0.020596358952303627,scenario,cyp_cystitis,204.28865215991593
14.166666666667,ganglia,10.088285063622454,0.960842715345,0.039157284655,0.265666624821459,26.566662482145897,0.18842483698550996,18.842483698550996,0.0960842715345,9.60842715345,0.016491180298838604,1.6491180298838604,0.016491180298838604,0.020613975373548254,scenario,cyp_cystitis,203.29984342369096
14.25,ganglia,10.08877172429117,0.960825037942,0.039174962058,0.26569004692036824,26.569004692036824,0.18845282569574245,18.845282569574245,0.09608250379420001,9.608250379420001,0.016505302224865966,1.6505302224865965,0.016505302224865966,0.020631627781082455,scenario,cyp_cystitis,202.3110346874777
14.333333333333,ganglia,10.089261906944703,0.960806777073,0.039193222927,0.26571336093936715,26.571336093936715,0.1884807591467413,18.84807591467413,0.0960806777073,9.608067770729999,0.016519452663266015,1.6519452663266017,0.016519452663266012,0.020649315829082516,scenario,cyp_cystitis,201.3222259512646
14.416666666667,ganglia,10.089755435103767,0.960787897196,0.039212102804,0.2657365546216713,26.573655462167128,0.18850862766896812,18.85086276689681,0.0960787897196,9.60787897196,0.016533631398616442,1.6533631398616442,0.01653363139861644,0.020667039248270548,scenario,cyp_cystitis,200.33341721503967
14.5,ganglia,10.090252164573831,0.960768395815,0.039231604185,0.2657596252828035,26.57596252828035,0.1885364285570039,18.85364285570039,0.0960768395815,9.60768395815,0.01654783826688223,1.654783826688223,0.01654783826688223,0.02068479783360279,scenario,cyp_cystitis,199.34460847882644
14.583333333333,ganglia,10.090751978147365,0.960748270436,0.039251729564,0.2657825706026788,26.57825706026788,0.18856415951008756,18.856415951008756,0.0960748270436,9.60748270436,0.01656207314706997,1.6562073147069971,0.01656207314706997,0.020702591433837465,scenario,cyp_cystitis,198.3557997426133
14.666666666667,ganglia,10.091254781128884,0.960727518564,0.039272481436,0.2658053885643963,26.580538856439627,0.18859181856444032,18.85918185644403,0.0960727518564,9.60727518564,0.01657633595416999,1.657633595416999,0.016576335954169987,0.020720419942712485,scenario,cyp_cystitis,197.36699100638845
14.75,ganglia,10.09176049756372,0.960706137704,0.039293862296,0.26582807740362707,26.582807740362707,0.18861940403691893,18.861940403691893,0.0960706137704,9.60706137704,0.01659062663320243,1.6590626633202428,0.016590626633202432,0.02073828329150304,scenario,cyp_cystitis,196.37818227017524
14.833333333333,ganglia,10.092269067067111,0.960684125362,0.039315874638,0.2658506355661003,26.585063556610027,0.188646914477667,18.8646914477667,0.0960684125362,9.60684125362,0.016604945154207507,1.6604945154207507,0.016604945154207507,0.020756181442759383,scenario,cyp_cystitis,195.38937353396219
14.916666666667,ganglia,10.092780442163972,0.960661479044,0.039338520956,0.2658730616714221,26.58730616714221,0.18867434863002452,18.86743486300245,0.0960661479044,9.60661479044,0.01661929150803736,1.661929150803736,0.01661929150803736,0.0207741143850467,scenario,cyp_cystitis,194.4005647977371
15.0,ganglia,10.093294586062182,0.960638196254,0.039361803746,0.2658953544824643,26.589535448246433,0.1887017053967381,18.87017053967381,0.0960638196254,9.60638196254,0.016633665702830154,1.6633665702830154,0.016633665702830154,0.02079208212853769,scenario,cyp_cystitis,193.41175606152393
15.083333333333,ganglia,10.093811470792911,0.960614274498,0.039385725502,0.26591751288136894,26.591751288136894,0.18872898381285438,18.872898381285438,0.09606142744980001,9.606142744980001,0.016648067761064055,1.6648067761064054,0.016648067761064055,0.02081008470133007,scenario,cyp_cystitis,192.42294732531087
15.166666666667,ganglia,10.09433107566089,0.96058971128,0.03941028872,0.26593953584751706,26.593953584751706,0.1887561830216856,18.875618302168558,0.096058971128,9.605897112800001,0.016662497717098705,1.6662497717098705,0.0166624977170987,0.020828122146373376,scenario,cyp_cystitis,191.43413858908593
15.25,ganglia,10.094853385955812,0.960564614856,0.039435385144,0.26596145310573305,26.596145310573306,0.18878332402237005,18.878332402237007,0.0960564614856,9.60564614856,0.016676955615129017,1.6676955615129017,0.01667695561512902,0.020846194518911277,scenario,cyp_cystitis,190.44532985287267
15.333333333333,ganglia,10.095378391883312,0.960539177696,0.039460822304,0.2659833177798671,26.59833177798671,0.18881044445585235,18.881044445585236,0.0960539177696,9.60539177696,0.01669144150748765,1.669144150748765,0.01669144150748765,0.020864301884359563,scenario,cyp_cystitis,189.45652111665962
15.416666666667,ganglia,10.095906087679934,0.960513403336,0.039486596664,0.26600513074781873,26.600513074781873,0.18883754490468746,18.883754490468746,0.09605134033360001,9.60513403336,0.016705955453237126,1.6705955453237127,0.016705955453237126,0.020882444316546407,scenario,cyp_cystitis,188.46771238043468
15.5,ganglia,10.096436470882061,0.960487291775,0.039512708225,0.2660268919527815,26.602689195278153,0.18886462530586834,18.886462530586833,0.09604872917750001,9.60487291775,0.01672049751700594,1.672049751700594,0.016720497517005935,0.02090062189625742,scenario,cyp_cystitis,187.47890364422156
15.583333333333,ganglia,10.096969541723377,0.960460843015,0.039539156985,0.2660486013751562,26.60486013751562,0.18889168563739572,18.889168563739574,0.09604608430150001,9.604608430150002,0.016735067768029948,1.6735067768029948,0.016735067768029948,0.020918834710037436,scenario,cyp_cystitis,186.4900949080084
15.666666666667,ganglia,10.097505302639272,0.960434057054,0.039565942946,0.2660702590239168,26.60702590239168,0.18891872590946307,18.891872590946306,0.0960434057054,9.60434057054,0.016749666279362127,1.6749666279362128,0.016749666279362127,0.02093708284920266,scenario,cyp_cystitis,185.5012861717833
15.75,ganglia,10.09804375786008,0.960406933893,0.039593066107,0.2660918649330531,26.60918649330531,0.18894574615972562,18.894574615972562,0.0960406933893,9.604069338930001,0.016764293127223464,1.6764293127223464,0.01676429312722346,0.020955366409029327,scenario,cyp_cystitis,184.51247743557025
15.833333333333,ganglia,10.098584913078042,0.960379473532,0.039620526468,0.266113419155965,26.611341915596498,0.1889727464475166,18.89727464475166,0.09603794735320001,9.603794735320001,0.01677894839047268,1.677894839047268,0.016778948390472684,0.020973685488090855,scenario,cyp_cystitis,183.52366869935705
15.916666666667,ganglia,10.099128775175092,0.960351675971,0.039648324029,0.26613492176206,26.613492176205998,0.18899972684995556,18.899972684995557,0.09603516759710001,9.60351675971,0.016793632150171312,1.6793632150171312,0.016793632150171312,0.02099204018771414,scenario,cyp_cystitis,182.53485996313205
16.0,ganglia,10.099675352000878,0.96032354121,0.03967645879,0.26615637283375315,26.615637283375314,0.18902668745861456,18.902668745861455,0.096032354121,9.6032354121,0.016808344489228896,1.6808344489228897,0.016808344489228896,0.02101043061153612,scenario,cyp_cystitis,181.5460512269189
16.083333333333,ganglia,10.100224652192189,0.960295069249,0.039704930751,0.26617777246402763,26.617777246402763,0.18905362837680845,18.905362837680844,0.0960295069249,9.602950692490001,0.016823085492115752,1.6823085492115752,0.01682308549211575,0.021028856865144687,scenario,cyp_cystitis,180.55724249070582
16.166666666667,ganglia,10.100776685026284,0.960266260087,0.039733739913,0.26619912075417446,26.619912075417446,0.18908054971719382,18.90805497171938,0.0960266260087,9.60266260087,0.016837855244628396,1.6837855244628397,0.016837855244628396,0.021047319055785496,scenario,cyp_cystitis,179.56843375448085
16.25,ganglia,10.101331460302049,0.960237113725,0.039762886275,0.2662204178130164,26.622041781301643,0.18910745160057377,18.910745160057377,0.0960237113725,9.60237113725,0.016852653833699507,1.6852653833699507,0.016852653833699507,0.021065817292124384,scenario,cyp_cystitis,178.57962501826776
16.333333333333,ganglia,10.101888988243951,0.960207661854,0.039792338146,0.26624167254190473,26.62416725419047,0.18913434039611635,18.913434039611634,0.09602076618540001,9.60207661854,0.01686748134724587,1.6867481347245872,0.01686748134724587,0.02108435168405734,scenario,cyp_cystitis,177.59081628205456
16.416666666667,ganglia,10.102449279424503,0.960178034673,0.039821965327,0.2662629211675494,26.62629211675494,0.18916124188916603,18.9161241889166,0.0960178034673,9.601780346730001,0.016882337874044476,1.6882337874044477,0.016882337874044473,0.02110292234255559,scenario,cyp_cystitis,176.60200754582962
16.5,ganglia,10.103012344701831,0.960148246244,0.039851753756,0.26628416772742936,26.628416772742934,0.18918815900336594,18.918815900336593,0.0960148246244,9.60148246244,0.01689722350363288,1.689722350363288,0.01689722350363288,0.0211215293795411,scenario,cyp_cystitis,175.6131988096164
16.583333333333,ganglia,10.103578195169568,0.960118296569,0.039881703431,0.26630541236412486,26.630541236412487,0.18921509189691652,18.92150918969165,0.09601182965690001,9.60118296569,0.01691213832623085,1.6912138326230852,0.01691213832623085,0.021140172907788565,scenario,cyp_cystitis,174.62439007340325
16.666666666667,ganglia,10.104146842116634,0.960088185647,0.039911814353,0.26632665522199794,26.632665522199794,0.18924204073033105,18.924204073033106,0.0960088185647,9.60088185647,0.01692708243267641,1.6927082432676412,0.01692708243267641,0.021158853040845513,scenario,cyp_cystitis,173.63558133717837
16.75,ganglia,10.104718296995058,0.960057913477,0.039942086523,0.26634789644758794,26.634789644758794,0.18926900566654217,18.92690056665422,0.0960057913477,9.60057913477,0.016942055914374813,1.6942055914374814,0.016942055914374813,0.021177569892968515,scenario,cyp_cystitis,172.64677260096516
16.833333333333,ganglia,10.105292571394349,0.960027480062,0.039972519938,0.2663691361903761,26.63691361903761,0.18929598687130678,18.929598687130678,0.09600274800620001,9.600274800620001,0.01695705886325962,1.695705886325962,0.01695705886325962,0.021196323579074527,scenario,cyp_cystitis,171.65796386475205
16.916666666667,ganglia,10.105869677021023,0.959996885399,0.040003114601,0.266390374599733,26.639037459973302,0.18932298451092558,18.932298451092556,0.0959996885399,9.59996885399,0.016972091371760506,1.6972091371760505,0.016972091371760506,0.021215114214700632,scenario,cyp_cystitis,170.66915512852708
17.0,ganglia,10.106449625682341,0.959966129489,0.040033870511,0.2664116118274724,26.64116118274724,0.18934999875396932,18.934999875396933,0.0959966129489,9.59966129489,0.01698715353277799,1.698715353277799,0.016987153532777986,0.021233941915972485,scenario,cyp_cystitis,169.68034639231396
17.083333333333,ganglia,10.10703242927346,0.959935212332,0.040064787668,0.2664328480262909,26.64328480262909,0.18937702977010104,18.937702977010105,0.0959935212332,9.59935212332,0.01700224543966507,1.7002245439665071,0.01700224543966507,0.021252806799581338,scenario,cyp_cystitis,168.69153765610076
17.166666666667,ganglia,10.107618099767222,0.959904133929,0.040095866071,0.26645408335018433,26.645408335018434,0.18940407773031595,18.940407773031595,0.0959904133929,9.59904133929,0.017017367186211715,1.7017367186211714,0.017017367186211715,0.021271708982764644,scenario,cyp_cystitis,167.7027289198758
17.25,ganglia,10.108206649206094,0.959872894279,0.040127105721,0.26647531795350454,26.647531795350453,0.18943114280622725,18.943114280622726,0.09598728942790001,9.59872894279,0.01703251886663279,1.703251886663279,0.01703251886663279,0.021290648583290987,scenario,cyp_cystitis,166.7139201836627
17.333333333333,ganglia,10.10879808969587,0.959841493381,0.040158506619,0.2664965519914302,26.64965519914302,0.1894582251703669,18.94582251703669,0.09598414933810001,9.598414933810002,0.017047700575560383,1.7047700575560383,0.017047700575560383,0.021309625719450477,scenario,cyp_cystitis,165.7251114474495
17.416666666667,ganglia,10.109392433400695,0.959809933859,0.040190066141,0.2665177863488029,26.65177863488029,0.18948532551433656,18.948532551433654,0.09598099338590001,9.59809933859,0.017062912408036767,1.7062912408036768,0.017062912408036764,0.021328640510045953,scenario,cyp_cystitis,164.7363027112246
17.5,ganglia,10.109989692539136,0.959778246504,0.040221753496,0.2665390297337257,26.653902973372567,0.18951245009258408,18.951245009258407,0.0959778246504,9.59778246504,0.017078154459509044,1.7078154459509043,0.017078154459509044,0.021347693074386304,scenario,cyp_cystitis,163.74749397501148
17.583333333333,ganglia,10.110589879381203,0.959746440191,0.040253559809,0.2665602847718719,26.65602847718719,0.18953960083641322,18.953960083641324,0.0959746440191,9.597464401909999,0.01709342682582692,1.7093426825826918,0.01709342682582692,0.021366783532283648,scenario,cyp_cystitis,162.7586852387982
17.666666666667,ganglia,10.111193006245964,0.959714514922,0.040285485078,0.26658155162600283,26.658155162600284,0.1895667779264476,18.95667779264476,0.0959714514922,9.597145149220001,0.017108729603239836,1.7108729603239836,0.017108729603239833,0.02138591200404979,scenario,cyp_cystitis,161.7698765025733
17.75,ganglia,10.11179908549969,0.959682470695,0.040317529305,0.26660283045838706,26.660283045838707,0.18959398154320786,18.959398154320787,0.09596824706950001,9.59682470695,0.01712406288839509,1.7124062888395088,0.017124062888395093,0.021405078610493865,scenario,cyp_cystitis,160.78106776636014
17.833333333333,ganglia,10.1124081295545,0.959650307511,0.040349692489,0.26662412143272723,26.662412143272725,0.18962121186847472,18.962121186847472,0.09596503075110001,9.59650307511,0.017139426778338202,1.7139426778338203,0.017139426778338202,0.021424283472922752,scenario,cyp_cystitis,159.79225903014697
17.916666666667,ganglia,10.113020150867243,0.95961802537,0.04038197463,0.2666454247130332,26.66454247130332,0.18964846908448132,18.964846908448134,0.095961802537,9.5961802537,0.017154821370512205,1.7154821370512205,0.01715482137051221,0.02144352671314026,scenario,cyp_cystitis,158.803450293922
18.0,ganglia,10.113635161938667,0.959585624271,0.040414375729,0.26666674046360944,26.666674046360946,0.18967575337389936,18.967575337389935,0.0959585624271,9.595856242710001,0.017170246762757392,1.7170246762757393,0.017170246762757392,0.02146280845344674,scenario,cyp_cystitis,157.81464155770888
18.083333333333,ganglia,10.114253175312832,0.959553104216,0.040446895784,0.2666880688501597,26.66880688501597,0.18970306492062192,18.970306492062193,0.0959553104216,9.595531042160001,0.01718570305331302,1.7185703053313022,0.017185703053313024,0.02148212881664128,scenario,cyp_cystitis,156.82583282149577
18.166666666667,ganglia,10.114874203576628,0.959520465203,0.040479534797,0.26670941003783444,26.670941003783444,0.18973040390837154,18.973040390837152,0.09595204652030001,9.59520465203,0.017201190340817636,1.7201190340817636,0.017201190340817636,0.021501487926022043,scenario,cyp_cystitis,155.83702408527074
18.25,ganglia,10.115498259359406,0.959487707233,0.040512292767,0.2667307641931697,26.67307641931697,0.18975777052207746,18.975777052207746,0.0959487707233,9.59487707233,0.017216708724309613,1.7216708724309613,0.017216708724309613,0.021520885905387015,scenario,cyp_cystitis,154.8482153490576
18.333333333333,ganglia,10.116125355332771,0.959454830306,0.040545169694,0.26675213148297444,26.675213148297445,0.1897851649470827,18.97851649470827,0.0959454830306,9.59454830306,0.0172322583032295,1.7232258303229502,0.0172322583032295,0.021540322879036875,scenario,cyp_cystitis,153.85940661284448
18.416666666667,ganglia,10.116755504210401,0.959421834421,0.040578165579,0.2667735120743261,26.677351207432608,0.18981258736914006,18.981258736914004,0.09594218344210001,9.59421834421,0.017247839177420874,1.7247839177420874,0.017247839177420874,0.02155979897177609,scenario,cyp_cystitis,152.8705978766195
18.5,ganglia,10.11738871874788,0.959388719648,0.040611280352,0.26679490615459,26.679490615459002,0.1898400379886556,18.984003798865558,0.0959388719648,9.59388719648,0.01726345144713122,1.726345144713122,0.01726345144713122,0.021579314308914025,scenario,cyp_cystitis,151.88178914040645
18.583333333333,ganglia,10.118025011742697,0.959355493427,0.040644506573,0.2668163159614325,26.68163159614325,0.18986751846525834,18.986751846525834,0.0959355493427,9.593554934270001,0.017279095213014652,1.7279095213014652,0.017279095213014652,0.021598869016268316,scenario,cyp_cystitis,150.8929804041932
18.666666666667,ganglia,10.118664396034161,0.959322160793,0.040677839207,0.2668377430650581,26.683774306505807,0.18989502998417562,18.989502998417564,0.09593221607930001,9.593221607930001,0.01729477057613297,1.729477057613297,0.017294770576132965,0.021618463220166206,scenario,cyp_cystitis,149.9041716679683
18.75,ganglia,10.119306884503377,0.959288721747,0.040711278253,0.26685918763647964,26.685918763647965,0.1899225727353107,18.99225727353107,0.0959288721747,9.59288721747,0.017310477637956758,1.7310477637956758,0.017310477637956758,0.02163809704744595,scenario,cyp_cystitis,148.91536293175508
18.833333333333,ganglia,10.119952490073292,0.959255176289,0.040744823711,0.2668806498469789,26.68806498469789,0.18995014690897657,18.99501469089766,0.0959255176289,9.59255176289,0.017326216500368266,1.7326216500368266,0.017326216500368266,0.021657770625460333,scenario,cyp_cystitis,147.92655419554194
18.916666666667,ganglia,10.120601225708691,0.959221524419,0.040778475581,0.26690212986838313,26.69021298683831,0.18997775269609232,18.99777526960923,0.0959221524419,9.59221524419,0.01734198726566256,1.7341987265662562,0.017341987265662558,0.021677484082078195,scenario,cyp_cystitis,146.937745459317
19.0,ganglia,10.121253104416212,0.959187766136,0.040812233864,0.26692362787278584,26.692362787278583,0.19000539028798424,19.000539028798425,0.0959187766136,9.59187766136,0.017357790036548793,1.7357790036548792,0.017357790036548797,0.021697237545685998,scenario,cyp_cystitis,145.94893672310383
19.083333333333,ganglia,10.121908139244427,0.959153901441,0.040846098559,0.26694514403338426,26.694514403338427,0.19003305987698252,19.00330598769825,0.0959153901441,9.59153901441,0.017373624916153085,1.7373624916153085,0.017373624916153085,0.021717031145191357,scenario,cyp_cystitis,144.96012798689077
19.166666666667,ganglia,10.122566343283866,0.959119930333,0.040880069667,0.2669666785233652,26.69666785233652,0.19006076165562802,19.006076165562803,0.0959119930333,9.59119930333,0.017389492008019838,1.7389492008019838,0.017389492008019838,0.021736865010024798,scenario,cyp_cystitis,143.97131925066583
19.25,ganglia,10.12322772966705,0.959085852813,0.040914147187,0.2669882315170177,26.698823151701774,0.19008849581746415,19.008849581746414,0.0959085852813,9.590858528130001,0.01740539141611296,1.7405391416112959,0.01740539141611296,0.021756739270141198,scenario,cyp_cystitis,142.98251051445257
19.333333333333,ganglia,10.123892311568593,0.959051668881,0.040948331119,0.2670098031889008,26.70098031889008,0.19011626255644526,19.011626255644526,0.09590516688810001,9.59051668881,0.01742132324481891,1.7421323244818911,0.01742132324481891,0.021776654056023637,scenario,cyp_cystitis,141.99370177823954
19.416666666667,ganglia,10.124560102205232,0.959017378536,0.040982621464,0.267031393713842,26.7031393713842,0.19014406206693557,19.014406206693558,0.09590173785360001,9.590173785360001,0.017437287598947984,1.7437287598947984,0.017437287598947984,0.02179660949868498,scenario,cyp_cystitis,141.00489304201454
19.5,ganglia,10.12523111483587,0.958982981779,0.041017018221,0.2670530032677733,26.70530032677733,0.1901718945443037,19.01718945443037,0.09589829817790001,9.589829817790001,0.017453284583735622,1.7453284583735622,0.017453284583735622,0.02181660572966953,scenario,cyp_cystitis,140.01608430580137
19.583333333333,ganglia,10.125905362761683,0.95894847861,0.04105152139,0.2670746320268974,26.70746320268974,0.1901997601843304,19.01997601843304,0.095894847861,9.5894847861,0.017469314304845458,1.7469314304845458,0.017469314304845458,0.02183664288105682,scenario,cyp_cystitis,139.02727556958826
19.666666666667,ganglia,10.126582859326158,0.958913873746,0.041086126254,0.26709628148184117,26.709628148184116,0.19022766011915682,19.02276601191568,0.09589138737460001,9.58913873746,0.01748537686837067,1.748537686837067,0.017485376868370674,0.021856721085463344,scenario,cyp_cystitis,138.0384668333633
19.75,ganglia,10.127263617915132,0.958879174699,0.041120825301,0.26711795390300835,26.711795390300836,0.19025559603678707,19.02555960367871,0.0958879174699,9.58879174699,0.01750147238083531,1.7501472380835308,0.017501472380835305,0.02187684047604413,scenario,cyp_cystitis,137.04965809715003
19.833333333333,ganglia,10.12794765195691,0.958844381565,0.041155618435,0.2671396494961983,26.71396494961983,0.1902835681552203,19.02835681552203,0.0958844381565,9.588443815649999,0.01751760094919739,1.751760094919739,0.017517600949197385,0.02189700118649673,scenario,cyp_cystitis,136.06084936093694
19.916666666667,ganglia,10.128634974922297,0.958809494345,0.041190505655,0.26716136844130617,26.716136844130617,0.19031157667422907,19.031157667422907,0.0958809494345,9.58809494345,0.017533762680850242,1.7533762680850242,0.017533762680850242,0.021917203351062804,scenario,cyp_cystitis,135.07204062471195
20.0,ganglia,10.129325600324645,0.958774513038,0.041225486962,0.26718311091822433,26.718311091822432,0.1903396217938048,19.033962179380477,0.0958774513038,9.58774513038,0.01754995768362391,1.754995768362391,0.01754995768362391,0.021937447104529887,scenario,cyp_cystitis,134.08323188849886
20.083333333333,ganglia,10.130019541719962,0.958739437644,0.041260562356,0.26720487710768004,26.720487710768005,0.19036770371475562,19.036770371475562,0.0958739437644,9.58739437644,0.017566186065788268,1.7566186065788267,0.017566186065788265,0.02195773258223533,scenario,cyp_cystitis,133.0944231522857
20.166666666667,ganglia,10.130716812706952,0.958704268164,0.041295731836,0.26722666719123567,26.722666719123566,0.1903958226387063,19.03958226387063,0.09587042681640001,9.587042681640002,0.017582447936054377,1.7582447936054377,0.017582447936054377,0.02197805992006797,scenario,cyp_cystitis,132.10561441606077
20.25,ganglia,10.13141742692706,0.958669004597,0.041330995403,0.26724848135045143,26.724848135045143,0.19042397876750158,19.042397876750158,0.0958669004597,9.58669004597,0.01759874340357594,1.759874340357594,0.017598743403575937,0.02199842925446992,scenario,cyp_cystitis,131.1168056798476
20.333333333333,ganglia,10.132121398064578,0.958633646943,0.041366353057,0.26727031976772464,26.727031976772466,0.1904521723038051,19.04521723038051,0.09586336469430001,9.586336469430002,0.017615072577952404,1.7615072577952404,0.017615072577952404,0.022018840722440505,scenario,cyp_cystitis,130.1279969436344
20.416666666667,ganglia,10.132828739846687,0.958598195203,0.041401804797,0.2672921826262887,26.72921826262887,0.1904804034510985,19.04804034510985,0.09585981952030001,9.585981952030002,0.017631435569230407,1.7631435569230407,0.017631435569230407,0.02203929446153801,scenario,cyp_cystitis,129.13918820740943
20.5,ganglia,10.133539466043498,0.958562649376,0.041437350624,0.26731407010937697,26.731407010937698,0.1905086724130855,19.05086724130855,0.09585626493760001,9.585626493760001,0.01764783248790521,1.764783248790521,0.01764783248790521,0.022059790609881516,scenario,cyp_cystitis,128.15037947119635
20.583333333333,ganglia,10.134253590468164,0.958527009462,0.041472990538,0.26733598240106093,26.733598240106094,0.1905369793942899,19.05369793942899,0.0958527009462,9.58527009462,0.017664263444923875,1.7664263444923876,0.01766426344492387,0.02208032930615484,scenario,cyp_cystitis,127.16157073498314
20.666666666667,ganglia,10.134971126976916,0.958491275462,0.041508724538,0.26735791968625033,26.735791968625033,0.19056532460005593,19.05653246000559,0.09584912754620001,9.584912754620001,0.017680728551686696,1.7680728551686695,0.017680728551686696,0.022100910689608372,scenario,cyp_cystitis,126.1727619987582
20.75,ganglia,10.135692089469103,0.958455449139,0.041544550861,0.2673798826419578,26.737988264195778,0.1905937085867309,19.059370858673088,0.09584554491390002,9.584554491390001,0.017697227920048682,1.7697227920048682,0.017697227920048686,0.022121534900060857,scenario,cyp_cystitis,125.18395326254505
20.833333333333,ganglia,10.136416491887303,0.958419536657,0.041580463343,0.26740187317388453,26.740187317388454,0.19062213278687173,19.062213278687175,0.0958419536657,9.58419536657,0.01771376166232277,1.7713761662322771,0.01771376166232277,0.022142202077903465,scenario,cyp_cystitis,124.19514452633196
20.916666666667,ganglia,10.137144348217362,0.958383538547,0.041616461453,0.267423891617306,26.7423891617306,0.19065059751400668,19.065059751400668,0.0958383538547,9.583835385470001,0.017730329891281288,1.773032989128129,0.01773032989128129,0.022162912364101613,scenario,cyp_cystitis,123.2063357901069
21.0,ganglia,10.137875672488427,0.958347454809,0.041652545191,0.26744593815994494,26.744593815994495,0.1906791029767166,19.067910297671663,0.0958347454809,9.58347454809,0.01774693272015743,1.7746932720157431,0.01774693272015743,0.022183665900196787,scenario,cyp_cystitis,122.21752705389382
21.083333333333,ganglia,10.138610478773067,0.958311285443,0.041688714557,0.26746801299008993,26.746801299008993,0.19070764938421106,19.070764938421107,0.09583112854430001,9.58311285443,0.01776357026264856,1.7763570262648558,0.01776357026264856,0.0222044628283107,scenario,cyp_cystitis,121.2287183176807
21.166666666667,ganglia,10.1393487811873,0.958275030449,0.041724969551,0.26749011629659425,26.749011629659424,0.1907362369463269,19.07362369463269,0.09582750304490001,9.58275030449,0.01778024263291766,1.778024263291766,0.01778024263291766,0.022225303291147077,scenario,cyp_cystitis,120.23990958145566
21.25,ganglia,10.140090593890625,0.958238689826,0.041761310174,0.26751224826859593,26.751224826859595,0.1907648658733288,19.07648658733288,0.09582386898260001,9.582386898260001,0.01779694994559485,1.7796949945594849,0.017796949945594845,0.022246187431993556,scenario,cyp_cystitis,119.25110084524255
21.333333333333,ganglia,10.140835931086148,0.958202263575,0.041797736425,0.2675344090963586,26.753440909635863,0.19079353637650956,19.079353637650957,0.09582022635750001,9.58202263575,0.0178136923157807,1.7813692315780698,0.0178136923157807,0.022267115394725874,scenario,cyp_cystitis,118.26229210902943
21.416666666667,ganglia,10.141584807020607,0.958165751696,0.041834248304,0.2675565989704327,26.755659897043273,0.1908222486675919,19.08222486675919,0.09581657516960002,9.581657516960002,0.01783046985904777,1.7830469859047768,0.01783046985904777,0.02228808732380971,scenario,cyp_cystitis,117.27348337280444
21.5,ganglia,10.142337235984405,0.958129154189,0.041870845811,0.2675788180819341,26.757881808193414,0.1908510029589268,19.08510029589268,0.09581291541890001,9.581291541890002,0.017847282691442094,1.7847282691442095,0.01784728269144209,0.022309103364302613,scenario,cyp_cystitis,116.28467463659133
21.583333333333,ganglia,10.143093232311724,0.958092471054,0.041907528946,0.267601066622547,26.7601066622547,0.1908797994634967,19.08797994634967,0.09580924710540001,9.580924710540001,0.017864130929486556,1.7864130929486557,0.017864130929486556,0.022330163661858193,scenario,cyp_cystitis,115.29586590037816
21.666666666667,ganglia,10.143852810380562,0.958055702291,0.041944297709,0.2676233447845231,26.76233447845231,0.19090863839491454,19.090863839491455,0.09580557022910001,9.580557022910002,0.01788101469018245,1.788101469018245,0.01788101469018245,0.022351268362728063,scenario,cyp_cystitis,114.30705716415315
21.75,ganglia,10.144615984612756,0.958018847899,0.041981152101,0.2676456527604012,26.76456527604012,0.19093751996722355,19.093751996722354,0.09580188478990001,9.580188478990001,0.017897934091010998,1.7897934091010999,0.017897934091010998,0.022372417613763747,scenario,cyp_cystitis,113.31824842794002
21.833333333333,ganglia,10.145382769474107,0.957981908143,0.042018091857,0.2676679908176122,26.76679908176122,0.19096644444812466,19.096644444812465,0.09579819081430001,9.579819081430001,0.017914889249936783,1.7914889249936783,0.017914889249936783,0.02239361156242098,scenario,cyp_cystitis,112.32943969172689
21.916666666667,ganglia,10.146153179474396,0.957944885283,0.042055114717,0.26769035978167927,26.769035978167928,0.19099541250375474,19.099541250375474,0.09579448852830001,9.579448852830001,0.017931880285409277,1.7931880285409276,0.017931880285409277,0.022414850356761596,scenario,cyp_cystitis,111.34063095550196
22.0,ganglia,10.14692722916743,0.957907779837,0.042092220163,0.2677127599921546,26.77127599921546,0.19102442445383847,19.102442445383847,0.0957907779837,9.579077798370001,0.017948907316364473,1.7948907316364473,0.017948907316364476,0.022436134145455595,scenario,cyp_cystitis,110.35182221928882
22.083333333333,ganglia,10.14770493315114,0.957870591803,0.042129408197,0.26773519164388737,26.773519164388738,0.1910534805150971,19.10534805150971,0.0957870591803,9.57870591803,0.017965970462228267,1.7965970462228267,0.017965970462228264,0.02245746307778533,scenario,cyp_cystitis,109.36301348307559
22.166666666667,ganglia,10.14848630606762,0.957833321183,0.042166678817,0.2677576549334155,26.775765493341552,0.19108258090568395,19.108258090568395,0.09578333211830001,9.578333211830001,0.01798306984291809,1.7983069842918091,0.017983069842918094,0.022478837303647616,scenario,cyp_cystitis,108.3742047468507
22.25,ganglia,10.149271362603155,0.957795967976,0.042204032024,0.2677801500570086,26.778015005700862,0.19111172584378736,19.111172584378735,0.09577959679760001,9.577959679760001,0.018000205578844533,1.8000205578844533,0.018000205578844533,0.022500256973555666,scenario,cyp_cystitis,107.38539601063752
22.333333333333,ganglia,10.15006011748833,0.957758532182,0.042241467818,0.2678026772117884,26.78026772117884,0.19114091554843152,19.114091554843153,0.09577585321820001,9.57758532182,0.018017377790914755,1.8017377790914755,0.01801737779091475,0.02252172223864344,scenario,cyp_cystitis,106.39658727442438
22.416666666667,ganglia,10.15085258549806,0.957721013801,0.042278986199,0.2678252365954487,26.78252365954487,0.19117015023927633,19.11701502392763,0.0957721013801,9.57721013801,0.01803458660053419,1.803458660053419,0.018034586600534187,0.022543233250667732,scenario,cyp_cystitis,105.40777853819947
22.5,ganglia,10.151648781451614,0.957683412834,0.042316587166,0.2678478284065342,26.78478284065342,0.19119943013681576,19.119943013681574,0.0957683412834,9.57683412834,0.01805183212960814,1.805183212960814,0.01805183212960814,0.022564790162010177,scenario,cyp_cystitis,104.41896980198622
22.583333333333,ganglia,10.152448720212734,0.95764572928,0.04235427072,0.26787045284360395,26.787045284360396,0.19122875546178214,19.122875546178214,0.095764572928,9.5764572928,0.018069114500545297,1.8069114500545296,0.018069114500545297,0.02258639312568162,scenario,cyp_cystitis,103.43016106577315
22.666666666667,ganglia,10.153252416689655,0.957607963139,0.042392036861,0.26789311010606975,26.789311010606976,0.19125812643574416,19.125812643574417,0.0957607963139,9.57607963139,0.0180864338362594,1.8086433836259401,0.0180864338362594,0.022608042295324253,scenario,cyp_cystitis,102.44135232954814
22.75,ganglia,10.154059885835133,0.957570114411,0.042429885589,0.26791580039391544,26.791580039391544,0.19128754328090602,19.1287543280906,0.0957570114411,9.57570114411,0.018103790260170935,1.8103790260170936,0.01810379026017093,0.022629737825213665,scenario,cyp_cystitis,101.45254359333498
22.833333333333,ganglia,10.154871142646558,0.957532183096,0.042467816904,0.2679385239076996,26.793852390769963,0.19131700622011066,19.131700622011067,0.0957532183096,9.57532183096,0.018121183896210626,1.8121183896210626,0.018121183896210626,0.02265147987026328,scenario,cyp_cystitis,100.46373485712182
22.916666666667,ganglia,10.155686202165976,0.957494169014,0.042505830986,0.2679612807981806,26.79612807981806,0.1913465154408673,19.13465154408673,0.0957494169014,9.57494169014,0.01813861486882118,1.813861486882118,0.01813861486882118,0.022673268586026474,scenario,cyp_cystitis,99.4749261208969
23.0,ganglia,10.156505079480116,0.95745607158,0.04254392842,0.26798407110330835,26.798407110330835,0.19137607105034263,19.137607105034263,0.09574560715800001,9.5745607158,0.01815608330295898,1.815608330295898,0.018156083302958984,0.02269510412869873,scenario,cyp_cystitis,98.48611738468377
23.083333333333,ganglia,10.157327789720501,0.957417891429,0.042582108571,0.2680068952030372,26.80068952030372,0.19140567340015247,19.140567340015245,0.0957417891429,9.57417891429,0.018173589324097652,1.8173589324097652,0.018173589324097652,0.022716986655122066,scenario,cyp_cystitis,97.49730864847064
23.166666666667,ganglia,10.158154348063466,0.957379628563,0.042620371437,0.26802975330076917,26.80297533007692,0.19143532271607686,19.143532271607686,0.0957379628563,9.57379628563,0.018191133058229794,1.8191133058229794,0.018191133058229794,0.022738916322787243,scenario,cyp_cystitis,96.50849991224567
23.25,ganglia,10.158984769730191,0.95734128298,0.04265871702,0.2680526455993603,26.80526455993603,0.19146501922373366,19.146501922373364,0.095734128298,9.5734128298,0.01820871463186874,1.8208714631868739,0.01820871463186874,0.022760893289835923,scenario,cyp_cystitis,95.51969117603248
23.333333333333,ganglia,10.159819069986801,0.957302854681,0.042697145319,0.26807557230308277,26.807557230308277,0.19149476314998082,19.149476314998083,0.0957302854681,9.57302854681,0.018226334172052144,1.8226334172052143,0.01822633417205214,0.022782917715065173,scenario,cyp_cystitis,94.53088243981937
23.416666666667,ganglia,10.160657264144398,0.957264343666,0.042735656334,0.2680985336165045,26.809853361650447,0.1915245547221161,19.15245547221161,0.0957264343666,9.57264343666,0.018243991806343778,1.8243991806343778,0.018243991806343778,0.022804989757929724,scenario,cyp_cystitis,93.54207370359438
23.5,ganglia,10.161499367559069,0.957225749935,0.042774250065,0.26812152974476766,26.812152974476767,0.1915543941680752,19.15543941680752,0.09572257499350001,9.572257499350002,0.018261687662835265,1.8261687662835264,0.018261687662835268,0.022827109578544086,scenario,cyp_cystitis,92.55326496738122
23.583333333333,ganglia,10.162345395632011,0.957187073487,0.042812926513,0.2681445608933116,26.814456089331163,0.19158428171623512,19.158428171623513,0.09571870734870001,9.571870734870002,0.018279421870149772,1.8279421870149772,0.01827942187014977,0.022849277337687213,scenario,cyp_cystitis,91.56445623116808
23.666666666667,ganglia,10.16319536380954,0.957148314323,0.042851685677,0.26816762726871196,26.816762726871197,0.19161421759601327,19.16142175960133,0.0957148314323,9.571483143230001,0.018297194557443795,1.8297194557443794,0.018297194557443795,0.022871493196804746,scenario,cyp_cystitis,90.57564749494311
23.75,ganglia,10.164049287583119,0.957109472443,0.042890527557,0.26819072907783925,26.819072907783926,0.19164420203726584,19.164420203726586,0.09571094724430002,9.57109472443,0.018315005854408938,1.831500585440894,0.01831500585440894,0.022893757318011177,scenario,cyp_cystitis,89.58683875872998
23.833333333333,ganglia,10.164907182489456,0.957070547847,0.042929452153,0.26821386652814205,26.821386652814205,0.19167423527049116,19.167423527049117,0.0957070547847,9.57070547847,0.018332855891275653,1.8332855891275652,0.01833285589127565,0.02291606986409456,scenario,cyp_cystitis,88.59803002251687
23.916666666667,ganglia,10.165769064110538,0.957031540535,0.042968459465,0.2682370398276454,26.823703982764542,0.19170431752682823,19.170431752682823,0.0957031540535,9.57031540535,0.018350744798815058,1.8350744798815057,0.018350744798815058,0.022938430998518822,scenario,cyp_cystitis,87.60922128629186
24.0,ganglia,10.166634948073634,0.956992450507,0.043007549493,0.2682602491849502,26.826024918495015,0.19173444903805573,19.173444903805574,0.0956992450507,9.56992450507,0.018368672708340736,1.8368672708340736,0.018368672708340736,0.02296084088542592,scenario,cyp_cystitis,86.62041255007874
0.0,brain,2.3516004500665,0.990096927836,0.009903072164,0.2887560624540819,28.875606245408193,0.05497577399344257,5.497577399344257,0.247524231959,24.7524231959,0.003125663724795627,0.3125663724795627,0.003125663724795627,0.002500530979836502,scenario,cyp_cystitis,0.001
0.083333333333,brain,2.357656627499595,0.99010237988,0.00989762012,0.2887830101960122,28.87830101960122,0.055009886968016286,5.500988696801628,0.24752559497,24.752559497,0.0030980564535193593,0.30980564535193594,0.0030980564535193593,0.0024784451628154878,scenario,cyp_cystitis,11.538474495135775
0.166666666667,brain,2.363891729580689,0.990107831925,0.009892168075,0.2888128104736819,28.88128104736819,0.05504780332324254,5.504780332324255,0.24752695798125,24.752695798125,0.0030713021272871844,0.30713021272871843,0.0030713021272871844,0.0024570417018297476,scenario,cyp_cystitis,23.07594899041
0.25,brain,2.3703080005505575,0.99011328397,0.00988671603,0.28884548321977016,28.884548321977014,0.05508954963636024,5.5089549636360235,0.2475283209925,24.75283209925,0.0030453751707667006,0.30453751707667004,0.0030453751707667006,0.0024363001366133606,scenario,cyp_cystitis,34.61342348554577
0.333333333333,brain,2.3769075378267432,0.990121774355,0.009878225645,0.288881932199477,28.8881932199477,0.055135318147635955,5.513531814763596,0.24753044358875,24.753044358875,0.003020250947427452,0.3020250947427452,0.003020250947427452,0.0024162007579419617,scenario,cyp_cystitis,46.150897980681556
0.416666666667,brain,2.3836922822083872,0.990131806303,0.009868193697,0.2889217354950333,28.89217354950333,0.05518504522571103,5.518504522571103,0.24753295157575,24.753295157575,0.0029959056961914705,0.29959056961914704,0.00299590569619147,0.002396724556953176,scenario,cyp_cystitis,57.688372475955774
0.5,brain,2.3906640080243307,0.990141838251,0.009858161749,0.2889644550132272,28.89644550132272,0.055238660600636244,5.523866060063624,0.24753545956275,24.753545956275,0.0029723164721044584,0.2972316472104458,0.0029723164721044593,0.0023778531776835676,scenario,cyp_cystitis,69.22584697109156
0.583333333333,brain,2.3978243132491177,0.990151904218,0.009848095782,0.2890101092582683,28.90101092582683,0.05529617760502439,5.529617760502439,0.2475379760545,24.75379760545,0.0029494610907548667,0.2949461090754867,0.0029494610907548663,0.002359568872603893,scenario,cyp_cystitis,80.76332146622734
0.666666666667,brain,2.4051746096103477,0.990162462863,0.009837537137,0.28905883752188655,28.905883752188654,0.055357629074848716,5.535762907484871,0.24754061571575,24.754061571575,0.002927318076199883,0.2927318076199883,0.002927318076199883,0.0023418544609599065,scenario,cyp_cystitis,92.30079596150155
0.75,brain,2.4127161127140027,0.990173658527,0.009826341473,0.2891106840977413,28.91106840977413,0.05542302595465511,5.542302595465511,0.24754341463175,24.754341463175,0.0029058666121710318,0.2905866612171032,0.0029058666121710318,0.0023246932897368253,scenario,cyp_cystitis,103.83827045663732
0.833333333333,brain,2.4204498322155157,0.990185491211,0.009814508789,0.2891656477249704,28.91656477249704,0.055492366562960506,5.549236656296051,0.24754637280275,24.754637280275,0.0028850864963523683,0.2885086496352368,0.0028850864963523687,0.002308069197081895,scenario,cyp_cystitis,115.37574495177304
0.916666666667,brain,2.4283765620628395,0.990197960915,0.009802039085,0.2892237235881701,28.92237235881701,0.055565644479226815,5.556564447922682,0.24754949022875,24.754949022875,0.0028649580975491015,0.2864958097549102,0.0028649580975491015,0.0022919664780392812,scenario,cyp_cystitis,126.91321944704731
1.0,brain,2.4364968708409505,0.990211067638,0.009788932362,0.2892849031968405,28.92849031968405,0.05564284838312069,5.564284838312069,0.2475527669095,24.75527669095,0.002845462315573177,0.2845462315573177,0.002845462315573177,0.0022763698524585416,scenario,cyp_cystitis,138.4506939421831
1.083333333333,brain,2.4448110922481963,0.99022481138,0.00977518862,0.2894400981313554,28.94400981313554,0.055845193715140566,5.584519371514056,0.247556202845,24.755620284499997,0.002861684679986129,0.2861684679986129,0.002861684679986129,0.002289347743988903,scenario,cyp_cystitis,135.8413365616352
1.166666666667,brain,2.453319315732974,0.990238766901,0.009761233099,0.2895985587193391,28.95985587193391,0.05605182265878544,5.605182265878543,0.24755969172525,24.755969172525,0.0028782081656552965,0.28782081656552966,0.0028782081656552974,0.002302566532524238,scenario,cyp_cystitis,133.23197918105606
1.25,brain,2.462021377322392,0.990251488172,0.009748511828,0.28975985931356096,28.975985931356096,0.05626264969408126,5.626264969408126,0.247562872043,24.7562872043,0.0028950346388130176,0.28950346388130177,0.002895034638813017,0.002316027711050414,scenario,cyp_cystitis,130.62262180050809
1.333333333333,brain,2.4709168506752754,0.990262855777,0.009737144223,0.28992395740355414,28.992395740355413,0.05647765794573889,5.647765794573889,0.24756571394425,24.756571394425002,0.002912165674110857,0.2912165674110857,0.002912165674110857,0.0023297325392886855,scenario,cyp_cystitis,128.01326441996022
1.416666666667,brain,2.480005038389541,0.990272869718,0.009727130282,0.2900908408915355,29.009084089153546,0.056696831282713946,5.669683128271394,0.2475682174295,24.75682174295,0.0029296025410495653,0.2929602541049565,0.0029296025410495653,0.002343682032839652,scenario,cyp_cystitis,125.40390703938097
1.5,brain,2.4892849635970196,0.990281529994,0.009718470006,0.29026049305167584,29.026049305167582,0.05692014740423448,5.692014740423447,0.2475703824985,24.757038249849998,0.0029473461905641135,0.29473461905641135,0.0029473461905641135,0.002357876952451291,scenario,cyp_cystitis,122.79454965883309
1.583333333333,brain,2.498755361879247,0.990288836605,0.009711163395,0.29043289240290476,29.043289240290477,0.057147577668873004,5.7147577668873,0.24757220915125,24.757220915125,0.002965397241806853,0.2965397241806853,0.0029653972418068534,0.002372317793445483,scenario,cyp_cystitis,120.1851922782852
1.666666666667,brain,2.508414673534907,0.990294789552,0.009705210448,0.2906080125869737,29.06080125869737,0.057379086931964945,5.737908693196495,0.247573697388,24.7573697388,0.0029837559691669804,0.298375596916698,0.0029837559691669804,0.0023870047753335845,scenario,cyp_cystitis,117.57583489770596
1.75,brain,2.5182610362325386,0.990299422269,0.009700577731,0.2907858320702917,29.07858320702917,0.057614635337388906,5.76146353373889,0.24757485556725,24.757485556725,0.0030024222895708944,0.30024222895708946,0.0030024222895708944,0.0024019378316567155,scenario,cyp_cystitis,114.96647751715807
1.833333333333,brain,2.528292278082242,0.990302770874,0.009697229126,0.29096632503229575,29.096632503229575,0.05785417641839433,5.785417641839433,0.2475756927185,24.75756927185,0.0030213957501090366,0.30213957501090366,0.0030213957501090366,0.0024171166000872294,scenario,cyp_cystitis,112.35712013661022
1.916666666667,brain,2.538505911156729,0.990304835379,0.009695164621,0.2911494498653314,29.114944986533143,0.058097654694108505,5.80976546941085,0.24757620884475,24.757620884475003,0.003040675516029255,0.3040675516029255,0.003040675516029255,0.0024325404128234043,scenario,cyp_cystitis,109.747762756031
2.0,brain,2.548899125494862,0.990305615785,0.009694384215,0.2913351596698124,29.13351596698124,0.058345007631416486,5.834500763141649,0.24757640394625,24.757640394625,0.003060260359143141,0.3060260359143141,0.003060260359143141,0.002448208287314513,scenario,cyp_cystitis,107.1384053754831
2.083333333333,brain,2.559468783620552,0.990305112092,0.009694887908,0.29152006291535326,29.152006291535326,0.058591713189804336,5.859171318980434,0.247576278023,24.7576278023,0.003078778537248352,0.3078778537248352,0.0030787785372483525,0.002463022829798682,scenario,cyp_cystitis,105.02210111037853
2.166666666667,brain,2.5702114156059612,0.990303324299,0.009696675701,0.2917074115762199,29.170741157621986,0.058842107335293166,5.884210733529317,0.24757583107475,24.757583107475,0.0030975749098921786,0.30975749098921784,0.003097574909892179,0.0024780599279137436,scenario,cyp_cystitis,102.90579684524852
2.25,brain,2.5811232147105727,0.990300260006,0.009699739994,0.2918971440846241,29.189714408462407,0.05909610544416541,5.909610544416541,0.2475750650015,24.75750650015,0.0031166464717599725,0.31166464717599723,0.0031166464717599725,0.002493317177407978,scenario,cyp_cystitis,100.789492580144
2.333333333333,brain,2.592200033626985,0.990296033958,0.009703966042,0.29208922494517187,29.208922494517186,0.05935362194089583,5.935362194089583,0.2475740084895,24.757400848950002,0.0031359897839037527,0.31359897839037526,0.0031359897839037527,0.0025087918271230023,scenario,cyp_cystitis,98.6731883150394
2.416666666667,brain,2.6034373813598677,0.990290684781,0.009709315219,0.29228359071215376,29.228359071215376,0.059614559355871705,5.96145593558717,0.24757267119525,24.757267119525,0.0031556009658884215,0.31556009658884215,0.0031556009658884206,0.0025244807727107365,scenario,cyp_cystitis,96.55688404990944
2.5,brain,2.614830420766855,0.990284212475,0.009715787525,0.2924801609624237,29.248016096242367,0.05987881045823157,5.987881045823157,0.24757105311875,24.757105311874998,0.0031754756886521536,0.31754756886521535,0.0031754756886521536,0.0025403805509217232,scenario,cyp_cystitis,94.44057978480484
2.583333333333,brain,2.6263739667890977,0.990276617038,0.009723382962,0.2926788496569167,29.26788496569167,0.06014626052988893,6.014626052988893,0.2475691542595,24.756915425949998,0.00319560916812465,0.319560916812465,0.00319560916812465,0.00255648733449972,scenario,cyp_cystitis,92.3242755197003
2.666666666667,brain,2.638062485394194,0.990267898472,0.009732101528,0.2928795651387559,29.287956513875592,0.06041678736100786,6.041678736100787,0.247566974618,24.7566974618,0.00321599615963947,0.321599615963947,0.0032159961596394705,0.0025727969277115764,scenario,cyp_cystitis,90.20797125457031
2.75,brain,2.649890093256345,0.990258056776,0.009741943224,0.29308221013989955,29.308221013989954,0.06069026126119938,6.069026126119938,0.247564514194,24.7564514194,0.003236630953181819,0.3236630953181819,0.0032366309531818194,0.0025893047625454558,scenario,cyp_cystitis,88.09166698946568
2.833333333333,brain,2.6618505581971483,0.99024709195,0.00975290805,0.293286681803727,29.328668180372702,0.06096654508830269,6.096654508830269,0.2475617729875,24.75617729875,0.0032575073695119707,0.32575073695119705,0.003257507369511971,0.002606005895609577,scenario,cyp_cystitis,85.9753627243611
2.916666666667,brain,2.6739373004048828,0.990235003994,0.009764996006,0.29349287171904465,29.349287171904464,0.06124549429405952,6.124549429405952,0.2475587509985,24.75587509985,0.0032786187571963504,0.32786187571963504,0.00327861875719635,0.0026228950057570802,scenario,cyp_cystitis,83.85905845923114
3.0,brain,2.686143394452087,0.990221792909,0.009778207091,0.2937006659678176,29.370066596781758,0.06152695698742344,6.1526956987423445,0.24755544822725,24.755544822725,0.003299957990583106,0.3299957990583106,0.0032999579905831056,0.0026399663924664848,scenario,cyp_cystitis,81.74275419412658
3.083333333333,brain,2.6984615721293905,0.990207458694,0.009792541306,0.2939099451850521,29.39099451850521,0.061810774015402775,6.181077401540278,0.2475518646735,24.75518646735,0.0033215174687573445,0.33215174687573445,0.003321517468757344,0.0026572139750058754,scenario,cyp_cystitis,79.62644992902203
3.166666666667,brain,2.7108842261075567,0.990192001349,0.009807998651,0.2941205846338874,29.41205846338874,0.06209677906218323,6.209677906218323,0.24754800033725,24.754800033725,0.0033432891155022798,0.334328911550228,0.0033432891155022793,0.0026746312924018235,scenario,cyp_cystitis,77.51014566389206
3.25,brain,2.7234034144414156,0.990175420875,0.009824579125,0.29433245429335375,29.433245429335376,0.06238479876613837,6.238479876613837,0.24754385521875,24.754385521875,0.003365264380297051,0.3365264380297051,0.003365264380297051,0.002692211504237641,scenario,cyp_cystitis,75.39384139878744
3.333333333333,brain,2.736010865927203,0.99015771727,0.00984228273,0.2945454189585779,29.454541895857787,0.06267465285477052,6.267465285477051,0.2475394293175,24.75394293175,0.0033874342403798683,0.33874342403798685,0.0033874342403798683,0.002709947392303895,scenario,cyp_cystitis,73.27753713368288
3.416666666667,brain,2.7486979863184056,0.990138890536,0.009861109464,0.2947593383578667,29.475933835786673,0.062966154298489,6.2966154298489,0.247534722634,24.7534722634,0.003409789203895437,0.3409789203895437,0.0034097892038954364,0.0027278313631163495,scenario,cyp_cystitis,71.1612328685529
3.5,brain,2.7614558654067745,0.990118940672,0.009881059328,0.2949740672792376,29.49740672792376,0.06325910948165007,6.325910948165007,0.247529735168,24.7529735168,0.0034323193141499674,0.34323193141499675,0.0034323193141499674,0.002745855451319974,scenario,cyp_cystitis,69.04492860344835
3.583333333333,brain,2.774275284972706,0.990097867679,0.009902132321,0.2951894557140799,29.51894557140799,0.06355331839243986,6.355331839243986,0.24752446691975,24.752446691975,0.003455014154994417,0.34550141549944174,0.0034550141549944176,0.002764011323995534,scenario,cyp_cystitis,66.92862433834374
3.666666666667,brain,2.7871467276024733,0.990075671555,0.009924328445,0.2954053490112469,29.540534901124687,0.06384857482999584,6.384857482999584,0.24751891788875,24.751891788875,0.003477862857346353,0.3477862857346353,0.0034778628573463527,0.002782290285877082,scenario,cyp_cystitis,64.81232007321374
3.75,brain,2.800060386371205,0.990052352302,0.009947647698,0.29562158804799776,29.562158804799775,0.06414466662999706,6.414466662999706,0.2475130880755,24.75130880755,0.0035008541068649235,0.35008541068649235,0.0035008541068649235,0.002800683285491939,scenario,cyp_cystitis,62.69601580810919
3.833333333333,brain,2.8130061753878555,0.990027910758,0.009972089242,0.2958380096605762,29.583800966057623,0.06444137596143493,6.444137596143492,0.2475069776895,24.75069776895,0.0035239761527903805,0.35239761527903807,0.00352397615279038,0.002819180922232304,scenario,cyp_cystitis,60.579711543004606
3.916666666667,brain,2.825973741191457,0.990002613187,0.009997386813,0.29605452596402654,29.605452596402653,0.06473849688970204,6.473849688970204,0.24750065329675,24.750065329675,0.0035472168179488256,0.35472168179488256,0.003547216817948826,0.002837773454359061,scenario,cyp_cystitis,58.46340727787466
4.0,brain,2.8389524749893047,0.989976671672,0.010023328328,0.2962710292111371,29.627102921113714,0.06503581505751618,6.503581505751618,0.247494167918,24.749416791799998,0.003570563509926774,0.3570563509926774,0.0035705635099267737,0.002856450807941419,scenario,cyp_cystitis,56.34710301277006
4.083333333333,brain,2.851931525724922,0.989950086213,0.010049913787,0.29647671430588474,29.647671430588474,0.06531892367017962,6.531892367017962,0.24748752155325,24.748752155325,0.003589231678200459,0.3589231678200459,0.003589231678200459,0.0028713853425603674,scenario,cyp_cystitis,55.637357342348615
4.166666666667,brain,2.864899813956624,0.989922856809,0.010077143191,0.29668194083706473,29.668194083706474,0.06560163551308631,6.560163551308632,0.24748071420225,24.748071420225003,0.003607910760267442,0.3607910760267442,0.0036079107602674425,0.002886328608213954,scenario,cyp_cystitis,54.92761167191866
4.25,brain,2.8778460465288256,0.989894983461,0.010105016539,0.29688652771551804,29.688652771551805,0.06588370913369071,6.588370913369071,0.24747374586525,24.747374586525,0.0036265865985865915,0.36265865985865914,0.003626586598586592,0.0029012692788692738,scenario,cyp_cystitis,54.217866001497185
4.333333333333,brain,2.8907587320154238,0.989866466169,0.010133533831,0.2970902910562113,29.70902910562113,0.06616489935194841,6.616489935194841,0.24746661654225,24.746661654225,0.003645244750484995,0.3645244750484995,0.0036452447504849955,0.0029161958003879967,scenario,cyp_cystitis,53.50812033107573
4.416666666667,brain,2.90362619690756,0.989837304932,0.010162695068,0.2972930444439695,29.72930444439695,0.066444957614626,6.644495761462601,0.247459326233,24.7459326233,0.0036638705075916086,0.36638705075916084,0.0036638705075916086,0.002931096406073287,scenario,cyp_cystitis,52.79837466064576
4.5,brain,2.9164366025194814,0.989807499751,0.010192500249,0.2974945992097462,29.74945992097462,0.0667236323626616,6.67236323626616,0.24745187493775,24.745187493775,0.003682448916243967,0.3682448916243967,0.003682448916243967,0.0029459591329951736,scenario,cyp_cystitis,52.088628990224315
4.583333333333,brain,2.9291779625834495,0.989777050626,0.010222949374,0.2976947647141845,29.76947647141845,0.06700066941024597,6.700066941024597,0.2474442626565,24.74442626565,0.003700964798835789,0.3700964798835789,0.003700964798835789,0.0029607718390686315,scenario,cyp_cystitis,51.37888331980287
4.666666666667,brain,2.9418381614977918,0.989745957556,0.010254042444,0.29789334864052225,29.789334864052226,0.067275812335363,6.7275812335363,0.247436489389,24.7436489389,0.003719402776063749,0.3719402776063749,0.003719402776063748,0.0029755222208509985,scenario,cyp_cystitis,50.6691376493729
4.75,brain,2.9544049731937436,0.989714220542,0.010285779458,0.29809015729623856,29.809015729623855,0.0675488028809847,6.75488028809847,0.2474285551355,24.742855513549998,0.003737747290034281,0.3737747290034281,0.0037377472900342805,0.0029901978320274244,scenario,cyp_cystitis,49.95939197895144
4.833333333333,brain,2.9668660805841163,0.989681839583,0.010318160417,0.29828499591979357,29.82849959197936,0.06781938136539141,6.781938136539141,0.24742045989575,24.742045989575,0.0037559826281878114,0.3755982628187811,0.0037559826281878114,0.0030047861025502493,scenario,cyp_cystitis,49.24964630853
4.916666666667,brain,2.979209095550283,0.98964881468,0.01035118532,0.2984776689962448,29.847766899624478,0.06808728710165972,6.808728710165972,0.24741220367,24.741220367,0.0037740929479885906,0.37740929479885904,0.003774092947988591,0.003019274358390873,scenario,cyp_cystitis,48.539900638100015
5.0,brain,2.9914215794257273,0.989615145833,0.010384854167,0.29866798057653543,29.866798057653543,0.06835225882438056,6.835225882438056,0.24740378645825,24.740378645825,0.0037920623023310887,0.37920623023310884,0.0037920623023310887,0.003033649841864871,scenario,cyp_cystitis,47.830154967678574
5.083333333333,brain,3.003491063932063,0.989580978551,0.010419021449,0.2988557785471148,29.88557785471148,0.0686140452124864,6.86140452124864,0.24739524463775,24.739524463775002,0.0038098746656107705,0.38098746656107707,0.0038098746656107705,0.0030478997324886164,scenario,cyp_cystitis,47.12040929725711
5.166666666667,brain,3.015405072517315,0.989546506581,0.010453493419,0.2990409257079558,29.904092570795584,0.06887239875027446,6.887239875027445,0.24738662664525,24.738662664525,0.003827513960398302,0.3827513960398302,0.0038275139603983024,0.003062011168318642,scenario,cyp_cystitis,46.410663626827144
5.25,brain,3.0271511420482957,0.989511730882,0.010488269118,0.2992232272635611,29.92232272635611,0.06912705939074819,6.912705939074819,0.2473779327205,24.73779327205,0.0038449640846593687,0.38449640846593686,0.0038449640846593683,0.003075971267727495,scenario,cyp_cystitis,45.700917956405696
5.333333333333,brain,3.0387168448069133,0.989476651454,0.010523348546,0.2994024890126798,29.940248901267978,0.06937776819890637,6.937776819890637,0.2473691628635,24.73691628635,0.0038622089394595265,0.38622089394595266,0.0038622089394595265,0.0030897671515676215,scenario,cyp_cystitis,44.991172285984234
5.416666666667,brain,3.0500898107347214,0.989441268298,0.010558731702,0.2995785179751031,29.95785179751031,0.06962426786747078,6.962426786747078,0.2473603170745,24.736031707450003,0.003879232457085421,0.3879232457085421,0.0038792324570854205,0.0031033859656683367,scenario,cyp_cystitis,44.281426615554274
5.5,brain,3.0612577498723788,0.989405581414,0.010594418586,0.2997511227292625,29.975112272926253,0.06986630316768339,6.986630316768339,0.2473513953535,24.73513953535,0.0038960186295172116,0.38960186295172117,0.003896018629517211,0.003116814903613769,scenario,cyp_cystitis,43.57168094513282
5.583333333333,brain,3.0722084749391296,0.989369590801,0.010630409199,0.2999201137507762,29.99201137507762,0.07010362140070166,7.010362140070166,0.24734239770025,24.734239770025,0.003912551537184818,0.39125515371848174,0.003912551537184818,0.0031300412297478545,scenario,cyp_cystitis,42.861935274711364
5.666666666667,brain,3.082929923992595,0.989333296459,0.010666703541,0.30008530375108766,30.008530375108766,0.0703359728484502,7.03359728484502,0.24733332411475,24.733332411475,0.003928815377933302,0.39288153779333024,0.003928815377933302,0.003143052302346642,scenario,cyp_cystitis,42.15218960428139
5.75,brain,3.093410183111869,0.989296698389,0.010703301611,0.3002465080141855,30.024650801418552,0.07056311122258067,7.056311122258068,0.24732417459725,24.732417459725,0.003944794496126693,0.39447944961266934,0.003944794496126693,0.003155835596901355,scenario,cyp_cystitis,41.44244393385994
5.833333333333,brain,3.103637509045892,0.98925979659,0.01074020341,0.3004035447302962,30.040354473029616,0.07078479411039496,7.0784794110394955,0.2473149491475,24.731494914749998,0.003960473411817911,0.39604734118179113,0.003960473411817911,0.0031683787294543293,scenario,cyp_cystitis,40.73269826343849
5.916666666667,brain,3.113600351765024,0.989222591062,0.010777408938,0.30055623532842324,30.055623532842326,0.07100078341723101,7.100078341723101,0.2473056477655,24.730564776549997,0.003975836849906132,0.39758368499061325,0.003975836849906132,0.003180669479924906,scenario,cyp_cystitis,40.02295259300853
6.0,brain,3.123287376856844,0.989185081806,0.010814918194,0.3007044048042122,30.07044048042122,0.07121084580361625,7.121084580361625,0.2472962704515,24.72962704515,0.003990869769207385,0.39908697692073847,0.003990869769207385,0.0031926958153659078,scenario,cyp_cystitis,39.31320692258707
6.083333333333,brain,3.1326874877067437,0.989147268822,0.010852731178,0.30084788204265284,30.084788204265283,0.07141475311620378,7.141475311620378,0.2472868172055,24.72868172055,0.004005557391363224,0.40055573913632236,0.004005557391363224,0.003204445913090579,scenario,cyp_cystitis,38.603461252165616
6.166666666667,brain,3.1417898474007084,0.989109152109,0.010890847891,0.3009865001360023,30.09865001360023,0.07161228281166979,7.161228281166979,0.24727728802725,24.727728802725,0.004019885229507075,0.40198852295070747,0.004019885229507075,0.00321590818360566,scenario,cyp_cystitis,37.893715581735655
6.25,brain,3.150583900291158,0.989070849373,0.010929150627,0.30112013253146275,30.112013253146273,0.07180322691761698,7.180322691761698,0.24726771234325,24.726771234325,0.004033839116612779,0.40338391166127796,0.004033839116612779,0.0032270712932902235,scenario,cyp_cystitis,37.18396991131419
6.333333333333,brain,3.1590593931668813,0.989032611285,0.010967388715,0.30124869806690446,30.124869806690448,0.07198739366087265,7.198739366087264,0.24725815282125,24.725815282124998,0.00404740523344966,0.404740523344966,0.00404740523344966,0.0032379241867597284,scenario,cyp_cystitis,36.474224240892745
6.416666666667,brain,3.1672063959658256,0.988994446104,0.011005553896,0.30137204696552883,30.13720469655288,0.07216458058603842,7.216458058603842,0.247248611526,24.7248611526,0.004060570136064352,0.4060570136064352,0.004060570136064352,0.003248456108851482,scenario,cyp_cystitis,35.76447857046277
6.5,brain,3.1750153219733726,0.98895635383,0.01104364617,0.30149003233513727,30.149003233513728,0.07233459183684969,7.233459183684969,0.2472390884575,24.72390884575,0.004073320782714992,0.4073320782714992,0.004073320782714992,0.0032586566261719936,scenario,cyp_cystitis,35.05473290004133
6.583333333333,brain,3.182476947449482,0.988918334463,0.011081665537,0.3016025129604799,30.160251296047992,0.0724972391263065,7.24972391263065,0.24722958361575,24.722958361575,0.004085644560184013,0.4085644560184013,0.004085644560184013,0.003268515648147211,scenario,cyp_cystitis,34.344987229619875
6.666666666667,brain,3.1895824306267793,0.988880388003,0.011119611997,0.3017093535725924,30.17093535725924,0.0726523420957898,7.26523420957898,0.24722009700075,24.722009700075002,0.004097529309392796,0.4097529309392796,0.004097529309392796,0.003278023447514237,scenario,cyp_cystitis,33.63524155918991
6.75,brain,3.19632333002585,0.988842514449,0.011157485551,0.301810425107387,30.1810425107387,0.07279972866018268,7.279972866018268,0.24721062861225,24.721062861225,0.00410896335024731,0.41089633502473094,0.004108963350247309,0.003287170680197847,scenario,cyp_cystitis,32.92549588876845
6.833333333333,brain,3.202691622035344,0.988804713802,0.011195286198,0.3019056049543962,30.190560495439623,0.07293923533852827,7.293923533852826,0.2472011784505,24.720117845049998,0.004119935505645218,0.4119935505645218,0.004119935505645218,0.003295948404516175,scenario,cyp_cystitis,32.215750218347
6.916666666667,brain,3.2086797177041544,0.988766986062,0.011233013938,0.30199477719198065,30.199477719198065,0.07307070756864088,7.307070756864088,0.2471917465155,24.71917465155,0.004130435124573179,0.4130435124573179,0.00413043512457318,0.003304348099658544,scenario,cyp_cystitis,31.506004547917026
7.0,brain,3.214280478697365,0.988729331229,0.011270668771,0.30207783281148604,30.207783281148604,0.07319400000564809,7.3194000005648086,0.24718233280725,24.718233280725,0.0041404521042292955,0.4140452104229296,0.004140452104229296,0.0033123616833834373,scenario,cyp_cystitis,30.79625887749557
7.083333333333,brain,3.2194872323695645,0.988691749302,0.011308250698,0.30215466992797535,30.215466992797534,0.0733089768033005,7.330897680330049,0.2471729373255,24.71729373255,0.004149976911107737,0.41499769111077367,0.004149976911107737,0.0033199815288861897,scenario,cyp_cystitis,30.08651320707413
7.166666666667,brain,3.224293785909701,0.988654240283,0.011345759717,0.3022251939791345,30.22251939791345,0.073415511877846,7.341551187784599,0.24716356007075,24.716356007075,0.004159000600982002,0.41590006009820024,0.0041590006009820015,0.003327200480785601,scenario,cyp_cystitis,29.376767536644152
7.25,brain,3.2286944395162678,0.98861680417,0.01138319583,0.3022893179069889,30.228931790698887,0.07351348915265182,7.3513489152651825,0.2471542010425,24.71542010425,0.004167514837729777,0.41675148377297766,0.004167514837729778,0.003334011870183822,scenario,cyp_cystitis,28.667021866222697
7.333333333333,brain,3.232683998563986,0.988579440964,0.011420559036,0.302346962329626,30.234696232962598,0.07360280278483466,7.360280278483467,0.247144860241,24.714486024099998,0.004175511910945065,0.4175511910945065,0.004175511910945064,0.0033404095287560514,scenario,cyp_cystitis,27.95727619580125
7.416666666667,brain,3.236257784724621,0.988542182037,0.011457817963,0.30239806529164087,30.23980652916409,0.07368335970985454,7.368335970985454,0.24713554550925,24.713554550925,0.004182984752283861,0.4182984752283861,0.00418298475228386,0.0033463878018270884,scenario,cyp_cystitis,27.24753052537127
7.5,brain,3.239411646009211,0.988505150242,0.011494849758,0.3024426008040321,30.244260080403212,0.0737550843247095,7.37550843247095,0.2471262875605,24.71262875605,0.0041899269504962365,0.41899269504962366,0.0041899269504962365,0.0033519415603969894,scenario,cyp_cystitis,26.537784854949823
7.583333333333,brain,3.242141965701829,0.988468390968,0.011531609032,0.3024805272904811,30.24805272904811,0.07381790606464142,7.381790606464142,0.247117097742,24.7117097742,0.004196332765101044,0.4196332765101044,0.004196332765101044,0.0033570662120808352,scenario,cyp_cystitis,25.82803918452837
7.666666666667,brain,3.2444456701571895,0.988431941743,0.011568058257,0.3025118089731503,30.251180897315027,0.07387176471653373,7.3871764716533725,0.24710798543575,24.710798543575,0.004202197138661027,0.4202197138661027,0.004202197138661027,0.0033617577109288214,scenario,cyp_cystitis,25.118293514098404
7.75,brain,3.2463202354390726,0.988395840092,0.011604159908,0.30253641836600786,30.253641836600785,0.07391661112401048,7.391661112401048,0.247098960023,24.7098960023,0.004207515707622786,0.4207515707622786,0.004207515707622786,0.003366012566098229,scenario,cyp_cystitis,24.408547843676953
7.833333333333,brain,3.24776369277962,0.988360123542,0.011639876458,0.3025543363501795,30.255433635017948,0.07395240728623928,7.395240728623928,0.2470900308855,24.70900308855,0.004212284811689777,0.4212284811689777,0.004212284811689777,0.003369827849351822,scenario,cyp_cystitis,23.698802173255498
7.916666666667,brain,3.248774632842489,0.98832482962,0.01167517038,0.3025655522307603,30.25655522307603,0.07397912643434712,7.3979126434347116,0.247081207405,24.7081207405,0.004216501501699094,0.42165015016990937,0.004216501501699095,0.0033732012013592758,scenario,cyp_cystitis,22.989056502825537
8.0,brain,3.249352208777296,0.988289995851,0.011710004149,0.30257006377710016,30.257006377710017,0.07399675308580025,7.399675308580026,0.24707249896275,24.707249896275,0.004220163545979237,0.42201635459792375,0.004220163545979238,0.0033761308367833906,scenario,cyp_cystitis,22.27931083240408
8.083333333333,brain,3.249496138056081,0.988255659761,0.011744340239,0.30256361188341574,30.256361188341575,0.07399959592422098,7.399959592422098,0.24706391494025,24.706391494025002,0.004221211126426916,0.4221211126426916,0.004221211126426915,0.003376968901141532,scenario,cyp_cystitis,22.069806315450798
8.166666666667,brain,3.2492067030859966,0.988221858878,0.011778141122,0.3025504764034746,30.25504764034746,0.07399334891196617,7.399334891196617,0.2470554647195,24.705546471949997,0.004221698440930123,0.42216984409301234,0.004221698440930123,0.003377358752744099,scenario,cyp_cystitis,21.860301798494998
8.25,brain,3.2484847505965915,0.988188630727,0.011811369273,0.30253068202116634,30.253068202116634,0.07397803245255509,7.397803245255509,0.24704715768175,24.704715768175,0.0042216262421998114,0.42216262421998113,0.0042216262421998114,0.0033773009937598493,scenario,cyp_cystitis,21.65079728154172
8.333333333333,brain,3.247331689803395,0.988156012835,0.011843987165,0.30250426187690704,30.250426187690703,0.07395367822420944,7.395367822420944,0.24703900320875,24.703900320875,0.004220996009728544,0.42209960097285437,0.004220996009728544,0.003376796807782835,scenario,cyp_cystitis,21.441292764588447
8.416666666667,brain,3.245749489353445,0.988124042727,0.011875957273,0.30247125752125104,30.247125752125104,0.07392032911933473,7.392032911933473,0.24703101068175,24.703101068175002,0.00421980994660065,0.421980994660065,0.00421980994660065,0.00337584795728052,scenario,cyp_cystitis,21.231788247632643
8.5,brain,3.2437406730621086,0.988092757931,0.011907242069,0.30243171885479475,30.243171885479477,0.0738780391627263,7.38780391627263,0.24702318948275,24.702318948275,0.004218070974745379,0.42180709747453793,0.004218070974745379,0.0033744567797963036,scenario,cyp_cystitis,21.02228373067937
8.583333333333,brain,3.241308314453833,0.988062195973,0.011937804027,0.30238570404871024,30.238570404871023,0.07382687340728034,7.382687340728033,0.24701554899325,24.701554899325,0.004215782728647015,0.42157827286470145,0.004215782728647015,0.0033726261829176117,scenario,cyp_cystitis,20.812779213726085
8.666666666667,brain,3.2384560301236935,0.988032394378,0.011967605622,0.3023332794510059,30.23332794510059,0.07376690780867455,7.376690780867455,0.2470080985945,24.700809859449997,0.004212949547531095,0.42129495475310946,0.004212949547531095,0.003370359638024876,scenario,cyp_cystitis,20.603274696770296
8.75,brain,3.235187971939761,0.988003390673,0.011996609327,0.3022745194775237,30.22745194775237,0.07369822907903162,7.369822907903162,0.24700084766825,24.700084766825,0.004209576466050121,0.42095764660501206,0.004209576466050121,0.003367661172840097,scenario,cyp_cystitis,20.393770179817015
8.833333333333,brain,3.23150881810939,0.987975222385,0.012024777615,0.30220950648579825,30.220950648579826,0.07362093451939769,7.362093451939769,0.24699380559625,24.699380559625002,0.004205669203496164,0.4205669203496164,0.004205669203496164,0.0033645353627969315,scenario,cyp_cystitis,20.184265662863734
8.916666666667,brain,3.2274237631369553,0.98794792704,0.01205207296,0.3021383306339355,30.21383306339355,0.07353513183191401,7.353513183191401,0.24698698176,24.698698176,0.004201234151573182,0.42012341515731816,0.004201234151573182,0.0033609873212585455,scenario,cyp_cystitis,19.974761145907937
9.0,brain,3.22293850670302,0.987921542163,0.012078457837,0.3020610897248574,30.20610897248574,0.07344093891214318,7.344093891214317,0.24698038554075,24.698038554075,0.004196278360765298,0.4196278360765298,0.004196278360765298,0.0033570226886122387,scenario,cyp_cystitis,19.765256628954653
9.083333333333,brain,3.2180592414976896,0.987896105282,0.012103894718,0.30197788903720585,30.197788903720586,0.07333848362227446,7.333848362227446,0.2469740263205,24.69740263205,0.0041908095253408995,0.41908095253408995,0.0041908095253408995,0.0033526476202727197,scenario,cyp_cystitis,19.55575211200137
9.166666666667,brain,3.212792640045408,0.987871653922,0.012128346078,0.30188884113906145,30.188884113906145,0.07322790354474862,7.322790354474861,0.2469679134805,24.696791348050002,0.004184835967037979,0.41848359670379787,0.00418483596703798,0.003347868773630384,scenario,cyp_cystitis,19.346247595045575
9.25,brain,3.2071458405600692,0.987848225611,0.012151774389,0.30179406569165373,30.179406569165373,0.07310934571853829,7.310934571853829,0.24696205640275,24.696205640275,0.004178366617478553,0.4178366617478553,0.004178366617478553,0.0033426932939828423,scenario,cyp_cystitis,19.136743078092294
9.333333333333,brain,3.2011264318717547,0.987825857873,0.012174142127,0.3016936892359007,30.169368923590067,0.07298296635686756,7.298296635686756,0.24695646446825,24.695646446825002,0.004171410999363152,0.41714109993631515,0.004171410999363152,0.0033371287994905215,scenario,cyp_cystitis,18.92723856113902
9.416666666667,brain,3.194742437470758,0.987804588236,0.012195411764,0.30158784497087404,30.158784497087403,0.07284893054916539,7.284893054916538,0.246951147059,24.6951147059,0.004163979206501857,0.4163979206501857,0.004163979206501856,0.003331183365201485,scenario,cyp_cystitis,18.717734044183228
9.5,brain,3.1880022987153804,0.987784435085,0.012215564915,0.3014766666739479,30.14766666739479,0.07270741053693056,7.2707410536930555,0.24694610877125,24.694610877125,0.0041560818827397015,0.41560818827397017,0.0041560818827397015,0.0033248655061917614,scenario,cyp_cystitis,18.508229527229947
9.583333333333,brain,3.1809148572518713,0.987765238753,0.012234761247,0.3013602399818607,30.13602399818607,0.07255857372481427,7.255857372481427,0.24694130968825,24.694130968825,0.004147730199836817,0.4147730199836817,0.004147730199836817,0.0033181841598694537,scenario,cyp_cystitis,18.298725010276666
9.666666666667,brain,3.1734893366991086,0.987746964475,0.012253035525,0.301238694631316,30.123869463131598,0.07240260468342131,7.240260468342131,0.24693674111875,24.693674111875,0.004138935834369001,0.4138935834369001,0.004138935834369001,0.003311148667495201,scenario,cyp_cystitis,18.089220493320862
9.75,brain,3.165735323650484,0.987729624138,0.012270375862,0.30111218026925074,30.111218026925073,0.07223969897966764,7.223969897966764,0.2469324060345,24.69324060345,0.004129710943714554,0.41297109437145546,0.004129710943714554,0.0033037687549716437,scenario,cyp_cystitis,17.87971597636758
9.833333333333,brain,3.157662748046807,0.987713229631,0.012286770369,0.30098085193253893,30.098085193253894,0.07207005936638525,7.207005936638525,0.24692830740775,24.692830740774998,0.00412006814119514,0.412006814119514,0.004120068141195139,0.0032960545129561113,scenario,cyp_cystitis,17.6702114594143
9.916666666667,brain,3.149281862978003,0.98769779284,0.01230220716,0.30084486975992175,30.084486975992174,0.07189389539989564,7.189389539989564,0.24692444821,24.692444821000002,0.0041100204704433724,0.41100204704433724,0.004110020470443372,0.0032880163763546973,scenario,cyp_cystitis,17.46070694245851
10.0,brain,3.1406032239702952,0.987683325654,0.012316674346,0.3007043986989647,30.07043986989647,0.07171142304728628,7.171142304728628,0.2469208314135,24.69208314135,0.004099581379068868,0.4099581379068868,0.00409958137906887,0.003279665103255096,scenario,cyp_cystitis,17.251202425505234
10.083333333333,brain,3.131637667816319,0.987669839959,0.012330160041,0.3005596082017432,30.05596082017432,0.07152286428265762,7.1522864282657626,0.24691745998975,24.691745998975,0.004088764691695594,0.4088764691695594,0.004088764691695594,0.003271011753356475,scenario,cyp_cystitis,17.04169790855195
10.166666666667,brain,3.1223962910092533,0.987657347645,0.012342652355,0.30041067191764353,30.041067191764352,0.07132844667519139,7.132844667519139,0.24691433691125,24.691433691125,0.004077584582447966,0.4077584582447966,0.004077584582447967,0.003262067665958374,scenario,cyp_cystitis,16.832193391596153
10.25,brain,3.1128904278400116,0.987645860597,0.012354139403,0.3002577673751979,30.025776737519788,0.0711284029679305,7.112840296793051,0.24691146514925,24.691146514925,0.004066055546960935,0.4066055546960935,0.004066055546960935,0.003252844437568748,scenario,cyp_cystitis,16.622688874642872
10.333333333333,brain,3.1031316282167,0.987635390705,0.012364609295,0.30010107566436184,30.010107566436183,0.07092297065081582,7.092297065081582,0.24690884767625,24.690884767625,0.004054192373989632,0.4054192373989632,0.0040541923739896325,0.0032433538991917064,scenario,cyp_cystitis,16.41318435768959
10.416666666667,brain,3.093131635268787,0.987625949856,0.012374050144,0.2999407811087951,29.994078110879506,0.07071239152639343,7.071239152639343,0.246906487464,24.6906487464,0.004042010116698347,0.4042010116698347,0.0040420101166983476,0.0032336080933586782,scenario,cyp_cystitis,16.203679840733795
10.5,brain,3.0829023627955046,0.987617549936,0.012382450064,0.2997770709374438,29.97770709374438,0.07049691127125843,7.0496911271258424,0.246904387484,24.690438748400002,0.00402952406370513,0.402952406370513,0.00402952406370513,0.003223619250964104,scenario,cyp_cystitis,15.994175323780519
10.583333333333,brain,3.0724558726175224,0.987610202835,0.012389797165,0.2996101349540773,29.96101349540773,0.0702767789937697,7.02767789937697,0.24690255070875,24.690255070875,0.004016749709957998,0.4016749709957998,0.004016749709957997,0.0032133997679663975,scenario,cyp_cystitis,15.784670806827233
10.666666666667,brain,3.0618043518938247,0.98760392044,0.01239607956,0.29944016520106614,29.944016520106615,0.07005224678808822,7.005224678808822,0.24690098011,24.690098011,0.004003702727522305,0.4003702727522305,0.004003702727522305,0.003202962182017844,scenario,cyp_cystitis,15.575166289871444
10.75,brain,3.050960090461893,0.987598714637,0.012401285363,0.29926735562457707,29.926735562457708,0.06982356928710273,6.982356928710273,0.24689967865925,24.689967865925,0.0039903989363543725,0.39903989363543724,0.0039903989363543725,0.003192319149083498,scenario,cyp_cystitis,15.365661772918163
10.833333333333,brain,3.0399354582582716,0.987594597316,0.012405402684,0.29909190174014544,29.909190174014544,0.06959100321486057,6.959100321486058,0.246898649329,24.6898649329,0.003976854275135276,0.3976854275135276,0.003976854275135277,0.0031814834201082214,scenario,cyp_cystitis,15.156157255964883
10.916666666667,brain,3.028742882879082,0.987591580364,0.012408419636,0.29891400029492826,29.891400029492825,0.06935480693857102,6.935480693857102,0.246897895091,24.6897895091,0.003963084772241922,0.39630847722419216,0.003963084772241922,0.0031704678177935375,scenario,cyp_cystitis,14.946652739009085
11.0,brain,3.0173948273354467,0.987589675667,0.012410324333,0.29873384893378957,29.873384893378958,0.06911524002271942,6.911524002271942,0.24689741891675,24.689741891675,0.0039491065169269274,0.39491065169269274,0.0039491065169269274,0.003159285213541542,scenario,cyp_cystitis,14.7371482220558
11.083333333333,brain,3.0059037680572276,0.987588895115,0.012411104885,0.2985516458681695,29.85516458681695,0.06887256278589271,6.8872562785892715,0.24689722377875,24.689722377875,0.003934935630777041,0.3934935630777041,0.003934935630777041,0.0031479485046216333,scenario,cyp_cystitis,14.527643705102522
11.166666666667,brain,2.9942821732006237,0.987589204232,0.012410795768,0.2983675755369719,29.83675755369719,0.06862703263862917,6.862703263862917,0.246897301058,24.689730105800002,0.003920588239522521,0.39205882395225206,0.003920588239522521,0.003136470591618017,scenario,cyp_cystitis,14.318139188146729
11.25,brain,2.9825424813098618,0.987590442084,0.012409557916,0.29818178414172025,29.818178414172024,0.06837889816096035,6.837889816096035,0.246897610521,24.6897610521,0.0039060804452634187,0.39060804452634185,0.003906080445263419,0.0031248643562107356,scenario,cyp_cystitis,14.108634671193446
11.333333333333,brain,2.9706970803812265,0.987592584759,0.012407415241,0.2979944589474639,29.79944589474639,0.06812841701028516,6.812841701028516,0.24689814618975,24.689814618975,0.0038914282991763223,0.3891428299176322,0.0038914282991763228,0.0031131426393410586,scenario,cyp_cystitis,13.89913015424017
11.416666666667,brain,2.9587582873794833,0.987595622001,0.012404377999,0.2978057906361277,29.780579063612773,0.06787584684783697,6.787584684783697,0.24689890550025,24.689890550025,0.003876647774767343,0.38766477747673433,0.003876647774767343,0.0031013182198138746,scenario,cyp_cystitis,13.689625637284372
11.5,brain,2.946738328250865,0.987599543555,0.012400456445,0.2976159688667995,29.761596886679946,0.06762144397073261,6.762144397073261,0.24689988588875,24.689988588875,0.003861754741729941,0.38617547417299414,0.0038617547417299403,0.0030894037933839524,scenario,cyp_cystitis,13.480121120331091
11.583333333333,brain,2.9346493184744533,0.987604339165,0.012395660835,0.29742518196965073,29.742518196965072,0.06736546290453428,6.736546290453428,0.24690108479125,24.690108479125,0.003846764940463252,0.3846764940463252,0.003846764940463252,0.0030774119523706016,scenario,cyp_cystitis,13.270616603377814
11.666666666667,brain,2.9225032441953083,0.987609998577,0.012390001423,0.29723361664836856,29.723361664836855,0.06710815600549136,6.710815600549136,0.24690249964425,24.690249964425,0.0038316939573084757,0.3831693957308476,0.0038316939573084757,0.003065355165846781,scenario,cyp_cystitis,13.061112086422016
11.75,brain,2.910311943976391,0.987616511536,0.012383488464,0.2970414576884146,29.70414576884146,0.06684977307255283,6.6849773072552825,0.246904127884,24.6904127884,0.003816557200553065,0.3816557200553065,0.003816557200553065,0.003053245760442452,scenario,cyp_cystitis,12.851607569468738
11.833333333333,brain,2.898087091203702,0.987623867785,0.012376132215,0.29684888767413087,29.684888767413085,0.0665905609705078,6.65905609705078,0.24690596694625,24.690596694625,0.003801369877249162,0.3801369877249162,0.0038013698772491615,0.0030410959017993294,scenario,cyp_cystitis,12.642103052515454
11.916666666667,brain,2.8858401771803925,0.98763205707,0.01236794293,0.29665608671652705,29.665608671652706,0.06633076326536941,6.633076326536941,0.2469080142675,24.69080142675,0.003786146970894347,0.3786146970894347,0.0037861469708943473,0.0030289175767154782,scenario,cyp_cystitis,12.432598535559661
12.0,brain,2.8735824949389768,0.987641069135,0.012358930865,0.2964632321874843,29.64632321874843,0.06607061987164578,6.607061987164578,0.24691026728375,24.691026728375,0.0037709032200144766,0.37709032200144765,0.003770903220014477,0.0030167225760115816,scenario,cyp_cystitis,12.22309401860638
12.083333333333,brain,2.8613251237979966,0.987650893725,0.012349106275,0.29626931472473284,29.626931472473284,0.06580878839131048,6.5808788391310475,0.24691272343125,24.691272343125,0.0037550820421939466,0.3755082042193947,0.0037550820421939466,0.0030040656337551575,scenario,cyp_cystitis,12.168072025491625
12.166666666667,brain,2.8490789146906854,0.987661520585,0.012338479415,0.2960756978775708,29.607569787757082,0.06554709030842779,6.554709030842779,0.24691538014625,24.691538014625,0.003739273236411368,0.3739273236411368,0.003739273236411368,0.0029914185891290945,scenario,cyp_cystitis,12.11305003237621
12.25,brain,2.836854476286379,0.987672939459,0.012327060541,0.29588254930905394,29.588254930905393,0.06528575259240524,6.528575259240524,0.24691823486475,24.691823486475002,0.0037234906784457972,0.3723490678445797,0.0037234906784457977,0.0029787925427566383,scenario,cyp_cystitis,12.058028039261455
12.333333333333,brain,2.824662161922597,0.987685140093,0.012314859907,0.29569003297651353,29.569003297651353,0.06502499727101801,6.502499727101801,0.24692128502325,24.692128502325,0.0037077479149345643,0.37077479149345643,0.0037077479149345647,0.002966198331947652,scenario,cyp_cystitis,12.003006046146702
12.416666666667,brain,2.8125120573668334,0.987698112231,0.012301887769,0.29549830892081336,29.549830892081335,0.06476504115075116,6.476504115075116,0.24692452805775,24.692452805775,0.0036920581472159194,0.3692058147215919,0.0036920581472159194,0.0029536465177727356,scenario,cyp_cystitis,11.947984053031288
12.5,brain,2.8004139694202728,0.987711845617,0.012288154383,0.29530753306949054,29.53075330694905,0.06450609555365404,6.4506095553654035,0.24692796140425,24.692796140425,0.0036764342162614225,0.3676434216261423,0.0036764342162614234,0.002941147373009139,scenario,cyp_cystitis,11.892962059916533
12.583333333333,brain,2.7883774153728726,0.987726329997,0.012273670003,0.29511785705225846,29.511785705225847,0.06424836607067792,6.4248366070677925,0.24693158249925,24.693158249925002,0.003660888588711479,0.3660888588711479,0.0036608885887114786,0.0029287108709691832,scenario,cyp_cystitis,11.837940066801782
12.666666666667,brain,2.776411613320355,0.987741555115,0.012258444885,0.2949294280273823,29.49294280273823,0.06399205233150977,6.399205233150977,0.24693538877875,24.693538877875,0.0036454333440287686,0.36454333440287684,0.003645433344028768,0.002916346675223015,scenario,cyp_cystitis,11.782918073686368
12.75,brain,2.7645254733469486,0.987757510716,0.012242489284,0.29474238852300977,29.474238852300978,0.063737347792013,6.3737347792013,0.246939377679,24.6939377679,0.0036300801627757073,0.36300801627757073,0.003630080162775707,0.0029040641302205657,scenario,cyp_cystitis,11.727896080571611
12.833333333333,brain,2.752727589575055,0.987774148393,0.012225851607,0.29455686491329325,29.455686491329324,0.0634844370867243,6.34844370867243,0.24694353709825,24.694353709825002,0.00361484031601851,0.361484031601851,0.0036148403160185106,0.0028918722528148088,scenario,cyp_cystitis,11.672874087456856
12.916666666667,brain,2.741026233084211,0.987791397212,0.012208602788,0.2943729719779621,29.43729719779621,0.0632334968999494,6.323349689994941,0.246947849303,24.694784930300003,0.0035997246558619913,0.3599724655861991,0.0035997246558619913,0.0028797797246895933,scenario,cyp_cystitis,11.617852094341442
13.0,brain,2.7294293456952117,0.987809237271,0.012190762729,0.2941908347104347,29.41908347104347,0.0629847005235796,6.29847005235796,0.24695230931775,24.695230931775,0.0035847436071107467,0.3584743607110747,0.0035847436071107467,0.0028677948856885974,scenario,cyp_cystitis,11.562830101226686
13.083333333333,brain,2.7179445346128244,0.987827649099,0.012172350901,0.2940105731013738,29.40105731013738,0.06273821443549842,6.273821443549841,0.24695691227475,24.695691227475,0.0035699071600491707,0.35699071600491705,0.0035699071600491703,0.0028559257280393363,scenario,cyp_cystitis,11.507808108111936
13.166666666667,brain,2.706579067921825,0.987846613229,0.012153386771,0.29383230191749665,29.383230191749664,0.06249419814699557,6.249419814699557,0.24696165330725,24.696165330725,0.0035552248643344105,0.35552248643344103,0.00355522486433441,0.0028441798914675283,scenario,cyp_cystitis,11.452786114996519
13.25,brain,2.695339870924929,0.98786611019,0.01213388981,0.2936561306186885,29.36561306186885,0.06225280409491797,6.2252804094917975,0.2469665275475,24.69665275475,0.003540705823988298,0.3540705823988298,0.003540705823988298,0.002832564659190639,scenario,cyp_cystitis,11.397764121881767
13.333333333333,brain,2.68423352330901,0.987886120514,0.012113879486,0.2934821632927546,29.348216329275463,0.06201417755233947,6.201417755233947,0.2469715301285,24.697153012850002,0.0035263586934714598,0.35263586934714597,0.0035263586934714593,0.0028210869547771675,scenario,cyp_cystitis,11.34274212876701
13.416666666667,brain,2.6732662571274926,0.987906624732,0.012093375268,0.29331049860000147,29.331049860000146,0.061778456556002004,6.1778456556002,0.246976656183,24.6976656183,0.00351219167482464,0.351219167482464,0.0035121916748246406,0.0028097533398597128,scenario,cyp_cystitis,11.287720135651595
13.5,brain,2.6624439555810393,0.987927603375,0.012072396625,0.2931412297322367,29.31412297322367,0.061545771851315614,6.154577185131561,0.24698190084375,24.698190084375,0.0034982125158547774,0.3498212515854777,0.003498212515854777,0.0027985700126838217,scenario,cyp_cystitis,11.232698142536844
13.583333333333,brain,2.6517721525768074,0.987949036972,0.012050963028,0.2929744443836038,29.297444438360383,0.06131624685413843,6.131624685413843,0.246987259243,24.6987259243,0.0034844285093408975,0.3484428509340898,0.0034844285093408975,0.002787542807472718,scenario,cyp_cystitis,11.177676149422087
13.666666666667,brain,2.6412560330482657,0.987970906056,0.012029093944,0.2928102247363322,29.28102247363322,0.06108999762977625,6.108999762977625,0.246992726514,24.6992726514,0.0034708464932370524,0.34708464932370525,0.003470846493237053,0.0027766771945896425,scenario,cyp_cystitis,11.122654156306673
13.75,brain,2.6309004340122364,0.987993191157,0.012006808843,0.2926486474548944,29.26486474548944,0.06086713288752581,6.0867132887525806,0.24699829778925,24.699829778925,0.0034574728518425683,0.34574728518425685,0.003457472851842568,0.0027659782814740547,scenario,cyp_cystitis,11.06763216319192
13.833333333333,brain,2.62070984633839,0.988015872806,0.011984127194,0.29248978369538514,29.248978369538513,0.06064775399184687,6.064775399184687,0.2470039682015,24.70039682015,0.0034443135179079297,0.344431351790793,0.0034443135179079297,0.0027554508143263438,scenario,cyp_cystitis,11.012610170077163
13.916666666667,brain,2.6106884172083276,0.988038931534,0.011961068466,0.2923336991250921,29.23336991250921,0.06043195498878948,6.043195498878948,0.2470097328835,24.70097328835,0.0034313739756470433,0.34313739756470435,0.0034313739756470438,0.002745099180517635,scenario,cyp_cystitis,10.95758817696175
14.0,brain,2.600839953236595,0.988062347871,0.011937652129,0.29218045395337355,29.218045395337356,0.0602198226474981,6.02198226474981,0.24701558696775,24.701558696775,0.0034186592646203457,0.34186592646203456,0.0034186592646203457,0.0027349274116962767,scenario,cyp_cystitis,10.902566183846995
14.083333333333,brain,2.5911679242249366,0.988086102349,0.011913897651,0.29203010297463444,29.203010297463443,0.060011436516512584,6.001143651651258,0.24702152558725,24.702152558725,0.003406173984451797,0.34061739844517974,0.003406173984451797,0.0027249391875614377,scenario,cyp_cystitis,10.847544190732242
14.166666666667,brain,2.581675467523202,0.988110175498,0.011889824502,0.29188269561977953,29.188269561977954,0.059806868993706096,5.9806868993706095,0.2470275438745,24.70275438745,0.0033939223003454943,0.33939223003454944,0.0033939223003454943,0.0027151378402763956,scenario,cyp_cystitis,10.79252219761683
14.25,brain,2.5723653929661126,0.98813454785,0.01186545215,0.2917382760201399,29.17382760201399,0.059606185410186543,5.960618541018654,0.2470336369625,24.70336369625,0.003381907949362086,0.33819079493620857,0.0033819079493620863,0.002705526359489669,scenario,cyp_cystitis,10.737500204502071
14.333333333333,brain,2.5632401883544125,0.988159199934,0.011840800066,0.29159688307838527,29.15968830783853,0.0594094441265137,5.94094441265137,0.2470397999835,24.70397999835,0.0033701342474142687,0.33701342474142687,0.0033701342474142687,0.002696107397931415,scenario,cyp_cystitis,10.68247821138732
14.416666666667,brain,2.554302025451304,0.988184112194,0.011815887806,0.29145855052594805,29.145855052594804,0.0592166966365974,5.92166966365974,0.2470460280485,24.70460280485,0.0033586040969436123,0.3358604096943612,0.003358604096943612,0.00268688327755489,scenario,cyp_cystitis,10.627456218271906
14.5,brain,2.545552766461368,0.98820926059,0.01179073941,0.29132330571658965,29.132330571658965,0.05902798742545289,5.902798742545289,0.2470523151475,24.70523151475,0.003347319995236163,0.3347319995236163,0.0033473199952361627,0.00267785599618893,scenario,cyp_cystitis,10.572434225157147
14.583333333333,brain,2.5369939709589078,0.988234622585,0.011765377415,0.29119117149222107,29.119117149222106,0.058843354461294746,5.884335446129475,0.24705865564625,24.705865564625,0.0033362840433338245,0.3336284043333825,0.0033362840433338245,0.0026690272346670597,scenario,cyp_cystitis,10.517412232042396
14.666666666667,brain,2.5286269032352138,0.988260178008,0.011739821992,0.2910621665421692,29.106216654216922,0.058662829386892226,5.866282938689222,0.247065044502,24.7065044502,0.0033254979555018237,0.3325497955501824,0.0033254979555018237,0.002660398364401459,scenario,cyp_cystitis,10.462390238926982
14.75,brain,2.5204525400310933,0.98828590669,0.01171409331,0.29093630481904,29.093630481903997,0.058486437528719924,5.848643752871992,0.2470714766725,24.707147667250002,0.003314963069208411,0.3314963069208411,0.0033149630692084113,0.002651970455366729,scenario,cyp_cystitis,10.407368245812226
14.833333333333,brain,2.512471578621129,0.988311788461,0.011688211539,0.29081359565796394,29.081359565796394,0.058314198056951955,5.831419805695195,0.24707794711525,24.707794711525,0.0033046803555730523,0.33046803555730525,0.003304680355573052,0.0026437442844584416,scenario,cyp_cystitis,10.352346252697473
14.916666666667,brain,2.5046844452188273,0.988337803152,0.011662196848,0.2906940439034871,29.06940439034871,0.05814612415398272,5.814612415398273,0.247084450788,24.7084450788,0.0032946504302428375,0.32946504302428375,0.0032946504302428375,0.00263572034419427,scenario,cyp_cystitis,10.29732425958206
15.0,brain,2.4970913036692184,0.988363930593,0.011636069407,0.2905776500409084,29.05776500409084,0.057982223190211256,5.798222319021126,0.24709098264825,24.709098264825,0.003284873564653385,0.3284873564653385,0.003284873564653385,0.002627898851722708,scenario,cyp_cystitis,10.242302266467306
15.083333333333,brain,2.4896920643958977,0.988390150614,0.011609849386,0.2904644103335829,29.04644103335829,0.05782249690677717,5.782249690677717,0.2470975376535,24.70975376535,0.003275349697631104,0.32753496976311036,0.0032753496976311034,0.002620279758104883,scenario,cyp_cystitis,10.18728027335255
15.166666666667,brain,2.482486393572338,0.988416443046,0.011583556954,0.29035431696479813,29.03543169647981,0.057666941604397524,5.766694160439752,0.2471041107615,24.71041107615,0.0032660784472972448,0.3266078447297245,0.003266078447297245,0.0026128627578377965,scenario,cyp_cystitis,10.132258280237137
15.25,brain,2.4754737224851824,0.988442787719,0.011557212281,0.29024735818280517,29.02473581828052,0.05751554833740692,5.751554833740692,0.24711069692975,24.711069692975,0.003257059123231458,0.32570591232314583,0.0032570591232314577,0.002605647298585166,scenario,cyp_cystitis,10.077236287122382
15.333333333333,brain,2.4686532570579467,0.988469164464,0.011530835536,0.29014351845052183,29.014351845052182,0.05736830311269576,5.736830311269576,0.247117291116,24.7117291116,0.0032482907388534437,0.3248290738853444,0.003248290738853443,0.0025986325910827544,scenario,cyp_cystitis,10.022214294007625
15.416666666667,brain,2.4620239875064867,0.98849555311,0.01150444689,0.29004277859677496,29.004277859677497,0.057225187092366625,5.722518709236662,0.2471238882775,24.71238882775,0.0032397720239850675,0.32397720239850675,0.003239772023985068,0.0025918176191880547,scenario,cyp_cystitis,9.967192300892211
15.5,brain,2.455584698095904,0.988521933488,0.011478066512,0.2899451159720827,28.994511597208273,0.057086176800110286,5.708617680011028,0.247130483372,24.7130483372,0.0032315014375531113,0.32315014375531115,0.0032315014375531113,0.0025852011500424894,scenario,cyp_cystitis,9.912170307777457
15.583333333333,brain,2.449333976969526,0.988548285429,0.011451714571,0.28985050460464923,28.985050460464922,0.05695124432986563,5.695124432986563,0.24713707135725,24.713707135725,0.0032234771803940593,0.32234771803940593,0.0032234771803940597,0.002578781744315248,scenario,cyp_cystitis,9.857148314662705
15.666666666667,brain,2.443270226023548,0.988574588763,0.011425411237,0.2897589153581651,28.975891535816512,0.05682035755655349,5.682035755655349,0.24714364719075,24.714364719075,0.0032156972081261357,0.3215697208126136,0.0032156972081261357,0.002572557766500909,scenario,cyp_cystitis,9.80212632154729
15.75,brain,2.4373916707996575,0.988600823319,0.011399176681,0.2896703160909252,28.96703160909252,0.05669348034823361,5.669348034823361,0.24715020582975,24.715020582975,0.0032081592440521395,0.32081592440521395,0.0032081592440521395,0.0025665273952417116,scenario,cyp_cystitis,9.747104328432535
15.833333333333,brain,2.4316963703690786,0.98862696893,0.01137303107,0.2895846718169642,28.958467181696417,0.05657057277928559,5.657057277928558,0.2471567422325,24.71567422325,0.0032008607920581147,0.32008607920581145,0.0032008607920581147,0.002560688633646492,scenario,cyp_cystitis,9.69208233531778
15.916666666667,brain,2.4261822271844435,0.988653005424,0.011346994576,0.28950194486321984,28.950194486321983,0.056451591342959746,5.645159134295975,0.247163251356,24.7163251356,0.0031937991494766674,0.3193799149476667,0.003193799149476667,0.002555039319581334,scenario,cyp_cystitis,9.637060342202366
16.0,brain,2.420846996874932,0.988678912632,0.011321087368,0.28942209503136695,28.942209503136695,0.0563364891644893,5.63364891644893,0.247169728158,24.716972815800002,0.0031869714198825496,0.31869714198825494,0.0031869714198825504,0.0025495771359060407,scenario,cyp_cystitis,9.582038349087611
16.083333333333,brain,2.4156882979614105,0.988704678583,0.011295321417,0.2893450821548479,28.93450821548479,0.05622521667879721,5.62252166787972,0.24717616964575,24.717616964575,0.0031803745257897816,0.31803745257897814,0.003180374525789782,0.0025442996206318257,scenario,cyp_cystitis,9.527016355972854
16.166666666667,brain,2.4107036214711717,0.98873035519,0.01126964481,0.28927088254508226,28.927088254508227,0.05611772499677633,5.611772499677633,0.2471825887975,24.71825887975,0.0031740052212232933,0.31740052212232933,0.003174005221223293,0.0025392041769786346,scenario,cyp_cystitis,9.471994362857446
16.25,brain,2.405890340431211,0.988755944871,0.011244055129,0.28919945596035157,28.919945596035156,0.056013959656802094,5.60139596568021,0.24718898621775,24.718898621775,0.003167860104137236,0.3167860104137236,0.0031678601041372364,0.002534288083309789,scenario,cyp_cystitis,9.41697236974269
16.333333333333,brain,2.401245719220343,0.988781434572,0.011218565428,0.2891307557298887,28.913075572988873,0.0559138627825183,5.59138627825183,0.247195358643,24.7195358643,0.0031619356286539005,0.31619356286539,0.0031619356286539,0.00252954850292312,scenario,cyp_cystitis,9.361950376627936
16.416666666667,brain,2.396766922763205,0.988806811241,0.011193188759,0.2890647334359753,28.906473343597526,0.055817374167633695,5.581737416763369,0.24720170281025,24.720170281025,0.0031562281171007055,0.31562281171007056,0.0031562281171007055,0.0025249824936805646,scenario,cyp_cystitis,9.30692838351252
16.5,brain,2.3924510255487936,0.988832061824,0.011167938176,0.2890013390625698,28.90013390625698,0.05572443147542643,5.572443147542643,0.247208015456,24.7208015456,0.003150733771822257,0.31507337718222567,0.003150733771822257,0.0025205870174578055,scenario,cyp_cystitis,9.251906390397766
16.583333333333,brain,2.3882950204575257,0.98885717327,0.01114282673,0.28894052114376745,28.894052114376745,0.05563497043502325,5.563497043502325,0.2472142933175,24.72142933175,0.0031454486867462297,0.31454486867462295,0.00314544868674623,0.0025163589493969844,scenario,cyp_cystitis,9.196884397283009
16.666666666667,brain,2.3842958273834536,0.988882132525,0.011117867475,0.28888222690598675,28.888222690598674,0.055548925032982324,5.554892503298232,0.24722053313125,24.722053313125,0.0031403688586852277,0.31403688586852274,0.003140368858685227,0.0025122950869481816,scenario,cyp_cystitis,9.141862404167599
16.75,brain,2.3804503016380125,0.988906926536,0.011093073464,0.2888264024097646,28.88264024097646,0.05546622770101945,5.546622770101945,0.247226731634,24.7226731634,0.003135490198356516,0.3135490198356516,0.003135490198356516,0.002508392158685213,scenario,cyp_cystitis,9.086840411052844
16.833333333333,brain,2.376755242123008,0.988931542251,0.011068457749,0.2887729926868294,28.877299268682936,0.05538680949877251,5.538680949877251,0.24723288556275,24.723288556275,0.003130808541103236,0.3130808541103236,0.003130808541103236,0.002504646832882589,scenario,cyp_cystitis,9.031818417938087
16.916666666667,brain,2.373207399263023,0.988955966617,0.011044033383,0.288721941872845,28.8721941872845,0.055310600291459976,5.531060029145998,0.24723899165425,24.723899165425,0.0031263196573039255,0.31263196573039254,0.003126319657303925,0.0025010557258431402,scenario,cyp_cystitis,8.976796424822673
17.0,brain,2.3698034826872716,0.988980186581,0.011019813419,0.2886731933370903,28.86731933370903,0.05523752892245377,5.523752892245377,0.24724504664525,24.724504664525,0.003122019262457024,0.3122019262457024,0.0031220192624570237,0.002497615409965619,scenario,cyp_cystitis,8.92177443170792
17.083333333333,brain,2.3665401686522216,0.989004189089,0.010995810911,0.2886266898074421,28.86266898074421,0.055167523380256135,5.516752338025613,0.24725104727225,24.725104727225002,0.0031179030269287257,0.31179030269287256,0.0031179030269287253,0.0024943224215429804,scenario,cyp_cystitis,8.866752438593165
17.166666666667,brain,2.363414107198565,0.98902796109,0.01097203891,0.28858237349257027,28.858237349257028,0.05510051096009371,5.510051096009371,0.2472569902725,24.725699027250002,0.003113966585355477,0.3113966585355477,0.0031139665853554773,0.002491173268284382,scenario,cyp_cystitis,8.811730445477753
17.25,brain,2.360421929036027,0.989051489531,0.010948510469,0.2885401861971272,28.85401861971272,0.05503641841916956,5.503641841916956,0.24726287238275,24.726287238275,0.0031102055456923364,0.3110205545692336,0.0031102055456923364,0.002488164436553869,scenario,cyp_cystitis,8.756708452362997
17.333333333333,brain,2.357560252150745,0.989074761358,0.010925238642,0.28850006943419704,28.850006943419704,0.054975172126262725,5.497517212626272,0.2472686903395,24.72686903395,0.0031066154979000724,0.31066154979000726,0.003106615497900073,0.0024852923983200584,scenario,cyp_cystitis,8.70168645924824
17.416666666667,brain,2.354825688131932,0.989097763519,0.010902236481,0.28846196453376083,28.846196453376084,0.0549166982053478,5.4916698205347805,0.24727444087975,24.727444087975,0.0031031920222664056,0.31031920222664056,0.003103192022266406,0.002482553617813125,scenario,cyp_cystitis,8.646664466132831
17.5,brain,2.352214848214544,0.989120482961,0.010879517039,0.2884258127447674,28.842581274476743,0.0548609226726899,5.48609226726899,0.24728012074025,24.728012074025,0.003099930697356889,0.3099930697356889,0.0030999306973568887,0.002479944557885511,scenario,cyp_cystitis,8.591642473018075
17.583333333333,brain,2.349724349035751,0.989142906631,0.010857093369,0.28839155533367283,28.839155533367283,0.05480777156789711,5.480777156789711,0.24728572665775,24.728572665775,0.0030968271075923243,0.3096827107592324,0.003096827107592324,0.0024774616860738594,scenario,cyp_cystitis,8.536620479903318
17.666666666667,brain,2.3473508181047906,0.989165021476,0.010834978524,0.2883591336779642,28.83591336779642,0.05475717107861892,5.475717107861891,0.247291255369,24.7291255369,0.0030938768504519213,0.30938768504519215,0.0030938768504519213,0.0024751014803615374,scenario,cyp_cystitis,8.481598486787908
17.75,brain,2.3450908989857764,0.989186814444,0.010813185556,0.28832848935522803,28.832848935522804,0.054709047658970736,5.470904765897074,0.247296703611,24.729670361100002,0.0030910755433014516,0.30910755433014514,0.0030910755433014516,0.0024728604346411615,scenario,cyp_cystitis,8.426576493673153
17.833333333333,brain,2.3429412561939955,0.989208272481,0.010791727519,0.28829956422629976,28.829956422629976,0.05466332814139967,5.4663328141399665,0.24730206812025,24.730206812025,0.003088418829846907,0.3088418829846907,0.0030884188298469064,0.002470735063877525,scenario,cyp_cystitis,8.371554500558396
17.916666666667,brain,2.3408985798077575,0.989229382535,0.010770617465,0.28827230051572106,28.827230051572105,0.054619939842628036,5.461993984262803,0.24730734563375,24.730734563375,0.0030859023862161556,0.30859023862161555,0.003085902386216156,0.002468721908972925,scenario,cyp_cystitis,8.31653250744298
18.0,brain,2.33895958979785,0.989250131553,0.010749868447,0.2882466408854471,28.82466408854471,0.05457881066292947,5.457881066292947,0.24731253288825,24.731253288825002,0.003083521926671126,0.3083521926671126,0.003083521926671126,0.002466817541336901,scenario,cyp_cystitis,8.261510514328227
18.083333333333,brain,2.3371210400774514,0.989270506483,0.010729493517,0.2882225285053375,28.822252850533754,0.05453986917945002,5.453986917945002,0.24731762662075,24.731762662075,0.0030812732089540995,0.30812732089540995,0.003081273208954099,0.0024650185671632793,scenario,cyp_cystitis,8.206488521213473
18.166666666667,brain,2.3353797222766692,0.98929049427,0.01070950573,0.28819990711728477,28.819990711728476,0.05450304473304636,5.450304473304636,0.2473226235675,24.732262356750002,0.0030791520392733957,0.30791520392733956,0.0030791520392733952,0.0024633216314187164,scenario,cyp_cystitis,8.151466528098062
18.25,brain,2.333732469245811,0.989310090658,0.010689909342,0.2881787236599123,28.81787236599123,0.05446826799388309,5.446826799388309,0.2473275226645,24.73275226645,0.0030771542769336894,0.30771542769336896,0.0030771542769336894,0.0024617234215469517,scenario,cyp_cystitis,8.096444534983306
18.333333333333,brain,2.3321761582921594,0.989329392657,0.010670607343,0.28815895525628454,28.815895525628456,0.054435476122712705,5.443547612271271,0.24733234816425,24.733234816425,0.0030752758386171,0.30752758386171,0.0030752758386171,0.00246022067089368,scenario,cyp_cystitis,8.04142254186855
18.416666666667,brain,2.3307077141560937,0.989348428999,0.010651571001,0.2881405598751891,28.81405598751891,0.054404603500585465,5.4404603500585464,0.24733710724975,24.733710724975,0.0030735127023225495,0.30735127023225495,0.0030735127023225495,0.0024588101618580396,scenario,cyp_cystitis,7.986400548753138
18.5,brain,2.3293241117323107,0.989367197801,0.010632802199,0.28812348735625276,28.812348735625275,0.05437558387467037,5.437558387467037,0.24734179945025,24.734179945025,0.00307186091097082,0.307186091097082,0.00307186091097082,0.002457488728776656,scenario,cyp_cystitis,7.93137855563838
18.583333333333,brain,2.3280223785424106,0.989385697181,0.010614302819,0.2881076883724317,28.810768837243174,0.054348352102908934,5.434835210290894,0.24734642429525,24.734642429525,0.0030703165756834367,0.30703165756834366,0.003070316575683437,0.00245625326054675,scenario,cyp_cystitis,7.8763565625236245
18.666666666667,brain,2.326799596965967,0.989403925255,0.010596074745,0.28809311446848596,28.809311446848596,0.05432284420631465,5.432284420631465,0.24735098131375,24.735098131375,0.003068875878744573,0.3068875878744573,0.003068875878744573,0.0024551007029956586,scenario,cyp_cystitis,7.821334569408214
18.75,brain,2.32565290623706,0.98942188014,0.01057811986,0.28807971809722005,28.807971809722005,0.05429899741629342,5.429899741629342,0.247355470035,24.7355470035,0.003067535076255037,0.30675350762550374,0.0030675350762550376,0.0024540280610040304,scenario,cyp_cystitis,7.766312576293459
18.833333333333,brain,2.3245795042136272,0.989439559952,0.010560440048,0.28806745265040634,28.806745265040632,0.05427675021654179,5.427675021654179,0.247359889988,24.7359889988,0.0030662905004879347,0.3066290500487935,0.0030662905004879347,0.002453032400390348,scenario,cyp_cystitis,7.711290583178703
18.916666666667,brain,2.3235766489276437,0.98945696281,0.01054303719,0.2880562724877269,28.80562724877269,0.05425604238030253,5.425604238030253,0.2473642407025,24.73642407025,0.0030651385619563745,0.3065138561956374,0.0030651385619563745,0.0024521108495650997,scenario,cyp_cystitis,7.656268590063291
19.0,brain,2.3226416599239443,0.989474086829,0.010525913171,0.2880461329589137,28.804613295891368,0.054236815002218275,5.423681500221828,0.24736852170725,24.736852170724998,0.0030640757512034214,0.3064075751203421,0.003064075751203421,0.002451260600962737,scenario,cyp_cystitis,7.601246596948534
19.083333333333,brain,2.3217719193957587,0.989490930126,0.010509069874,0.2880369904262089,28.803699042620888,0.05421901052627854,5.421901052627854,0.2473727325315,24.73727325315,0.0030630986403248285,0.30630986403248284,0.0030630986403248285,0.002450478912259863,scenario,cyp_cystitis,7.546224603833781
19.166666666667,brain,2.3209648731254906,0.989507490818,0.010492509182,0.28802880228117356,28.802880228117356,0.05420257276889802,5.420257276889802,0.2473768727045,24.73768727045,0.0030622038842356377,0.30622038842356375,0.0030622038842356373,0.00244976310738851,scenario,cyp_cystitis,7.49120261071837
19.25,brain,2.320218031239043,0.989523767023,0.010476232977,0.28802152695918637,28.802152695918636,0.05418744693791515,5.418744693791515,0.24738094175575,24.738094175575,0.0030613882216914997,0.30613882216914995,0.0030613882216914997,0.0024491105773532,scenario,cyp_cystitis,7.436180617603613
19.333333333333,brain,2.3195289687821274,0.989539756857,0.010460243143,0.28801512394973694,28.801512394973695,0.05417357964731594,5.417357964731594,0.24738493921425,24.738493921425,0.003060648476075765,0.3060648476075765,0.0030606484760757656,0.0024485187808606125,scenario,cyp_cystitis,7.381158624488858
19.416666666667,brain,2.318895326127288,0.989555458437,0.010444541563,0.28800955380557025,28.800955380557024,0.05416091892842702,5.416091892842702,0.24738886460925,24.738886460925,0.003059981555963698,0.3059981555963698,0.003059981555963698,0.0024479852447709585,scenario,cyp_cystitis,7.326136631373445
19.5,brain,2.3183148092201167,0.989570869879,0.010429130121,0.28800477814762404,28.800477814762402,0.054149414237165426,5.4149414237165425,0.24739271746975,24.739271746975,0.003059384455474924,0.3059384455474924,0.0030593844554749235,0.002447507564379939,scenario,cyp_cystitis,7.27111463825869
19.583333333333,brain,2.3177851896731547,0.989585989301,0.010414010699,0.2880007596688132,28.800075966881323,0.054139016458084305,5.413901645808431,0.24739649732525,24.739649732525,0.0030588542544252475,0.3058854254425247,0.0030588542544252475,0.0024470834035401983,scenario,cyp_cystitis,7.2160926451439344
19.666666666667,brain,2.317304304716152,0.98960081482,0.01039918518,0.28799746213360566,28.799746213360567,0.05412967790480756,5.4129677904807565,0.247400203705,24.740020370499998,0.0030583881182891376,0.30583881182891376,0.0030583881182891376,0.0024467104946313102,scenario,cyp_cystitis,7.161070652028521
19.75,brain,2.3168700570110308,0.989615344551,0.010384655449,0.2879948503758598,28.79948503758598,0.054121352317479776,5.412135231747977,0.24740383613775,24.740383613775,0.0030579832979838375,0.30579832979838373,0.0030579832979838375,0.0024463866383870702,scenario,cyp_cystitis,7.106048658913767
19.833333333333,brain,2.3164804143399,0.989629576614,0.010370423386,0.287992890296811,28.799289029681102,0.05411399485774806,5.411399485774806,0.2474073941535,24.74073941535,0.00305763712948604,0.305763712948604,0.0030576371294860397,0.002446109703588832,scenario,cyp_cystitis,7.051026665799012
19.916666666667,brain,2.316133409174438,0.989643509123,0.010356490877,0.2879915488557811,28.79915488557811,0.054107562100041466,5.410756210004147,0.24741087728075,24.741087728075,0.0030573470332919944,0.30573470332919944,0.0030573470332919944,0.0024458776266335957,scenario,cyp_cystitis,6.996004672683599
20.0,brain,2.3158271381347086,0.989657140196,0.010342859804,0.2879907940650978,28.79907940650978,0.05410201202146372,5.4102012021463715,0.247414285049,24.7414285049,0.003057110513731637,0.30571105137316373,0.0030571105137316367,0.0024456884109853097,scenario,cyp_cystitis,6.940982679568844
20.083333333333,brain,2.315559761345325,0.98967046795,0.01032953205,0.287990594978882,28.7990594978882,0.05409730398850933,5.409730398850933,0.2474176169875,24.74176169875,0.0030569251581471332,0.30569251581471335,0.003056925158147133,0.0024455401265177064,scenario,cyp_cystitis,6.885960686454089
20.166666666667,brain,2.3153295016968167,0.989683490501,0.010316509499,0.28799092168165624,28.799092168165625,0.054093398741875,5.4093398741875,0.24742087262525,24.742087262525,0.003056788635946103,0.30567886359461033,0.003056788635946103,0.0024454309087568824,scenario,cyp_cystitis,6.830938693338675
20.25,brain,2.31513464401974,0.989696205968,0.010303794032,0.2879917452766114,28.799174527661144,0.05409025837948189,5.409025837948189,0.247424051492,24.7424051492,0.0030566986975394377,0.3056698697539438,0.003056698697539438,0.0024453589580315507,scenario,cyp_cystitis,6.775916700223921
20.333333333333,brain,2.314973534178906,0.989708612465,0.010291387535,0.2879930378690013,28.799303786900133,0.054087846337001796,5.408784633700179,0.24742715311625,24.742715311625,0.0030566531731734117,0.30566531731734115,0.003056653173173412,0.00244532253853873,scenario,cyp_cystitis,6.720894707109165
20.416666666667,brain,2.314844578094947,0.989720710584,0.010279289416,0.28799477327312595,28.799477327312594,0.0540861275028346,5.40861275028346,0.247430177646,24.7430177646,0.0030566499716655165,0.30566499716655166,0.0030566499716655165,0.0024453199773324134,scenario,cyp_cystitis,6.665872713993753
20.5,brain,2.314746240700126,0.989732545867,0.010267454133,0.28799693935433834,28.799693935433833,0.05408507051678444,5.408507051678444,0.24743313646675,24.743313646675,0.003056687079053128,0.3056687079053128,0.003056687079053128,0.0024453496632425025,scenario,cyp_cystitis,6.6108507208789975
20.583333333333,brain,2.3146770448351033,0.989744138388,0.010255861612,0.2879995175206777,28.79995175206777,0.05408464389823696,5.4084643898236955,0.247436034597,24.7436034597,0.0030567625571638244,0.30567625571638246,0.0030567625571638244,0.00244541004573106,scenario,cyp_cystitis,6.555828727764243
20.666666666667,brain,2.3146355700931447,0.989755491285,0.010244508715,0.2880024851871864,28.80024851871864,0.05408481648791522,5.408481648791522,0.24743887282125,24.743887282124998,0.0030568745421158386,0.30568745421158383,0.0030568745421158386,0.002445499633692671,scenario,cyp_cystitis,6.5008067346488305
20.75,brain,2.3146204516179694,0.989766607697,0.010233392303,0.2880058206849486,28.80058206849486,0.05408555834759815,5.408555834759815,0.24744165192425,24.744165192425,0.003057021242756831,0.3057021242756831,0.0030570212427568307,0.0024456169942054648,scenario,cyp_cystitis,6.445784741534076
20.833333333333,brain,2.3146303788611986,0.989777490761,0.010222509239,0.2880095032400876,28.800950324008763,0.054086840733116856,5.408684073311686,0.24744437269025,24.744437269025,0.003057200939048819,0.3057200939048819,0.003057200939048819,0.0024457607512390553,scenario,cyp_cystitis,6.390762748419319
20.916666666667,brain,2.314664094305115,0.989788143616,0.010211856384,0.2880135129541873,28.80135129541873,0.054088636066916385,5.4088636066916385,0.247447035904,24.7447035904,0.0030574119804067414,0.3057411980406741,0.0030574119804067414,0.002445929584325393,scenario,cyp_cystitis,6.335740755303907
21.0,brain,2.3147203921561577,0.989798569401,0.010201430599,0.288017830782447,28.801783078244704,0.054090917909596026,5.409091790959603,0.24744964235025,24.744964235024998,0.0030576527839978247,0.30576527839978246,0.0030576527839978247,0.00244612222719826,scenario,cyp_cystitis,6.280718762189153
21.083333333333,brain,2.314798117014346,0.989808771253,0.010191228747,0.2880224385114056,28.802243851140556,0.054093660930874074,5.4093660930874075,0.24745219281325,24.745219281325,0.003057921833008584,0.3057921833008584,0.0030579218330085843,0.002446337466406868,scenario,cyp_cystitis,6.225696769074396
21.166666666667,brain,2.3148961625235263,0.98981875231,0.01018124769,0.288027318737771,28.8027318737771,0.05409684088036132,5.409684088036132,0.2474546880775,24.74546880775,0.0030582176748858853,0.3058217674885885,0.003058217674885885,0.002446574139908708,scenario,cyp_cystitis,6.170674775958984
21.25,brain,2.3150134700070923,0.989828515712,0.010171484288,0.28803245484639994,28.803245484639994,0.05410043455786657,5.410043455786657,0.247457128928,24.7457128928,0.0030585389195581987,0.30585389195581986,0.003058538919558198,0.0024468311356465582,scenario,cyp_cystitis,6.115652782844228
21.333333333333,brain,2.315149027093587,0.989838064596,0.010161935404,0.28803783098633684,28.803783098633684,0.05410441978311578,5.410441978311578,0.247459516149,24.7459516149,0.003058884237642878,0.3058884237642878,0.003058884237642878,0.0024471073901143024,scenario,cyp_cystitis,6.0606307897294736
21.416666666667,brain,2.3153018663362785,0.9898474021,0.0101525979,0.28804343204934824,28.804343204934824,0.054108775365797654,5.410877536579766,0.247461850525,24.7461850525,0.003059252358644813,0.3059252358644813,0.003059252358644813,0.0024474018869158503,scenario,cyp_cystitis,6.0056087966140606
21.5,brain,2.315471063830608,0.989856531363,0.010143468637,0.2880492436472351,28.80492436472351,0.054113481075313496,5.411348107531349,0.24746413284075,24.746413284075,0.00305964206915162,0.305964206915162,0.0030596420691516206,0.0024477136553212966,scenario,cyp_cystitis,5.950586803499306
21.583333333333,brain,2.3156557378331266,0.989865455523,0.010134544477,0.28805525208856764,28.805525208856764,0.05411851761042354,5.411851761042354,0.24746636388075,24.746636388075,0.0030600522110301592,0.3060052211030159,0.0030600522110301592,0.0024480417688241274,scenario,cyp_cystitis,5.895564810384551
21.666666666667,brain,2.315855047385284,0.989874177718,0.010125822282,0.2880614443563541,28.80614443563541,0.054123866569138805,5.41238665691388,0.2474685444295,24.74685444295,0.003060481679628774,0.3060481679628774,0.0030604816796287737,0.002448385343703019,scenario,cyp_cystitis,5.840542817269138
21.75,brain,2.3160681909451917,0.989882701087,0.010117298913,0.28806780808582455,28.806780808582456,0.05412951041876602,5.412951041876602,0.24747067527175,24.747067527175002,0.003060929421989405,0.30609294219894045,0.003060929421989405,0.002448743537591524,scenario,cyp_cystitis,5.785520824154383
21.833333333333,brain,2.3162944050303005,0.989891028767,0.010108971233,0.28807433154121526,28.807433154121526,0.05413543246595366,5.413543246595366,0.24747275719175,24.747275719175,0.003061394435073459,0.3061394435073459,0.0030613944350734584,0.0024491155480587667,scenario,cyp_cystitis,5.730498831039627
21.916666666667,brain,2.3165329628735956,0.989899163897,0.010100836103,0.2880810035947998,28.808100359479983,0.05414161682739978,5.414161682739977,0.24747479097425,24.747479097425,0.003061875764004862,0.3061875764004862,0.003061875764004862,0.00244950061120389,scenario,cyp_cystitis,5.675476837924215
22.0,brain,2.316783173095786,0.989907109616,0.010092890384,0.2880878137044255,28.80878137044255,0.054148048400567285,5.414804840056728,0.247476777404,24.7476777404,0.0030623725003335717,0.30623725003335717,0.0030623725003335713,0.002449898000266857,scenario,cyp_cystitis,5.62045484480946
22.083333333333,brain,2.317044378395736,0.989914869061,0.010085130939,0.2880947518913394,28.809475189133938,0.05415471283478584,5.415471283478584,0.24747871726525,24.747871726525002,0.00306288378032255,0.306288378032255,0.00306288378032255,0.00245030702425804,scenario,cyp_cystitis,5.5654328516947045
22.166666666667,brain,2.3173159542611033,0.989922445371,0.010077554629,0.2881018087200852,28.810180872008516,0.05416159650311354,5.4161596503113545,0.24748061134275,24.748061134275,0.003063408783260759,0.30634087832607587,0.003063408783260759,0.0024507270266086074,scenario,cyp_cystitis,5.510410858579292
22.25,brain,2.317597307701035,0.989929841684,0.010070158316,0.2881089752767171,28.81089752767171,0.05416868647428944,5.416868647428944,0.247482460421,24.7482460421,0.003063946729804648,0.3063946729804648,0.0030639467298046483,0.0024511573838437188,scenario,cyp_cystitis,5.455388865464536
22.333333333333,brain,2.3178878760025703,0.989937061138,0.010062938862,0.28811624314856227,28.81162431485623,0.05417597048541634,5.4175970485416345,0.2474842652845,24.74842652845,0.003064496880350349,0.3064496880350349,0.0030644968803503485,0.002451597504280279,scenario,cyp_cystitis,5.400366872349782
22.416666666667,brain,2.3181871255121367,0.989944106872,0.010055893128,0.28812360440439005,28.812360440439004,0.05418343691518675,5.4183436915186745,0.247486026718,24.7486026718,0.0030650585334383697,0.30650585334383695,0.0030650585334383693,0.0024520468267506955,scenario,cyp_cystitis,5.345344879234369
22.5,brain,2.3184945504434338,0.989950982023,0.010049017977,0.28813105157384716,28.813105157384715,0.05419107475746289,5.419107475746289,0.24748774550575,24.748774550575,0.0030656310241925465,0.30656310241925466,0.0030656310241925465,0.002452504819354037,scenario,cyp_cystitis,5.290322886119614
22.583333333333,brain,2.3188096717128315,0.989957689689,0.010042310311,0.28813857761744527,28.813857761744526,0.05419887359359369,5.419887359359369,0.24748942242225,24.748942242225,0.003066213722794744,0.3066213722794744,0.0030662137227947446,0.002452970978235796,scenario,cyp_cystitis,5.235300893004857
22.666666666667,brain,2.3191320358031646,0.989964231604,0.010035768396,0.2881461755221174,28.81461755221174,0.05420682349482316,5.420682349482316,0.247491057901,24.7491057901,0.003066806032996479,0.30668060329964786,0.0030668060329964793,0.0024534448263971837,scenario,cyp_cystitis,5.180278899889447
22.75,brain,2.319461213656734,0.989970610047,0.010029389953,0.288153838838536,28.815383883853602,0.05421491510238136,5.421491510238137,0.24749265251175,24.749265251175,0.0030674073906685434,0.30674073906685434,0.0030674073906685434,0.002453925912534835,scenario,cyp_cystitis,5.125256906774692
22.833333333333,brain,2.3197967995982016,0.989976827922,0.010023172078,0.28816156168660456,28.816156168660456,0.05422313960813943,5.422313960813943,0.2474942069805,24.749420698050002,0.003068017262389585,0.3068017262389585,0.003068017262389585,0.002454413809911668,scenario,cyp_cystitis,5.070234913659935
22.916666666667,brain,2.320138410287814,0.989982888131,0.010017111869,0.288169338555653,28.816933855565303,0.05423148869720402,5.423148869720402,0.24749572203275,24.749572203275,0.0030686351440741867,0.30686351440741866,0.003068635144074187,0.00245490811525935,scenario,cyp_cystitis,5.015212920544523
23.0,brain,2.3204856837053796,0.989988793577,0.010011206423,0.2881771642885047,28.81771642885047,0.05423995452567293,5.423995452567293,0.24749719839425,24.749719839424998,0.003069260559641045,0.3069260559641045,0.003069260559641045,0.0024554084477128365,scenario,cyp_cystitis,4.960190927429768
23.083333333333,brain,2.320838278165296,0.989994547164,0.010005452836,0.2881850340651808,28.818503406518083,0.05424852969890772,5.424852969890772,0.247498636791,24.749863679100002,0.0030698930597216774,0.3069893059721677,0.0030698930597216774,0.002455914447777342,scenario,cyp_cystitis,4.905168934315013
23.166666666667,brain,2.321195871362713,0.990000151795,0.009999848205,0.28819294338653506,28.819294338653506,0.05425720725038009,5.425720725038009,0.24750003794875,24.750003794875,0.00307053222040974,0.30705322204097396,0.00307053222040974,0.002456425776327792,scenario,cyp_cystitis,4.8501469411996005
23.25,brain,2.3215581594509205,0.990005610373,0.009994389627,0.28820088805927657,28.820088805927657,0.05426598062136876,5.426598062136876,0.24750140259325,24.750140259324997,0.0030711776420511245,0.30711776420511244,0.0030711776420511245,0.0024569421136409,scenario,cyp_cystitis,4.795124948084845
23.333333333333,brain,2.321924856149954,0.990010925802,0.009989074198,0.288208864181507,28.8208864181507,0.05427484364134267,5.427484364134267,0.2475027314505,24.75027314505,0.0030718289480748387,0.30718289480748384,0.0030718289480748387,0.002457463158459871,scenario,cyp_cystitis,4.740102954970089
23.416666666667,brain,2.3222956918862177,0.990016100984,0.009983899016,0.28821686812760516,28.821686812760518,0.05428379050880692,5.428379050880692,0.247504025246,24.7504025246,0.0030724857838644046,0.3072485783864405,0.003072485783864405,0.002457988627091524,scenario,cyp_cystitis,4.685080961854677
23.5,brain,2.3226704129629416,0.990021138822,0.009978861178,0.28822489653536726,28.822489653536724,0.05429281577315635,5.429281577315635,0.2475052847055,24.75052847055,0.003073147815669561,0.3073147815669561,0.0030731478156695606,0.0024585182525356485,scenario,cyp_cystitis,4.630058968739922
23.583333333333,brain,2.3230487807612388,0.990026042221,0.009973957779,0.28823294629306984,28.823294629306982,0.054301914317093115,5.430191431709312,0.24750651055525,24.750651055525,0.003073814729557988,0.3073814729557988,0.0030738147295579885,0.002459051783646391,scenario,cyp_cystitis,4.575036975625166
23.666666666667,brain,2.3234305709713237,0.990030814082,0.009969185918,0.2882410145249934,28.82410145249934,0.054311081339324545,5.4311081339324545,0.2475077035205,24.75077035205,0.003074486230406465,0.3074486230406465,0.0030744862304064656,0.0024595889843251726,scenario,cyp_cystitis,4.520014982509754
23.75,brain,2.323815572853519,0.990035457309,0.009964542691,0.28824909858122266,28.824909858122265,0.05432031233863022,5.432031233863022,0.24750886432725,24.750886432725,0.0030751620409309966,0.30751620409309965,0.0030751620409309966,0.0024601296327447977,scenario,cyp_cystitis,4.4649929893949984
23.833333333333,brain,2.324203588528629,0.990039974806,0.009960025194,0.2882571960250209,28.825719602502094,0.05432960309802787,5.4329603098027865,0.2475099937015,24.75099937015,0.003075841900755388,0.3075841900755388,0.0030758419007553875,0.00246067352060431,scenario,cyp_cystitis,4.409970996280244
23.916666666667,brain,2.3245944322970704,0.990044369475,0.009955630525,0.2882653046209709,28.82653046209709,0.05433894966962789,5.433894966962789,0.24751109236875,24.751109236875,0.0030765255655174372,0.3076525565517437,0.003076525565517437,0.0024612204524139497,scenario,cyp_cystitis,4.3549490031648315
24.0,brain,2.324987929986252,0.990048644219,0.009951355781,0.2882734223250388,28.827342232503877,0.054348348360385046,5.434834836038505,0.24751216105475,24.751216105475,0.0030772128060121227,0.3077212806012123,0.0030772128060121222,0.002461770244809698,scenario,cyp_cystitis,4.299927010050076
