time_h,tissue,histamine_nm,R_surf,R_int,G_signal,G_signal_pct,G_signal_ligand,G_signal_ligand_pct,G_signal_constitutive,G_signal_constitutive_pct,beta_arr_signal,beta_arr_signal_pct,internalization_drive,k_int_eff_per_h,driver_type,driver_id
0,skin,872.4457241,0.352273266,0.647726734,0.344773435,34.47734347,0.344378707,34.43787067,0.017613663,1.761366328,0.367741068,36.77410679,0.367741068,0.91935267,scenario,formalin
0.083333333,skin,1091.358885,0.35230327,0.64769673,0.346280227,34.62802271,0.345963225,34.59632248,0.017615163,1.761516349,0.421153122,42.1153122,0.421153122,1.052882805,scenario,formalin
0.166666667,skin,945.4959585,0.352333274,0.647666726,0.345399706,34.53997058,0.345034781,34.50347812,0.017616664,1.761666371,0.386627488,38.66274877,0.386627488,0.966568719,scenario,formalin
0.25,skin,622.0244035,0.354741938,0.645258062,0.344243744,34.42437439,0.343691207,34.36912073,0.017737097,1.77370969,0.293127828,29.31278276,0.293127828,0.732819569,scenario,formalin
0.333333333,skin,399.6217687,0.362885599,0.637114401,0.346454549,34.64545488,0.345589757,34.55897567,0.01814428,1.814427995,0.210369125,21.03691247,0.210369125,0.525922812,scenario,formalin
0.416666667,skin,332.1252017,0.374270537,0.625729463,0.354075617,35.4075617,0.353012727,35.30127265,0.018713527,1.871352684,0.18127866,18.12786601,0.18127866,0.45319665,scenario,formalin
0.5,skin,337.3374264,0.385660172,0.614339828,0.365154223,36.51542227,0.364074962,36.40749622,0.019283009,1.928300862,0.183601238,18.36012382,0.183601238,0.459003095,scenario,formalin
0.583333333,skin,353.4623584,0.395816601,0.604183399,0.375679323,37.56793232,0.374619466,37.46194665,0.01979083,1.979083007,0.190703823,19.07038235,0.190703823,0.476759559,scenario,formalin
0.666666667,skin,360.0235704,0.40496015,0.59503985,0.384713398,38.47133979,0.383647779,38.36477794,0.020248007,2.024800748,0.193558607,19.35586065,0.193558607,0.483896516,scenario,formalin
0.75,skin,353.0704531,0.41328338,0.58671662,0.392235387,39.22353871,0.391127598,39.1127598,0.020664169,2.0664169,0.190532666,19.05326657,0.190532666,0.476331664,scenario,formalin
0.833333333,skin,333.0907444,0.421543979,0.578456021,0.398860474,39.88604739,0.397666605,39.76666052,0.021077199,2.107719894,0.181709905,18.17099047,0.181709905,0.454274762,scenario,formalin
0.916666667,skin,302.3445744,0.43000987,0.56999013,0.40466374,40.46637399,0.403329733,40.33297331,0.021500494,2.15004935,0.167750706,16.77507058,0.167750706,0.419376764,scenario,formalin
1,skin,264.152163,0.439292772,0.560707228,0.409919205,40.99192049,0.408373228,40.83732277,0.021964639,2.196463861,0.149733208,14.97332081,0.149733208,0.37433302,scenario,formalin
1.083333333,skin,222.2857309,0.449485356,0.550514644,0.414236801,41.42368013,0.412381614,41.23816142,0.022474268,2.247426778,0.129064375,12.90643747,0.129064375,0.322660937,scenario,formalin
1.166666667,skin,180.3632896,0.460717166,0.539282834,0.417028393,41.70283934,0.414728984,41.47289843,0.023035858,2.303585829,0.10733589,10.73358902,0.10733589,0.268339726,scenario,formalin
1.25,skin,141.3588846,0.473328841,0.526671159,0.417594395,41.75943954,0.414661004,41.46610035,0.023666442,2.366644205,0.086123081,8.612308126,0.086123081,0.215307703,scenario,formalin
1.333333333,skin,107.3130552,0.48732068,0.51267932,0.414593709,41.45937086,0.410765973,41.07659732,0.024366034,2.4366034,0.066765497,6.676549712,0.066765497,0.166913743,scenario,formalin
1.416666667,skin,79.26454468,0.502288184,0.497711816,0.406146349,40.61463491,0.401086252,40.10862525,0.025114409,2.511440922,0.050190796,5.019079606,0.050190796,0.12547699,scenario,formalin
1.5,skin,57.36734913,0.51808353,0.48191647,0.39085173,39.085173,0.384155319,38.41553195,0.025904176,2.590417648,0.036836106,3.683610624,0.036836106,0.092090266,scenario,formalin
1.583333333,skin,41.12256611,0.534389713,0.465610287,0.368274231,36.82742309,0.359531311,35.95313107,0.026719486,2.671948566,0.026683514,2.668351435,0.026683514,0.066708786,scenario,formalin
1.666666667,skin,29.64716699,0.550889238,0.449110762,0.340063603,34.0063603,0.328967517,32.89675169,0.027544462,2.754446192,0.019381703,1.938170294,0.019381703,0.048454257,scenario,formalin
1.75,skin,21.91660916,0.567328095,0.432671905,0.310169083,31.01690829,0.296634398,29.66343981,0.028366405,2.836640476,0.014400664,1.440066363,0.014400664,0.036001659,scenario,formalin
1.833333333,skin,16.94438316,0.583552681,0.416447319,0.283439376,28.34393756,0.267643939,26.76439385,0.029177634,2.917763403,0.011170075,1.117007542,0.011170075,0.027925189,scenario,formalin
1.916666667,skin,13.88814879,0.599370482,0.400629518,0.263322643,26.33226432,0.245635915,24.56359148,0.029968524,2.996852409,0.009173828,0.917382754,0.009173828,0.022934569,scenario,formalin
2,skin,12.09160801,0.614701176,0.385298824,0.250764214,25.07642136,0.231609637,23.16096366,0.030735059,3.073505882,0.007996611,0.799661075,0.007996611,0.019991527,scenario,formalin
2.083333333,skin,11.08105039,0.629548688,0.370451312,0.244702458,24.47024579,0.224447393,22.44473932,0.031477434,3.147743441,0.007333194,0.733319393,0.007333194,0.018332985,scenario,formalin
2.166666667,skin,10.53683374,0.643829322,0.356170678,0.243239096,24.32390963,0.2221554,22.21554003,0.032191466,3.21914661,0.006975556,0.697555565,0.006975556,0.017438889,scenario,formalin
2.25,skin,10.25613085,0.657470772,0.342529228,0.244597602,24.45976016,0.222867435,22.28674347,0.032873539,3.28735386,0.006790988,0.679098773,0.006790988,0.016977469,scenario,formalin
2.333333333,skin,10.11741192,0.670542861,0.329457139,0.247521308,24.7521308,0.225257016,22.52570157,0.033527143,3.352714303,0.006699752,0.669975185,0.006699752,0.01674938,scenario,formalin
2.416666667,skin,10.05171193,0.683079768,0.316920232,0.251207014,25.1207014,0.228476869,22.84768691,0.034153988,3.415398841,0.006656535,0.66565349,0.006656535,0.016641337,scenario,formalin
2.5,skin,10.02188253,0.695086916,0.304913084,0.255186074,25.51860739,0.232033398,23.2033398,0.034754346,3.475434579,0.006636912,0.663691212,0.006636912,0.01659228,scenario,formalin
2.583333333,skin,10.00889677,0.706577951,0.293422049,0.259211252,25.92112525,0.235665637,23.56656368,0.035328898,3.532889753,0.006628369,0.66283694,0.006628369,0.016570924,scenario,formalin
2.666666667,skin,10.00347533,0.717585901,0.282414099,0.263167472,26.3167472,0.239250713,23.92507126,0.035879295,3.587929503,0.006624803,0.662480285,0.006624803,0.016562007,scenario,formalin
2.75,skin,10.00130433,0.72813131,0.27186869,0.267001529,26.70015291,0.242731541,24.27315407,0.036406565,3.64065655,0.006623375,0.662337463,0.006623375,0.016558437,scenario,formalin
2.833333333,skin,10.00047033,0.738233904,0.261766096,0.270693095,27.06930948,0.246085684,24.60856838,0.036911695,3.69116952,0.006622826,0.662282597,0.006622826,0.016557065,scenario,formalin
2.916666667,skin,10.00016295,0.747911136,0.252088864,0.274236656,27.42366561,0.24930642,24.93064203,0.037395557,3.73955568,0.006622624,0.662262376,0.006622624,0.016556559,scenario,formalin
3,skin,10.00005424,0.75718007,0.24281993,0.277633559,27.76335592,0.252394269,25.23942692,0.037859003,3.785900348,0.006622552,0.662255224,0.006622552,0.016556381,scenario,formalin
3.083333333,skin,10.00001735,0.76605875,0.23394125,0.280888489,28.0888489,0.255353212,25.53532121,0.038302938,3.830293752,0.006622528,0.662252797,0.006622528,0.01655632,scenario,formalin
3.166666667,skin,10.00000533,0.774563847,0.225436153,0.284006831,28.40068309,0.258188041,25.81880406,0.038728192,3.872819233,0.00662252,0.662252006,0.00662252,0.0165563,scenario,formalin
3.25,skin,10.00000157,0.782704662,0.217295338,0.286991735,28.69917352,0.260901581,26.09015812,0.039135233,3.913523308,0.006622518,0.662251759,0.006622518,0.016556294,scenario,formalin
3.333333333,skin,10.00000045,0.790495821,0.209504179,0.289848475,28.98484752,0.263498615,26.34986149,0.039524791,3.952479106,0.006622517,0.662251685,0.006622517,0.016556292,scenario,formalin
3.416666667,skin,10.00000012,0.797953114,0.202046886,0.29258281,29.25828104,0.265984373,26.59843734,0.039897656,3.989765568,0.006622517,0.662251664,0.006622517,0.016556292,scenario,formalin
3.5,skin,10.00000003,0.805092327,0.194907673,0.295200521,29.52005205,0.26836411,26.83641097,0.040254616,4.025461636,0.006622517,0.662251658,0.006622517,0.016556291,scenario,formalin
3.583333333,skin,10.00000001,0.81192925,0.18807075,0.297707392,29.77073919,0.270643084,27.06430836,0.040596463,4.059646252,0.006622517,0.662251656,0.006622517,0.016556291,scenario,formalin
3.666666667,skin,10,0.818479671,0.181520329,0.300109213,30.01092127,0.272826557,27.2826557,0.040923984,4.092398355,0.006622517,0.662251656,0.006622517,0.016556291,scenario,formalin
3.75,skin,10,0.824759377,0.175240623,0.302411772,30.24117717,0.274919792,27.49197924,0.041237969,4.123796886,0.006622517,0.662251656,0.006622517,0.016556291,scenario,formalin
3.833333333,skin,10,0.830784158,0.169215842,0.304620858,30.46208578,0.276928053,27.69280526,0.041539208,4.153920789,0.006622517,0.662251656,0.006622517,0.016556291,scenario,formalin
3.916666667,skin,10,0.836566403,0.163433597,0.306741014,30.67410143,0.278855468,27.88554675,0.04182832,4.182832013,0.006622517,0.662251656,0.006622517,0.016556291,scenario,formalin
4,skin,10,0.84210251,0.15789749,0.30877092,30.87709203,0.280700837,28.07008366,0.042105125,4.210512549,0.006622517,0.662251656,0.006622517,0.016556291,scenario,formalin
4.083333333,skin,10,0.847400997,0.152599003,0.310713699,31.07136988,0.282466999,28.24669989,0.04237005,4.237004984,0.006622517,0.662251656,0.006622517,0.016556291,scenario,formalin
4.166666667,skin,10,0.852472663,0.147527337,0.31257331,31.25733099,0.284157554,28.41575545,0.042623633,4.262363317,0.006622517,0.662251656,0.006622517,0.016556291,scenario,formalin
4.25,skin,10,0.85732831,0.14267169,0.314353714,31.43537136,0.285776103,28.57761033,0.042866415,4.28664155,0.006622517,0.662251656,0.006622517,0.016556291,scenario,formalin
4.333333333,skin,10,0.861978736,0.138021264,0.31605887,31.605887,0.287326245,28.73262455,0.043098937,4.309893682,0.006622517,0.662251656,0.006622517,0.016556291,scenario,formalin
4.416666667,skin,10,0.866434743,0.133565257,0.317692739,31.76927391,0.288811581,28.8811581,0.043321737,4.332173715,0.006622517,0.662251656,0.006622517,0.016556291,scenario,formalin
4.5,skin,10,0.87070713,0.12929287,0.319259281,31.92592809,0.29023571,29.02357099,0.043535356,4.353535649,0.006622517,0.662251656,0.006622517,0.016556291,scenario,formalin
4.583333333,skin,10,0.874806697,0.125193303,0.320762456,32.07624555,0.291602232,29.16022323,0.043740335,4.374033485,0.006622517,0.662251656,0.006622517,0.016556291,scenario,formalin
4.666666667,skin,10,0.878741539,0.121258461,0.322205231,32.22052309,0.292913846,29.29138462,0.043937077,4.393707693,0.006622517,0.662251656,0.006622517,0.016556291,scenario,formalin
4.75,skin,10,0.882508519,0.117491481,0.323586457,32.35864571,0.294169506,29.41695064,0.044125426,4.412542597,0.006622517,0.662251656,0.006622517,0.016556291,scenario,formalin
4.833333333,skin,10,0.886113416,0.113886584,0.324908253,32.49082525,0.295371139,29.53711387,0.044305671,4.43056708,0.006622517,0.662251656,0.006622517,0.016556291,scenario,formalin
4.916666667,skin,10,0.889563451,0.110436549,0.326173265,32.61732652,0.29652115,29.65211502,0.044478173,4.447817253,0.006622517,0.662251656,0.006622517,0.016556291,scenario,formalin
5,skin,10,0.892865845,0.107134155,0.327384143,32.73841432,0.297621948,29.76219484,0.044643292,4.464329225,0.006622517,0.662251656,0.006622517,0.016556291,scenario,formalin
5.083333333,skin,10,0.896027821,0.103972179,0.328543534,32.85435344,0.29867594,29.86759404,0.044801391,4.480139106,0.006622517,0.662251656,0.006622517,0.016556291,scenario,formalin
5.166666667,skin,10,0.899056601,0.100943399,0.329654087,32.9654087,0.299685534,29.96855336,0.04495283,4.495283004,0.006622517,0.662251656,0.006622517,0.016556291,scenario,formalin
5.25,skin,10,0.901959406,0.098040594,0.330718449,33.07184489,0.300653135,30.06531353,0.04509797,4.50979703,0.006622517,0.662251656,0.006622517,0.016556291,scenario,formalin
5.333333333,skin,10,0.904743458,0.095256542,0.331739268,33.17392681,0.301581153,30.15811528,0.045237173,4.523717292,0.006622517,0.662251656,0.006622517,0.016556291,scenario,formalin
5.416666667,skin,10,0.907414149,0.092585851,0.332718521,33.27185212,0.302471383,30.24713829,0.045370707,4.537070743,0.006622517,0.662251656,0.006622517,0.016556291,scenario,formalin
5.5,skin,10,0.909970159,0.090029841,0.333655725,33.36557251,0.303323386,30.33233865,0.045498508,4.549850797,0.006622517,0.662251656,0.006622517,0.016556291,scenario,formalin
5.583333333,skin,10,0.912415746,0.087584254,0.33455244,33.45524402,0.304138582,30.4138582,0.045620787,4.56207873,0.006622517,0.662251656,0.006622517,0.016556291,scenario,formalin
5.666666667,skin,10,0.914755938,0.085244062,0.33541051,33.54105104,0.304918646,30.49186459,0.045737797,4.573779688,0.006622517,0.662251656,0.006622517,0.016556291,scenario,formalin
5.75,skin,10,0.916995764,0.083004236,0.33623178,33.623178,0.305665255,30.56652545,0.045849788,4.584978818,0.006622517,0.662251656,0.006622517,0.016556291,scenario,formalin
5.833333333,skin,10,0.919140253,0.080859747,0.337018093,33.70180928,0.306380084,30.63800844,0.045957013,4.595701266,0.006622517,0.662251656,0.006622517,0.016556291,scenario,formalin
5.916666667,skin,10,0.921194436,0.078805564,0.337771293,33.77712931,0.307064812,30.70648119,0.046059722,4.605972179,0.006622517,0.662251656,0.006622517,0.016556291,scenario,formalin
6,skin,10,0.923163341,0.076836659,0.338493225,33.84932249,0.307721114,30.77211136,0.046158167,4.615816704,0.006622517,0.662251656,0.006622517,0.016556291,scenario,formalin
6.083333333,skin,10,0.925051997,0.074948003,0.339185732,33.91857324,0.308350666,30.83506658,0.0462526,4.625259987,0.006622517,0.662251656,0.006622517,0.016556291,scenario,formalin
6.166666667,skin,10,0.926863973,0.073136027,0.339850123,33.98501233,0.308954658,30.89546575,0.046343199,4.634319863,0.006622517,0.662251656,0.006622517,0.016556291,scenario,formalin
6.25,skin,10,0.928598107,0.071401893,0.340485973,34.04859727,0.309532702,30.95327024,0.046429905,4.642990537,0.006622517,0.662251656,0.006622517,0.016556291,scenario,formalin
6.333333333,skin,10,0.930257352,0.069742648,0.341094362,34.10943624,0.310085784,31.0085784,0.046512868,4.65128676,0.006622517,0.662251656,0.006622517,0.016556291,scenario,formalin
6.416666667,skin,10,0.931845144,0.068154856,0.341676553,34.16765527,0.310615048,31.0615048,0.046592257,4.659225719,0.006622517,0.662251656,0.006622517,0.016556291,scenario,formalin
6.5,skin,10,0.93336492,0.06663508,0.342233804,34.22338041,0.31112164,31.11216401,0.046668246,4.666824601,0.006622517,0.662251656,0.006622517,0.016556291,scenario,formalin
6.583333333,skin,10,0.934820118,0.065179882,0.342767377,34.27673767,0.311606706,31.16067061,0.046741006,4.674100591,0.006622517,0.662251656,0.006622517,0.016556291,scenario,formalin
6.666666667,skin,10,0.936214175,0.063785825,0.343278531,34.32785309,0.312071392,31.20713917,0.046810709,4.681070876,0.006622517,0.662251656,0.006622517,0.016556291,scenario,formalin
6.75,skin,10,0.937550528,0.062449472,0.343768527,34.37685271,0.312516843,31.25168428,0.046877526,4.687752642,0.006622517,0.662251656,0.006622517,0.016556291,scenario,formalin
6.833333333,skin,10,0.938832615,0.061167385,0.344238626,34.42386255,0.312944205,31.2944205,0.046941631,4.694163075,0.006622517,0.662251656,0.006622517,0.016556291,scenario,formalin
6.916666667,skin,10,0.940062749,0.059937251,0.344689675,34.46896747,0.31335425,31.33542497,0.047003137,4.700313746,0.006622517,0.662251656,0.006622517,0.016556291,scenario,formalin
7,skin,10,0.941240043,0.058759957,0.345121349,34.51213491,0.313746681,31.3746681,0.047062002,4.706200215,0.006622517,0.662251656,0.006622517,0.016556291,scenario,formalin
7.083333333,skin,10,0.942366525,0.057633475,0.345534393,34.55343925,0.314122175,31.4122175,0.047118326,4.711832625,0.006622517,0.662251656,0.006622517,0.016556291,scenario,formalin
7.166666667,skin,10,0.943444515,0.056555485,0.345929656,34.59296557,0.314481505,31.44815052,0.047172226,4.717222577,0.006622517,0.662251656,0.006622517,0.016556291,scenario,formalin
7.25,skin,10,0.944476335,0.055523665,0.346307989,34.63079894,0.314825445,31.48254449,0.047223817,4.722381673,0.006622517,0.662251656,0.006622517,0.016556291,scenario,formalin
7.333333333,skin,10,0.945464303,0.054535697,0.346670244,34.66702445,0.315154768,31.51547677,0.047273215,4.727321515,0.006622517,0.662251656,0.006622517,0.016556291,scenario,formalin
7.416666667,skin,10,0.946410741,0.053589259,0.347017272,34.70172717,0.315470247,31.5470247,0.047320537,4.732053705,0.006622517,0.662251656,0.006622517,0.016556291,scenario,formalin
7.5,skin,10,0.947317969,0.052682031,0.347349922,34.7349922,0.315772656,31.57726564,0.047365898,4.736589845,0.006622517,0.662251656,0.006622517,0.016556291,scenario,formalin
7.583333333,skin,10,0.948188307,0.051811693,0.347669046,34.76690461,0.316062769,31.60627692,0.047409415,4.740941537,0.006622517,0.662251656,0.006622517,0.016556291,scenario,formalin
7.666666667,skin,10,0.949023263,0.050976737,0.347975196,34.79751964,0.316341088,31.63410877,0.047451163,4.745116315,0.006622517,0.662251656,0.006622517,0.016556291,scenario,formalin
7.75,skin,10,0.949822301,0.050177699,0.348268177,34.82681769,0.316607434,31.66074336,0.047491115,4.749111503,0.006622517,0.662251656,0.006622517,0.016556291,scenario,formalin
7.833333333,skin,10,0.950586836,0.049413164,0.348548506,34.85485064,0.316862279,31.68622785,0.047529342,4.752934178,0.006622517,0.662251656,0.006622517,0.016556291,scenario,formalin
7.916666667,skin,10,0.951318446,0.048681554,0.348816764,34.88167636,0.317106149,31.71061488,0.047565922,4.756592232,0.006622517,0.662251656,0.006622517,0.016556291,scenario,formalin
8,skin,10,0.952018712,0.047981288,0.349073528,34.90735277,0.317339571,31.73395706,0.047600936,4.760093559,0.006622517,0.662251656,0.006622517,0.016556291,scenario,formalin
8.083333333,skin,10,0.952689211,0.047310789,0.349319377,34.93193773,0.31756307,31.75630702,0.047634461,4.763446053,0.006622517,0.662251656,0.006622517,0.016556291,scenario,formalin
8.166666667,skin,10,0.953331522,0.046668478,0.349554891,34.95548913,0.317777174,31.77771739,0.047666576,4.766657609,0.006622517,0.662251656,0.006622517,0.016556291,scenario,formalin
8.25,skin,10,0.953947224,0.046052776,0.349780649,34.97806488,0.317982408,31.7982408,0.047697361,4.76973612,0.006622517,0.662251656,0.006622517,0.016556291,scenario,formalin
8.333333333,skin,10,0.954537896,0.045462104,0.349997229,34.99972285,0.318179299,31.81792986,0.047726895,4.77268948,0.006622517,0.662251656,0.006622517,0.016556291,scenario,formalin
8.416666667,skin,10,0.955104516,0.044895484,0.350204989,35.02049891,0.318368172,31.83681719,0.047755226,4.775522578,0.006622517,0.662251656,0.006622517,0.016556291,scenario,formalin
8.5,skin,10,0.955646738,0.044353262,0.350403804,35.04038039,0.318548913,31.85489126,0.047782337,4.778233689,0.006622517,0.662251656,0.006622517,0.016556291,scenario,formalin
8.583333333,skin,10,0.956165545,0.043834455,0.350594033,35.05940333,0.318721848,31.87218485,0.047808277,4.780827727,0.006622517,0.662251656,0.006622517,0.016556291,scenario,formalin
8.666666667,skin,10,0.956662013,0.043337987,0.350776071,35.07760715,0.318887338,31.88873377,0.047833101,4.783310066,0.006622517,0.662251656,0.006622517,0.016556291,scenario,formalin
8.75,skin,10,0.957137216,0.042862784,0.350950313,35.09503127,0.319045739,31.90457388,0.047856861,4.785686082,0.006622517,0.662251656,0.006622517,0.016556291,scenario,formalin
8.833333333,skin,10,0.95759223,0.04240777,0.351117151,35.11171511,0.31919741,31.91974101,0.047879612,4.787961151,0.006622517,0.662251656,0.006622517,0.016556291,scenario,formalin
8.916666667,skin,10,0.95802813,0.04197187,0.351276981,35.12769809,0.31934271,31.93427099,0.047901406,4.790140648,0.006622517,0.662251656,0.006622517,0.016556291,scenario,formalin
9,skin,10,0.95844599,0.04155401,0.351430196,35.14301963,0.319481997,31.94819967,0.047922299,4.79222995,0.006622517,0.662251656,0.006622517,0.016556291,scenario,formalin
9.083333333,skin,10,0.958846886,0.041153114,0.351577192,35.15771916,0.319615629,31.96156287,0.047942344,4.794234431,0.006622517,0.662251656,0.006622517,0.016556291,scenario,formalin
9.166666667,skin,10,0.959231447,0.040768553,0.351718197,35.17181973,0.319743816,31.97438157,0.047961572,4.796157236,0.006622517,0.662251656,0.006622517,0.016556291,scenario,formalin
9.25,skin,10,0.959599442,0.040400558,0.351853129,35.18531288,0.319866481,31.98664808,0.047979972,4.797997211,0.006622517,0.662251656,0.006622517,0.016556291,scenario,formalin
9.333333333,skin,10,0.95995155,0.04004845,0.351982235,35.19822349,0.31998385,31.99838499,0.047997577,4.799757748,0.006622517,0.662251656,0.006622517,0.016556291,scenario,formalin
9.416666667,skin,10,0.960288499,0.039711501,0.352105783,35.2105783,0.320096166,32.00961664,0.048014425,4.801442496,0.006622517,0.662251656,0.006622517,0.016556291,scenario,formalin
9.5,skin,10,0.960611021,0.039388979,0.352224041,35.2224041,0.320203674,32.02036736,0.048030551,4.803055104,0.006622517,0.662251656,0.006622517,0.016556291,scenario,formalin
9.583333333,skin,10,0.960919844,0.039080156,0.352337276,35.23372763,0.320306615,32.03066148,0.048045992,4.804599222,0.006622517,0.662251656,0.006622517,0.016556291,scenario,formalin
9.666666667,skin,10,0.9612157,0.0387843,0.352445757,35.24457566,0.320405233,32.04052333,0.048060785,4.806078499,0.006622517,0.662251656,0.006622517,0.016556291,scenario,formalin
9.75,skin,10,0.961499317,0.038500683,0.35254975,35.25497496,0.320499772,32.04997723,0.048074966,4.807496585,0.006622517,0.662251656,0.006622517,0.016556291,scenario,formalin
9.833333333,skin,10,0.961771426,0.038228574,0.352649523,35.26495228,0.320590475,32.05904753,0.048088571,4.808857129,0.006622517,0.662251656,0.006622517,0.016556291,scenario,formalin
9.916666667,skin,10,0.962032429,0.037967571,0.352745224,35.27452241,0.320677476,32.06774764,0.048101621,4.810162147,0.006622517,0.662251656,0.006622517,0.016556291,scenario,formalin
10,skin,10,0.962282182,0.037717818,0.3528368,35.28368002,0.320760727,32.07607274,0.048114109,4.811410912,0.006622517,0.662251656,0.006622517,0.016556291,scenario,formalin
10.08333333,skin,10,0.962521153,0.037478847,0.352924423,35.29244227,0.320840384,32.08403843,0.048126058,4.812605764,0.006622517,0.662251656,0.006622517,0.016556291,scenario,formalin
10.16666667,skin,10,0.962749836,0.037250164,0.353008273,35.30082734,0.320916612,32.09166122,0.048137492,4.813749182,0.006622517,0.662251656,0.006622517,0.016556291,scenario,formalin
10.25,skin,10,0.962968729,0.037031271,0.353088534,35.3088534,0.320989576,32.09895764,0.048148436,4.814843646,0.006622517,0.662251656,0.006622517,0.016556291,scenario,formalin
10.33333333,skin,10,0.963178327,0.036821673,0.353165386,35.31653865,0.321059442,32.10594423,0.048158916,4.815891634,0.006622517,0.662251656,0.006622517,0.016556291,scenario,formalin
10.41666667,skin,10,0.963379125,0.036620875,0.353239013,35.32390125,0.321126375,32.1126375,0.048168956,4.816895625,0.006622517,0.662251656,0.006622517,0.016556291,scenario,formalin
10.5,skin,10,0.96357162,0.03642838,0.353309594,35.33095939,0.32119054,32.11905399,0.048178581,4.817858099,0.006622517,0.662251656,0.006622517,0.016556291,scenario,formalin
10.58333333,skin,10,0.963756307,0.036243693,0.353377312,35.33773124,0.321252102,32.12521022,0.048187815,4.818781533,0.006622517,0.662251656,0.006622517,0.016556291,scenario,formalin
10.66666667,skin,10,0.963933406,0.036066594,0.353442249,35.34422487,0.321311135,32.13111352,0.04819667,4.819667028,0.006622517,0.662251656,0.006622517,0.016556291,scenario,formalin
10.75,skin,10,0.964102757,0.035897243,0.353504344,35.35043441,0.321367586,32.13675856,0.048205138,4.820513784,0.006622517,0.662251656,0.006622517,0.016556291,scenario,formalin
10.83333333,skin,10,0.964264694,0.035735306,0.353563721,35.35637211,0.321421565,32.14215646,0.048213235,4.821323469,0.006622517,0.662251656,0.006622517,0.016556291,scenario,formalin
10.91666667,skin,10,0.964419567,0.035580433,0.353620508,35.3620508,0.321473189,32.14731891,0.048220978,4.822097837,0.006622517,0.662251656,0.006622517,0.016556291,scenario,formalin
11,skin,10,0.964567728,0.035432272,0.353674834,35.36748336,0.321522576,32.1522576,0.048228386,4.822838641,0.006622517,0.662251656,0.006622517,0.016556291,scenario,formalin
11.08333333,skin,10,0.964709527,0.035290473,0.353726826,35.37268265,0.321569842,32.15698422,0.048235476,4.823547633,0.006622517,0.662251656,0.006622517,0.016556291,scenario,formalin
11.16666667,skin,10,0.964845314,0.035154686,0.353776615,35.37766151,0.321615105,32.16151046,0.048242266,4.824226569,0.006622517,0.662251656,0.006622517,0.016556291,scenario,formalin
11.25,skin,10,0.96497544,0.03502456,0.353824328,35.3824328,0.32165848,32.165848,0.048248772,4.8248772,0.006622517,0.662251656,0.006622517,0.016556291,scenario,formalin
11.33333333,skin,10,0.965100256,0.034899744,0.353870094,35.38700939,0.321700085,32.17000854,0.048255013,4.825501281,0.006622517,0.662251656,0.006622517,0.016556291,scenario,formalin
11.41666667,skin,10,0.965220113,0.034779887,0.353914041,35.39140413,0.321740038,32.17400376,0.048261006,4.826100563,0.006622517,0.662251656,0.006622517,0.016556291,scenario,formalin
11.5,skin,10,0.96533536,0.03466464,0.353956299,35.39562988,0.321778453,32.17784535,0.048266768,4.826676802,0.006622517,0.662251656,0.006622517,0.016556291,scenario,formalin
11.58333333,skin,10,0.965446306,0.034553694,0.353996979,35.3996979,0.321815435,32.18154355,0.048272315,4.827231532,0.006622517,0.662251656,0.006622517,0.016556291,scenario,formalin
11.66666667,skin,10,0.965552631,0.034447369,0.354035965,35.40359646,0.321850877,32.18508769,0.048277632,4.827763154,0.006622517,0.662251656,0.006622517,0.016556291,scenario,formalin
11.75,skin,10,0.965654341,0.034345659,0.354073258,35.40732582,0.32188478,32.18847802,0.048282717,4.828271703,0.006622517,0.662251656,0.006622517,0.016556291,scenario,formalin
11.83333333,skin,10,0.965751637,0.034248363,0.354108933,35.41089334,0.321917212,32.19172122,0.048287582,4.828758183,0.006622517,0.662251656,0.006622517,0.016556291,scenario,formalin
11.91666667,skin,10,0.965844719,0.034155281,0.354143064,35.41430638,0.32194824,32.19482398,0.048292236,4.829223597,0.006622517,0.662251656,0.006622517,0.016556291,scenario,formalin
12,skin,10,0.96593379,0.03406621,0.354175723,35.4175723,0.32197793,32.197793,0.04829669,4.82966895,0.006622517,0.662251656,0.006622517,0.016556291,scenario,formalin
12.08333333,skin,10,0.966019049,0.033980951,0.354206985,35.42069846,0.32200635,32.20063497,0.048300952,4.830095245,0.006622517,0.662251656,0.006622517,0.016556291,scenario,formalin
12.16666667,skin,10,0.966100697,0.033899303,0.354236922,35.42369223,0.322033566,32.20335657,0.048305035,4.830503486,0.006622517,0.662251656,0.006622517,0.016556291,scenario,formalin
12.25,skin,10,0.966178935,0.033821065,0.35426561,35.42656096,0.322059645,32.20596451,0.048308947,4.830894676,0.006622517,0.662251656,0.006622517,0.016556291,scenario,formalin
12.33333333,skin,10,0.966253964,0.033746036,0.35429312,35.42931201,0.322084655,32.20846546,0.048312698,4.83126982,0.006622517,0.662251656,0.006622517,0.016556291,scenario,formalin
12.41666667,skin,10,0.966325984,0.033674016,0.354319527,35.43195275,0.322108661,32.21086613,0.048316299,4.83162992,0.006622517,0.662251656,0.006622517,0.016556291,scenario,formalin
12.5,skin,10,0.966395196,0.033604804,0.354344905,35.43449053,0.322131732,32.21317321,0.04831976,4.831975982,0.006622517,0.662251656,0.006622517,0.016556291,scenario,formalin
12.58333333,skin,10,0.966461638,0.033538362,0.354369267,35.43692673,0.322153879,32.21538793,0.048323082,4.83230819,0.006622517,0.662251656,0.006622517,0.016556291,scenario,formalin
12.66666667,skin,10,0.966525167,0.033474833,0.354392561,35.43925611,0.322175056,32.21750556,0.048326258,4.832625834,0.006622517,0.662251656,0.006622517,0.016556291,scenario,formalin
12.75,skin,10,0.966585899,0.033414101,0.35441483,35.44148297,0.3221953,32.21952997,0.048329295,4.832929495,0.006622517,0.662251656,0.006622517,0.016556291,scenario,formalin
12.83333333,skin,10,0.966643958,0.033356042,0.354436118,35.44361179,0.322214653,32.22146526,0.048332198,4.833219789,0.006622517,0.662251656,0.006622517,0.016556291,scenario,formalin
12.91666667,skin,10,0.966699466,0.033300534,0.354456471,35.44564708,0.322233155,32.22331553,0.048334973,4.833497329,0.006622517,0.662251656,0.006622517,0.016556291,scenario,formalin
13,skin,10,0.966752546,0.033247454,0.354475933,35.44759334,0.322250849,32.22508485,0.048337627,4.833762728,0.006622517,0.662251656,0.006622517,0.016556291,scenario,formalin
13.08333333,skin,10,0.96680332,0.03319668,0.354494551,35.44945507,0.322267773,32.22677734,0.048340166,4.834016601,0.006622517,0.662251656,0.006622517,0.016556291,scenario,formalin
13.16666667,skin,10,0.966851912,0.033148088,0.354512368,35.45123678,0.322283971,32.22839707,0.048342596,4.83425956,0.006622517,0.662251656,0.006622517,0.016556291,scenario,formalin
13.25,skin,10,0.966898444,0.033101556,0.35452943,35.45294295,0.322299481,32.22994814,0.048344922,4.834492221,0.006622517,0.662251656,0.006622517,0.016556291,scenario,formalin
13.33333333,skin,10,0.966943039,0.033056961,0.354545781,35.45457811,0.322314346,32.23143464,0.048347152,4.834715197,0.006622517,0.662251656,0.006622517,0.016556291,scenario,formalin
13.41666667,skin,10,0.96698582,0.03301418,0.354561467,35.45614674,0.322328607,32.23286067,0.048349291,4.834929101,0.006622517,0.662251656,0.006622517,0.016556291,scenario,formalin
13.5,skin,10,0.967026894,0.032973106,0.354576528,35.45765278,0.322342298,32.2342298,0.048351345,4.835134469,0.006622517,0.662251656,0.006622517,0.016556291,scenario,formalin
13.58333333,skin,10,0.967066188,0.032933812,0.354590936,35.45909357,0.322355396,32.23553961,0.048353309,4.835330941,0.006622517,0.662251656,0.006622517,0.016556291,scenario,formalin
13.66666667,skin,10,0.967103734,0.032896266,0.354604702,35.46047025,0.322367911,32.23679114,0.048355187,4.83551867,0.006622517,0.662251656,0.006622517,0.016556291,scenario,formalin
13.75,skin,10,0.967139612,0.032860388,0.354617858,35.46178576,0.322379871,32.23798706,0.048356981,4.835698058,0.006622517,0.662251656,0.006622517,0.016556291,scenario,formalin
13.83333333,skin,10,0.967173901,0.032826099,0.35463043,35.46304304,0.3223913,32.23913004,0.048358695,4.835869506,0.006622517,0.662251656,0.006622517,0.016556291,scenario,formalin
13.91666667,skin,10,0.967206683,0.032793317,0.35464245,35.46424503,0.322402228,32.24022275,0.048360334,4.836033413,0.006622517,0.662251656,0.006622517,0.016556291,scenario,formalin
14,skin,10,0.967238036,0.032761964,0.354653947,35.46539465,0.322412679,32.24126787,0.048361902,4.83619018,0.006622517,0.662251656,0.006622517,0.016556291,scenario,formalin
14.08333333,skin,10,0.967268042,0.032731958,0.354664949,35.46649486,0.322422681,32.24226806,0.048363402,4.836340209,0.006622517,0.662251656,0.006622517,0.016556291,scenario,formalin
14.16666667,skin,10,0.96729678,0.03270322,0.354675486,35.46754859,0.32243226,32.24322599,0.048364839,4.836483899,0.006622517,0.662251656,0.006622517,0.016556291,scenario,formalin
14.25,skin,10,0.96732433,0.03267567,0.354685588,35.46855878,0.322441443,32.24414435,0.048366217,4.836621652,0.006622517,0.662251656,0.006622517,0.016556291,scenario,formalin
14.33333333,skin,10,0.967350774,0.032649226,0.354695284,35.46952836,0.322450258,32.24502578,0.048367539,4.836753868,0.006622517,0.662251656,0.006622517,0.016556291,scenario,formalin
14.41666667,skin,10,0.967376189,0.032623811,0.354704603,35.47046028,0.32245873,32.24587298,0.048368809,4.836880947,0.006622517,0.662251656,0.006622517,0.016556291,scenario,formalin
14.5,skin,10,0.96740068,0.03259932,0.354713583,35.47135827,0.322466893,32.24668934,0.048370034,4.837003401,0.006622517,0.662251656,0.006622517,0.016556291,scenario,formalin
14.58333333,skin,10,0.967424314,0.032575686,0.354722249,35.47222486,0.322474771,32.24747714,0.048371216,4.837121571,0.006622517,0.662251656,0.006622517,0.016556291,scenario,formalin
14.66666667,skin,10,0.967447092,0.032552908,0.3547306,35.47306005,0.322482364,32.24823641,0.048372355,4.837235461,0.006622517,0.662251656,0.006622517,0.016556291,scenario,formalin
14.75,skin,10,0.967469014,0.032530986,0.354738639,35.47386386,0.322489671,32.24896714,0.048373451,4.837345071,0.006622517,0.662251656,0.006622517,0.016556291,scenario,formalin
14.83333333,skin,10,0.96749008,0.03250992,0.354746363,35.47463628,0.322496693,32.24966934,0.048374504,4.837450401,0.006622517,0.662251656,0.006622517,0.016556291,scenario,formalin
14.91666667,skin,10,0.96751029,0.03248971,0.354753773,35.47537731,0.32250343,32.25034301,0.048375515,4.837551451,0.006622517,0.662251656,0.006622517,0.016556291,scenario,formalin
15,skin,10,0.967529644,0.032470356,0.35476087,35.47608695,0.322509881,32.25098814,0.048376482,4.837648221,0.006622517,0.662251656,0.006622517,0.016556291,scenario,formalin
15.08333333,skin,10,0.967548142,0.032451858,0.354767652,35.47676521,0.322516047,32.25160474,0.048377407,4.837740711,0.006622517,0.662251656,0.006622517,0.016556291,scenario,formalin
15.16666667,skin,10,0.967565784,0.032434216,0.354774121,35.47741208,0.322521928,32.2521928,0.048378289,4.83782892,0.006622517,0.662251656,0.006622517,0.016556291,scenario,formalin
15.25,skin,10,0.96758257,0.03241743,0.354780276,35.47802756,0.322527523,32.25275233,0.048379128,4.83791285,0.006622517,0.662251656,0.006622517,0.016556291,scenario,formalin
15.33333333,skin,10,0.9675985,0.0324015,0.354786117,35.47861166,0.322532833,32.25328333,0.048379925,4.837992499,0.006622517,0.662251656,0.006622517,0.016556291,scenario,formalin
15.41666667,skin,10,0.967613574,0.032386426,0.354791644,35.47916437,0.322537858,32.25378579,0.048380679,4.838067868,0.006622517,0.662251656,0.006622517,0.016556291,scenario,formalin
15.5,skin,10,0.967627791,0.032372209,0.354796857,35.47968569,0.322542597,32.25425972,0.04838139,4.838138957,0.006622517,0.662251656,0.006622517,0.016556291,scenario,formalin
15.58333333,skin,10,0.967641231,0.032358769,0.354801785,35.48017847,0.322547077,32.2547077,0.048382062,4.838206155,0.006622517,0.662251656,0.006622517,0.016556291,scenario,formalin
15.66666667,skin,10,0.967654168,0.032345832,0.354806528,35.48065283,0.322551389,32.25513894,0.048382708,4.838270841,0.006622517,0.662251656,0.006622517,0.016556291,scenario,formalin
15.75,skin,10,0.967666627,0.032333373,0.354811097,35.48110967,0.322555542,32.25555425,0.048383331,4.838333137,0.006622517,0.662251656,0.006622517,0.016556291,scenario,formalin
15.83333333,skin,10,0.967678609,0.032321391,0.35481549,35.48154899,0.322559536,32.25595362,0.04838393,4.838393044,0.006622517,0.662251656,0.006622517,0.016556291,scenario,formalin
15.91666667,skin,10,0.967690112,0.032309888,0.354819708,35.48197078,0.322563371,32.25633707,0.048384506,4.83845056,0.006622517,0.662251656,0.006622517,0.016556291,scenario,formalin
16,skin,10,0.967701137,0.032298863,0.35482375,35.48237504,0.322567046,32.25670458,0.048385057,4.838505687,0.006622517,0.662251656,0.006622517,0.016556291,scenario,formalin
16.08333333,skin,10,0.967711685,0.032288315,0.354827618,35.48276178,0.322570562,32.25705616,0.048385584,4.838558424,0.006622517,0.662251656,0.006622517,0.016556291,scenario,formalin
16.16666667,skin,10,0.967721754,0.032278246,0.35483131,35.48313099,0.322573918,32.25739181,0.048386088,4.838608772,0.006622517,0.662251656,0.006622517,0.016556291,scenario,formalin
16.25,skin,10,0.967731346,0.032268654,0.354834827,35.48348268,0.322577115,32.25771153,0.048386567,4.838656729,0.006622517,0.662251656,0.006622517,0.016556291,scenario,formalin
16.33333333,skin,10,0.967740459,0.032259541,0.354838168,35.48381685,0.322580153,32.25801532,0.048387023,4.838702297,0.006622517,0.662251656,0.006622517,0.016556291,scenario,formalin
16.41666667,skin,10,0.967749095,0.032250905,0.354841335,35.48413349,0.322583032,32.25830317,0.048387455,4.838745475,0.006622517,0.662251656,0.006622517,0.016556291,scenario,formalin
16.5,skin,10,0.967757253,0.032242747,0.354844326,35.4844326,0.322585751,32.25857509,0.048387863,4.838786264,0.006622517,0.662251656,0.006622517,0.016556291,scenario,formalin
16.58333333,skin,10,0.967764932,0.032235068,0.354847142,35.48471419,0.322588311,32.25883108,0.048388247,4.838824662,0.006622517,0.662251656,0.006622517,0.016556291,scenario,formalin
16.66666667,skin,10,0.967772155,0.032227845,0.35484979,35.48497902,0.322590718,32.25907184,0.048388608,4.838860775,0.006622517,0.662251656,0.006622517,0.016556291,scenario,formalin
16.75,skin,10,0.967779106,0.032220894,0.354852339,35.48523387,0.322593035,32.25930352,0.048388955,4.838895528,0.006622517,0.662251656,0.006622517,0.016556291,scenario,formalin
16.83333333,skin,10,0.967785828,0.032214172,0.354854804,35.48548035,0.322595276,32.25952759,0.048389291,4.838929139,0.006622517,0.662251656,0.006622517,0.016556291,scenario,formalin
16.91666667,skin,10,0.967792321,0.032207679,0.354857185,35.48571845,0.32259744,32.25974405,0.048389616,4.838961607,0.006622517,0.662251656,0.006622517,0.016556291,scenario,formalin
17,skin,10,0.967798587,0.032201413,0.354859482,35.48594817,0.322599529,32.25995289,0.048389929,4.838992933,0.006622517,0.662251656,0.006622517,0.016556291,scenario,formalin
17.08333333,skin,10,0.967804623,0.032195377,0.354861695,35.48616952,0.322601541,32.26015411,0.048390231,4.839023116,0.006622517,0.662251656,0.006622517,0.016556291,scenario,formalin
17.16666667,skin,10,0.967810431,0.032189569,0.354863825,35.48638248,0.322603477,32.26034771,0.048390522,4.839052157,0.006622517,0.662251656,0.006622517,0.016556291,scenario,formalin
17.25,skin,10,0.967816011,0.032183989,0.354865871,35.48658707,0.322605337,32.2605337,0.048390801,4.839080055,0.006622517,0.662251656,0.006622517,0.016556291,scenario,formalin
17.33333333,skin,10,0.967821362,0.032178638,0.354867833,35.48678328,0.322607121,32.26071208,0.048391068,4.839106811,0.006622517,0.662251656,0.006622517,0.016556291,scenario,formalin
17.41666667,skin,10,0.967826485,0.032173515,0.354869711,35.48697112,0.322608828,32.26088283,0.048391324,4.839132425,0.006622517,0.662251656,0.006622517,0.016556291,scenario,formalin
17.5,skin,10,0.967831379,0.032168621,0.354871506,35.48715057,0.32261046,32.26104597,0.048391569,4.839156896,0.006622517,0.662251656,0.006622517,0.016556291,scenario,formalin
17.58333333,skin,10,0.967836045,0.032163955,0.354873216,35.48732165,0.322612015,32.2612015,0.048391802,4.839180225,0.006622517,0.662251656,0.006622517,0.016556291,scenario,formalin
17.66666667,skin,10,0.967840482,0.032159518,0.354874843,35.48748435,0.322613494,32.26134941,0.048392024,4.839202411,0.006622517,0.662251656,0.006622517,0.016556291,scenario,formalin
17.75,skin,10,0.967844693,0.032155307,0.354876387,35.48763873,0.322614898,32.26148975,0.048392235,4.839223463,0.006622517,0.662251656,0.006622517,0.016556291,scenario,formalin
17.83333333,skin,10,0.967848742,0.032151258,0.354877872,35.48778722,0.322616247,32.26162475,0.048392437,4.839243712,0.006622517,0.662251656,0.006622517,0.016556291,scenario,formalin
17.91666667,skin,10,0.967852667,0.032147333,0.354879311,35.48793111,0.322617556,32.26175555,0.048392633,4.839263333,0.006622517,0.662251656,0.006622517,0.016556291,scenario,formalin
18,skin,10,0.967856465,0.032143535,0.354880704,35.48807038,0.322618822,32.26188217,0.048392823,4.839282325,0.006622517,0.662251656,0.006622517,0.016556291,scenario,formalin
18.08333333,skin,10,0.967860138,0.032139862,0.35488205,35.48820505,0.322620046,32.26200459,0.048393007,4.839300688,0.006622517,0.662251656,0.006622517,0.016556291,scenario,formalin
18.16666667,skin,10,0.967863685,0.032136315,0.354883351,35.4883351,0.322621228,32.26212282,0.048393184,4.839318423,0.006622517,0.662251656,0.006622517,0.016556291,scenario,formalin
18.25,skin,10,0.967867106,0.032132894,0.354884605,35.48846054,0.322622369,32.26223686,0.048393355,4.839335529,0.006622517,0.662251656,0.006622517,0.016556291,scenario,formalin
18.33333333,skin,10,0.967870401,0.032129599,0.354885814,35.48858137,0.322623467,32.2623467,0.04839352,4.839352006,0.006622517,0.662251656,0.006622517,0.016556291,scenario,formalin
18.41666667,skin,10,0.967873571,0.032126429,0.354886976,35.4886976,0.322624524,32.26245236,0.048393679,4.839367854,0.006622517,0.662251656,0.006622517,0.016556291,scenario,formalin
18.5,skin,10,0.967876615,0.032123385,0.354888092,35.48880921,0.322625538,32.26255382,0.048393831,4.839383074,0.006622517,0.662251656,0.006622517,0.016556291,scenario,formalin
18.58333333,skin,10,0.967879533,0.032120467,0.354889162,35.48891621,0.322626511,32.2626511,0.048393977,4.839397665,0.006622517,0.662251656,0.006622517,0.016556291,scenario,formalin
18.66666667,skin,10,0.967882325,0.032117675,0.354890186,35.4890186,0.322627442,32.26274418,0.048394116,4.839411627,0.006622517,0.662251656,0.006622517,0.016556291,scenario,formalin
18.75,skin,10,0.967884992,0.032115008,0.354891164,35.48911638,0.322628331,32.26283307,0.04839425,4.839424961,0.006622517,0.662251656,0.006622517,0.016556291,scenario,formalin
18.83333333,skin,10,0.967887533,0.032112467,0.354892095,35.48920955,0.322629178,32.26291777,0.048394377,4.839437665,0.006622517,0.662251656,0.006622517,0.016556291,scenario,formalin
18.91666667,skin,10,0.967889965,0.032110035,0.354892987,35.4892987,0.322629988,32.26299882,0.048394498,4.839449823,0.006622517,0.662251656,0.006622517,0.016556291,scenario,formalin
19,skin,10,0.967892318,0.032107682,0.35489385,35.489385,0.322630773,32.26307727,0.048394616,4.839461591,0.006622517,0.662251656,0.006622517,0.016556291,scenario,formalin
19.08333333,skin,10,0.967894594,0.032105406,0.354894685,35.48946846,0.322631531,32.26315315,0.04839473,4.839472972,0.006622517,0.662251656,0.006622517,0.016556291,scenario,formalin
19.16666667,skin,10,0.967896794,0.032103206,0.354895491,35.4895491,0.322632265,32.26322645,0.04839484,4.839483968,0.006622517,0.662251656,0.006622517,0.016556291,scenario,formalin
19.25,skin,10,0.967898915,0.032101085,0.354896269,35.4896269,0.322632972,32.26329718,0.048394946,4.839494577,0.006622517,0.662251656,0.006622517,0.016556291,scenario,formalin
19.33333333,skin,10,0.96790096,0.03209904,0.354897019,35.48970187,0.322633653,32.26336534,0.048395048,4.839504801,0.006622517,0.662251656,0.006622517,0.016556291,scenario,formalin
19.41666667,skin,10,0.967902928,0.032097072,0.35489774,35.48977401,0.322634309,32.26343092,0.048395146,4.839514638,0.006622517,0.662251656,0.006622517,0.016556291,scenario,formalin
19.5,skin,10,0.967904818,0.032095182,0.354898433,35.48984332,0.322634939,32.26349393,0.048395241,4.83952409,0.006622517,0.662251656,0.006622517,0.016556291,scenario,formalin
19.58333333,skin,10,0.967906631,0.032093369,0.354899098,35.4899098,0.322635544,32.26355437,0.048395332,4.839533155,0.006622517,0.662251656,0.006622517,0.016556291,scenario,formalin
19.66666667,skin,10,0.967908367,0.032091633,0.354899735,35.48997345,0.322636122,32.26361223,0.048395418,4.839541834,0.006622517,0.662251656,0.006622517,0.016556291,scenario,formalin
19.75,skin,10,0.967910025,0.032089975,0.354900343,35.49003427,0.322636675,32.26366752,0.048395501,4.839550127,0.006622517,0.662251656,0.006622517,0.016556291,scenario,formalin
19.83333333,skin,10,0.967911607,0.032088393,0.354900923,35.49009225,0.322637202,32.26372023,0.04839558,4.839558035,0.006622517,0.662251656,0.006622517,0.016556291,scenario,formalin
19.91666667,skin,10,0.967913111,0.032086889,0.354901474,35.49014741,0.322637704,32.26377037,0.048395656,4.839565556,0.006622517,0.662251656,0.006622517,0.016556291,scenario,formalin
20,skin,10,0.967914541,0.032085459,0.354901999,35.49019985,0.32263818,32.26381805,0.048395727,4.839572707,0.006622517,0.662251656,0.006622517,0.016556291,scenario,formalin
20.08333333,skin,10,0.967915921,0.032084079,0.354902504,35.49025045,0.32263864,32.26386404,0.048395796,4.839579606,0.006622517,0.662251656,0.006622517,0.016556291,scenario,formalin
20.16666667,skin,10,0.967917255,0.032082745,0.354902993,35.49029935,0.322639085,32.2639085,0.048395863,4.839586275,0.006622517,0.662251656,0.006622517,0.016556291,scenario,formalin
20.25,skin,10,0.967918543,0.032081457,0.354903466,35.49034656,0.322639514,32.26395142,0.048395927,4.839592713,0.006622517,0.662251656,0.006622517,0.016556291,scenario,formalin
20.33333333,skin,10,0.967919784,0.032080216,0.354903921,35.49039209,0.322639928,32.26399281,0.048395989,4.839598921,0.006622517,0.662251656,0.006622517,0.016556291,scenario,formalin
20.41666667,skin,10,0.96792098,0.03207902,0.354904359,35.49043593,0.322640327,32.26403266,0.048396049,4.839604899,0.006622517,0.662251656,0.006622517,0.016556291,scenario,formalin
20.5,skin,10,0.967922129,0.032077871,0.354904781,35.49047808,0.32264071,32.26407098,0.048396106,4.839610647,0.006622517,0.662251656,0.006622517,0.016556291,scenario,formalin
20.58333333,skin,10,0.967923233,0.032076767,0.354905185,35.49051854,0.322641078,32.26410776,0.048396162,4.839616165,0.006622517,0.662251656,0.006622517,0.016556291,scenario,formalin
20.66666667,skin,10,0.96792429,0.03207571,0.354905573,35.49055731,0.32264143,32.26414301,0.048396215,4.839621452,0.006622517,0.662251656,0.006622517,0.016556291,scenario,formalin
20.75,skin,10,0.967925302,0.032074698,0.354905944,35.4905944,0.322641767,32.26417673,0.048396265,4.839626509,0.006622517,0.662251656,0.006622517,0.016556291,scenario,formalin
20.83333333,skin,10,0.967926267,0.032073733,0.354906298,35.49062979,0.322642089,32.2642089,0.048396313,4.839631336,0.006622517,0.662251656,0.006622517,0.016556291,scenario,formalin
20.91666667,skin,10,0.967927186,0.032072814,0.354906635,35.4906635,0.322642395,32.26423955,0.048396359,4.839635932,0.006622517,0.662251656,0.006622517,0.016556291,scenario,formalin
21,skin,10,0.96792806,0.03207194,0.354906955,35.49069552,0.322642687,32.26426866,0.048396403,4.839640298,0.006622517,0.662251656,0.006622517,0.016556291,scenario,formalin
21.08333333,skin,10,0.967928887,0.032071113,0.354907259,35.49072586,0.322642962,32.26429623,0.048396444,4.839644435,0.006622517,0.662251656,0.006622517,0.016556291,scenario,formalin
21.16666667,skin,10,0.96792968,0.03207032,0.354907549,35.49075494,0.322643227,32.26432267,0.048396484,4.839648401,0.006622517,0.662251656,0.006622517,0.016556291,scenario,formalin
21.25,skin,10,0.967930447,0.032069553,0.354907831,35.49078307,0.322643482,32.26434825,0.048396522,4.839652237,0.006622517,0.662251656,0.006622517,0.016556291,scenario,formalin
21.33333333,skin,10,0.967931189,0.032068811,0.354908102,35.49081025,0.32264373,32.26437295,0.048396559,4.839655943,0.006622517,0.662251656,0.006622517,0.016556291,scenario,formalin
21.41666667,skin,10,0.967931904,0.032068096,0.354908365,35.49083647,0.322643968,32.26439679,0.048396595,4.839659519,0.006622517,0.662251656,0.006622517,0.016556291,scenario,formalin
21.5,skin,10,0.967932593,0.032067407,0.354908617,35.49086174,0.322644198,32.26441976,0.04839663,4.839662964,0.006622517,0.662251656,0.006622517,0.016556291,scenario,formalin
21.58333333,skin,10,0.967933256,0.032066744,0.35490886,35.49088605,0.322644419,32.26444186,0.048396663,4.839666279,0.006622517,0.662251656,0.006622517,0.016556291,scenario,formalin
21.66666667,skin,10,0.967933893,0.032066107,0.354909094,35.4909094,0.322644631,32.26446309,0.048396695,4.839669464,0.006622517,0.662251656,0.006622517,0.016556291,scenario,formalin
21.75,skin,10,0.967934504,0.032065496,0.354909318,35.49093181,0.322644835,32.26448346,0.048396725,4.839672519,0.006622517,0.662251656,0.006622517,0.016556291,scenario,formalin
21.83333333,skin,10,0.967935089,0.032064911,0.354909533,35.49095325,0.32264503,32.26450296,0.048396754,4.839675444,0.006622517,0.662251656,0.006622517,0.016556291,scenario,formalin
21.91666667,skin,10,0.967935648,0.032064352,0.354909737,35.49097374,0.322645216,32.26452159,0.048396782,4.839678238,0.006622517,0.662251656,0.006622517,0.016556291,scenario,formalin
22,skin,10,0.96793618,0.03206382,0.354909933,35.49099328,0.322645393,32.26453935,0.048396809,4.839680902,0.006622517,0.662251656,0.006622517,0.016556291,scenario,formalin
22.08333333,skin,10,0.967936687,0.032063313,0.354910119,35.49101186,0.322645562,32.26455624,0.048396834,4.839683436,0.006622517,0.662251656,0.006622517,0.016556291,scenario,formalin
22.16666667,skin,10,0.967937168,0.032062832,0.354910295,35.49102949,0.322645723,32.26457226,0.048396858,4.83968584,0.006622517,0.662251656,0.006622517,0.016556291,scenario,formalin
22.25,skin,10,0.967937626,0.032062374,0.354910463,35.49104628,0.322645875,32.26458753,0.048396881,4.839688129,0.006622517,0.662251656,0.006622517,0.016556291,scenario,formalin
22.33333333,skin,10,0.967938069,0.032061931,0.354910625,35.49106252,0.322646023,32.26460229,0.048396903,4.839690343,0.006622517,0.662251656,0.006622517,0.016556291,scenario,formalin
22.41666667,skin,10,0.967938497,0.032061503,0.354910782,35.49107822,0.322646166,32.26461656,0.048396925,4.839692484,0.006622517,0.662251656,0.006622517,0.016556291,scenario,formalin
22.5,skin,10,0.96793891,0.03206109,0.354910934,35.49109338,0.322646303,32.26463035,0.048396946,4.839694552,0.006622517,0.662251656,0.006622517,0.016556291,scenario,formalin
22.58333333,skin,10,0.967939309,0.032060691,0.35491108,35.49110801,0.322646436,32.26464365,0.048396965,4.839696547,0.006622517,0.662251656,0.006622517,0.016556291,scenario,formalin
22.66666667,skin,10,0.967939694,0.032060306,0.354911221,35.4911221,0.322646565,32.26465646,0.048396985,4.839698469,0.006622517,0.662251656,0.006622517,0.016556291,scenario,formalin
22.75,skin,10,0.967940063,0.032059937,0.354911357,35.49113566,0.322646688,32.26466878,0.048397003,4.839700317,0.006622517,0.662251656,0.006622517,0.016556291,scenario,formalin
22.83333333,skin,10,0.967940418,0.032059582,0.354911487,35.49114867,0.322646806,32.26468061,0.048397021,4.839702092,0.006622517,0.662251656,0.006622517,0.016556291,scenario,formalin
22.91666667,skin,10,0.967940759,0.032059241,0.354911612,35.49116115,0.32264692,32.26469196,0.048397038,4.839703794,0.006622517,0.662251656,0.006622517,0.016556291,scenario,formalin
23,skin,10,0.967941085,0.032058915,0.354911731,35.4911731,0.322647028,32.26470282,0.048397054,4.839705423,0.006622517,0.662251656,0.006622517,0.016556291,scenario,formalin
23.08333333,skin,10,0.967941396,0.032058604,0.354911845,35.49118451,0.322647132,32.26471319,0.04839707,4.839706978,0.006622517,0.662251656,0.006622517,0.016556291,scenario,formalin
23.16666667,skin,10,0.967941692,0.032058308,0.354911954,35.49119538,0.322647231,32.26472307,0.048397085,4.83970846,0.006622517,0.662251656,0.006622517,0.016556291,scenario,formalin
23.25,skin,10,0.967941974,0.032058026,0.354912057,35.49120571,0.322647325,32.26473246,0.048397099,4.839709869,0.006622517,0.662251656,0.006622517,0.016556291,scenario,formalin
23.33333333,skin,10,0.967942242,0.032057758,0.354912155,35.49121552,0.322647414,32.26474138,0.048397112,4.839711208,0.006622517,0.662251656,0.006622517,0.016556291,scenario,formalin
23.41666667,skin,10,0.9679425,0.0320575,0.35491225,35.49122499,0.3226475,32.26474999,0.048397125,4.839712499,0.006622517,0.662251656,0.006622517,0.016556291,scenario,formalin
23.5,skin,10,0.96794275,0.03205725,0.354912342,35.49123417,0.322647583,32.26475833,0.048397138,4.83971375,0.006622517,0.662251656,0.006622517,0.016556291,scenario,formalin
23.58333333,skin,10,0.967942992,0.032057008,0.35491243,35.49124304,0.322647664,32.2647664,0.04839715,4.839714961,0.006622517,0.662251656,0.006622517,0.016556291,scenario,formalin
23.66666667,skin,10,0.967943226,0.032056774,0.354912516,35.49125162,0.322647742,32.2647742,0.048397161,4.83971613,0.006622517,0.662251656,0.006622517,0.016556291,scenario,formalin
23.75,skin,10,0.967943452,0.032056548,0.354912599,35.4912599,0.322647817,32.26478173,0.048397173,4.83971726,0.006622517,0.662251656,0.006622517,0.016556291,scenario,formalin
23.83333333,skin,10,0.96794367,0.03205633,0.354912679,35.49126789,0.32264789,32.26478899,0.048397183,4.839718348,0.006622517,0.662251656,0.006622517,0.016556291,scenario,formalin
23.91666667,skin,10,0.967943879,0.032056121,0.354912756,35.49127557,0.32264796,32.26479598,0.048397194,4.839719396,0.006622517,0.662251656,0.006622517,0.016556291,scenario,formalin
24,skin,10,0.967944081,0.032055919,0.35491283,35.49128296,0.322648027,32.26480269,0.048397204,4.839720404,0.006622517,0.662251656,0.006622517,0.016556291,scenario,formalin
0,spinal,2.22654242,0.997412928,0.002587072,0.324290063,32.42900626,0.099915774,9.991577421,0.249353232,24.93532319,0.001482162,0.148216155,0.001482162,0.002075026,scenario,formalin
0.083333333,spinal,2.232318618,0.997412156,0.002587844,0.324464696,32.44646961,0.100148876,10.01488762,0.249353039,24.93530389,0.001486001,0.148600093,0.001486001,0.002080401,scenario,formalin
0.166666667,spinal,2.237153975,0.997411384,0.002588616,0.324610774,32.46107739,0.100343904,10.03439039,0.249352846,24.9352846,0.001489215,0.148921491,0.001489215,0.002084901,scenario,formalin
0.25,spinal,2.240984281,0.997410361,0.002589639,0.32472631,32.47263096,0.100498292,10.04982924,0.24935259,24.93525903,0.001491761,0.149176085,0.001491761,0.002088465,scenario,formalin
0.333333333,spinal,2.243758031,0.997409243,0.002590757,0.324809828,32.48098276,0.100610023,10.06100226,0.249352311,24.93523106,0.001493604,0.14936045,0.001493604,0.002091046,scenario,formalin
0.416666667,spinal,2.245437582,0.997408136,0.002591864,0.324860249,32.4860249,0.10067762,10.067762,0.249352034,24.93520339,0.001494721,0.149472085,0.001494721,0.002092609,scenario,formalin
0.5,spinal,2.246,0.99740713,0.00259287,0.324876924,32.48769244,0.100700189,10.07001894,0.249351782,24.93517824,0.001495095,0.149509468,0.001495095,0.002093133,scenario,formalin
0.583333333,spinal,2.245437582,0.997406242,0.002593758,0.324859632,32.48596322,0.100677429,10.06774289,0.249351561,24.93515605,0.001494721,0.149472085,0.001494721,0.002092609,scenario,formalin
0.666666667,spinal,2.243758031,0.997405474,0.002594526,0.3248086,32.48086002,0.100609642,10.06096424,0.249351368,24.93513684,0.001493604,0.14936045,0.001493604,0.002091046,scenario,formalin
0.75,spinal,2.240984281,0.997404824,0.002595176,0.324724507,32.47245068,0.100497734,10.04977344,0.249351206,24.9351206,0.001491761,0.149176085,0.001491761,0.002088465,scenario,formalin
0.833333333,spinal,2.237153975,0.997404409,0.002595591,0.324608504,32.46085039,0.100343202,10.03432022,0.249351102,24.93511023,0.001489215,0.148921491,0.001489215,0.002084901,scenario,formalin
0.916666667,spinal,2.232318618,0.997404402,0.002595598,0.324462174,32.44621738,0.100148098,10.01480977,0.249351101,24.93511005,0.001486001,0.148600093,0.001486001,0.002080401,scenario,formalin
1,spinal,2.22654242,0.997404805,0.002595195,0.324287422,32.42874217,0.099914961,9.991496054,0.249351201,24.93512013,0.001482162,0.148216155,0.001482162,0.002075026,scenario,formalin
1.083333333,spinal,2.219900881,0.997405618,0.002594382,0.324086491,32.40864906,0.099646782,9.964678157,0.249351404,24.93514044,0.001477747,0.147774695,0.001477747,0.002068846,scenario,formalin
1.166666667,spinal,2.212479147,0.997406847,0.002593153,0.323861917,32.38619172,0.099346941,9.934694074,0.249351712,24.93517117,0.001472814,0.147281372,0.001472814,0.002061939,scenario,formalin
1.25,spinal,2.204370201,0.997408574,0.002591426,0.323616502,32.36165017,0.099019144,9.901914436,0.249352143,24.93521434,0.001467424,0.146742364,0.001467424,0.002054393,scenario,formalin
1.333333333,spinal,2.195672928,0.997410823,0.002589177,0.323353209,32.33532087,0.098667337,9.86673371,0.249352706,24.93527058,0.001461642,0.146164243,0.001461642,0.002046299,scenario,formalin
1.416666667,spinal,2.18649012,0.997413596,0.002586404,0.32307512,32.30751197,0.098295628,9.829562768,0.249353399,24.93533989,0.001455538,0.14555384,0.001455538,0.002037754,scenario,formalin
1.5,spinal,2.176926475,0.997416891,0.002583109,0.322785382,32.27853823,0.097908213,9.790821278,0.249354223,24.93542227,0.001449181,0.144918114,0.001449181,0.002028854,scenario,formalin
1.583333333,spinal,2.167086643,0.997420673,0.002579327,0.32248714,32.24871403,0.097509296,9.750929618,0.249355168,24.93551681,0.00144264,0.144264021,0.00144264,0.002019696,scenario,formalin
1.666666667,spinal,2.157073368,0.997424862,0.002575138,0.322183476,32.21834761,0.097103014,9.710301406,0.249356216,24.93562156,0.001435984,0.14359839,0.001435984,0.002010377,scenario,formalin
1.75,spinal,2.146985769,0.997429457,0.002570543,0.321877397,32.18773973,0.096693377,9.669337729,0.249357364,24.93573643,0.001429278,0.142927809,0.001429278,0.002000989,scenario,formalin
1.833333333,spinal,2.136917808,0.997434458,0.002565542,0.321571766,32.15717655,0.096284201,9.62842015,0.249358614,24.93586144,0.001422585,0.142258524,0.001422585,0.001991619,scenario,formalin
1.916666667,spinal,2.126956955,0.997439863,0.002560137,0.321269255,32.12692548,0.095879052,9.587905191,0.249359966,24.93599658,0.001415964,0.141596351,0.001415964,0.001982349,scenario,formalin
2,spinal,2.117183097,0.997445674,0.002554326,0.320972317,32.09723165,0.095481197,9.548119724,0.249361419,24.93614186,0.001409466,0.1409466,0.001409466,0.001973252,scenario,formalin
2.083333333,spinal,2.10766768,0.997451891,0.002548109,0.320683153,32.06831525,0.095093573,9.50935731,0.249362973,24.93629727,0.00140314,0.140314022,0.00140314,0.001964396,scenario,formalin
2.166666667,spinal,2.09847311,0.997458512,0.002541488,0.320403695,32.04036946,0.094718755,9.471875528,0.249364628,24.93646281,0.001397028,0.139702766,0.001397028,0.001955839,scenario,formalin
2.25,spinal,2.089652389,0.997465533,0.002534467,0.32013559,32.01355901,0.094358942,9.435894228,0.249366383,24.93663834,0.001391164,0.139116356,0.001391164,0.001947629,scenario,formalin
2.333333333,spinal,2.081248993,0.997472723,0.002527277,0.319880126,31.98801264,0.094015927,9.401592737,0.249368181,24.93681809,0.001385577,0.138557684,0.001385577,0.001939808,scenario,formalin
2.416666667,spinal,2.073296971,0.997479964,0.002520036,0.31963834,31.96383402,0.093691132,9.369113231,0.249369991,24.93699909,0.00138029,0.138029015,0.00138029,0.001932406,scenario,formalin
2.5,spinal,2.065821227,0.997487254,0.002512746,0.319411027,31.94110268,0.093385618,9.338561762,0.249371814,24.93718136,0.00137532,0.137532004,0.00137532,0.001925448,scenario,formalin
2.583333333,spinal,2.058837991,0.997494595,0.002505405,0.319198715,31.91987151,0.093100088,9.310008846,0.249373649,24.93736488,0.001370677,0.137067733,0.001370677,0.001918948,scenario,formalin
2.666666667,spinal,2.052355416,0.997501986,0.002498014,0.319001685,31.90016849,0.092834918,9.283491785,0.249375497,24.93754965,0.001366367,0.136636743,0.001366367,0.001912914,scenario,formalin
2.75,spinal,2.046374293,0.997509428,0.002490572,0.318819988,31.8819988,0.092590175,9.25901748,0.249377357,24.93773569,0.001362391,0.136239089,0.001362391,0.001907347,scenario,formalin
2.833333333,spinal,2.04088885,0.997516919,0.002483081,0.318653472,31.86534719,0.092365656,9.236565605,0.24937923,24.93792298,0.001358744,0.135874387,0.001358744,0.001902241,scenario,formalin
2.916666667,spinal,2.0358876,0.997524461,0.002475539,0.318501806,31.85018056,0.09216092,9.216092032,0.249381115,24.93811153,0.001355419,0.135541875,0.001355419,0.001897586,scenario,formalin
3,spinal,2.031354208,0.997532007,0.002467993,0.318364491,31.83644913,0.091975319,9.197531941,0.249383002,24.93830018,0.001352405,0.135240466,0.001352405,0.001893367,scenario,formalin
3.083333333,spinal,2.02726837,0.99753935,0.00246065,0.318240855,31.82408553,0.091808024,9.180802353,0.249384838,24.93848376,0.001349688,0.134968813,0.001349688,0.001889563,scenario,formalin
3.166666667,spinal,2.023606654,0.997546467,0.002453533,0.318130183,31.81301825,0.091658088,9.165808762,0.249386617,24.93866168,0.001347254,0.134725356,0.001347254,0.001886155,scenario,formalin
3.25,spinal,2.020343309,0.997553357,0.002446643,0.318031692,31.80316918,0.09152447,9.152447,0.249388339,24.93883393,0.001345084,0.134508385,0.001345084,0.001883117,scenario,formalin
3.333333333,spinal,2.017451014,0.997560021,0.002439979,0.317944551,31.79445511,0.091406061,9.140606122,0.249390005,24.93900052,0.001343161,0.134316084,0.001343161,0.001880425,scenario,formalin
3.416666667,spinal,2.014901557,0.997566457,0.002433543,0.317867899,31.78678986,0.091301712,9.130171231,0.249391614,24.93916143,0.001341466,0.134146576,0.001341466,0.001878052,scenario,formalin
3.5,spinal,2.01266644,0.997572667,0.002427333,0.317800862,31.78008619,0.09121026,9.121025999,0.249393167,24.93931669,0.00133998,0.133997967,0.00133998,0.001875972,scenario,formalin
3.583333333,spinal,2.010717398,0.997578651,0.002421349,0.317742574,31.77425741,0.091130549,9.11305485,0.249394663,24.93946627,0.001338684,0.133868379,0.001338684,0.001874157,scenario,formalin
3.666666667,spinal,2.009026847,0.997584408,0.002415592,0.317692188,31.7692188,0.091061448,9.106144816,0.249396102,24.93961019,0.00133756,0.133755977,0.00133756,0.001872584,scenario,formalin
3.75,spinal,2.007568237,0.99758992,0.00241008,0.317648882,31.76488816,0.091001869,9.10018688,0.24939748,24.939748,0.00133659,0.133658996,0.00133659,0.001871226,scenario,formalin
3.833333333,spinal,2.006316337,0.997595169,0.002404831,0.317611872,31.76118722,0.090950773,9.095077319,0.249398792,24.93987923,0.001335758,0.133575759,0.001335758,0.001870061,scenario,formalin
3.916666667,spinal,2.005247443,0.997600155,0.002399845,0.31758043,31.75804296,0.090907188,9.090718775,0.249400039,24.94000388,0.001335047,0.13350469,0.001335047,0.001869066,scenario,formalin
4,spinal,2.004339524,0.997604878,0.002395122,0.317553875,31.75538747,0.090870207,9.087020695,0.249401219,24.94012194,0.001334443,0.133444323,0.001334443,0.001868221,scenario,formalin
4.083333333,spinal,2.003572304,0.997609337,0.002390663,0.317531582,31.7531582,0.090838997,9.083899698,0.249402334,24.94023343,0.001333933,0.133393312,0.001333933,0.001867506,scenario,formalin
4.166666667,spinal,2.002927296,0.997613533,0.002386467,0.317512981,31.75129812,0.090812797,9.081279728,0.249403383,24.94033832,0.001333504,0.133350426,0.001333504,0.001866906,scenario,formalin
4.25,spinal,2.002387793,0.997617466,0.002382534,0.317497557,31.74975566,0.09079092,9.079092026,0.249404366,24.94043664,0.001333146,0.133314555,0.001333146,0.001866404,scenario,formalin
4.333333333,spinal,2.001938826,0.997621135,0.002378865,0.317484846,31.74848459,0.09077275,9.077274958,0.249405284,24.94052837,0.001332847,0.133284703,0.001332847,0.001865986,scenario,formalin
4.416666667,spinal,2.001567086,0.997624547,0.002375453,0.31747444,31.74744401,0.090757738,9.075773782,0.249406137,24.94061368,0.0013326,0.133259987,0.0013326,0.00186564,scenario,formalin
4.5,spinal,2.001260836,0.997627766,0.002372234,0.317465997,31.7465997,0.090745407,9.074540736,0.249406941,24.94069415,0.001332396,0.133239624,0.001332396,0.001865355,scenario,formalin
4.583333333,spinal,2.001009802,0.997630809,0.002369191,0.317459205,31.74592046,0.090735337,9.073533651,0.249407702,24.94077023,0.001332229,0.133222933,0.001332229,0.001865121,scenario,formalin
4.666666667,spinal,2.000805056,0.997633676,0.002366324,0.317453787,31.74537871,0.090727157,9.072715739,0.249408419,24.9408419,0.001332093,0.13320932,0.001332093,0.00186493,scenario,formalin
4.75,spinal,2.000638892,0.997636367,0.002363633,0.317449506,31.74495062,0.090720553,9.072055254,0.249409092,24.94090918,0.001331983,0.133198272,0.001331983,0.001864776,scenario,formalin
4.833333333,spinal,2.000504709,0.997638882,0.002361118,0.317446158,31.7446158,0.09071525,9.071524988,0.249409721,24.94097206,0.001331893,0.13318935,0.001331893,0.001864651,scenario,formalin
4.916666667,spinal,2.000396887,0.997641222,0.002358778,0.317443569,31.74435687,0.090711018,9.07110178,0.249410305,24.94103054,0.001331822,0.133182181,0.001331822,0.001864551,scenario,formalin
5,spinal,2.000310673,0.997643385,0.002356615,0.317441592,31.74415916,0.09070766,9.070766047,0.249410846,24.94108462,0.001331764,0.133176449,0.001331764,0.00186447,scenario,formalin
5.083333333,spinal,2.000242077,0.997645372,0.002354628,0.317440103,31.7440103,0.090705013,9.070501334,0.249411343,24.9411343,0.001331719,0.133171888,0.001331719,0.001864406,scenario,formalin
5.166666667,spinal,2.000187765,0.997647208,0.002352792,0.317439008,31.74390078,0.090702941,9.070294125,0.249411802,24.94118019,0.001331683,0.133168277,0.001331683,0.001864356,scenario,formalin
5.25,spinal,2.000144973,0.997648946,0.002351054,0.317438238,31.7438238,0.090701335,9.070133526,0.249412237,24.94122366,0.001331654,0.133165431,0.001331654,0.001864316,scenario,formalin
5.333333333,spinal,2.000111422,0.997650591,0.002349409,0.317437724,31.74377239,0.090700102,9.070010163,0.249412648,24.94126477,0.001331632,0.133163201,0.001331632,0.001864285,scenario,formalin
5.416666667,spinal,2.000085245,0.99765214,0.00234786,0.317437408,31.74374076,0.090699163,9.069916337,0.249413035,24.94130351,0.001331615,0.13316146,0.001331615,0.00186426,scenario,formalin
5.5,spinal,2.00006492,0.997653596,0.002346404,0.317437242,31.74372423,0.090698458,9.069845777,0.249413399,24.94133989,0.001331601,0.133160109,0.001331601,0.001864242,scenario,formalin
5.583333333,spinal,2.000049215,0.997654957,0.002345043,0.31743719,31.74371897,0.090697934,9.069793405,0.249413739,24.94137391,0.001331591,0.133159065,0.001331591,0.001864227,scenario,formalin
5.666666667,spinal,2.000037139,0.997656223,0.002343777,0.317437219,31.74372192,0.090697551,9.069755133,0.249414056,24.94140557,0.001331583,0.133158262,0.001331583,0.001864216,scenario,formalin
5.75,spinal,2.000027898,0.997657395,0.002342605,0.317437306,31.74373063,0.090697277,9.06972769,0.249414349,24.94143487,0.001331576,0.133157647,0.001331576,0.001864207,scenario,formalin
5.833333333,spinal,2.000020861,0.997658473,0.002341527,0.317437432,31.74374317,0.090697085,9.069708478,0.249414618,24.94146181,0.001331572,0.133157179,0.001331572,0.001864201,scenario,formalin
5.916666667,spinal,2.000015527,0.997659484,0.002340516,0.317437589,31.74375888,0.090696957,9.06969569,0.249414871,24.94148711,0.001331568,0.133156825,0.001331568,0.001864196,scenario,formalin
6,spinal,2.000011505,0.997660446,0.002339554,0.31743777,31.74377703,0.090696878,9.069687845,0.249415111,24.94151114,0.001331566,0.133156557,0.001331566,0.001864192,scenario,formalin
6.083333333,spinal,2.000008485,0.997661356,0.002338644,0.317437967,31.74379666,0.090696837,9.069683674,0.249415339,24.9415339,0.001331564,0.133156356,0.001331564,0.001864189,scenario,formalin
6.166666667,spinal,2.00000623,0.997662216,0.002337784,0.31743817,31.74381704,0.090696822,9.069682191,0.249415554,24.9415554,0.001331562,0.133156206,0.001331562,0.001864187,scenario,formalin
6.25,spinal,2.000004553,0.997663025,0.002336975,0.317438376,31.7438376,0.090696826,9.069682632,0.249415756,24.94157562,0.001331561,0.133156095,0.001331561,0.001864185,scenario,formalin
6.333333333,spinal,2.000003312,0.997663783,0.002336217,0.317438579,31.74385789,0.090696844,9.06968441,0.249415946,24.94159458,0.00133156,0.133156013,0.00133156,0.001864184,scenario,formalin
6.416666667,spinal,2.000002399,0.997664491,0.002335509,0.317438776,31.74387757,0.090696871,9.069687076,0.249416123,24.94161227,0.00133156,0.133155952,0.00133156,0.001864183,scenario,formalin
6.5,spinal,2.000001729,0.997665147,0.002334853,0.317438964,31.7438964,0.090696903,9.069690286,0.249416287,24.94162869,0.001331559,0.133155907,0.001331559,0.001864183,scenario,formalin
6.583333333,spinal,2.000001241,0.997665757,0.002334243,0.317439143,31.74391428,0.090696938,9.069693813,0.249416439,24.94164392,0.001331559,0.133155875,0.001331559,0.001864182,scenario,formalin
6.666666667,spinal,2.000000886,0.997666335,0.002333665,0.317439316,31.74393157,0.090696976,9.069697604,0.249416584,24.94165836,0.001331559,0.133155851,0.001331559,0.001864182,scenario,formalin
6.75,spinal,2.00000063,0.997666883,0.002333117,0.317439482,31.74394822,0.090697015,9.069701532,0.249416721,24.94167207,0.001331558,0.133155834,0.001331558,0.001864182,scenario,formalin
6.833333333,spinal,2.000000446,0.997667401,0.002332599,0.317439641,31.74396415,0.090697055,9.069705487,0.24941685,24.94168503,0.001331558,0.133155822,0.001331558,0.001864182,scenario,formalin
6.916666667,spinal,2.000000314,0.99766789,0.00233211,0.317439793,31.7439793,0.090697094,9.06970939,0.249416973,24.94169726,0.001331558,0.133155813,0.001331558,0.001864181,scenario,formalin
7,spinal,2.00000022,0.99766835,0.00233165,0.317439936,31.74399363,0.090697132,9.06971318,0.249417087,24.94170875,0.001331558,0.133155807,0.001331558,0.001864181,scenario,formalin
7.083333333,spinal,2.000000154,0.99766878,0.00233122,0.317440071,31.74400711,0.090697168,9.069716814,0.249417195,24.9417195,0.001331558,0.133155803,0.001331558,0.001864181,scenario,formalin
7.166666667,spinal,2.000000107,0.99766918,0.00233082,0.317440197,31.7440197,0.090697203,9.06972026,0.249417295,24.9417295,0.001331558,0.133155799,0.001331558,0.001864181,scenario,formalin
7.25,spinal,2.000000074,0.997669551,0.002330449,0.317440314,31.74403139,0.090697235,9.069723495,0.249417388,24.94173877,0.001331558,0.133155797,0.001331558,0.001864181,scenario,formalin
7.333333333,spinal,2.000000051,0.997669898,0.002330102,0.317440424,31.74404235,0.090697266,9.069726552,0.249417474,24.94174744,0.001331558,0.133155796,0.001331558,0.001864181,scenario,formalin
7.416666667,spinal,2.000000035,0.997670227,0.002329773,0.317440528,31.74405278,0.090697295,9.069729478,0.249417557,24.94175567,0.001331558,0.133155795,0.001331558,0.001864181,scenario,formalin
7.5,spinal,2.000000024,0.997670538,0.002329462,0.317440627,31.74406265,0.090697323,9.069732264,0.249417635,24.94176346,0.001331558,0.133155794,0.001331558,0.001864181,scenario,formalin
7.583333333,spinal,2.000000016,0.997670832,0.002329168,0.31744072,31.74407198,0.090697349,9.069734905,0.249417708,24.9417708,0.001331558,0.133155793,0.001331558,0.001864181,scenario,formalin
7.666666667,spinal,2.000000011,0.997671109,0.002328891,0.317440808,31.74408076,0.090697374,9.069737395,0.249417777,24.94177771,0.001331558,0.133155793,0.001331558,0.001864181,scenario,formalin
7.75,spinal,2.000000007,0.997671367,0.002328633,0.31744089,31.74408898,0.090697397,9.069739733,0.249417842,24.94178418,0.001331558,0.133155793,0.001331558,0.001864181,scenario,formalin
7.833333333,spinal,2.000000005,0.997671608,0.002328392,0.317440966,31.74409665,0.090697419,9.069741916,0.249417902,24.94179021,0.001331558,0.133155793,0.001331558,0.001864181,scenario,formalin
7.916666667,spinal,2.000000003,0.997671832,0.002328168,0.317441038,31.74410376,0.090697439,9.069743942,0.249417958,24.9417958,0.001331558,0.133155792,0.001331558,0.001864181,scenario,formalin
8,spinal,2.000000002,0.997672039,0.002327961,0.317441103,31.74411033,0.090697458,9.069745814,0.24941801,24.94180096,0.001331558,0.133155792,0.001331558,0.001864181,scenario,formalin
8.083333333,spinal,2.000000001,0.997672233,0.002327767,0.317441165,31.74411652,0.090697476,9.069747582,0.249418058,24.94180583,0.001331558,0.133155792,0.001331558,0.001864181,scenario,formalin
8.166666667,spinal,2.000000001,0.997672418,0.002327582,0.317441224,31.74412239,0.090697493,9.069749258,0.249418105,24.94181045,0.001331558,0.133155792,0.001331558,0.001864181,scenario,formalin
8.25,spinal,2.000000001,0.997672592,0.002327408,0.317441279,31.74412794,0.090697508,9.069750843,0.249418148,24.94181481,0.001331558,0.133155792,0.001331558,0.001864181,scenario,formalin
8.333333333,spinal,2,0.997672757,0.002327243,0.317441332,31.74413317,0.090697523,9.069752336,0.249418189,24.94181892,0.001331558,0.133155792,0.001331558,0.001864181,scenario,formalin
8.416666667,spinal,2,0.997672911,0.002327089,0.317441381,31.74413808,0.090697537,9.069753737,0.249418228,24.94182278,0.001331558,0.133155792,0.001331558,0.001864181,scenario,formalin
8.5,spinal,2,0.997673055,0.002326945,0.317441427,31.74414266,0.09069755,9.069755047,0.249418264,24.94182638,0.001331558,0.133155792,0.001331558,0.001864181,scenario,formalin
8.583333333,spinal,2,0.997673189,0.002326811,0.317441469,31.74414692,0.090697563,9.069756264,0.249418297,24.94182972,0.001331558,0.133155792,0.001331558,0.001864181,scenario,formalin
8.666666667,spinal,2,0.997673313,0.002326687,0.317441509,31.74415086,0.090697574,9.069757388,0.249418328,24.94183282,0.001331558,0.133155792,0.001331558,0.001864181,scenario,formalin
8.75,spinal,2,0.997673428,0.002326572,0.317441545,31.74415451,0.090697584,9.069758432,0.249418357,24.94183569,0.001331558,0.133155792,0.001331558,0.001864181,scenario,formalin
8.833333333,spinal,2,0.997673536,0.002326464,0.31744158,31.74415798,0.090697594,9.069759422,0.249418384,24.94183841,0.001331558,0.133155792,0.001331558,0.001864181,scenario,formalin
8.916666667,spinal,2,0.99767364,0.00232636,0.317441613,31.74416126,0.090697604,9.06976036,0.24941841,24.94184099,0.001331558,0.133155792,0.001331558,0.001864181,scenario,formalin
9,spinal,2,0.997673737,0.002326263,0.317441644,31.74416436,0.090697612,9.069761246,0.249418434,24.94184343,0.001331558,0.133155792,0.001331558,0.001864181,scenario,formalin
9.083333333,spinal,2,0.997673829,0.002326171,0.317441673,31.74416728,0.090697621,9.069762079,0.249418457,24.94184572,0.001331558,0.133155792,0.001331558,0.001864181,scenario,formalin
9.166666667,spinal,2,0.997673915,0.002326085,0.3174417,31.74417001,0.090697629,9.06976286,0.249418479,24.94184787,0.001331558,0.133155792,0.001331558,0.001864181,scenario,formalin
9.25,spinal,2,0.997673995,0.002326005,0.317441726,31.74417256,0.090697636,9.069763589,0.249418499,24.94184987,0.001331558,0.133155792,0.001331558,0.001864181,scenario,formalin
9.333333333,spinal,2,0.997674069,0.002325931,0.317441749,31.74417493,0.090697643,9.069764266,0.249418517,24.94185173,0.001331558,0.133155792,0.001331558,0.001864181,scenario,formalin
9.416666667,spinal,2,0.997674138,0.002325862,0.317441771,31.74417712,0.090697649,9.06976489,0.249418534,24.94185345,0.001331558,0.133155792,0.001331558,0.001864181,scenario,formalin
9.5,spinal,2,0.997674202,0.002325798,0.317441792,31.74417917,0.090697655,9.069765477,0.249418551,24.94185506,0.001331558,0.133155792,0.001331558,0.001864181,scenario,formalin
9.583333333,spinal,2,0.997674264,0.002325736,0.317441811,31.74418112,0.09069766,9.069766033,0.249418566,24.94185659,0.001331558,0.133155792,0.001331558,0.001864181,scenario,formalin
9.666666667,spinal,2,0.997674322,0.002325678,0.31744183,31.74418296,0.090697666,9.06976656,0.24941858,24.94185804,0.001331558,0.133155792,0.001331558,0.001864181,scenario,formalin
9.75,spinal,2,0.997674376,0.002325624,0.317441847,31.7441847,0.090697671,9.069767057,0.249418594,24.94185941,0.001331558,0.133155792,0.001331558,0.001864181,scenario,formalin
9.833333333,spinal,2,0.997674428,0.002325572,0.317441863,31.74418633,0.090697675,9.069767524,0.249418607,24.94186069,0.001331558,0.133155792,0.001331558,0.001864181,scenario,formalin
9.916666667,spinal,2,0.997674476,0.002325524,0.317441879,31.74418786,0.09069768,9.069767961,0.249418619,24.94186189,0.001331558,0.133155792,0.001331558,0.001864181,scenario,formalin
10,spinal,2,0.99767452,0.00232548,0.317441893,31.74418929,0.090697684,9.069768368,0.24941863,24.94186301,0.001331558,0.133155792,0.001331558,0.001864181,scenario,formalin
10.08333333,spinal,2,0.997674562,0.002325438,0.317441906,31.74419061,0.090697687,9.069768745,0.24941864,24.94186405,0.001331558,0.133155792,0.001331558,0.001864181,scenario,formalin
10.16666667,spinal,2,0.9976746,0.0023254,0.317441918,31.74419183,0.090697691,9.069769095,0.24941865,24.94186501,0.001331558,0.133155792,0.001331558,0.001864181,scenario,formalin
10.25,spinal,2,0.997674637,0.002325363,0.31744193,31.74419299,0.090697694,9.069769426,0.249418659,24.94186592,0.001331558,0.133155792,0.001331558,0.001864181,scenario,formalin
10.33333333,spinal,2,0.997674671,0.002325329,0.317441941,31.74419409,0.090697697,9.069769739,0.249418668,24.94186678,0.001331558,0.133155792,0.001331558,0.001864181,scenario,formalin
10.41666667,spinal,2,0.997674704,0.002325296,0.317441951,31.74419512,0.0906977,9.069770036,0.249418676,24.9418676,0.001331558,0.133155792,0.001331558,0.001864181,scenario,formalin
10.5,spinal,2,0.997674735,0.002325265,0.317441961,31.7441961,0.090697703,9.069770315,0.249418684,24.94186837,0.001331558,0.133155792,0.001331558,0.001864181,scenario,formalin
10.58333333,spinal,2,0.997674763,0.002325237,0.31744197,31.74419702,0.090697706,9.069770577,0.249418691,24.94186909,0.001331558,0.133155792,0.001331558,0.001864181,scenario,formalin
10.66666667,spinal,2,0.99767479,0.00232521,0.317441979,31.74419788,0.090697708,9.069770822,0.249418698,24.94186976,0.001331558,0.133155792,0.001331558,0.001864181,scenario,formalin
10.75,spinal,2,0.997674815,0.002325185,0.317441987,31.74419867,0.09069771,9.069771049,0.249418704,24.94187039,0.001331558,0.133155792,0.001331558,0.001864181,scenario,formalin
10.83333333,spinal,2,0.997674839,0.002325161,0.317441994,31.74419941,0.090697713,9.069771259,0.24941871,24.94187096,0.001331558,0.133155792,0.001331558,0.001864181,scenario,formalin
10.91666667,spinal,2,0.99767486,0.00232514,0.317442001,31.7442001,0.090697715,9.069771456,0.249418715,24.9418715,0.001331558,0.133155792,0.001331558,0.001864181,scenario,formalin
11,spinal,2,0.997674881,0.002325119,0.317442007,31.74420075,0.090697716,9.069771642,0.24941872,24.94187202,0.001331558,0.133155792,0.001331558,0.001864181,scenario,formalin
11.08333333,spinal,2,0.9976749,0.0023251,0.317442014,31.74420136,0.090697718,9.069771819,0.249418725,24.9418725,0.001331558,0.133155792,0.001331558,0.001864181,scenario,formalin
11.16666667,spinal,2,0.997674918,0.002325082,0.317442019,31.74420195,0.09069772,9.069771985,0.24941873,24.94187296,0.001331558,0.133155792,0.001331558,0.001864181,scenario,formalin
11.25,spinal,2,0.997674936,0.002325064,0.317442025,31.7442025,0.090697721,9.069772142,0.249418734,24.94187339,0.001331558,0.133155792,0.001331558,0.001864181,scenario,formalin
11.33333333,spinal,2,0.997674952,0.002325048,0.31744203,31.74420301,0.090697723,9.069772288,0.249418738,24.94187379,0.001331558,0.133155792,0.001331558,0.001864181,scenario,formalin
11.41666667,spinal,2,0.997674967,0.002325033,0.317442035,31.74420349,0.090697724,9.069772425,0.249418742,24.94187417,0.001331558,0.133155792,0.001331558,0.001864181,scenario,formalin
11.5,spinal,2,0.997674981,0.002325019,0.317442039,31.74420393,0.090697726,9.069772552,0.249418745,24.94187452,0.001331558,0.133155792,0.001331558,0.001864181,scenario,formalin
11.58333333,spinal,2,0.997674994,0.002325006,0.317442043,31.74420434,0.090697727,9.069772669,0.249418748,24.94187484,0.001331558,0.133155792,0.001331558,0.001864181,scenario,formalin
11.66666667,spinal,2,0.997675006,0.002324994,0.317442047,31.74420473,0.090697728,9.069772779,0.249418751,24.94187514,0.001331558,0.133155792,0.001331558,0.001864181,scenario,formalin
11.75,spinal,2,0.997675017,0.002324983,0.317442051,31.74420509,0.090697729,9.069772884,0.249418754,24.94187543,0.001331558,0.133155792,0.001331558,0.001864181,scenario,formalin
11.83333333,spinal,2,0.997675028,0.002324972,0.317442054,31.74420544,0.09069773,9.069772983,0.249418757,24.9418757,0.001331558,0.133155792,0.001331558,0.001864181,scenario,formalin
11.91666667,spinal,2,0.997675038,0.002324962,0.317442058,31.74420577,0.090697731,9.069773076,0.24941876,24.94187596,0.001331558,0.133155792,0.001331558,0.001864181,scenario,formalin
12,spinal,2,0.997675048,0.002324952,0.317442061,31.74420607,0.090697732,9.069773164,0.249418762,24.9418762,0.001331558,0.133155792,0.001331558,0.001864181,scenario,formalin
12.08333333,spinal,2,0.997675057,0.002324943,0.317442064,31.74420636,0.090697732,9.069773246,0.249418764,24.94187643,0.001331558,0.133155792,0.001331558,0.001864181,scenario,formalin
12.16666667,spinal,2,0.997675065,0.002324935,0.317442066,31.74420663,0.090697733,9.069773322,0.249418766,24.94187664,0.001331558,0.133155792,0.001331558,0.001864181,scenario,formalin
12.25,spinal,2,0.997675073,0.002324927,0.317442069,31.74420687,0.090697734,9.069773393,0.249418768,24.94187683,0.001331558,0.133155792,0.001331558,0.001864181,scenario,formalin
12.33333333,spinal,2,0.99767508,0.00232492,0.317442071,31.7442071,0.090697735,9.069773458,0.24941877,24.94187701,0.001331558,0.133155792,0.001331558,0.001864181,scenario,formalin
12.41666667,spinal,2,0.997675087,0.002324913,0.317442073,31.74420732,0.090697735,9.06977352,0.249418772,24.94187718,0.001331558,0.133155792,0.001331558,0.001864181,scenario,formalin
12.5,spinal,2,0.997675094,0.002324906,0.317442075,31.74420753,0.090697736,9.069773579,0.249418773,24.94187734,0.001331558,0.133155792,0.001331558,0.001864181,scenario,formalin
12.58333333,spinal,2,0.9976751,0.0023249,0.317442077,31.74420772,0.090697736,9.069773635,0.249418775,24.94187749,0.001331558,0.133155792,0.001331558,0.001864181,scenario,formalin
12.66666667,spinal,2,0.997675106,0.002324894,0.317442079,31.7442079,0.090697737,9.069773687,0.249418776,24.94187764,0.001331558,0.133155792,0.001331558,0.001864181,scenario,formalin
12.75,spinal,2,0.997675111,0.002324889,0.317442081,31.74420808,0.090697737,9.069773736,0.249418778,24.94187777,0.001331558,0.133155792,0.001331558,0.001864181,scenario,formalin
12.83333333,spinal,2,0.997675116,0.002324884,0.317442082,31.74420824,0.090697738,9.069773782,0.249418779,24.9418779,0.001331558,0.133155792,0.001331558,0.001864181,scenario,formalin
12.91666667,spinal,2,0.997675121,0.002324879,0.317442084,31.74420838,0.090697738,9.069773824,0.24941878,24.94187802,0.001331558,0.133155792,0.001331558,0.001864181,scenario,formalin
13,spinal,2,0.997675125,0.002324875,0.317442085,31.74420854,0.090697739,9.069773868,0.249418781,24.94187814,0.001331558,0.133155792,0.001331558,0.001864181,scenario,formalin
13.08333333,spinal,2,0.997675134,0.002324866,0.317442088,31.7442088,0.090697739,9.069773942,0.249418783,24.94187834,0.001331558,0.133155792,0.001331558,0.001864181,scenario,formalin
13.16666667,spinal,2,0.997675142,0.002324858,0.317442091,31.74420905,0.09069774,9.069774014,0.249418785,24.94187854,0.001331558,0.133155792,0.001331558,0.001864181,scenario,formalin
13.25,spinal,2,0.997675149,0.002324851,0.317442093,31.7442093,0.090697741,9.069774085,0.249418787,24.94187873,0.001331558,0.133155792,0.001331558,0.001864181,scenario,formalin
13.33333333,spinal,2,0.997675157,0.002324843,0.317442095,31.74420954,0.090697742,9.069774153,0.249418789,24.94187892,0.001331558,0.133155792,0.001331558,0.001864181,scenario,formalin
13.41666667,spinal,2,0.997675164,0.002324836,0.317442098,31.74420977,0.090697742,9.06977422,0.249418791,24.9418791,0.001331558,0.133155792,0.001331558,0.001864181,scenario,formalin
13.5,spinal,2,0.997675171,0.002324829,0.3174421,31.74421,0.090697743,9.069774285,0.249418793,24.94187928,0.001331558,0.133155792,0.001331558,0.001864181,scenario,formalin
13.58333333,spinal,2,0.997675178,0.002324822,0.317442102,31.74421022,0.090697743,9.069774347,0.249418795,24.94187946,0.001331558,0.133155792,0.001331558,0.001864181,scenario,formalin
13.66666667,spinal,2,0.997675185,0.002324815,0.317442104,31.74421043,0.090697744,9.069774408,0.249418796,24.94187962,0.001331558,0.133155792,0.001331558,0.001864181,scenario,formalin
13.75,spinal,2,0.997675191,0.002324809,0.317442106,31.74421063,0.090697745,9.069774467,0.249418798,24.94187978,0.001331558,0.133155792,0.001331558,0.001864181,scenario,formalin
13.83333333,spinal,2,0.997675198,0.002324802,0.317442108,31.74421083,0.090697745,9.069774524,0.249418799,24.94187994,0.001331558,0.133155792,0.001331558,0.001864181,scenario,formalin
13.91666667,spinal,2,0.997675204,0.002324796,0.31744211,31.74421102,0.090697746,9.069774578,0.249418801,24.94188009,0.001331558,0.133155792,0.001331558,0.001864181,scenario,formalin
14,spinal,2,0.997675209,0.002324791,0.317442112,31.74421121,0.090697746,9.069774631,0.249418802,24.94188024,0.001331558,0.133155792,0.001331558,0.001864181,scenario,formalin
14.08333333,spinal,2,0.997675215,0.002324785,0.317442114,31.74421139,0.090697747,9.069774682,0.249418804,24.94188038,0.001331558,0.133155792,0.001331558,0.001864181,scenario,formalin
14.16666667,spinal,2,0.99767522,0.00232478,0.317442116,31.74421156,0.090697747,9.069774731,0.249418805,24.94188051,0.001331558,0.133155792,0.001331558,0.001864181,scenario,formalin
14.25,spinal,2,0.997675226,0.002324774,0.317442117,31.74421172,0.090697748,9.069774778,0.249418806,24.94188064,0.001331558,0.133155792,0.001331558,0.001864181,scenario,formalin
14.33333333,spinal,2,0.997675231,0.002324769,0.317442119,31.74421188,0.090697748,9.069774824,0.249418808,24.94188076,0.001331558,0.133155792,0.001331558,0.001864181,scenario,formalin
14.41666667,spinal,2,0.997675235,0.002324765,0.31744212,31.74421203,0.090697749,9.069774867,0.249418809,24.94188088,0.001331558,0.133155792,0.001331558,0.001864181,scenario,formalin
14.5,spinal,2,0.99767524,0.00232476,0.317442122,31.74421218,0.090697749,9.069774908,0.24941881,24.941881,0.001331558,0.133155792,0.001331558,0.001864181,scenario,formalin
14.58333333,spinal,2,0.997675244,0.002324756,0.317442123,31.74421232,0.090697749,9.069774947,0.249418811,24.9418811,0.001331558,0.133155792,0.001331558,0.001864181,scenario,formalin
14.66666667,spinal,2,0.997675248,0.002324752,0.317442124,31.74421245,0.09069775,9.069774985,0.249418812,24.94188121,0.001331558,0.133155792,0.001331558,0.001864181,scenario,formalin
14.75,spinal,2,0.997675252,0.002324748,0.317442126,31.74421257,0.09069775,9.06977502,0.249418813,24.9418813,0.001331558,0.133155792,0.001331558,0.001864181,scenario,formalin
14.83333333,spinal,2,0.997675256,0.002324744,0.317442127,31.74421269,0.090697751,9.069775053,0.249418814,24.9418814,0.001331558,0.133155792,0.001331558,0.001864181,scenario,formalin
14.91666667,spinal,2,0.997675259,0.002324741,0.317442128,31.7442128,0.090697751,9.069775085,0.249418815,24.94188148,0.001331558,0.133155792,0.001331558,0.001864181,scenario,formalin
15,spinal,2,0.997675263,0.002324737,0.317442129,31.7442129,0.090697751,9.069775114,0.249418816,24.94188156,0.001331558,0.133155792,0.001331558,0.001864181,scenario,formalin
15.08333333,spinal,2,0.997675266,0.002324734,0.31744213,31.744213,0.090697751,9.069775142,0.249418816,24.94188164,0.001331558,0.133155792,0.001331558,0.001864181,scenario,formalin
15.16666667,spinal,2,0.997675268,0.002324732,0.317442131,31.74421309,0.090697752,9.069775168,0.249418817,24.94188171,0.001331558,0.133155792,0.001331558,0.001864181,scenario,formalin
15.25,spinal,2,0.997675271,0.002324729,0.317442132,31.74421317,0.090697752,9.069775191,0.249418818,24.94188178,0.001331558,0.133155792,0.001331558,0.001864181,scenario,formalin
15.33333333,spinal,2,0.997675273,0.002324727,0.317442132,31.74421325,0.090697752,9.069775213,0.249418818,24.94188184,0.001331558,0.133155792,0.001331558,0.001864181,scenario,formalin
15.41666667,spinal,2,0.997675276,0.002324724,0.317442133,31.74421331,0.090697752,9.069775233,0.249418819,24.94188189,0.001331558,0.133155792,0.001331558,0.001864181,scenario,formalin
15.5,spinal,2,0.997675278,0.002324722,0.317442134,31.74421338,0.090697753,9.069775251,0.249418819,24.94188194,0.001331558,0.133155792,0.001331558,0.001864181,scenario,formalin
15.58333333,spinal,2,0.997675279,0.002324721,0.317442134,31.74421343,0.090697753,9.069775266,0.24941882,24.94188198,0.001331558,0.133155792,0.001331558,0.001864181,scenario,formalin
15.66666667,spinal,2,0.997675281,0.002324719,0.317442135,31.74421348,0.090697753,9.06977528,0.24941882,24.94188202,0.001331558,0.133155792,0.001331558,0.001864181,scenario,formalin
15.75,spinal,2,0.997675282,0.002324718,0.317442135,31.74421352,0.090697753,9.069775292,0.249418821,24.94188205,0.001331558,0.133155792,0.001331558,0.001864181,scenario,formalin
15.83333333,spinal,2,0.997675283,0.002324717,0.317442136,31.74421356,0.090697753,9.069775302,0.249418821,24.94188208,0.001331558,0.133155792,0.001331558,0.001864181,scenario,formalin
15.91666667,spinal,2,0.997675284,0.002324716,0.317442136,31.74421359,0.090697753,9.06977531,0.249418821,24.9418821,0.001331558,0.133155792,0.001331558,0.001864181,scenario,formalin
16,spinal,2,0.997675285,0.002324715,0.317442136,31.74421361,0.090697753,9.069775317,0.249418821,24.94188212,0.001331558,0.133155792,0.001331558,0.001864181,scenario,formalin
16.08333333,spinal,2,0.997675285,0.002324715,0.317442136,31.74421362,0.090697753,9.069775321,0.249418821,24.94188213,0.001331558,0.133155792,0.001331558,0.001864181,scenario,formalin
16.16666667,spinal,2,0.997675286,0.002324714,0.317442136,31.74421363,0.090697753,9.069775323,0.249418821,24.94188214,0.001331558,0.133155792,0.001331558,0.001864181,scenario,formalin
16.25,spinal,2,0.997675286,0.002324714,0.317442136,31.74421363,0.090697753,9.069775323,0.249418821,24.94188214,0.001331558,0.133155792,0.001331558,0.001864181,scenario,formalin
16.33333333,spinal,2,0.997675285,0.002324715,0.317442136,31.74421363,0.090697753,9.069775322,0.249418821,24.94188213,0.001331558,0.133155792,0.001331558,0.001864181,scenario,formalin
16.41666667,spinal,2,0.997675285,0.002324715,0.317442136,31.74421361,0.090697753,9.069775318,0.249418821,24.94188212,0.001331558,0.133155792,0.001331558,0.001864181,scenario,formalin
16.5,spinal,2,0.997675284,0.002324716,0.317442136,31.74421359,0.090697753,9.069775312,0.249418821,24.94188211,0.001331558,0.133155792,0.001331558,0.001864181,scenario,formalin
16.58333333,spinal,2,0.997675284,0.002324716,0.317442136,31.74421357,0.090697753,9.069775305,0.249418821,24.94188209,0.001331558,0.133155792,0.001331558,0.001864181,scenario,formalin
16.66666667,spinal,2,0.997675282,0.002324718,0.317442135,31.74421353,0.090697753,9.069775295,0.249418821,24.94188206,0.001331558,0.133155792,0.001331558,0.001864181,scenario,formalin
16.75,spinal,2,0.997675281,0.002324719,0.317442135,31.74421349,0.090697753,9.069775284,0.24941882,24.94188203,0.001331558,0.133155792,0.001331558,0.001864181,scenario,formalin
16.83333333,spinal,2,0.99767528,0.00232472,0.317442134,31.74421345,0.090697753,9.069775271,0.24941882,24.94188199,0.001331558,0.133155792,0.001331558,0.001864181,scenario,formalin
16.91666667,spinal,2,0.997675278,0.002324722,0.317442134,31.74421339,0.090697753,9.069775255,0.24941882,24.94188195,0.001331558,0.133155792,0.001331558,0.001864181,scenario,formalin
17,spinal,2,0.997675276,0.002324724,0.317442133,31.74421333,0.090697752,9.069775238,0.249418819,24.9418819,0.001331558,0.133155792,0.001331558,0.001864181,scenario,formalin
17.08333333,spinal,2,0.997675274,0.002324726,0.317442133,31.74421327,0.090697752,9.069775219,0.249418819,24.94188185,0.001331558,0.133155792,0.001331558,0.001864181,scenario,formalin
17.16666667,spinal,2,0.997675272,0.002324728,0.317442132,31.74421319,0.090697752,9.069775198,0.249418818,24.94188179,0.001331558,0.133155792,0.001331558,0.001864181,scenario,formalin
17.25,spinal,2,0.997675269,0.002324731,0.317442131,31.74421311,0.090697752,9.069775174,0.249418817,24.94188173,0.001331558,0.133155792,0.001331558,0.001864181,scenario,formalin
17.33333333,spinal,2,0.997675266,0.002324734,0.31744213,31.74421302,0.090697751,9.069775149,0.249418817,24.94188166,0.001331558,0.133155792,0.001331558,0.001864181,scenario,formalin
17.41666667,spinal,2,0.997675263,0.002324737,0.317442129,31.74421293,0.090697751,9.069775122,0.249418816,24.94188159,0.001331558,0.133155792,0.001331558,0.001864181,scenario,formalin
17.5,spinal,2,0.99767526,0.00232474,0.317442128,31.74421283,0.090697751,9.069775093,0.249418815,24.94188151,0.001331558,0.133155792,0.001331558,0.001864181,scenario,formalin
17.58333333,spinal,2,0.997675257,0.002324743,0.317442127,31.74421272,0.090697751,9.069775062,0.249418814,24.94188142,0.001331558,0.133155792,0.001331558,0.001864181,scenario,formalin
17.66666667,spinal,2,0.997675253,0.002324747,0.317442126,31.7442126,0.09069775,9.06977503,0.249418813,24.94188133,0.001331558,0.133155792,0.001331558,0.001864181,scenario,formalin
17.75,spinal,2,0.99767525,0.00232475,0.317442125,31.74421249,0.09069775,9.069774998,0.249418812,24.94188124,0.001331558,0.133155792,0.001331558,0.001864181,scenario,formalin
17.83333333,spinal,2,0.997675251,0.002324749,0.317442125,31.74421252,0.09069775,9.069775005,0.249418813,24.94188126,0.001331558,0.133155792,0.001331558,0.001864181,scenario,formalin
17.91666667,spinal,2,0.997675251,0.002324749,0.317442125,31.74421254,0.09069775,9.069775012,0.249418813,24.94188128,0.001331558,0.133155792,0.001331558,0.001864181,scenario,formalin
18,spinal,2,0.997675252,0.002324748,0.317442126,31.74421256,0.09069775,9.069775018,0.249418813,24.9418813,0.001331558,0.133155792,0.001331558,0.001864181,scenario,formalin
18.08333333,spinal,2,0.997675253,0.002324747,0.317442126,31.74421258,0.09069775,9.069775024,0.249418813,24.94188132,0.001331558,0.133155792,0.001331558,0.001864181,scenario,formalin
18.16666667,spinal,2,0.997675253,0.002324747,0.317442126,31.7442126,0.09069775,9.06977503,0.249418813,24.94188133,0.001331558,0.133155792,0.001331558,0.001864181,scenario,formalin
18.25,spinal,2,0.997675254,0.002324746,0.317442126,31.74421262,0.09069775,9.069775035,0.249418813,24.94188135,0.001331558,0.133155792,0.001331558,0.001864181,scenario,formalin
18.33333333,spinal,2,0.997675254,0.002324746,0.317442126,31.74421264,0.09069775,9.06977504,0.249418814,24.94188136,0.001331558,0.133155792,0.001331558,0.001864181,scenario,formalin
18.41666667,spinal,2,0.997675255,0.002324745,0.317442127,31.74421265,0.09069775,9.069775044,0.249418814,24.94188137,0.001331558,0.133155792,0.001331558,0.001864181,scenario,formalin
18.5,spinal,2,0.997675255,0.002324745,0.317442127,31.74421267,0.09069775,9.069775048,0.249418814,24.94188138,0.001331558,0.133155792,0.001331558,0.001864181,scenario,formalin
18.58333333,spinal,2,0.997675256,0.002324744,0.317442127,31.74421268,0.090697751,9.069775051,0.249418814,24.94188139,0.001331558,0.133155792,0.001331558,0.001864181,scenario,formalin
18.66666667,spinal,2,0.997675256,0.002324744,0.317442127,31.74421269,0.090697751,9.069775054,0.249418814,24.9418814,0.001331558,0.133155792,0.001331558,0.001864181,scenario,formalin
18.75,spinal,2,0.997675256,0.002324744,0.317442127,31.7442127,0.090697751,9.069775057,0.249418814,24.94188141,0.001331558,0.133155792,0.001331558,0.001864181,scenario,formalin
18.83333333,spinal,2,0.997675256,0.002324744,0.317442127,31.74421271,0.090697751,9.069775059,0.249418814,24.94188141,0.001331558,0.133155792,0.001331558,0.001864181,scenario,formalin
18.91666667,spinal,2,0.997675257,0.002324743,0.317442127,31.74421271,0.090697751,9.06977506,0.249418814,24.94188142,0.001331558,0.133155792,0.001331558,0.001864181,scenario,formalin
19,spinal,2,0.997675257,0.002324743,0.317442127,31.74421272,0.090697751,9.069775062,0.249418814,24.94188142,0.001331558,0.133155792,0.001331558,0.001864181,scenario,formalin
19.08333333,spinal,2,0.997675257,0.002324743,0.317442127,31.74421272,0.090697751,9.069775062,0.249418814,24.94188142,0.001331558,0.133155792,0.001331558,0.001864181,scenario,formalin
19.16666667,spinal,2,0.997675257,0.002324743,0.317442127,31.74421272,0.090697751,9.069775063,0.249418814,24.94188142,0.001331558,0.133155792,0.001331558,0.001864181,scenario,formalin
19.25,spinal,2,0.997675257,0.002324743,0.317442127,31.74421272,0.090697751,9.069775063,0.249418814,24.94188142,0.001331558,0.133155792,0.001331558,0.001864181,scenario,formalin
19.33333333,spinal,2,0.997675257,0.002324743,0.317442127,31.74421272,0.090697751,9.069775062,0.249418814,24.94188142,0.001331558,0.133155792,0.001331558,0.001864181,scenario,formalin
19.41666667,spinal,2,0.997675257,0.002324743,0.317442127,31.74421271,0.090697751,9.069775061,0.249418814,24.94188142,0.001331558,0.133155792,0.001331558,0.001864181,scenario,formalin
19.5,spinal,2,0.997675257,0.002324743,0.317442127,31.74421271,0.090697751,9.06977506,0.249418814,24.94188141,0.001331558,0.133155792,0.001331558,0.001864181,scenario,formalin
19.58333333,spinal,2,0.997675256,0.002324744,0.317442127,31.7442127,0.090697751,9.069775058,0.249418814,24.94188141,0.001331558,0.133155792,0.001331558,0.001864181,scenario,formalin
19.66666667,spinal,2,0.997675256,0.002324744,0.317442127,31.7442127,0.090697751,9.069775056,0.249418814,24.9418814,0.001331558,0.133155792,0.001331558,0.001864181,scenario,formalin
19.75,spinal,2,0.997675256,0.002324744,0.317442127,31.74421269,0.090697751,9.069775053,0.249418814,24.9418814,0.001331558,0.133155792,0.001331558,0.001864181,scenario,formalin
19.83333333,spinal,2,0.997675256,0.002324744,0.317442127,31.74421268,0.090697751,9.06977505,0.249418814,24.94188139,0.001331558,0.133155792,0.001331558,0.001864181,scenario,formalin
19.91666667,spinal,2,0.997675255,0.002324745,0.317442127,31.74421266,0.09069775,9.069775046,0.249418814,24.94188138,0.001331558,0.133155792,0.001331558,0.001864181,scenario,formalin
20,spinal,2,0.997675255,0.002324745,0.317442126,31.74421265,0.09069775,9.069775043,0.249418814,24.94188137,0.001331558,0.133155792,0.001331558,0.001864181,scenario,formalin
20.08333333,spinal,2,0.997675254,0.002324746,0.317442126,31.74421263,0.09069775,9.069775038,0.249418814,24.94188135,0.001331558,0.133155792,0.001331558,0.001864181,scenario,formalin
20.16666667,spinal,2,0.997675254,0.002324746,0.317442126,31.74421262,0.09069775,9.069775033,0.249418813,24.94188134,0.001331558,0.133155792,0.001331558,0.001864181,scenario,formalin
20.25,spinal,2,0.997675253,0.002324747,0.317442126,31.7442126,0.09069775,9.069775028,0.249418813,24.94188133,0.001331558,0.133155792,0.001331558,0.001864181,scenario,formalin
20.33333333,spinal,2,0.997675252,0.002324748,0.317442126,31.74421258,0.09069775,9.069775022,0.249418813,24.94188131,0.001331558,0.133155792,0.001331558,0.001864181,scenario,formalin
20.41666667,spinal,2,0.997675252,0.002324748,0.317442126,31.74421256,0.09069775,9.069775016,0.249418813,24.94188129,0.001331558,0.133155792,0.001331558,0.001864181,scenario,formalin
20.5,spinal,2,0.997675251,0.002324749,0.317442125,31.74421253,0.09069775,9.069775009,0.249418813,24.94188128,0.001331558,0.133155792,0.001331558,0.001864181,scenario,formalin
20.58333333,spinal,2,0.99767525,0.00232475,0.317442125,31.74421251,0.09069775,9.069775002,0.249418813,24.94188126,0.001331558,0.133155792,0.001331558,0.001864181,scenario,formalin
20.66666667,spinal,2,0.997675249,0.002324751,0.317442125,31.74421248,0.09069775,9.069774995,0.249418812,24.94188124,0.001331558,0.133155792,0.001331558,0.001864181,scenario,formalin
20.75,spinal,2,0.997675249,0.002324751,0.317442125,31.74421245,0.09069775,9.069774987,0.249418812,24.94188121,0.001331558,0.133155792,0.001331558,0.001864181,scenario,formalin
20.83333333,spinal,2,0.997675248,0.002324752,0.317442124,31.74421243,0.09069775,9.069774979,0.249418812,24.94188119,0.001331558,0.133155792,0.001331558,0.001864181,scenario,formalin
20.91666667,spinal,2,0.997675247,0.002324753,0.317442124,31.7442124,0.09069775,9.06977497,0.249418812,24.94188117,0.001331558,0.133155792,0.001331558,0.001864181,scenario,formalin
21,spinal,2,0.997675246,0.002324754,0.317442124,31.74421236,0.09069775,9.069774961,0.249418811,24.94188114,0.001331558,0.133155792,0.001331558,0.001864181,scenario,formalin
21.08333333,spinal,2,0.997675245,0.002324755,0.317442123,31.74421233,0.09069775,9.069774951,0.249418811,24.94188112,0.001331558,0.133155792,0.001331558,0.001864181,scenario,formalin
21.16666667,spinal,2,0.997675244,0.002324756,0.317442123,31.74421229,0.090697749,9.069774941,0.249418811,24.94188109,0.001331558,0.133155792,0.001331558,0.001864181,scenario,formalin
21.25,spinal,2,0.997675242,0.002324758,0.317442123,31.74421226,0.090697749,9.069774931,0.249418811,24.94188106,0.001331558,0.133155792,0.001331558,0.001864181,scenario,formalin
21.33333333,spinal,2,0.997675241,0.002324759,0.317442122,31.74421222,0.090697749,9.06977492,0.24941881,24.94188103,0.001331558,0.133155792,0.001331558,0.001864181,scenario,formalin
21.41666667,spinal,2,0.99767524,0.00232476,0.317442122,31.74421218,0.090697749,9.069774908,0.24941881,24.941881,0.001331558,0.133155792,0.001331558,0.001864181,scenario,formalin
21.5,spinal,2,0.997675239,0.002324761,0.317442121,31.74421214,0.090697749,9.069774897,0.24941881,24.94188097,0.001331558,0.133155792,0.001331558,0.001864181,scenario,formalin
21.58333333,spinal,2,0.997675237,0.002324763,0.317442121,31.74421209,0.090697749,9.069774884,0.249418809,24.94188093,0.001331558,0.133155792,0.001331558,0.001864181,scenario,formalin
21.66666667,spinal,2,0.997675236,0.002324764,0.317442121,31.74421205,0.090697749,9.069774872,0.249418809,24.9418809,0.001331558,0.133155792,0.001331558,0.001864181,scenario,formalin
21.75,spinal,2,0.997675234,0.002324766,0.31744212,31.744212,0.090697749,9.069774858,0.249418809,24.94188086,0.001331558,0.133155792,0.001331558,0.001864181,scenario,formalin
21.83333333,spinal,2,0.997675233,0.002324767,0.31744212,31.74421196,0.090697748,9.069774845,0.249418808,24.94188082,0.001331558,0.133155792,0.001331558,0.001864181,scenario,formalin
21.91666667,spinal,2,0.997675231,0.002324769,0.317442119,31.74421191,0.090697748,9.069774831,0.249418808,24.94188079,0.001331558,0.133155792,0.001331558,0.001864181,scenario,formalin
22,spinal,2,0.99767523,0.00232477,0.317442119,31.74421186,0.090697748,9.069774817,0.249418807,24.94188075,0.001331558,0.133155792,0.001331558,0.001864181,scenario,formalin
22.08333333,spinal,2,0.997675228,0.002324772,0.317442118,31.74421181,0.090697748,9.069774802,0.249418807,24.9418807,0.001331558,0.133155792,0.001331558,0.001864181,scenario,formalin
22.16666667,spinal,2,0.997675227,0.002324773,0.317442118,31.74421175,0.090697748,9.069774786,0.249418807,24.94188066,0.001331558,0.133155792,0.001331558,0.001864181,scenario,formalin
22.25,spinal,2,0.997675225,0.002324775,0.317442117,31.7442117,0.090697748,9.069774771,0.249418806,24.94188062,0.001331558,0.133155792,0.001331558,0.001864181,scenario,formalin
22.33333333,spinal,2,0.997675223,0.002324777,0.317442116,31.74421164,0.090697748,9.069774755,0.249418806,24.94188058,0.001331558,0.133155792,0.001331558,0.001864181,scenario,formalin
22.41666667,spinal,2,0.997675221,0.002324779,0.317442116,31.74421158,0.090697747,9.069774738,0.249418805,24.94188053,0.001331558,0.133155792,0.001331558,0.001864181,scenario,formalin
22.5,spinal,2,0.997675219,0.002324781,0.317442115,31.74421152,0.090697747,9.069774721,0.249418805,24.94188048,0.001331558,0.133155792,0.001331558,0.001864181,scenario,formalin
22.58333333,spinal,2,0.997675218,0.002324782,0.317442115,31.74421149,0.090697747,9.06977471,0.249418805,24.94188045,0.001331558,0.133155792,0.001331558,0.001864181,scenario,formalin
22.66666667,spinal,2,0.997675217,0.002324783,0.317442114,31.74421145,0.090697747,9.069774699,0.249418804,24.94188042,0.001331558,0.133155792,0.001331558,0.001864181,scenario,formalin
22.75,spinal,2,0.997675216,0.002324784,0.317442114,31.74421141,0.090697747,9.069774689,0.249418804,24.94188039,0.001331558,0.133155792,0.001331558,0.001864181,scenario,formalin
22.83333333,spinal,2,0.997675215,0.002324785,0.317442114,31.74421138,0.090697747,9.069774679,0.249418804,24.94188037,0.001331558,0.133155792,0.001331558,0.001864181,scenario,formalin
22.91666667,spinal,2,0.997675214,0.002324786,0.317442113,31.74421134,0.090697747,9.069774669,0.249418803,24.94188034,0.001331558,0.133155792,0.001331558,0.001864181,scenario,formalin
23,spinal,2,0.997675212,0.002324788,0.317442113,31.74421131,0.090697747,9.069774659,0.249418803,24.94188031,0.001331558,0.133155792,0.001331558,0.001864181,scenario,formalin
23.08333333,spinal,2,0.997675211,0.002324789,0.317442113,31.74421127,0.090697746,9.06977465,0.249418803,24.94188029,0.001331558,0.133155792,0.001331558,0.001864181,scenario,formalin
23.16666667,spinal,2,0.99767521,0.00232479,0.317442112,31.74421124,0.090697746,9.06977464,0.249418803,24.94188026,0.001331558,0.133155792,0.001331558,0.001864181,scenario,formalin
23.25,spinal,2,0.997675209,0.002324791,0.317442112,31.74421121,0.090697746,9.069774631,0.249418802,24.94188024,0.001331558,0.133155792,0.001331558,0.001864181,scenario,formalin
23.33333333,spinal,2,0.997675209,0.002324791,0.317442112,31.74421118,0.090697746,9.069774623,0.249418802,24.94188021,0.001331558,0.133155792,0.001331558,0.001864181,scenario,formalin
23.41666667,spinal,2,0.997675208,0.002324792,0.317442111,31.74421115,0.090697746,9.069774614,0.249418802,24.94188019,0.001331558,0.133155792,0.001331558,0.001864181,scenario,formalin
23.5,spinal,2,0.997675207,0.002324793,0.317442111,31.74421112,0.090697746,9.069774606,0.249418802,24.94188017,0.001331558,0.133155792,0.001331558,0.001864181,scenario,formalin
23.58333333,spinal,2,0.997675206,0.002324794,0.317442111,31.74421109,0.090697746,9.069774598,0.249418801,24.94188014,0.001331558,0.133155792,0.001331558,0.001864181,scenario,formalin
23.66666667,spinal,2,0.997675205,0.002324795,0.317442111,31.74421107,0.090697746,9.06977459,0.249418801,24.94188012,0.001331558,0.133155792,0.001331558,0.001864181,scenario,formalin
23.75,spinal,2,0.997675204,0.002324796,0.31744211,31.74421104,0.090697746,9.069774583,0.249418801,24.9418801,0.001331558,0.133155792,0.001331558,0.001864181,scenario,formalin
23.83333333,spinal,2,0.997675203,0.002324797,0.31744211,31.74421101,0.090697746,9.069774576,0.249418801,24.94188008,0.001331558,0.133155792,0.001331558,0.001864181,scenario,formalin
23.91666667,spinal,2,0.997675203,0.002324797,0.31744211,31.74421099,0.090697746,9.069774569,0.249418801,24.94188006,0.001331558,0.133155792,0.001331558,0.001864181,scenario,formalin
24,spinal,2,0.997675202,0.002324798,0.31744211,31.74421097,0.090697746,9.069774562,0.2494188,24.94188005,0.001331558,0.133155792,0.001331558,0.001864181,scenario,formalin
0,ganglia,7.808876397,0.986857704,0.013142296,0.348089045,34.80890453,0.27711475,27.711475,0.09868577,9.868577037,0.005178956,0.517895638,0.005178956,0.009322121,scenario,formalin
0.083333333,ganglia,8.136547892,0.986827751,0.013172249,0.355517201,35.55172012,0.285371585,28.53715846,0.098682775,9.86827751,0.0053951,0.539510027,0.0053951,0.00971118,scenario,formalin
0.166666667,ganglia,8.351224325,0.986780157,0.013219843,0.360280129,36.02801292,0.290669015,29.0669015,0.098678016,9.867801569,0.005536658,0.553665764,0.005536658,0.009965984,scenario,formalin
0.25,ganglia,8.426,0.98673265,0.01326735,0.361910737,36.1910737,0.29248608,29.248608,0.098673265,9.867326502,0.005585955,0.558595516,0.005585955,0.010054719,scenario,formalin
0.333333333,ganglia,8.351224325,0.986686565,0.013313435,0.360245958,36.02459582,0.290641446,29.06414463,0.098668656,9.866865649,0.005536658,0.553665764,0.005536658,0.009965984,scenario,formalin
0.416666667,ganglia,8.136547892,0.986657978,0.013342022,0.355456038,35.54560384,0.28532249,28.53224896,0.098665798,9.866579782,0.0053951,0.539510027,0.0053951,0.00971118,scenario,formalin
0.5,ganglia,7.808876397,0.986654261,0.013345739,0.348017286,34.80172862,0.277057622,27.70576223,0.098665426,9.866542613,0.005178956,0.517895638,0.005178956,0.009322121,scenario,formalin
0.583333333,ganglia,7.406831111,0.986685732,0.013314268,0.338659585,33.86595846,0.266656679,26.66566794,0.098668573,9.86685732,0.004913624,0.491362448,0.004913624,0.008844524,scenario,formalin
0.666666667,ganglia,6.973289871,0.986752036,0.013247964,0.328265929,32.82659287,0.255100806,25.51008057,0.098675204,9.86752036,0.004627348,0.462734802,0.004627348,0.008329226,scenario,formalin
0.75,ganglia,6.547991027,0.986852894,0.013147106,0.317749455,31.77494551,0.243404629,24.34046285,0.098685289,9.868528938,0.004346354,0.434635409,0.004346354,0.007823437,scenario,formalin
0.833333333,ganglia,6.161925475,0.986990542,0.013009458,0.307918592,30.79185918,0.232466153,23.24661528,0.098699054,9.869905423,0.004091144,0.40911441,0.004091144,0.007364059,scenario,formalin
0.916666667,ganglia,5.834488566,0.987154911,0.012845089,0.299361601,29.93616013,0.222940122,22.29401224,0.098715491,9.871549114,0.003874588,0.387458822,0.003874588,0.006974259,scenario,formalin
1,ganglia,5.573448986,0.987338235,0.012661765,0.292395279,29.23952791,0.215179395,21.51793951,0.098733823,9.873382349,0.003701878,0.370187784,0.003701878,0.00666338,scenario,formalin
1.083333333,ganglia,5.377052193,0.987533669,0.012466331,0.287073824,28.70738241,0.209244952,20.92449525,0.098753367,9.87533669,0.003571897,0.357189728,0.003571897,0.006429415,scenario,formalin
1.166666667,ganglia,5.237214064,0.987734077,0.012265923,0.283250082,28.3250082,0.204974083,20.49740826,0.098773408,9.877340769,0.003479328,0.347932805,0.003479328,0.00626279,scenario,formalin
1.25,ganglia,5.142794566,0.987933523,0.012066477,0.280661172,28.06611722,0.202075356,20.20753555,0.098793352,9.879335226,0.003416815,0.341681506,0.003416815,0.006150267,scenario,formalin
1.333333333,ganglia,5.08224608,0.988129458,0.011870542,0.279009143,27.90091429,0.200217997,20.02179968,0.098812946,9.881294582,0.003376723,0.337672316,0.003376723,0.006078102,scenario,formalin
1.416666667,ganglia,5.045326378,0.988318236,0.011681764,0.278016922,27.80169215,0.199094553,19.90945533,0.098831824,9.88318236,0.003352275,0.335227537,0.003352275,0.006034096,scenario,formalin
1.5,ganglia,5.023901167,0.988499529,0.011500471,0.277459655,27.74596553,0.198455225,19.84552249,0.098849953,9.884995285,0.003338087,0.33380873,0.003338087,0.006008557,scenario,formalin
1.583333333,ganglia,5.012059227,0.988672605,0.011327395,0.277171536,27.71715356,0.198115861,19.81158612,0.098867261,9.886726052,0.003330245,0.333024523,0.003330245,0.005994441,scenario,formalin
1.666666667,ganglia,5.005821731,0.988835873,0.011164127,0.2770398,27.70397999,0.197951347,19.79513473,0.098883587,9.888358733,0.003326115,0.332611453,0.003326115,0.005987006,scenario,formalin
1.75,ganglia,5.002689163,0.988989312,0.011010688,0.276993594,27.69935941,0.197882959,19.78829589,0.098898931,9.889893116,0.00332404,0.332404002,0.00332404,0.005983272,scenario,formalin
1.833333333,ganglia,5.001188541,0.989134365,0.010865635,0.276991479,27.69914787,0.197864491,19.78644913,0.098913437,9.891343651,0.003323046,0.332304624,0.003323046,0.005981483,scenario,formalin
1.916666667,ganglia,5.000502625,0.989271206,0.010728794,0.277010258,27.70102577,0.197870152,19.78701523,0.098927121,9.89271206,0.003322592,0.3322592,0.003322592,0.005980666,scenario,formalin
2,ganglia,5.000203379,0.989400086,0.010599914,0.277037819,27.70378193,0.197886456,19.78864563,0.098940009,9.894000861,0.003322394,0.332239382,0.003322394,0.005980309,scenario,formalin
2.083333333,ganglia,5.000078741,0.989521617,0.010478383,0.277068297,27.70682966,0.197906817,19.79068166,0.098952162,9.895216167,0.003322311,0.332231128,0.003322311,0.00598016,scenario,formalin
2.166666667,ganglia,5.000029169,0.98963624,0.01036376,0.277098979,27.70989786,0.197928172,19.79281717,0.098963624,9.8963624,0.003322278,0.332227845,0.003322278,0.005980101,scenario,formalin
2.25,ganglia,5.000010339,0.989744365,0.010255635,0.277128717,27.7128717,0.197949201,19.79492005,0.098974437,9.897443654,0.003322266,0.332226598,0.003322266,0.005980079,scenario,formalin
2.333333333,ganglia,5.000003507,0.989846323,0.010153677,0.27715707,27.71570704,0.197969376,19.79693757,0.098984632,9.89846323,0.003322261,0.332226146,0.003322261,0.005980071,scenario,formalin
2.416666667,ganglia,5.000001138,0.989942448,0.010057552,0.277183918,27.71839178,0.197988526,19.79885256,0.098994245,9.899424478,0.00332226,0.332225989,0.00332226,0.005980068,scenario,formalin
2.5,ganglia,5.000000353,0.990033097,0.009966903,0.277209277,27.72092772,0.198006631,19.80066305,0.09900331,9.900330967,0.003322259,0.332225937,0.003322259,0.005980067,scenario,formalin
2.583333333,ganglia,5.000000105,0.990118517,0.009881483,0.277233188,27.72331877,0.198023707,19.80237067,0.099011852,9.901185167,0.003322259,0.332225921,0.003322259,0.005980067,scenario,formalin
2.666666667,ganglia,5.00000003,0.990198881,0.009801119,0.277255687,27.72556874,0.198039777,19.80397771,0.099019888,9.901988805,0.003322259,0.332225916,0.003322259,0.005980066,scenario,formalin
2.75,ganglia,5.000000008,0.990274491,0.009725509,0.277276858,27.72768578,0.198054899,19.80548986,0.099027449,9.902744915,0.003322259,0.332225914,0.003322259,0.005980066,scenario,formalin
2.833333333,ganglia,5.000000002,0.990345654,0.009654346,0.277296783,27.72967831,0.198069131,19.80691308,0.099034565,9.903456536,0.003322259,0.332225914,0.003322259,0.005980066,scenario,formalin
2.916666667,ganglia,5.000000001,0.990412671,0.009587329,0.277315548,27.73155479,0.198082534,19.80825342,0.099041267,9.904126711,0.003322259,0.332225914,0.003322259,0.005980066,scenario,formalin
3,ganglia,5,0.990475848,0.009524152,0.277333237,27.73332375,0.19809517,19.80951696,0.099047585,9.904758481,0.003322259,0.332225914,0.003322259,0.005980066,scenario,formalin
3.083333333,ganglia,5,0.990535489,0.009464511,0.277349937,27.73499368,0.198107098,19.81070977,0.099053549,9.905354886,0.003322259,0.332225914,0.003322259,0.005980066,scenario,formalin
3.166666667,ganglia,5,0.990591897,0.009408103,0.277365731,27.73657311,0.198118379,19.81183794,0.09905919,9.905918969,0.003322259,0.332225914,0.003322259,0.005980066,scenario,formalin
3.25,ganglia,5,0.990645377,0.009354623,0.277380706,27.73807055,0.198129075,19.81290754,0.099064538,9.906453769,0.003322259,0.332225914,0.003322259,0.005980066,scenario,formalin
3.333333333,ganglia,5,0.990696134,0.009303866,0.277394918,27.73949175,0.198139227,19.81392268,0.099069613,9.906961339,0.003322259,0.332225914,0.003322259,0.005980066,scenario,formalin
3.416666667,ganglia,5,0.99074396,0.00925604,0.277408309,27.74083088,0.198148792,19.8148792,0.099074396,9.9074396,0.003322259,0.332225914,0.003322259,0.005980066,scenario,formalin
3.5,ganglia,5,0.990788978,0.009211022,0.277420914,27.74209139,0.198157796,19.81577957,0.099078898,9.907889783,0.003322259,0.332225914,0.003322259,0.005980066,scenario,formalin
3.583333333,ganglia,5,0.990831366,0.009168634,0.277432782,27.74327825,0.198166273,19.81662732,0.099083137,9.90831366,0.003322259,0.332225914,0.003322259,0.005980066,scenario,formalin
3.666666667,ganglia,5,0.9908713,0.0091287,0.277443964,27.74439641,0.19817426,19.817426,0.09908713,9.908713002,0.003322259,0.332225914,0.003322259,0.005980066,scenario,formalin
3.75,ganglia,5,0.990908958,0.009091042,0.277454508,27.74545083,0.198181792,19.81817917,0.099090896,9.909089583,0.003322259,0.332225914,0.003322259,0.005980066,scenario,formalin
3.833333333,ganglia,5,0.990944517,0.009055483,0.277464465,27.74644649,0.198188903,19.81889035,0.099094452,9.909445174,0.003322259,0.332225914,0.003322259,0.005980066,scenario,formalin
3.916666667,ganglia,5,0.990978155,0.009021845,0.277473883,27.74738833,0.198195631,19.8195631,0.099097815,9.909781548,0.003322259,0.332225914,0.003322259,0.005980066,scenario,formalin
4,ganglia,5,0.991010048,0.008989952,0.277482813,27.74828133,0.19820201,19.82020095,0.099101005,9.910100476,0.003322259,0.332225914,0.003322259,0.005980066,scenario,formalin
4.083333333,ganglia,5,0.991040364,0.008959636,0.277491302,27.74913018,0.198208073,19.82080727,0.099104036,9.910403637,0.003322259,0.332225914,0.003322259,0.005980066,scenario,formalin
4.166666667,ganglia,5,0.991068998,0.008931002,0.277499319,27.74993195,0.1982138,19.82137996,0.0991069,9.910689981,0.003322259,0.332225914,0.003322259,0.005980066,scenario,formalin
4.25,ganglia,5,0.991095934,0.008904066,0.277506862,27.75068616,0.198219187,19.82191868,0.099109593,9.910959342,0.003322259,0.332225914,0.003322259,0.005980066,scenario,formalin
4.333333333,ganglia,5,0.991121267,0.008878733,0.277513955,27.75139548,0.198224253,19.82242534,0.099112127,9.91121267,0.003322259,0.332225914,0.003322259,0.005980066,scenario,formalin
4.416666667,ganglia,5,0.991145091,0.008854909,0.277520626,27.75206255,0.198229018,19.82290182,0.099114509,9.911450912,0.003322259,0.332225914,0.003322259,0.005980066,scenario,formalin
4.5,ganglia,5,0.991167502,0.008832498,0.2775269,27.75269005,0.1982335,19.82335003,0.09911675,9.911675017,0.003322259,0.332225914,0.003322259,0.005980066,scenario,formalin
4.583333333,ganglia,5,0.991188593,0.008811407,0.277532806,27.75328061,0.198237719,19.82377187,0.099118859,9.911885933,0.003322259,0.332225914,0.003322259,0.005980066,scenario,formalin
4.666666667,ganglia,5,0.991208461,0.008791539,0.277538369,27.75383691,0.198241692,19.82416922,0.099120846,9.91208461,0.003322259,0.332225914,0.003322259,0.005980066,scenario,formalin
4.75,ganglia,5,0.991227199,0.008772801,0.277543616,27.75436158,0.19824544,19.82454399,0.09912272,9.912271994,0.003322259,0.332225914,0.003322259,0.005980066,scenario,formalin
4.833333333,ganglia,5,0.991244904,0.008755096,0.277548573,27.7548573,0.198248981,19.82489807,0.09912449,9.912449035,0.003322259,0.332225914,0.003322259,0.005980066,scenario,formalin
4.916666667,ganglia,5,0.991261606,0.008738394,0.27755325,27.75532497,0.198252321,19.82523212,0.099126161,9.912616062,0.003322259,0.332225914,0.003322259,0.005980066,scenario,formalin
5,ganglia,5,0.991277282,0.008722718,0.277557639,27.7557639,0.198255456,19.82554565,0.099127728,9.912772823,0.003322259,0.332225914,0.003322259,0.005980066,scenario,formalin
5.083333333,ganglia,5,0.991291992,0.008708008,0.277561758,27.75617579,0.198258398,19.82583985,0.099129199,9.912919924,0.003322259,0.332225914,0.003322259,0.005980066,scenario,formalin
5.166666667,ganglia,5,0.991305798,0.008694202,0.277565623,27.75656235,0.19826116,19.82611596,0.09913058,9.913057981,0.003322259,0.332225914,0.003322259,0.005980066,scenario,formalin
5.25,ganglia,5,0.991318761,0.008681239,0.277569253,27.75692532,0.198263752,19.82637523,0.099131876,9.913187614,0.003322259,0.332225914,0.003322259,0.005980066,scenario,formalin
5.333333333,ganglia,5,0.991330944,0.008669056,0.277572664,27.75726643,0.198266189,19.82661888,0.099133094,9.913309439,0.003322259,0.332225914,0.003322259,0.005980066,scenario,formalin
5.416666667,ganglia,5,0.991342408,0.008657592,0.277575874,27.75758741,0.198268482,19.82684815,0.099134241,9.913424075,0.003322259,0.332225914,0.003322259,0.005980066,scenario,formalin
5.5,ganglia,5,0.991353214,0.008646786,0.2775789,27.75788999,0.198270643,19.82706428,0.099135321,9.91353214,0.003322259,0.332225914,0.003322259,0.005980066,scenario,formalin
5.583333333,ganglia,5,0.991363425,0.008636575,0.277581759,27.75817591,0.198272685,19.8272685,0.099136343,9.913634252,0.003322259,0.332225914,0.003322259,0.005980066,scenario,formalin
5.666666667,ganglia,5,0.991373087,0.008626913,0.277584464,27.75844644,0.198274617,19.82746174,0.099137309,9.913730871,0.003322259,0.332225914,0.003322259,0.005980066,scenario,formalin
5.75,ganglia,5,0.991382165,0.008617835,0.277587006,27.75870063,0.198276433,19.82764331,0.099138217,9.913821654,0.003322259,0.332225914,0.003322259,0.005980066,scenario,formalin
5.833333333,ganglia,5,0.991390686,0.008609314,0.277589392,27.7589392,0.198278137,19.82781371,0.099139069,9.913906856,0.003322259,0.332225914,0.003322259,0.005980066,scenario,formalin
5.916666667,ganglia,5,0.991398685,0.008601315,0.277591632,27.75916319,0.198279737,19.82797371,0.099139869,9.913986854,0.003322259,0.332225914,0.003322259,0.005980066,scenario,formalin
6,ganglia,5,0.991406203,0.008593797,0.277593737,27.75937368,0.198281241,19.82812406,0.09914062,9.914062028,0.003322259,0.332225914,0.003322259,0.005980066,scenario,formalin
6.083333333,ganglia,5,0.991413276,0.008586724,0.277595717,27.75957172,0.198282655,19.82826551,0.099141328,9.914132756,0.003322259,0.332225914,0.003322259,0.005980066,scenario,formalin
6.166666667,ganglia,5,0.991419942,0.008580058,0.277597584,27.75975837,0.198283988,19.82839884,0.099141994,9.914199418,0.003322259,0.332225914,0.003322259,0.005980066,scenario,formalin
6.25,ganglia,5,0.991426239,0.008573761,0.277599347,27.75993469,0.198285248,19.82852478,0.099142624,9.914262391,0.003322259,0.332225914,0.003322259,0.005980066,scenario,formalin
6.333333333,ganglia,5,0.991432205,0.008567795,0.277601018,27.76010175,0.198286441,19.82864411,0.099143221,9.914322054,0.003322259,0.332225914,0.003322259,0.005980066,scenario,formalin
6.416666667,ganglia,5,0.991437877,0.008562123,0.277602606,27.76026057,0.198287575,19.82875755,0.099143788,9.914378774,0.003322259,0.332225914,0.003322259,0.005980066,scenario,formalin
6.5,ganglia,5,0.991443234,0.008556766,0.277604105,27.76041054,0.198288647,19.82886467,0.099144323,9.914432337,0.003322259,0.332225914,0.003322259,0.005980066,scenario,formalin
6.583333333,ganglia,5,0.991448267,0.008551733,0.277605515,27.76055147,0.198289653,19.82896534,0.099144827,9.914482669,0.003322259,0.332225914,0.003322259,0.005980066,scenario,formalin
6.666666667,ganglia,5,0.991452997,0.008547003,0.277606839,27.76068391,0.198290599,19.82905993,0.0991453,9.914529966,0.003322259,0.332225914,0.003322259,0.005980066,scenario,formalin
6.75,ganglia,5,0.991457443,0.008542557,0.277608084,27.7608084,0.198291489,19.82914886,0.099145744,9.914574428,0.003322259,0.332225914,0.003322259,0.005980066,scenario,formalin
6.833333333,ganglia,5,0.991461625,0.008538375,0.277609255,27.7609255,0.198292325,19.8292325,0.099146163,9.914616251,0.003322259,0.332225914,0.003322259,0.005980066,scenario,formalin
6.916666667,ganglia,5,0.991465563,0.008534437,0.277610358,27.76103577,0.198293113,19.82931127,0.099146556,9.914655634,0.003322259,0.332225914,0.003322259,0.005980066,scenario,formalin
7,ganglia,5,0.991469277,0.008530723,0.277611398,27.76113976,0.198293855,19.82938555,0.099146928,9.914692773,0.003322259,0.332225914,0.003322259,0.005980066,scenario,formalin
7.083333333,ganglia,5,0.991472787,0.008527213,0.27761238,27.76123803,0.198294557,19.82945573,0.099147279,9.914727867,0.003322259,0.332225914,0.003322259,0.005980066,scenario,formalin
7.166666667,ganglia,5,0.991476111,0.008523889,0.277613311,27.76133112,0.198295222,19.82952223,0.099147611,9.914761113,0.003322259,0.332225914,0.003322259,0.005980066,scenario,formalin
7.25,ganglia,5,0.991479257,0.008520743,0.277614192,27.76141918,0.198295851,19.82958513,0.099147926,9.914792566,0.003322259,0.332225914,0.003322259,0.005980066,scenario,formalin
7.333333333,ganglia,5,0.99148221,0.00851779,0.277615019,27.76150188,0.198296442,19.8296442,0.099148221,9.914822102,0.003322259,0.332225914,0.003322259,0.005980066,scenario,formalin
7.416666667,ganglia,5,0.991484983,0.008515017,0.277615795,27.76157952,0.198296997,19.82969965,0.099148498,9.914849827,0.003322259,0.332225914,0.003322259,0.005980066,scenario,formalin
7.5,ganglia,5,0.991487585,0.008512415,0.277616524,27.76165239,0.198297517,19.82975171,0.099148759,9.914875854,0.003322259,0.332225914,0.003322259,0.005980066,scenario,formalin
7.583333333,ganglia,5,0.991490029,0.008509971,0.277617208,27.76172082,0.198298006,19.82980059,0.099149003,9.914900294,0.003322259,0.332225914,0.003322259,0.005980066,scenario,formalin
7.666666667,ganglia,5,0.991492326,0.008507674,0.277617851,27.76178513,0.198298465,19.82984652,0.099149233,9.914923259,0.003322259,0.332225914,0.003322259,0.005980066,scenario,formalin
7.75,ganglia,5,0.991494486,0.008505514,0.277618456,27.76184562,0.198298897,19.82988973,0.099149449,9.914944863,0.003322259,0.332225914,0.003322259,0.005980066,scenario,formalin
7.833333333,ganglia,5,0.991496522,0.008503478,0.277619026,27.7619026,0.198299304,19.82993043,0.099149652,9.914965216,0.003322259,0.332225914,0.003322259,0.005980066,scenario,formalin
7.916666667,ganglia,5,0.991498443,0.008501557,0.277619564,27.76195641,0.198299689,19.82996886,0.099149844,9.914984431,0.003322259,0.332225914,0.003322259,0.005980066,scenario,formalin
8,ganglia,5,0.991500263,0.008499737,0.277620074,27.76200736,0.198300053,19.83000526,0.099150026,9.915002628,0.003322259,0.332225914,0.003322259,0.005980066,scenario,formalin
8.083333333,ganglia,5,0.991501993,0.008498007,0.277620558,27.76205581,0.198300399,19.83003986,0.099150199,9.915019932,0.003322259,0.332225914,0.003322259,0.005980066,scenario,formalin
8.166666667,ganglia,5,0.991503636,0.008496364,0.277621018,27.7621018,0.198300727,19.83007271,0.099150364,9.915036357,0.003322259,0.332225914,0.003322259,0.005980066,scenario,formalin
8.25,ganglia,5,0.99150519,0.00849481,0.277621453,27.76214533,0.198301038,19.83010381,0.099150519,9.915051904,0.003322259,0.332225914,0.003322259,0.005980066,scenario,formalin
8.333333333,ganglia,5,0.991506657,0.008493343,0.277621864,27.7621864,0.198301331,19.83013315,0.099150666,9.915066573,0.003322259,0.332225914,0.003322259,0.005980066,scenario,formalin
8.416666667,ganglia,5,0.991508036,0.008491964,0.27762225,27.76222502,0.198301607,19.83016073,0.099150804,9.915080364,0.003322259,0.332225914,0.003322259,0.005980066,scenario,formalin
8.5,ganglia,5,0.991509328,0.008490672,0.277622612,27.76226117,0.198301866,19.83018655,0.099150933,9.915093276,0.003322259,0.332225914,0.003322259,0.005980066,scenario,formalin
8.583333333,ganglia,5,0.991510531,0.008489469,0.277622949,27.76229487,0.198302106,19.83021062,0.099151053,9.91510531,0.003322259,0.332225914,0.003322259,0.005980066,scenario,formalin
8.666666667,ganglia,5,0.991511647,0.008488353,0.277623261,27.7623261,0.198302329,19.83023293,0.099151165,9.915116465,0.003322259,0.332225914,0.003322259,0.005980066,scenario,formalin
8.75,ganglia,5,0.991512674,0.008487326,0.277623549,27.76235488,0.198302535,19.83025349,0.099151267,9.915126743,0.003322259,0.332225914,0.003322259,0.005980066,scenario,formalin
8.833333333,ganglia,5,0.991513624,0.008486376,0.277623815,27.76238148,0.198302725,19.83027249,0.099151362,9.915136243,0.003322259,0.332225914,0.003322259,0.005980066,scenario,formalin
8.916666667,ganglia,5,0.991514526,0.008485474,0.277624067,27.76240672,0.198302905,19.83029052,0.099151453,9.915145258,0.003322259,0.332225914,0.003322259,0.005980066,scenario,formalin
9,ganglia,5,0.991515381,0.008484619,0.277624307,27.76243066,0.198303076,19.83030761,0.099151538,9.915153806,0.003322259,0.332225914,0.003322259,0.005980066,scenario,formalin
9.083333333,ganglia,5,0.991516189,0.008483811,0.277624533,27.76245329,0.198303238,19.83032378,0.099151619,9.915161888,0.003322259,0.332225914,0.003322259,0.005980066,scenario,formalin
9.166666667,ganglia,5,0.99151695,0.00848305,0.277624746,27.76247461,0.19830339,19.83033901,0.099151695,9.915169503,0.003322259,0.332225914,0.003322259,0.005980066,scenario,formalin
9.25,ganglia,5,0.991517665,0.008482335,0.277624946,27.76249462,0.198303533,19.8303533,0.099151767,9.915176652,0.003322259,0.332225914,0.003322259,0.005980066,scenario,formalin
9.333333333,ganglia,5,0.991518333,0.008481667,0.277625133,27.76251333,0.198303667,19.83036667,0.099151833,9.915183334,0.003322259,0.332225914,0.003322259,0.005980066,scenario,formalin
9.416666667,ganglia,5,0.991518955,0.008481045,0.277625307,27.76253074,0.198303791,19.8303791,0.099151895,9.915189549,0.003322259,0.332225914,0.003322259,0.005980066,scenario,formalin
9.5,ganglia,5,0.99151953,0.00848047,0.277625468,27.76254683,0.198303906,19.8303906,0.099151953,9.915195298,0.003322259,0.332225914,0.003322259,0.005980066,scenario,formalin
9.583333333,ganglia,5,0.991520058,0.008479942,0.277625616,27.76256162,0.198304012,19.83040116,0.099152006,9.915200579,0.003322259,0.332225914,0.003322259,0.005980066,scenario,formalin
9.666666667,ganglia,5,0.99152055,0.00847945,0.277625754,27.76257541,0.19830411,19.83041101,0.099152055,9.915205503,0.003322259,0.332225914,0.003322259,0.005980066,scenario,formalin
9.75,ganglia,5,0.991521021,0.008478979,0.277625886,27.76258859,0.198304204,19.83042042,0.099152102,9.915210211,0.003322259,0.332225914,0.003322259,0.005980066,scenario,formalin
9.833333333,ganglia,5,0.99152147,0.00847853,0.277626012,27.76260117,0.198304294,19.83042941,0.099152147,9.915214705,0.003322259,0.332225914,0.003322259,0.005980066,scenario,formalin
9.916666667,ganglia,5,0.991521898,0.008478102,0.277626132,27.76261315,0.19830438,19.83043797,0.09915219,9.915218984,0.003322259,0.332225914,0.003322259,0.005980066,scenario,formalin
10,ganglia,5,0.991522305,0.008477695,0.277626245,27.76262453,0.198304461,19.83044609,0.09915223,9.915223047,0.003322259,0.332225914,0.003322259,0.005980066,scenario,formalin
10.08333333,ganglia,5,0.99152269,0.00847731,0.277626353,27.76263531,0.198304538,19.83045379,0.099152269,9.915226897,0.003322259,0.332225914,0.003322259,0.005980066,scenario,formalin
10.16666667,ganglia,5,0.991523053,0.008476947,0.277626455,27.76264549,0.198304611,19.83046106,0.099152305,9.915230531,0.003322259,0.332225914,0.003322259,0.005980066,scenario,formalin
10.25,ganglia,5,0.991523395,0.008476605,0.277626551,27.76265506,0.198304679,19.8304679,0.09915234,9.915233951,0.003322259,0.332225914,0.003322259,0.005980066,scenario,formalin
10.33333333,ganglia,5,0.991523716,0.008476284,0.27762664,27.76266404,0.198304743,19.83047431,0.099152372,9.915237156,0.003322259,0.332225914,0.003322259,0.005980066,scenario,formalin
10.41666667,ganglia,5,0.991524015,0.008475985,0.277626724,27.76267241,0.198304803,19.83048029,0.099152401,9.915240147,0.003322259,0.332225914,0.003322259,0.005980066,scenario,formalin
10.5,ganglia,5,0.991524299,0.008475701,0.277626804,27.76268036,0.19830486,19.83048597,0.09915243,9.915242985,0.003322259,0.332225914,0.003322259,0.005980066,scenario,formalin
10.58333333,ganglia,5,0.99152457,0.00847543,0.27762688,27.76268797,0.198304914,19.83049141,0.099152457,9.915245704,0.003322259,0.332225914,0.003322259,0.005980066,scenario,formalin
10.66666667,ganglia,5,0.99152483,0.00847517,0.277626953,27.76269525,0.198304966,19.83049661,0.099152483,9.915248304,0.003322259,0.332225914,0.003322259,0.005980066,scenario,formalin
10.75,ganglia,5,0.991525078,0.008474922,0.277627022,27.7627022,0.198305016,19.83050157,0.099152508,9.915250784,0.003322259,0.332225914,0.003322259,0.005980066,scenario,formalin
10.83333333,ganglia,5,0.991525315,0.008474685,0.277627088,27.76270881,0.198305063,19.83050629,0.099152531,9.915253145,0.003322259,0.332225914,0.003322259,0.005980066,scenario,formalin
10.91666667,ganglia,5,0.991525539,0.008474461,0.277627151,27.76271509,0.198305108,19.83051078,0.099152554,9.915255388,0.003322259,0.332225914,0.003322259,0.005980066,scenario,formalin
11,ganglia,5,0.991525751,0.008474249,0.27762721,27.76272103,0.19830515,19.83051502,0.099152575,9.915257511,0.003322259,0.332225914,0.003322259,0.005980066,scenario,formalin
11.08333333,ganglia,5,0.991525951,0.008474049,0.277627266,27.76272664,0.19830519,19.83051903,0.099152595,9.915259515,0.003322259,0.332225914,0.003322259,0.005980066,scenario,formalin
11.16666667,ganglia,5,0.99152614,0.00847386,0.277627319,27.76273192,0.198305228,19.8305228,0.099152614,9.915261399,0.003322259,0.332225914,0.003322259,0.005980066,scenario,formalin
11.25,ganglia,5,0.991526317,0.008473683,0.277627369,27.76273687,0.198305263,19.83052634,0.099152632,9.915263168,0.003322259,0.332225914,0.003322259,0.005980066,scenario,formalin
11.33333333,ganglia,5,0.991526485,0.008473515,0.277627416,27.76274159,0.198305297,19.83052971,0.099152649,9.915264853,0.003322259,0.332225914,0.003322259,0.005980066,scenario,formalin
11.41666667,ganglia,5,0.991526646,0.008473354,0.277627461,27.7627461,0.198305329,19.83053293,0.099152665,9.915266463,0.003322259,0.332225914,0.003322259,0.005980066,scenario,formalin
11.5,ganglia,5,0.9915268,0.0084732,0.277627504,27.76275039,0.19830536,19.83053599,0.09915268,9.915267997,0.003322259,0.332225914,0.003322259,0.005980066,scenario,formalin
11.58333333,ganglia,5,0.991526946,0.008473054,0.277627545,27.76275448,0.198305389,19.83053891,0.099152695,9.915269456,0.003322259,0.332225914,0.003322259,0.005980066,scenario,formalin
11.66666667,ganglia,5,0.991527084,0.008472916,0.277627583,27.76275835,0.198305417,19.83054168,0.099152708,9.915270839,0.003322259,0.332225914,0.003322259,0.005980066,scenario,formalin
11.75,ganglia,5,0.991527215,0.008472785,0.27762762,27.76276201,0.198305443,19.83054429,0.099152721,9.915272147,0.003322259,0.332225914,0.003322259,0.005980066,scenario,formalin
11.83333333,ganglia,5,0.991527338,0.008472662,0.277627655,27.76276546,0.198305468,19.83054676,0.099152734,9.91527338,0.003322259,0.332225914,0.003322259,0.005980066,scenario,formalin
11.91666667,ganglia,5,0.991527454,0.008472546,0.277627687,27.76276871,0.198305491,19.83054908,0.099152745,9.915274538,0.003322259,0.332225914,0.003322259,0.005980066,scenario,formalin
12,ganglia,5,0.991527562,0.008472438,0.277627717,27.76277174,0.198305512,19.83055124,0.099152756,9.91527562,0.003322259,0.332225914,0.003322259,0.005980066,scenario,formalin
12.08333333,ganglia,5,0.991527663,0.008472337,0.277627746,27.76277457,0.198305533,19.83055326,0.099152766,9.915276632,0.003322259,0.332225914,0.003322259,0.005980066,scenario,formalin
12.16666667,ganglia,5,0.99152776,0.00847224,0.277627773,27.76277727,0.198305552,19.83055519,0.099152776,9.915277597,0.003322259,0.332225914,0.003322259,0.005980066,scenario,formalin
12.25,ganglia,5,0.991527852,0.008472148,0.277627798,27.76277985,0.19830557,19.83055703,0.099152785,9.915278517,0.003322259,0.332225914,0.003322259,0.005980066,scenario,formalin
12.33333333,ganglia,5,0.991527939,0.008472061,0.277627823,27.76278229,0.198305588,19.83055878,0.099152794,9.915279391,0.003322259,0.332225914,0.003322259,0.005980066,scenario,formalin
12.41666667,ganglia,5,0.991528022,0.008471978,0.277627846,27.76278462,0.198305604,19.83056044,0.099152802,9.91528022,0.003322259,0.332225914,0.003322259,0.005980066,scenario,formalin
12.5,ganglia,5,0.9915281,0.0084719,0.277627868,27.76278681,0.19830562,19.83056201,0.09915281,9.915281005,0.003322259,0.332225914,0.003322259,0.005980066,scenario,formalin
12.58333333,ganglia,5,0.991528174,0.008471826,0.277627889,27.76278888,0.198305635,19.83056349,0.099152817,9.915281744,0.003322259,0.332225914,0.003322259,0.005980066,scenario,formalin
12.66666667,ganglia,5,0.991528244,0.008471756,0.277627908,27.76279083,0.198305649,19.83056488,0.099152824,9.915282438,0.003322259,0.332225914,0.003322259,0.005980066,scenario,formalin
12.75,ganglia,5,0.991528309,0.008471691,0.277627926,27.76279264,0.198305662,19.83056617,0.099152831,9.915283086,0.003322259,0.332225914,0.003322259,0.005980066,scenario,formalin
12.83333333,ganglia,5,0.991528369,0.008471631,0.277627943,27.76279433,0.198305674,19.83056738,0.099152837,9.91528369,0.003322259,0.332225914,0.003322259,0.005980066,scenario,formalin
12.91666667,ganglia,5,0.991528426,0.008471574,0.277627959,27.76279592,0.198305685,19.83056851,0.099152843,9.915284256,0.003322259,0.332225914,0.003322259,0.005980066,scenario,formalin
13,ganglia,5,0.99152848,0.00847152,0.277627974,27.76279743,0.198305696,19.83056959,0.099152848,9.915284795,0.003322259,0.332225914,0.003322259,0.005980066,scenario,formalin
13.08333333,ganglia,5,0.991528531,0.008471469,0.277627989,27.76279887,0.198305706,19.83057062,0.099152853,9.91528531,0.003322259,0.332225914,0.003322259,0.005980066,scenario,formalin
13.16666667,ganglia,5,0.99152858,0.00847142,0.277628002,27.76280024,0.198305716,19.8305716,0.099152858,9.915285799,0.003322259,0.332225914,0.003322259,0.005980066,scenario,formalin
13.25,ganglia,5,0.991528626,0.008471374,0.277628015,27.76280154,0.198305725,19.83057253,0.099152863,9.915286263,0.003322259,0.332225914,0.003322259,0.005980066,scenario,formalin
13.33333333,ganglia,5,0.99152867,0.00847133,0.277628028,27.76280277,0.198305734,19.8305734,0.099152867,9.915286702,0.003322259,0.332225914,0.003322259,0.005980066,scenario,formalin
13.41666667,ganglia,5,0.991528712,0.008471288,0.277628039,27.76280392,0.198305742,19.83057423,0.099152871,9.915287115,0.003322259,0.332225914,0.003322259,0.005980066,scenario,formalin
13.5,ganglia,5,0.99152875,0.00847125,0.27762805,27.76280501,0.19830575,19.83057501,0.099152875,9.915287504,0.003322259,0.332225914,0.003322259,0.005980066,scenario,formalin
13.58333333,ganglia,5,0.991528787,0.008471213,0.27762806,27.76280603,0.198305757,19.83057573,0.099152879,9.915287867,0.003322259,0.332225914,0.003322259,0.005980066,scenario,formalin
13.66666667,ganglia,5,0.99152882,0.00847118,0.27762807,27.76280697,0.198305764,19.83057641,0.099152882,9.915288204,0.003322259,0.332225914,0.003322259,0.005980066,scenario,formalin
13.75,ganglia,5,0.991528852,0.008471148,0.277628079,27.76280786,0.19830577,19.83057705,0.099152885,9.915288523,0.003322259,0.332225914,0.003322259,0.005980066,scenario,formalin
13.83333333,ganglia,5,0.991528883,0.008471117,0.277628087,27.76280872,0.198305777,19.83057765,0.099152888,9.915288827,0.003322259,0.332225914,0.003322259,0.005980066,scenario,formalin
13.91666667,ganglia,5,0.991528912,0.008471088,0.277628095,27.76280953,0.198305782,19.83057824,0.099152891,9.915289118,0.003322259,0.332225914,0.003322259,0.005980066,scenario,formalin
14,ganglia,5,0.991528939,0.008471061,0.277628103,27.7628103,0.198305788,19.83057879,0.099152894,9.915289394,0.003322259,0.332225914,0.003322259,0.005980066,scenario,formalin
14.08333333,ganglia,5,0.991528966,0.008471034,0.27762811,27.76281104,0.198305793,19.83057931,0.099152897,9.915289656,0.003322259,0.332225914,0.003322259,0.005980066,scenario,formalin
14.16666667,ganglia,5,0.99152899,0.00847101,0.277628117,27.76281173,0.198305798,19.83057981,0.099152899,9.915289904,0.003322259,0.332225914,0.003322259,0.005980066,scenario,formalin
14.25,ganglia,5,0.991529014,0.008470986,0.277628124,27.76281239,0.198305803,19.83058028,0.099152901,9.915290138,0.003322259,0.332225914,0.003322259,0.005980066,scenario,formalin
14.33333333,ganglia,5,0.991529036,0.008470964,0.27762813,27.762813,0.198305807,19.83058071,0.099152904,9.915290357,0.003322259,0.332225914,0.003322259,0.005980066,scenario,formalin
14.41666667,ganglia,5,0.991529056,0.008470944,0.277628136,27.76281358,0.198305811,19.83058113,0.099152906,9.915290563,0.003322259,0.332225914,0.003322259,0.005980066,scenario,formalin
14.5,ganglia,5,0.99152908,0.00847092,0.277628142,27.76281423,0.198305816,19.83058159,0.099152908,9.915290795,0.003322259,0.332225914,0.003322259,0.005980066,scenario,formalin
14.58333333,ganglia,5,0.991529112,0.008470888,0.277628151,27.76281514,0.198305822,19.83058224,0.099152911,9.915291121,0.003322259,0.332225914,0.003322259,0.005980066,scenario,formalin
14.66666667,ganglia,5,0.991529144,0.008470856,0.27762816,27.76281602,0.198305829,19.83058287,0.099152914,9.915291437,0.003322259,0.332225914,0.003322259,0.005980066,scenario,formalin
14.75,ganglia,5,0.991529174,0.008470826,0.277628169,27.76281689,0.198305835,19.83058349,0.099152917,9.915291745,0.003322259,0.332225914,0.003322259,0.005980066,scenario,formalin
14.83333333,ganglia,5,0.991529204,0.008470796,0.277628177,27.76281772,0.198305841,19.83058409,0.09915292,9.915292044,0.003322259,0.332225914,0.003322259,0.005980066,scenario,formalin
14.91666667,ganglia,5,0.991529233,0.008470767,0.277628185,27.76281854,0.198305847,19.83058467,0.099152923,9.915292334,0.003322259,0.332225914,0.003322259,0.005980066,scenario,formalin
15,ganglia,5,0.991529262,0.008470738,0.277628193,27.76281932,0.198305852,19.83058523,0.099152926,9.915292616,0.003322259,0.332225914,0.003322259,0.005980066,scenario,formalin
15.08333333,ganglia,5,0.991529289,0.008470711,0.277628201,27.76282009,0.198305858,19.83058578,0.099152929,9.915292889,0.003322259,0.332225914,0.003322259,0.005980066,scenario,formalin
15.16666667,ganglia,5,0.991529315,0.008470685,0.277628208,27.76282083,0.198305863,19.83058631,0.099152932,9.915293153,0.003322259,0.332225914,0.003322259,0.005980066,scenario,formalin
15.25,ganglia,5,0.991529341,0.008470659,0.277628215,27.76282155,0.198305868,19.83058682,0.099152934,9.915293409,0.003322259,0.332225914,0.003322259,0.005980066,scenario,formalin
15.33333333,ganglia,5,0.991529366,0.008470634,0.277628222,27.76282224,0.198305873,19.83058731,0.099152937,9.915293656,0.003322259,0.332225914,0.003322259,0.005980066,scenario,formalin
15.41666667,ganglia,5,0.991529389,0.008470611,0.277628229,27.76282291,0.198305878,19.83058779,0.099152939,9.915293895,0.003322259,0.332225914,0.003322259,0.005980066,scenario,formalin
15.5,ganglia,5,0.991529412,0.008470588,0.277628235,27.76282355,0.198305882,19.83058825,0.099152941,9.915294125,0.003322259,0.332225914,0.003322259,0.005980066,scenario,formalin
15.58333333,ganglia,5,0.991529435,0.008470565,0.277628242,27.76282417,0.198305887,19.83058869,0.099152943,9.915294346,0.003322259,0.332225914,0.003322259,0.005980066,scenario,formalin
15.66666667,ganglia,5,0.991529456,0.008470544,0.277628248,27.76282476,0.198305891,19.83058912,0.099152946,9.915294558,0.003322259,0.332225914,0.003322259,0.005980066,scenario,formalin
15.75,ganglia,5,0.991529476,0.008470524,0.277628253,27.76282533,0.198305895,19.83058952,0.099152948,9.915294762,0.003322259,0.332225914,0.003322259,0.005980066,scenario,formalin
15.83333333,ganglia,5,0.991529496,0.008470504,0.277628259,27.76282588,0.198305899,19.83058991,0.09915295,9.915294957,0.003322259,0.332225914,0.003322259,0.005980066,scenario,formalin
15.91666667,ganglia,5,0.991529514,0.008470486,0.277628264,27.7628264,0.198305903,19.83059029,0.099152951,9.915295144,0.003322259,0.332225914,0.003322259,0.005980066,scenario,formalin
16,ganglia,5,0.991529532,0.008470468,0.277628269,27.7628269,0.198305906,19.83059064,0.099152953,9.915295322,0.003322259,0.332225914,0.003322259,0.005980066,scenario,formalin
16.08333333,ganglia,5,0.991529549,0.008470451,0.277628274,27.76282737,0.19830591,19.83059098,0.099152955,9.915295491,0.003322259,0.332225914,0.003322259,0.005980066,scenario,formalin
16.16666667,ganglia,5,0.991529565,0.008470435,0.277628278,27.76282782,0.198305913,19.8305913,0.099152957,9.915295651,0.003322259,0.332225914,0.003322259,0.005980066,scenario,formalin
16.25,ganglia,5,0.99152958,0.00847042,0.277628282,27.76282825,0.198305916,19.83059161,0.099152958,9.915295803,0.003322259,0.332225914,0.003322259,0.005980066,scenario,formalin
16.33333333,ganglia,5,0.991529595,0.008470405,0.277628286,27.76282865,0.198305919,19.83059189,0.099152959,9.915295946,0.003322259,0.332225914,0.003322259,0.005980066,scenario,formalin
16.41666667,ganglia,5,0.991529608,0.008470392,0.27762829,27.76282903,0.198305922,19.83059216,0.099152961,9.915296081,0.003322259,0.332225914,0.003322259,0.005980066,scenario,formalin
16.5,ganglia,5,0.991529621,0.008470379,0.277628294,27.76282938,0.198305924,19.83059241,0.099152962,9.915296207,0.003322259,0.332225914,0.003322259,0.005980066,scenario,formalin
16.58333333,ganglia,5,0.991529632,0.008470368,0.277628297,27.76282971,0.198305926,19.83059265,0.099152963,9.915296324,0.003322259,0.332225914,0.003322259,0.005980066,scenario,formalin
16.66666667,ganglia,5,0.991529643,0.008470357,0.2776283,27.76283001,0.198305929,19.83059287,0.099152964,9.915296433,0.003322259,0.332225914,0.003322259,0.005980066,scenario,formalin
16.75,ganglia,5,0.991529653,0.008470347,0.277628303,27.76283029,0.198305931,19.83059307,0.099152965,9.915296533,0.003322259,0.332225914,0.003322259,0.005980066,scenario,formalin
16.83333333,ganglia,5,0.991529662,0.008470338,0.277628305,27.76283055,0.198305932,19.83059325,0.099152966,9.915296624,0.003322259,0.332225914,0.003322259,0.005980066,scenario,formalin
16.91666667,ganglia,5,0.991529671,0.008470329,0.277628308,27.76283078,0.198305934,19.83059341,0.099152967,9.915296706,0.003322259,0.332225914,0.003322259,0.005980066,scenario,formalin
17,ganglia,5,0.991529678,0.008470322,0.27762831,27.76283098,0.198305936,19.83059356,0.099152968,9.91529678,0.003322259,0.332225914,0.003322259,0.005980066,scenario,formalin
17.08333333,ganglia,5,0.991529685,0.008470315,0.277628312,27.76283117,0.198305937,19.83059369,0.099152968,9.915296846,0.003322259,0.332225914,0.003322259,0.005980066,scenario,formalin
17.16666667,ganglia,5,0.99152969,0.00847031,0.277628313,27.76283133,0.198305938,19.8305938,0.099152969,9.915296902,0.003322259,0.332225914,0.003322259,0.005980066,scenario,formalin
17.25,ganglia,5,0.991529695,0.008470305,0.277628315,27.76283146,0.198305939,19.8305939,0.09915297,9.91529695,0.003322259,0.332225914,0.003322259,0.005980066,scenario,formalin
17.33333333,ganglia,5,0.991529699,0.008470301,0.277628316,27.76283157,0.19830594,19.83059398,0.09915297,9.915296989,0.003322259,0.332225914,0.003322259,0.005980066,scenario,formalin
17.41666667,ganglia,5,0.991529702,0.008470298,0.277628317,27.76283166,0.19830594,19.83059404,0.09915297,9.91529702,0.003322259,0.332225914,0.003322259,0.005980066,scenario,formalin
17.5,ganglia,5,0.991529704,0.008470296,0.277628317,27.76283172,0.198305941,19.83059408,0.09915297,9.915297042,0.003322259,0.332225914,0.003322259,0.005980066,scenario,formalin
17.58333333,ganglia,5,0.991529706,0.008470294,0.277628318,27.76283175,0.198305941,19.83059411,0.099152971,9.915297055,0.003322259,0.332225914,0.003322259,0.005980066,scenario,formalin
17.66666667,ganglia,5,0.991529706,0.008470294,0.277628318,27.76283177,0.198305941,19.83059412,0.099152971,9.91529706,0.003322259,0.332225914,0.003322259,0.005980066,scenario,formalin
17.75,ganglia,5,0.991529706,0.008470294,0.277628318,27.76283176,0.198305941,19.83059411,0.099152971,9.915297056,0.003322259,0.332225914,0.003322259,0.005980066,scenario,formalin
17.83333333,ganglia,5,0.991529704,0.008470296,0.277628317,27.76283172,0.198305941,19.83059409,0.09915297,9.915297043,0.003322259,0.332225914,0.003322259,0.005980066,scenario,formalin
17.91666667,ganglia,5,0.991529702,0.008470298,0.277628317,27.76283166,0.19830594,19.83059404,0.09915297,9.915297022,0.003322259,0.332225914,0.003322259,0.005980066,scenario,formalin
18,ganglia,5,0.991529699,0.008470301,0.277628316,27.76283158,0.19830594,19.83059398,0.09915297,9.915296992,0.003322259,0.332225914,0.003322259,0.005980066,scenario,formalin
18.08333333,ganglia,5,0.991529695,0.008470305,0.277628315,27.76283147,0.198305939,19.83059391,0.09915297,9.915296953,0.003322259,0.332225914,0.003322259,0.005980066,scenario,formalin
18.16666667,ganglia,5,0.991529691,0.008470309,0.277628313,27.76283134,0.198305938,19.83059381,0.099152969,9.915296906,0.003322259,0.332225914,0.003322259,0.005980066,scenario,formalin
18.25,ganglia,5,0.991529685,0.008470315,0.277628312,27.76283118,0.198305937,19.8305937,0.099152968,9.91529685,0.003322259,0.332225914,0.003322259,0.005980066,scenario,formalin
18.33333333,ganglia,5,0.991529679,0.008470321,0.27762831,27.762831,0.198305936,19.83059357,0.099152968,9.915296785,0.003322259,0.332225914,0.003322259,0.005980066,scenario,formalin
18.41666667,ganglia,5,0.991529671,0.008470329,0.277628308,27.76283079,0.198305934,19.83059342,0.099152967,9.915296712,0.003322259,0.332225914,0.003322259,0.005980066,scenario,formalin
18.5,ganglia,5,0.991529663,0.008470337,0.277628306,27.76283056,0.198305933,19.83059326,0.099152966,9.91529663,0.003322259,0.332225914,0.003322259,0.005980066,scenario,formalin
18.58333333,ganglia,5,0.991529654,0.008470346,0.277628303,27.76283031,0.198305931,19.83059308,0.099152965,9.915296539,0.003322259,0.332225914,0.003322259,0.005980066,scenario,formalin
18.66666667,ganglia,5,0.991529644,0.008470356,0.2776283,27.76283003,0.198305929,19.83059288,0.099152964,9.91529644,0.003322259,0.332225914,0.003322259,0.005980066,scenario,formalin
18.75,ganglia,5,0.991529633,0.008470367,0.277628297,27.76282973,0.198305927,19.83059266,0.099152963,9.915296332,0.003322259,0.332225914,0.003322259,0.005980066,scenario,formalin
18.83333333,ganglia,5,0.991529622,0.008470378,0.277628294,27.7628294,0.198305924,19.83059243,0.099152962,9.915296215,0.003322259,0.332225914,0.003322259,0.005980066,scenario,formalin
18.91666667,ganglia,5,0.991529623,0.008470377,0.277628295,27.76282945,0.198305925,19.83059247,0.099152962,9.915296233,0.003322259,0.332225914,0.003322259,0.005980066,scenario,formalin
19,ganglia,5,0.991529627,0.008470373,0.277628296,27.76282957,0.198305925,19.83059255,0.099152963,9.915296275,0.003322259,0.332225914,0.003322259,0.005980066,scenario,formalin
19.08333333,ganglia,5,0.991529631,0.008470369,0.277628297,27.76282968,0.198305926,19.83059263,0.099152963,9.915296314,0.003322259,0.332225914,0.003322259,0.005980066,scenario,formalin
19.16666667,ganglia,5,0.991529635,0.008470365,0.277628298,27.76282978,0.198305927,19.8305927,0.099152964,9.915296352,0.003322259,0.332225914,0.003322259,0.005980066,scenario,formalin
19.25,ganglia,5,0.991529639,0.008470361,0.277628299,27.76282988,0.198305928,19.83059277,0.099152964,9.915296386,0.003322259,0.332225914,0.003322259,0.005980066,scenario,formalin
19.33333333,ganglia,5,0.991529642,0.008470358,0.2776283,27.76282997,0.198305928,19.83059284,0.099152964,9.915296419,0.003322259,0.332225914,0.003322259,0.005980066,scenario,formalin
19.41666667,ganglia,5,0.991529645,0.008470355,0.277628301,27.76283006,0.198305929,19.8305929,0.099152964,9.915296449,0.003322259,0.332225914,0.003322259,0.005980066,scenario,formalin
19.5,ganglia,5,0.991529648,0.008470352,0.277628301,27.76283014,0.19830593,19.83059295,0.099152965,9.915296477,0.003322259,0.332225914,0.003322259,0.005980066,scenario,formalin
19.58333333,ganglia,5,0.99152965,0.00847035,0.277628302,27.76283021,0.19830593,19.83059301,0.099152965,9.915296503,0.003322259,0.332225914,0.003322259,0.005980066,scenario,formalin
19.66666667,ganglia,5,0.991529653,0.008470347,0.277628303,27.76283027,0.198305931,19.83059305,0.099152965,9.915296526,0.003322259,0.332225914,0.003322259,0.005980066,scenario,formalin
19.75,ganglia,5,0.991529655,0.008470345,0.277628303,27.76283033,0.198305931,19.83059309,0.099152965,9.915296547,0.003322259,0.332225914,0.003322259,0.005980066,scenario,formalin
19.83333333,ganglia,5,0.991529657,0.008470343,0.277628304,27.76283039,0.198305931,19.83059313,0.099152966,9.915296566,0.003322259,0.332225914,0.003322259,0.005980066,scenario,formalin
19.91666667,ganglia,5,0.991529658,0.008470342,0.277628304,27.76283043,0.198305932,19.83059317,0.099152966,9.915296583,0.003322259,0.332225914,0.003322259,0.005980066,scenario,formalin
20,ganglia,5,0.99152966,0.00847034,0.277628305,27.76283047,0.198305932,19.83059319,0.099152966,9.915296597,0.003322259,0.332225914,0.003322259,0.005980066,scenario,formalin
20.08333333,ganglia,5,0.991529661,0.008470339,0.277628305,27.7628305,0.198305932,19.83059322,0.099152966,9.915296609,0.003322259,0.332225914,0.003322259,0.005980066,scenario,formalin
20.16666667,ganglia,5,0.991529662,0.008470338,0.277628305,27.76283053,0.198305932,19.83059324,0.099152966,9.915296618,0.003322259,0.332225914,0.003322259,0.005980066,scenario,formalin
20.25,ganglia,5,0.991529663,0.008470337,0.277628306,27.76283055,0.198305933,19.83059325,0.099152966,9.915296626,0.003322259,0.332225914,0.003322259,0.005980066,scenario,formalin
20.33333333,ganglia,5,0.991529663,0.008470337,0.277628306,27.76283057,0.198305933,19.83059326,0.099152966,9.915296631,0.003322259,0.332225914,0.003322259,0.005980066,scenario,formalin
20.41666667,ganglia,5,0.991529663,0.008470337,0.277628306,27.76283057,0.198305933,19.83059327,0.099152966,9.915296634,0.003322259,0.332225914,0.003322259,0.005980066,scenario,formalin
20.5,ganglia,5,0.991529663,0.008470337,0.277628306,27.76283058,0.198305933,19.83059327,0.099152966,9.915296634,0.003322259,0.332225914,0.003322259,0.005980066,scenario,formalin
20.58333333,ganglia,5,0.991529663,0.008470337,0.277628306,27.76283057,0.198305933,19.83059326,0.099152966,9.915296632,0.003322259,0.332225914,0.003322259,0.005980066,scenario,formalin
20.66666667,ganglia,5,0.991529663,0.008470337,0.277628306,27.76283056,0.198305933,19.83059326,0.099152966,9.915296628,0.003322259,0.332225914,0.003322259,0.005980066,scenario,formalin
20.75,ganglia,5,0.991529662,0.008470338,0.277628305,27.76283054,0.198305932,19.83059324,0.099152966,9.915296622,0.003322259,0.332225914,0.003322259,0.005980066,scenario,formalin
20.83333333,ganglia,5,0.991529661,0.008470339,0.277628305,27.76283052,0.198305932,19.83059323,0.099152966,9.915296613,0.003322259,0.332225914,0.003322259,0.005980066,scenario,formalin
20.91666667,ganglia,5,0.99152966,0.00847034,0.277628305,27.76283049,0.198305932,19.8305932,0.099152966,9.915296602,0.003322259,0.332225914,0.003322259,0.005980066,scenario,formalin
21,ganglia,5,0.991529659,0.008470341,0.277628304,27.76283045,0.198305932,19.83059318,0.099152966,9.915296589,0.003322259,0.332225914,0.003322259,0.005980066,scenario,formalin
21.08333333,ganglia,5,0.991529657,0.008470343,0.277628304,27.76283041,0.198305931,19.83059315,0.099152966,9.915296574,0.003322259,0.332225914,0.003322259,0.005980066,scenario,formalin
21.16666667,ganglia,5,0.991529656,0.008470344,0.277628304,27.76283036,0.198305931,19.83059311,0.099152966,9.915296556,0.003322259,0.332225914,0.003322259,0.005980066,scenario,formalin
21.25,ganglia,5,0.991529654,0.008470346,0.277628303,27.7628303,0.198305931,19.83059307,0.099152965,9.915296536,0.003322259,0.332225914,0.003322259,0.005980066,scenario,formalin
21.33333333,ganglia,5,0.991529651,0.008470349,0.277628302,27.76283024,0.19830593,19.83059303,0.099152965,9.915296513,0.003322259,0.332225914,0.003322259,0.005980066,scenario,formalin
21.41666667,ganglia,5,0.991529649,0.008470351,0.277628302,27.76283017,0.19830593,19.83059298,0.099152965,9.915296489,0.003322259,0.332225914,0.003322259,0.005980066,scenario,formalin
21.5,ganglia,5,0.991529646,0.008470354,0.277628301,27.76283009,0.198305929,19.83059292,0.099152965,9.915296462,0.003322259,0.332225914,0.003322259,0.005980066,scenario,formalin
21.58333333,ganglia,5,0.991529643,0.008470357,0.2776283,27.76283001,0.198305929,19.83059286,0.099152964,9.915296432,0.003322259,0.332225914,0.003322259,0.005980066,scenario,formalin
21.66666667,ganglia,5,0.99152964,0.00847036,0.277628299,27.76282992,0.198305928,19.8305928,0.099152964,9.915296401,0.003322259,0.332225914,0.003322259,0.005980066,scenario,formalin
21.75,ganglia,5,0.991529637,0.008470363,0.277628298,27.76282983,0.198305927,19.83059273,0.099152964,9.915296367,0.003322259,0.332225914,0.003322259,0.005980066,scenario,formalin
21.83333333,ganglia,5,0.991529633,0.008470367,0.277628297,27.76282973,0.198305927,19.83059266,0.099152963,9.915296331,0.003322259,0.332225914,0.003322259,0.005980066,scenario,formalin
21.91666667,ganglia,5,0.991529629,0.008470371,0.277628296,27.76282962,0.198305926,19.83059258,0.099152963,9.915296292,0.003322259,0.332225914,0.003322259,0.005980066,scenario,formalin
22,ganglia,5,0.991529625,0.008470375,0.277628295,27.7628295,0.198305925,19.8305925,0.099152963,9.915296252,0.003322259,0.332225914,0.003322259,0.005980066,scenario,formalin
22.08333333,ganglia,5,0.991529621,0.008470379,0.277628294,27.76282938,0.198305924,19.83059242,0.099152962,9.915296209,0.003322259,0.332225914,0.003322259,0.005980066,scenario,formalin
22.16666667,ganglia,5,0.991529616,0.008470384,0.277628293,27.76282926,0.198305923,19.83059233,0.099152962,9.915296163,0.003322259,0.332225914,0.003322259,0.005980066,scenario,formalin
22.25,ganglia,5,0.991529612,0.008470388,0.277628291,27.76282912,0.198305922,19.83059223,0.099152961,9.915296116,0.003322259,0.332225914,0.003322259,0.005980066,scenario,formalin
22.33333333,ganglia,5,0.991529607,0.008470393,0.27762829,27.76282898,0.198305921,19.83059213,0.099152961,9.915296066,0.003322259,0.332225914,0.003322259,0.005980066,scenario,formalin
22.41666667,ganglia,5,0.991529601,0.008470399,0.277628288,27.76282884,0.19830592,19.83059203,0.09915296,9.915296014,0.003322259,0.332225914,0.003322259,0.005980066,scenario,formalin
22.5,ganglia,5,0.991529596,0.008470404,0.277628287,27.76282869,0.198305919,19.83059192,0.09915296,9.915295959,0.003322259,0.332225914,0.003322259,0.005980066,scenario,formalin
22.58333333,ganglia,5,0.99152959,0.00847041,0.277628285,27.76282853,0.198305918,19.83059181,0.099152959,9.915295903,0.003322259,0.332225914,0.003322259,0.005980066,scenario,formalin
22.66666667,ganglia,5,0.991529584,0.008470416,0.277628284,27.76282836,0.198305917,19.83059169,0.099152958,9.915295844,0.003322259,0.332225914,0.003322259,0.005980066,scenario,formalin
22.75,ganglia,5,0.991529578,0.008470422,0.277628282,27.76282819,0.198305916,19.83059156,0.099152958,9.915295782,0.003322259,0.332225914,0.003322259,0.005980066,scenario,formalin
22.83333333,ganglia,5,0.991529572,0.008470428,0.27762828,27.76282801,0.198305914,19.83059144,0.099152957,9.915295719,0.003322259,0.332225914,0.003322259,0.005980066,scenario,formalin
22.91666667,ganglia,5,0.991529565,0.008470435,0.277628278,27.76282783,0.198305913,19.83059131,0.099152957,9.915295653,0.003322259,0.332225914,0.003322259,0.005980066,scenario,formalin
23,ganglia,5,0.991529558,0.008470442,0.277628276,27.76282764,0.198305912,19.83059117,0.099152956,9.915295585,0.003322259,0.332225914,0.003322259,0.005980066,scenario,formalin
23.08333333,ganglia,5,0.991529551,0.008470449,0.277628274,27.76282744,0.19830591,19.83059103,0.099152955,9.915295514,0.003322259,0.332225914,0.003322259,0.005980066,scenario,formalin
23.16666667,ganglia,5,0.991529544,0.008470456,0.277628272,27.76282724,0.198305909,19.83059088,0.099152954,9.915295442,0.003322259,0.332225914,0.003322259,0.005980066,scenario,formalin
23.25,ganglia,5,0.991529537,0.008470463,0.27762827,27.76282705,0.198305907,19.83059075,0.099152954,9.915295374,0.003322259,0.332225914,0.003322259,0.005980066,scenario,formalin
23.33333333,ganglia,5,0.991529532,0.008470468,0.277628269,27.76282689,0.198305906,19.83059063,0.099152953,9.915295316,0.003322259,0.332225914,0.003322259,0.005980066,scenario,formalin
23.41666667,ganglia,5,0.991529526,0.008470474,0.277628267,27.76282673,0.198305905,19.83059052,0.099152953,9.91529526,0.003322259,0.332225914,0.003322259,0.005980066,scenario,formalin
23.5,ganglia,5,0.991529521,0.008470479,0.277628266,27.76282658,0.198305904,19.83059041,0.099152952,9.915295206,0.003322259,0.332225914,0.003322259,0.005980066,scenario,formalin
23.58333333,ganglia,5,0.991529515,0.008470485,0.277628264,27.76282643,0.198305903,19.8305903,0.099152952,9.915295152,0.003322259,0.332225914,0.003322259,0.005980066,scenario,formalin
23.66666667,ganglia,5,0.99152951,0.00847049,0.277628263,27.76282628,0.198305902,19.8305902,0.099152951,9.9152951,0.003322259,0.332225914,0.003322259,0.005980066,scenario,formalin
23.75,ganglia,5,0.991529505,0.008470495,0.277628261,27.76282614,0.198305901,19.8305901,0.09915295,9.915295049,0.003322259,0.332225914,0.003322259,0.005980066,scenario,formalin
23.83333333,ganglia,5,0.9915295,0.0084705,0.27762826,27.762826,0.1983059,19.83059,0.09915295,9.915295,0.003322259,0.332225914,0.003322259,0.005980066,scenario,formalin
23.91666667,ganglia,5,0.991529495,0.008470505,0.277628259,27.76282586,0.198305899,19.8305899,0.09915295,9.915294952,0.003322259,0.332225914,0.003322259,0.005980066,scenario,formalin
24,ganglia,5,0.99152949,0.00847051,0.277628257,27.76282573,0.198305898,19.83058981,0.099152949,9.915294905,0.003322259,0.332225914,0.003322259,0.005980066,scenario,formalin
