time_h,tissue,histamine_nm,R_surf,R_int,G_signal,G_signal_pct,G_signal_ligand,G_signal_ligand_pct,G_signal_constitutive,G_signal_constitutive_pct,beta_arr_signal,beta_arr_signal_pct,internalization_drive,k_int_eff_per_h,driver_type,driver_id,antagonist_concentration_nm
0.0,skin,915.7833284699695,0.382102971211,0.617897028789,0.37434481030316313,37.43448103031631,0.3739364860448559,37.39364860448559,0.01910514856055,1.910514856055,0.6468382350764006,64.68382350764006,0.6468382350764006,0.8085477938455008,scenario,formalin,0.001
0.08333333333333333,skin,1146.371328552046,0.383393745988,0.616606254012,0.3768178305544032,37.68178305544032,0.3764717297421087,37.64717297421087,0.019169687299400003,1.9169687299400002,0.5983696240849932,59.83696240849932,0.5983696240849932,0.7479620301062415,scenario,formalin,323.3440918634849
0.16666666666666666,skin,997.1821611176128,0.387160894533,0.612839105467,0.3791665851432225,37.91665851432225,0.3787458320174448,37.87458320174448,0.019358044726650002,1.935804472665,0.48975392460989564,48.97539246098957,0.48975392460989564,0.6121924057623696,scenario,formalin,646.6871837269703
0.25,skin,663.1167318767436,0.395744338407,0.604255661593,0.3830179263003535,38.30179263003535,0.38234811513684575,38.234811513684576,0.01978721692035,1.9787216920350001,0.3363555879207084,33.63555879207084,0.3363555879207084,0.4204444849008855,scenario,formalin,970.0302755904552
0.3333333333333333,skin,434.3717135810923,0.40920496844,0.59079503156,0.3886006102632806,38.860061026328054,0.38751617035924274,38.751617035924276,0.020460248422,2.0460248422,0.21587089508603594,21.587089508603594,0.21587089508603594,0.2698386188575449,scenario,formalin,1293.37336745394
0.4166666666666667,skin,366.7899313645014,0.425196354457,0.574803645543,0.39904613414180445,39.904613414180446,0.39766980675679414,39.76698067567941,0.021259817722850002,2.1259817722850003,0.16566442813384344,16.566442813384345,0.16566442813384344,0.2070805351673043,scenario,formalin,1616.7164593174252
0.5,skin,374.4408888857349,0.441652000292,0.558347999708,0.4139531428004778,41.39531428004778,0.4124953081956609,41.24953081956609,0.022082600014600003,2.2082600014600002,0.15030801414738018,15.030801414738018,0.15030801414738018,0.18788501768422522,scenario,formalin,1940.05955118091
0.5833333333333334,skin,392.68684526352234,0.457746267219,0.542253732781,0.4292428157380046,42.92428157380046,0.42774263408111013,42.77426340811101,0.022887313360950002,2.288731336095,0.14131242698896862,14.131242698896862,0.14131242698896862,0.17664053373621078,scenario,formalin,2263.4026430443955
0.6666666666666666,skin,400.0245628673534,0.473464134145,0.526535865855,0.44342978661722354,44.342978661722356,0.4418490314841827,44.18490314841827,0.02367320670725,2.367320670725,0.13091325426386696,13.091325426386696,0.13091325426386696,0.1636415678298337,scenario,formalin,2586.7457349078795
0.75,skin,392.27843862985964,0.48889158704,0.51110841296,0.45620222970715557,45.62022297071556,0.45448173721595325,45.448173721595325,0.024444579352000003,2.4444579352000004,0.11825045521957696,11.825045521957696,0.11825045521957694,0.14781306902447117,scenario,formalin,2910.088826771365
0.8333333333333334,skin,370.01539922869154,0.504151740655,0.495848259345,0.4673722172575125,46.73722172575125,0.46543645286817104,46.5436452868171,0.02520758703275,2.520758703275,0.10380447177417104,10.380447177417103,0.10380447177417104,0.1297555897177138,scenario,formalin,3233.4319186348516
0.9166666666666666,skin,335.7553828457165,0.519409194489,0.480590805511,0.4766495098672635,47.66495098672635,0.47439900015033004,47.439900015033004,0.02597045972445,2.597045972445,0.08836285211443284,8.836285211443284,0.08836285211443286,0.11045356514304107,scenario,formalin,3556.775010498339
1.0,skin,293.19812446293923,0.534703778565,0.465296221435,0.48340765773465505,48.340765773465506,0.480707861901479,48.0707861901479,0.026735188928249998,2.6735188928249998,0.07281476904025908,7.281476904025908,0.07281476904025908,0.09101846130032384,scenario,formalin,3880.118102361821
1.0833333333333333,skin,246.54695728795602,0.55011842249,0.44988157751,0.4862241395382999,48.62241395382999,0.48286128254084204,48.286128254084204,0.0275059211245,2.75059211245,0.0569149241866817,5.69149241866817,0.05691492418668169,0.07114365523335212,scenario,formalin,4302.364556814031
1.1666666666666667,skin,199.83337982438906,0.565608107805,0.434391892195,0.4840706309899103,48.40706309899103,0.4797791848417477,47.97791848417477,0.028280405390250004,2.8280405390250003,0.04309531644939392,4.309531644939392,0.04309531644939391,0.05386914556174239,scenario,formalin,4724.611011266244
1.25,skin,156.3713285520458,0.581013049852,0.418986950148,0.4750393849440996,47.50393849440996,0.46946182363315747,46.94618236331575,0.0290506524926,2.9050652492599998,0.031619428344023585,3.1619428344023586,0.03161942834402358,0.03952428543002948,scenario,formalin,5146.857465718452
1.3333333333333333,skin,118.43454717674574,0.59632037401,0.40367962599,0.45716916857345874,45.71691685734587,0.44984542091890395,44.9845420918904,0.029816018700500005,2.9816018700500004,0.02251883717145015,2.251883717145015,0.022518837171450153,0.02814854646431269,scenario,formalin,5569.103920170656
1.4166666666666667,skin,87.1804926426097,0.61153008028,0.38846991972,0.4289025562187624,42.890255621876236,0.419290581268171,41.9290581268171,0.030576504014,3.0576504014,0.015623821280116848,1.5623821280116847,0.015623821280116846,0.019529776600146057,scenario,formalin,5991.3503746228635
1.5,skin,62.780760462278955,0.626541099402,0.373458900598,0.3900847322083014,39.00847322083014,0.37763966025073836,37.763966025073834,0.0313270549701,3.13270549701,0.010627396911938702,1.0627396911938702,0.010627396911938702,0.013284246139923378,scenario,formalin,6413.596829075078
1.5833333333333333,skin,44.67943080916069,0.641154133068,0.358845866932,0.34319819378615973,34.319819378615975,0.3275163022450102,32.75163022450102,0.0320577066534,3.2057706653399998,0.007158770724418689,0.7158770724418689,0.007158770724418689,0.008948463405523362,scenario,formalin,6835.843283527283
1.6666666666666667,skin,31.892557505312162,0.655363845151,0.344636154849,0.29373759644945424,29.373759644945423,0.27470463599147815,27.470463599147816,0.032768192257550004,3.276819225755,0.004846671769673489,0.48466717696734896,0.004846671769673489,0.006058339712091861,scenario,formalin,7258.089737979497
1.75,skin,23.27850734649374,0.669152903882,0.330847096118,0.24829673741582395,24.829673741582393,0.22614641286497258,22.614641286497257,0.0334576451941,3.3457645194100003,0.0033622171001557854,0.33622171001557855,0.0033622171001557854,0.004202771375194732,scenario,formalin,7680.3361924317
1.8333333333333333,skin,17.738026950304423,0.682455237243,0.317544762757,0.2117403134726728,21.17403134726728,0.18696584380055034,18.696584380055032,0.03412276186215,3.4122761862149997,0.0024399305054910825,0.24399305054910825,0.002439930505491082,0.0030499131318638528,scenario,formalin,8102.582646883911
1.9166666666666667,skin,14.332508649914503,0.695264395712,0.304735604288,0.18562934212444454,18.562934212444453,0.15880644456720477,15.880644456720477,0.03476321978560001,3.4763219785600006,0.0018813123488272713,0.18813123488272712,0.0018813123488272715,0.0023516404360340894,scenario,formalin,8524.82910133612
2.0,skin,12.330648929052318,0.707582159755,0.292417840245,0.16873607004188296,16.873607004188294,0.14037574953066626,14.037574953066626,0.03537910798775001,3.5379107987750005,0.001547477125528007,0.1547477125528007,0.0015474771255280073,0.0019343464069100091,scenario,formalin,8947.075555788333
2.0833333333333335,skin,11.20459900921234,0.719422939005,0.280577060995,0.16151200726107404,16.151200726107405,0.13214827401139373,13.214827401139374,0.03597114695025,3.5971146950249997,0.0014076698730938057,0.14076698730938056,0.0014076698730938057,0.0017595873413672571,scenario,formalin,8938.168157131282
2.1666666666666665,skin,10.598186164936541,0.730789885977,0.269210114023,0.15843319425635313,15.843319425635313,0.1283091578500033,12.830915785000329,0.03653949429885,3.653949429885,0.0013328287512702213,0.13328287512702214,0.0013328287512702213,0.0016660359390877765,scenario,formalin,8929.260758474222
2.25,skin,10.285402943363383,0.741685128461,0.258314871539,0.157829245593123,15.7829245593123,0.12709998860007685,12.709998860007685,0.03708425642305,3.708425642305,0.0012947526843256195,0.12947526843256196,0.0012947526843256198,0.0016184408554070248,scenario,formalin,8920.353359817169
2.3333333333333335,skin,10.13083042488198,0.752160240695,0.247839759305,0.15858952426932343,15.858952426932344,0.12734896024691938,12.734896024691938,0.037608012034750005,3.7608012034750002,0.0012765123203784525,0.12765123203784526,0.0012765123203784523,0.0015956404004730655,scenario,formalin,8911.445961160103
2.4166666666666665,skin,10.057621860490492,0.762237271344,0.237762728656,0.16003793397175792,16.00379339717579,0.1283432320047978,12.83432320047978,0.038111863567200005,3.8111863567200004,0.0012684859536045362,0.12684859536045362,0.0012684859536045362,0.0015856074420056703,scenario,formalin,8902.538562503045
2.5,skin,10.02438338647218,0.771916220406,0.228083779594,0.1617918396823033,16.17918396823033,0.1296800301705298,12.968003017052979,0.038595811020300005,3.8595811020300004,0.001265483883003984,0.12654838830039838,0.001265483883003984,0.0015818548537549798,scenario,formalin,8893.631163845992
2.5833333333333335,skin,10.009913545141318,0.781197087883,0.218802912117,0.163649328405529,16.3649328405529,0.13114681474882,13.114681474882001,0.03905985439415,3.905985439415,0.0012648447511220161,0.12648447511220162,0.0012648447511220164,0.0015810559389025204,scenario,formalin,8884.723765188935
2.6666666666666665,skin,10.003872506679281,0.790079873773,0.209920126227,0.16550960875119425,16.550960875119426,0.13263748953952026,13.263748953952026,0.039503993688650006,3.9503993688650008,0.0012652691266923706,0.12652691266923707,0.0012652691266923704,0.001581586408365463,scenario,formalin,8875.816366531873
2.75,skin,10.00145339473711,0.798564578078,0.201435421922,0.16732487505873334,16.732487505873333,0.13410173279456142,13.410173279456142,0.0399282289039,3.99282289039,0.001266152244535431,0.1266152244535431,0.001266152244535431,0.0015826903056692888,scenario,formalin,8866.908967874815
2.8333333333333335,skin,10.000524086788277,0.806682199921,0.193317800079,0.16908001185568583,16.908001185568583,0.1355220019575114,13.55220019575114,0.04033410999605,4.033410999605,0.0012672255669091506,0.12672255669091506,0.0012672255669091506,0.001584031958636438,scenario,formalin,8858.001569217759
2.9166666666666665,skin,10.000181572912915,0.814486040722,0.185513959278,0.17077685584759172,17.077685584759173,0.13689742506472813,13.689742506472813,0.0407243020361,4.072430203610001,0.001268375242313141,0.1268375242313141,0.0012683752423131409,0.001585469052891426,scenario,formalin,8849.094170560715
3.0,skin,10.000060440372293,0.821977022143,0.178022977857,0.17241173034154125,17.241173034154126,0.1382240834046224,13.822408340462239,0.04109885110715,4.109885110715,0.0012695551543731387,0.12695551543731387,0.001269555154373139,0.0015869439429664236,scenario,formalin,8840.186771903658
3.0833333333333335,skin,10.000019329980745,0.829155144183,0.170844855817,0.17398307470297497,17.398307470297496,0.13950033420402627,13.950033420402628,0.04145775720915,4.145775720915,0.0012707474482326017,0.12707474482326017,0.0012707474482326017,0.001588434310290752,scenario,formalin,8831.279373246589
3.1666666666666665,skin,10.0000059396921,0.836022744719,0.163977255281,0.17549074953072577,17.549074953072576,0.14072590767871135,14.072590767871135,0.04180113723595,4.180113723594999,0.0012719455148562401,0.127194551485624,0.00127194551485624,0.0015899318935703,scenario,formalin,8822.37197458953
3.25,skin,10.00000175357629,0.842617703544,0.157382296456,0.17694243713878136,17.694243713878137,0.14190689680166457,14.190689680166457,0.042130885177200005,4.21308851772,0.0012731470162493607,0.12731470162493608,0.0012731470162493604,0.0015914337703117004,scenario,formalin,8813.464575932474
3.3333333333333335,skin,10.000000497408976,0.848953286512,0.151046713488,0.17834079227813993,17.834079227813994,0.14304539784477888,14.304539784477887,0.0424476643256,4.2447664325600005,0.0012743511636173375,0.12743511636173374,0.0012743511636173377,0.0015929389545216721,scenario,formalin,8804.55717727542
3.4166666666666665,skin,10.00000013555976,0.855029493623,0.144970506377,0.17968573190721993,17.968573190721994,0.14414132339586308,14.414132339586308,0.04275147468115,4.275147468115001,0.0012755577051494539,0.12755577051494538,0.0012755577051494539,0.0015944471314368173,scenario,formalin,8795.649778618368
3.5,skin,10.000000035495736,0.860846324876,0.139153675124,0.18097718822465078,18.09771882246508,0.1451946020851061,14.51946020851061,0.043042316243800005,4.304231624380001,0.0012767665669957318,0.12767665669957318,0.0012767665669957318,0.0015959582087446648,scenario,formalin,8786.742379961313
3.5833333333333335,skin,10.000000008929966,0.866416019735,0.133583980265,0.18221767232538552,18.221767232538554,0.1462072329880374,14.620723298803739,0.04332080098675001,4.332080098675001,0.001277977731727449,0.1277977731727449,0.0012779777317274493,0.0015974721646593115,scenario,formalin,8777.834981304253
3.6666666666666665,skin,10.000000002158497,0.871769696349,0.128230303651,0.1834136725494746,18.34136725494746,0.14718440813897327,14.718440813897328,0.04358848481745001,4.358848481745,0.001279191199043519,0.1279191199043519,0.001279191199043519,0.0015989889988043985,scenario,formalin,8768.927582647195
3.75,skin,10.00000000050128,0.876908890598,0.123091109402,0.18456546131013565,18.456546131013564,0.14812633345287965,14.812633345287965,0.0438454445299,4.38454445299,0.0012804069736319916,0.12804069736319917,0.0012804069736319916,0.0016005087170399895,scenario,formalin,8760.020183990147
3.8333333333333335,skin,10.000000000111852,0.881833602481,0.118166397519,0.18567298815172317,18.567298815172318,0.14903295581860332,14.903295581860332,0.04409168012405,4.409168012405,0.0012816250615854529,0.1281625061585453,0.0012816250615854529,0.001602031326981816,scenario,formalin,8751.11278533308
3.9166666666666665,skin,10.000000000023979,0.886543941963,0.113456058037,0.18673622571288112,18.673622571288114,0.1499042406470854,14.990424064708542,0.04432719709815,4.432719709815,0.0012828454693887016,0.12828454693887018,0.0012828454693887014,0.0016035568367358767,scenario,formalin,8742.205386676034
4.0,skin,10.000000000004938,0.891046956377,0.108953043623,0.18775660837947591,18.77566083794759,0.150741326905922,15.0741326905922,0.04455234781885001,4.455234781885001,0.0012840682036453388,0.12840682036453388,0.0012840682036453388,0.0016050852545566735,scenario,formalin,8733.29798801897
4.083333333333333,skin,10.000000000000977,0.895355217488,0.104644782512,0.18937986469537993,18.937986469537993,0.1522232671799789,15.22232671799789,0.0447677608744,4.47677608744,0.0012962370963236639,0.12962370963236639,0.0012962370963236639,0.0016202963704045799,scenario,formalin,8645.565636745849
4.166666666666667,skin,10.000000000000187,0.899480349706,0.100519650294,0.190978308275735,19.0978308275735,0.15368872714782633,15.368872714782633,0.0449740174853,4.49740174853,0.0013086388406876681,0.1308638840687668,0.001308638840687668,0.0016357985508595849,scenario,formalin,8557.83328547273
4.25,skin,10.000000000000034,0.903433977438,0.096566022562,0.19255418082756431,19.25541808275643,0.15513945469017296,15.513945469017296,0.04517169887190001,4.517169887190001,0.0013212801847216633,0.13212801847216632,0.001321280184721663,0.0016516002309020787,scenario,formalin,8470.100934199601
4.333333333333333,skin,10.000000000000005,0.907227725094,0.092772274906,0.1941097575818136,19.41097575818136,0.15657723297590903,15.657723297590904,0.0453613862547,4.5361386254700005,0.001334168139693425,0.1334168139693425,0.001334168139693425,0.0016677101746167813,scenario,formalin,8382.368582926478
4.416666666666667,skin,10.000000000000002,0.910873217083,0.089126782917,0.19564734814277102,19.564734814277102,0.15800388135644317,15.800388135644317,0.04554366085415,4.554366085415,0.0013473099931209848,0.13473099931209848,0.0013473099931209846,0.0016841374914012307,scenario,formalin,8294.63623165336
4.5,skin,10.0,0.914380398831,0.085619601169,0.1971689353234661,19.71689353234661,0.1594209635599117,15.94209635599117,0.045719019941550004,4.5719019941550005,0.0013607133225135698,0.13607133225135698,0.00136071332251357,0.0017008916531419626,scenario,formalin,8206.903880380232
4.583333333333333,skin,10.0,0.917744639813,0.082255360187,0.19867337698720475,19.867337698720476,0.160827521049005,16.0827521049005,0.04588723199065001,4.588723199065001,0.0013743860099410027,0.13743860099410027,0.0013743860099410027,0.0017179825124262534,scenario,formalin,8119.171529107108
4.666666666666667,skin,10.0,0.920969060053,0.079030939947,0.20016119671999336,20.016119671999334,0.16222394075509827,16.222394075509825,0.04604845300265001,4.6048453002650005,0.0013883362574904072,0.13883362574904073,0.0013883362574904075,0.0017354203218630094,scenario,formalin,8031.439177833988
4.75,skin,10.0,0.924059774377,0.075940225623,0.20163357919897323,20.163357919897322,0.16361114787381392,16.361114787381393,0.04620298871885001,4.620298871885001,0.001402572603673896,0.14025726036738959,0.001402572603673896,0.00175321575459237,scenario,formalin,7943.706826560866
4.833333333333333,skin,10.0,0.927022897608,0.072977102392,0.20309172739944767,20.309172739944767,0.16499008686215544,16.499008686215543,0.04635114488040001,4.635114488040001,0.001417103940856203,0.14171039408562028,0.0014171039408562027,0.0017713799260702535,scenario,formalin,7855.974475287745
4.916666666666667,skin,10.0,0.929864544573,0.070135455427,0.2045368630751108,20.45368630751108,0.16636172194364293,16.636172194364292,0.04649322722865001,4.6493227228650005,0.0014319395337770156,0.14319395337770155,0.0014319395337770156,0.0017899244172212695,scenario,formalin,7768.24212401462
5.0,skin,10.0,0.932590830094,0.067409169906,0.20597022724988556,20.597022724988555,0.16772703762651112,16.772703762651112,0.0466295415047,4.66295415047,0.0014470890392490668,0.14470890392490668,0.0014470890392490668,0.0018088612990613336,scenario,formalin,7680.509772741503
5.083333333333333,skin,10.0,0.935206606039,0.064793393961,0.20739280065393775,20.739280065393775,0.16908681089682923,16.908681089682922,0.04676033030195,4.676033030195001,0.001462562527120012,0.1462562527120012,0.0014625625271200119,0.0018282031589000147,scenario,formalin,7592.777421468372
5.166666666666667,skin,10.0,0.937712899196,0.062287100804,0.20880472796397526,20.880472796397527,0.17044114000439503,17.044114000439503,0.0468856449598,4.68856449598,0.0014783705025936665,0.14783705025936664,0.0014783705025936665,0.001847963128242083,scenario,formalin,7505.045070195255
5.25,skin,10.0,0.940113838448,0.059886161552,0.21020684947169166,21.020684947169165,0.17179069215714912,17.17906921571491,0.047005691922400006,4.700569192240001,0.0014945239300146363,0.14945239300146362,0.0014945239300146363,0.0018681549125182952,scenario,formalin,7417.312718922125
5.333333333333333,skin,10.0,0.942413882318,0.057586117682,0.21160009310446018,21.160009310446018,0.1731362094616423,17.313620946164228,0.0471206941159,4.71206941159,0.0015110342582294392,0.15110342582294392,0.001511034258229439,0.0018887928227867988,scenario,formalin,7329.580367649011
5.416666666666667,skin,10.0,0.944617489332,0.055382510668,0.21298540202293614,21.298540202293616,0.17447845005930118,17.44784500593012,0.0472308744666,4.72308744666,0.001527913447647455,0.1527913447647455,0.001527913447647455,0.0019098918095593188,scenario,formalin,7241.848016375883
5.5,skin,10.0,0.946729118013,0.053270881987,0.21436373503335063,21.436373503335062,0.1758181885607375,17.58181885607375,0.04733645590065,4.733645590065,0.0015451739991360562,0.1545173999136056,0.0015451739991360562,0.0019314674989200703,scenario,formalin,7154.115665102758
5.583333333333333,skin,10.0,0.948753226887,0.051246773113,0.21573606701605116,21.573606701605115,0.17715621649652755,17.715621649652753,0.047437661344350006,4.743766134435001,0.0015628289848966834,0.15628289848966834,0.0015628289848966831,0.001953536231120854,scenario,formalin,7066.383313829636
5.666666666666667,skin,10.0,0.95069297766,0.04930702234,0.21710309322039945,21.710309322039944,0.17849309930252574,17.849309930252574,0.047534648883000005,4.753464888300001,0.0015808920814820884,0.15808920814820884,0.0015808920814820886,0.0019761151018526106,scenario,formalin,6978.650962556522
5.75,skin,10.0,0.952550308807,0.047449691193,0.21846524021305885,21.846524021305886,0.1798291839712725,17.98291839712725,0.04762751544035,4.762751544035,0.001599377605130034,0.1599377605130034,0.0015993776051300343,0.001999222006412543,scenario,formalin,6890.918611283396
5.833333333333333,skin,10.0,0.954328760417,0.045671239583,0.2198233108020028,21.98233108020028,0.18116512924331876,18.116512924331875,0.04771643802085,4.771643802085,0.0016183005496052604,0.16183005496052605,0.0016183005496052602,0.0020228756870065753,scenario,formalin,6803.186260010272
5.916666666666667,skin,10.0,0.956031892192,0.043968107808,0.22117812630700034,22.117812630700033,0.18250161231305298,18.2501612313053,0.047801594609600005,4.78015946096,0.0016376766267599966,0.16376766267599965,0.0016376766267599968,0.002047095783449996,scenario,formalin,6715.453908737145
6.0,skin,10.0,0.957663263833,0.042336736167,0.22253052249403513,22.253052249403513,0.18383932558145802,18.3839325581458,0.04788316319165001,4.788316319165001,0.001657522310043568,0.16575223100435682,0.001657522310043568,0.00207190288755446,scenario,formalin,6627.721557464031
6.083333333333333,skin,10.0,0.959226435042,0.040773564958,0.22388134998356074,22.388134998356072,0.18517897708574815,18.517897708574814,0.0479613217521,4.79613217521,0.0016778548812143835,0.16778548812143834,0.0016778548812143837,0.0020973186015179794,scenario,formalin,6539.989206190909
6.166666666666667,skin,10.0,0.960724939192,0.039275060808,0.22523146849940978,22.52314684994098,0.18652128583137875,18.652128583137877,0.0480362469596,4.80362469596,0.0016986924805326418,0.16986924805326417,0.0016986924805326422,0.002123365600665803,scenario,formalin,6452.256854917778
6.25,skin,10.0,0.962159960335,0.037840039665,0.2265812001197032,22.658120011970322,0.18786652852942443,18.786652852942442,0.04810799801675,4.810799801675,0.0017200541607402071,0.1720054160740207,0.0017200541607402071,0.002150067700925259,scenario,formalin,6364.524503644657
6.333333333333333,skin,10.0,0.963532898485,0.036467101515,0.22793092404861165,22.793092404861167,0.1892150306572228,18.92150306572228,0.04817664492425,4.817664492425,0.001741959945165262,0.1741959945165262,0.001741959945165262,0.0021774499314565774,scenario,formalin,6276.792152371531
6.416666666666667,skin,10.0,0.964846439966,0.035153560034,0.22928133230651165,22.928133230651166,0.19056737927180176,19.056737927180176,0.0482423219983,4.82423219983,0.0017644308903241698,0.17644308903241698,0.0017644308903241696,0.002205538612905212,scenario,formalin,6189.059801098416
6.5,skin,10.0,0.966103271103,0.033896728897,0.2306331298741245,23.06331298741245,0.19192417507260473,19.192417507260473,0.04830516355515,4.830516355515,0.0017874891534319984,0.17874891534319984,0.0017874891534319984,0.002234361441789998,scenario,formalin,6101.327449825288
6.583333333333333,skin,10.0,0.96730607822,0.03269392178,0.23198703507070434,23.198703507070434,0.19328603279968878,19.328603279968878,0.048365303911,4.8365303911,0.0018111580652766207,0.18111580652766207,0.0018111580652766205,0.0022639475815957755,scenario,formalin,6013.595098552165
6.666666666666667,skin,10.0,0.968457547642,0.031542452358,0.2333437799465338,23.33437799465338,0.19465358164677243,19.465358164677244,0.0484228773821,4.8422877382100005,0.0018354622089602932,0.18354622089602932,0.0018354622089602935,0.0022943277612003667,scenario,formalin,5925.862747279041
6.75,skin,10.0,0.969560365695,0.030439634305,0.23470411068885438,23.47041106888544,0.19602746568853094,19.602746568853092,0.048478018284750006,4.847801828475,0.00186042750506729,0.186042750506729,0.00186042750506729,0.0023255343813341125,scenario,formalin,5838.130396005928
6.833333333333333,skin,10.0,0.970617218701,0.029382781299,0.23606878804106807,23.606878804106806,0.19740834432212426,19.740834432212427,0.048530860935050005,4.853086093505,0.0018860813038779262,0.18860813038779262,0.001886081303877926,0.0023576016298474077,scenario,formalin,5750.398044732796
6.916666666666667,skin,10.0,0.971629216103,0.028370783897,0.23743820239537347,23.743820239537346,0.1987965700949721,19.87965700949721,0.04858146080515,4.8581460805150005,0.0019124524853185493,0.19124524853185493,0.0019124524853185493,0.0023905656066481864,scenario,formalin,5662.665693459679
7.0,skin,10.0,0.972596352868,0.027403647132,0.23881247855826318,23.881247855826317,0.20019227464722442,20.01922746472244,0.0486298176434,4.86298176434,0.0019395715674155002,0.19395715674155,0.0019395715674155,0.002424464459269375,scenario,formalin,5574.933342186557
7.083333333333333,skin,10.0,0.97352045003,0.02647954997,0.24019219490262322,24.019219490262323,0.20159597094855078,20.159597094855076,0.0486760225015,4.86760225015,0.0019674708241091843,0.19674708241091843,0.0019674708241091843,0.0024593385301364804,scenario,formalin,5487.20099091343
7.166666666666667,skin,10.0,0.974403340921,0.025596659079,0.2415779447268117,24.15779447268117,0.20300818703238074,20.300818703238075,0.048720167046050006,4.8720167046050005,0.00199618441338455,0.199618441338455,0.00199618441338455,0.0024952305167306875,scenario,formalin,5399.468639640305
7.25,skin,10.0,0.975246858873,0.024753141127,0.2429703336293947,24.297033362939473,0.2044294638797313,20.44294638797313,0.048762342943650006,4.876234294365,0.00202574851678748,0.202574851678748,0.00202574851678748,0.00253218564598435,scenario,formalin,5311.736288367187
7.333333333333333,skin,10.0,0.976052837218,0.023947162782,0.24436997988847978,24.436997988847978,0.20586035581850504,20.586035581850503,0.0488026418609,4.88026418609,0.002056201491525243,0.2056201491525243,0.002056201491525243,0.0025702518644065537,scenario,formalin,5224.003937094062
7.416666666666667,skin,10.0,0.976823109289,0.023176890711,0.24577751485542418,24.577751485542418,0.20730143093786757,20.730143093786758,0.04884115546445,4.884115546445001,0.002087584036495419,0.2087584036495419,0.0020875840364954195,0.0026094800456192744,scenario,formalin,5136.27158582094
7.5,skin,10.0,0.977559508416,0.022440491584,0.2471935833620319,24.71935833620319,0.20875327151708623,20.87532715170862,0.0488779754208,4.88779754208,0.002119939373754485,0.21199393737544853,0.0021199393737544848,0.002649924217193106,scenario,formalin,5048.539234547821
7.583333333333333,skin,10.0,0.978263344642,0.021736655358,0.2486187111551978,24.86187111551978,0.21021636202431346,21.021636202431345,0.048913167232100006,4.891316723210001,0.002153313447127483,0.2153313447127483,0.0021533134471274835,0.0026916418089093543,scenario,formalin,4960.806883274695
7.666666666666667,skin,10.0,0.978934758584,0.021065241416,0.25005313691297815,25.005313691297815,0.21169094629871388,21.16909462987139,0.048946737929200006,4.894673792920001,0.0021877551398779343,0.21877551398779344,0.0021877551398779343,0.002734693924847418,scenario,formalin,4873.074532001574
7.75,skin,10.0,0.979575026911,0.020424973089,0.251497396881908,25.1497396881908,0.21317752161721892,21.31775216172189,0.04897875134555,4.897875134555,0.0022233165136067803,0.22233165136067803,0.0022233165136067803,0.0027791456420084753,scenario,formalin,4785.342180728453
7.833333333333333,skin,10.0,0.980185506019,0.019814493981,0.25295205998641745,25.295205998641745,0.21467661545838676,21.467661545838677,0.049009275300950006,4.900927530095,0.0022600530708357137,0.22600530708357136,0.0022600530708357133,0.0028250663385446417,scenario,formalin,4697.609829455326
7.916666666666667,skin,10.0,0.980767552302,0.019232447698,0.25441770807135305,25.441770807135306,0.216188768901319,21.6188768901319,0.0490383776151,4.90383776151,0.0022980240440603618,0.22980240440603616,0.0022980240440603618,0.0028725300550754523,scenario,formalin,4609.877478182208
8.0,skin,10.0,0.981322522158,0.018677477842,0.25589493632268806,25.589493632268805,0.21771453706819796,21.771453706819795,0.0490661261079,4.90661261079,0.002337292714439565,0.23372927144395653,0.0023372927144395656,0.002921615893049457,scenario,formalin,4522.145126909083
8.083333333333334,skin,10.0,0.98185177198,0.01814822802,0.25663999597932635,25.663999597932634,0.21847095513718567,21.847095513718568,0.049092588599,4.9092588599,0.0023554376718530555,0.23554376718530556,0.002355437671853055,0.0029442970898163187,scenario,formalin,4482.594581464528
8.166666666666666,skin,10.0,0.982356658165,0.017643341835,0.2573829005721324,25.73829005721324,0.2192263870146131,21.92263870146131,0.04911783290825,4.911783290825,0.0023738665607051903,0.23738665607051904,0.0023738665607051903,0.0029673332008814876,scenario,formalin,4443.044036019966
8.25,skin,10.0,0.98283840141,0.01716159859,0.2581239624005889,25.812396240058888,0.2199810971895672,21.99810971895672,0.0491419200705,4.91419200705,0.002392586097968056,0.23925860979680558,0.002392586097968055,0.002990732622460069,scenario,formalin,4403.493490575409
8.333333333333334,skin,10.0,0.983297470534,0.016702529466,0.25886329879893244,25.886329879893243,0.22073518449708682,22.073518449708683,0.0491648735267,4.91648735267,0.0024116032141691768,0.24116032141691768,0.0024116032141691763,0.0030145040177114706,scenario,formalin,4363.942945130851
8.416666666666666,skin,10.0,0.983734855194,0.016265144806,0.2596011656619337,25.96011656619337,0.22148886621287756,22.148886621287755,0.0491867427597,4.91867427597,0.002430925061946575,0.2430925061946575,0.002430925061946575,0.003038656327433219,scenario,formalin,4324.392399686291
8.5,skin,10.0,0.984151663956,0.015848336044,0.26033785279743715,26.033785279743714,0.2222423890522496,22.22423890522496,0.0492075831978,4.92075831978,0.0024505590250184185,0.24505590250184184,0.0024505590250184185,0.0030631987812730233,scenario,formalin,4284.841854241732
8.583333333333334,skin,10.0,0.984549005384,0.015450994616,0.26107365281219364,26.107365281219362,0.22299600267683542,22.29960026768354,0.0492274502692,4.92274502692,0.0024705127275908827,0.24705127275908828,0.0024705127275908827,0.0030881409094886034,scenario,formalin,4245.291308797176
8.666666666666666,skin,10.0,0.984927988045,0.015072011955,0.2618088611551044,26.18088611551044,0.2237499597398467,22.37499597398467,0.04924639940225001,4.924639940225001,0.002490794044229421,0.2490794044229421,0.0024907940442294206,0.0031134925552867756,scenario,formalin,4205.740763352615
8.75,skin,10.0,0.985289720503,0.014710279497,0.26254377615830715,26.254377615830716,0.22450451592963913,22.450451592963912,0.04926448602515,4.926448602515,0.002511411110220244,0.25114111102202435,0.0025114111102202434,0.0031392638877753044,scenario,formalin,4166.190217908064
8.833333333333334,skin,10.0,0.985635311324,0.014364688676,0.2632786990819516,26.32786990819516,0.22525993001658068,22.52599300165807,0.0492817655662,4.92817655662,0.0025323723324507377,0.25323723324507375,0.002532372332450738,0.0031654654155634228,scenario,formalin,4126.639672463502
8.916666666666666,skin,10.0,0.985965773449,0.014034226551,0.2640139085522185,26.40139085522185,0.22601644197870369,22.601644197870367,0.04929828867245001,4.929828867245001,0.0025536864008392814,0.2553686400839281,0.002553686400839282,0.003192108001049102,scenario,formalin,4087.089127018941
9.0,skin,10.0,0.986280594435,0.013719405565,0.264749276497665,26.4749276497665,0.22677394397464734,22.677394397464735,0.04931402972175,4.931402972175,0.0025753623003472114,0.25753623003472115,0.002575362300347211,0.0032192028754340135,scenario,formalin,4047.538581574389
9.083333333333334,skin,10.0,0.98657995749,0.01342004251,0.26548486079786876,26.548486079786876,0.22753248728775657,22.753248728775656,0.04932899787450001,4.93289978745,0.002597409323607777,0.2597409323607777,0.002597409323607777,0.0032467616545097215,scenario,formalin,4007.9880361298283
9.166666666666666,skin,10.0,0.98686452212,0.01313547788,0.26622084841494487,26.622084841494488,0.22829223400941562,22.82922340094156,0.049343226106000004,4.934322610600001,0.0026198370842093325,0.26198370842093327,0.002619837084209332,0.003274796355261665,scenario,formalin,3968.4374906852668
9.25,skin,10.0,0.987134947834,0.012865052166,0.2669574281960537,26.69574281960537,0.22905334821510917,22.905334821510916,0.049356747391700005,4.93567473917,0.0026426555306727382,0.26426555306727384,0.002642655530672738,0.003303319413340922,scenario,formalin,3928.886945240711
9.333333333333334,skin,10.0,0.98739189414,0.01260810586,0.26769479090123577,26.76947909012358,0.2298159959939324,22.981599599393242,0.049369594707,4.936959470700001,0.002665874961165629,0.2665874961165629,0.0026658749611656292,0.0033323437014570363,scenario,formalin,3889.3363997961524
9.416666666666666,skin,10.0,0.987636020548,0.012363979452,0.2684331292336656,26.843312923366557,0.23058034548027953,23.058034548027955,0.0493818010274,4.9381801027400005,0.002689506038999239,0.2689506038999239,0.0026895060389992395,0.0033618825487490493,scenario,formalin,3849.7858543515968
9.5,skin,10.0,0.987867986565,0.012132013435,0.26917263786828427,26.91726378682843,0.23134656688424662,23.134656688424663,0.04939339932825,4.939339932825,0.0027135598089568463,0.27135598089568463,0.002713559808956846,0.0033919497611960576,scenario,formalin,3810.2353089070375
9.583333333333334,skin,10.0,0.9880884517,0.0119115483,0.26991351348370074,26.991351348370074,0.23211483252494813,23.211483252494812,0.049404422585,4.9404422585,0.0027380477145062952,0.27380477145062954,0.0027380477145062957,0.0034225596431328694,scenario,formalin,3770.6847634624773
9.666666666666666,skin,10.0,0.988298064386,0.011701935614,0.270655951759484,27.0655951759484,0.23288531425282524,23.288531425282525,0.049414903219300005,4.941490321930001,0.002762981615953017,0.27629816159530174,0.0027629816159530176,0.003453727019941272,scenario,formalin,3731.134218017921
9.75,skin,10.0,0.988496709188,0.011503290812,0.2713999406839616,27.139994068396163,0.23365800549953855,23.365800549953857,0.049424835459400004,4.94248354594,0.002788373809594018,0.2788373809594018,0.0027883738095940175,0.0034854672619925218,scenario,formalin,3691.583672573362
9.833333333333334,skin,10.0,0.988684392502,0.011315607498,0.2721455017026665,27.214550170266648,0.23443292850270162,23.44329285027016,0.0494342196251,4.94342196251,0.0028142370479378094,0.2814237047937809,0.0028142370479378094,0.0035177963099222616,scenario,formalin,3652.0331271288073
9.916666666666666,skin,10.0,0.988861522231,0.011138477769,0.2728927673286462,27.28927673286462,0.23521020128115389,23.52102012811539,0.04944307611155,4.944307611155,0.002840584561060196,0.2840584561060196,0.002840584561060196,0.0035507307013252446,scenario,formalin,3612.4825816842504
10.0,skin,10.0,0.989028506274,0.010971493726,0.2736418714845938,27.36418714845938,0.23598994333778295,23.598994333778293,0.049451425313700004,4.94514253137,0.0028674300791709955,0.28674300791709956,0.002867430079170996,0.003584287598963745,scenario,formalin,3572.9320362396866
10.083333333333334,skin,10.0,0.989185752535,0.010814247465,0.27439294952758936,27.439294952758935,0.23677227568509407,23.67722756850941,0.049459287626750004,4.945928762675001,0.0028947878564725927,0.28947878564725926,0.0028947878564725927,0.003618484820590741,scenario,formalin,3533.3814907951314
10.166666666666666,skin,10.0,0.989333668914,0.010666331086,0.2751461382692968,27.51461382692968,0.237557320866944,23.7557320866944,0.0494666834457,4.94666834457,0.0029226726963974877,0.29226726963974875,0.0029226726963974877,0.0036533408704968596,scenario,formalin,3493.8309453505713
10.25,skin,10.0,0.989472663314,0.010527336686,0.2759015760010147,27.590157600101474,0.23834520298454184,23.834520298454184,0.0494736331657,4.94736331657,0.0029510999783186023,0.29510999783186026,0.0029510999783186028,0.0036888749728982533,scenario,formalin,3454.280399906015
10.333333333333334,skin,10.0,0.989603143635,0.010396856365,0.2766594025155661,27.66594025155661,0.2391360477198064,23.91360477198064,0.04948015718175,4.948015718175,0.0029800856858337487,0.2980085685833749,0.0029800856858337487,0.0037251071072921856,scenario,formalin,3414.729854461456
10.416666666666666,skin,10.0,0.989725517779,0.010274482221,0.2774197591326955,27.741975913269552,0.23992998236183738,23.992998236183738,0.04948627588895,4.948627588895,0.0030096464367334362,0.30096464367334363,0.0030096464367334362,0.003762058045916795,scenario,formalin,3375.179309016901
10.5,skin,10.0,0.989839901912,0.010160098088,0.2781827067340587,27.81827067340587,0.24072706488258813,24.072706488258813,0.049491995095600004,4.9491995095600005,0.0030397995147701767,0.3039799514770177,0.0030397995147701763,0.0037997493934627206,scenario,formalin,3335.628763572343
10.583333333333334,skin,10.0,0.989946299785,0.010053700215,0.2789482752334531,27.894827523345313,0.2415273265728454,24.152732657284538,0.04949731498925,4.949731498925,0.0030705629033568227,0.30705629033568227,0.0030705629033568223,0.003838203629196028,scenario,formalin,3296.078218127782
10.666666666666666,skin,10.0,0.990044993827,0.009955006173,0.27971657366302943,27.971657366302942,0.24233086733860992,24.233086733860993,0.04950224969135,4.950224969135,0.0031019553213320447,0.3101955321332045,0.0031019553213320447,0.003877444151665056,scenario,formalin,3256.5276726832244
10.75,skin,10.0,0.990136266658,0.009863733342,0.28048771233807934,28.048771233807933,0.24313778842650455,24.313778842650454,0.0495068133329,4.95068133329,0.0031339962609424118,0.31339962609424116,0.0031339962609424118,0.003917495326178015,scenario,formalin,3216.9771272386674
10.833333333333334,skin,10.0,0.990220400899,0.009779599101,0.2812618028237499,28.12618028237499,0.24394819239873675,24.394819239873673,0.049511020044950005,4.9511020044950005,0.0031667060282029756,0.3166706028202976,0.0031667060282029756,0.00395838253525372,scenario,formalin,3177.4265817941086
10.916666666666666,skin,10.0,0.990297679168,0.009702320832,0.28203895795426676,28.203895795426675,0.24476218315354395,24.476218315354394,0.04951488395840001,4.951488395840001,0.003200105785812011,0.3200105785812011,0.0032001057858120113,0.0040001322322650145,scenario,formalin,3137.876036349548
11.0,skin,10.0,0.990368384087,0.009631615913,0.2828192918556788,28.28192918556788,0.24557986594876713,24.557986594876713,0.04951841920435,4.951841920435,0.003234217598810466,0.3234217598810466,0.0032342175988104654,0.004042771998513082,scenario,formalin,3098.32549090499
11.083333333333334,skin,10.0,0.990432798274,0.009567201726,0.2836029199647493,28.360291996474928,0.24640134742215714,24.640134742215714,0.049521639913700004,4.95216399137,0.003269064483193156,0.3269064483193156,0.003269064483193156,0.0040863306039914445,scenario,formalin,3058.774945460434
11.166666666666666,skin,10.0,0.99049120435,0.00950879565,0.2843899590525339,28.43899590525339,0.24722673561582514,24.722673561582514,0.049524560217500006,4.952456021750001,0.003304670457696729,0.3304670457696729,0.0033046704576967295,0.004130838072120912,scenario,formalin,3019.224400015877
11.25,skin,10.0,0.990543715046,0.009456284954,0.2851804783337048,28.51804783337048,0.24805609745411034,24.805609745411033,0.0495271857523,4.9527185752300005,0.0033410605990092748,0.33410605990092745,0.0033410605990092743,0.0041763257487615925,scenario,formalin,2979.6738545713183
11.333333333333334,skin,10.0,0.990590216803,0.009409783197,0.2859744825374333,28.59744825374333,0.2488894438918772,24.88894438918772,0.049529510840150004,4.952951084015,0.0033782611006682732,0.33782611006682733,0.0033782611006682732,0.004222826375835342,scenario,formalin,2940.123309126761
11.416666666666666,skin,10.0,0.990630877029,0.009369122971,0.28677205786676724,28.677205786676723,0.24972685685822868,24.972685685822867,0.049531543851450005,4.953154385145001,0.0034162993359375983,0.3416299335937598,0.0034162993359375987,0.004270374169921999,scenario,formalin,2900.5727636822016
11.5,skin,10.0,0.990665871767,0.009334128233,0.2875732940694773,28.75732940694773,0.2505684215590814,25.05684215590814,0.04953329358835001,4.953329358835001,0.003455203924980733,0.3455203924980733,0.003455203924980733,0.004319004906225917,scenario,formalin,2861.0222182376438
11.583333333333334,skin,10.0,0.990695377059,0.009304622941,0.2883782819763071,28.83782819763071,0.2514142243403759,25.14142243403759,0.04953476885295,4.953476885295,0.003495004806676663,0.3495004806676663,0.0034950048066766633,0.004368756008345829,scenario,formalin,2821.4716727930863
11.666666666666666,skin,10.0,0.990719568952,0.009280431048,0.28918711352090265,28.918711352090266,0.25226435270873965,25.226435270873964,0.0495359784476,4.95359784476,0.003535733315457127,0.3535733315457127,0.003535733315457127,0.004419666644321409,scenario,formalin,2781.9211273485275
11.75,skin,10.0,0.990738623487,0.009261376513,0.2899998817551616,28.99998817551616,0.25311889534822274,25.311889534822274,0.049536931174350006,4.953693117435001,0.003577422263579685,0.3577422263579685,0.0035774222635796844,0.004471777829474605,scenario,formalin,2742.370581903969
11.833333333333334,skin,10.0,0.990752716708,0.009247283292,0.29081668087077683,29.081668087077684,0.2539779421425019,25.39779421425019,0.0495376358354,4.953763583540001,0.0036201060292906004,0.36201060292906007,0.0036201060292906,0.00452513253661325,scenario,formalin,2702.820036459411
11.916666666666666,skin,10.0,0.990762024661,0.009237975339,0.29163760621826446,29.163760621826444,0.2548415841949626,25.48415841949626,0.049538101233050004,4.953810123305001,0.0036638206513753963,0.3663820651375396,0.0036638206513753967,0.004579775814219246,scenario,formalin,2663.2694910148525
12.0,skin,10.0,0.990766608431,0.009233391569,0.29246272039094384,29.246272039094386,0.2557098841783093,25.570988417830932,0.04953833042155,4.953833042155,0.003708603930643612,0.3708603930643612,0.003708603930643612,0.004635754913304515,scenario,formalin,2623.718945570295
0.0,spinal_coord,2.226542420456401,0.992301391392,0.007698608608,0.3226281314750561,32.26281314750561,0.09940371150274148,9.940371150274148,0.248075347848,24.8075347848,0.004433335433208113,0.44333354332081126,0.004433335433208113,0.006206669606491358,scenario,formalin,0.001
0.08333333333333333,spinal_coord,2.2323186184138653,0.992369064955,0.007630935045,0.32110124385685623,32.11012438568562,0.09734530349080828,9.734530349080828,0.24809226623875,24.809226623875,0.0035243725502655974,0.35243725502655976,0.003524372550265598,0.004934121570371837,scenario,formalin,157.39476376890255
0.16666666666666666,spinal_coord,2.2371539753374217,0.992501032086,0.007498967914,0.3196382318241005,31.96382318241005,0.09535063173680068,9.535063173680069,0.2481252580215,24.812525802150002,0.002926063700821636,0.2926063700821636,0.0029260637008216355,0.004096489181150289,scenario,formalin,314.78852753780524
0.25,spinal_coord,2.2409842805649687,0.992681465795,0.007318534205,0.3182288550946417,31.82288550946417,0.09341131819452224,9.341131819452224,0.24817036644875,24.817036644875003,0.0025018629721048845,0.25018629721048846,0.0025018629721048845,0.0035026081609468383,scenario,formalin,472.18229130670767
0.3333333333333333,spinal_coord,2.243758030685328,0.992889708664,0.007110291336,0.31686220699091755,31.686220699091756,0.0915197064332234,9.15197064332234,0.248222427166,24.822242716599998,0.002185002290836437,0.21850022908364372,0.0021850022908364367,0.003059003207171011,scenario,formalin,629.5760550756105
0.4166666666666667,spinal_coord,2.245437581864511,0.993116913039,0.006883086961,0.31553198077339023,31.553198077339022,0.08967033668485366,8.967033668485366,0.24827922825975,24.827922825974998,0.0019389754871255585,0.19389754871255585,0.0019389754871255588,0.002714565681975782,scenario,formalin,786.9698188445127
0.5,spinal_coord,2.246,0.99335428928,0.00664571072,0.3142326141903164,31.42326141903164,0.0878587224937552,8.78587224937552,0.24833857232,24.833857232,0.001742144532767561,0.17421445327675608,0.0017421445327675611,0.0024390023458745855,scenario,formalin,944.3635826134152
0.5833333333333334,spinal_coord,2.245437581864511,0.993596285779,0.006403714221,0.31296023664979733,31.29602366497973,0.0860815536067298,8.60815536067298,0.24839907144475,24.839907144475003,0.0015808748509260283,0.15808748509260284,0.0015808748509260281,0.002213224791296439,scenario,formalin,1101.7573463823185
0.6666666666666666,spinal_coord,2.243758030685328,0.993839108326,0.006160891674,0.311712127196495,31.1712127196495,0.08433646681999338,8.433646681999338,0.2484597770815,24.84597770815,0.00144615240947514,0.144615240947514,0.0014461524094751398,0.0020246133732651954,scenario,formalin,1259.15111015122
0.75,spinal_coord,2.2409842805649687,0.994079906684,0.005920093316,0.31048639153607693,31.048639153607695,0.08262188648676921,8.262188648676922,0.248519976671,24.8519976671,0.0013317827767134781,0.13317827767134782,0.0013317827767134781,0.0018644958873988693,scenario,formalin,1416.5448739201227
0.8333333333333334,spinal_coord,2.2371539753374217,0.994317740792,0.005682259208,0.30928219748342867,30.928219748342865,0.08093701638057153,8.093701638057153,0.248579435198,24.8579435198,0.0012333713720886956,0.12333713720886956,0.0012333713720886958,0.001726719920924174,scenario,formalin,1573.9386376890252
0.9166666666666666,spinal_coord,2.2323186184138653,0.994550268117,0.005449731883,0.3080986762981308,30.80986762981308,0.07928147902517446,7.928147902517447,0.24863756702925,24.863756702925,0.001147716155213656,0.1147716155213656,0.001147716155213656,0.0016068026172991183,scenario,formalin,1731.3324014579284
1.0,spinal_coord,2.226542420456401,0.994777328119,0.005222671881,0.30693597646947784,30.693597646947783,0.07765552591963713,7.765552591963713,0.24869433202975,24.869433202975,0.0010724303733277063,0.10724303733277063,0.0010724303733277063,0.0015014025226587886,scenario,formalin,1888.726165226831
1.0833333333333333,spinal_coord,2.2199008809153002,0.994998683953,0.005001316047,0.30550626350471,30.550626350471,0.07567545668861335,7.567545668861335,0.24874967098825,24.874967098825,0.0009891772128203268,0.09891772128203269,0.0009891772128203268,0.0013848480979484574,scenario,formalin,2090.363235391676
1.1666666666666667,spinal_coord,2.212479147215739,0.99521422082,0.00478577918,0.3041228460566856,30.41228460566856,0.07375905446891415,7.375905446891415,0.248803555205,24.8803555205,0.0009171990165854416,0.09171990165854416,0.0009171990165854415,0.001284078623219618,scenario,formalin,2292.0003055565194
1.25,spinal_coord,2.2043702013959754,0.995422961989,0.004577038011,0.3027842977537425,30.27842977537425,0.07190474300865667,7.190474300865667,0.24885574049725,24.885574049725,0.0008543290669334143,0.08543290669334143,0.0008543290669334142,0.0011960606937067798,scenario,formalin,2493.6373757213637
1.3333333333333333,spinal_coord,2.195672928076282,0.995624623474,0.004375376526,0.30148966048851317,30.148966048851317,0.07011133949335087,7.011133949335087,0.2489061558685,24.89061558685,0.0007989326907571051,0.07989326907571051,0.000798932690757105,0.001118505767059947,scenario,formalin,2695.27444588621
1.4166666666666667,spinal_coord,2.18649011966445,0.995819205275,0.004180794725,0.30023824588454473,30.023824588454474,0.06837792608772629,6.837792608772629,0.24895480131875,24.895480131875,0.0007497533002317156,0.07497533002317155,0.0007497533002317156,0.0010496546203244018,scenario,formalin,2896.9115160510532
1.5,spinal_coord,2.1769264746622925,0.996006707391,0.003993292609,0.2990294857345167,29.90294857345167,0.0667037451823556,6.67037451823556,0.24900167684775,24.900167684775,0.0007058087561166575,0.07058087561166575,0.0007058087561166574,0.0009881322585633203,scenario,formalin,3098.5485862158966
1.5833333333333333,spinal_coord,2.1670866429039815,0.996187129823,0.003812870177,0.29786287759612484,29.786287759612485,0.0650881268538331,6.50881268538331,0.24904678245575,24.904678245575,0.000666319871148175,0.0666319871148175,0.0006663198711481749,0.0009328478196074448,scenario,formalin,3300.185656380744
1.6666666666666667,spinal_coord,2.15707336769295,0.996360472571,0.003639527429,0.2967379383387855,29.67379383387855,0.06353042692804729,6.353042692804729,0.24909011814275,24.909011814275,0.0006306600157489617,0.06306600157489617,0.0006306600157489617,0.0008829240220485464,scenario,formalin,3501.8227265455894
1.75,spinal_coord,2.14698576934558,0.99652656615,0.00347343385,0.2956541152644803,29.56541152644803,0.062029964969307114,6.202996496930711,0.2491316415375,24.91316415375,0.0005983189215641691,0.059831892156416905,0.0005983189215641691,0.0008376464901898367,scenario,formalin,3703.4597967104282
1.8333333333333333,spinal_coord,2.1369178078928046,0.996684748299,0.003315251701,0.2946106605328487,29.461066053284867,0.060585964610798244,6.058596461079825,0.24917118707475,24.917118707475,0.0005688762472956432,0.05688762472956432,0.0005688762472956432,0.0007964267462139005,scenario,formalin,3905.0968668752735
1.9166666666666667,spinal_coord,2.126956954973163,0.996834952131,0.003165047869,0.29360693058469456,29.360693058469455,0.059197590069259357,5.919759006925935,0.24920873803275,24.920873803275,0.0005419819886270818,0.05419819886270818,0.0005419819886270816,0.0007587747840779143,scenario,formalin,4106.733937040122
2.0,spinal_coord,2.1171830966346126,0.996977177644,0.003022822356,0.2926422110534624,29.264221105346238,0.05786388885661654,5.786388885661654,0.249244294411,24.9244294411,0.0005173417705246853,0.051734177052468536,0.0005173417705246856,0.0007242784787345598,scenario,formalin,4308.371007204964
2.0833333333333335,spinal_coord,2.107667680214063,0.99711142484,0.00288857516,0.2928009094979802,29.280090949798023,0.05803073771730694,5.803073771730694,0.24927785621,24.927785621,0.0005231340001813308,0.05231340001813308,0.0005231340001813309,0.0007323876002538632,scenario,formalin,4232.180864235795
2.1666666666666665,spinal_coord,2.098473110036435,0.997237693719,0.002762306281,0.2929653302935316,29.29653302935316,0.05820787581837548,5.820787581837548,0.24930942342975,24.930942342974998,0.0005291926086059322,0.05291926086059322,0.0005291926086059321,0.0007408696520483049,scenario,formalin,4155.990721266625
2.25,spinal_coord,2.089652388692994,0.997355984279,0.002644015721,0.2931366935986743,29.31366935986743,0.05839693003856573,5.839693003856572,0.24933899606975,24.933899606975,0.0005355441761031543,0.05355441761031543,0.0005355441761031543,0.000749761846544416,scenario,formalin,4079.800578297462
2.3333333333333335,spinal_coord,2.08124899340267,0.997466596729,0.002533403271,0.29331615353121665,29.331615353121666,0.058599339131955565,5.859933913195556,0.24936664918225,24.936664918225,0.0005422145611444838,0.05422145611444838,0.0005422145611444838,0.0007591003856022773,scenario,formalin,4003.610435328291
2.4166666666666665,spinal_coord,2.0732969706577298,0.997570002754,0.002429997246,0.29350475642192175,29.350475642192176,0.05881634097789564,5.881634097789564,0.2493925006885,24.93925006885,0.0005492288647325562,0.05492288647325562,0.0005492288647325562,0.0007689204106255787,scenario,formalin,3927.420292359122
2.5,spinal_coord,2.065821227174312,0.997666208074,0.002333791926,0.29370325307591433,29.370325307591433,0.05904893474321913,5.904893474321913,0.2494165520185,24.94165520185,0.000556611443976948,0.0556611443976948,0.000556611443976948,0.0007792560215677272,scenario,formalin,3851.230149389952
2.5833333333333335,spinal_coord,2.0588379912136476,0.997755212688,0.002244787312,0.2939122372469994,29.391223724699937,0.05929791209999915,5.929791209999915,0.249438803172,24.9438803172,0.0005643859737719349,0.056438597377193485,0.0005643859737719349,0.0007901403632807087,scenario,formalin,3775.040006420782
2.6666666666666665,spinal_coord,2.052355415653544,0.997837016598,0.002162983402,0.29413215372053203,29.4132153720532,0.05956386609470937,5.956386609470937,0.2494592541495,24.945925414949997,0.0005725755545599854,0.05725755545599854,0.0005725755545599854,0.0008016057763839795,scenario,formalin,3698.8498634516154
2.75,spinal_coord,2.04637429275528,0.997911688514,0.002088311486,0.2943633276563891,29.436332765638912,0.059847207370518844,5.984720737051885,0.2494779221285,24.94779221285,0.0005812028634662343,0.05812028634662343,0.0005812028634662344,0.0008136840088527282,scenario,formalin,3622.6597204824493
2.8333333333333335,spinal_coord,2.0408888503195066,0.99798055555,0.00201944445,0.2946063271253575,29.46063271253575,0.06014825098381003,6.014825098381003,0.2494951388875,24.94951388875,0.0005902903456172253,0.05902903456172253,0.0005902903456172253,0.0008264064838641153,scenario,formalin,3546.4695775132764
2.9166666666666665,spinal_coord,2.0358875997430665,0.998044127479,0.001955872521,0.2948613642810359,29.48613642810359,0.06046710988171451,6.046710988171451,0.24951103186975,24.951103186974997,0.0005998604422209839,0.05998604422209839,0.0005998604422209838,0.0008398046191093772,scenario,formalin,3470.2794345441116
3.0,spinal_coord,2.0313542082299847,0.998102404302,0.001897595698,0.29512839955336156,29.512839955336155,0.06080373130381544,6.080373130381544,0.2495256010755,24.95256010755,0.00060993585198586,0.060993585198586005,0.0006099358519858599,0.0008539101927802038,scenario,formalin,3394.0892915749437
3.0833333333333335,spinal_coord,2.0272683699037133,0.99815545886,0.00184454114,0.29540732823365456,29.540732823365456,0.06115795135820605,6.115795135820605,0.249538864715,24.9538864715,0.0006205398226863175,0.062053982268631756,0.0006205398226863175,0.0008687557517608445,scenario,formalin,3317.89914860577
3.1666666666666665,spinal_coord,2.0236066536309942,0.998204028919,0.001795971081,0.29569817094819517,29.569817094819516,0.06152955162459355,6.152955162459355,0.24955100722975,24.955100722974997,0.0006316964701336116,0.06316964701336115,0.0006316964701336117,0.0008843750581870563,scenario,formalin,3241.7090056366014
3.25,spinal_coord,2.020343308814398,0.998248306425,0.001751693575,0.2960007304104868,29.60007304104868,0.06191820507231578,6.191820507231578,0.24956207660625,24.956207660624997,0.0006434311224630077,0.06434311224630077,0.0006434311224630076,0.0009008035714482105,scenario,formalin,3165.518862667436
3.3333333333333335,spinal_coord,2.0174510140612356,0.99828829138,0.00171170862,0.29631470997446063,29.631470997446062,0.06232351617261416,6.232351617261416,0.249572072845,24.9572072845,0.0006557706884906606,0.06557706884906606,0.0006557706884906606,0.0009180789638869248,scenario,formalin,3089.328719698264
3.4166666666666665,spinal_coord,2.0149015573254228,0.998324070791,0.001675929209,0.2966398096539541,29.66398096539541,0.06274505594160541,6.274505594160542,0.24958101769775,24.958101769775002,0.0006687440499070953,0.06687440499070953,0.0006687440499070953,0.0009362416698699333,scenario,formalin,3013.138576729098
3.5,spinal_coord,2.0126664397002876,0.998356179764,0.001643820236,0.2969758460277393,29.69758460277393,0.06318240144898568,6.318240144898568,0.249589044941,24.9589044941,0.0006823824782480707,0.06823824782480707,0.0006823824782480707,0.000955335469547299,scenario,formalin,2936.9484337599306
3.5833333333333335,spinal_coord,2.0107173983925413,0.998384709694,0.001615290306,0.29732249854791404,29.732249854791405,0.06363509483255207,6.363509483255207,0.2495961774235,24.959617742349998,0.0006967200789104346,0.06967200789104346,0.0006967200789104346,0.0009754081104746083,scenario,formalin,2860.7582907907613
3.6666666666666665,spinal_coord,2.009026847435416,0.998409660582,0.001590339418,0.29767942365965905,29.767942365965904,0.0641026780188787,6.41026780188787,0.2496024151455,24.96024151455,0.0007117942659611914,0.07117942659611914,0.0007117942659611914,0.000996511972345668,scenario,formalin,2784.568147821592
3.75,spinal_coord,2.007568237334212,0.998431079983,0.001568920017,0.29804630453088304,29.804630453088304,0.06458471271351075,6.458471271351075,0.24960776999575,24.960776999575,0.0007276462731329548,0.07276462731329549,0.0007276462731329549,0.0010187047823861368,scenario,formalin,2708.378004852423
3.8333333333333335,spinal_coord,2.0063163370384998,0.998449270392,0.001550729608,0.2984229201471633,29.84229201471633,0.0650808033988844,6.508080339888441,0.249612317598,24.9612317598,0.0007443217082315778,0.07443217082315778,0.0007443217082315777,0.0010420503915242088,scenario,formalin,2632.1878618832543
3.9166666666666665,spinal_coord,2.005247443384728,0.998464504389,0.001535495611,0.2988090662325204,29.88090662325204,0.06559058684702719,6.559058684702719,0.24961612609725,24.961612609725,0.000761871160240726,0.0761871160240726,0.0007618711602407261,0.0010666196243370165,scenario,formalin,2555.997718914087
4.0,spinal_coord,2.0043395244552817,0.998477041225,0.001522958775,0.2992045645970588,29.92045645970588,0.06611373905441173,6.611373905441173,0.24961926030625,24.961926030625,0.0007803508707511194,0.07803508707511193,0.0007803508707511193,0.001092491219051567,scenario,formalin,2479.807575944918
4.083333333333333,spinal_coord,2.003572304177389,0.998487140151,0.001512859849,0.2994139719108745,29.94139719108745,0.06638958249749931,6.638958249749931,0.24962178503775,24.962178503775,0.0007905352010631379,0.0790535201063138,0.0007905352010631378,0.001106749281488393,scenario,formalin,2438.9362655336104
4.166666666666667,spinal_coord,2.0029272959740743,0.998495058785,0.001504941215,0.29962746175648003,29.962746175648004,0.06667159608030669,6.667159608030669,0.24962376469625,24.962376469625,0.000801045830309669,0.0801045830309669,0.000801045830309669,0.0011214641624335366,scenario,formalin,2398.064955122302
4.25,spinal_coord,2.002387793426131,0.99850096564,0.00149903436,0.29984475506488595,29.984475506488593,0.0669593515398479,6.695935153984791,0.24962524141,24.962524141,0.0008118895072153345,0.08118895072153345,0.0008118895072153344,0.001136645310101468,scenario,formalin,2357.193644710993
4.333333333333333,spinal_coord,2.001938825761734,0.998505034991,0.001494965009,0.300065609703146,30.0065609703146,0.06725246794052801,6.725246794052802,0.24962625874775,24.962625874775,0.0008230740717355133,0.08230740717355133,0.0008230740717355134,0.0011523037004297187,scenario,formalin,2316.3223342996853
4.416666666666667,spinal_coord,2.001567085614504,0.998507480425,0.001492519575,0.30028982965972917,30.028982965972915,0.06755061273797222,6.755061273797222,0.24962687010625,24.962687010625,0.0008346085024264248,0.08346085024264248,0.0008346085024264248,0.0011684519033969946,scenario,formalin,2275.4510238883763
4.5,spinal_coord,2.0012608359371464,0.998508515526,0.001491484474,0.3005172518198418,30.051725181984178,0.0678534972511224,6.78534972511224,0.2496271288815,24.962712888149998,0.0008465029590992756,0.08465029590992756,0.0008465029590992756,0.0011851041427389858,scenario,formalin,2234.5797134770683
4.583333333333333,spinal_coord,2.001009802279093,0.998508353878,0.001491646122,0.30074774413788324,30.074774413788326,0.068160874224511,6.8160874224511,0.2496270884695,24.96270884695,0.0008587688229390801,0.08587688229390801,0.00085876882293908,0.001202276352114712,scenario,formalin,2193.70840306576
4.666666666666667,spinal_coord,2.0008050558811217,0.99850707942,0.00149292058,0.3009811644567514,30.09811644567514,0.06847252613566847,6.847252613566847,0.249626769855,24.9626769855,0.0008714187361985869,0.08714187361985869,0.0008714187361985869,0.0012199862306780215,scenario,formalin,2152.8370926544526
4.75,spinal_coord,2.0006388922501896,0.998504464314,0.001495535686,0.301217303140601,30.121730314060102,0.06878824941613466,6.878824941613466,0.2496261160785,24.96261160785,0.0008844666434829506,0.08844666434829507,0.0008844666434829507,0.001238253300876131,scenario,formalin,2111.965782243143
4.833333333333333,spinal_coord,2.0005047090893355,0.998500532336,0.001499467664,0.30145605044015233,30.145605044015234,0.06910788980820311,6.9107889808203105,0.249625133084,24.9625133084,0.0008979278365335603,0.08979278365335602,0.0008979278365335603,0.0012570989711469843,scenario,formalin,2071.094471831836
4.916666666666667,spinal_coord,2.0003968866991664,0.99849532561,0.00150467439,0.3016973239503089,30.16973239503089,0.06943132339707851,6.9431323397078515,0.2496238314025,24.96238314025,0.0009118190043109452,0.09118190043109452,0.0009118190043109453,0.0012765466060353234,scenario,formalin,2030.223161420527
5.0,spinal_coord,2.000310673261001,0.998488886258,0.001511113742,0.30194106077919747,30.19410607791975,0.06975845228626329,6.975845228626329,0.2496222215645,24.96222215645,0.000926158290076793,0.0926158290076793,0.0009261582900767932,0.0012966216061075103,scenario,formalin,1989.3518510092192
5.083333333333333,spinal_coord,2.000242076772324,0.998481253867,0.001518746133,0.30218721457743625,30.218721457743627,0.07008920148091498,7.008920148091498,0.24962031346675,24.962031346675,0.0009409653570923976,0.09409653570923976,0.0009409653570923975,0.0013173514999293564,scenario,formalin,1948.4805405979105
5.166666666666667,spinal_coord,2.0001877648423703,0.998472414914,0.001527585086,0.30243573814475694,30.243573814475695,0.07042351255500927,7.042351255500927,0.2496181037285,24.96181037285,0.0009562614644925682,0.09562614644925682,0.0009562614644925683,0.0013387660502895955,scenario,formalin,1907.6092301866024
5.25,spinal_coord,2.0001449730736036,0.998462369973,0.001537630027,0.30268660182068524,30.268660182068523,0.07076134576991366,7.076134576991366,0.24961559249325,24.961559249325,0.0009720695548663642,0.09720695548663642,0.0009720695548663641,0.0013608973768129097,scenario,formalin,1866.7379197752948
5.333333333333333,spinal_coord,2.000111422353847,0.99845113618,0.00154886382,0.3029397925019056,30.29397925019056,0.07110267794254084,7.110267794254084,0.249612784045,24.9612784045,0.0009884143550841467,0.09884143550841468,0.0009884143550841467,0.0013837800971178054,scenario,formalin,1825.8666093639858
5.416666666666667,spinal_coord,2.0000852450606192,0.998438730674,0.001561269326,0.3031953070611289,30.31953070611289,0.07144749919017186,7.144749919017186,0.2496096826685,24.96096826685,0.0010053224919589594,0.10053224919589594,0.0010053224919589594,0.001407451488742543,scenario,formalin,1784.9952989526778
5.5,spinal_coord,2.0000649199283327,0.998425170593,0.001574829407,0.3034531509456547,30.34531509456547,0.0717958110632063,7.17958110632063,0.24960629264825,24.960629264825,0.0010228226244233002,0.10228226244233002,0.0010228226244233002,0.0014319516741926202,scenario,formalin,1744.1239885413688
5.583333333333333,spinal_coord,2.000049215143103,0.998410461497,0.001589538503,0.30371333342365003,30.371333342365002,0.07214762406586671,7.2147624065866705,0.24960261537425,24.960261537424998,0.0010409455940440624,0.10409455940440623,0.0010409455940440621,0.001457323831661687,scenario,formalin,1703.2526781300614
5.666666666666667,spinal_coord,2.0000371391008827,0.998394588941,0.001605411059,0.30397586393029863,30.39758639302986,0.07250295559339817,7.2502955593398175,0.24959864723525,24.959864723524998,0.0010597245958932854,0.10597245958932854,0.0010597245958932852,0.001483614434250599,scenario,formalin,1662.381367718752
5.75,spinal_coord,2.00002789818382,0.998377552477,0.001622447523,0.3042407614776408,30.42407614776408,0.07286183114452105,7.286183114452105,0.24959438811925,24.959438811925,0.0010791953720454268,0.10791953720454268,0.001079195372045427,0.0015108735208635977,scenario,formalin,1621.510057307445
5.833333333333333,spinal_coord,2.0000208608687298,0.998359352105,0.001640647895,0.30450804975146395,30.450804975146394,0.07322428230028528,7.322428230028528,0.24958983802625,24.958983802625,0.001099396430289483,0.10993964302894829,0.001099396430289483,0.001539155002405276,scenario,formalin,1580.6387468961361
5.916666666666667,spinal_coord,2.000015527472247,0.998339987826,0.001660012174,0.3047777563083817,30.47777563083817,0.07359034580250898,7.359034580250897,0.2495849969565,24.958499695649998,0.0011203692910341236,0.11203692910341237,0.0011203692910341236,0.001568517007447773,scenario,formalin,1539.767436484828
6.0,spinal_coord,2.000011504852256,0.998319459639,0.001680540361,0.30504991201658554,30.504991201658555,0.07396006280911402,7.3960062809114016,0.24957986490975,24.957986490975,0.001142158765856067,0.11421587658560671,0.001142158765856067,0.0015990222721984939,scenario,formalin,1498.8961260735196
6.083333333333333,spinal_coord,2.0000084854180367,0.998297767545,0.001702232455,0.3053245505943183,30.53245505943183,0.07433347827742437,7.433347827742437,0.24957444188625,24.957444188625,0.0011648132717085229,0.11648132717085229,0.001164813271708523,0.0016307385803919323,scenario,formalin,1458.0248156622117
6.166666666666667,spinal_coord,2.0000062298465933,0.998274911543,0.001725088457,0.30560170822901833,30.56017082290183,0.07471064045769112,7.471064045769111,0.24956872788575,24.956872788574998,0.0011883851854836563,0.11883851854836563,0.0011883851854836563,0.0016637392596771188,scenario,formalin,1417.1535052509032
6.25,spinal_coord,2.000004552955178,0.998250885295,0.001749114705,0.30588142132806,30.588142132806002,0.07509160000574672,7.5091600005746715,0.24956272132375,24.956272132375,0.0012129312444305227,0.12129312444305226,0.0012129312444305227,0.0016981037422027316,scenario,formalin,1376.282194839595
6.333333333333333,spinal_coord,2.0000033122362817,0.998225502603,0.001774497397,0.3061636730415522,30.61636730415522,0.07547639652106954,7.5476396521069535,0.24955637565075,24.955637565075,0.0012385129988930347,0.12385129988930346,0.0012385129988930347,0.0017339181984502485,scenario,formalin,1335.4108844282864
6.416666666666667,spinal_coord,2.000002398618384,0.998198677158,0.001801322842,0.3064484786859246,30.64484786859246,0.07586507919523278,7.586507919523278,0.2495496692895,24.95496692895,0.0012651973249828512,0.12651973249828513,0.0012651973249828512,0.0017712762549759915,scenario,formalin,1294.5395740169781
6.5,spinal_coord,2.000001729071365,0.998170408959,0.001829591041,0.30673588156056797,30.6735881560568,0.07625770576109064,7.625770576109065,0.24954260223975,24.954260223974998,0.0012930570061794793,0.12930570061794794,0.0012930570061794793,0.0018102798086512709,scenario,formalin,1253.6682636056705
6.583333333333333,spinal_coord,2.0000012407280248,0.998140698009,0.001859301991,0.3070259264110198,30.70259264110198,0.07665433587835974,7.665433587835974,0.24953517450225,24.953517450225,0.0013221713945043756,0.13221713945043756,0.0013221713945043756,0.0018510399523061257,scenario,formalin,1212.796953194362
6.666666666666667,spinal_coord,2.0000008862416943,0.998109544305,0.001890455695,0.3073186593389622,30.73186593389622,0.07705503101694955,7.705503101694955,0.24952738607625,24.952738607625,0.0013526271639106185,0.13526271639106185,0.0013526271639106187,0.0018936780294748661,scenario,formalin,1171.925642783054
6.75,spinal_coord,2.0000006301438136,0.998076947849,0.001923052151,0.30761412774301705,30.761412774301704,0.07745985437435605,7.745985437435605,0.24951923696225,24.951923696225002,0.0013845191709445923,0.13845191709445923,0.0013845191709445923,0.001938326839322429,scenario,formalin,1131.0543323717457
6.833333333333333,spinal_coord,2.0000004460043437,0.99804290864,0.00195709136,0.30791238027356543,30.791238027356542,0.07786887081808727,7.786887081808727,0.24951072716,24.951072716,0.0014179514406723233,0.14179514406723231,0.001417951440672323,0.0019851320169412523,scenario,formalin,1090.1830219604378
6.916666666666667,spinal_coord,2.000000314232002,0.998007426679,0.001992573321,0.30821346680770306,30.821346680770308,0.07828214685060411,7.828214685060411,0.24950185666975,24.950185666975,0.0014530382994496955,0.14530382994496954,0.0014530382994496955,0.0020342536192295736,scenario,formalin,1049.3117115491295
7.0,spinal_coord,2.0000002203807465,0.997970375596,0.002029624404,0.3085173993681588,30.851739936815882,0.07869974062554509,7.869974062554509,0.249492593899,24.9492593899,0.0014899056805178432,0.14899056805178432,0.0014899056805178432,0.0020858679527249804,scenario,formalin,1008.4404011378208
7.083333333333333,spinal_coord,2.000000153854003,0.997931242692,0.002068757308,0.3088240714707731,30.882407147077313,0.07912168106369753,7.912168106369753,0.249482810673,24.948281067299998,0.001528692633835201,0.1528692633835201,0.0015286926338352008,0.0021401696873692808,scenario,formalin,967.5690907265131
7.166666666666667,spinal_coord,2.0000001069192397,0.997889973496,0.002110026504,0.3091335191348602,30.91335191348602,0.07954803434781364,7.954803434781364,0.249472493374,24.9472493374,0.0015695530782910297,0.15695530782910297,0.0015695530782910295,0.002197374309607441,scenario,formalin,926.6977803152042
7.25,spinal_coord,2.0000000739630543,0.997846568008,0.002153431992,0.3094457964148436,30.94457964148436,0.0799788725504581,7.997887255045811,0.249461642002,24.9461642002,0.0016126578428399512,0.16126578428399513,0.0016126578428399512,0.0022577209799759315,scenario,formalin,885.826469903896
7.333333333333333,spinal_coord,2.000000050931413,0.997801026229,0.002198973771,0.30976095859598574,30.976095859598573,0.08041426938498099,8.041426938498098,0.24945025655725,24.945025655725,0.0016581970536227878,0.16581970536227877,0.0016581970536227882,0.0023214758750719033,scenario,formalin,844.9551594925883
7.416666666666667,spinal_coord,2.0000000349115012,0.997753348159,0.002246651841,0.31007906221597614,31.007906221597615,0.08085430023496819,8.08543002349682,0.24943833703975,24.943833703975,0.0017063829374151748,0.17063829374151748,0.001706382937415175,0.002388936112381245,scenario,formalin,804.0838490812793
7.5,spinal_coord,2.0000000238211784,0.997703220663,0.002296779337,0.31040006767035494,31.040006767035493,0.08129901667280656,8.129901667280656,0.24942580516575,24.942580516575,0.0017574531285957865,0.17574531285957865,0.0017574531285957865,0.002460434380034101,scenario,formalin,763.2125386699717
7.583333333333333,spinal_coord,2.0000000161796776,0.99764998975,0.00235001025,0.31072383007373344,31.072383007373343,0.08174844351497794,8.174844351497795,0.2494124974375,24.94124974375,0.001811674588353511,0.1811674588353511,0.0018116745883535108,0.002536344423694915,scenario,formalin,722.3412282586631
7.666666666666667,spinal_coord,2.0000000109392717,0.997593634936,0.002406365064,0.3110504024988798,31.105040249887978,0.08220265835317304,8.220265835317305,0.249398408734,24.939840873399998,0.001869348272546669,0.18693482725466692,0.0018693482725466693,0.002617087581565337,scenario,formalin,681.4699178473547
7.75,spinal_coord,2.0000000073623907,0.99753415622,0.00246584378,0.3113798457351567,31.13798457351567,0.08266174224020896,8.266174224020896,0.249383539055,24.938353905499998,0.00193081472051552,0.193081472051552,0.0019308147205155202,0.002703140608721728,scenario,formalin,640.5986074360464
7.833333333333333,spinal_coord,2.000000004932433,0.997471553602,0.002528446398,0.31171222195895704,31.171222195895705,0.08312577807794272,8.312577807794272,0.2493678884005,24.93678884005,0.001996460784017712,0.1996460784017712,0.001996460784017712,0.0027950450976247966,scenario,formalin,599.7272970247387
7.916666666666667,spinal_coord,2.000000003289391,0.997405827083,0.002594172917,0.31204759477142485,31.204759477142485,0.08359485066756653,8.359485066756653,0.24935145677075,24.935145677075,0.0020667277771701563,0.20667277771701564,0.002066727777170156,0.002893418888038218,scenario,formalin,558.8559866134302
8.0,spinal_coord,2.000000002183643,0.997338874923,0.002661125077,0.31238662381064697,31.238662381064696,0.08406920677319597,8.406920677319597,0.24933471873075,24.933471873075,0.0021421214102555156,0.21421214102555156,0.0021421214102555156,0.002998969974357722,scenario,formalin,517.984676202122
8.083333333333334,spinal_coord,2.000000001442978,0.997272680304,0.002727319696,0.3124083607693562,31.24083607693562,0.08412025425780824,8.412025425780824,0.249318170076,24.9318170076,0.002151322102353761,0.2151322102353761,0.0021513221023537607,0.0030118509432952648,scenario,formalin,513.1930574515127
8.166666666666666,spinal_coord,2.0000000009491825,0.997207243462,0.002792756538,0.3124303867658087,31.24303867658087,0.08417143453374491,8.417143453374491,0.2493018108655,24.93018108655,0.0021606021720168007,0.21606021720168006,0.0021606021720168007,0.003024843040823521,scenario,formalin,508.401438700903
8.25,spinal_coord,2.0000000006215153,0.997143443116,0.002856556884,0.3124529773441105,31.245297734411047,0.08422282208681399,8.422282208681398,0.249285860779,24.9285860779,0.0021699626508307687,0.21699626508307687,0.0021699626508307683,0.0030379477111630755,scenario,formalin,503.60981995029357
8.333333333333334,spinal_coord,2.000000000405103,0.997082591817,0.002917408183,0.3124765441589202,31.24765441589202,0.0842745282728936,8.42745282728936,0.24927064795425,24.927064795425,0.002179404588364474,0.21794045883644741,0.002179404588364474,0.0030511664237102636,scenario,formalin,498.8182011996841
8.416666666666666,spinal_coord,2.00000000026284,0.997024702185,0.002975297815,0.3125010916489374,31.25010916489374,0.08432655480358321,8.43265548035832,0.24925617554625,24.925617554625,0.0021889290525534933,0.21889290525534932,0.002188929052553493,0.00306450067357489,scenario,formalin,494.0265824490746
8.5,spinal_coord,2.0000000001697575,0.996969592825,0.003030407175,0.3125265634375365,31.25265634375365,0.08437888697504863,8.437888697504862,0.24924239820625,24.924239820625,0.0021985371300970867,0.21985371300970868,0.0021985371300970867,0.0030779519821359214,scenario,formalin,489.23496369846515
8.583333333333334,spinal_coord,2.0000000001091385,0.996916885772,0.003083114228,0.3125528414899762,31.25528414899762,0.08443149339596825,8.443149339596825,0.249229221443,24.9229221443,0.002208229926867541,0.2208229926867541,0.0022082299268675405,0.0030915218976145568,scenario,formalin,484.44334494785573
8.666666666666666,spinal_coord,2.000000000069846,0.996866569259,0.003133430741,0.31257992253388067,31.257992253388068,0.08448437362550758,8.448437362550758,0.24921664231475,24.921664231475,0.002218008568331728,0.2218008568331728,0.0022180085683317285,0.00310521199566442,scenario,formalin,479.6517261972462
8.75,spinal_coord,2.000000000044495,0.996818491232,0.003181508768,0.31260775930131285,31.260775930131285,0.08453751532441714,8.453751532441714,0.249204622808,24.9204622808,0.0022278741999848554,0.22278741999848553,0.0022278741999848554,0.0031190238799787976,scenario,formalin,474.8601074466367
8.833333333333334,spinal_coord,2.000000000028216,0.996772212584,0.003227787416,0.31263621446554746,31.263621446554744,0.0845908817593966,8.459088175939659,0.249193053146,24.9193053146,0.0022378279877964995,0.22378279877964996,0.002237827987796499,0.0031329591829150987,scenario,formalin,470.06848869602726
8.916666666666666,spinal_coord,2.0000000000178115,0.996727705657,0.003272294343,0.31266527969333674,31.266527969333673,0.08464447103878235,8.464447103878236,0.24918192641425,24.918192641424998,0.002247871118669096,0.2247871118669096,0.002247871118669096,0.0031470195661367343,scenario,formalin,465.276869945418
9.0,spinal_coord,2.000000000011192,0.996684970451,0.003315029549,0.3126949553248965,31.26949553248965,0.08469828361619533,8.469828361619532,0.24917124261275,24.917124261275,0.002258004800909145,0.2258004800909145,0.002258004800909145,0.003161206721272803,scenario,formalin,460.4852511948082
9.083333333333334,spinal_coord,2.0000000000070006,0.996644006966,0.003355993034,0.31272524170138793,31.272524170138794,0.08475231994651725,8.475231994651725,0.2491610017415,24.91610017415,0.0022682302647114285,0.22682302647114286,0.0022682302647114285,0.0031755223705959997,scenario,formalin,455.6936324441987
9.166666666666666,spinal_coord,2.0000000000043587,0.99660477022,0.00339522978,0.3127561250485894,31.27561250485894,0.08480657665811918,8.480657665811918,0.249151192555,24.915119255500002,0.002278548762656586,0.2278548762656586,0.002278548762656586,0.00318996826771922,scenario,formalin,450.9020136935895
9.25,spinal_coord,2.0000000000027014,0.996566816983,0.003433183017,0.31278746658929235,31.278746658929236,0.08486101645805645,8.486101645805645,0.24914170424575,24.914170424574998,0.00228896157022244,0.228896157022244,0.00228896157022244,0.003204546198311416,scenario,formalin,446.11039494298
9.333333333333334,spinal_coord,2.0000000000016667,0.996530034227,0.003469965773,0.31281923112336946,31.281923112336944,0.08491563008882594,8.491563008882594,0.24913250855675,24.913250855675003,0.0022994699863094588,0.22994699863094586,0.0022994699863094588,0.003219257980833242,scenario,formalin,441.31877619237054
9.416666666666666,spinal_coord,2.0000000000010236,0.996494421953,0.003505578047,0.31285141891746593,31.285141891746594,0.08497041790562128,8.497041790562127,0.24912360548825,24.912360548825,0.0023100753337808116,0.23100753337808116,0.0023100753337808116,0.003234105467293136,scenario,formalin,436.52715744176083
9.5,spinal_coord,2.0000000000006257,0.996459980159,0.003540019841,0.31288403023801376,31.288403023801376,0.08502538026435169,8.502538026435168,0.24911499503975,24.911499503974998,0.002320778960017462,0.23207789600174622,0.002320778960017462,0.0032490905440244466,scenario,formalin,431.73553869115165
9.583333333333334,spinal_coord,2.0000000000003806,0.99642670776,0.00357329224,0.3129170650120699,31.29170650120699,0.08508051742942652,8.508051742942651,0.24910667694,24.910667694,0.002331582237488795,0.2331582237488795,0.002331582237488795,0.003264215132484313,scenario,formalin,426.94391994054183
9.666666666666666,spinal_coord,2.0000000000002305,0.996394371171,0.003605628829,0.3129504501429555,31.295045014295553,0.08513580980027406,8.513580980027406,0.24909859279275,24.909859279275,0.002342486564339248,0.2342486564339248,0.0023424865643392476,0.0032794811900749466,scenario,formalin,422.1523011899327
9.75,spinal_coord,2.000000000000139,0.996362793352,0.003637206648,0.31298413025613414,31.298413025613414,0.08519124255751225,8.519124255751224,0.249090698338,24.9090698338,0.0023534933649915148,0.2353493364991515,0.0023534933649915148,0.0032948907109881203,scenario,formalin,417.36068243932317
9.833333333333334,spinal_coord,2.0000000000000835,0.996331974303,0.003668025697,0.3130181055674355,31.301810556743547,0.08524681598891401,8.524681598891402,0.24908299357575,24.908299357575,0.002364604090766819,0.23646040907668192,0.002364604090766819,0.0033104457270735467,scenario,formalin,412.5690636887134
9.916666666666666,spinal_coord,2.0000000000000497,0.996301914024,0.003698085976,0.31305237629327987,31.305237629327987,0.0853025303830398,8.530253038303979,0.249075478506,24.9075478506,0.0023758202205228537,0.23758202205228537,0.0023758202205228537,0.003326148308731995,scenario,formalin,407.77744493810417
10.0,spinal_coord,2.0000000000000298,0.996272612515,0.003727387485,0.31308694265068,31.308694265068,0.08535838602923997,8.535838602923997,0.24906815312875,24.906815312875,0.002387143261309971,0.2387143261309971,0.002387143261309971,0.0033420005658339595,scenario,formalin,402.9858261874945
10.083333333333334,spinal_coord,2.0000000000000178,0.996244057112,0.003755942888,0.31312180087691877,31.31218008769188,0.08541438213189166,8.541438213189165,0.249061014278,24.9061014278,0.002398574749046213,0.2398574749046213,0.002398574749046213,0.0033580046486646983,scenario,formalin,398.19420743688516
10.166666666666666,spinal_coord,2.00000000000001,0.996216174876,0.003783825124,0.31315692826041686,31.315692826041687,0.08547051272188914,8.547051272188915,0.249054043719,24.9054043719,0.002410116249211844,0.24101162492118441,0.0024101162492118446,0.0033741627488965823,scenario,formalin,393.40258868627586
10.25,spinal_coord,2.000000000000006,0.996188882161,0.003811117839,0.31319229871113835,31.319229871113833,0.08552677089451781,8.55267708945178,0.24904722054025,24.904722054025,0.0024217693575640325,0.24217693575640326,0.002421769357564033,0.003390477100589646,scenario,formalin,388.61096993566633
10.333333333333334,spinal_coord,2.0000000000000036,0.996162095797,0.003837904203,0.31322788627450615,31.322788627450613,0.08558314976700823,8.558314976700823,0.24904052394925,24.904052394925,0.002433535700872353,0.2433535700872353,0.002433535700872353,0.0034069499812212937,scenario,formalin,383.81935118505675
10.416666666666666,spinal_coord,2.000000000000002,0.996135732615,0.003864267385,0.31326366498208114,31.326366498208113,0.08563964243777483,8.563964243777484,0.24903393315375,24.903393315375,0.0024454169376758534,0.24454169376758533,0.0024454169376758534,0.0034235837127461945,scenario,formalin,379.0277324344472
10.5,spinal_coord,2.0000000000000013,0.996109709445,0.003890290555,0.3132996088508844,31.329960885088443,0.08569624198617923,8.569624198617923,0.24902742736125,24.902742736125,0.0024574147590623943,0.24574147590623943,0.0024574147590623947,0.0034403806626873523,scenario,formalin,374.2361136838378
10.583333333333334,spinal_coord,2.000000000000001,0.996083943117,0.003916056883,0.31333569188366306,31.333569188366305,0.08575294147255076,8.575294147255077,0.24902098577925,24.902098577925,0.0024695308894710525,0.24695308894710524,0.002469530889471052,0.0034573432452594728,scenario,formalin,369.44449493322844
10.666666666666666,spinal_coord,2.0000000000000004,0.996058350462,0.003941649538,0.3133718880691554,31.337188806915538,0.0858097339382072,8.58097339382072,0.2490145876155,24.90145876155,0.0024817670875183695,0.24817670875183695,0.00248176708751837,0.0034744739225257178,scenario,formalin,364.65287618261897
10.75,spinal_coord,2.0000000000000004,0.996032898438,0.003967101562,0.3134081871545118,31.340818715451178,0.0858666167266824,8.58666167266824,0.2490082246095,24.90082246095,0.002494125146849298,0.2494125146849298,0.002494125146849298,0.003491775205589017,scenario,formalin,359.86125743200944
10.833333333333334,spinal_coord,2.0,0.996007682277,0.003992317723,0.3134446192493489,31.34446192493489,0.0859235982401319,8.59235982401319,0.24900192056925,24.900192056925,0.0025066068970136875,0.25066068970136873,0.0025066068970136875,0.0035092496558191623,scenario,formalin,355.06963868139985
10.916666666666666,spinal_coord,2.0,0.99598267941,0.00401732059,0.3134811774033135,31.34811774033135,0.08598067673441798,8.598067673441797,0.2489956698525,24.899566985249997,0.0025192142043692304,0.25192142043692306,0.0025192142043692304,0.0035268998861169225,scenario,formalin,350.27801993079044
11.0,spinal_coord,2.0,0.995957857212,0.004042142788,0.31351785149691125,31.351785149691125,0.08603784959188168,8.603784959188168,0.248989464303,24.8989464303,0.0025319489730117888,0.2531948973011789,0.0025319489730117888,0.003544728562216504,scenario,formalin,345.486401180181
11.083333333333334,spinal_coord,2.0,0.995933183061,0.004066816939,0.3135546314061711,31.35546314061711,0.08609511418789485,8.609511418789486,0.24898329576525,24.898329576525,0.0025448131457340845,0.25448131457340845,0.002544813145734085,0.0035627384040277186,scenario,formalin,340.6947824295713
11.166666666666666,spinal_coord,2.0,0.995908624333,0.004091375667,0.31359150700105265,31.359150700105264,0.08615246789040351,8.61524678904035,0.24897715608325,24.897715608325,0.00255780870501376,0.255780870501376,0.0025578087050137604,0.0035809321870192644,scenario,formalin,335.90316367896196
11.25,spinal_coord,2.0,0.995884148402,0.004115851598,0.31362846814542666,31.362846814542667,0.08620990805990221,8.620990805990221,0.2489710371005,24.89710371005,0.0025709376740318734,0.25709376740318735,0.0025709376740318734,0.0035993127436446224,scenario,formalin,331.11154492835266
11.333333333333334,spinal_coord,2.0,0.995859722646,0.004140277354,0.31366550469894594,31.366550469894594,0.08626743204992789,8.626743204992788,0.2489649306615,24.89649306615,0.002584202117722923,0.2584202117722923,0.002584202117722923,0.0036178829648120915,scenario,formalin,326.319926177743
11.416666666666666,spinal_coord,2.0,0.995835328385,0.004164671615,0.3137026109076997,31.37026109076997,0.08632503841526623,8.632503841526622,0.24895883209625,24.895883209625,0.002597604143857534,0.25976041438575337,0.002597604143857534,0.003636645801400547,scenario,formalin,321.5283074271336
11.5,spinal_coord,2.0,0.995810997385,0.004189002615,0.3137397969082693,31.373979690826932,0.08638273008269243,8.638273008269243,0.24895274934625,24.895274934625,0.002611145904159031,0.2611145904159031,0.0026111459041590307,0.0036556042658226428,scenario,formalin,316.73668867652407
11.583333333333334,spinal_coord,2.0,0.995786721457,0.004213278543,0.3137770602533154,31.37770602533154,0.0864405065187539,8.64405065187539,0.24894668036425,24.894668036425,0.002624829595455096,0.2624829595455096,0.0026248295954550962,0.0036747614336371344,scenario,formalin,311.94506992591465
11.666666666666666,spinal_coord,2.0,0.99576248698,0.00423751302,0.31381439678249445,31.381439678249446,0.08649836671665924,8.649836671665923,0.248940621745,24.8940621745,0.002638657460865848,0.2638657460865848,0.0026386574608658485,0.003694120445212188,scenario,formalin,307.1534511753053
11.75,spinal_coord,2.0,0.995738280333,0.004261719667,0.31385180233336596,31.385180233336595,0.0865563096668213,8.65563096668213,0.24893457008325,24.893457008325,0.0026526317910296623,0.2652631791029662,0.0026526317910296623,0.003713684507441527,scenario,formalin,302.36183242469576
11.833333333333334,spinal_coord,2.0,0.995714087895,0.004285912105,0.31388927274138567,31.388927274138567,0.0866143343568476,8.66143343568476,0.24892852197375,24.892852197375,0.002666754925368155,0.2666754925368155,0.0026667549253681553,0.003733456895515417,scenario,formalin,297.5702136740861
11.916666666666666,spinal_coord,2.0,0.995689896045,0.004310103955,0.3139268038398979,31.39268038398979,0.08667243977153057,8.667243977153056,0.24892247401125,24.892247401125,0.0026810292533917895,0.26810292533917895,0.00268102925339179,0.0037534409547485058,scenario,formalin,292.77859492347676
12.0,spinal_coord,2.0,0.995665691162,0.004334308838,0.3139643914601282,31.396439146012824,0.08673062489283764,8.673062489283764,0.2489164227905,24.89164227905,0.0026954572160476477,0.26954572160476475,0.0026954572160476477,0.0037736401024667065,scenario,formalin,287.9869761728673
0.0,ganglia,12.808876396812146,0.978691804644,0.021308195356,0.44175011188997865,44.175011188997864,0.38208992380619844,38.20899238061985,0.0978691804644,9.78691804644,0.00846693553251834,0.846693553251834,0.008466935532518339,0.015240483958533009,scenario,formalin,0.001
0.08333333333333333,ganglia,13.136547891548611,0.979082791037,0.020917208963,0.42450990911979203,42.450990911979204,0.36289070001788004,36.289070001788005,0.09790827910370001,9.79082791037,0.004051201284885349,0.40512012848853485,0.004051201284885348,0.0072921623127936265,scenario,formalin,691.7974864062256
0.16666666666666666,ganglia,13.351224325315012,0.979797842926,0.020202157074,0.4081051004314866,40.81051004314866,0.3445836845987629,34.45836845987629,0.09797978429260001,9.797978429260002,0.0026851009073968818,0.2685100907396882,0.002685100907396882,0.004833181633314388,scenario,formalin,1383.5939728124515
0.25,ganglia,13.426,0.98060869476,0.01939130524,0.3917624469779351,39.176244697793514,0.32633508611326123,32.63350861132612,0.09806086947600001,9.8060869476,0.002003311851384325,0.20033118513843248,0.0020033118513843244,0.003605961332491784,scenario,formalin,2075.390459218677
0.3333333333333333,ganglia,13.351224325315012,0.98145176401,0.01854823599,0.3751428115167085,37.51428115167085,0.30777515012856493,30.777515012856494,0.09814517640100001,9.814517640100002,0.0015835274382471573,0.15835274382471573,0.0015835274382471575,0.0028503493888448837,scenario,formalin,2767.1869456249033
0.4166666666666667,ganglia,13.136547891548611,0.982287976207,0.017712023793,0.3582332225386639,35.823322253866394,0.2888938054644043,28.889380546440428,0.09822879762070001,9.82287976207,0.001292891580276362,0.1292891580276362,0.001292891580276362,0.0023272048444974514,scenario,formalin,3458.983432031125
0.5,ganglia,12.808876396812146,0.983114185086,0.016885814914,0.3412822743073899,34.12822743073899,0.26996761755421095,26.996761755421094,0.09831141850860001,9.83114185086,0.0010773033120048566,0.10773033120048565,0.0010773033120048566,0.0019391459616087418,scenario,formalin,4150.779918437351
0.5833333333333334,ganglia,12.406831110746989,0.983917594554,0.016082405446,0.3246914875333245,32.46914875333245,0.25144414230880496,25.144414230880496,0.0983917594554,9.839175945540001,0.0009110044589362144,0.09110044589362144,0.0009110044589362144,0.001639808026085186,scenario,formalin,4842.576404843579
0.6666666666666666,ganglia,11.973289871012954,0.984694143347,0.015305856653,0.3089171163877378,30.891711638773778,0.23383078005893088,23.383078005893086,0.09846941433470001,9.84694143347,0.0007801253309107351,0.07801253309107352,0.000780125330910735,0.001404225595639323,scenario,formalin,5534.372891249803
0.75,ganglia,11.547991027054962,0.985456883076,0.014543116924,0.294371168497562,29.4371168497562,0.21758386687773557,21.758386687773555,0.09854568830760001,9.85456883076,0.0006762317938457072,0.06762317938457071,0.0006762317938457071,0.0012172172289222727,scenario,formalin,6226.169377656027
0.8333333333333334,ganglia,11.161925474707305,0.986189608685,0.013810391315,0.2813313623173189,28.133136231731893,0.20301377938757653,20.301377938757653,0.09861896086850001,9.86189608685,0.0005935275985867294,0.059352759858672936,0.0005935275985867294,0.001068349677456113,scenario,formalin,6917.96586406226
0.9166666666666666,ganglia,10.834488565796661,0.986891546257,0.013108453743,0.269919697117192,26.9919697117192,0.19025615832387996,19.025615832387995,0.0986891546257,9.868915462570001,0.0005276046626852041,0.05276046626852041,0.0005276046626852042,0.0009496883928333676,scenario,formalin,7609.762350468487
1.0,ganglia,10.573448986320257,0.987561487638,0.012438512362,0.2601036911293213,26.010369112932132,0.17927504707280142,17.927504707280143,0.09875614876380001,9.875614876380002,0.0004749023322502577,0.04749023322502577,0.0004749023322502577,0.000854824198050464,scenario,formalin,8301.558836874707
1.0833333333333333,ganglia,10.377052192654173,0.988198175784,0.011801824216,0.2595473035210898,25.954730352108978,0.1785860954918775,17.85860954918775,0.09881981757840001,9.881981757840002,0.0004761578294722237,0.04761578294722237,0.00047615782947222376,0.0008570840930500027,scenario,formalin,8113.170664023153
1.1666666666666667,ganglia,10.237214064102924,0.988798889504,0.011201110496,0.2596880768721188,25.968807687211882,0.17867576435746532,17.867576435746532,0.09887988895040001,9.887988895040001,0.0004801201195342874,0.04801201195342874,0.0004801201195342874,0.0008642162151617173,scenario,formalin,7924.782491171596
1.25,ganglia,10.142794565716503,0.989364653738,0.010635346262,0.26041161190790874,26.041161190790874,0.17941682948234303,17.941682948234302,0.0989364653738,9.89364653738,0.0004864386367269792,0.04864386367269792,0.00048643863672697925,0.0008755895461085626,scenario,formalin,7736.394318320053
1.3333333333333333,ganglia,10.08224608002454,0.989898720777,0.010101279223,0.26158932365707743,26.15893236570774,0.18066605731041935,18.066605731041935,0.0989898720777,9.89898720777,0.0004947103921229742,0.04947103921229742,0.0004947103921229743,0.0008904787058213537,scenario,formalin,7548.006145468497
1.4166666666666667,ganglia,10.045326378203372,0.990401296902,0.009598703098,0.26310100645013534,26.310100645013534,0.1822898630665948,18.228986306659483,0.0990401296902,9.90401296902,0.0005045597889239044,0.05045597889239044,0.0005045597889239044,0.000908207620063028,scenario,formalin,7359.617972616953
1.5,ganglia,10.023901167239396,0.990872400342,0.009127599658,0.26484837017976914,26.484837017976915,0.18417903349507683,18.417903349507682,0.0990872400342,9.90872400342,0.0005156832196579436,0.05156832196579436,0.0005156832196579436,0.0009282297953842985,scenario,formalin,7171.229799765398
1.5833333333333333,ganglia,10.012059227420568,0.991315194158,0.008684805842,0.26675955209898816,26.675955209898817,0.18625336964798683,18.625336964798684,0.0991315194158,9.91315194158,0.0005278640759427746,0.05278640759427746,0.0005278640759427746,0.0009501553366969943,scenario,formalin,6982.8416269138415
1.6666666666666667,ganglia,10.005821731106384,0.991732000266,0.008267999734,0.2687858458800564,26.878584588005637,0.1884584953927293,18.84584953927293,0.0991732000266,9.91732000266,0.0005409681168564515,0.054096811685645146,0.0005409681168564515,0.0009737426103416126,scenario,formalin,6794.453454062294
1.75,ganglia,10.002689162717797,0.992122818665,0.007877181335,0.27089639382424935,27.089639382424934,0.19076012439749931,19.07601243974993,0.0992122818665,9.92122818665,0.0005549291042615051,0.05549291042615052,0.0005549291042615051,0.0009988723876707094,scenario,formalin,6606.065281210745
1.8333333333333333,ganglia,10.001188541370269,0.99248817936,0.00751182064,0.27307361538298147,27.307361538298146,0.1931386638299794,19.31386638299794,0.099248817936,9.924881793600001,0.0005697321428986704,0.05697321428986704,0.0005697321428986704,0.0010255178572176069,scenario,formalin,6417.677108359186
1.9166666666666667,ganglia,10.000502624676706,0.992831785673,0.007168214327,0.2753093887211875,27.53093887211875,0.19558467794876383,19.558467794876382,0.09928317856730001,9.92831785673,0.0005853990618470914,0.05853990618470914,0.0005853990618470914,0.0010537183113247645,scenario,formalin,6229.288935507631
2.0,ganglia,10.00020337875887,0.993154351119,0.006845648881,0.277599997247039,27.7599997247039,0.19809395792793225,19.809395792793225,0.0993154351119,9.93154351119,0.000601977583324038,0.0601977583324038,0.000601977583324038,0.0010835596499832684,scenario,formalin,6040.900762656084
2.0833333333333335,ganglia,10.000078740770629,0.993455875698,0.006544124302,0.27877482243899404,27.877482243899404,0.1993658165213267,19.93658165213267,0.0993455875698,9.93455875698,0.0006103810437035141,0.06103810437035141,0.000610381043703514,0.0010986858786663253,scenario,formalin,5949.3350328397055
2.1666666666666665,ganglia,10.00002916930028,0.993736827504,0.006263172496,0.2799590469230927,27.99590469230927,0.2006504046363252,20.06504046363252,0.09937368275040001,9.93736827504,0.000619027308608177,0.0619027308608177,0.000619027308608177,0.0011142491554947185,scenario,formalin,5857.769303023341
2.25,ganglia,10.000010339145426,0.993998971574,0.006001028426,0.2811527370807081,28.11527370807081,0.20194759991478678,20.194759991478676,0.0993998971574,9.93998971574,0.0006279240666476159,0.06279240666476159,0.000627924066647616,0.001130263319965709,scenario,formalin,5766.203573206964
2.3333333333333335,ganglia,10.000003506513853,0.994243968102,0.005756031898,0.2823563022784948,28.23563022784948,0.20325767274254974,20.325767274254975,0.0994243968102,9.94243968102,0.0006370810837453695,0.06370810837453696,0.0006370810837453698,0.0011467459507416655,scenario,formalin,5674.63784339059
2.4166666666666665,ganglia,10.000001137886004,0.99447346805,0.00552653195,0.2835703207230742,28.35703207230742,0.20458108213119355,20.458108213119356,0.099447346805,9.9447346805,0.0006465094282777593,0.06465094282777592,0.0006465094282777593,0.0011637169708999667,scenario,formalin,5583.072113574225
2.5,ganglia,10.000000353308621,0.994689122384,0.005310877616,0.2847954500433565,28.479545004335648,0.20591837533884053,20.591837533884053,0.0994689122384,9.94689122384,0.000656221138885057,0.0656221138885057,0.000656221138885057,0.0011811980499931026,scenario,formalin,5491.506383757846
2.5833333333333335,ganglia,10.000000104964393,0.994892582066,0.005107417934,0.2860323876857114,28.60323876857114,0.20727014386567932,20.727014386567934,0.0994892582066,9.94892582066,0.0006662291105978642,0.06662291105978642,0.0006662291105978642,0.0011992123990761554,scenario,formalin,5399.94065394147
2.6666666666666665,ganglia,10.000000029837473,0.995084463171,0.004915536829,0.28728155620167317,28.728155620167318,0.20863678876063688,20.863678876063688,0.0995084463171,9.95084463171,0.0006765470835763722,0.06765470835763722,0.0006765470835763722,0.00121778475043747,scenario,formalin,5308.374924125105
2.75,ganglia,10.000000008115483,0.995264111733,0.004735888267,0.2885430228948289,28.85430228948289,0.21001845746836542,21.00184574683654,0.09952641117330001,9.952641117330002,0.0006871896792554109,0.06871896792554108,0.0006871896792554109,0.0012369414226597395,scenario,formalin,5216.80919430873
2.8333333333333335,ganglia,10.000000002112024,0.995432099044,0.004567900956,0.2898172164814948,28.981721648149477,0.2114155628634386,21.14155628634386,0.0995432099044,9.954320990440001,0.0006981724595288505,0.06981724595288505,0.0006981724595288504,0.0012567104271519307,scenario,formalin,5125.243464492356
2.9166666666666665,ganglia,10.000000000525915,0.995589017319,0.004410982681,0.2911045818945857,29.110458189458573,0.21282853351409525,21.282853351409525,0.0995589017319,9.955890173190001,0.0007095119991707209,0.07095119991707209,0.0007095119991707209,0.0012771215985072977,scenario,formalin,5033.677734675981
3.0,ganglia,10.000000000125304,0.99573545142,0.00426454858,0.2924055721636844,29.24055721636844,0.21425780780187154,21.425780780187154,0.09957354514200001,9.9573545142,0.0007212259681277998,0.07212259681277998,0.0007212259681277996,0.0012982067426300394,scenario,formalin,4942.112004859611
3.0833333333333335,ganglia,10.000000000028566,0.995871812823,0.004128187177,0.29372059964956393,29.372059964956392,0.2157037981858488,21.570379818584883,0.0995871812823,9.95871812823,0.0007333332230240751,0.07333332230240751,0.0007333332230240752,0.0013199998014433354,scenario,formalin,4850.546275043234
3.1666666666666665,ganglia,10.000000000006231,0.995998545267,0.004001454733,0.29505009616216205,29.505009616216206,0.21716693515051333,21.716693515051332,0.0995998545267,9.95998545267,0.0007458539083388164,0.07458539083388163,0.0007458539083388165,0.0013425370350098698,scenario,formalin,4758.980545226862
3.25,ganglia,10.0000000000013,0.996116146464,0.003883853536,0.2963945199563751,29.63945199563751,0.21864767256663903,21.864767256663903,0.0996116146464,9.96116146464,0.0007588095682219683,0.07588095682219684,0.0007588095682219682,0.0013658572227995428,scenario,formalin,4667.414815410489
3.3333333333333335,ganglia,10.00000000000026,0.996225114124,0.003774885876,0.29775434030766357,29.775434030766355,0.22014647655029282,22.014647655029282,0.09962251141240001,9.962251141240001,0.0007722232701961644,0.07722232701961644,0.0007722232701961644,0.001390001886353096,scenario,formalin,4575.849085594121
3.4166666666666665,ganglia,10.00000000000005,0.996325902293,0.003674097707,0.2991300247769406,29.91300247769406,0.22166381616404512,22.16638161640451,0.0996325902293,9.96325902293,0.0007861197422226928,0.07861197422226927,0.0007861197422226928,0.001415015536000847,scenario,formalin,4484.283355777746
3.5,ganglia,10.000000000000009,0.996418816372,0.003581183628,0.30052200763860826,30.052200763860824,0.22320014000156474,22.320014000156473,0.0996418816372,9.96418816372,0.0008005255248399992,0.08005255248399992,0.0008005255248399992,0.0014409459447119986,scenario,formalin,4392.717625961374
3.5833333333333335,ganglia,10.000000000000002,0.996504258291,0.003495741709,0.30193076353169335,30.193076353169335,0.22475593078065928,22.475593078065927,0.0996504258291,9.96504258291,0.0008154691403427558,0.08154691403427558,0.0008154691403427558,0.0014678444526169605,scenario,formalin,4301.151896144998
3.6666666666666665,ganglia,10.0,0.996582641743,0.003417358257,0.30335678272175526,30.335678272175524,0.22633168727495026,22.633168727495026,0.09965826417430002,9.965826417430002,0.0008309812812701433,0.08309812812701434,0.0008309812812701432,0.0014957663062862578,scenario,formalin,4209.586166328628
3.75,ganglia,10.0,0.996654380398,0.003345619602,0.3048005680007699,30.480056800076987,0.22792792217885538,22.792792217885538,0.0996654380398,9.96654380398,0.0008470950208242746,0.08470950208242746,0.0008470950208242746,0.0015247710374836942,scenario,formalin,4118.020436512256
3.8333333333333335,ganglia,10.0,0.996719857424,0.003280142576,0.30626262576216634,30.626262576216632,0.22954515557751815,22.954515557751815,0.09967198574240001,9.967198574240001,0.0008638460482543513,0.08638460482543513,0.0008638460482543513,0.0015549228868578324,scenario,formalin,4026.454706695883
3.9166666666666665,ganglia,10.0,0.996779444369,0.003220555631,0.3077434720658482,30.774347206584817,0.2311839195877202,23.11839195877202,0.0996779444369,9.96779444369,0.0008812729327320993,0.08812729327320994,0.0008812729327320995,0.0015862912789177792,scenario,formalin,3934.8889768795057
4.0,ganglia,10.0,0.996833533134,0.003166466866,0.3092436429430525,30.92436429430525,0.23284476625516948,23.284476625516948,0.0996833533134,9.96833533134,0.0008994174198247153,0.08994174198247153,0.0008994174198247153,0.0016189513556844875,scenario,formalin,3843.323247063136
4.083333333333333,ganglia,10.0,0.99688251562,0.00311748438,0.3099157273833641,30.99157273833641,0.23358608424596009,23.35860842459601,0.09968825156200001,9.968825156200001,0.0009076073291435259,0.09076073291435259,0.0009076073291435261,0.0016336931924583469,scenario,formalin,3803.1922642742934
4.166666666666667,ganglia,10.0,0.996926770979,0.003073229021,0.3105905347731569,31.05905347731569,0.23433095297250767,23.433095297250766,0.0996926770979,9.96926770979,0.0009159477603298955,0.09159477603298954,0.0009159477603298957,0.0016487059685938122,scenario,formalin,3763.061281485449
4.25,ganglia,10.0,0.996966571576,0.003033428424,0.31126818038845205,31.126818038845204,0.23507947025650225,23.507947025650225,0.09969665715760001,9.969665715760001,0.0009244429015195632,0.09244429015195632,0.0009244429015195632,0.001663997222735214,scenario,formalin,3722.9302986966054
4.333333333333333,ganglia,10.0,0.997002255128,0.002997744872,0.31194880106734657,31.194880106734658,0.23583175061616282,23.58317506161628,0.0997002255128,9.97002255128,0.000933097097677634,0.0933097097677634,0.0009330970976776341,0.0016795747758197414,scenario,formalin,3682.7993159077623
4.416666666666667,ganglia,10.0,0.997034182608,0.002965817392,0.3126325422487811,31.26325422487811,0.23658791554220127,23.658791554220127,0.09970341826080001,9.97034182608,0.0009419148580087603,0.09419148580087602,0.0009419148580087601,0.0016954467444157684,scenario,formalin,3642.668333118914
4.5,ganglia,10.0,0.997062714992,0.002937285008,0.3133195507653703,31.33195507653703,0.23734808807352256,23.734808807352255,0.09970627149920001,9.970627149920002,0.0009509008637914819,0.09509008637914819,0.0009509008637914819,0.0017116215548246675,scenario,formalin,3602.537350330075
4.583333333333333,ganglia,10.0,0.997088213252,0.002911786748,0.3140099748634546,31.40099748634546,0.2381123928202829,23.81123928202829,0.09970882132520001,9.970882132520002,0.000960059976665351,0.0960059976665351,0.0009600599766653511,0.001728107957997632,scenario,formalin,3562.406367541227
4.666666666666667,ganglia,10.0,0.997111038363,0.002888961637,0.3147039642279688,31.47039642279688,0.23888095599074313,23.888095599074312,0.0997111038363,9.97111038363,0.0009693972474016147,0.09693972474016146,0.0009693972474016147,0.0017449150453229065,scenario,formalin,3522.275384752384
4.75,ganglia,10.0,0.9971315513,0.0028684487,0.3154016700046146,31.540167000461462,0.23965390541623846,23.965390541623847,0.09971315513000001,9.971315513,0.0009789179251907633,0.09789179251907633,0.0009789179251907631,0.0017620522653433736,scenario,formalin,3482.144401963539
4.833333333333333,ganglia,10.0,0.997150113036,0.002849886964,0.3161032448227843,31.61032448227843,0.24043137057687147,24.043137057687147,0.0997150113036,9.97150113036,0.0009886274674827734,0.09886274674827733,0.0009886274674827736,0.0017795294414689924,scenario,formalin,3442.0134191746993
4.916666666666667,ganglia,10.0,0.997167066277,0.002832933723,0.3168088370166173,31.680883701661728,0.24121347820990804,24.121347820990806,0.0997167066277,9.97167066277,0.0009985315504188487,0.09985315504188487,0.0009985315504188487,0.0017973567907539278,scenario,formalin,3401.882436385852
5.0,ganglia,10.0,0.997182041828,0.002817958172,0.3175183697210071,31.751836972100712,0.2420001839313412,24.20001839313412,0.0997182041828,9.97182041828,0.001008636079896517,0.1008636079896517,0.001008636079896517,0.0018155449438137306,scenario,formalin,3361.751453597007
5.083333333333333,ganglia,10.0,0.997194793623,0.002805206377,0.31823180484423436,31.823180484423435,0.24279147275770485,24.279147275770484,0.09971947936230001,9.97194793623,0.0010189472033134467,0.10189472033134467,0.0010189472033134469,0.0018341049659642045,scenario,formalin,3321.620470808169
5.166666666666667,ganglia,10.0,0.997205369623,0.002794630377,0.318949198160814,31.8949198160814,0.24358740133168225,24.358740133168226,0.0997205369623,9.97205369623,0.0010294713220390277,0.10294713220390277,0.0010294713220390277,0.00185304837967025,scenario,formalin,3281.489488019325
5.25,ganglia,10.0,0.997213817789,0.002786182211,0.31967060611375303,31.967060611375302,0.24438802703872559,24.438802703872557,0.0997213817789,9.972138177889999,0.0010402151046668801,0.10402151046668802,0.0010402151046668801,0.0018723871884003844,scenario,formalin,3241.358505230479
5.333333333333333,ganglia,10.0,0.997220186082,0.002779813918,0.32039608582554463,32.039608582554465,0.24519340801927178,24.51934080192718,0.09972201860820001,9.972201860820002,0.0010511855011059602,0.10511855011059601,0.0010511855011059602,0.0018921339019907283,scenario,formalin,3201.227522441634
5.416666666666667,ganglia,10.0,0.997224522462,0.002775477538,0.32112569510905725,32.11256951090572,0.24600360318095252,24.60036031809525,0.09972245224620001,9.97224522462,0.001062389757572822,0.1062389757572822,0.001062389757572822,0.0019123015636310795,scenario,formalin,3161.0965396527913
5.5,ganglia,10.0,0.99722689732,0.00277310268,0.32185949971899513,32.18594997189951,0.24681867776332794,24.681867776332794,0.099722689732,9.9722689732,0.0010738354325529932,0.10738354325529932,0.0010738354325529932,0.0019329037785953877,scenario,formalin,3120.9655568639487
5.583333333333333,ganglia,10.0,0.99722739947,0.00277260053,0.3225975721499843,32.25975721499843,0.24763870244776034,24.763870244776033,0.09972273994700001,9.972273994700002,0.0010855304138053475,0.10855304138053476,0.0010855304138053475,0.0019539547448496255,scenario,formalin,3080.8345740751042
5.666666666666667,ganglia,10.0,0.997226092728,0.002773907272,0.3233399776393914,32.33399776393914,0.24846374262954599,24.846374262954598,0.09972260927280001,9.97226092728,0.001097482936489864,0.1097482936489864,0.0010974829364898643,0.0019754692856817557,scenario,formalin,3040.703591286262
5.75,ganglia,10.0,0.997223040722,0.002776959278,0.32408678215076114,32.408678215076115,0.2492938645317346,24.92938645317346,0.09972230407220001,9.972230407220001,0.0011097016025063292,0.11097016025063292,0.0011097016025063292,0.0019974628845113927,scenario,formalin,3000.5726084974144
5.833333333333333,ganglia,10.0,0.997218307079,0.002781692921,0.3248380524472281,32.48380524472281,0.25012913526592007,25.01291352659201,0.09972183070790001,9.97218307079,0.001122195401139398,0.11221954011393981,0.0011221954011393978,0.0020199517220509163,scenario,formalin,2960.441625708573
5.916666666666667,ganglia,10.0,0.997211955428,0.002788044572,0.32559385610595737,32.55938561059574,0.25096962284795266,25.096962284795264,0.09972119554280001,9.97211955428,0.0011349737311141751,0.11349737311141751,0.0011349737311141751,0.002042952716005515,scenario,formalin,2920.310642919727
6.0,ganglia,10.0,0.9972040441,0.0027959559,0.3263542597973635,32.63542597973635,0.25181539487484833,25.181539487484834,0.09972040441,9.972040441,0.0011480464241759964,0.11480464241759965,0.0011480464241759962,0.002066483563516793,scenario,formalin,2880.1796601308843
6.083333333333333,ganglia,10.0,0.997194613854,0.002805386146,0.3271193252523633,32.71193252523633,0.25266651540773705,25.266651540773704,0.0997194613854,9.97194613854,0.0011614237703187799,0.11614237703187799,0.0011614237703187799,0.0020905627865738037,scenario,formalin,2840.0486773420407
6.166666666666667,ganglia,10.0,0.997183718821,0.002816281179,0.3278891193831187,32.78891193831187,0.25352305277890963,25.352305277890963,0.0997183718821,9.971837188210001,0.001175116544797963,0.1175116544797963,0.001175116544797963,0.002115209780636333,scenario,formalin,2799.9176945531967
6.25,ganglia,10.0,0.997171414737,0.002828585263,0.32866371047026965,32.866371047026966,0.2543850766628552,25.43850766628552,0.0997171414737,9.971714147370001,0.001189136037077079,0.1189136037077079,0.001189136037077079,0.002140444866738742,scenario,formalin,2759.786711764352
6.333333333333333,ganglia,10.0,0.997157757339,0.002842242661,0.3294431676536841,32.944316765368406,0.255252657688649,25.5252657688649,0.0997157757339,9.97157757339,0.0012034940818714003,0.12034940818714003,0.0012034940818714003,0.0021662893473685207,scenario,formalin,2719.655728975509
6.416666666666667,ganglia,10.0,0.997142802362,0.002857197638,0.3302275609462242,33.022756094622416,0.2561258674555824,25.61258674555824,0.0997142802362,9.971428023620001,0.0012182030924680605,0.12182030924680605,0.0012182030924680607,0.0021927655664425094,scenario,formalin,2679.5247461866657
6.5,ganglia,10.0,0.997126598281,0.002873401719,0.3310169588393545,33.10169588393545,0.25700477667917165,25.700477667917166,0.09971265982810001,9.971265982810001,0.001233276096519822,0.12332760965198221,0.0012332760965198222,0.00221989697373568,scenario,formalin,2639.3937633978207
6.583333333333333,ganglia,10.0,0.997109105434,0.002890894566,0.33181140137566795,33.18114013756679,0.2578894342580755,25.78894342580755,0.0997109105434,9.97109105434,0.0012487267745294236,0.12487267745294237,0.0012487267745294236,0.0022477081941529625,scenario,formalin,2599.2627806089763
6.666666666666667,ganglia,10.0,0.997090322205,0.002909677795,0.3326109419003598,33.261094190035976,0.25877989964428866,25.877989964428867,0.09970903222050001,9.970903222050001,0.0012645695012634605,0.12645695012634606,0.0012645695012634605,0.0022762251022742292,scenario,formalin,2559.131797820134
6.75,ganglia,10.0,0.997070268722,0.002929731278,0.33341564177536576,33.341564177536576,0.2596762387812953,25.96762387812953,0.09970702687220001,9.970702687220001,0.0012808193903593088,0.12808193903593088,0.001280819390359309,0.0023054749026467565,scenario,formalin,2519.0008150312888
6.833333333333333,ganglia,10.0,0.997048965109,0.002951034891,0.3342255631912364,33.42255631912364,0.2605785185337071,26.05785185337071,0.0997048965109,9.97048965109,0.0012974923424160418,0.12974923424160417,0.0012974923424160416,0.002335486216348875,scenario,formalin,2478.869832242445
6.916666666666667,ganglia,10.0,0.997026431491,0.002973568509,0.33504076918336023,33.504076918336025,0.26148680670473357,26.148680670473357,0.0997026431491,9.97026431491,0.0013146050968910125,0.13146050968910125,0.0013146050968910123,0.0023662891744038223,scenario,formalin,2438.7388494536017
7.0,ganglia,10.0,0.997002687778,0.002997312222,0.3358613235740691,33.58613235740691,0.26240117199585455,26.240117199585455,0.09970026877780001,9.97002687778,0.0013321752881581327,0.13321752881581328,0.0013321752881581327,0.0023979155186846387,scenario,formalin,2398.607866664758
7.083333333333333,ganglia,10.0,0.996977706003,0.003022293997,0.33668727489108563,33.66872748910856,0.26332167143420626,26.332167143420627,0.0996977706003,9.96977706003,0.0013502215061224911,0.13502215061224912,0.0013502215061224911,0.002430398711020484,scenario,formalin,2358.4768838759137
7.166666666666667,ganglia,10.0,0.996951455793,0.003048544207,0.3375186715754943,33.751867157549434,0.2642483622179937,26.42483622179937,0.09969514557930001,9.969514557930001,0.0013687633618292949,0.1368763361829295,0.0013687633618292949,0.0024637740512927307,scenario,formalin,2318.345901087071
7.25,ganglia,10.0,0.996923937147,0.003076062853,0.338355573109321,33.8355573109321,0.26518131043846777,26.518131043846775,0.09969239371470001,9.969239371470001,0.0013878215585539186,0.13878215585539186,0.0013878215585539188,0.002498078805397054,scenario,formalin,2278.214918298226
7.333333333333333,ganglia,10.0,0.996895150064,0.003104849936,0.3391980398242294,33.91980398242294,0.2661205831309216,26.612058313092156,0.0996895150064,9.96895150064,0.0014074179689148008,0.1407417968914801,0.0014074179689148006,0.002533352344046641,scenario,formalin,2238.083935509384
7.416666666666667,ganglia,10.0,0.996865094546,0.003134905454,0.34004613291776986,34.004613291776984,0.26706624829241093,26.706624829241093,0.0996865094546,9.96865094546,0.0014275757186130572,0.14275757186130572,0.0014275757186130575,0.0025696362935035033,scenario,formalin,2197.952952720538
7.5,ganglia,10.0,0.996833770591,0.003166229409,0.3408999144665503,34.089991446655034,0.268018374897167,26.8018374897167,0.0996833770591,9.96833770591,0.001448319277472808,0.1448319277472808,0.001448319277472808,0.0026069746994510546,scenario,formalin,2157.8219699316946
7.583333333333333,ganglia,10.0,0.996801178201,0.003198821799,0.34175944744485304,34.17594474448531,0.26897703291639224,26.897703291639225,0.0996801178201,9.96801178201,0.0014696745585357867,0.14696745585357868,0.0014696745585357869,0.0026454142053644165,scenario,formalin,2117.690987142852
7.666666666666667,ganglia,10.0,0.996767317374,0.003232682626,0.34262479573813687,34.262479573813685,0.26994229333415204,26.994229333415205,0.0996767317374,9.967673173740002,0.0014916690260539614,0.14916690260539614,0.0014916690260539617,0.002685004246897131,scenario,formalin,2077.560004354008
7.75,ganglia,10.0,0.996732188112,0.003267811888,0.34349602416236663,34.349602416236664,0.2709142281679629,27.09142281679629,0.0996732188112,9.96732188112,0.0015143318133264934,0.15143318133264935,0.0015143318133264932,0.002725797263987688,scenario,formalin,2037.429021565164
7.833333333333333,ganglia,10.0,0.996695823972,0.003304176028,0.34437321007335225,34.43732100733523,0.27189291964016915,27.189291964016917,0.0996695823972,9.96695823972,0.0015376938514441222,0.1537693851444122,0.001537693851444122,0.0027678489325994194,scenario,formalin,1997.2980387763193
7.916666666666667,ganglia,10.0,0.996658956447,0.003341043553,0.34525667368585716,34.525667368585715,0.2728786422679524,27.28786422679524,0.0996658956447,9.96658956447,0.001561788010137344,0.1561788010137344,0.001561788010137344,0.0028112184182472193,scenario,formalin,1957.167055987476
8.0,ganglia,10.0,0.99662188349,0.00337811651,0.3461465882704329,34.614658827043286,0.2738715554682587,27.38715554682587,0.09966218834900001,9.966218834900001,0.0015866492520771004,0.15866492520771003,0.0015866492520771002,0.0028559686537387805,scenario,formalin,1917.036073198632
8.083333333333334,ganglia,10.0,0.9965846051,0.0034153949,0.3464972878495509,34.649728784955094,0.2742653637106121,27.42653637106121,0.09965846051,9.965846051,0.0015968364036972572,0.1596836403697257,0.0015968364036972572,0.002874305526655063,scenario,formalin,1900.9529123575496
8.166666666666666,ganglia,10.0,0.996547121279,0.003452878721,0.346848963311148,34.6848963311148,0.2746602790924978,27.466027909249778,0.0996547121279,9.96547121279,0.0016071552147567385,0.16071552147567386,0.0016071552147567385,0.002892879386562129,scenario,formalin,1884.8697515164677
8.25,ganglia,10.0,0.996509432025,0.003490567975,0.34720161907792985,34.720161907792985,0.27505630652825536,27.505630652825534,0.09965094320250001,9.965094320250001,0.0016176082542195805,0.16176082542195805,0.0016176082542195807,0.0029116948575952455,scenario,formalin,1868.786590675386
8.333333333333334,ganglia,10.0,0.996471561179,0.003528438821,0.3475552679149232,34.75552679149232,0.275453457552248,27.545345755224798,0.09964715611790001,9.964715611790002,0.0016281981583221822,0.16281981583221822,0.0016281981583221822,0.002930756684979928,scenario,formalin,1852.7034298343033
8.416666666666666,ganglia,10.0,0.996433995139,0.003566004861,0.3479100841529521,34.79100841529521,0.275851871821169,27.5851871821169,0.0996433995139,9.96433995139,0.001638927632789855,0.1638927632789855,0.0016389276327898551,0.0029500697390217392,scenario,formalin,1836.6202689932213
8.5,ganglia,10.0,0.996396925867,0.003603074133,0.3482661399572342,34.82661399572342,0.2762516081894824,27.625160818948242,0.09963969258670001,9.963969258670001,0.001649799455141603,0.1649799455141603,0.0016497994551416032,0.002969639019254886,scenario,formalin,1820.5371081521407
8.583333333333334,ganglia,10.0,0.996360353363,0.003639646637,0.34862344064146245,34.86234406414624,0.2766526725612916,27.665267256129162,0.0996360353363,9.96360353363,0.0016608164770872365,0.16608164770872366,0.0016608164770872365,0.0029894696587570257,scenario,formalin,1804.4539473110576
8.666666666666666,ganglia,10.0,0.996324277626,0.003675722374,0.3489819915506657,34.89819915506657,0.2770550708756286,27.705507087562857,0.0996324277626,9.963242776260001,0.001671981627021175,0.1671981627021175,0.001671981627021175,0.0030095669286381147,scenario,formalin,1788.3707864699768
8.75,ganglia,10.0,0.996288698657,0.003711301343,0.3493417980624958,34.93417980624958,0.2774588091075509,27.745880910755087,0.0996288698657,9.96288698657,0.0016832979126175367,0.16832979126175368,0.001683297912617537,0.0030299362427115666,scenario,formalin,1772.2876256288941
8.833333333333334,ganglia,10.0,0.996253607411,0.003746392589,0.3497028624114593,34.97028624114593,0.27786389074484363,27.78638907448436,0.09962536074110001,9.962536074110002,0.00169476842353131,0.16947684235313099,0.00169476842353131,0.003050583162356358,scenario,formalin,1756.2044647878124
8.916666666666666,ganglia,10.0,0.996218830772,0.003781169228,0.3500651291973316,35.00651291973316,0.27827027346681293,27.827027346681295,0.0996218830772,9.96218830772,0.0017063963342107405,0.17063963342107405,0.0017063963342107405,0.003071513401579333,scenario,formalin,1740.1213039467295
9.0,ganglia,10.0,0.996184302544,0.003815697456,0.35042858040273506,35.04285804027351,0.2786779446092612,27.86779446092612,0.09961843025440001,9.96184302544,0.0017181849068262786,0.17181849068262786,0.0017181849068262783,0.003092732832287301,scenario,formalin,1724.038143105648
9.083333333333334,ganglia,10.0,0.996150022727,0.003849977273,0.3507932212526691,35.07932212526691,0.27908690997774344,27.908690997774343,0.09961500227270001,9.961500227270001,0.0017301374943217921,0.1730137494321792,0.0017301374943217921,0.003114247489779226,scenario,formalin,1707.9549822645663
9.166666666666666,ganglia,10.0,0.996115991321,0.003884008679,0.3511590570035718,35.11590570035718,0.27949717541274643,27.949717541274644,0.0996115991321,9.96115991321,0.001742257543594017,0.17422575435940169,0.001742257543594017,0.0031360635784692305,scenario,formalin,1691.8718214234837
9.25,ganglia,10.0,0.996082208326,0.003917791674,0.3515260929435568,35.15260929435568,0.279908746789952,27.990874678995198,0.09960822083260001,9.960822083260002,0.0017545485988065877,0.1754548598806588,0.0017545485988065877,0.003158187477851858,scenario,formalin,1675.7886605824017
9.333333333333334,ganglia,10.0,0.996048663551,0.003951336449,0.35189433079227067,35.189433079227065,0.2803216271524118,28.03216271524118,0.0996048663551,9.96048663551,0.0017670143048453487,0.17670143048453488,0.0017670143048453485,0.0031806257487216275,scenario,formalin,1659.7054997413193
9.416666666666666,ganglia,10.0,0.996015173598,0.003984826402,0.352263711027268,35.2263711027268,0.2807357707416311,28.073577074163108,0.0996015173598,9.96015173598,0.0017796584109220062,0.17796584109220062,0.0017796584109220062,0.003203385139659611,scenario,formalin,1643.6223389002378
9.5,ganglia,10.0,0.995981670526,0.004018329474,0.3526342147551598,35.26342147551598,0.28115116411395535,28.115116411395537,0.0995981670526,9.95981670526,0.00179248477433362,0.179248477433362,0.0017924847743336202,0.0032264725938005163,scenario,formalin,1627.5391780591567
9.583333333333334,ganglia,10.0,0.995948154336,0.004051845664,0.35300584709070254,35.30058470907026,0.2815678129523361,28.156781295233614,0.0995948154336,9.95948154336,0.001805497364385848,0.1805497364385848,0.001805497364385848,0.0032498952558945265,scenario,formalin,1611.4560172180736
9.666666666666666,ganglia,10.0,0.995914625026,0.004085374974,0.3533786131786427,35.337861317864274,0.28198572297338076,28.198572297338075,0.09959146250260001,9.959146250260002,0.001818700266488314,0.1818700266488314,0.0018187002664883142,0.0032736604796789657,scenario,formalin,1595.372856376992
9.75,ganglia,10.0,0.995881082598,0.004118917402,0.35375251819643433,35.37525181964343,0.28240489992959367,28.24048999295937,0.09958810825980001,9.95881082598,0.0018320976864310077,0.18320976864310076,0.0018320976864310077,0.003297775835575814,scenario,formalin,1579.28969553591
9.833333333333334,ganglia,10.0,0.995847527051,0.004152472949,0.35412756735199535,35.41275673519954,0.28282534960766154,28.282534960766153,0.0995847527051,9.95847527051,0.0018456939548510793,0.18456939548510792,0.0018456939548510793,0.003322249118731943,scenario,formalin,1563.2065346948282
9.916666666666666,ganglia,10.0,0.995813958385,0.004186041615,0.35450376588536653,35.450376588536656,0.2832470778298517,28.324707782985172,0.09958139583850001,9.95813958385,0.0018594935319000247,0.18594935319000247,0.0018594935319000245,0.0033470883574200443,scenario,formalin,1547.123373853746
10.0,ganglia,10.0,0.9957803766,0.0042196234,0.3548811190685988,35.488111906859885,0.28367009045399866,28.367009045399865,0.09957803766000001,9.957803766000001,0.0018735010121218138,0.18735010121218137,0.001873501012121814,0.0033723018218192653,scenario,formalin,1531.0402130126645
10.083333333333334,ganglia,10.0,0.99574678164,0.00425321836,0.3552596321860194,35.525963218601945,0.28409439335779935,28.409439335779936,0.09957467816400001,9.957467816400001,0.0018877211295531729,0.1887721129553173,0.0018877211295531729,0.0033978980331957113,scenario,formalin,1514.9570521715818
10.166666666666666,ganglia,10.0,0.995713044303,0.004286955697,0.35563926442723653,35.563926442723655,0.2845199555521517,28.45199555521517,0.0995713044303,9.95713044303,0.0019021587630579108,0.1902158763057911,0.0019021587630579108,0.0034238857735042396,scenario,formalin,1498.8738913305003
10.25,ganglia,10.0,0.995679045781,0.004320954219,0.3560199785272275,35.60199785272275,0.28494674883236387,28.49467488323639,0.0995679045781,9.95679045781,0.0019168189419079286,0.19168189419079287,0.0019168189419079284,0.0034502740954342713,scenario,formalin,1482.790730489418
10.333333333333334,ganglia,10.0,0.995644786074,0.004355213926,0.35640177959355146,35.64017795935514,0.28537477887350166,28.537477887350164,0.0995644786074,9.95644786074,0.001931706851624303,0.1931706851624303,0.0019317068516243032,0.0034770723329237458,scenario,formalin,1466.7075696483362
10.416666666666666,ganglia,10.0,0.995610265181,0.004389734819,0.3567846727648512,35.67846727648512,0.2858040513852791,28.580405138527908,0.0995610265181,9.956102651810001,0.0019468278400927152,0.19468278400927153,0.0019468278400927154,0.003504290112166888,scenario,formalin,1450.6244088072547
10.5,ganglia,10.0,0.995575483103,0.004424516897,0.35716866321216856,35.716866321216855,0.28623457211318726,28.623457211318726,0.0995575483103,9.955754831030001,0.0019621874239683654,0.19621874239683654,0.0019621874239683654,0.003531937363143058,scenario,formalin,1434.541247966172
10.583333333333334,ganglia,10.0,0.995540439839,0.004459560161,0.35755375613775736,35.75537561377573,0.28666634683761927,28.666634683761927,0.0995540439839,9.95540439839,0.001977791295386483,0.19777912953864832,0.001977791295386483,0.00356002433169567,scenario,formalin,1418.4580871250898
10.666666666666666,ganglia,10.0,0.99550513539,0.00449486461,0.35793995677676393,35.79399567767639,0.28709938137529323,28.709938137529324,0.099550513539,9.9550513539,0.0019936453289955986,0.19936453289955985,0.0019936453289955986,0.0035885615921920776,scenario,formalin,1402.3749262840076
10.75,ganglia,10.0,0.995469569756,0.004530430244,0.35832727039640055,35.832727039640055,0.28753368157866727,28.753368157866728,0.09954695697560001,9.954695697560002,0.0020097555893318123,0.20097555893318123,0.0020097555893318123,0.0036175600607972623,scenario,formalin,1386.2917654429255
10.833333333333334,ganglia,10.0,0.995433742937,0.004566257063,0.3587157022965552,35.87157022965552,0.28796925333650575,28.796925333650574,0.09954337429370001,9.954337429370002,0.002026128338553521,0.20261283385535211,0.0020261283385535206,0.0036470310093963372,scenario,formalin,1370.2086046018442
10.916666666666666,ganglia,10.0,0.995397600518,0.004602399482,0.3591052381789836,35.91052381789836,0.2884060868079818,28.84060868079818,0.0995397600518,9.95397600518,0.0020427700445573224,0.20427700445573224,0.0020427700445573224,0.0036769860802031806,scenario,formalin,1354.1254437607627
11.0,ganglia,10.0,0.995361015398,0.004638984602,0.35949583743822977,35.94958374382298,0.2888441509982553,28.884415099825528,0.09953610153980001,9.953610153980001,0.00205968738949719,0.20596873894971898,0.0020596873894971903,0.0037074373010949424,scenario,formalin,1338.0422829196805
11.083333333333334,ganglia,10.0,0.99532398235,0.00467601765,0.3598875033619641,35.98875033619641,0.28928345014107126,28.928345014107126,0.099532398235,9.9532398235,0.0020768872787304995,0.20768872787304996,0.0020768872787304995,0.003738397101714899,scenario,formalin,1321.9591220785974
11.166666666666666,ganglia,10.0,0.995286501373,0.004713498627,0.3602802411533843,36.02802411533843,0.28972399001787147,28.972399001787146,0.0995286501373,9.95286501373,0.002094376850216061,0.2094376850216061,0.002094376850216061,0.0037698783303889098,scenario,formalin,1305.8759612375159
11.25,ganglia,10.0,0.995248572468,0.004751427532,0.36067405604894415,36.06740560489442,0.29016577644682684,29.016577644682684,0.0995248572468,9.95248572468,0.002112163484391042,0.2112163484391042,0.002112163484391042,0.0038018942719038754,scenario,formalin,1289.7928003964337
11.333333333333334,ganglia,10.0,0.995210195634,0.004789804366,0.36106895331716116,36.10689533171612,0.2906088152819568,29.06088152819568,0.09952101956340001,9.952101956340002,0.002130254814555468,0.2130254814555468,0.002130254814555468,0.0038344586661998425,scenario,formalin,1273.7096395553515
11.416666666666666,ganglia,10.0,0.995171370871,0.004828629129,0.36146493825995907,36.146493825995904,0.29105311241428783,29.105311241428783,0.09951713708710001,9.95171370871,0.002148658737795024,0.21486587377950242,0.0021486587377950246,0.0038675857280310445,scenario,formalin,1257.6264787142704
11.5,ganglia,10.0,0.99513209818,0.00486790182,0.3618620162129298,36.18620162129298,0.2914986737721442,29.149867377214424,0.099513209818,9.9513209818,0.002167383426474984,0.2167383426474984,0.0021673834264749835,0.0039012901676549706,scenario,formalin,1241.5433178731878
11.583333333333334,ganglia,10.0,0.995092377561,0.004907622439,0.3622601925448689,36.22601925448689,0.29194550532085434,29.194550532085433,0.0995092377561,9.95092377561,0.0021864373403403955,0.21864373403403956,0.002186437340340396,0.003935587212612713,scenario,formalin,1225.460157032106
11.666666666666666,ganglia,10.0,0.995052188066,0.004947811934,0.36265946502363644,36.26594650236365,0.29239360690781824,29.239360690781822,0.09950521880660002,9.950521880660002,0.002205829239260204,0.22058292392602039,0.0022058292392602035,0.003970492630668366,scenario,formalin,1209.3769961910243
11.75,ganglia,10.0,0.995011406739,0.004988593261,0.3630597941955436,36.305979419554355,0.29284294835738167,29.284294835738166,0.09950114067390001,9.95011406739,0.002225568196655601,0.2225568196655601,0.0022255681966556005,0.004006022753980081,scenario,formalin,1193.2938353499426
11.833333333333334,ganglia,10.0,0.994970013534,0.005029986466,0.3634611780281099,36.34611780281099,0.29329352963856653,29.329352963856653,0.0994970013534,9.94970013534,0.0022456636136558832,0.22456636136558833,0.002245663613655883,0.004042194504580589,scenario,formalin,1177.2106745088602
11.916666666666666,ganglia,10.0,0.994928008451,0.005071991549,0.36386362181987253,36.38636218198725,0.29374535663863616,29.374535663863615,0.09949280084510001,9.94928008451,0.0022661252340281947,0.22661252340281948,0.0022661252340281947,0.0040790254212507504,scenario,formalin,1161.1275136677784
12.0,ganglia,10.0,0.99488539149,0.00511460851,0.3642671309029682,36.42671309029682,0.29419843528218687,29.419843528218685,0.09948853914900001,9.9488539149,0.0022869631599309933,0.22869631599309934,0.0022869631599309933,0.004116533687875788,scenario,formalin,1145.044352826696
0.0,brain,2.226542420456401,0.992301391392,0.007698608608,0.3226281314750561,32.26281314750561,0.09940371150274148,9.940371150274148,0.248075347848,24.8075347848,0.004433335433208113,0.44333354332081126,0.004433335433208113,0.006206669606491358,scenario,formalin,0.001
0.08333333333333333,brain,2.2323186184138653,0.992334884606,0.007665115394,0.32217220741930447,32.21722074193045,0.09878464835707265,9.878464835707264,0.2480837211515,24.80837211515,0.004056502462887344,0.4056502462887344,0.004056502462887344,0.005679103448042281,scenario,formalin,57.68870580924298
0.16666666666666666,brain,2.2371539753374217,0.992392760924,0.007607239076,0.32170443844179564,32.170443844179566,0.09814166428106084,9.814166428106084,0.248098190231,24.809819023099998,0.0037386583924006594,0.37386583924006594,0.0037386583924006594,0.005234121749360923,scenario,formalin,115.37641161848589
0.25,brain,2.2409842805649687,0.992479800451,0.007520199549,0.32122489431637335,32.122489431637334,0.09747325893816446,9.747325893816445,0.24811995011275,24.811995011275002,0.0034665416720167427,0.34665416720167425,0.003466541672016743,0.00485315834082344,scenario,formalin,173.06411742772886
0.3333333333333333,brain,2.243758030685328,0.992589681235,0.007410318765,0.32073045276471546,32.07304527647155,0.09677737660795391,9.67773766079539,0.24814742030875,24.814742030875,0.003230581252545527,0.32305812525455274,0.003230581252545527,0.004522813753563738,scenario,formalin,230.75182323697197
0.4166666666666667,brain,2.245437581864511,0.992717844139,0.007282155861,0.32021899555214284,32.02189955521428,0.09605271268985709,9.605271268985708,0.24817946103475,24.817946103475,0.003023703432391365,0.3023703432391365,0.0030237034323913653,0.004233184805347911,scenario,formalin,288.43952904621483
0.5,brain,2.246,0.992860788784,0.007139211216,0.31968918586083056,31.968918586083056,0.09529865155310742,9.529865155310741,0.248215197196,24.821519719599998,0.0028405736426442975,0.28405736426442973,0.002840573642644298,0.003976803099702017,scenario,formalin,346.1272348554579
0.5833333333333334,brain,2.245437581864511,0.993013139433,0.006986860567,0.3191395219021503,31.913952190215028,0.09451498272520041,9.451498272520041,0.24825328485825,24.825328485825,0.0026770986164496254,0.2677098616449625,0.0026770986164496263,0.0037479380630294767,scenario,formalin,403.8149406647006
0.6666666666666666,brain,2.243758030685328,0.993172403149,0.006827596851,0.31856985950587463,31.856985950587465,0.09370234495816615,9.370234495816614,0.24829310078725,24.829310078725,0.002530090107403332,0.2530090107403332,0.002530090107403332,0.0035421261503646643,scenario,formalin,461.50264647394374
0.75,brain,2.2409842805649687,0.993337089578,0.006662910422,0.317980783005138,31.7980783005138,0.09286201414751734,9.286201414751734,0.2483342723945,24.83342723945,0.0023970319954767665,0.23970319954767666,0.0023970319954767665,0.003355844793667473,scenario,formalin,519.1903522831869
0.8333333333333334,brain,2.2371539753374217,0.993505027269,0.006494972731,0.31737303717963156,31.737303717963155,0.09199570714984207,9.199570714984207,0.24837625681725,24.837625681725,0.002275915388342018,0.2275915388342018,0.002275915388342018,0.003186281543678825,scenario,formalin,576.8780580924298
0.9166666666666666,brain,2.2323186184138653,0.993675212189,0.006324787811,0.31674808419010636,31.674808419010635,0.09110570819047512,9.110570819047512,0.24841880304725,24.841880304725,0.0021651195394066006,0.21651195394066006,0.0021651195394066006,0.0030311673551692408,scenario,formalin,634.5657639016727
1.0,brain,2.226542420456401,0.993846052964,0.006153947036,0.3161075002508063,31.61075002508063,0.0901946493464084,9.01946493464084,0.248461513241,24.8461513241,0.002063324318407629,0.2063324318407629,0.0020633243184076284,0.00288865404577068,scenario,formalin,692.2534697109156
1.0833333333333333,brain,2.2199008809153002,0.994011923762,0.005988076238,0.3160965585012277,31.60965585012277,0.09012477008097028,9.012477008097028,0.2485029809405,24.85029809405,0.0020781201567387298,0.20781201567387297,0.0020781201567387298,0.0029093682194342215,scenario,formalin,679.2066828081241
1.1666666666666667,brain,2.212479147215739,0.994166675747,0.005833324253,0.3160601464045318,31.60601464045318,0.09002463662370902,9.002463662370902,0.24854166893675,24.854166893675,0.0020924841263984663,0.20924841263984661,0.0020924841263984663,0.0029294777769578524,scenario,formalin,666.1598959053324
1.25,brain,2.2043702013959754,0.994307725055,0.005692274945,0.3159998767487471,31.599987674874708,0.08989726064666276,8.989726064666275,0.24857693126375,24.857693126375,0.0021064914558133405,0.21064914558133405,0.00210649145581334,0.0029490880381386757,scenario,formalin,653.1131090025405
1.3333333333333333,brain,2.195672928076282,0.994438235386,0.005561764614,0.31591937561572475,31.591937561572475,0.08974642235896634,8.974642235896633,0.2486095588465,24.86095588465,0.0021202262160259985,0.21202262160259985,0.0021202262160259985,0.0029683167024363976,scenario,formalin,640.0663220997488
1.4166666666666667,brain,2.18649011966445,0.994558347035,0.005441652965,0.3158214411649912,31.582144116499123,0.08957580587498826,8.957580587498825,0.24863958675875,24.863958675875,0.0021337798480207514,0.21337798480207515,0.0021337798480207514,0.002987291787229052,scenario,formalin,627.0195351969572
1.5,brain,2.1769264746622925,0.994668725124,0.005331274876,0.31570911810183433,31.570911810183432,0.08938924909444579,8.938924909444578,0.248667181281,24.8667181281,0.002147249588498022,0.2147249588498022,0.002147249588498022,0.0030061494238972307,scenario,formalin,613.9727482941655
1.5833333333333333,brain,2.1670866429039815,0.99477045624,0.00522954376,0.3155856112369593,31.558561123695927,0.08919066290261234,8.919066290261233,0.24869261406,24.869261406,0.0021607368398838954,0.21607368398838955,0.0021607368398838954,0.0030250315758374533,scenario,formalin,600.9259613913738
1.6666666666666667,brain,2.15707336769295,0.994864248524,0.005135751476,0.31545397993270996,31.545397993270996,0.08898389040227993,8.898389040227993,0.248716062131,24.8716062131,0.0021743455305042484,0.21743455305042483,0.002174345530504248,0.003044083742705947,scenario,formalin,587.8791744885821
1.75,brain,2.14698576934558,0.994950492428,0.005049507572,0.3153171090802784,31.531710908027836,0.08877264796437113,8.877264796437114,0.248737623107,24.873762310700002,0.002188180509391738,0.2188180509391738,0.0021881805093917385,0.003063452713148434,scenario,formalin,574.8323875857909
1.8333333333333333,brain,2.1369178078928046,0.995029587118,0.004970412882,0.31517776831012334,31.517776831012334,0.08856049537416442,8.856049537416443,0.2487573967795,24.87573967795,0.002202346017250584,0.22023460172505843,0.0022023460172505838,0.0030832844241508173,scenario,formalin,561.7856006829987
1.9166666666666667,brain,2.126956954973163,0.995102001242,0.004897998758,0.31503859185597316,31.503859185597317,0.08835078872729757,8.835078872729756,0.2487755003105,24.87755003105,0.0022169442708603656,0.22169442708603657,0.002216944270860365,0.003103721979204511,scenario,formalin,548.7388137802072
2.0,brain,2.1171830966346126,0.995168190153,0.004831809847,0.31490201875645707,31.490201875645706,0.08814662829094276,8.814662829094276,0.24879204753825,24.879204753825,0.0022320741928861113,0.22320741928861113,0.0022320741928861113,0.0031249038700405557,scenario,formalin,535.6920268774156
2.0833333333333335,brain,2.107667680214063,0.995228613598,0.004771386402,0.31474755123295706,31.474755123295704,0.08792053044460946,8.792053044460946,0.2488071533995,24.88071533995,0.0022429160671414636,0.22429160671414636,0.0022429160671414636,0.003140082493998049,scenario,formalin,525.1105055518502
2.1666666666666665,brain,2.098473110036435,0.995283594553,0.004716405447,0.31459986051457683,31.459986051457683,0.08770528250176911,8.77052825017691,0.24882089863825,24.882089863824998,0.002254307463770931,0.2254307463770931,0.0022543074637709306,0.0031560304492793028,scenario,formalin,514.5289842262852
2.25,brain,2.089652388692994,0.995333262186,0.004666737814,0.3144605642765128,31.446056427651282,0.08750299830668369,8.75029983066837,0.2488333155465,24.883331554650002,0.002266321506711536,0.2266321506711536,0.002266321506711536,0.00317285010939615,scenario,formalin,503.94746290072004
2.3333333333333335,brain,2.08124899340267,0.995377972978,0.004622027022,0.31433109068779785,31.433109068779785,0.08731546325773049,8.73154632577305,0.2488444932445,24.88444932445,0.0022790237360653808,0.2279023736065381,0.0022790237360653803,0.003190633230491532,scenario,formalin,493.3659415751545
2.4166666666666665,brain,2.0732969706577298,0.995418090812,0.004581909188,0.3142126082916534,31.421260829165337,0.08714411411820454,8.714411411820453,0.248854522703,24.8854522703,0.002292471842461075,0.22924718424610752,0.002292471842461075,0.003209460579445505,scenario,formalin,482.78442024958974
2.5,brain,2.065821227174312,0.995453979571,0.004546020429,0.31410602891995043,31.410602891995044,0.0869900453696006,8.69900453696006,0.24886349489275,24.886349489275002,0.0023067156044981343,0.23067156044981343,0.0023067156044981343,0.003229401846297388,scenario,formalin,472.2028989240242
2.5833333333333335,brain,2.0588379912136476,0.995486003141,0.004513996859,0.3140120180857387,31.40120180857387,0.08685402306731826,8.685402306731827,0.24887150078525,24.887150078525,0.0023217970142531143,0.23217970142531144,0.0023217970142531143,0.00325051581995436,scenario,formalin,461.6213775984589
2.6666666666666665,brain,2.052355415653544,0.995514525403,0.004485474597,0.3139310097602278,31.39310097602278,0.08673650454597041,8.673650454597041,0.24887863135075,24.887863135075,0.002337750571555035,0.2337750571555035,0.0023377505715550355,0.0032728508001770495,scenario,formalin,451.0398562728937
2.75,brain,2.04637429275528,0.995539910242,0.004460089758,0.313863224728248,31.3863224728248,0.08663766289033069,8.663766289033068,0.2488849775605,24.88849775605,0.0023546037245139578,0.23546037245139578,0.002354603724513958,0.003296445214319541,scenario,formalin,440.45833494732847
2.8333333333333335,brain,2.0408888503195066,0.995562357026,0.004437642974,0.3138086398099331,31.38086398099331,0.08655740073791077,8.655740073791076,0.2488905892565,24.88905892565,0.0023723774316390723,0.23723774316390722,0.0023723774316390727,0.0033213284042947016,scenario,formalin,429.8768136217632
2.9166666666666665,brain,2.0358875997430665,0.995581411375,0.004418588625,0.31376685667831483,31.376685667831484,0.08649533844608641,8.64953384460864,0.24889535284375,24.889535284375,0.0023910868197906474,0.23910868197906474,0.0023910868197906474,0.0033475215477069063,scenario,formalin,419.2952922961982
3.0,brain,2.0313542082299847,0.995597097124,0.004402902876,0.3137374826964051,31.37374826964051,0.08645094455387352,8.645094455387351,0.248899274281,24.889927428100002,0.0024107419121107954,0.24107419121107954,0.0024107419121107954,0.0033750386769551134,scenario,formalin,408.71377097063294
3.0833333333333335,brain,2.0272683699037133,0.995609511253,0.004390488747,0.31372002747826777,31.372002747826777,0.08642353288669032,8.642353288669032,0.24890237781325,24.890237781325002,0.0024313484008719843,0.24313484008719843,0.002431348400871984,0.0034038877612207774,scenario,formalin,398.1322496450678
3.1666666666666665,brain,2.0236066536309942,0.995618750743,0.004381249257,0.31371390380467934,31.371390380467933,0.08641228815857245,8.641228815857245,0.24890468768575,24.890468768575,0.0024529084417436943,0.24529084417436944,0.0024529084417436943,0.003434071818441172,scenario,formalin,387.55072831950235
3.25,brain,2.020343308814398,0.995624912572,0.004375087428,0.31371845066581616,31.371845066581617,0.08641629669708822,8.641629669708822,0.248906228143,24.890622814300002,0.002475421448161507,0.2475421448161507,0.002475421448161507,0.0034655900274261093,scenario,formalin,376.9692069939373
3.3333333333333335,brain,2.0174510140612356,0.995628093722,0.004371906278,0.3137329548957764,31.37329548957764,0.0864345752870352,8.64345752870352,0.2489070234305,24.890702343050002,0.002498884867135108,0.2498884867135108,0.002498884867135108,0.003498438813989151,scenario,formalin,366.38768566837183
3.4166666666666665,brain,2.0149015573254228,0.995628361159,0.004371638841,0.3137566615587076,31.375666155870757,0.08646609502527676,8.646609502527676,0.24890709028975,24.890709028975,0.0025232949207962003,0.25232949207962,0.0025232949207962007,0.003532612889114681,scenario,formalin,355.8061643428069
3.5,brain,2.0126664397002876,0.995625747135,0.004374252865,0.31378879025430834,31.378879025430834,0.08650980462741112,8.650980462741112,0.24890643678375,24.890643678375,0.0025486473011145346,0.25486473011145344,0.002548647301114534,0.0035681062215603475,scenario,formalin,345.2246430172415
3.5833333333333335,brain,2.0107173983925413,0.99562032516,0.00437967484,0.3138285746211972,31.382857462119716,0.08656465777492953,8.656465777492953,0.24890508129,24.890508129,0.002574937808362431,0.2574937808362431,0.0025749378083624306,0.0036049129317074027,scenario,formalin,334.6431216916762
3.6666666666666665,brain,2.009026847435416,0.995612169571,0.004387830429,0.31387526285906664,31.387526285906663,0.08662962728842222,8.662962728842222,0.24890304239275,24.890304239275,0.0026021629269648372,0.2602162926964837,0.0026021629269648372,0.003643028097750772,scenario,formalin,324.06160036611107
3.75,brain,2.007568237334212,0.995601354701,0.004398645299,0.3139281284285812,31.39281284285812,0.08670371967110829,8.67037196711083,0.24890033867525,24.890033867525,0.0026303203352325897,0.263032033523259,0.0026303203352325897,0.0036824484693256253,scenario,formalin,313.480079040546
3.8333333333333335,brain,2.0063163370384998,0.995587954885,0.004412045115,0.3139864787863733,31.39864787863733,0.08678598675349776,8.678598675349775,0.24889698872125,24.889698872125,0.002659409348063122,0.2659409348063122,0.002659409348063122,0.0037231730872883703,scenario,formalin,302.89855771498054
3.9166666666666665,brain,2.005247443384728,0.995572050581,0.004427949419,0.3140496639473046,31.40496639473046,0.08687553506940612,8.687553506940612,0.24889301264525,24.889301264525,0.0026894312939495933,0.26894312939495935,0.0026894312939495938,0.003765203811529431,scenario,formalin,292.3170363894154
4.0,brain,2.0043395244552817,0.995554322137,0.004445677863,0.3141172685311531,31.41172685311531,0.08697158399587085,8.697158399587085,0.24888858053425,24.888858053425,0.002720389829532873,0.2720389829532873,0.002720389829532873,0.0038085457613460222,scenario,formalin,281.7355150638502
4.083333333333333,brain,2.003572304177389,0.995535434298,0.004464565702,0.3141221581433464,31.412215814334637,0.0869843994251285,8.69843994251285,0.2488838585745,24.88838585745,0.00273031017168989,0.273031017168989,0.00273031017168989,0.0038224342403658457,scenario,formalin,278.18678671172876
4.166666666666667,brain,2.0029272959740743,0.99551572959,0.00448427041,0.3141304350128131,31.41304350128131,0.08700200348708412,8.700200348708412,0.2488789323975,24.88789323975,0.0027404775717915744,0.27404775717915747,0.0027404775717915744,0.003836668600508204,scenario,formalin,274.63805835960727
4.25,brain,2.002387793426131,0.995495550545,0.004504449455,0.31414171575907734,31.414171575907734,0.08702377083043644,8.702377083043643,0.24887388763625,24.887388763625,0.002750872148459382,0.27508721484593823,0.002750872148459382,0.0038512210078431347,scenario,formalin,271.0893300074857
4.333333333333333,brain,2.001938825761734,0.995475239689,0.004524760311,0.31415566759783176,31.415566759783175,0.0870491435674424,8.70491435674424,0.24886880992225,24.886880992225,0.002761476084134555,0.2761476084134555,0.0027614760841345545,0.003866066517788376,scenario,formalin,267.54060165536447
4.416666666666667,brain,2.001567085614504,0.995455139551,0.004544860449,0.31417200636754117,31.417200636754117,0.08707762863972154,8.707762863972155,0.24886378488775,24.886378488774998,0.0027722735675161396,0.277227356751614,0.002772273567516139,0.0038811829945225944,scenario,formalin,263.9918733032429
4.5,brain,2.0012608359371464,0.995435525314,0.004564474686,0.3141904726549976,31.41904726549976,0.08710878843533015,8.710878843533015,0.2488588813285,24.885888132850003,0.0027832507056582143,0.27832507056582145,0.0027832507056582143,0.0038965509879214997,scenario,formalin,260.4431449511214
4.583333333333333,brain,2.001009802279093,0.995415967209,0.004584032791,0.31421062744922473,31.421062744922473,0.08714218086263294,8.714218086263294,0.24885399180225,24.885399180225,0.0027943954135003246,0.27943954135003246,0.0027943954135003246,0.003912153578900454,scenario,formalin,256.8944165990001
4.666666666666667,brain,2.0008050558811217,0.995396377603,0.004603622397,0.31423217922937297,31.423217922937297,0.08717744643816396,8.717744643816395,0.24884909440075,24.884909440075003,0.0028056972878056233,0.28056972878056236,0.0028056972878056233,0.003927976202927872,scenario,formalin,253.3456882468786
4.75,brain,2.0006388922501896,0.995376831566,0.004623168434,0.31425492384125686,31.425492384125686,0.08721428793300912,8.721428793300912,0.2488442078915,24.88442078915,0.002817147471603616,0.2817147471603616,0.002817147471603616,0.003944006460245062,scenario,formalin,249.796959894757
4.833333333333333,brain,2.0005047090893355,0.99535740417,0.00464259583,0.3142786895984276,31.42786895984276,0.08725245140790347,8.725245140790348,0.2488393510425,24.88393510425,0.002828738514325827,0.2828738514325827,0.002828738514325827,0.003960233920056158,scenario,formalin,246.24823154263558
4.916666666666667,brain,2.0003968866991664,0.995338170486,0.004661829514,0.31430333379234227,31.430333379234227,0.08729172156112301,8.729172156112302,0.2488345426215,24.88345426215,0.002840464231922384,0.2840464231922384,0.002840464231922384,0.003976649924691338,scenario,formalin,242.6995031905141
5.0,brain,2.000310673261001,0.995319205585,0.004680794415,0.31432873933748773,31.432873933748773,0.08733191725498365,8.733191725498365,0.24882980139625,24.882980139624998,0.0028523195703870044,0.28523195703870047,0.0028523195703870044,0.003993247398541806,scenario,formalin,239.1507748383927
5.083333333333333,brain,2.000242076772324,0.99530049444,0.00469950556,0.31435478314748416,31.435478314748416,0.08737287938331222,8.737287938331221,0.24882512361,24.882512361,0.0028643004753203492,0.28643004753203494,0.002864300475320349,0.004010020665448488,scenario,formalin,235.60204648627126
5.166666666666667,brain,2.0001877648423703,0.99528173996,0.00471826004,0.3143812725413977,31.43812725413977,0.08741445006853021,8.741445006853022,0.24882043499,24.882043499,0.002876403769443667,0.28764037694436667,0.0028764037694436672,0.004026965277221134,scenario,formalin,232.05331813414978
5.25,brain,2.0001449730736036,0.99526287064,0.00473712936,0.3144081028713579,31.44081028713579,0.08745651361514387,8.745651361514387,0.24881571766,24.881571766,0.0028886270393453893,0.28886270393453894,0.002888627039345389,0.004044077855083544,scenario,formalin,228.50458978202843
5.333333333333333,brain,2.000111422353847,0.995243840063,0.004756159937,0.3144351917782023,31.443519177820228,0.08749897568326971,8.749897568326972,0.24881096001575,24.881096001575003,0.0029009685322071823,0.2900968532207182,0.0029009685322071823,0.004061355945090055,scenario,formalin,224.95586142990683
5.416666666666667,brain,2.0000852450606192,0.995224601813,0.004775398187,0.31446246909267933,31.446246909267934,0.08754175818590579,8.754175818590578,0.24880615045325,24.880615045325,0.002913427062812044,0.2913427062812044,0.0029134270628120434,0.004078797887936861,scenario,formalin,221.40713307778546
5.5,brain,2.0000649199283327,0.995205109474,0.004794890526,0.3144898749122904,31.44898749122904,0.08758479672505384,8.758479672505384,0.2488012773685,24.88012773685,0.0029260019307814403,0.29260019307814406,0.00292600193078144,0.004096402703094016,scenario,formalin,217.85840472566392
5.583333333333333,brain,2.000049215143103,0.99518531663,0.00481468337,0.31451735791959945,31.451735791959944,0.08762803834946592,8.762803834946592,0.2487963291575,24.87963291575,0.0029386928477141854,0.29386928477141855,0.0029386928477141854,0.00411416998679986,scenario,formalin,214.30967637354266
5.666666666666667,brain,2.0000371391008827,0.995165247346,0.004834752654,0.3145448962027467,31.45448962027467,0.08767144582166234,8.767144582166233,0.2487913118365,24.87913118365,0.002951499873698525,0.29514998736985254,0.0029514998736985256,0.004132099823177936,scenario,formalin,210.76094802142111
5.75,brain,2.00002789818382,0.995144983518,0.004855016482,0.31457249201856874,31.457249201856875,0.0877149948520917,8.77149948520917,0.2487862458795,24.87862458795,0.0029644233625308746,0.29644233625308747,0.002964423362530874,0.004150192707543223,scenario,formalin,207.21221966929974
5.833333333333333,brain,2.0000208608687298,0.995124526052,0.004875473948,0.31460012685189975,31.460012685189977,0.08775866045186632,8.775866045186632,0.248781131513,24.8781131513,0.002977463914890432,0.2977463914890432,0.002977463914890432,0.004168449480846605,scenario,formalin,203.6634913171781
5.916666666666667,brain,2.000015527472247,0.995103875186,0.004896124814,0.31462778590032237,31.462778590032237,0.08780242280509648,8.780242280509649,0.2487759687965,24.87759687965,0.002990622338678438,0.2990622338678438,0.002990622338678438,0.004186871274149812,scenario,formalin,200.11476296505683
6.0,brain,2.000011504852256,0.995083031159,0.004916968841,0.31465545753469454,31.465545753469453,0.08784626632659275,8.784626632659274,0.24877075778975,24.877075778974998,0.0030038996157253487,0.3003899615725349,0.0030038996157253487,0.004205459462015488,scenario,formalin,196.5660346129353
6.083333333333333,brain,2.0000084854180367,0.995061994206,0.004938005794,0.3146831326740748,31.468313267407478,0.08789017883009974,8.789017883009974,0.2487654985515,24.87654985515,0.003017296874090216,0.3017296874090216,0.003017296874090216,0.004224215623726302,scenario,formalin,193.01730626081385
6.166666666666667,brain,2.0000062298465933,0.995040764886,0.004959235114,0.31471080437567545,31.471080437567544,0.08793415087223395,8.793415087223396,0.2487601912215,24.87601912215,0.0030308153652168664,0.3030815365216866,0.003030815365216867,0.004243141511303613,scenario,formalin,189.46857790869234
6.25,brain,2.000004552955178,0.995019358895,0.004980641105,0.31473847210021033,31.473847210021034,0.08797817650194713,8.797817650194713,0.24875483972375,24.875483972375,0.0030444564452648073,0.3044456445264807,0.0030444564452648077,0.004262239023370731,scenario,formalin,185.91984955657088
6.333333333333333,brain,2.0000033122362817,0.994997789602,0.005002210398,0.3147661358485033,31.476613584850334,0.08802225126400443,8.802225126400442,0.2487494474005,24.87494474005,0.0030582215599939525,0.3058221559993953,0.003058221559993953,0.0042815101839915335,scenario,formalin,182.37112120444948
6.416666666666667,brain,2.000002398618384,0.994976063616,0.005023936384,0.3147937944833312,31.479379448333123,0.08806637143910832,8.806637143910832,0.248744015904,24.8744015904,0.0030721122326470944,0.30721122326470945,0.0030721122326470944,0.004300957125705932,scenario,formalin,178.822392852328
6.5,brain,2.000001729071365,0.994954187543,0.005045812457,0.3148214476458614,31.48214476458614,0.0881105343468152,8.81105343468152,0.24873854688575,24.873854688575,0.003086130054339308,0.30861300543393083,0.003086130054339308,0.004320582076075031,scenario,formalin,175.2736645002065
6.583333333333333,brain,2.0000012407280248,0.994932167991,0.005067832009,0.31484909558188473,31.484909558188473,0.08815473811217964,8.815473811217963,0.24873304199775,24.873304199775,0.003100276676526804,0.3100276676526804,0.0031002766765268037,0.004340387347137525,scenario,formalin,171.7249361480851
6.666666666666667,brain,2.0000008862416943,0.994910011565,0.005089988435,0.314876739001667,31.4876739001667,0.08819898148055598,8.819898148055598,0.24872750289125,24.872750289125,0.0031145538051873234,0.31145538051873234,0.0031145538051873234,0.0043603753272622526,scenario,formalin,168.1762077959636
6.75,brain,2.0000006301438136,0.994887719164,0.005112280836,0.3149043771660322,31.49043771660322,0.08824326316670962,8.824326316670962,0.248721929791,24.8721929791,0.0031289631963990878,0.31289631963990877,0.0031289631963990878,0.004380548474958722,scenario,formalin,164.62747944384222
6.833333333333333,brain,2.0000004460043437,0.994865250117,0.005134749883,0.3149319964474881,31.49319964474881,0.08828757855765079,8.82875785576508,0.24871631252925,24.871631252925,0.0031435066530547968,0.31435066530547967,0.0031435066530547976,0.004400909314276716,scenario,formalin,161.0787510917207
6.916666666666667,brain,2.000000314232002,0.99484259514,0.00515740486,0.3149595933548095,31.49595933548095,0.08833192609307931,8.83319260930793,0.248710648785,24.8710648785,0.0031581860224910645,0.31581860224910646,0.0031581860224910645,0.00442146043148749,scenario,formalin,157.53002273959922
7.0,brain,2.0000002203807465,0.994819754233,0.005180245767,0.31498716748942346,31.498716748942346,0.08837630524156459,8.83763052415646,0.24870493855825,24.870493855825,0.0031730031948520197,0.317300319485202,0.00317300319485202,0.004442204472792828,scenario,formalin,153.98129438747787
7.083333333333333,brain,2.000000153854003,0.994796727397,0.005203272603,0.315014718568658,31.5014718568658,0.08842071562587729,8.84207156258773,0.24869918184925,24.869918184924998,0.003187960102038827,0.3187960102038827,0.003187960102038827,0.004463144142854357,scenario,formalin,150.43256603535636
7.166666666666667,brain,2.0000001069192397,0.994773514631,0.005226485369,0.31504224639526984,31.504224639526985,0.08846515698335976,8.846515698335976,0.24869337865775,24.869337865775,0.003203058717124955,0.32030587171249547,0.003203058717124955,0.004484282203974937,scenario,formalin,146.88383768323493
7.25,brain,2.0000000739630543,0.994750115936,0.005249884064,0.31506975083638145,31.506975083638146,0.08850962913650856,8.850962913650855,0.248687528984,24.8687528984,0.0032183010541406605,0.32183010541406604,0.0032183010541406605,0.004505621475796924,scenario,formalin,143.33510933111344
7.333333333333333,brain,2.000000050931413,0.994726531311,0.005273468689,0.3150972318054247,31.50972318054247,0.0885541319702329,8.85541319702329,0.24868163282775,24.868163282775,0.0032336891681497898,0.323368916814979,0.00323368916814979,0.004527164835409706,scenario,formalin,139.78638097899199
7.416666666666667,brain,2.0000000349115012,0.994702760756,0.005297239244,0.31512468925054204,31.512468925054204,0.0885986654153894,8.85986654153894,0.248675690189,24.8675690189,0.003249225155558189,0.32492251555581886,0.003249225155558189,0.0045489152177814645,scenario,formalin,136.2376526268706
7.5,brain,2.0000000238211784,0.994678861773,0.005321138227,0.315152141363768,31.5152141363768,0.0886432345606907,8.864323456069071,0.24866971544325,24.866971544325,0.003264911154606179,0.32649111546061793,0.0032649111546061787,0.00457087561644865,scenario,formalin,132.68892427474907
7.583333333333333,brain,2.0000000161796776,0.9946549319,0.0053450681,0.31517961904976444,31.517961904976445,0.0886878480996859,8.86878480996859,0.248663732975,24.8663732975,0.0032807493460082597,0.328074934600826,0.00328074934600826,0.004593049084411564,scenario,formalin,129.1401959226277
7.666666666666667,brain,2.0000000109392717,0.994630972743,0.005369027257,0.3152071228384145,31.52071228384145,0.08873250620355268,8.873250620355268,0.24865774318575,24.865774318575003,0.0032967419537117152,0.32967419537117154,0.0032967419537117152,0.004615438735196401,scenario,formalin,125.59146757050614
7.75,brain,2.0000000073623907,0.994606984302,0.005393015698,0.3152346527602742,31.52346527602742,0.08877720891303222,8.877720891303222,0.2486517460755,24.86517460755,0.003312891245752571,0.3312891245752571,0.003312891245752571,0.004638047744053599,scenario,formalin,122.04273921838478
7.833333333333333,brain,2.000000004932433,0.994582966576,0.005417033424,0.31526220885235634,31.526220885235634,0.0888219562778085,8.88219562778085,0.248645741644,24.8645741644,0.0033291995351927687,0.3329199535192769,0.003329199535192769,0.004660879349269877,scenario,formalin,118.49401086626334
7.916666666666667,brain,2.000000003289391,0.994558919566,0.005441080434,0.31528979115714395,31.528979115714396,0.08886674835419195,8.886674835419194,0.2486397298915,24.86397298915,0.0033456691811265225,0.33456691811265227,0.0033456691811265225,0.004683936853577131,scenario,formalin,114.9452825141418
8.0,brain,2.000000002183643,0.994534843272,0.005465156728,0.3153173997202467,31.53173997202467,0.08891158520299557,8.891158520299557,0.248633710818,24.8633710818,0.003362302589747162,0.3362302589747162,0.003362302589747162,0.004707223625646026,scenario,formalin,111.3965541620204
8.083333333333334,brain,2.000000001442978,0.994510737694,0.005489262306,0.31532016646137195,31.532016646137194,0.08892330938382928,8.892330938382928,0.2486276844235,24.86276844235,0.003367244142604807,0.3367244142604807,0.0033672441426048074,0.00471414179964673,scenario,formalin,110.34903157724979
8.166666666666666,brain,2.0000000009491825,0.994486636558,0.005513363442,0.3153229373641684,31.53229373641684,0.08893503763289123,8.893503763289123,0.2486216591395,24.862165913949998,0.003372200242391983,0.3372200242391983,0.003372200242391982,0.004721080339348775,scenario,formalin,109.30150899247919
8.25,brain,2.0000000006215153,0.99446314863,0.00553685137,0.3153259054560724,31.532590545607242,0.08894682439809655,8.894682439809655,0.2486157871575,24.86157871575,0.003377170953300469,0.3377170953300469,0.003377170953300469,0.0047280393346206566,scenario,formalin,108.25398640770857
8.333333333333334,brain,2.000000000405103,0.994440499803,0.005559500197,0.3153291423848459,31.532914238484587,0.08895868991212781,8.895868991212781,0.24861012495075,24.861012495075,0.0033821563399446864,0.33821563399446863,0.0033821563399446864,0.004735018875922561,scenario,formalin,107.206463822938
8.416666666666666,brain,2.00000000026284,0.994418690079,0.005581309921,0.31533264817767215,31.533264817767215,0.08897063421056285,8.897063421056286,0.24860467251975,24.860467251975,0.003387156467351146,0.3387156467351146,0.003387156467351146,0.004742019054291604,scenario,formalin,106.15894123816739
8.5,brain,2.0000000001697575,0.994397719457,0.005602280543,0.3153364228611689,31.53364228611689,0.0889826573292252,8.89826573292252,0.24859942986425,24.859942986424997,0.003392171400951983,0.33921714009519827,0.003392171400951983,0.004749039961332776,scenario,formalin,105.11141865339685
8.583333333333334,brain,2.0000000001091385,0.994377587937,0.005622412063,0.31534046646253866,31.534046646253866,0.08899475930438483,8.899475930438483,0.24859439698425,24.859439698425,0.003397201206581382,0.3397201206581382,0.003397201206581382,0.004756081689213935,scenario,formalin,104.06389606862628
8.666666666666666,brain,2.000000000069846,0.99435829552,0.00564170448,0.31534477900948743,31.534477900948744,0.08900694017264993,8.900694017264993,0.24858957388,24.858957388,0.0034022459504740384,0.3402245950474038,0.003402245950474039,0.004763144330663654,scenario,formalin,103.0163734838557
8.75,brain,2.000000000044495,0.994339842204,0.005660157796,0.3153493605289015,31.53493605289015,0.08901919997053535,8.901919997053536,0.248584960551,24.858496055099998,0.0034073056992650294,0.3407305699265029,0.0034073056992650294,0.004770227978971041,scenario,formalin,101.96885089908504
8.833333333333334,brain,2.000000000028216,0.994322227991,0.005677772009,0.31535421104902905,31.535421104902905,0.08903153873503873,8.903153873503873,0.24858055699775,24.858055699775,0.0034123805199906907,0.3412380519990691,0.0034123805199906903,0.004777332727986966,scenario,formalin,100.92132831431447
8.916666666666666,brain,2.0000000000178115,0.994305353617,0.005694646383,0.3153592991144416,31.53592991144416,0.08904394761358878,8.904394761358878,0.24857633840425,24.857633840425,0.003417470480090178,0.3417470480090178,0.003417470480090178,0.004784458672126249,scenario,formalin,99.87380572954392
9.0,brain,2.000000000011192,0.994288931998,0.005711068002,0.315364533693605,31.5364533693605,0.08905640092547334,8.905640092547335,0.2485722329995,24.85722329995,0.0034225756474075106,0.3422575647407511,0.00342257564740751,0.004791605906370514,scenario,formalin,98.82628314477323
9.083333333333334,brain,2.0000000000070006,0.994272945003,0.005727054997,0.31536990905120643,31.536990905120643,0.08906889706727522,8.906889706727522,0.24856823625075,24.856823625075002,0.0034276960901939565,0.3427696090193956,0.0034276960901939565,0.004798774526271539,scenario,formalin,97.77876056000265
9.166666666666666,brain,2.0000000000043587,0.994257392632,0.005742607368,0.3153754252022931,31.537542520229312,0.0890814360590575,8.90814360590575,0.248564348158,24.8564348158,0.0034328318771106553,0.34328318771106553,0.0034328318771106553,0.0048059646279549175,scenario,formalin,96.7312379752321
9.25,brain,2.0000000000027014,0.994242274885,0.005757725115,0.31538108216193145,31.538108216193145,0.08909401792090858,8.909401792090858,0.24856056872125,24.856056872125002,0.003437983077231404,0.3437983077231404,0.0034379830772314035,0.0048131763081239645,scenario,formalin,95.68371539046153
9.333333333333334,brain,2.0000000000016667,0.994227591762,0.005772408238,0.31538687994520326,31.538687994520327,0.08910664267293766,8.910664267293766,0.2485568979405,24.85568979405,0.003443149760045571,0.3443149760045571,0.003443149760045571,0.004820409664063799,scenario,formalin,94.63619280569087
9.416666666666666,brain,2.0000000000010236,0.994213343263,0.005786656737,0.3153928185672039,31.539281856720393,0.08911931033527187,8.911931033527187,0.24855333581575,24.855333581575,0.0034483319954611005,0.34483319954611,0.0034483319954611,0.00482766479364554,scenario,formalin,93.58867022092033
9.5,brain,2.0000000000006257,0.994199529387,0.005800470613,0.3153988980427235,31.53988980427235,0.08913202092796464,8.913202092796464,0.24854988234675,24.854988234674998,0.0034535298538075866,0.34535298538075865,0.0034535298538075866,0.0048349417953306205,scenario,formalin,92.54114763614966
9.583333333333334,brain,2.0000000000003806,0.994186148354,0.005813851646,0.3154051178221763,31.540511782217628,0.08914477431156834,8.914477431156834,0.2485465370885,24.854653708849998,0.003458743405839401,0.3458743405839401,0.003458743405839401,0.004842240768175161,scenario,formalin,91.49362505137911
9.666666666666666,brain,2.0000000000002305,0.994173055823,0.005826944177,0.31541143212699635,31.541143212699634,0.0891575575616618,8.91575575616618,0.24854326395575,24.854326395575,0.0034639727227388744,0.34639727227388745,0.003463972722738875,0.004849561811834425,scenario,formalin,90.44610246660855
9.75,brain,2.000000000000139,0.994160160303,0.005839839697,0.3154178119402994,31.541781194029937,0.08917036248606587,8.917036248606587,0.24854004007575,24.854004007575,0.003469217876119515,0.3469217876119515,0.003469217876119515,0.004856905026567321,scenario,formalin,89.39857988183792
9.833333333333334,brain,2.0000000000000835,0.994147461794,0.005852538206,0.31542425726972256,31.542425726972255,0.08918318909496338,8.918318909496339,0.2485368654485,24.85368654485,0.003474478938029256,0.34744789380292557,0.003474478938029256,0.004864270513240958,scenario,formalin,88.35105729706731
9.916666666666666,brain,2.0000000000000497,0.994134960297,0.005865039703,0.3154307681232253,31.54307681232253,0.08919603739863372,8.919603739863371,0.24853374007425,24.853374007425,0.0034797559809537533,0.3479755980953753,0.003479755980953753,0.004871658373335253,scenario,formalin,87.30353471229677
10.0,brain,2.0000000000000298,0.994122655812,0.005877344188,0.3154373445084549,31.54373445084549,0.08920890740727318,8.920890740727318,0.248530663953,24.8530663953,0.0034850490778197125,0.34850490778197124,0.0034850490778197125,0.004879068708947597,scenario,formalin,86.25601212752615
10.083333333333334,brain,2.0000000000000178,0.994110548338,0.005889451662,0.3154439864327461,31.54439864327461,0.0892217991309948,8.92217991309948,0.2485276370845,24.852763708450002,0.0034903583019982322,0.3490358301998232,0.003490358301998232,0.004886501622797524,scenario,formalin,85.20848954275556
10.166666666666666,brain,2.00000000000001,0.994098637876,0.005901362124,0.31545069390407315,31.545069390407317,0.08923471258009755,8.923471258009755,0.248524659469,24.852465946899997,0.003495683727308202,0.3495683727308202,0.0034956837273082022,0.004893957218231483,scenario,formalin,84.160966957985
10.25,brain,2.000000000000006,0.994086924425,0.005913075575,0.3154574669297806,31.54574669297806,0.08924764776470749,8.924764776470749,0.24852173110625,24.852173110625,0.003501025428019723,0.3501025428019723,0.0035010254280197235,0.004901435599227613,scenario,formalin,83.11344437321434
10.333333333333334,brain,2.0000000000000036,0.994075393448,0.005924606552,0.31546430090429883,31.546430090429883,0.0892606033897318,8.92606033897318,0.248518848362,24.8518848362,0.0035063834788575518,0.35063834788575515,0.0035063834788575513,0.004908936870400572,scenario,formalin,82.06592178844377
10.416666666666666,brain,2.000000000000002,0.994063971541,0.005936028459,0.31547117253971235,31.547117253971237,0.08927357287261647,8.927357287261648,0.24851599288525,24.851599288525,0.0035117579550045914,0.35117579550045913,0.003511757955004591,0.004916461137006427,scenario,formalin,81.0183992036732
10.5,brain,2.0000000000000013,0.994052648518,0.005947351482,0.315478078608225,31.547807860822502,0.08928655530496667,8.928655530496666,0.2485131621295,24.85131621295,0.003517148932105404,0.3517148932105404,0.0035171489321054036,0.004924008504947564,scenario,formalin,79.97087661890261
10.583333333333334,brain,2.000000000000001,0.994041424378,0.005958575622,0.31548501911408916,31.548501911408916,0.08929955069278556,8.929955069278556,0.2485103560945,24.85103560945,0.003522556486269762,0.35225564862697617,0.0035225564862697615,0.004931579080777666,scenario,formalin,78.923354034132
10.666666666666666,brain,2.0000000000000004,0.994030299121,0.005969700879,0.3154919940618774,31.54919940618774,0.08931255904216985,8.931255904216986,0.24850757478025,24.850757478025002,0.0035279806940762266,0.35279806940762265,0.003527980694076227,0.004939172971706717,scenario,formalin,77.87583144936144
10.75,brain,2.0000000000000004,0.994019272747,0.005980727253,0.3154990034561651,31.54990034561651,0.08932558035922016,8.932558035922016,0.24850481818675,24.850481818675,0.0035334216325757684,0.35334216325757684,0.0035334216325757684,0.004946790285606076,scenario,formalin,76.82830886459082
10.833333333333334,brain,2.0,0.994008345257,0.005991654743,0.31550604730184806,31.550604730184805,0.08933861465013078,8.933861465013077,0.24850208631425,24.850208631425,0.003538879379295405,0.3538879379295405,0.003538879379295405,0.004954431131013567,scenario,formalin,75.78078627982019
10.916666666666666,brain,2.0,0.99399751665,0.00600248335,0.3155131256031901,31.551312560319012,0.08935166192092014,8.935166192092014,0.2484993791625,24.84993791625,0.003544354012241897,0.3544354012241897,0.003544354012241897,0.004962095617138656,scenario,formalin,74.73326369504962
11.0,brain,2.0,0.993986786926,0.006013213074,0.3155202383647752,31.55202383647752,0.08936472217770029,8.93647221777003,0.2484966967315,24.84966967315,0.003549845609905455,0.3549845609905455,0.003549845609905455,0.0049697838538676365,scenario,formalin,73.68574111027905
11.083333333333334,brain,2.0,0.993976133163,0.006023866837,0.31552737831484007,31.552737831484006,0.0893777933654534,8.93777933654534,0.24849403329075,24.849403329075002,0.003555354251263491,0.3555354251263491,0.0035553542512634906,0.004977495951768887,scenario,formalin,72.63821852550842
11.166666666666666,brain,2.0,0.993965529206,0.006034470794,0.31553453715433677,31.553453715433676,0.0893908731371157,8.939087313711571,0.2484913823015,24.84913823015,0.0035608800157844096,0.35608800157844095,0.003560880015784409,0.004985232022098172,scenario,formalin,71.59069594073785
11.25,brain,2.0,0.993954975026,0.006045024974,0.31554171487709204,31.554171487709205,0.0894039614941227,8.94039614941227,0.2484887437565,24.848874375650002,0.0035664229834314267,0.35664229834314265,0.0035664229834314267,0.004992992176803997,scenario,formalin,70.54317335596721
11.333333333333334,brain,2.0,0.993944470624,0.006055529376,0.31554891148645725,31.554891148645726,0.08941705844060965,8.941705844060966,0.248486117656,24.8486117656,0.003571983234666422,0.3571983234666422,0.0035719832346664216,0.00500077652853299,scenario,formalin,69.49565077119667
11.416666666666666,brain,2.0,0.993934015999,0.006065984001,0.31555612698515084,31.555612698515084,0.08943016398053444,8.943016398053445,0.24848350399975,24.848350399975,0.003577560850453844,0.3577560850453844,0.0035775608504538445,0.005008585190635382,scenario,formalin,68.44812818642606
11.5,brain,2.0,0.993923611151,0.006076388849,0.31556336137621055,31.556336137621056,0.08944327811794742,8.944327811794741,0.24848090278775,24.848090278775,0.0035831559122646273,0.3583155912264627,0.0035831559122646277,0.005016418277170478,scenario,formalin,67.40060560165547
11.583333333333334,brain,2.0,0.993913256081,0.006086743919,0.3155706146629937,31.55706146629937,0.08945640085699157,8.945640085699157,0.24847831402025,24.847831402025,0.003588768502080168,0.3588768502080168,0.003588768502080168,0.0050242759029122345,scenario,formalin,66.35308301688484
11.666666666666666,brain,2.0,0.993902950789,0.006097049211,0.31557788684854177,31.557788684854177,0.08946953220172234,8.946953220172233,0.24847573769725,24.847573769725003,0.0035943987023963207,0.3594398702396321,0.003594398702396321,0.00503215818335485,scenario,formalin,65.30556043211429
11.75,brain,2.0,0.993892692462,0.006107307538,0.3155851770427022,31.558517704270223,0.08948267190293631,8.948267190293631,0.2484731731155,24.84731731155,0.00360004659622745,0.360004659622745,0.0036000465962274498,0.005040065234718429,scenario,formalin,64.25803784734367
11.833333333333334,brain,2.0,0.993882454398,0.006117545602,0.3155924767696111,31.55924767696111,0.08949581756014814,8.949581756014814,0.2484706135995,24.84706135995,0.0036057122671104996,0.36057122671104996,0.0036057122671105,0.0050479971739547,scenario,formalin,63.21051526257307
11.916666666666666,brain,2.0,0.993872229971,0.006127770029,0.31559978392731813,31.559978392731814,0.0895089685794242,8.95089685794242,0.24846805749275,24.846805749275,0.0036113957991091186,0.36113957991091183,0.003611395799109119,0.005055954118752766,scenario,formalin,62.16299267780251
12.0,brain,2.0,0.993862019181,0.006137980819,0.3156070985177206,31.56070985177206,0.0895221249632941,8.95221249632941,0.24846550479525,24.846550479525,0.0036170972768178183,0.36170972768178183,0.003617097276817818,0.005063936187544945,scenario,formalin,61.1154700930319
