time_h,tissue,histamine_nm,R_surf,R_int,G_signal,G_signal_pct,G_signal_ligand,G_signal_ligand_pct,G_signal_constitutive,G_signal_constitutive_pct,beta_arr_signal,beta_arr_signal_pct,internalization_drive,k_int_eff_per_h,driver_type,driver_id,antagonist_concentration_nm
0.0,muscle,94.61121357231173,0.715417365394,0.284582634606,0.596816999958871,59.68169999588711,0.5905748754622854,59.057487546228536,0.0357708682697,3.5770868269700005,0.1591141889315353,15.911418893153531,0.15911418893153528,0.1988927361644191,scenario,carrageenan,0.001
0.08333333333333333,muscle,109.87868276995108,0.716912671315,0.283087328685,0.6081347683812177,60.81347683812177,0.6024096155952292,60.24096155952292,0.035845633565750004,3.5845633565750004,0.13219624761447893,13.219624761447893,0.13219624761447893,0.16524530951809865,scenario,carrageenan,265.5598167326336
0.16666666666666666,muscle,126.90363996695933,0.719285240945,0.280714759055,0.619226290603195,61.9226290603195,0.6139600300588895,61.39600300588896,0.03596426204725,3.5964262047249997,0.11865670236955347,11.865670236955348,0.11865670236955347,0.14832087796194185,scenario,carrageenan,531.1186334652672
0.25,muscle,145.6420029939102,0.722293183258,0.277706816742,0.6299224016962603,62.99224016962604,0.6250607816140635,62.50607816140635,0.0361146591629,3.61146591629,0.11121616487057906,11.121616487057906,0.11121616487057906,0.13902020608822382,scenario,carrageenan,796.6774501979011
0.3333333333333333,muscle,165.98786788486285,0.725567694033,0.274432305967,0.6399531300605513,63.995313006055135,0.6354471003777908,63.54471003777908,0.036278384701650006,3.6278384701650004,0.10700715510289352,10.700715510289353,0.10700715510289353,0.13375894387861692,scenario,carrageenan,1062.236266930535
0.4166666666666667,muscle,187.76780766985183,0.728886355225,0.271113644775,0.6491781896028844,64.91781896028844,0.6449830229911941,64.49830229911942,0.036444317761250004,3.6444317761250002,0.10464894683415508,10.464894683415508,0.10464894683415508,0.13081118354269386,scenario,carrageenan,1327.7950836631678
0.5,muscle,210.73786116349706,0.732190945053,0.267809054947,0.6576048095981961,65.76048095981962,0.6536792235216276,65.36792235216275,0.03660954725265,3.660954725265,0.1033772247477479,10.33772247477479,0.10337722474774788,0.12922153093468486,scenario,carrageenan,1593.353900395802
0.5833333333333334,muscle,234.58382098116894,0.735398180314,0.264601819686,0.6652182781687455,66.52182781687455,0.661524599108469,66.1524599108469,0.0367699090157,3.67699090157,0.10272194524108556,10.272194524108556,0.10272194524108555,0.12840243155135694,scenario,carrageenan,1858.9127171284351
0.6666666666666666,muscle,258.925276224738,0.738486654879,0.261513345121,0.6720567406399012,67.20567406399012,0.6685604293641592,66.85604293641592,0.03692433274395,3.6924332743950004,0.10236959274788836,10.236959274788836,0.10236959274788836,0.12796199093486044,scenario,carrageenan,2124.4715338610704
0.75,muscle,283.32365097618543,0.74144375213,0.25855624787,0.6781620228367088,67.81620228367088,0.6748314055054829,67.4831405505483,0.0370721876065,3.7072187606500004,0.10209803864712998,10.209803864712997,0.10209803864712999,0.12762254830891248,scenario,carrageenan,2390.030350593703
0.8333333333333334,muscle,307.29421685063807,0.744270050971,0.255729949029,0.683582257466912,68.3582257466912,0.68038816307196,68.038816307196,0.03721350254855,3.721350254855,0.10174344393253722,10.174344393253723,0.10174344393253722,0.12717930491567153,scenario,carrageenan,2655.589167326337
0.9166666666666666,muscle,330.32176497976,0.746974082344,0.253025917656,0.688366332573642,68.8366332573642,0.6852817141646758,68.52817141646757,0.0373487041172,3.7348704117200002,0.10118255710137598,10.118255710137598,0.10118255710137598,0.12647819637671998,scenario,carrageenan,2921.147984058971
1.0,muscle,351.87932387883166,0.749556584822,0.250443415178,0.6925489158306602,69.25489158306603,0.6895485121995372,68.95485121995371,0.037477829241100005,3.7477829241100005,0.10032288001492658,10.032288001492658,0.10032288001492659,0.12540360001865825,scenario,carrageenan,3186.706800791604
1.0833333333333333,muscle,371.4490319076428,0.752017558405,0.247982441595,0.696713423266046,69.6713423266046,0.6938026793113642,69.38026793113642,0.03760087792025,3.7600877920249998,0.10139905660264883,10.139905660264883,0.10139905660264882,0.12674882075331104,scenario,carrageenan,3350.1485912742255
1.1666666666666667,muscle,388.54404418409007,0.754357003092,0.245642996908,0.7002803517501218,70.02803517501218,0.6974342122058125,69.74342122058125,0.037717850154600004,3.7717850154600003,0.10180541759166424,10.180541759166424,0.10180541759166423,0.1272567719895803,scenario,carrageenan,3513.590381756851
1.25,muscle,402.7301989923167,0.756574918884,0.243425081116,0.7032757760549195,70.32757760549195,0.7004705580112837,70.04705580112837,0.0378287459442,3.78287459442,0.10152204375476305,10.152204375476305,0.10152204375476304,0.1269025546934538,scenario,carrageenan,3677.032172239474
1.3333333333333333,muscle,413.64610747487336,0.758717518262,0.241282481738,0.705759966270232,70.5759966270232,0.7029727266917178,70.29727266917179,0.0379358759131,3.79358759131,0.10054496291899799,10.054496291899799,0.100544962918998,0.12568120364874752,scenario,carrageenan,3840.473962722095
1.4166666666666667,muscle,421.0203740438379,0.760899939319,0.239100060681,0.7078489638847318,70.78489638847319,0.7050568072829283,70.50568072829283,0.038044996965950005,3.8044996965950006,0.09888639357541287,9.888639357541287,0.09888639357541287,0.12360799196926608,scenario,carrageenan,4003.9157532047234
1.5,muscle,424.6848048625422,0.763127631391,0.236872368609,0.7095484212616976,70.95484212616977,0.7067284628338396,70.67284628338396,0.03815638156955001,3.815638156955001,0.09657452416298655,9.657452416298655,0.09657452416298656,0.1207181552037332,scenario,carrageenan,4167.357543687343
1.5833333333333333,muscle,424.58270869339094,0.76540133953,0.23459866047,0.7108512949791392,71.08512949791393,0.7079802400027781,70.79802400027782,0.038270066976500004,3.8270066976500003,0.09365281013695304,9.365281013695304,0.09365281013695305,0.11706601267119131,scenario,carrageenan,4330.799334169969
1.6666666666666667,muscle,420.7717191049344,0.767805364918,0.232194635082,0.7118198792242306,71.18198792242306,0.7088732747140323,70.88732747140322,0.0383902682459,3.83902682459,0.09017877945242926,9.017877945242926,0.09017877945242925,0.11272347431553656,scenario,carrageenan,4494.241124652591
1.75,muscle,413.420941989123,0.770397105802,0.229602894198,0.7124828942690077,71.24828942690077,0.7094347778725344,70.94347778725344,0.038519855290100005,3.8519855290100007,0.08622235064307537,8.622235064307537,0.08622235064307537,0.10777793830384422,scenario,carrageenan,4657.682915135219
1.8333333333333333,muscle,402.80262467544924,0.773176562181,0.226823437819,0.7128074860252069,71.28074860252069,0.7096301662275337,70.96301662275337,0.03865882810905,3.8658828109049996,0.08186368766641204,8.186368766641204,0.08186368766641205,0.10232960958301507,scenario,carrageenan,4821.124705617839
1.9166666666666667,muscle,389.27891788490774,0.776142451158,0.223857548842,0.7127518242782244,71.27518242782244,0.7094154754950783,70.94154754950783,0.0388071225579,3.8807122557900002,0.0771906421371321,7.71906421371321,0.0771906421371321,0.09648830267141513,scenario,carrageenan,4984.566496100463
2.0,muscle,373.28462646131885,0.779285704561,0.220714295439,0.7122599457459071,71.22599457459071,0.7087322742293234,70.87322742293235,0.038964285228050004,3.8964285228050004,0.0722958647892854,7.229586478928541,0.0722958647892854,0.09036983098660675,scenario,carrageenan,5148.008286583087
2.0833333333333335,muscle,355.307091756809,0.782604556938,0.217395443062,0.7120758147388512,71.20758147388511,0.708363775675738,70.8363775675738,0.039130227846900005,3.9130227846900003,0.06879281321893131,6.8792813218931315,0.06879281321893133,0.08599101652366416,scenario,carrageenan,5171.495629438851
2.1666666666666665,muscle,335.86449845886386,0.78609900829,0.21390099171,0.7114226060973139,71.1422606097314,0.7074922691398041,70.74922691398041,0.0393049504145,3.9304950414500004,0.06502679469601091,6.502679469601091,0.06502679469601091,0.08128349337001364,scenario,carrageenan,5194.982972294611
2.25,muscle,315.4839422842651,0.789754653056,0.210245346944,0.7102481658299413,71.02481658299413,0.7060636138706751,70.60636138706751,0.039487732652800006,3.9487732652800007,0.061090465116002045,6.109046511600204,0.06109046511600205,0.07636308139500256,scenario,carrageenan,5218.470315150373
2.3333333333333335,muscle,294.68053370385263,0.793543558585,0.206456441415,0.7084932413136426,70.84932413136426,0.7040169088256765,70.40169088256765,0.039677177929250004,3.9677177929250003,0.05707568393345678,5.707568393345678,0.05707568393345678,0.07134460491682097,scenario,carrageenan,5241.957658006126
2.4166666666666665,muscle,273.93865803457817,0.797465012412,0.202534987588,0.7061340499187349,70.61340499187348,0.7013271571559315,70.13271571559315,0.0398732506206,3.98732506206,0.0530702767032701,5.3070276703270105,0.0530702767032701,0.06633784587908763,scenario,carrageenan,5265.445000861888
2.5,muscle,253.69628337229904,0.801519014539,0.198480985461,0.7031655374033896,70.31655374033896,0.6979890386067785,69.79890386067785,0.04007595072695,4.007595072695,0.04915508746780904,4.915508746780904,0.04915508746780904,0.061443859334761305,scenario,carrageenan,5288.932343717649
2.5833333333333335,muscle,234.3329300824609,0.805705564966,0.194294435034,0.699609355734145,69.9609355734145,0.6940253447219421,69.4025344721942,0.0402852782483,4.02852782483,0.04540148609356286,4.540148609356286,0.045401486093562864,0.05675185761695358,scenario,carrageenan,5312.4196865734075
2.6666666666666665,muscle,216.16161663386697,0.810024663692,0.189975336308,0.695522915578603,69.5522915578603,0.6894965077831612,68.94965077831611,0.0405012331846,4.05012331846,0.04186946546136701,4.186946546136701,0.04186946546136701,0.05233683182670876,scenario,carrageenan,5335.907029429174
2.75,muscle,199.42480366457556,0.814432141016,0.185567858984,0.6909699442900186,69.09699442900185,0.6844719339360196,68.44719339360196,0.0407216070508,4.07216070508,0.038606418232048474,3.8606418232048476,0.038606418232048474,0.04825802279006059,scenario,carrageenan,5359.394372284934
2.8333333333333335,muscle,184.2940952656212,0.81887304415,0.18112695585,0.6860557232436185,68.60557232436186,0.6790653379327564,67.90653379327564,0.0409436522075,4.09436522075,0.035646627965069046,3.5646627965069047,0.03564662796506904,0.0445582849563363,scenario,carrageenan,5382.881715140688
2.9166666666666665,muscle,170.87324214685032,0.823347213402,0.176652786598,0.6809813580486374,68.09813580486373,0.6734884182931973,67.34884182931972,0.0411673606701,4.116736067010001,0.03301145169836625,3.301145169836625,0.033011451698366244,0.04126431462295781,scenario,carrageenan,5406.369057996455
3.0,muscle,159.2038375411874,0.827854648772,0.172145351228,0.6759878851653174,67.59878851653174,0.667994897607071,66.7994897607071,0.041392732438600005,4.139273243860001,0.03071011817551586,3.071011817551586,0.03071011817551586,0.038387647719394825,scenario,carrageenan,5429.856400852216
3.0833333333333335,muscle,149.27300827941974,0.832352473082,0.167647526918,0.6713047557130196,67.13047557130196,0.6628285600620206,66.28285600620207,0.0416176236541,4.16176236541,0.028741024189480185,2.8741024189480187,0.028741024189480185,0.03592628023685023,scenario,carrageenan,5453.343743707971
3.1666666666666665,muscle,141.02237866011438,0.836784113403,0.163215886597,0.6671514035718351,66.71514035718351,0.6582233662123002,65.82233662123002,0.04183920567015,4.183920567015,0.027093385298670402,2.7093385298670403,0.027093385298670405,0.033866731623338,scenario,carrageenan,5476.831086563731
3.25,muscle,134.35761623818325,0.841149306719,0.158850693281,0.6637658717647501,66.37658717647501,0.6544299015040002,65.44299015040002,0.042057465335950006,4.205746533595001,0.02574908801882775,2.574908801882775,0.02574908801882776,0.0321863600235347,scenario,carrageenan,5500.318429419495
3.3333333333333335,muscle,129.15794514944338,0.845448053029,0.154551946971,0.6613338452351957,66.13338452351957,0.6516436237723638,65.16436237723639,0.04227240265145,4.227240265145,0.024684597381284777,2.4684597381284776,0.02468459738128478,0.030855746726605977,scenario,carrageenan,5523.805772275255
3.4166666666666665,muscle,125.28512050856502,0.849652616615,0.150347383385,0.6599499563264306,65.99499563264305,0.649965605784927,64.9965605784927,0.042482630830750004,4.248263083075001,0.023872793264380656,2.3872793264380654,0.023872793264380653,0.029840991580475817,scenario,carrageenan,5547.293115131014
3.5,muscle,122.5914826480365,0.853724221993,0.146275778007,0.6596252097099412,65.96252097099412,0.6494094722213593,64.94094722213592,0.042686211099650005,4.268621109965,0.023284636746660117,2.3284636746660117,0.02328463674666012,0.02910579593332515,scenario,carrageenan,5570.780457986774
3.5833333333333335,muscle,120.9268393254608,0.857662607396,0.142337392604,0.6603299622577439,66.03299622577438,0.6499440335662567,64.99440335662567,0.0428831303698,4.28831303698,0.022890599239463606,2.2890599239463607,0.022890599239463606,0.028613249049329506,scenario,carrageenan,5594.267800842534
3.6666666666666665,muscle,120.14404639247361,0.861467772824,0.138532227176,0.6619773773568672,66.19773773568673,0.6514778828585971,65.1477882858597,0.0430733886412,4.30733886412,0.02266181819179059,2.2661818191790593,0.02266181819179059,0.028327272739738237,scenario,carrageenan,5617.755143698297
3.75,muscle,120.10326442252969,0.865140127755,0.134859872245,0.6644416843530984,66.44416843530983,0.6538786083845772,65.38786083845773,0.043257006387750006,4.325700638775,0.022570970589861072,2.2570970589861075,0.022570970589861076,0.028213713237326344,scenario,carrageenan,5641.242486554054
3.8333333333333335,muscle,120.67495509519074,0.868671682732,0.131328317268,0.6675699643228197,66.75699643228197,0.6569856633539154,65.69856633539153,0.043433584136600006,4.343358413660001,0.02259287736495702,2.2592877364957022,0.02259287736495702,0.028241096706196275,scenario,carrageenan,5664.7298294098155
3.9166666666666665,muscle,121.74174431524855,0.872048115854,0.127951884146,0.6711996476316888,67.11996476316888,0.6606286756199883,66.06286756199883,0.0436024057927,4.36024057927,0.02270486738531908,2.270486738531908,0.022704867385319075,0.028381084231648843,scenario,carrageenan,5688.2171722655785
4.0,muscle,123.19931922827692,0.875255073545,0.124744926455,0.6751751027173024,67.51751027173025,0.6646445779368972,66.46445779368972,0.04376275367725,4.376275367725,0.022886939075160526,2.2886939075160524,0.022886939075160526,0.028608673843950657,scenario,carrageenan,5711.70451512134
4.083333333333333,muscle,124.95654557198108,0.87827897704,0.12172102296,0.6803556273643441,68.0355627364344,0.6699386089603623,66.99386089603622,0.043913948852000007,4.3913948852,0.02340081857611107,2.340081857611107,0.023400818576111072,0.02925102322013884,scenario,carrageenan,5657.855966306999
4.166666666666667,muscle,126.93499359030086,0.881128737559,0.118871262441,0.6856272811313096,68.56272811313096,0.6753377307930101,67.53377307930101,0.04405643687795,4.405643687795,0.0239638291988913,2.39638291988913,0.0239638291988913,0.029954786498614126,scenario,carrageenan,5604.007417492652
4.25,muscle,129.06804913921894,0.883810030374,0.116189969626,0.6908991831122773,69.08991831122773,0.6807459806248183,68.07459806248183,0.0441905015187,4.41905015187,0.024564736465683523,2.4564736465683525,0.02456473646568352,0.0307059205821044,scenario,carrageenan,5550.158868678309
4.333333333333333,muscle,131.29976586969235,0.886320874575,0.113679125425,0.6960936380790812,69.60936380790812,0.6860816782635066,68.60816782635067,0.044316043728750004,4.431604372875,0.025193954793335135,2.5193954793335136,0.025193954793335138,0.03149244349166892,scenario,carrageenan,5496.3103198639565
4.416666666666667,muscle,133.5835884280328,0.888659289256,0.111340710744,0.7011497970242785,70.11497970242785,0.6912808763805037,69.12808763805037,0.044432964462800005,4.443296446280001,0.02584337495449292,2.584337495449292,0.025843374954492924,0.03230421869311616,scenario,carrageenan,5442.461771049616
4.5,muscle,135.88104882323074,0.890826364302,0.109173635698,0.7060234498842967,70.60234498842966,0.6962969807044176,69.62969807044176,0.044541318215100004,4.454131821510001,0.02650617569588327,2.650617569588327,0.02650617569588327,0.03313271961985409,scenario,carrageenan,5388.613222235264
4.583333333333333,muscle,138.1605110855333,0.892837862052,0.107162137948,0.7106936747004576,71.06936747004576,0.7011071385240607,70.11071385240606,0.0446418931026,4.46418931026,0.02717663411889417,2.717663411889417,0.027176634118894174,0.033970792648617715,scenario,carrageenan,5334.76467342092
4.666666666666667,muscle,140.39601490878061,0.894701199198,0.105298800802,0.7151422685844918,71.51422685844918,0.7056917985522019,70.56917985522018,0.0447350599599,4.47350599599,0.027849945284080812,2.784994528408081,0.027849945284080815,0.034812431605101016,scenario,carrageenan,5280.916124606575
4.75,muscle,142.5662482249681,0.896422152947,0.103577847053,0.7193568947786649,71.93568947786649,0.710037670664542,71.0037670664542,0.044821107647350006,4.482110764735,0.02852205785702891,2.852205785702891,0.028522057857028903,0.03565257232128613,scenario,carrageenan,5227.067575792232
4.833333333333333,muscle,144.65366207377275,0.898006500509,0.101993499491,0.7233306467034386,72.33306467034386,0.7141371807136722,71.41371807136721,0.04490032502545,4.4900325025450005,0.029189529598697146,2.918952959869715,0.029189529598697153,0.03648691199837144,scenario,carrageenan,5173.219026977885
4.916666666666667,muscle,146.6437286889538,0.899460535134,0.100539464866,0.7270610784521936,72.70610784521936,0.7179874228373617,71.79874228373617,0.04497302675670001,4.497302675670001,0.029849404155431886,2.9849404155431887,0.029849404155431886,0.03731175519428986,scenario,carrageenan,5119.3704781635415
5.0,muscle,148.5243350766847,0.900791099005,0.099208900995,0.7305491540745083,73.05491540745082,0.7215890517097455,72.15890517097455,0.04503955495025,4.503955495025,0.030499108891392127,3.0499108891392126,0.030499108891392134,0.03812388611424017,scenario,carrageenan,5065.5219293491955
5.083333333333333,muscle,150.28529895485102,0.90200446782,0.09799553218,0.7337975154277248,73.37975154277248,0.7249445179333944,72.49445179333944,0.045100223391000005,4.510022339100001,0.031136372355268904,3.11363723552689,0.031136372355268907,0.03892046544408613,scenario,carrageenan,5011.673380534855
5.166666666666667,muscle,151.91799111496812,0.903106910788,0.096893089212,0.7368103049010355,73.68103049010355,0.7280578519596163,72.80578519596162,0.0451553455394,4.51553455394,0.03175915928770532,3.175915928770532,0.03175915928770533,0.03969894910963166,scenario,carrageenan,4957.824831720506
5.25,muscle,153.41504741446127,0.904104655203,0.095895344797,0.7395926709878762,73.95926709878762,0.7309341455028697,73.09341455028698,0.04520523276015,4.520523276015,0.032365620753070666,3.2365620753070665,0.032365620753070666,0.040457025941338334,scenario,carrageenan,4903.976282906166
5.333333333333333,muscle,154.77015411686077,0.905002777219,0.094997222781,0.742149516723129,74.2149516723129,0.7335782924865043,73.35782924865043,0.04525013886095,4.525013886095,0.03295405692137681,3.295405692137681,0.032954056921376804,0.04119257115172101,scenario,carrageenan,4850.127734091818
5.416666666666667,muscle,155.9778916705083,0.905806766209,0.094193233791,0.7444865266580329,74.4486526658033,0.7359959877342979,73.59959877342979,0.045290338310450005,4.529033831045001,0.03352289014710983,3.352289014710983,0.03352289014710984,0.0419036126838873,scenario,carrageenan,4796.2791852774735
5.5,muscle,157.03362385517104,0.90652257555,0.09347742445,0.7466100350634878,74.66100350634878,0.7381935855641977,73.81935855641977,0.0453261287775,4.53261287775,0.03407064622086129,3.407064622086129,0.03407064622086129,0.04258830777607661,scenario,carrageenan,4742.4306364631275
5.583333333333333,muscle,157.93342123525449,0.907156158622,0.092843841378,0.7485265193223646,74.85265193223645,0.7401775909381733,74.01775909381733,0.0453578079311,4.53578079311,0.034595941952295435,3.4595941952295437,0.03459594195229545,0.04324492744036931,scenario,carrageenan,4688.5820876487805
5.666666666666667,muscle,158.67400983471398,0.907713468804,0.092286531196,0.7502425082819335,75.02425082819335,0.7419545629912985,74.19545629912984,0.0453856734402,4.5385673440200005,0.03509747753979793,3.509747753979793,0.03509747753979794,0.043871846924747424,scenario,carrageenan,4634.7335388344345
5.75,muscle,159.25273776544964,0.908200459474,0.091799540526,0.7517645165492335,75.17645165492335,0.7435310458689827,74.35310458689827,0.045410022973700004,4.54100229737,0.03557403246686967,3.557403246686967,0.03557403246686967,0.044467540583587095,scenario,carrageenan,4580.884990020087
5.833333333333333,muscle,159.66755413056785,0.908623084011,0.091376915989,0.7530989970857738,75.30989970857738,0.7449135188265513,74.49135188265514,0.04543115420055,4.543115420055,0.036024463922326576,3.6024463922326575,0.036024463922326576,0.04503057990290822,scenario,carrageenan,4527.036441205748
5.916666666666667,muscle,159.9169958621829,0.908987295794,0.091012704206,0.7542523065955944,75.42523065955945,0.7461083597956784,74.61083597956784,0.0454493647897,4.5449364789699995,0.03644770696303655,3.644770696303655,0.03644770696303655,0.04555963370379569,scenario,carrageenan,4473.187892391399
6.0,muscle,160.00017924505505,0.909299048202,0.090700951798,0.7552306797996196,75.52306797996195,0.7471218183047575,74.71218183047576,0.045464952410100005,4.546495241010001,0.03684277582231195,3.684277582231195,0.03684277582231195,0.04605346977788993,scenario,carrageenan,4419.339343577052
6.083333333333333,muscle,159.9167937443011,0.909564294614,0.090435705386,0.756040209847923,75.6040209847923,0.7479599948602347,74.79599948602346,0.0454782147307,4.54782147307,0.03720876591588754,3.7208765915887536,0.03720876591588754,0.04651095739485942,scenario,carrageenan,4365.490794762713
6.166666666666667,muscle,159.66709642833666,0.909786364694,0.090213635306,0.7566846507707178,75.66846507707177,0.7486266658273871,74.86266658273871,0.0454893182347,4.54893182347,0.03754485621444172,3.7544856214441724,0.03754485621444172,0.046931070268052155,scenario,carrageenan,4311.642245948362
6.25,muscle,159.25190579039224,0.909966917821,0.090033082179,0.7571661935797034,75.71661935797034,0.7491240501985826,74.91240501985827,0.04549834589105001,4.549834589105001,0.03785031174160716,3.785031174160716,0.03785031174160717,0.04731288967700896,scenario,carrageenan,4257.793697134019
6.333333333333333,muscle,158.67259415540323,0.910110744484,0.089889255516,0.7574894538627545,75.74894538627545,0.7494567543563732,74.94567543563731,0.045505537224200004,4.55055372242,0.03812448602427718,3.8124486024277178,0.03812448602427718,0.04765560753034647,scenario,carrageenan,4203.945148319678
6.416666666666667,muscle,157.9310781423709,0.910222655312,0.089777344688,0.7576588804971215,75.76588804971215,0.7496292081384437,74.96292081384436,0.0455111327656,4.551113276560001,0.03836682337233217,3.8366823372332175,0.03836682337233217,0.04795852921541521,scenario,carrageenan,4150.09659950533
6.5,muscle,157.0298068595555,0.910307460933,0.089692539067,0.7576787324031841,75.76787324031841,0.7496456414279307,74.96456414279307,0.04551537304665,4.5515373046650005,0.03857686090172263,3.857686090172263,0.03857686090172263,0.04822107612715329,scenario,carrageenan,4096.248050690982
6.583333333333333,muscle,155.9717476606381,0.910369971977,0.089630028023,0.7575530727602049,75.75530727602049,0.7495100780645841,74.95100780645842,0.04551849859885,4.551849859885,0.03875423024150045,3.875423024150045,0.03875423024150046,0.048442787801875574,scenario,carrageenan,4042.3995018766373
6.666666666666667,muscle,154.7603693995466,0.910414999071,0.089585000929,0.7572857637558758,75.72857637558758,0.7492263303182376,74.92263303182376,0.04552074995355,4.552074995355,0.03889865888458457,3.889865888458457,0.038898658884584575,0.04862332360573072,scenario,carrageenan,3988.550953062293
6.75,muscle,153.39962320155314,0.910447352845,0.089552647155,0.7568804617723143,75.68804617723143,0.7487979938211202,74.87979938211203,0.045522367642250004,4.552236764225,0.039009971155870064,3.9009971155870065,0.039009971155870064,0.04876246394483758,scenario,carrageenan,3934.7024042479475
6.833333333333333,muscle,151.89392082704674,0.910471843928,0.089528156072,0.7563406129233672,75.63406129233672,0.7482284428704918,74.82284428704918,0.0455235921964,4.5523592196400005,0.03908808878131806,3.908808878131806,0.03908808878131806,0.048860110976647574,scenario,carrageenan,3880.8538554336023
6.916666666666667,muscle,150.24811074819402,0.910493282947,0.089506717053,0.7556694489195591,75.56694489195591,0.7475208260760096,74.75208260760095,0.04552466414735001,4.552466414735001,0.039133031049056105,3.9133031049056104,0.0391330310490561,0.048916288811320124,scenario,carrageenan,3827.0053066192568
7.0,muscle,148.4674520918172,0.910514865424,0.089485134576,0.7548686442375733,75.48686442375732,0.7466767378593404,74.66767378593404,0.0455257432712,4.55257432712,0.039144914559105924,3.9144914559105923,0.039144914559105924,0.04893114319888241,scenario,carrageenan,3773.1567578049094
7.083333333333333,muscle,146.55758662719236,0.910534268665,0.089465731335,0.7539350892214065,75.39350892214065,0.745693027145428,74.5693027145428,0.04552671343325,4.552671343325001,0.03912395256272578,3.912395256272578,0.03912395256272578,0.04890494070340722,scenario,carrageenan,3719.3082089905674
7.166666666666667,muscle,144.52450899707097,0.9105540518,0.0894459482,0.7528695210998345,75.28695210998345,0.74457033527351,74.457033527351,0.04552770259,4.552770259000001,0.03907045389590714,3.907045389590714,0.03907045389590714,0.04883806736988392,scenario,carrageenan,3665.4596601762205
7.25,muscle,142.374535405353,0.910577398965,0.089422601035,0.7516729852137419,75.16729852137419,0.7433095950163073,74.33095950163073,0.045528869948250006,4.552886994825,0.03898482151457093,3.898482151457093,0.03898482151457093,0.048731026893213666,scenario,carrageenan,3611.611111361875
7.333333333333333,muscle,140.1142709863271,0.910607494298,0.089392505702,0.7503463166258482,75.03463166258481,0.7419115178009982,74.19115178009982,0.045530374714900006,4.553037471490001,0.03886755064165119,3.886755064165119,0.03886755064165119,0.04858443830206399,scenario,carrageenan,3557.762562547531
7.416666666666667,muscle,137.75057608877194,0.910647521934,0.089352478066,0.7488901410894823,74.88901410894823,0.7403765947292446,74.03765947292446,0.0455323760967,4.55323760967,0.03871922653864015,3.871922653864015,0.03871922653864014,0.048399033173300174,scenario,carrageenan,3503.914013733184
7.5,muscle,135.29053171382162,0.910700666012,0.089299333988,0.7473048767662676,74.73048767662675,0.7387050983849132,73.87050983849132,0.0455350333006,4.55350333006,0.03854052191637841,3.854052191637841,0.03854052191637842,0.04817565239547302,scenario,carrageenan,3450.0654649188405
7.583333333333333,muscle,132.7414043485644,0.910770110667,0.089229889333,0.7455907367872456,74.55907367872456,0.7368970855304164,73.68970855304164,0.04553850553335,4.553850553335001,0.038332194001947296,3.8332194001947295,0.038332194001947296,0.04791524250243412,scenario,carrageenan,3396.216916104497
7.666666666666667,muscle,130.11061043801604,0.910859040036,0.089140959964,0.7437477328134652,74.37477328134652,0.7349524008543844,73.49524008543844,0.0455429520018,4.55429520018,0.03809508128048018,3.8095081280480176,0.038095081280480184,0.047618851600600226,scenario,carrageenan,3342.3683672901534
7.75,muscle,127.40568073651514,0.910970638256,0.089029361744,0.7417756797257167,74.17756797257167,0.7328706819083333,73.28706819083332,0.045548531912800005,4.55485319128,0.03783009993257297,3.7830099932572967,0.03783009993257296,0.047287624915716205,scenario,carrageenan,3288.519818475808
7.833333333333333,muscle,124.634224775834,0.911107966911,0.088892033089,0.73967410212182,73.967410212182,0.7306512671329158,73.06512671329159,0.04555539834555,4.555539834555001,0.03753823998974085,3.7538239989740854,0.03753823998974085,0.046922799987176064,scenario,carrageenan,3234.6712696614595
7.916666666666667,muscle,121.80389568149845,0.911272138785,0.088727861215,0.7374407654996424,73.74407654996425,0.7282917458530447,72.82917458530447,0.045563606939250004,4.556360693925001,0.03722056123204076,3.722056123204076,0.03722056123204077,0.04652570154005096,scenario,carrageenan,3180.822720847114
8.0,muscle,118.92235556107731,0.911465200982,0.088534799018,0.7350740377464233,73.50740377464233,0.725790292312972,72.5790292312972,0.045573260049100006,4.557326004910001,0.03687818885355429,3.687818885355429,0.03687818885355429,0.04609773606694286,scenario,carrageenan,3126.97417203277
8.083333333333334,muscle,115.99724167866822,0.911689821597,0.088310178403,0.7322253777319973,73.22253777319972,0.7227798806864708,72.27798806864708,0.04558449107985,4.558449107985,0.03630103516761879,3.6301035167618787,0.03630103516761879,0.04537629395952349,scenario,carrageenan,3095.3135208285094
8.166666666666666,muscle,113.03613361861306,0.911948668722,0.088051331278,0.7292284940363805,72.92284940363804,0.7196116427371373,71.96116427371373,0.0455974334361,4.55974334361,0.035702233290592515,3.5702233290592513,0.035702233290592515,0.044627791613240646,scenario,carrageenan,3063.65286962425
8.25,muscle,110.04652162877333,0.912244410452,0.087755589548,0.726081047836239,72.6081047836239,0.7162829761196199,71.62829761196198,0.0456122205226,4.56122205226,0.03508345919013691,3.508345919013691,0.03508345919013691,0.04385432398767114,scenario,carrageenan,3031.992218419989
8.333333333333334,muscle,107.0357763196538,0.91257971488,0.08742028512,0.7227805910537424,72.27805910537424,0.7127911634839393,71.27911634839393,0.045628985744000004,4.5628985744,0.034446419762027454,3.4446419762027456,0.034446419762027454,0.043058024702534316,scenario,carrageenan,3000.3315672157255
8.416666666666666,muscle,104.01111988044939,0.912957250099,0.087042749901,0.7193245918425661,71.93245918425662,0.7091333993027539,70.91333993027538,0.04564786250495,4.5647862504950005,0.033792845745334164,3.3792845745334166,0.03379284574533416,0.04224105718166769,scenario,carrageenan,2968.6709160114674
8.5,muscle,100.9795989568952,0.913379684204,0.086620315796,0.7157104637952783,71.57104637952783,0.7053068206158718,70.53068206158719,0.0456689842102,4.56689842102,0.0331244846265027,3.31244846265027,0.0331244846265027,0.04140560578312837,scenario,carrageenan,2937.010264807206
8.583333333333334,muscle,97.94805931880482,0.913849685288,0.086150314712,0.711935599155015,71.19355991550151,0.7013085419901212,70.13085419901212,0.04569248426440001,4.569248426440001,0.03244309357240311,3.244309357240311,0.03244309357240311,0.040553866965503886,scenario,carrageenan,2905.3496136029457
8.666666666666666,muscle,94.92312242757968,0.914369921444,0.085630078556,0.707997406313188,70.7997406313188,0.6971356949905136,69.71356949905136,0.0457184960722,4.57184960722,0.03175043243223034,3.1750432432230338,0.03175043243223034,0.03968804054028792,scenario,carrageenan,2873.6889623986863
8.75,muscle,91.91116399595643,0.914936124723,0.085063875277,0.7038880157272339,70.3888015727234,0.6927802205169304,69.27802205169304,0.04574680623615,4.574680623615,0.031048256847651317,3.1048256847651317,0.031048256847651313,0.03881032105956414,scenario,carrageenan,2842.0283111944264
8.833333333333334,muscle,88.91829461401845,0.915541671079,0.084458328921,0.6995980065330015,69.95980065330015,0.6882325505042648,68.82325505042648,0.04577708355395,4.577708355395,0.03033831150979673,3.033831150979673,0.030338311509796732,0.03792288938724592,scenario,carrageenan,2810.367659990166
8.916666666666666,muscle,85.95034249721512,0.916185986889,0.083814013111,0.6951229159850857,69.51229159850857,0.6834880175164586,68.34880175164587,0.04580929934445,4.580929934445,0.029622323600584168,2.9622323600584166,0.029622323600584168,0.03702790450073021,scenario,carrageenan,2778.707008785906
9.0,muscle,83.01283839399575,0.916868498902,0.083131501098,0.6904585906540375,69.04585906540375,0.6785422796936185,67.85422796936184,0.0458434249451,4.5843424945099995,0.028901996454440117,2.8901996454440115,0.02890199645444012,0.03612749556805015,scenario,carrageenan,2747.046357581644
9.083333333333334,muscle,80.11100267284282,0.917588633867,0.082411366133,0.6856012557218474,68.56012557218475,0.6733913937142079,67.33913937142079,0.04587943169335,4.587943169335,0.028179003474763518,2.817900347476352,0.028179003474763518,0.0352237543434544,scenario,carrageenan,2715.3857063773835
9.166666666666666,muscle,77.24973459114148,0.918345818533,0.081654181467,0.6805475894754984,68.05475894754984,0.6680318932093142,66.80318932093142,0.045917290926650006,4.591729092665001,0.027454982337456704,2.7454982337456704,0.0274549823374567,0.03431872792182088,scenario,carrageenan,2683.725055173124
9.25,muscle,74.43360373161087,0.919139479647,0.080860520353,0.6752948024050451,67.52948024050451,0.6624608720238897,66.24608720238896,0.045956973982350005,4.595697398235001,0.026731529511554497,2.6731529511554495,0.026731529511554497,0.03341441188944312,scenario,carrageenan,2652.0644039688636
9.333333333333334,muscle,71.6668435760781,0.919969043958,0.080030956042,0.6698407204521502,66.98407204521502,0.6566760718465792,65.66760718465791,0.045998452197900004,4.599845219790001,0.02601019512443025,2.601019512443025,0.02601019512443025,0.032512743905537815,scenario,carrageenan,2620.4037527646024
9.416666666666666,muscle,68.95334717132639,0.920831664456,0.079168335544,0.6641822317355921,66.41822317355921,0.6506743668555706,65.06743668555706,0.0460415832228,4.60415832228,0.025292478196270497,2.5292478196270496,0.025292478196270497,0.03161559774533812,scenario,carrageenan,2588.7431015603415
9.5,muscle,66.29666482770993,0.921723424393,0.078276575607,0.6583163162120221,65.83163162120222,0.6444527842024971,64.4452784202497,0.04608617121965,4.6086171219650005,0.024579822265517786,2.4579822265517786,0.024579822265517783,0.030724777831897226,scenario,carrageenan,2557.0824503560816
9.583333333333334,muscle,63.70000377828994,0.9226426186,0.0773573814,0.6522425007157364,65.22425007157364,0.6380109155639331,63.80109155639331,0.04613213093,4.613213093,0.023873611423814518,2.387361142381452,0.02387361142381452,0.029842014279768153,scenario,carrageenan,2525.421799151821
9.666666666666666,muscle,61.16622971448882,0.923587544854,0.076412455146,0.6459613300814743,64.59613300814743,0.631349424040815,63.13494240408149,0.0461793772427,4.61793772427,0.02317516677567219,2.317516677567219,0.02317516677567219,0.028968958469590238,scenario,carrageenan,2493.7611479475604
9.75,muscle,58.697870103752464,0.924556500932,0.075443499068,0.6394744576192857,63.94744576192857,0.6244701395501955,62.44701395501955,0.0462278250466,4.62278250466,0.02248574333468082,2.248574333468082,0.022485743334680817,0.02810717916835102,scenario,carrageenan,2462.100496743299
9.833333333333334,muscle,56.297119185492825,0.925547784613,0.074452215387,0.6327847346712485,63.278473467124854,0.6173761530953669,61.737615309536686,0.04627738923065,4.627738923065,0.021806527364596835,2.1806527364596833,0.021806527364596838,0.02725815920574605,scenario,carrageenan,2430.43984553904
9.916666666666666,muscle,53.965844533689825,0.926559693673,0.073440306327,0.6258962951035706,62.58962951035706,0.6100719057051797,61.00719057051796,0.04632798468365,4.632798468365,0.021138634170146962,2.1138634170146964,0.021138634170146962,0.026423292712683705,scenario,carrageenan,2398.7791943347797
10.0,muscle,51.70559506797912,0.927590525891,0.072409474109,0.6188146325526848,61.88146325526848,0.6025632697454051,60.25632697454051,0.04637952629455,4.637952629455,0.020483106338899427,2.0483106338899426,0.020483106338899427,0.025603882923624283,scenario,carrageenan,2367.1185431305184
10.083333333333334,muscle,49.517610389838495,0.928638350422,0.071361649578,0.6115465174953661,61.15465174953661,0.5948574736571223,59.48574736571223,0.046431917521100007,4.643191752110001,0.019840912432123537,1.9840912432123536,0.019840912432123537,0.02480114054015442,scenario,carrageenan,2335.457891926258
10.166666666666666,muscle,47.402831316594444,0.929701096655,0.070298903345,0.6041001205481898,60.410012054818985,0.586963227068884,58.6963227068884,0.046485054832750006,4.648505483275001,0.01921294611922029,1.921294611922029,0.01921294611922029,0.024016182649025365,scenario,carrageenan,2303.797240721997
10.25,muscle,45.36191148337953,0.930776940537,0.069223059463,0.5964853076042892,59.64853076042892,0.5788910111341465,57.889101113414654,0.04653884702685,4.6538847026850005,0.018600025747101137,1.8600025747101137,0.01860002574710114,0.023250032183876425,scenario,carrageenan,2272.1365895177364
10.333333333333334,muscle,43.39522988183363,0.931864059022,0.068135940978,0.588713497852632,58.871349785263206,0.5706529420016127,57.06529420016126,0.046593202951100005,4.659320295110001,0.01800289433285173,1.800289433285173,0.01800289433285173,0.022503617916064665,scenario,carrageenan,2240.475938313477
10.416666666666666,muscle,41.502904204208235,0.932960629068,0.067039370932,0.5807976674750692,58.07976674750692,0.5622627747596518,56.22627747596518,0.046648031453400005,4.6648031453400005,0.01742221996517493,1.7422219965174928,0.01742221996517493,0.02177777495646866,scenario,carrageenan,2208.8152871092157
10.5,muscle,39.684804862542194,0.934064827628,0.065935172372,0.5727523322466376,57.27523322466376,0.5537358851213027,55.37358851213027,0.0467032413814,4.67032413814,0.016858596597492306,1.6858596597492306,0.016858596597492306,0.021073245746865383,scenario,carrageenan,2177.154635904956
10.583333333333334,muscle,37.94056955465512,0.93517483166,0.06482516834,0.5645935065085239,56.45935065085239,0.5450892262373936,54.508922623739366,0.046758741583,4.6758741583,0.016312545213220637,1.6312545213220637,0.016312545213220637,0.020390681516525795,scenario,carrageenan,2145.493984700694
10.666666666666666,muscle,36.269618251772656,0.936288818117,0.063711181883,0.5563386370342175,55.633863703421746,0.5363412590824922,53.63412590824922,0.046814440905850005,4.681444090585001,0.015784515341647994,1.5784515341647993,0.015784515341647994,0.01973064417705999,scenario,carrageenan,2113.833333496435
10.75,muscle,34.67116848657324,0.937405135471,0.062594864529,0.5480066111555226,54.80066111555226,0.5275119519810239,52.75119519810239,0.04687025677355,4.687025677355,0.015274886901034367,1.5274886901034366,0.015274886901034367,0.01909360862629296,scenario,carrageenan,2082.172682292175
10.833333333333334,muscle,33.14425082523523,0.938522263138,0.061477736862,0.5396176067065137,53.96176067065137,0.5186226247890671,51.86226247890671,0.046926113156900005,4.692611315690001,0.014783972344060906,1.4783972344060905,0.014783972344060906,0.018479965430076132,scenario,carrageenan,2050.512031087913
10.916666666666666,muscle,31.68772441257358,0.939638476403,0.060361523597,0.5311927518863507,53.11927518863507,0.5096956084907376,50.96956084907376,0.046981923820150005,4.698192382015001,0.014312019079561769,1.4312019079561769,0.014312019079561769,0.01789002384945221,scenario,carrageenan,2018.8513798836536
11.0,muscle,30.300292485491905,0.940752048879,0.059247951121,0.5227540785710176,52.27540785710176,0.5007541853969134,50.07541853969134,0.04703760244395,4.703760244395,0.013859212143593915,1.3859212143593915,0.013859212143593917,0.0173240151794924,scenario,carrageenan,1987.1907286793928
11.083333333333334,muscle,28.98051775664076,0.941861254178,0.058138745822,0.5143243316070492,51.43243316070492,0.49182238831384123,49.182238831384126,0.047093062708900006,4.709306270890001,0.013425677092332972,1.3425677092332973,0.013425677092332972,0.016782096365416214,scenario,carrageenan,1955.5300774751313
11.166666666666666,muscle,27.72683757726709,0.942964365913,0.057035634087,0.5059267571833372,50.59267571833372,0.48292477777651294,48.29247777765129,0.04714821829565,4.714821829565,0.013011483089021603,1.3011483089021603,0.013011483089021603,0.016264353861277003,scenario,carrageenan,1923.8694262708727
11.25,muscle,26.537578795672783,0.944059657695,0.055940342305,0.49758487479384683,49.758487479384684,0.47408620200957563,47.408620200957564,0.04720298288475,4.720298288475,0.012616646157232677,1.2616646157232676,0.012616646157232677,0.015770807696540847,scenario,carrageenan,1892.208775066611
11.333333333333334,muscle,25.410972235374146,0.945145403137,0.054854596863,0.48932223699613125,48.932223699613125,0.46533154404134874,46.533154404134876,0.04725727015685,4.725727015685,0.01224113257302933,1.224113257302933,0.012241132573029329,0.01530141571628666,scenario,carrageenan,1860.5481238623513
11.416666666666666,muscle,24.345166724880798,0.946220488693,0.053779511307,0.48116249335155675,48.11624933515567,0.4566857567546387,45.66857567546387,0.047311024434650004,4.731102443465001,0.011884862369193902,1.1884862369193903,0.011884862369193904,0.014856077961492381,scenario,carrageenan,1828.88747265809
11.5,muscle,23.33824261890795,0.947284373514,0.052715626486,0.4731290926612727,47.31290926612727,0.4481735515637607,44.817355156376074,0.0473642186757,4.73642186757,0.011547712925538467,1.1547712925538467,0.011547712925538467,0.014434641156923084,scenario,carrageenan,1797.2268214538294
11.583333333333334,muscle,22.388224758717232,0.948335717654,0.051664282346,0.4652443388484631,46.52443388484631,0.43981847680606645,43.98184768060665,0.047416785882700006,4.741678588270001,0.0112295226203832,1.12295226203832,0.011229522620383198,0.014036903275478997,scenario,carrageenan,1765.5661702495693
11.666666666666666,muscle,21.49309482707403,0.949373170302,0.050626829698,0.45752956971345715,45.75295697134572,0.4316430644193233,43.16430644193233,0.0474686585151,4.74686585151,0.010930094519571665,1.0930094519571665,0.010930094519571665,0.013662618149464581,scenario,carrageenan,1733.905519045309
11.75,muscle,20.65080306094555,0.950395380648,0.049604619352,0.4500049393202482,45.000493932024824,0.42366860030299813,42.36686003029981,0.0475197690324,4.75197690324,0.010649200080864516,1.0649200080864516,0.010649200080864514,0.013311500101080643,scenario,carrageenan,1702.2448678410487
11.833333333333334,muscle,19.859279292479567,0.95140099788,0.04859900212,0.44268921361494457,44.268921361494456,0.41591490917994167,41.591490917994165,0.047570049894,4.7570049894,0.010386582853190348,1.038658285319035,0.010386582853190348,0.012983228566487936,scenario,carrageenan,1670.5842166367875
11.916666666666666,muscle,19.116443295943633,0.952388671187,0.047611328813,0.43559958925134146,43.55995892513415,0.40840016388630684,40.84001638863069,0.04761943355935,4.761943355935,0.010141962152012728,1.014196215201273,0.010141962152012728,0.01267745269001591,scenario,carrageenan,1638.9235654325275
12.0,muscle,18.420214425120058,0.953357049757,0.046642950243,0.42875153925902043,42.87515392590204,0.4011407229170215,40.11407229170215,0.04766785248785,4.766785248785,0.009915036693973863,0.9915036693973863,0.009915036693973863,0.01239379586746733,scenario,carrageenan,1607.262914228267
0.0,spinal_coord,3.3960056096409037,0.988331936267,0.011668063733,0.3546776428800612,35.46776428800612,0.14345954508441494,14.345954508441494,0.24708298406675,24.708298406675,0.0067461798464443865,0.6746179846444387,0.006746179846444386,0.00944465178502214,scenario,carrageenan,0.001
0.08333333333333333,spinal_coord,3.484750830317166,0.988426054886,0.011573945114,0.35470245039586923,35.47024503958692,0.14346124889915893,14.346124889915894,0.2471065137215,24.71065137215,0.0054908485094394225,0.5490848509439422,0.0054908485094394225,0.007687187913215191,scenario,carrageenan,157.39476376890255
0.16666666666666666,spinal_coord,3.5763984774167974,0.988607084409,0.011392915591,0.35483359724575547,35.48335972457555,0.1435757681913406,14.35757681913406,0.24715177110225,24.715177110225,0.004669536071208815,0.4669536071208815,0.004669536071208815,0.00653735049969234,scenario,carrageenan,314.78852753780524
0.25,spinal_coord,3.6707999483031655,0.988854129434,0.011145870566,0.3550543802445717,35.50543802445717,0.14378779718142895,14.378779718142894,0.2472135323585,24.72135323585,0.004091595857995816,0.40915958579958156,0.004091595857995817,0.005728234201194143,scenario,carrageenan,472.18229130670767
0.3333333333333333,spinal_coord,3.767782849180906,0.989138581804,0.010861418196,0.3553455975856729,35.53455975856729,0.1440812695128972,14.40812695128972,0.247284645451,24.7284645451,0.0036636811966276055,0.36636811966276056,0.0036636811966276055,0.005129153675278647,scenario,carrageenan,629.5760550756105
0.4166666666666667,spinal_coord,3.8671508022817074,0.989447983191,0.010552016809,0.3556940785729511,35.56940785729511,0.1444427770336015,14.44427770336015,0.24736199579775,24.736199579775,0.0033346840203125868,0.33346840203125866,0.0033346840203125868,0.004668557628437621,scenario,carrageenan,786.9698188445127
0.5,spinal_coord,3.968683455617941,0.989770132168,0.010229867832,0.3560869568561591,35.60869568561591,0.1448592317522121,14.48592317522121,0.247442533042,24.7442533042,0.003074262608887904,0.3074262608887904,0.003074262608887904,0.004303967652443065,scenario,carrageenan,944.3635826134152
0.5833333333333334,spinal_coord,4.072136706947525,0.990097724677,0.009902275323,0.3565133261804788,35.65133261804788,0.14531852668163844,14.531852668163845,0.24752443116925,24.752443116925,0.0028632593000047397,0.28632593000047396,0.0028632593000047397,0.004008563020006636,scenario,carrageenan,1101.7573463823185
0.6666666666666666,spinal_coord,4.177243151586833,0.990421745052,0.009578254948,0.3569618582635675,35.69618582635675,0.14580856266742334,14.580856266742334,0.247605436263,24.7605436263,0.0026889760313477144,0.26889760313477146,0.0026889760313477144,0.0037645664438867997,scenario,carrageenan,1259.15111015122
0.75,spinal_coord,4.2837127614519845,0.990744014545,0.009255985455,0.3574253255071672,35.742532550716724,0.14631909582788963,14.631909582788962,0.24768600363625,24.768600363625,0.0025426584639115925,0.25426584639115923,0.0025426584639115925,0.003559721849476229,scenario,carrageenan,1416.5448739201227
0.8333333333333334,spinal_coord,4.391233800224798,0.991057883336,0.008942116664,0.3578936510721925,35.789365107219254,0.14683890698425667,14.683890698425667,0.247764470834,24.7764470834,0.002418071278342652,0.24180712783426517,0.002418071278342652,0.0033852997896797123,scenario,carrageenan,1573.9386376890252
0.9166666666666666,spinal_coord,4.499473976855683,0.991364581572,0.008635418428,0.3583598118094736,35.835981180947364,0.14735822188863154,14.735822188863153,0.247841145393,24.7841145393,0.002310649789169003,0.23106497891690028,0.002310649789169003,0.003234909704836604,scenario,carrageenan,1731.3324014579284
1.0,spinal_coord,4.608081836764324,0.991664531108,0.008335468892,0.35881671859518516,35.88167185951852,0.1478674477575802,14.78674477575802,0.247916132777,24.7916132777,0.0022169731201958044,0.22169731201958043,0.0022169731201958044,0.003103762368274126,scenario,carrageenan,1888.726165226831
1.0833333333333333,spinal_coord,4.716688387117371,0.991960315732,0.008039684268,0.3587403980052421,35.87403980052421,0.14766709209632278,14.766709209632278,0.247990078933,24.7990078933,0.002099398082152921,0.2099398082152921,0.002099398082152921,0.002939157315014089,scenario,carrageenan,2090.363235391676
1.1666666666666667,spinal_coord,4.824908949491855,0.99224870262,0.00775129738,0.35866258198855827,35.866258198855824,0.1474672084447444,14.74672084447444,0.248062175655,24.8062175655,0.00199803655447214,0.199803655447214,0.0019980365544721396,0.002797251176260995,scenario,carrageenan,2292.0003055565194
1.25,spinal_coord,4.9323452301184965,0.992529608638,0.007470391362,0.35857555348737996,35.857555348737996,0.14725753510383993,14.725753510383994,0.2481324021595,24.81324021595,0.0019095683102124885,0.19095683102124886,0.0019095683102124882,0.0026733956342974833,scenario,carrageenan,2493.6373757213637
1.3333333333333333,spinal_coord,5.038587594788179,0.992801686632,0.007198313368,0.3584716149406043,35.84716149406043,0.14702825771013914,14.702825771013913,0.248200421658,24.8200421658,0.001831480661766784,0.18314806617667842,0.001831480661766784,0.0025640729264734975,scenario,carrageenan,2695.27444588621
1.4166666666666667,spinal_coord,5.143217532447122,0.993064464782,0.006935535218,0.3583438500670181,35.83438500670181,0.14677031182869082,14.677031182869083,0.2482661161955,24.82661161955,0.001761836751959786,0.1761836751959786,0.0017618367519597858,0.0024665714527437,scenario,carrageenan,2896.9115160510532
1.5,spinal_coord,5.245810288552732,0.99331789349,0.00668210651,0.35818595140726106,35.8185951407261,0.1464753040463481,14.647530404634809,0.2483294733725,24.83294733725,0.0016991196110602684,0.16991196110602683,0.0016991196110602682,0.0023787674554843754,scenario,carrageenan,3098.5485862158966
1.5833333333333333,spinal_coord,5.345937646463428,0.993561704286,0.006438295714,0.3579919832136007,35.79919832136007,0.146135409522801,14.613540952280099,0.2483904260715,24.83904260715,0.0016421245820772467,0.16421245820772468,0.0016421245820772469,0.0022989744149081457,scenario,carrageenan,3300.185656380744
1.6666666666666667,spinal_coord,5.4431708325422745,0.993795856954,0.006204143046,0.35775653909868066,35.77565390986807,0.14574343314690752,14.574343314690752,0.2484489642385,24.84489642385,0.0015898834798453805,0.15898834798453804,0.0015898834798453805,0.0022258368717835327,scenario,carrageenan,3501.8227265455894
1.75,spinal_coord,5.537083518314258,0.994019952568,0.005980047432,0.35747452840758287,35.747452840758285,0.14529272035411045,14.529272035411045,0.248504988142,24.8504988142,0.0015416100781380497,0.15416100781380498,0.0015416100781380497,0.0021582541093932697,scenario,carrageenan,3703.4597967104282
1.8333333333333333,spinal_coord,5.627254890976207,0.994233037994,0.005766962006,0.35714110551834216,35.71411055183422,0.1447771280264562,14.47771280264562,0.2485582594985,24.85582594985,0.001496660241060286,0.1496660241060286,0.001496660241060286,0.0020953243374844,scenario,carrageenan,3905.0968668752735
1.9166666666666667,spinal_coord,5.71327276185827,0.994435072003,0.005564927997,0.3567521966787694,35.67521966787694,0.14419123823735921,14.419123823735921,0.24860876800075,24.860876800074998,0.0014545023032395332,0.14545023032395332,0.001454502303239533,0.002036303224535346,scenario,carrageenan,4106.733937040122
2.0,spinal_coord,5.79473668111376,0.994626054595,0.005373945405,0.3563041859363011,35.63041859363011,0.14353022971673476,14.353022971673477,0.24865651364875,24.865651364875,0.0014146947463621838,0.1414694746362184,0.0014146947463621838,0.0019805726449070573,scenario,carrageenan,4308.371007204964
2.0833333333333335,spinal_coord,5.871261026001631,0.994805985772,0.005194014228,0.35827466350759707,35.82746635075971,0.14609755608612943,14.609755608612943,0.248701496443,24.8701496443,0.0014559172647942542,0.14559172647942542,0.0014559172647942542,0.002038284170711956,scenario,carrageenan,4232.180864235795
2.1666666666666665,spinal_coord,5.942478029647724,0.994974688332,0.005025311668,0.36017411447551173,36.017411447551176,0.14857392319001567,14.857392319001567,0.248743672083,24.8743672083,0.001497121865101472,0.1497121865101472,0.001497121865101472,0.0020959706111420605,scenario,carrageenan,4155.990721266625
2.25,spinal_coord,6.008040717145969,0.995130389407,0.004869610593,0.36199605350938746,36.19960535093875,0.15095127487684995,15.095127487684994,0.24878259735175,24.878259735175,0.0015382191442212245,0.15382191442212245,0.0015382191442212248,0.0021535068019097143,scenario,carrageenan,4079.800578297462
2.3333333333333335,spinal_coord,6.067625716299092,0.995272631823,0.004727368177,0.36373473548732965,36.37347354873297,0.15322210337543957,15.322210337543957,0.24881815795575,24.881815795574997,0.001579119943173236,0.1579119943173236,0.0015791199431732358,0.00221076792044253,scenario,carrageenan,4003.610435328291
2.4166666666666665,spinal_coord,6.120935911203403,0.995401415579,0.004598584421,0.3653848827173017,36.538488271730166,0.15537937176340225,15.537937176340225,0.24885035389475,24.885035389475,0.0016197360658205173,0.16197360658205173,0.0016197360658205173,0.002267630492148724,scenario,carrageenan,3927.420292359122
2.5,spinal_coord,6.1677029082482795,0.995516740677,0.004483259323,0.3669415484231491,36.69415484231491,0.15741648433853214,15.741648433853214,0.24887918516925,24.887918516925,0.0016599810205699555,0.16599810205699556,0.0016599810205699555,0.0023239734287979377,scenario,carrageenan,3851.230149389952
2.5833333333333335,spinal_coord,6.20768928591488,0.995618607322,0.004381392678,0.3684001426134115,36.840014261341146,0.15932732104388198,15.932732104388197,0.2489046518305,24.89046518305,0.001699770780050514,0.1699770780050514,0.001699770780050514,0.0023796790920707195,scenario,carrageenan,3775.040006420782
2.6666666666666665,spinal_coord,6.24069060199884,0.995708866056,0.004291133944,0.3697571425345765,36.975714253457646,0.1611065680274353,16.11065680274353,0.248927216514,24.8927216514,0.0017390245537370734,0.17390245537370733,0.0017390245537370734,0.0024346343752319026,scenario,carrageenan,3698.8498634516154
2.75,spinal_coord,6.266537134519047,0.995789290756,0.004210709244,0.37100940705560886,37.10094070556089,0.16274944582214515,16.274944582214516,0.248947322689,24.8947322689,0.0017776655685170343,0.17776655685170342,0.0017776655685170343,0.0024887317959238478,scenario,carrageenan,3622.6597204824493
2.8333333333333335,spinal_coord,6.285095335572587,0.995859881423,0.004140118577,0.37215355861155075,37.215355861155075,0.1642514510077343,16.42514510077343,0.24896497035575,24.896497035575,0.0018156218523324471,0.18156218523324472,0.0018156218523324471,0.002541870593265426,scenario,carrageenan,3546.4695775132764
2.9166666666666665,spinal_coord,6.296268980711405,0.995920806995,0.004079193005,0.37318671640134804,37.3186716401348,0.16560868620346403,16.560868620346405,0.24898020174875,24.898020174875,0.0018528270162796077,0.18528270162796076,0.0018528270162796077,0.0025939578227914505,scenario,carrageenan,3470.2794345441116
3.0,spinal_coord,6.3,0.995973988379,0.004026011621,0.3741071054726385,37.41071054726385,0.16681814450385127,16.681814450385126,0.24899349709475,24.899349709475,0.001889221030917625,0.1889221030917625,0.0018892210309176254,0.0026449094432846754,scenario,carrageenan,3394.0892915749437
3.0833333333333335,spinal_coord,6.296268980711405,0.996019967382,0.003980032618,0.37491289628990887,37.491289628990884,0.16787720592587851,16.787720592587853,0.2490049918455,24.90049918455,0.001924750993034007,0.1924750993034007,0.0019247509930340068,0.0026946513902476096,scenario,carrageenan,3317.89914860577
3.1666666666666665,spinal_coord,6.285095335572587,0.996058744002,0.003941255998,0.37560252272694594,37.5602522726946,0.16878378230192786,16.878378230192787,0.2490146860005,24.90146860005,0.001959371879746345,0.1959371879746345,0.001959371879746345,0.0027431206316448826,scenario,carrageenan,3241.7090056366014
3.25,spinal_coord,6.266537134519047,0.996090796828,0.003909203172,0.37617507215435475,37.617507215435474,0.1695364972631397,16.953649726313973,0.249022699207,24.9022699207,0.0019930472875921996,0.19930472875921995,0.001993047287592199,0.0027902662026290785,scenario,carrageenan,3165.518862667436
3.3333333333333335,spinal_coord,6.24069060199884,0.996117484779,0.003882515221,0.3766304431170768,37.66304431170768,0.17013476256310237,17.013476256310238,0.24902937119475,24.902937119475,0.0020257501551835984,0.20257501551835982,0.0020257501551835984,0.0028360502172570376,scenario,carrageenan,3089.328719698264
3.4166666666666665,spinal_coord,6.20768928591488,0.996138890875,0.003861109125,0.376968532844341,37.6968532844341,0.17057841350078803,17.057841350078803,0.24903472271875,24.903472271875,0.0020574634690894537,0.2057463469089454,0.002057463469089454,0.0028804488567252358,scenario,carrageenan,3013.138576729098
3.5,spinal_coord,6.1677029082482795,0.996155015488,0.003844984512,0.37718968661833996,37.718968661834,0.17086791032845322,17.086791032845323,0.249038753872,24.9038753872,0.0020881809538726977,0.20881809538726975,0.0020881809538726972,0.0029234533354217758,scenario,carrageenan,2936.9484337599306
3.5833333333333335,spinal_coord,6.120935911203403,0.996166117143,0.003833882857,0.37729482515200485,37.72948251520049,0.17100439448833987,17.10043944883399,0.24904152928575,24.904152928574998,0.0021179077486670715,0.21179077486670717,0.0021179077486670715,0.0029650708481339,scenario,carrageenan,2860.7582907907613
3.6666666666666665,spinal_coord,6.067625716299092,0.996172845017,0.003827154983,0.37728549114702825,37.72854911470282,0.17098970652370432,17.098970652370433,0.24904321125425,24.904321125425,0.0021466610743555237,0.21466610743555237,0.0021466610743555237,0.003005325504097733,scenario,carrageenan,2784.568147821592
3.75,spinal_coord,6.008040717145969,0.996175825951,0.003824174049,0.377163686751405,37.7163686751405,0.17082630701820667,17.082630701820666,0.24904395648775,24.904395648774997,0.0021744708973389245,0.21744708973389246,0.0021744708973389245,0.003044259256274494,scenario,carrageenan,2708.378004852423
3.8333333333333335,spinal_coord,5.942478029647724,0.996175686788,0.003824313212,0.376931873634691,37.6931873634691,0.17051726925025468,17.051726925025466,0.249043921697,24.9043921697,0.0022013805981019223,0.22013805981019224,0.0022013805981019223,0.003081932837342691,scenario,carrageenan,2632.1878618832543
3.9166666666666665,spinal_coord,5.871261026001631,0.996173056889,0.003826943111,0.37659296353603433,37.65929635360343,0.17006626575171238,17.00662657517124,0.24904326422225,24.904326422225,0.0022274476553466012,0.22274476553466013,0.002227447655346601,0.003118426717485241,scenario,carrageenan,2555.997718914087
4.0,spinal_coord,5.79473668111376,0.996168722333,0.003831277667,0.37615036404862867,37.61503640486287,0.1694775779538382,16.94775779538382,0.24904218058325,24.904218058325,0.0022527443594460373,0.22527443594460372,0.0022527443594460373,0.003153842103224452,scenario,carrageenan,2479.807575944918
4.083333333333333,spinal_coord,5.71327276185827,0.996163468363,0.003836531637,0.37516761709679053,37.51676170967905,0.16816900000805404,16.816900000805404,0.24904086709075,24.904086709075,0.0022509504523417854,0.22509504523417853,0.0022509504523417854,0.0031513306332784994,scenario,carrageenan,2438.9362655336104
4.166666666666667,spinal_coord,5.627254890976207,0.996158010702,0.003841989298,0.3740878562402195,37.40878562402195,0.16673113808629264,16.673113808629264,0.2490395026755,24.90395026755,0.002247293057690335,0.22472930576903352,0.0022472930576903347,0.0031462102807664686,scenario,carrageenan,2398.064955122302
4.25,spinal_coord,5.537083518314258,0.996153065071,0.003846934929,0.3729164487014168,37.29164487014168,0.16517090991155578,16.517090991155577,0.24903826626775,24.903826626775,0.0022418566389452352,0.22418566389452352,0.0022418566389452357,0.00313859929452333,scenario,carrageenan,2357.193644710993
4.333333333333333,spinal_coord,5.443170832542275,0.996149313137,0.003850686863,0.3716590894681295,37.16590894681295,0.163495681578506,16.349568157850598,0.24903732828425,24.903732828425,0.0022347351895629897,0.22347351895629897,0.0022347351895629893,0.003128629265388185,scenario,carrageenan,2316.3223342996853
4.416666666666667,spinal_coord,5.345937646463428,0.996146594479,0.003853405521,0.3703214728993321,37.03214728993321,0.1617130990394428,16.17130990394428,0.24903664861975,24.903664861975,0.0022260316211560986,0.22260316211560988,0.0022260316211560986,0.003116444269618538,scenario,carrageenan,2275.4510238883763
4.5,spinal_coord,5.245810288552732,0.996144913356,0.003855086644,0.36890964114650293,36.890964114650295,0.15983121707667058,15.983121707667058,0.249036228339,24.9036228339,0.0022158571012219404,0.22158571012219405,0.00221585710122194,0.003102199941710716,scenario,carrageenan,2234.5797134770683
4.583333333333333,spinal_coord,5.143217532447123,0.996144547097,0.003855452903,0.3674299910108836,36.74299910108836,0.15785847231551142,15.785847231551141,0.24903613677425,24.903613677425,0.0022043303487158552,0.22043303487158553,0.0022043303487158552,0.003086062488202197,scenario,carrageenan,2193.70840306576
4.666666666666667,spinal_coord,5.038587594788179,0.996145773035,0.003854226965,0.36588913746018414,36.58891374601841,0.1558035922685789,15.58035922685789,0.24903644325875,24.903644325875,0.002191576896159142,0.2191576896159142,0.002191576896159142,0.0030682076546227986,scenario,carrageenan,2152.8370926544526
4.75,spinal_coord,4.9323452301184965,0.996148826446,0.003851173554,0.36429386213723103,36.429386213723106,0.15367554070097467,15.367554070097466,0.2490372066115,24.90372066115,0.002177728327288894,0.21777283272888942,0.002177728327288894,0.003048819658204452,scenario,carrageenan,2111.965782243143
4.833333333333333,spinal_coord,4.824908949491855,0.996153387464,0.003846612536,0.3626508891639776,36.26508891639776,0.15148338973063682,15.148338973063682,0.249038346866,24.9038346866,0.002162921499466217,0.21629214994662171,0.002162921499466217,0.0030280900992527035,scenario,carrageenan,2071.094471831836
4.916666666666667,spinal_coord,4.716688387117371,0.996159325123,0.003840674877,0.36096712031539885,36.09671203153989,0.14923638537953182,14.923638537953183,0.24903983128075,24.903983128074998,0.002147297760164081,0.21472977601640808,0.002147297760164081,0.003006216864229713,scenario,carrageenan,2030.223161420527
5.0,spinal_coord,4.608081836764324,0.996166640802,0.003833359198,0.35924957293368687,35.924957293368685,0.14694388364424918,14.694388364424919,0.2490416602005,24.90416602005,0.0021310021668594355,0.21310021668594353,0.0021310021668594355,0.0029834030336032095,scenario,carrageenan,1989.3518510092192
5.083333333333333,spinal_coord,4.499473976855683,0.996175335879,0.003824664121,0.3575052902911899,35.75052902911899,0.14461527509525318,14.461527509525318,0.24904383396975,24.904383396975,0.002114182719561964,0.2114182719561964,0.0021141827195619643,0.00295985580738675,scenario,carrageenan,1948.4805405979105
5.166666666666667,spinal_coord,4.391233800224797,0.996185373725,0.003814626275,0.35574128652908193,35.57412865290819,0.14225992413044256,14.225992413044256,0.24904634343125,24.904634343125,0.0020969896150314286,0.20969896150314285,0.0020969896150314286,0.002935785461044,scenario,carrageenan,1907.6092301866024
5.25,spinal_coord,4.2837127614519845,0.996196464229,0.003803535771,0.35396442887382895,35.3964428873829,0.13988708375543857,13.988708375543856,0.24904911605725,24.904911605725,0.002079574531476381,0.20795745314763808,0.002079574531476381,0.002911404344066933,scenario,carrageenan,1866.7379197752948
5.333333333333333,spinal_coord,4.177243151586833,0.996208546694,0.003791453306,0.35218156940931744,35.21815694093174,0.13750591031442325,13.750591031442324,0.2490521366735,24.90521366735,0.002062089952200124,0.2062089952200124,0.002062089952200124,0.0028869259330801733,scenario,carrageenan,1825.8666093639858
5.416666666666667,spinal_coord,4.072136706947524,0.99622162112,0.00377837888,0.35039944323070693,35.03994432307069,0.1351253839342759,13.51253839342759,0.24905540528,24.905540528,0.0020446885362780604,0.20446885362780604,0.002044688536278061,0.002862563950789285,scenario,carrageenan,1784.9952989526778
5.5,spinal_coord,3.968683455617941,0.996235687507,0.003764312493,0.34862460741035156,34.86246074103516,0.1327542473781354,13.275424737813541,0.24905892187675,24.905892187675,0.002027522543928131,0.2027522543928131,0.002027522543928131,0.0028385315614993835,scenario,carrageenan,1744.1239885413688
5.583333333333333,spinal_coord,3.8671508022817083,0.996250745854,0.003749254146,0.34686340340503624,34.68634034050363,0.1304009559220483,13.040095592204832,0.2490626864635,24.90626864635,0.002010743323788812,0.2010743323788812,0.002010743323788812,0.0028150406533043364,scenario,carrageenan,1703.2526781300614
5.666666666666667,spinal_coord,3.7677828491809056,0.996266796163,0.003733203837,0.3451219215548583,34.512192155485835,0.12807363001881109,12.807363001881109,0.24906669904075,24.906669904075,0.001994500868864288,0.1994500868864288,0.001994500868864288,0.002792301216410003,scenario,carrageenan,1662.381367718752
5.75,spinal_coord,3.6707999483031655,0.996283838432,0.003716161568,0.34340596807947144,34.34059680794714,0.12578001129529526,12.578001129529525,0.249070959608,24.9070959608,0.0019789434474524453,0.19789434474524453,0.0019789434474524453,0.0027705208264334233,scenario,carrageenan,1621.510057307445
5.833333333333333,spinal_coord,3.576398477416798,0.996301872662,0.003698127338,0.34172103496237505,34.172103496237504,0.12352742239583342,12.352742239583343,0.2490754681655,24.90754681655,0.0019642173149584637,0.19642173149584638,0.001964217314958464,0.0027499042409418494,scenario,carrageenan,1580.6387468961361
5.916666666666667,spinal_coord,3.4847508303171653,0.99632052053,0.00367947947,0.3400721439258969,34.00721439258969,0.1213226850578625,12.13226850578625,0.2490801301325,24.90801301325,0.0019504665121362985,0.19504665121362985,0.0019504665121362987,0.002730653116990818,scenario,carrageenan,1539.767436484828
6.0,spinal_coord,3.3960056096409037,0.996339125417,0.003660874583,0.33846386010934926,33.84638601093493,0.119172105006799,11.9172105006799,0.24908478135425,24.908478135425,0.0019378327550158717,0.19378327550158717,0.0019378327550158717,0.00271296585702222,scenario,carrageenan,1498.8961260735196
6.083333333333333,spinal_coord,3.310288008864805,0.996357675583,0.003642324417,0.33690058664447015,33.690058664447015,0.1170815569982935,11.708155699829351,0.24908941889575,24.908941889575,0.0019264554215902402,0.19264554215902402,0.00192645542159024,0.002697037590226336,scenario,carrageenan,1458.0248156622117
6.166666666666667,spinal_coord,3.2277003686447716,0.996376171028,0.003623828972,0.33538633062804185,33.53863306280419,0.1150563838280558,11.50563838280558,0.249094042757,24.909404275700002,0.0019164716402825636,0.19164716402825635,0.0019164716402825636,0.0026830602963955888,scenario,carrageenan,1417.1535052509032
6.25,spinal_coord,3.1483228914732764,0.996394611753,0.003605388247,0.33392468748014625,33.39246874801462,0.11310137938919504,11.310137938919503,0.24909865293825,24.909865293825,0.001908016485317951,0.1908016485317951,0.0019080164853179512,0.0026712230794451314,scenario,carrageenan,1376.282194839595
6.333333333333333,spinal_coord,3.072214497742374,0.996412997758,0.003587002242,0.3325188334602355,33.25188334602355,0.11122077869431395,11.122077869431395,0.2491032494395,24.91032494395,0.001901223284425403,0.1901223284425403,0.0019012232844254032,0.0026617125981955644,scenario,carrageenan,1335.4108844282864
6.416666666666667,spinal_coord,2.9994138056896853,0.996430963428,0.003569036572,0.33117140078915913,33.11714007891592,0.10941821324287887,10.941821324287886,0.249107740857,24.910774085699998,0.0018962240448300793,0.18962240448300793,0.0018962240448300793,0.0026547136627621108,scenario,carrageenan,1294.5395740169781
6.5,spinal_coord,2.9299402173685154,0.996447860121,0.003552139879,0.32988450804064917,32.98845080406492,0.10769672401386561,10.769672401386561,0.24911196503025,24.911196503025,0.0018931500043130507,0.18931500043130506,0.0018931500043130505,0.0026504100060382703,scenario,carrageenan,1253.6682636056705
6.583333333333333,spinal_coord,2.863795092708119,0.99646367533,0.00353632467,0.328660069401095,32.8660069401095,0.10605886742479331,10.605886742479331,0.2491159188325,24.91159188325,0.0018921323152703432,0.18921323152703431,0.0018921323152703432,0.00264898524137848,scenario,carrageenan,1212.796953194362
6.666666666666667,spinal_coord,2.8009629939001135,0.996478409054,0.003521590946,0.32749959384831817,32.74995938483182,0.1045066554464242,10.450665544642419,0.2491196022635,24.91196022635,0.001893302871263034,0.1893302871263034,0.0018933028712630343,0.0026506240197682477,scenario,carrageenan,1171.925642783054
6.75,spinal_coord,2.741412982743137,0.996492061292,0.003507938708,0.3264041927020105,32.64041927020105,0.10304156983868068,10.304156983868069,0.249123015323,24.9123015323,0.0018967952875982897,0.18967952875982896,0.00189679528759829,0.002655513402637606,scenario,carrageenan,1131.0543323717457
6.833333333333333,spinal_coord,2.685099954178626,0.996504632046,0.003495367954,0.32537459450975315,32.53745945097531,0.10166458199767082,10.166458199767083,0.2491261580115,24.91261580115,0.0019027460501205044,0.19027460501205043,0.0019027460501205044,0.002663844470168706,scenario,carrageenan,1090.1830219604378
6.916666666666667,spinal_coord,2.631965990032673,0.996515711966,0.003484288034,0.32441102949537776,32.44110294953778,0.10037613533850369,10.037613533850369,0.2491289279915,24.91289279915,0.0019112958497519168,0.19112958497519167,0.0019112958497519168,0.002675814189652683,scenario,carrageenan,1049.3117115491295
7.0,spinal_coord,2.5819417179174344,0.996524558763,0.003475441237,0.32351327639133726,32.35132763913373,0.09917618226744968,9.917618226744967,0.24913113969075,24.913113969075,0.0019225911245677081,0.1922591124567708,0.0019225911245677083,0.0026916275743947915,scenario,carrageenan,1008.4404011378208
7.083333333333333,spinal_coord,2.534947661315062,0.996531157042,0.003468842958,0.32268102899492673,32.268102899492675,0.09806431964590229,9.806431964590228,0.2491327892605,24.91327892605,0.0019367858365329398,0.193678583653294,0.0019367858365329398,0.0027115001711461154,scenario,carrageenan,967.5690907265131
7.166666666666667,spinal_coord,2.490895568041654,0.996535506801,0.003464493199,0.3219136869816147,32.19136869816147,0.09703974704181961,9.703974704181961,0.24913387670025,24.913387670025,0.0019540435167406415,0.19540435167406414,0.0019540435167406415,0.002735660923436898,scenario,carrageenan,926.6977803152042
7.25,spinal_coord,2.4496897055427063,0.996537608042,0.003462391958,0.3212103761208253,32.12103761208253,0.09610129881376707,9.610129881376707,0.2491344020105,24.91344020105,0.0019745396214272937,0.19745396214272937,0.0019745396214272937,0.002764355469998211,scenario,carrageenan,885.826469903896
7.333333333333333,spinal_coord,2.411228112779916,0.996537460765,0.003462539235,0.32056997441448265,32.05699744144827,0.09524747896431017,9.524747896431016,0.24913436519125,24.913436519125,0.0019984642516704307,0.19984642516704307,0.001998464251670431,0.0027978499523386036,scenario,carrageenan,844.9551594925883
7.416666666666667,spinal_coord,2.375403799808154,0.996534920503,0.003465079497,0.31999109236874435,31.999109236874435,0.09447648299065917,9.447648299065916,0.24913373012575,24.913373012575,0.0020260253031091557,0.20260253031091557,0.0020260253031091557,0.0028364354243528176,scenario,carrageenan,804.0838490812793
7.5,spinal_coord,2.342105887488379,0.996529564512,0.003470435488,0.31947205728961925,31.947205728961926,0.09378622154882565,9.378622154882565,0.249132391128,24.9132391128,0.0020574521290926476,0.20574521290926476,0.0020574521290926476,0.0028804329807297063,scenario,carrageenan,763.2125386699717
7.583333333333333,spinal_coord,2.3112206811165255,0.996521110816,0.003478889184,0.31901107462324485,31.901107462324486,0.09317439589232644,9.317439589232643,0.249130277704,24.9130277704,0.0020929998224544295,0.20929998224544297,0.0020929998224544295,0.002930199751436201,scenario,carrageenan,722.3412282586631
7.666666666666667,spinal_coord,2.282632673051081,0.996509282082,0.003490717918,0.3186062100632753,31.860621006327527,0.09263851939036706,9.263851939036707,0.2491273205205,24.91273205205,0.0021329542491186973,0.21329542491186973,0.0021329542491186973,0.002986135948766176,scenario,carrageenan,681.4699178473547
7.75,spinal_coord,2.25622547067654,0.996493800974,0.003506199026,0.3182554133049042,31.82554133049042,0.09217595074853895,9.217595074853895,0.2491234502435,24.91234502435,0.002177638002997022,0.2177638002997022,0.0021776380029970223,0.003048693204195831,scenario,carrageenan,640.5986074360464
7.833333333333333,spinal_coord,2.231882647231678,0.996474390158,0.003525609842,0.3179565423047354,31.79565423047354,0.09178392635364724,9.178392635364723,0.2491185975395,24.91185975395,0.0022274174989169583,0.22274174989169582,0.0022274174989169583,0.0031183844984837414,scenario,carrageenan,599.7272970247387
7.916666666666667,spinal_coord,2.2094885141485725,0.996450772299,0.003549227701,0.31770738634367224,31.770738634367223,0.09145959102522963,9.145959102522964,0.24911269307475,24.911269307475,0.002282711482508528,0.22827114825085282,0.002282711482508528,0.003195796075511939,scenario,carrageenan,558.8559866134302
8.0,spinal_coord,2.188928814580652,0.996422670062,0.003577329938,0.31750568772865795,31.750568772865794,0.09120002695087724,9.120002695087724,0.2491056675155,24.91056675155,0.0023440013184850414,0.23440013184850414,0.002344001318485042,0.0032816018458790585,scenario,carrageenan,517.984676202122
8.083333333333334,spinal_coord,2.1700913387383176,0.99639069748,0.00360930252,0.31700572352404927,31.700572352404926,0.09054406553873237,9.054406553873237,0.24909767437,24.909767437,0.0023338557251872108,0.23338557251872108,0.0023338557251872108,0.003267398015262095,scenario,carrageenan,513.1930574515127
8.166666666666666,spinal_coord,2.152866462493559,0.996359793109,0.003640206891,0.31655067283682803,31.655067283682804,0.08994763274610401,8.994763274610401,0.24908994827725,24.908994827725,0.002325359962219171,0.2325359962219171,0.002325359962219171,0.0032555039471068394,scenario,carrageenan,508.401438700903
8.25,spinal_coord,2.1371476114572756,0.996333113403,0.003666886597,0.31613876453130013,31.613876453130015,0.08940731490740018,8.940731490740019,0.24908327835075,24.908327835075,0.0023184202604120525,0.23184202604120524,0.002318420260412053,0.003245788364576874,scenario,carrageenan,503.60981995029357
8.333333333333334,spinal_coord,2.1228316533735665,0.996309200391,0.003690799609,0.31576682086843333,31.576682086843334,0.0889193610275778,8.89193610275778,0.24907730009775,24.907730009775,0.0023129449348483935,0.23129449348483935,0.0023129449348483935,0.0032381229087877507,scenario,carrageenan,498.8182011996841
8.416666666666666,spinal_coord,2.109819222214542,0.996287444778,0.003712555222,0.3154320092696711,31.543200926967106,0.08848019743356145,8.848019743356145,0.2490718611945,24.90718611945,0.0023088447877251893,0.23088447877251894,0.0023088447877251893,0.003232382702815265,scenario,carrageenan,494.0265824490746
8.5,spinal_coord,2.098014977799533,0.996267500944,0.003732499056,0.3151316667014512,31.51316667014512,0.08808638862060165,8.808638862060166,0.249066875236,24.9066875236,0.0023060334508246873,0.23060334508246874,0.0023060334508246878,0.0032284468311545625,scenario,carrageenan,489.23496369846515
8.583333333333334,spinal_coord,2.0873278051074236,0.996249047027,0.003750952973,0.31486323252436027,31.486323252436026,0.087734627690147,8.773462769014701,0.24906226175675,24.906226175675002,0.0023044276703157235,0.23044276703157235,0.0023044276703157235,0.003226198738442013,scenario,carrageenan,484.44334494785573
8.666666666666666,spinal_coord,2.0776709577050596,0.996231892902,0.003768107098,0.3146242898116065,31.46242898116065,0.08742175544814206,8.742175544814206,0.2490579732255,24.90579732255,0.002303947536993796,0.2303947536993796,0.002303947536993796,0.0032255265517913143,scenario,carrageenan,479.6517261972462
8.75,spinal_coord,2.0689621498840074,0.996215843169,0.003784156831,0.31441252748301374,31.441252748301373,0.087144755587685,8.7144755587685,0.24905396079225,24.905396079225,0.0023045166653730934,0.23045166653730934,0.002304516665373094,0.003226323331522331,scenario,carrageenan,474.8601074466367
8.833333333333334,spinal_coord,2.061123602188969,0.996200746225,0.003799253775,0.31422575973084965,31.422575973084964,0.0869007642327995,8.69007642327995,0.24905018655625,24.905018655625,0.0023060623252720213,0.23060623252720214,0.0023060623252720213,0.0032284872553808297,scenario,carrageenan,470.06848869602726
8.916666666666666,spinal_coord,2.054082045040952,0.996186431062,0.003813568938,0.3140619085355451,31.40619085355451,0.08668706769339346,8.668706769339346,0.2490466077655,24.90466077655,0.0023085155296902896,0.23085155296902896,0.00230851552969029,0.003231921741566406,scenario,carrageenan,465.276869945418
9.0,spinal_coord,2.047768685114442,0.996172715248,0.003827284752,0.3139190073602094,31.39190073602094,0.0865011047309459,8.650110473094589,0.249043178812,24.9043178812,0.0023118110828655924,0.23118110828655924,0.0023118110828655924,0.003236535516011829,scenario,carrageenan,460.4852511948082
9.083333333333334,spinal_coord,2.0421191390279962,0.996159422077,0.003840577923,0.3137952065469939,31.379520654699387,0.08634046803699184,8.634046803699185,0.24903985551925,24.903985551925,0.002315887592427271,0.2315887592427271,0.0023158875924272713,0.0032422426293981796,scenario,carrageenan,455.6936324441987
9.166666666666666,spinal_coord,2.0370733387596878,0.996146491522,0.003853508478,0.3136888072074844,31.368880720748436,0.08620291243597915,8.620291243597915,0.2490366228805,24.90366228805,0.00232068744953937,0.23206874495393698,0.0023206874495393702,0.003248962429355118,scenario,carrageenan,450.9020136935895
9.25,spinal_coord,2.0325754130103175,0.996133842548,0.003866157452,0.313598215888764,31.3598215888764,0.08608634033568541,8.60863403356854,0.249033460637,24.9033460637,0.0023261567808524996,0.23261567808524997,0.0023261567808524996,0.003256619493193499,scenario,carrageenan,446.11039494298
9.333333333333334,spinal_coord,2.028573548515788,0.996121361577,0.003878638423,0.31352193827029745,31.352193827029744,0.08598879716806326,8.598879716806326,0.24903034039425,24.903034039425002,0.0023322453759695603,0.23322453759695602,0.00233224537596956,0.0032651435263573838,scenario,carrageenan,441.31877619237054
9.416666666666666,spinal_coord,2.025019835062549,0.996108936474,0.003891063526,0.3134585865480829,31.34585865480829,0.08590846990611055,8.590846990611055,0.2490272341185,24.90272341185,0.0023389065939809404,0.23389065939809403,0.002338906593980941,0.003274469231573317,scenario,carrageenan,436.52715744176083
9.5,spinal_coord,2.0218700976933546,0.996096530446,0.003903469554,0.3134068988419538,31.340689884195378,0.08584368830727168,8.584368830727168,0.2490241326115,24.90241326115,0.0023460972524465993,0.23460972524465992,0.0023460972524465993,0.003284536153425239,scenario,carrageenan,431.73553869115165
9.583333333333334,spinal_coord,2.0190837193108817,0.996084108563,0.003915891437,0.3133657118116886,31.33657118116886,0.08579291289458475,8.579291289458475,0.24902102714075,24.902102714075,0.0023537775020014765,0.23537775020014765,0.0023537775020014765,0.003295288502802067,scenario,carrageenan,426.94391994054183
9.666666666666666,spinal_coord,2.016623456599733,0.996071605922,0.003928394078,0.31333394608488147,31.333394608488145,0.08575472613917529,8.575472613917528,0.2490179014805,24.901790148049997,0.0023619106895425026,0.23619106895425027,0.0023619106895425026,0.0033066749653595036,scenario,carrageenan,422.1523011899327
9.75,spinal_coord,2.0144552518981085,0.996058957721,0.003941042279,0.313310610939926,31.331061093992602,0.08572782867956805,8.572782867956805,0.24901473943025,24.901473943025,0.002370463212725537,0.2370463212725537,0.002370463212725537,0.0033186484978157517,scenario,carrageenan,417.36068243932317
9.833333333333334,spinal_coord,2.012548043363424,0.996046138556,0.003953861444,0.31329481174225116,31.329481174225116,0.08571103613766823,8.571103613766823,0.249011534639,24.9011534639,0.0023794043682633416,0.23794043682633415,0.002379404368263341,0.0033311661155686774,scenario,carrageenan,412.5690636887134
9.916666666666666,spinal_coord,2.010873575495326,0.996033136014,0.003966863986,0.3132857366427895,31.328573664278952,0.08570327018571934,8.570327018571934,0.2490082840035,24.90082840035,0.002388706196275892,0.23887061962758918,0.002388706196275892,0.0033441886747862483,scenario,carrageenan,407.77744493810417
10.0,spinal_coord,2.0094062118081863,0.99601991478,0.00398008522,0.3132826402878158,31.32826402878158,0.08570354879042104,8.570354879042103,0.249004978695,24.9004978695,0.0023983433227054555,0.23983433227054554,0.002398343322705455,0.003357680651787637,scenario,carrageenan,402.9858261874945
10.083333333333334,spinal_coord,2.0081227511859554,0.996006439538,0.003993560462,0.3132848460661921,31.328484606619213,0.08571098157558951,8.571098157558952,0.2490016098845,24.90016098845,0.002408292801574402,0.2408292801574402,0.002408292801574402,0.0033716099222041627,scenario,carrageenan,398.19420743688516
10.166666666666666,spinal_coord,2.0070022492074373,0.995992676876,0.004007323124,0.313291741842143,31.3291741842143,0.08572476349752399,8.5724763497524,0.248998169219,24.8998169219,0.0024185339586365383,0.24185339586365381,0.0024185339586365383,0.0033859475420911535,scenario,carrageenan,393.40258868627586
10.25,spinal_coord,2.006025845501207,0.995978616117,0.004021383883,0.313302781769882,31.3302781769882,0.08574417032084268,8.574417032084268,0.24899465402925,24.899465402925,0.0024290482377550705,0.24290482377550704,0.002429048237755071,0.003400667532857099,scenario,carrageenan,388.61096993566633
10.333333333333334,spinal_coord,2.005176597977761,0.995964257252,0.004035742748,0.31331747792053316,31.331747792053317,0.08576855147671086,8.576855147671086,0.248991064313,24.899106431299998,0.002439819051134162,0.24398190511341622,0.002439819051134162,0.003415746671587827,scenario,carrageenan,383.81935118505675
10.416666666666666,spinal_coord,2.0044393245927643,0.995949600279,0.004050399721,0.31333539253443127,31.333539253443128,0.08579732328624166,8.579732328624166,0.24898740006975,24.898740006975,0.0024508316343377834,0.24508316343377834,0.002450831634337783,0.003431164288072896,scenario,carrageenan,379.0277324344472
10.5,spinal_coord,2.003800453119821,0.9959346452,0.0040653548,0.3133561338277164,31.335613382771637,0.08582996337028849,8.582996337028849,0.2489836613,24.89836613,0.0024620729068503475,0.24620729068503475,0.002462072906850347,0.0034469020695904857,scenario,carrageenan,374.2361136838378
10.583333333333334,spinal_coord,2.0032478792540336,0.995919392014,0.004080607986,0.3133793520132367,31.33793520132367,0.0858660053463156,8.58660053463156,0.2489798480035,24.897984800350002,0.0024735313387690265,0.24735313387690264,0.002473531338769027,0.003462943874276637,scenario,carrageenan,369.44449493322844
10.666666666666666,spinal_coord,2.002770833228445,0.99590384072,0.00409615928,0.3134047355491533,31.34047355491533,0.08590503382553773,8.590503382553774,0.24897596018,24.897596018,0.0024851968240681417,0.24851968240681416,0.0024851968240681417,0.003479275553695398,scenario,carrageenan,364.65287618261897
10.75,spinal_coord,2.002359755003758,0.99588799132,0.00411200868,0.31343200761706996,31.343200761706996,0.08594667971609327,8.594667971609326,0.24897199783,24.897199783,0.002497060560741637,0.24970605607416368,0.0024970605607416373,0.003495884785038292,scenario,carrageenan,359.86125743200944
10.833333333333334,spinal_coord,2.002006177986741,0.995871842771,0.004128157229,0.3134609225003672,31.346092250036723,0.08599061574348962,8.599061574348962,0.24896796069275,24.896796069275002,0.0025091149380101732,0.25091149380101735,0.002509114938010173,0.003512760913214242,scenario,carrageenan,355.06963868139985
10.916666666666666,spinal_coord,2.0017026211435716,0.995855383192,0.004144616808,0.3134912594389698,31.349125943896983,0.08603655152129312,8.603655152129312,0.248963845798,24.8963845798,0.0025213534306745044,0.25213534306745045,0.002521353430674504,0.0035298948029443052,scenario,carrageenan,350.27801993079044
11.0,spinal_coord,2.001442489299981,0.995838609223,0.004161390777,0.3135228258855234,31.352282588552338,0.08608423143969787,8.608423143969787,0.24895965230575,24.895965230575,0.0025337705006058388,0.25337705006058386,0.0025337705006058388,0.003547278700848174,scenario,carrageenan,345.486401180181
11.083333333333334,spinal_coord,2.0012199813594136,0.995821520866,0.004178479134,0.31355545326540296,31.355545326540295,0.08613343073187062,8.613343073187062,0.2489553802165,24.895538021649998,0.0025463615052862916,0.25463615052862915,0.0025463615052862916,0.003564906107400808,scenario,carrageenan,340.6947824295713
11.166666666666666,spinal_coord,2.0010300061222193,0.995804118119,0.004195881881,0.31358899351225955,31.358899351225954,0.08618395197667937,8.618395197667937,0.24895102952975,24.895102952975,0.002559122613247298,0.25591226132472983,0.002559122613247298,0.003582771658546217,scenario,carrageenan,335.90316367896196
11.25,spinal_coord,2.000868105352084,0.995786400983,0.004213599017,0.3136233168681598,31.36233168681598,0.08623562216321311,8.62356221632131,0.24894660024575,24.894660024575,0.002572050726200263,0.2572050726200263,0.002572050726200263,0.003600871016680368,scenario,carrageenan,331.11154492835266
11.333333333333334,spinal_coord,2.000730383709214,0.995768369458,0.004231630542,0.3136583098733966,31.36583098733966,0.08628829001186213,8.628829001186213,0.2489420923645,24.89420923645,0.0025851434076107124,0.2585143407610712,0.002585143407610713,0.0036192007706549977,scenario,carrageenan,326.319926177743
11.416666666666666,spinal_coord,2.000613445152049,0.995750023544,0.004249976456,0.3136938735404441,31.36938735404441,0.08634182353925876,8.634182353925876,0.248937505886,24.8937505886,0.0025983988174337926,0.25983988174337924,0.0025983988174337926,0.003637758344407309,scenario,carrageenan,321.5283074271336
11.5,spinal_coord,2.0005143353993984,0.99573136324,0.00426863676,0.3137299216988642,31.37299216988642,0.08639610785181896,8.639610785181896,0.24893284081,24.893284081,0.00261181565270434,0.261181565270434,0.0026118156527043398,0.0036565419137860756,scenario,carrageenan,316.73668867652407
11.583333333333334,spinal_coord,2.000430490041749,0.995712391302,0.004287608698,0.3137663803699992,31.37663803699992,0.08645104339266564,8.645104339266565,0.2489280978255,24.89280978255,0.002625393093657631,0.2625393093657631,0.0026253930936576304,0.003675550331120682,scenario,carrageenan,311.94506992591465
11.666666666666666,spinal_coord,2.000359687893088,0.995693114043,0.004306885957,0.31380318667443563,31.380318667443564,0.08650654421824748,8.650654421824749,0.24892327851075,24.892327851075,0.0026391307550467365,0.26391307550467363,0.0026391307550467365,0.0036947830570654306,scenario,carrageenan,307.1534511753053
11.75,spinal_coord,2.000300009181943,0.995673531711,0.004326468289,0.31384028459266766,31.384028459266766,0.08656253555322353,8.656253555322353,0.24891838292775,24.891838292775002,0.002653028642317947,0.2653028642317947,0.002653028642317947,0.0037142400992451257,scenario,carrageenan,302.36183242469576
11.833333333333334,spinal_coord,2.000249798191642,0.995653644308,0.004346355692,0.31387762571815553,31.387762571815554,0.08661895285487407,8.661895285487407,0.248913411077,24.8913411077,0.0026670871123063255,0.26670871123063256,0.0026670871123063255,0.0037339219572288555,scenario,carrageenan,297.5702136740861
11.916666666666666,spinal_coord,2.000207629974168,0.995633451832,0.004366548168,0.3139151683701576,31.39151683701576,0.08667574054954347,8.667574054954347,0.248908362958,24.8908362958,0.002681306838118242,0.2681306838118242,0.002681306838118242,0.0037538295733655384,scenario,carrageenan,292.77859492347676
12.0,spinal_coord,2.0001722807787896,0.995612954285,0.004387045715,0.3139528767393977,31.39528767393977,0.08673285089086359,8.67328508908636,0.24890323857125,24.890323857125,0.002695688777875966,0.2695688777875966,0.0026956887778759654,0.0037739642890263513,scenario,carrageenan,287.9869761728673
0.0,ganglia,10.97395740207505,0.981666556969,0.018333443031,0.41118733665275786,41.11873366527578,0.34780075661761983,34.780075661761984,0.0981666556969,9.81666556969,0.00726282487613561,0.7262824876135611,0.007262824876135611,0.013073084777044101,scenario,carrageenan,0.001
0.08333333333333333,ganglia,11.165674382537093,0.982006268677,0.017993731323,0.3930256891381182,39.30256891381182,0.3275834025226868,32.75834025226868,0.09820062686770001,9.820062686770001,0.0034454945853366705,0.34454945853366703,0.0034454945853366705,0.006201890253606007,scenario,carrageenan,691.7974864062256
0.16666666666666666,ganglia,11.373500085314843,0.982624750993,0.017375249007,0.3777722779923144,37.77722779923144,0.31056644765890484,31.056644765890486,0.0982624750993,9.82624750993,0.002288265572926067,0.2288265572926067,0.002288265572926067,0.004118878031266921,scenario,carrageenan,1383.5939728124515
0.25,ganglia,11.593287973106035,0.983322322519,0.016677677481,0.3647464183897799,36.47464183897799,0.2960157623754221,29.60157623754221,0.0983322322519,9.83322322519,0.0017303235561679598,0.17303235561679597,0.00173032355616796,0.003114582401102328,scenario,carrageenan,2075.390459218677
0.3333333333333333,ganglia,11.8195919791379,0.984043348519,0.015956651481,0.35344787211796924,35.34478721179693,0.28338170807341023,28.338170807341022,0.0984043348519,9.840433485190001,0.0014021222648654393,0.14021222648654394,0.001402122264865439,0.00252382007675779,scenario,carrageenan,2767.1869456249033
0.4166666666666667,ganglia,12.045822253571044,0.984755043112,0.015244956888,0.34347327531439154,34.347327531439156,0.27221974555910167,27.221974555910165,0.0984755043112,9.84755043112,0.0011856702626957662,0.11856702626957662,0.001185670262695766,0.002134206472852379,scenario,carrageenan,3458.983432031125
0.5,ganglia,12.264518805967022,0.985449301467,0.014550698533,0.3344960954939169,33.44960954939169,0.2621679614969077,26.21679614969077,0.09854493014670002,9.854493014670002,0.0010315668034175608,0.10315668034175608,0.0010315668034175608,0.0018568202461516094,scenario,carrageenan,4150.779918437351
0.5833333333333334,ganglia,12.467732687195994,0.986127885537,0.013872114463,0.32624866056978474,32.624866056978476,0.2529287466845386,25.29287466845386,0.09861278855370001,9.861278855370001,0.0009154722247448776,0.09154722247448777,0.0009154722247448775,0.0016478500045407796,scenario,carrageenan,4842.576404843579
0.6666666666666666,ganglia,12.647490707753786,0.986788727038,0.013211272962,0.3185100327350155,31.85100327350155,0.24425684447912832,24.425684447912833,0.0986788727038,9.86788727038,0.0008240170060970321,0.08240170060970321,0.000824017006097032,0.0014832306109746577,scenario,carrageenan,5534.372891249803
0.75,ganglia,12.796307477078582,0.987424070447,0.012575929553,0.31110095410613914,31.110095410613916,0.2359539411793768,23.59539411793768,0.0987424070447,9.87424070447,0.0007492764271209762,0.07492764271209762,0.0007492764271209762,0.001348697568817757,scenario,carrageenan,6226.169377656027
0.8333333333333334,ganglia,12.907699703429032,0.988033678095,0.011966321905,0.30388489177196276,30.388489177196277,0.22786835995829194,22.786835995829193,0.0988033678095,9.88033678095,0.0006862942161224106,0.06862942161224106,0.0006862942161224106,0.001235329589020339,scenario,carrageenan,6917.96586406226
0.9166666666666666,ganglia,12.97665381478073,0.988617209211,0.011382790789,0.29676279385257687,29.676279385257686,0.21989008103497432,21.989008103497433,0.09886172092110002,9.886172092110002,0.0006318552909960127,0.06318552909960128,0.0006318552909960127,0.001137339523792823,scenario,carrageenan,7609.762350468487
1.0,ganglia,13.0,0.989173964272,0.010826035728,0.28967032290516526,28.967032290516524,0.21194769608662808,21.19476960866281,0.0989173964272,9.891739642720001,0.0005838262936312564,0.058382629363125646,0.0005838262936312563,0.0010508873285362615,scenario,carrageenan,8301.558836874707
1.0833333333333333,ganglia,12.97665381478073,0.98970096015,0.01029903985,0.2915492194171781,29.15492194171781,0.21397680378019787,21.397680378019786,0.09897009601500001,9.8970096015,0.0005953712322866355,0.05953712322866355,0.0005953712322866355,0.001071668218115944,scenario,carrageenan,8113.170664023153
1.1666666666666667,ganglia,12.907699703429032,0.99019797816,0.00980202184,0.2929232749824137,29.29232749824137,0.21544830796268188,21.544830796268187,0.09901979781600001,9.901979781600001,0.0006052887252754489,0.060528872527544894,0.000605288725275449,0.0010895197054958082,scenario,carrageenan,7924.782491171596
1.25,ganglia,12.796307477078582,0.990667285122,0.009332714878,0.29381510139181,29.381510139181,0.21638708097734446,21.638708097734447,0.0990667285122,9.90667285122,0.0006136204652808575,0.06136204652808575,0.0006136204652808575,0.0011045168375055435,scenario,carrageenan,7736.394318320053
1.3333333333333333,ganglia,12.647490707753786,0.991109738041,0.008890261959,0.294268071026592,29.426807102659204,0.21684121913610221,21.68412191361022,0.0991109738041,9.91109738041,0.0006205023748914438,0.062050237489144386,0.0006205023748914439,0.0011169042748045992,scenario,carrageenan,7548.006145468497
1.4166666666666667,ganglia,12.467732687195994,0.991525336919,0.008474663081,0.2943438679276631,29.43438679276631,0.21687926026195897,21.687926026195896,0.09915253369190001,9.915253369190001,0.0006261569825176513,0.06261569825176513,0.0006261569825176514,0.0011270825685317726,scenario,carrageenan,7359.617972616953
1.5,ganglia,12.264518805967022,0.991915164585,0.008084835415,0.2941193308472725,29.41193308472725,0.21658646043196944,21.658646043196946,0.0991915164585,9.91915164585,0.0006308798830345875,0.06308798830345876,0.0006308798830345876,0.0011355837894622576,scenario,carrageenan,7171.229799765398
1.5833333333333333,ganglia,12.045822253571044,0.992283310515,0.007716689485,0.2936824203298779,29.36824203298779,0.21606009919819769,21.60600991981977,0.0992283310515,9.92283310515,0.0006350217233622331,0.06350217233622331,0.000635021723362233,0.0011430391020520194,scenario,carrageenan,6982.8416269138415
1.6666666666666667,ganglia,11.8195919791379,0.992630168698,0.007369831302,0.29312509698218214,29.312509698218214,0.21540231123598014,21.540231123598012,0.0992630168698,9.92630168698,0.00063896755678891,0.063896755678891,0.0006389675567889098,0.0011501416022200377,scenario,carrageenan,6794.453454062294
1.75,ganglia,11.593287973106035,0.992955739134,0.007044260866,0.29253903997604674,29.253903997604674,0.21471496229182968,21.471496229182968,0.0992955739134,9.929557391340001,0.0006431155809362653,0.06431155809362653,0.0006431155809362653,0.0011576080456852777,scenario,carrageenan,6606.065281210745
1.8333333333333333,ganglia,11.373500085314843,0.993261969256,0.006738030744,0.2920113613032838,29.201136130328383,0.21409462708631533,21.409462708631533,0.0993261969256,9.932619692560001,0.0006478572043622161,0.0647857204362216,0.0006478572043622161,0.001166142967851989,scenario,carrageenan,6417.677108359186
1.9166666666666667,ganglia,11.165674382537093,0.993551013444,0.006448986556,0.2916198037562648,29.161980375626477,0.21362744712429418,21.362744712429418,0.09935510134440001,9.935510134440001,0.000653560102588499,0.06535601025884989,0.0006535601025884991,0.0011764081846592984,scenario,carrageenan,6229.288935507631
2.0,ganglia,10.97395740207505,0.993822873054,0.006177126946,0.29142878630279334,29.142878630279334,0.21338499888599263,21.338499888599262,0.0993822873054,9.93822873054,0.0006605554810295522,0.06605554810295522,0.0006605554810295522,0.0011889998658531939,scenario,carrageenan,6040.900762656084
2.0833333333333335,ganglia,10.801155505679029,0.994077596892,0.005922403108,0.2902636625031725,29.02636625031725,0.21206211423774715,21.206211423774715,0.09940775968920001,9.94077596892,0.000659244631570909,0.0659244631570909,0.0006592446315709091,0.0011866403368276364,scenario,carrageenan,5949.3350328397055
2.1666666666666665,ganglia,10.648795500489662,0.994316276432,0.005683723568,0.2893569269931771,28.935692699317713,0.21102811038886343,21.102811038886344,0.09943162764320002,9.943162764320002,0.0006591611269522869,0.06591611269522869,0.000659161126952287,0.0011864900285141167,scenario,carrageenan,5857.769303023341
2.25,ganglia,10.517264871681258,0.9945404682,0.0054595318,0.2887232510512593,28.872325105125928,0.21029911581251035,21.029911581251035,0.09945404682,9.945404682,0.0006603822410561691,0.06603822410561691,0.0006603822410561691,0.0011886880339011044,scenario,carrageenan,5766.203573206964
2.3333333333333335,ganglia,10.406005849709837,0.994751628495,0.005248371505,0.2883635520471843,28.836355204718426,0.20987598799742696,20.987598799742695,0.0994751628495,9.94751628495,0.0006629295688637856,0.06629295688637857,0.0006629295688637856,0.0011932732239548142,scenario,carrageenan,5674.63784339059
2.4166666666666665,ganglia,10.313737003867004,0.994951213616,0.005048786384,0.2882675623638259,28.82675623638259,0.20974715666913984,20.974715666913983,0.0994951213616,9.949512136160001,0.0006667792210098496,0.06667792210098496,0.0006667792210098495,0.0012002025978177292,scenario,carrageenan,5583.072113574225
2.5,ganglia,10.238678526154683,0.995140087092,0.004859912908,0.28841653432987685,28.841653432987684,0.2098916951340854,20.98916951340854,0.0995140087092,9.95140087092,0.0006718731813150535,0.06718731813150534,0.0006718731813150536,0.0012093717263670966,scenario,carrageenan,5491.506383757846
2.5833333333333335,ganglia,10.178761956285959,0.99531753765,0.00468246235,0.2887858426215023,28.87858426215023,0.21028232095166918,21.028232095166917,0.09953175376500001,9.9531753765,0.0006781306691057214,0.06781306691057215,0.0006781306691057214,0.0012206352043902986,scenario,carrageenan,5399.94065394147
2.6666666666666665,ganglia,10.131810800870221,0.995483980881,0.004516019119,0.28934840343988844,28.934840343988842,0.21088889483532047,21.088889483532046,0.09954839808810001,9.95483980881,0.000685458590163664,0.06854585901636641,0.0006854585901636643,0.0012338254622945956,scenario,carrageenan,5308.374924125105
2.75,ganglia,10.095684380086471,0.995639925906,0.004360074094,0.2900765879352783,29.00765879352783,0.21168066149408699,21.1680661494087,0.0995639925906,9.95639925906,0.0006937604488337423,0.06937604488337423,0.0006937604488337423,0.001248768807900736,scenario,carrageenan,5216.80919430873
2.8333333333333335,ganglia,10.068382542650838,0.99578588117,0.00421411883,0.29094389464185316,29.094389464185316,0.21262811836094797,21.262811836094798,0.099578588117,9.9578588117,0.0007029433841305261,0.07029433841305262,0.000702943384130526,0.0012652980914349468,scenario,carrageenan,5125.243464492356
2.9166666666666665,ganglia,10.048113127826051,0.99592220954,0.00407779046,0.29192608051044033,29.192608051044033,0.21370428839604477,21.37042883960448,0.099592220954,9.9592220954,0.0007129232495894775,0.07129232495894776,0.0007129232495894776,0.0012832618492610599,scenario,carrageenan,5033.677734675981
3.0,ganglia,10.033326989614727,0.99604924301,0.00395075699,0.2930018853054612,29.300188530546116,0.21488551222717908,21.48855122271791,0.099604924301,9.9604924301,0.000723627857820776,0.0723627857820776,0.0007236278578207761,0.001302530144077397,scenario,carrageenan,4942.112004859611
3.0833333333333335,ganglia,10.02272703233278,0.996167395092,0.003832604908,0.29415335358840067,29.415335358840068,0.21615179342133406,21.615179342133406,0.09961673950920001,9.961673950920002,0.0007349986468244108,0.07349986468244109,0.0007349986468244109,0.0013229975642839397,scenario,carrageenan,4850.546275043234
3.1666666666666665,ganglia,10.015258207693039,0.9962770793,0.0037229207,0.2953657933390212,29.536579333902118,0.21748676156557908,21.74867615655791,0.09962770793,9.962770793,0.0007469910976172722,0.07469910976172722,0.0007469910976172724,0.0013445839757110904,scenario,carrageenan,4758.980545226862
3.25,ganglia,10.010085059463798,0.99637870125,0.00362129875,0.29662754515447365,29.662754515447364,0.21887741669941516,21.887741669941516,0.09963787012500001,9.963787012500001,0.0007595742509087908,0.07595742509087908,0.0007595742509087908,0.0013672336516358235,scenario,carrageenan,4667.414815410489
3.3333333333333335,ganglia,10.006562473354549,0.996472606192,0.003527393808,0.2979296126607713,29.79296126607713,0.22031372449063474,22.031372449063475,0.0996472606192,9.96472606192,0.0007727296480637977,0.07727296480637977,0.0007727296480637977,0.001390913366514836,scenario,carrageenan,4575.849085594121
3.4166666666666665,ganglia,10.004204078256656,0.99655916666,0.00344083334,0.29926527834935646,29.926527834935644,0.22178817964817385,22.178817964817384,0.099655916666,9.9655916666,0.0007864499731996767,0.07864499731996767,0.0007864499731996767,0.0014156099517594182,scenario,carrageenan,4484.283355777746
3.5,ganglia,10.002651478920805,0.996638765061,0.003361234939,0.30062968321213523,30.062968321213525,0.22329534078448354,22.329534078448354,0.09966387650610001,9.96638765061,0.0008007376125327781,0.08007376125327781,0.0008007376125327781,0.0014413277025590006,scenario,carrageenan,4392.717625961374
3.5833333333333335,ganglia,10.001646340700296,0.996711783801,0.003288216199,0.3020194371897807,30.201943718978068,0.22483139867742297,22.483139867742295,0.0996711783801,9.967117838010001,0.0008156032848483076,0.08156032848483076,0.0008156032848483075,0.0014680859127269535,scenario,carrageenan,4301.151896144998
3.6666666666666665,ganglia,10.001006387883708,0.996778571383,0.003221428617,0.3034322701410196,30.34322701410196,0.226393792225244,22.6393792225244,0.0996778571383,9.96778571383,0.0008310648407183696,0.08310648407183696,0.0008310648407183697,0.0014959167132930654,scenario,carrageenan,4209.586166328628
3.75,ganglia,10.000605654896802,0.99683943617,0.00316056383,0.3048667468974116,30.48667468974116,0.22798089253379067,22.798089253379068,0.099683943617,9.9683943617,0.0008471462820864096,0.08471462820864095,0.0008471462820864096,0.0015248633077555372,scenario,carrageenan,4118.020436512256
3.8333333333333335,ganglia,10.000358838650744,0.996894739509,0.003105260491,0.30632206881497537,30.632206881497538,0.22959177207119483,22.95917720711948,0.0996894739509,9.96894739509,0.0008638770196108154,0.08638770196108154,0.0008638770196108153,0.0015549786352994676,scenario,carrageenan,4026.454706695883
3.9166666666666665,ganglia,10.000209308731588,0.996944844065,0.003055155935,0.30779788267531105,30.779788267531107,0.23122599807645672,23.12259980764567,0.0996944844065,9.96944844065,0.0008812913622879379,0.08812913622879379,0.0008812913622879379,0.0015863244521182882,scenario,carrageenan,3934.8889768795057
4.0,ganglia,10.00012019589218,0.996990112503,0.003009887497,0.3092941486959473,30.92941486959473,0.2328834860507192,23.28834860507192,0.09969901125030001,9.96990112503,0.0008994282207292531,0.08994282207292531,0.0008994282207292532,0.0016189707973126557,scenario,carrageenan,3843.323247063136
4.083333333333333,ganglia,10.00006795259615,0.997030907487,0.002969092513,0.30996295415338615,30.996295415338615,0.2336220704496513,23.362207044965132,0.0997030907487,9.97030907487,0.0009076134909733155,0.09076134909733155,0.0009076134909733156,0.0016337042837519682,scenario,carrageenan,3803.1922642742934
4.166666666666667,ganglia,10.000037821315532,0.997067591684,0.002932408316,0.31063501742153066,31.063501742153065,0.23436473139236735,23.436473139236735,0.09970675916840001,9.970675916840001,0.0009159512213917507,0.09159512213917506,0.0009159512213917507,0.0016487121985051512,scenario,carrageenan,3763.061281485449
4.25,ganglia,10.000020724370914,0.997100527759,0.002899472241,0.31131033867828944,31.131033867828943,0.2351114287804327,23.51114287804327,0.0997100527759,9.97100527759,0.0009244448155982237,0.09244448155982236,0.0009244448155982237,0.0016640006680768028,scenario,carrageenan,3722.9302986966054
4.333333333333333,ganglia,10.000011179959516,0.997130078376,0.002869921624,0.3119889764554507,31.19889764554507,0.23586218735316744,23.586218735316745,0.09971300783760001,9.97130078376,0.0009330981399030048,0.09330981399030049,0.0009330981399030048,0.0016795766518254087,scenario,carrageenan,3682.7993159077623
4.416666666666667,ganglia,10.000005937631679,0.997156564105,0.002843435895,0.3126710129389615,31.26710129389615,0.23661706280940162,23.661706280940162,0.09971565641050001,9.97156564105,0.0009419154167563211,0.09419154167563211,0.0009419154167563211,0.001695447750161378,scenario,carrageenan,3642.668333118914
4.5,ganglia,10.000003104562634,0.997179954889,0.002820045111,0.3133564430687963,31.33564430687963,0.23737605286655145,23.737605286655146,0.09971799548890001,9.97179954889,0.0009509011587238924,0.09509011587238925,0.0009509011587238924,0.0017116220857030064,scenario,carrageenan,3602.537350330075
4.583333333333333,ganglia,10.000001598091886,0.997200420817,0.002799579183,0.3140453381241855,31.40453381241855,0.23813921782498387,23.813921782498387,0.0997200420817,9.97200420817,0.0009600601299444582,0.09600601299444582,0.0009600601299444582,0.0017281082339000247,scenario,carrageenan,3562.406367541227
4.666666666666667,ganglia,10.000000809873551,0.997218204497,0.002781795503,0.31473780079119845,31.473780079119845,0.23890664482388715,23.890664482388715,0.09972182044970002,9.972182044970001,0.0009693973258344276,0.09693973258344275,0.0009693973258344276,0.0017449151865019696,scenario,carrageenan,3522.275384752384
4.75,ganglia,10.000000404060907,0.997233548535,0.002766451465,0.3154339392677866,31.543393926778663,0.23967842712698512,23.967842712698513,0.09972335485350001,9.972335485350001,0.0009789179647062894,0.09789179647062894,0.0009789179647062894,0.001762052336471321,scenario,carrageenan,3482.144401963539
4.833333333333333,ganglia,10.000000198468049,0.997246695539,0.002753304461,0.31613386538063487,31.613386538063487,0.2404546620297054,24.045466202970537,0.09972466955390001,9.97246695539,0.000988627487084472,0.0988627487084472,0.000988627487084472,0.00177952947675205,scenario,carrageenan,3442.0134191746993
4.916666666666667,ganglia,10.000000095972878,0.997257888116,0.002742111884,0.3168376935014851,31.68376935014851,0.2412354496554279,24.12354496554279,0.0997257888116,9.97257888116,0.0009985315599924743,0.09985315599924742,0.0009985315599924743,0.0017973568079864537,scenario,carrageenan,3401.882436385852
5.0,ganglia,10.000000045689939,0.997267368872,0.002732631128,0.3175455399410212,31.754553994102118,0.24202089228202353,24.202089228202354,0.0997267368872,9.97267368872,0.0010086360845003208,0.10086360845003209,0.001008636084500321,0.001815544952100578,scenario,carrageenan,3361.751453597007
5.083333333333333,ganglia,10.000000021414444,0.997275162223,0.002724837777,0.3182574529902458,31.825745299024582,0.24281104085327312,24.281104085327314,0.0997275162223,9.97275162223,0.0010189472054932423,0.10189472054932423,0.0010189472054932423,0.001834104969887836,scenario,carrageenan,3321.620470808169
5.166666666666667,ganglia,10.000000009881143,0.997280992161,0.002719007839,0.3189733856670751,31.89733856670751,0.2436058738344168,24.36058738344168,0.0997280992161,9.97280992161,0.001029471323055216,0.10294713230552159,0.001029471323055216,0.0018530483814993887,scenario,carrageenan,3281.489488019325
5.25,ganglia,10.000000004488712,0.997284928898,0.002715071102,0.31969340183242534,31.969340183242533,0.24440545438069478,24.440545438069478,0.09972849288980001,9.972849288980001,0.001040215105133317,0.1040215105133317,0.001040215105133317,0.0018723871892399706,scenario,carrageenan,3241.358505230479
5.333333333333333,ganglia,10.000000002007475,0.997287053189,0.002712946811,0.3204175695389402,32.041756953894016,0.24520984913337798,24.5209849133378,0.0997287053189,9.97287053189,0.0010511855013167612,0.10511855013167612,0.0010511855013167612,0.0018921339023701702,scenario,carrageenan,3201.227522441634
5.416666666666667,ganglia,10.00000000088388,0.997287445788,0.002712554212,0.32114595765881115,32.11459576588111,0.24601912564445683,24.601912564445684,0.0997287445788,9.97287445788,0.0010623897576666247,0.10623897576666247,0.0010623897576666247,0.0019123015637999244,scenario,carrageenan,3161.0965396527913
5.5,ganglia,10.000000000383134,0.997286187452,0.002713812548,0.3218786358841568,32.18786358841568,0.2468333523766187,24.68333523766187,0.0997286187452,9.97286187452,0.0010738354325940914,0.10738354325940914,0.0010738354325940914,0.0019329037786693646,scenario,carrageenan,3120.9655568639487
5.583333333333333,ganglia,10.000000000163501,0.997283358937,0.002716641063,0.3226156747321379,32.261567473213795,0.24765259870937542,24.76525987093754,0.0997283358937,9.972833589370001,0.0010855304138230768,0.10855304138230769,0.001085530413823077,0.0019539547448815388,scenario,carrageenan,3080.8345740751042
5.666666666666667,ganglia,10.000000000068692,0.997279037958,0.002720962042,0.32335714456949816,32.335714456949816,0.24847693419299796,24.847693419299794,0.0997279037958,9.972790379580001,0.0010974829364973945,0.10974829364973945,0.0010974829364973945,0.00197546928569531,scenario,carrageenan,3040.703591286262
5.75,ganglia,10.000000000028413,0.997273200489,0.002726799511,0.32410308353700423,32.41030835370042,0.24930640387567138,24.930640387567138,0.0997273200489,9.97273200489,0.0011097016025094786,0.11097016025094786,0.0011097016025094786,0.0019974628845170614,scenario,carrageenan,3000.5726084974144
5.833333333333333,ganglia,10.00000000001157,0.997265848303,0.002734151697,0.3248535387241045,32.48535387241045,0.25014105988200497,25.014105988200498,0.0997265848303,9.972658483030001,0.0011221954011406948,0.11221954011406948,0.001122195401140695,0.002019951722053251,scenario,carrageenan,2960.441625708573
5.916666666666667,ganglia,10.000000000004638,0.997257024863,0.002742975137,0.32560857146424455,32.56085714642445,0.2509809655310495,25.09809655310495,0.09972570248630001,9.972570248630001,0.0011349737311147012,0.11349737311147012,0.001134973731114701,0.002042952716006462,scenario,carrageenan,2920.310642919727
6.0,ganglia,10.000000000001831,0.997246773633,0.002753226367,0.3263682438613343,32.636824386133426,0.2518261849978159,25.18261849978159,0.0997246773633,9.97246773633,0.0011480464241762063,0.11480464241762063,0.001148046424176206,0.002066483563517171,scenario,carrageenan,2880.1796601308843
6.083333333333333,ganglia,10.00000000000071,0.997235138076,0.002764861924,0.32713261880207256,32.713261880207256,0.25267678332719173,25.267678332719175,0.0997235138076,9.97235138076,0.0011614237703188623,0.11614237703188622,0.0011614237703188623,0.002090562786573952,scenario,carrageenan,2840.0486773420407
6.166666666666667,ganglia,10.000000000000272,0.997222161657,0.002777838343,0.3279017599702135,32.79017599702135,0.2535328264494594,25.353282644945942,0.0997222161657,9.97222161657,0.0011751165447979948,0.11751165447979948,0.001175116544797995,0.0021152097806363913,scenario,carrageenan,2799.9176945531967
6.25,ganglia,10.000000000000103,0.997207887839,0.002792112161,0.32867573185882965,32.86757318588297,0.25439438119436625,25.439438119436623,0.0997207887839,9.97207887839,0.0011891360370770913,0.11891360370770913,0.0011891360370770913,0.0021404448667387646,scenario,carrageenan,2759.786711764352
6.333333333333333,ganglia,10.000000000000037,0.997192348951,0.002807651049,0.329454596106352,32.945459610635204,0.25526151245694667,25.526151245694667,0.0997192348951,9.971923489509999,0.0012034940818714049,0.12034940818714049,0.0012034940818714047,0.0021662893473685285,scenario,carrageenan,2719.655728975509
6.416666666666667,ganglia,10.000000000000014,0.99717553553,0.00282446447,0.3302384013135269,33.023840131352685,0.2561342752894743,25.61342752894743,0.09971755355300001,9.971755355300001,0.0012182030924680625,0.12182030924680624,0.0012182030924680625,0.0021927655664425124,scenario,carrageenan,2679.5247461866657
6.5,ganglia,10.000000000000005,0.997157470772,0.002842529228,0.3310272076062617,33.10272076062617,0.2570127339211796,25.70127339211796,0.0997157470772,9.97157470772,0.0012332760965198227,0.12332760965198226,0.001233276096519823,0.0022198969737356813,scenario,carrageenan,2639.3937633978207
6.583333333333333,ganglia,10.000000000000002,0.997138182528,0.002861817472,0.33182107745951417,33.18210774595142,0.2578969546741269,25.789695467412688,0.09971381825280001,9.971381825280002,0.001248726774529424,0.12487267745294241,0.0012487267745294238,0.002247708194152963,scenario,carrageenan,2599.2627806089763
6.666666666666667,ganglia,10.0,0.997117698646,0.002882301354,0.3326200741761668,33.26200741761668,0.25878700479062977,25.878700479062978,0.09971176986460001,9.971176986460002,0.0012645695012634605,0.12645695012634606,0.0012645695012634605,0.0022762251022742292,scenario,carrageenan,2559.131797820134
6.75,ganglia,10.0,0.997096046978,0.002903953022,0.33342426190379376,33.34242619037938,0.2596829524511042,25.96829524511042,0.0997096046978,9.970960469780001,0.0012808193903593088,0.12808193903593088,0.001280819390359309,0.0023054749026467565,scenario,carrageenan,2519.0008150312888
6.833333333333333,ganglia,10.0,0.997073255374,0.002926744626,0.3342337056474084,33.42337056474084,0.2605848667888982,26.05848667888982,0.09970732553740001,9.970732553740001,0.0012974923424160418,0.12974923424160417,0.0012974923424160416,0.002335486216348875,scenario,carrageenan,2478.869832242445
6.916666666666667,ganglia,10.0,0.997049351683,0.002950648317,0.33504847128484416,33.504847128484414,0.26149281790727125,26.149281790727123,0.09970493516830001,9.97049351683,0.0013146050968910125,0.13146050968910125,0.0013146050968910123,0.0023662891744038223,scenario,carrageenan,2438.7388494536017
7.0,ganglia,10.0,0.997024302251,0.002975697749,0.3358686048638782,33.58686048638782,0.26240686070975355,26.240686070975354,0.0997024302251,9.970243022510001,0.0013321752881581327,0.13321752881581328,0.0013321752881581327,0.0023979155186846387,scenario,carrageenan,2398.607866664758
7.083333333333333,ganglia,10.0,0.996998054099,0.003001945901,0.33669414660441505,33.669414660441504,0.26332704577168337,26.332704577168336,0.0996998054099,9.96998054099,0.0013502215061224911,0.13502215061224912,0.0013502215061224911,0.002430398711020484,scenario,carrageenan,2358.4768838759137
7.166666666666667,ganglia,10.0,0.99697061004,0.00302938996,0.3375251562603452,33.752515626034516,0.2642534391737169,26.42534391737169,0.099697061004,9.9697061004,0.0013687633618292949,0.1368763361829295,0.0013687633618292949,0.0024637740512927307,scenario,carrageenan,2318.345901087071
7.25,ganglia,10.0,0.996941972895,0.003058027105,0.3383616944347537,33.83616944347537,0.2651861079391708,26.51861079391708,0.0996941972895,9.969419728950001,0.0013878215585539186,0.13878215585539186,0.0013878215585539188,0.002498078805397054,scenario,carrageenan,2278.214918298226
7.333333333333333,ganglia,10.0,0.996912145486,0.003087854514,0.33920382259268617,33.920382259268614,0.2661251200489846,26.61251200489846,0.09969121454860001,9.969121454860002,0.0014074179689148008,0.1407417968914801,0.0014074179689148006,0.002533352344046641,scenario,carrageenan,2238.083935509384
7.416666666666667,ganglia,10.0,0.996881130633,0.003118869367,0.3400516030755688,34.00516030755688,0.2670705444580765,26.70705444580765,0.0996881130633,9.96881130633,0.0014275757186130572,0.14275757186130572,0.0014275757186130575,0.0025696362935035033,scenario,carrageenan,2197.952952720538
7.5,ganglia,10.0,0.996848931157,0.003151068843,0.3409050991179989,34.090509911799884,0.2680224511136654,26.802245111366542,0.0996848931157,9.96848931157,0.001448319277472808,0.1448319277472808,0.001448319277472808,0.0026069746994510546,scenario,carrageenan,2157.8219699316946
7.583333333333333,ganglia,10.0,0.99681554988,0.00318445012,0.34176437486386224,34.17643748638623,0.2689809109731803,26.898091097318026,0.099681554988,9.9681554988,0.0014696745585357867,0.14696745585357868,0.0014696745585357869,0.0026454142053644165,scenario,carrageenan,2117.690987142852
7.666666666666667,ganglia,10.0,0.996780989623,0.003219010377,0.3426294953821152,34.262949538211515,0.26994599602201685,26.994599602201685,0.09967809896230001,9.967809896230001,0.0014916690260539614,0.14916690260539614,0.0014916690260539617,0.002685004246897131,scenario,carrageenan,2077.560004354008
7.75,ganglia,10.0,0.99674533883,0.00325466117,0.3435005561915333,34.35005561915333,0.27091780256503695,27.091780256503696,0.09967453388300002,9.967453388300001,0.0015143318133264934,0.15143318133264935,0.0015143318133264932,0.002725797263987688,scenario,carrageenan,2037.429021565164
7.833333333333333,ganglia,10.0,0.996709005002,0.003290994998,0.34437776431498146,34.43777643149814,0.2718965153497572,27.189651534975717,0.0996709005002,9.96709005002,0.0015376938514441222,0.1537693851444122,0.001537693851444122,0.0027678489325994194,scenario,carrageenan,1997.2980387763193
7.916666666666667,ganglia,10.0,0.996672128752,0.003327871248,0.34526123675748727,34.52612367574873,0.27288224875809697,27.288224875809696,0.0996672128752,9.96672128752,0.001561788010137344,0.1561788010137344,0.001561788010137344,0.0028112184182472193,scenario,carrageenan,1957.167055987476
8.0,ganglia,10.0,0.996634812755,0.003365187245,0.34615107886114005,34.615107886114004,0.2738751084284889,27.38751084284889,0.09966348127550001,9.96634812755,0.0015866492520771004,0.15866492520771003,0.0015866492520771002,0.0028559686537387805,scenario,carrageenan,1917.036073198632
8.083333333333334,ganglia,10.0,0.996597159684,0.003402840316,0.34650165288718426,34.650165288718426,0.27426881879864917,27.42688187986492,0.09965971596840001,9.965971596840001,0.0015968364036972572,0.1596836403697257,0.0015968364036972572,0.002874305526655063,scenario,carrageenan,1900.9529123575496
8.166666666666666,ganglia,10.0,0.996559272211,0.003440727789,0.34685319245202606,34.68531924520261,0.2746636280343623,27.46636280343623,0.0996559272211,9.965592722110001,0.0016071552147567385,0.16071552147567386,0.0016071552147567385,0.002892879386562129,scenario,carrageenan,1884.8697515164677
8.25,ganglia,10.0,0.99652125301,0.00347874699,0.3472057377194591,34.720573771945915,0.27505956935384346,27.505956935384347,0.09965212530100001,9.9652125301,0.0016176082542195805,0.16176082542195805,0.0016176082542195807,0.0029116948575952455,scenario,carrageenan,1868.786590675386
8.333333333333334,ganglia,10.0,0.996483204754,0.003516795246,0.3475593290301484,34.75593290301484,0.2754566761719427,27.54566761719427,0.09964832047540001,9.964832047540002,0.0016281981583221822,0.16281981583221822,0.0016281981583221822,0.002930756684979928,scenario,carrageenan,1852.7034298343033
8.416666666666666,ganglia,10.0,0.996445230116,0.003554769884,0.3479140069032924,34.79140069032924,0.2758549821018804,27.585498210188042,0.0996445230116,9.96445230116,0.001638927632789855,0.1638927632789855,0.0016389276327898551,0.0029500697390217392,scenario,carrageenan,1836.6202689932213
8.5,ganglia,10.0,0.996407429049,0.003592570951,0.34826981108724014,34.82698110872401,0.27625452020260016,27.625452020260017,0.0996407429049,9.96407429049,0.001649799455141603,0.1649799455141603,0.0016497994551416032,0.002969639019254886,scenario,carrageenan,1820.5371081521407
8.583333333333334,ganglia,10.0,0.996369803113,0.003630196887,0.3486267470800889,34.86267470800889,0.27665529640976544,27.665529640976544,0.09963698031130001,9.96369803113,0.0016608164770872365,0.16608164770872366,0.0016608164770872365,0.0029894696587570257,scenario,carrageenan,1804.4539473110576
8.666666666666666,ganglia,10.0,0.996332381869,0.003667618131,0.3489848302196871,34.898483021968715,0.27705732448087456,27.705732448087456,0.09963323818690001,9.96332381869,0.001671981627021175,0.1671981627021175,0.001671981627021175,0.0030095669286381147,scenario,carrageenan,1788.3707864699768
8.75,ganglia,10.0,0.996295237964,0.003704762036,0.34934409102563846,34.93440910256385,0.27746063025470935,27.746063025470935,0.0996295237964,9.96295237964,0.0016832979126175367,0.16832979126175368,0.001683297912617537,0.0030299362427115666,scenario,carrageenan,1772.2876256288941
8.833333333333334,ganglia,10.0,0.996258444049,0.003741555951,0.3497045601580375,34.970456015803755,0.2778652397257083,27.78652397257083,0.09962584440490001,9.962584440490001,0.00169476842353131,0.16947684235313099,0.00169476842353131,0.003050583162356358,scenario,carrageenan,1756.2044647878124
8.916666666666666,ganglia,10.0,0.996222072772,0.003777927228,0.3500662684160593,35.00662684160593,0.278271179043177,27.8271179043177,0.0996222072772,9.96222072772,0.0017063963342107405,0.17063963342107405,0.0017063963342107405,0.003071513401579333,scenario,carrageenan,1740.1213039467295
9.0,ganglia,10.0,0.996186196782,0.003813803218,0.3504292467404114,35.042924674041146,0.2786784745135682,27.86784745135682,0.09961861967820002,9.96186196782,0.0017181849068262786,0.17181849068262786,0.0017181849068262783,0.003092732832287301,scenario,carrageenan,1724.038143105648
9.083333333333334,ganglia,10.0,0.996150888728,0.003849111272,0.3507935262140438,35.07935262140438,0.279087152601382,27.9087152601382,0.0996150888728,9.96150888728,0.0017301374943217921,0.1730137494321792,0.0017301374943217921,0.003114247489779226,scenario,carrageenan,1707.9549822645663
9.166666666666666,ganglia,10.0,0.996116221259,0.003883778741,0.35115913806321947,35.11591380632195,0.2794972399303549,27.94972399303549,0.09961162212590001,9.96116221259,0.001742257543594017,0.17422575435940169,0.001742257543594017,0.0031360635784692305,scenario,carrageenan,1691.8718214234837
9.25,ganglia,10.0,0.996082267024,0.003917732976,0.3515261136585926,35.15261136585926,0.27990876328465847,27.99087632846585,0.09960822670240001,9.96082267024,0.0017545485988065877,0.1754548598806588,0.0017545485988065877,0.003158187477851858,scenario,carrageenan,1675.7886605824017
9.333333333333334,ganglia,10.0,0.996048907723,0.003951092277,0.35189441705586977,35.18944170558698,0.28032169587063305,28.032169587063304,0.0996048907723,9.960489077230001,0.0017670143048453487,0.17670143048453488,0.0017670143048453485,0.0031806257487216275,scenario,carrageenan,1659.7054997413193
9.416666666666666,ganglia,10.0,0.996015754772,0.003984245228,0.3522639165728414,35.22639165728414,0.28073593455071266,28.073593455071265,0.0996015754772,9.96015754772,0.0017796584109220062,0.17796584109220062,0.0017796584109220062,0.003203385139659611,scenario,carrageenan,1643.6223389002378
9.5,ganglia,10.0,0.995982748726,0.004017251274,0.35263459649934403,35.263459649934404,0.28115146847416006,28.115146847416007,0.0995982748726,9.95982748726,0.00179248477433362,0.179248477433362,0.0017924847743336202,0.0032264725938005163,scenario,carrageenan,1627.5391780591567
9.583333333333334,ganglia,10.0,0.995949841513,0.004050158487,0.3530064450970782,35.300644509707816,0.28156828993975347,28.156828993975346,0.09959498415130001,9.959498415130001,0.001805497364385848,0.1805497364385848,0.001805497364385848,0.0032498952558945265,scenario,carrageenan,1611.4560172180736
9.666666666666666,ganglia,10.0,0.995916985061,0.004083014939,0.35337945058565967,35.337945058565964,0.28198639119951074,28.198639119951075,0.0995916985061,9.95916985061,0.001818700266488314,0.1818700266488314,0.0018187002664883142,0.0032736604796789657,scenario,carrageenan,1595.372856376992
9.75,ganglia,10.0,0.9958841313,0.0041158687,0.3537536011430115,35.37536011430115,0.2824057644589017,28.24057644589017,0.09958841313,9.958841313,0.0018320976864310077,0.18320976864310076,0.0018320976864310077,0.003297775835575814,scenario,carrageenan,1579.28969553591
9.833333333333334,ganglia,10.0,0.995851232159,0.004148767841,0.3541288849039772,35.41288849039772,0.2828264018756413,28.28264018756413,0.0995851232159,9.95851232159,0.0018456939548510793,0.18456939548510792,0.0018456939548510793,0.003322249118731943,scenario,carrageenan,1563.2065346948282
9.916666666666666,ganglia,10.0,0.995818239567,0.004181760433,0.3545052899603493,35.45052899603493,0.28324829555961034,28.324829555961035,0.09958182395670001,9.95818239567,0.0018594935319000247,0.18594935319000247,0.0018594935319000245,0.0033470883574200443,scenario,carrageenan,1547.123373853746
10.0,ganglia,10.0,0.995785105453,0.004214894547,0.35488280436054065,35.48828043605406,0.28367143757248964,28.367143757248964,0.09957851054530001,9.957851054530002,0.0018735010121218138,0.18735010121218137,0.001873501012121814,0.0033723018218192653,scenario,carrageenan,1531.0402130126645
10.083333333333334,ganglia,10.0,0.995751786009,0.004248213991,0.3552614176301937,35.52614176301937,0.2840958211436596,28.40958211436596,0.09957517860090001,9.95751786009,0.0018877211295531729,0.1887721129553173,0.0018877211295531729,0.0033978980331957113,scenario,carrageenan,1514.9570521715818
10.166666666666666,ganglia,10.0,0.995718275902,0.004281724098,0.35564113299974426,35.56411329997442,0.2845214504550492,28.452145045504917,0.0995718275902,9.95718275902,0.0019021587630579108,0.1902158763057911,0.0019021587630579108,0.0034238857735042396,scenario,carrageenan,1498.8738913305003
10.25,ganglia,10.0,0.995684546829,0.004315453171,0.3560219455094585,35.602194550945846,0.2849483231406205,28.49483231406205,0.0995684546829,9.95684546829,0.0019168189419079286,0.19168189419079287,0.0019168189419079284,0.0034502740954342713,scenario,carrageenan,1482.790730489418
10.333333333333334,ganglia,10.0,0.995650561664,0.004349438336,0.35640384702822603,35.6403847028226,0.2853764342909178,28.53764342909178,0.0995650561664,9.956505616640001,0.001931706851624303,0.1931706851624303,0.0019317068516243032,0.0034770723329237458,scenario,carrageenan,1466.7075696483362
10.416666666666666,ganglia,10.0,0.995616283283,0.004383716717,0.3567868293984535,35.67868293984535,0.28580577896683723,28.580577896683725,0.09956162832830001,9.956162832830001,0.0019468278400927152,0.19468278400927153,0.0019468278400927154,0.003504290112166888,scenario,carrageenan,1450.6244088072547
10.5,ganglia,10.0,0.99558167456,0.00441832544,0.35717088443442396,35.7170884434424,0.28623635219824883,28.623635219824884,0.099558167456,9.9558167456,0.0019621874239683654,0.19621874239683654,0.0019621874239683654,0.003531937363143058,scenario,carrageenan,1434.541247966172
10.583333333333334,ganglia,10.0,0.995546698371,0.004453301629,0.3575560039235177,35.755600392351774,0.28666814898490856,28.666814898490856,0.0995546698371,9.95546698371,0.001977791295386483,0.19777912953864832,0.001977791295386483,0.00356002433169567,scenario,carrageenan,1418.4580871250898
10.666666666666666,ganglia,10.0,0.995511317589,0.004488682411,0.3579421796242051,35.79421796242051,0.28710116429478344,28.710116429478344,0.09955113175890001,9.955113175890002,0.0019936453289955986,0.19936453289955985,0.0019936453289955986,0.0035885615921920776,scenario,carrageenan,1402.3749262840076
10.75,ganglia,10.0,0.995475495091,0.004524504909,0.35832940326834484,35.83294032683448,0.2875353930658276,28.75353930658276,0.0995475495091,9.954754950909999,0.0020097555893318123,0.20097555893318123,0.0020097555893318123,0.0036175600607972623,scenario,carrageenan,1386.2917654429255
10.833333333333334,ganglia,10.0,0.995439193752,0.004560806248,0.35871766655881243,35.871766655881245,0.28797083020401376,28.797083020401377,0.0995439193752,9.95439193752,0.002026128338553521,0.20261283385535211,0.0020261283385535206,0.0036470310093963372,scenario,carrageenan,1370.2086046018442
10.916666666666666,ganglia,10.0,0.99540244868,0.00459755132,0.3591069872291811,35.91069872291811,0.28840749151242345,28.840749151242346,0.099540244868,9.9540244868,0.0020427700445573224,0.20427700445573224,0.0020427700445573224,0.0036769860802031806,scenario,carrageenan,1354.1254437607627
11.0,ganglia,10.0,0.995365312695,0.004634687305,0.35949738949859766,35.949738949859764,0.2888453980323307,28.88453980323307,0.0995365312695,9.95365312695,0.00205968738949719,0.20596873894971898,0.0020596873894971903,0.0037074373010949424,scenario,carrageenan,1338.0422829196805
11.083333333333334,ganglia,10.0,0.995327777111,0.004672222889,0.35988887546500437,35.988887546500436,0.2892845530598937,28.92845530598937,0.0995327777111,9.95327777111,0.0020768872787304995,0.20768872787304996,0.0020768872787304995,0.003738397101714899,scenario,carrageenan,1321.9591220785974
11.166666666666666,ganglia,10.0,0.99528983324,0.00471016676,0.3602814472441377,36.02814472441377,0.28972495991126407,28.972495991126408,0.09952898332400001,9.9528983324,0.002094376850216061,0.2094376850216061,0.002094376850216061,0.0037698783303889098,scenario,carrageenan,1305.8759612375159
11.25,ganglia,10.0,0.995251472395,0.004748527605,0.3606751069707563,36.067510697075626,0.2901666219236181,29.016662192361807,0.09952514723950001,9.952514723950001,0.002112163484391042,0.2112163484391042,0.002112163484391042,0.0038018942719038754,scenario,carrageenan,1289.7928003964337
11.333333333333334,ganglia,10.0,0.995212685887,0.004787314113,0.36106985679770043,36.10698567977004,0.29060954245444487,29.06095424544449,0.0995212685887,9.95212685887,0.002130254814555468,0.2130254814555468,0.002130254814555468,0.0038344586661998425,scenario,carrageenan,1273.7096395553515
11.416666666666666,ganglia,10.0,0.995173465029,0.004826534971,0.3614656988974877,36.14656988974877,0.29105372488287523,29.10537248828752,0.0995173465029,9.95173465029,0.002148658737795024,0.21486587377950242,0.0021486587377950246,0.0038675857280310445,scenario,carrageenan,1257.6264787142704
11.5,ganglia,10.0,0.995133801134,0.004866198866,0.36186263546174013,36.18626354617401,0.29149917260926683,29.149917260926685,0.0995133801134,9.951338011339999,0.002167383426474984,0.2167383426474984,0.0021673834264749835,0.0039012901676549706,scenario,carrageenan,1241.5433178731878
11.583333333333334,ganglia,10.0,0.995093685513,0.004906314487,0.3622606687006048,36.22606687006048,0.29194588905478314,29.194588905478312,0.0995093685513,9.950936855130001,0.0021864373403403955,0.21864373403403956,0.002186437340340396,0.003935587212612713,scenario,carrageenan,1225.460157032106
11.666666666666666,ganglia,10.0,0.995053105221,0.004946894779,0.3626597992924774,36.265979929247735,0.2923938764115304,29.23938764115304,0.0995053105221,9.95053105221,0.002205829239260204,0.22058292392602039,0.0022058292392602035,0.003970492630668366,scenario,carrageenan,1209.3769961910243
11.75,ganglia,10.0,0.995012030587,0.004987969413,0.3630600218252219,36.30600218252219,0.2928431319628021,29.28431319628021,0.09950120305870001,9.950120305870001,0.002225568196655601,0.2225568196655601,0.0022255681966556005,0.004006022753980081,scenario,carrageenan,1193.2938353499426
11.833333333333334,ganglia,10.0,0.994970442191,0.005029557809,0.3634613346159226,36.34613346159226,0.29329365599646956,29.329365599646955,0.0994970442191,9.949704421909999,0.0022456636136558832,0.22456636136558833,0.002245663613655883,0.004042194504580589,scenario,carrageenan,1177.2106745088602
11.916666666666666,ganglia,10.0,0.994928322149,0.005071677851,0.3638637365450481,36.38637365450481,0.2937454492557201,29.37454492557201,0.0994928322149,9.94928322149,0.0022661252340281947,0.22661252340281948,0.0022661252340281947,0.0040790254212507504,scenario,carrageenan,1161.1275136677784
12.0,ganglia,10.0,0.994885652576,0.005114347424,0.3642672264969421,36.42672264969421,0.29419851248815787,29.41985124881579,0.09948856525760001,9.948856525760002,0.0022869631599309933,0.22869631599309934,0.0022869631599309933,0.004116533687875788,scenario,carrageenan,1145.044352826696
0.0,brain,3.3960056096409037,0.988331936267,0.011668063733,0.3546776428800612,35.46776428800612,0.14345954508441494,14.345954508441494,0.24708298406675,24.708298406675,0.0067461798464443865,0.6746179846444387,0.006746179846444386,0.00944465178502214,scenario,carrageenan,0.001
0.08333333333333333,brain,3.484750830317166,0.988372304185,0.011627695815,0.3561933983339056,35.61933983339056,0.1454670963835408,14.54670963835408,0.24709307604625,24.709307604625,0.006318005690211605,0.6318005690211604,0.006318005690211605,0.008845207966296245,scenario,carrageenan,57.68870580924298
0.16666666666666666,brain,3.5763984774167974,0.988438206191,0.011561793809,0.3577596981911324,35.77596981911324,0.1475335288578432,14.75335288578432,0.24710955154775,24.710955154775,0.00596341318140729,0.596341318140729,0.00596341318140729,0.008348778453970206,scenario,carrageenan,115.37641161848589
0.25,brain,3.6707999483031655,0.988534973757,0.011465026243,0.3593727518636214,35.937275186362136,0.14965201123249516,14.965201123249516,0.24713374343925,24.713374343924997,0.005665768666824891,0.5665768666824891,0.005665768666824891,0.007932076133554847,scenario,carrageenan,173.06411742772886
0.3333333333333333,brain,3.767782849180906,0.98865613457,0.01134386543,0.3610241745248572,36.10241745248572,0.15181352117647623,15.181352117647624,0.2471640336425,24.71640336425,0.0054130069313375285,0.5413006931337528,0.005413006931337528,0.007578209703872538,scenario,carrageenan,230.75182323697197
0.4166666666666667,brain,3.8671508022817074,0.988795559376,0.011204440624,0.36270537507074163,36.27053750707417,0.15400864696898883,15.400864696898884,0.247198889844,24.7198889844,0.005196153078240124,0.5196153078240123,0.005196153078240123,0.007274614309536171,scenario,carrageenan,288.43952904621483
0.5,brain,3.968683455617941,0.988950235014,0.011049764986,0.3644086106513809,36.440861065138094,0.15622806919717455,15.622806919717455,0.2472375587535,24.72375587535,0.005008383592868632,0.5008383592868632,0.005008383592868632,0.007011737030016084,scenario,carrageenan,346.1272348554579
0.5833333333333334,brain,4.072136706947525,0.989115318479,0.010884681521,0.3661252152872644,36.61252152872644,0.15846184755668585,15.846184755668585,0.24727882961975,24.727882961975002,0.004844410388509525,0.4844410388509525,0.004844410388509525,0.006782174543913335,scenario,carrageenan,403.8149406647006
0.6666666666666666,brain,4.177243151586833,0.989285386077,0.010714613923,0.3678460853507984,36.78460853507984,0.16069965177539786,16.069965177539785,0.24732134651925,24.732134651925,0.0047000653456159645,0.47000653456159647,0.004700065345615965,0.006580091483862351,scenario,carrageenan,461.50264647394374
0.75,brain,4.2837127614519845,0.989459313757,0.010540686243,0.36956353610159054,36.956353610159056,0.16293161021645403,16.293161021645403,0.24736482843925,24.736482843925,0.004572013218004096,0.4572013218004096,0.004572013218004097,0.006400818505205736,scenario,carrageenan,519.1903522831869
0.8333333333333334,brain,4.391233800224798,0.989635432318,0.010364567682,0.3712695603936568,37.12695603936568,0.1651476030855424,16.51476030855424,0.2474088580795,24.74088580795,0.004457548984347094,0.4457548984347094,0.004457548984347095,0.006240568578085933,scenario,carrageenan,576.8780580924298
0.9166666666666666,brain,4.499473976855683,0.98981046453,0.01018953547,0.37295546512463373,37.295546512463375,0.1673371319895116,16.73371319895116,0.2474526161325,24.74526161325,0.004354452097038771,0.4354452097038771,0.004354452097038771,0.0060962329358542795,scenario,carrageenan,634.5657639016727
1.0,brain,4.608081836764324,0.989978916161,0.010021083839,0.3746116699746529,37.46116699746529,0.1694892545792039,16.948925457920392,0.24749472904025,24.749472904024998,0.004260879891824289,0.4260879891824289,0.004260879891824289,0.0059652318485540045,scenario,carrageenan,692.2534697109156
1.0833333333333333,brain,4.716688387117371,0.990136341259,0.009863658741,0.3773536249328808,37.73536249328808,0.1730927194908411,17.30927194908411,0.24753408531475,24.753408531475,0.004405146483643365,0.4405146483643365,0.004405146483643366,0.006167205077100712,scenario,carrageenan,679.2066828081241
1.1666666666666667,brain,4.824908949491855,0.990276368265,0.009723631735,0.38006812803263623,38.00681280326362,0.176665381288515,17.6665381288515,0.24756909206625,24.756909206625,0.004551980589315073,0.45519805893150733,0.004551980589315074,0.006372772825041103,scenario,carrageenan,666.1598959053324
1.25,brain,4.9323452301184965,0.990392031741,0.009607968259,0.3827436790594624,38.274367905946235,0.18019422816561648,18.019422816561647,0.24759800793525,24.759800793525,0.004701083560080696,0.4701083560080696,0.004701083560080697,0.006581516984112976,scenario,carrageenan,653.1131090025405
1.3333333333333333,brain,5.038587594788179,0.990478401632,0.009521598368,0.3853694745357098,38.53694745357098,0.18366649883694644,18.366649883694645,0.247619600408,24.7619600408,0.004852133733101086,0.48521337331010855,0.004852133733101085,0.006792987226341519,scenario,carrageenan,640.0663220997488
1.4166666666666667,brain,5.143217532447122,0.990541337306,0.009458662694,0.38793891904755107,38.79389190475511,0.1870714462947347,18.707144629473472,0.2476353343265,24.76353343265,0.005004787624836744,0.5004787624836744,0.005004787624836744,0.007006702674771441,scenario,carrageenan,627.0195351969572
1.5,brain,5.245810288552732,0.990583143235,0.009416856765,0.39044416249679903,39.044416249679905,0.1903978355840654,19.03978355840654,0.24764578580875,24.764578580875,0.005158681361299559,0.5158681361299559,0.005158681361299559,0.0072221539058193816,scenario,carrageenan,613.9727482941655
1.5833333333333333,brain,5.345937646463428,0.990604973832,0.009395026168,0.39287705809775203,39.287705809775204,0.1936344195196694,19.36344195196694,0.247651243458,24.7651243458,0.005313432340811358,0.5313432340811358,0.005313432340811358,0.007438805277135901,scenario,carrageenan,600.9259613913738
1.6666666666666667,brain,5.4431708325422745,0.990608053063,0.009391946937,0.3952296825638184,39.522968256381844,0.1967702257307579,19.67702257307579,0.24765201326575,24.765201326575,0.005468641122047188,0.5468641122047189,0.005468641122047188,0.0076560975708660625,scenario,carrageenan,587.8791744885821
1.75,brain,5.537083518314258,0.990593583035,0.009406416965,0.3974943455433,39.74943455433,0.19979459971273336,19.979459971273336,0.24764839575875,24.764839575875,0.005623893527283457,0.5623893527283457,0.005623893527283457,0.007873450938196839,scenario,carrageenan,574.8323875857909
1.8333333333333333,brain,5.627254890976207,0.990562719199,0.009437280801,0.3996636216767119,39.966362167671186,0.20269725583594914,20.269725583594912,0.24764067979975,24.764067979975,0.005778762947956443,0.5778762947956443,0.005778762947956443,0.00809026812713902,scenario,carrageenan,561.7856006829987
1.9166666666666667,brain,5.71327276185827,0.990516598417,0.009483401583,0.40173040063822407,40.173040063822405,0.2054683347119654,20.54683347119654,0.24762914960425,24.762914960425,0.005932812836909272,0.5932812836909271,0.005932812836909271,0.00830593797167298,scenario,carrageenan,548.7388137802072
2.0,brain,5.79473668111376,0.990456447511,0.009543552489,0.4036879670815837,40.36879670815837,0.20809847360511158,20.809847360511156,0.24761411187775,24.761411187775,0.006085599369109265,0.6085599369109266,0.0060855993691092646,0.00851983911675297,scenario,carrageenan,535.6920268774156
2.0833333333333335,brain,5.871261026001631,0.990384024692,0.009615975308,0.4054832286845795,40.548322868457944,0.21051629668210595,21.051629668210595,0.247596006173,24.759600617300002,0.006223093914896232,0.6223093914896233,0.006223093914896233,0.008712331480854726,scenario,carrageenan,525.1105055518502
2.1666666666666665,brain,5.942478029647724,0.990300655672,0.009699344328,0.4071563988476929,40.71563988476929,0.21277497990625718,21.27749799062572,0.247575163918,24.7575163918,0.006357518235001022,0.6357518235001022,0.006357518235001022,0.008900525529001429,scenario,carrageenan,514.5289842262852
2.25,brain,6.008040717145969,0.990207505337,0.009792494663,0.40870208283180676,40.87020828318067,0.2148669419967423,21.48669419967423,0.24755187633425,24.755187633425,0.006488415350325344,0.6488415350325344,0.006488415350325345,0.009083781490455483,scenario,carrageenan,503.94746290072004
2.3333333333333335,brain,6.067625716299092,0.99010597014,0.00989402986,0.41011545236765967,41.01154523676597,0.21678527977687959,21.67852797768796,0.247526492535,24.7526492535,0.00661533647761015,0.661533647761015,0.00661533647761015,0.00926147106865421,scenario,carrageenan,493.3659415751545
2.4166666666666665,brain,6.120935911203403,0.989997446532,0.010002553468,0.41139216999860667,41.139216999860665,0.21852374448747558,21.852374448747558,0.247499361633,24.7499361633,0.006737844266580687,0.6737844266580687,0.006737844266580687,0.009432981973212962,scenario,carrageenan,482.78442024958974
2.5,brain,6.1677029082482795,0.989883087915,0.010116912085,0.41252830360539583,41.25283036053958,0.2200767088355278,22.00767088355278,0.24747077197875,24.747077197875,0.006855516016592206,0.6855516016592206,0.006855516016592206,0.009597722423229087,scenario,carrageenan,472.2028989240242
2.5833333333333335,brain,6.20768928591488,0.989763355665,0.010236644335,0.41352015063561043,41.35201506356104,0.22143908229248063,22.143908229248062,0.24744083891625,24.744083891625,0.006967946840984066,0.6967946840984066,0.006967946840984066,0.009755125577377692,scenario,carrageenan,461.6213775984589
2.6666666666666665,brain,6.24069060199884,0.989639177078,0.010360822922,0.4143647307251967,41.43647307251967,0.22260658194092892,22.26065819409289,0.2474097942695,24.74097942695,0.007074752747424992,0.7074752747424992,0.007074752747424991,0.009904653846394986,scenario,carrageenan,451.0398562728937
2.75,brain,6.266537134519047,0.989511522278,0.010488477722,0.4150596196337238,41.50596196337238,0.22357565208563174,22.357565208563173,0.2473778805695,24.73778805695,0.007175573603018957,0.7175573603018957,0.007175573603018956,0.010045803044226538,scenario,carrageenan,440.45833494732847
2.8333333333333335,brain,6.285095335572587,0.989381349635,0.010618650365,0.4156029332892863,41.56029332892863,0.22434346117404844,22.434346117404843,0.24734533740875,24.734533740875,0.007270075953838148,0.7270075953838149,0.007270075953838148,0.010178106335373407,scenario,carrageenan,429.8768136217632
2.9166666666666665,brain,6.296268980711405,0.989249453468,0.010750546532,0.4159932685486226,41.59932685486226,0.2249078735754968,22.490787357549678,0.247312363367,24.7312363367,0.0073579556698469125,0.7357955669846913,0.007357955669846913,0.010301137937785677,scenario,carrageenan,419.2952922961982
3.0,brain,6.3,0.989116675406,0.010883324594,0.4162297949464179,41.62297949464179,0.22526750145989047,22.52675014598905,0.2472791688515,24.72791688515,0.007438940387863715,0.7438940387863715,0.007438940387863714,0.010414516543009199,scenario,carrageenan,408.71377097063294
3.0833333333333335,brain,6.296268980711405,0.988983895611,0.011016104389,0.4163122526659589,41.63122526659589,0.22542170501761186,22.542170501761184,0.24724597390275,24.724597390275,0.007512791727255761,0.7512791727255761,0.007512791727255761,0.010517908418158065,scenario,carrageenan,398.1322496450678
3.1666666666666665,brain,6.285095335572587,0.988851994249,0.011148005751,0.41624093630249664,41.62409363024967,0.22537058365366217,22.537058365366217,0.24721299856225,24.721299856225002,0.00757930725544643,0.757930725544643,0.007579307255446431,0.010611030157625002,scenario,carrageenan,387.55072831950235
3.25,brain,6.266537134519047,0.988721706383,0.011278293617,0.41601663222235424,41.60166322223542,0.2251149408354723,22.51149408354723,0.24718042659575,24.718042659575,0.0076383221830070265,0.7638322183007027,0.007638322183007027,0.010693651056209837,scenario,carrageenan,376.9692069939373
3.3333333333333335,brain,6.24069060199884,0.988593681372,0.011406318628,0.41564064070980705,41.564064070980706,0.2246562938224094,22.46562938224094,0.247148420343,24.7148420343,0.00768971077106568,0.768971077106568,0.00768971077106568,0.01076559507949195,scenario,carrageenan,366.38768566837183
3.4166666666666665,brain,6.20768928591488,0.988468680494,0.011531319506,0.41511485484593125,41.51148548459312,0.2239969129632416,22.39969129632416,0.2471171701235,24.71171701235,0.007733387436956651,0.7733387436956651,0.007733387436956651,0.010826742411739311,scenario,carrageenan,355.8061643428069
3.5,brain,6.1677029082482795,0.988347465049,0.011652534951,0.4144417075266743,41.44417075266743,0.22313978835256576,22.313978835256577,0.24708686626225,24.708686626225,0.007769307547409868,0.7769307547409868,0.007769307547409868,0.010877030566373815,scenario,carrageenan,345.2246430172415
3.5833333333333335,brain,6.120935911203403,0.988230832059,0.011769167941,0.4136241789420382,41.362417894203816,0.22208862790305087,22.208862790305087,0.24705770801475,24.705770801474998,0.007797467892096254,0.7797467892096255,0.007797467892096255,0.010916455048934756,scenario,carrageenan,334.6431216916762
3.6666666666666665,brain,6.067625716299092,0.988119690067,0.011880309933,0.41266581892596826,41.266581892596825,0.2208478618789577,22.08478618789577,0.24702992251675,24.702992251675,0.007817906833952094,0.7817906833952094,0.007817906833952094,0.010945069567532932,scenario,carrageenan,324.06160036611107
3.75,brain,6.008040717145969,0.98801485225,0.01198514775,0.4115706491942463,41.15706491942463,0.21942258150899507,21.94225815089951,0.2470037130625,24.70037130625,0.007830704136355318,0.7830704136355319,0.007830704136355318,0.010962985790897445,scenario,carrageenan,313.480079040546
3.8333333333333335,brain,5.942478029647724,0.987917121065,0.012082878935,0.41034318600672104,41.0343186006721,0.21781854098729478,21.78185409872948,0.24697928026625,24.697928026625,0.007835980470869251,0.783598047086925,0.007835980470869253,0.010970372659216953,scenario,carrageenan,302.89855771498054
3.9166666666666665,brain,5.871261026001631,0.987827298964,0.012172701036,0.40898842966477855,40.89884296647786,0.21604213989837143,21.60421398983714,0.246956824741,24.6956824741,0.007833896612855407,0.7833896612855407,0.007833896612855405,0.010967455257997567,scenario,carrageenan,292.3170363894154
4.0,brain,5.79473668111376,0.987746188403,0.012253811597,0.40751184728824963,40.75118472882496,0.2141004002499995,21.410040024999947,0.24693654710075,24.693654710075,0.007824652335738869,0.7824652335738869,0.007824652335738869,0.010954513270034416,scenario,carrageenan,281.7355150638502
4.083333333333333,brain,5.71327276185827,0.987674591836,0.012325408164,0.4057794388556591,40.57794388556591,0.2118143878622121,21.18143878622121,0.246918647959,24.691864795900003,0.007746436647156938,0.7746436647156938,0.007746436647156938,0.010845011306019713,scenario,carrageenan,278.18678671172876
4.166666666666667,brain,5.627254890976207,0.987613311719,0.012386688281,0.4039394060267001,40.39394060267001,0.20938143746260007,20.938143746260007,0.24690332792975,24.690332792975,0.007661421180286703,0.7661421180286703,0.007661421180286703,0.010725989652401383,scenario,carrageenan,274.63805835960727
4.25,brain,5.537083518314258,0.987563031256,0.012436968744,0.401998677435185,40.1998677435185,0.20681055949491334,20.681055949491334,0.246890757814,24.6890757814,0.0075700628062154805,0.7570062806215481,0.0075700628062154805,0.010598087928701672,scenario,carrageenan,271.0893300074857
4.333333333333333,brain,5.443170832542275,0.987523745312,0.012476254688,0.39996426624005954,39.996426624005956,0.20411110654941267,20.411110654941268,0.246880936328,24.6880936328,0.007472842008652072,0.7472842008652072,0.007472842008652072,0.0104619788121129,scenario,carrageenan,267.54060165536447
4.416666666666667,brain,5.345937646463428,0.987495916833,0.012504083167,0.3978437115829551,39.784371158295514,0.20129297649960684,20.129297649960684,0.24687397920825,24.687397920825,0.007370259185606601,0.7370259185606601,0.0073702591856066,0.01031836285984924,scenario,carrageenan,263.9918733032429
4.5,brain,5.245810288552732,0.987480120804,0.012519879196,0.39564489659853697,39.5644896598537,0.19836648853004926,19.836648853004927,0.246870030201,24.6870030201,0.00726283086048173,0.7262830860481729,0.00726283086048173,0.010167963204674422,scenario,carrageenan,260.4431449511214
4.583333333333333,brain,5.143217532447123,0.987476932211,0.012523067789,0.3933759650084755,39.337596500847546,0.19534230927430063,19.534230927430063,0.24686923305275,24.686923305275,0.007151085842245934,0.7151085842245934,0.007151085842245933,0.010011520179144306,scenario,carrageenan,256.8944165990001
4.666666666666667,brain,5.038587594788179,0.98748692604,0.01251307396,0.39104528074906897,39.104528074906895,0.1922313989854253,19.22313989854253,0.24687173151,24.687173151,0.007035561374154693,0.7035561374154693,0.007035561374154693,0.00984978592381657,scenario,carrageenan,253.3456882468786
4.75,brain,4.9323452301184965,0.987510677278,0.012489322722,0.3886613849839055,38.86613849839055,0.18904495421920736,18.904495421920736,0.2468776693195,24.68776693195,0.0069167993097672175,0.6916799309767218,0.0069167993097672175,0.009683519033674103,scenario,carrageenan,249.796959894757
4.833333333333333,brain,4.824908949491855,0.987548760911,0.012451239089,0.38623295074219605,38.623295074219605,0.18579434735259473,18.579434735259472,0.24688719022775,24.688719022775,0.006795342353794075,0.6795342353794075,0.006795342353794076,0.009513479295311706,scenario,carrageenan,246.24823154263558
4.916666666666667,brain,4.716688387117371,0.987601487304,0.012398512696,0.3837686326687264,38.37686326687264,0.18249101445696855,18.249101445696855,0.246900371826,24.6900371826,0.006671730403630779,0.6671730403630779,0.006671730403630779,0.009340422565083089,scenario,carrageenan,242.6995031905141
5.0,brain,4.608081836764324,0.987665998813,0.012334001187,0.3812759004765266,38.12759004765266,0.1791458676977021,17.91458676977021,0.24691649970325,24.691649970325,0.006546497025318234,0.6546497025318234,0.006546497025318234,0.009165095835445527,scenario,carrageenan,239.1507748383927
5.083333333333333,brain,4.499473976855683,0.987740736129,0.012259263871,0.3787627421148744,37.876274211487434,0.17577007744349912,17.577007744349913,0.24693518403225,24.693518403225,0.0064201660951631314,0.6420166095163131,0.0064201660951631314,0.008988232533228384,scenario,carrageenan,235.60204648627126
5.166666666666667,brain,4.391233800224797,0.987824893465,0.012175106535,0.3762373888887982,37.62373888887982,0.17237488736339757,17.237488736339756,0.24695622336625,24.695622336625,0.006293248635396169,0.6293248635396169,0.006293248635396168,0.008810548089554636,scenario,carrageenan,232.05331813414978
5.25,brain,4.2837127614519845,0.987917665032,0.012082334968,0.37370796920229477,37.37079692022947,0.1689714039257264,16.89714039257264,0.246979416258,24.6979416258,0.0061662398690942085,0.6166239869094209,0.006166239869094209,0.008632735816731893,scenario,carrageenan,228.50458978202843
5.333333333333333,brain,4.177243151586833,0.988018245045,0.011981754955,0.371182457192619,37.1182457192619,0.16557052790849194,16.557052790849195,0.24700456126125,24.700456126125,0.00603961651619943,0.603961651619943,0.006039616516199429,0.0084554631226792,scenario,carrageenan,224.95586142990683
5.416666666666667,brain,4.072136706947524,0.988125926838,0.011874073162,0.3686686591588058,36.86686591588058,0.16218290326574106,16.218290326574106,0.2470314817095,24.70314817095,0.00591383434889152,0.591383434889152,0.00591383434889152,0.008279368088448126,scenario,carrageenan,221.40713307778546
5.5,brain,3.968683455617941,0.988240345146,0.011759654854,0.36617425297823986,36.617425297823985,0.15881888892231982,15.881888892231983,0.2470600862865,24.70600862865,0.0057893260208677745,0.5789326020867774,0.005789326020867774,0.008105056429214883,scenario,carrageenan,217.85840472566392
5.583333333333333,brain,3.8671508022817083,0.988360888434,0.011639111566,0.3637065205697353,36.370652056973526,0.1554883979483137,15.54883979483137,0.2470902221085,24.70902221085,0.005666499181320259,0.5666499181320259,0.0056664991813202585,0.007933098853848361,scenario,carrageenan,214.30967637354266
5.666666666666667,brain,3.7677828491809056,0.988486914246,0.011513085754,0.3612723856287618,36.12723856287618,0.15220087608968239,15.220087608968239,0.2471217285615,24.71217285615,0.005545734880628571,0.5545734880628571,0.005545734880628571,0.0077640288328799986,scenario,carrageenan,210.76094802142111
5.75,brain,3.6707999483031655,0.988617780124,0.011382219876,0.3588783844957233,35.88783844957233,0.14896525261963103,14.896525261963104,0.247154445031,24.715444503100002,0.005427386271068499,0.54273862710685,0.005427386271068499,0.007598340779495899,scenario,carrageenan,207.21221966929974
5.833333333333333,brain,3.576398477416798,0.988752843612,0.011247156388,0.35653062934597723,35.65306293459772,0.145789891257303,14.578989125730299,0.247188210903,24.7188210903,0.00531177760222606,0.531177760222606,0.00531177760222606,0.0074364886431164835,scenario,carrageenan,203.6634913171781
5.916666666666667,brain,3.4847508303171653,0.98889159042,0.01110840958,0.3542348217185387,35.42348217185387,0.1426825654847183,14.26825654847183,0.247222897605,24.7222897605,0.005199203507353842,0.5199203507353842,0.0051992035073538416,0.0072788849102953775,scenario,carrageenan,200.11476296505683
6.0,brain,3.3960056096409037,0.989033626257,0.010966373743,0.3519962205937832,35.19962205937832,0.13965041870604428,13.965041870604427,0.24725840656425,24.725840656425,0.00508992857365885,0.5089928573658851,0.005089928573658851,0.0071259000031223905,scenario,carrageenan,196.5660346129353
6.083333333333333,brain,3.310288008864805,0.989178410527,0.010821589473,0.349819524594598,34.9819524594598,0.136699895950464,13.6699895950464,0.24729460263175,24.729460263175,0.004984187186508759,0.4984187186508759,0.004984187186508759,0.006977862061112262,scenario,carrageenan,193.01730626081385
6.166666666666667,brain,3.2277003686447716,0.989325401164,0.010674598836,0.3477089077327566,34.77089077327566,0.13383674325567543,13.383674325567544,0.247331350291,24.7331350291,0.0048821836348222816,0.48821836348222813,0.0048821836348222816,0.006835057088751194,scenario,carrageenan,189.46857790869234
6.25,brain,3.1483228914732764,0.989474056103,0.010525943897,0.3456680086587002,34.566800865870015,0.13106599284393353,13.106599284393353,0.24736851402575,24.736851402575,0.0047840924624970495,0.47840924624970493,0.00478409246249705,0.006697729447495871,scenario,carrageenan,185.91984955657088
6.333333333333333,brain,3.072214497742374,0.989623834307,0.010376165693,0.34369992534094523,34.36999253409452,0.12839195568559364,12.839195568559363,0.24740595857675,24.740595857675,0.004690059048647504,0.4690059048647504,0.004690059048647504,0.006566082668106506,scenario,carrageenan,182.37112120444948
6.416666666666667,brain,2.9994138056896853,0.989774245875,0.010225754125,0.3418072322209789,34.18072322209789,0.12581822766963857,12.581822766963857,0.24744356146875,24.744356146875,0.004600200397690435,0.4600200397690435,0.004600200397690436,0.00644028055676661,scenario,carrageenan,178.822392852328
6.5,brain,2.9299402173685154,0.989924795893,0.010075204107,0.3399919656830971,33.999196568309706,0.12334768894646278,12.334768894646277,0.24748119897325,24.748119897325,0.004514606118935374,0.45146061189353737,0.004514606118935374,0.006320448566509523,scenario,carrageenan,175.2736645002065
6.583333333333333,brain,2.863795092708119,0.990074967174,0.009925032826,0.3382556286014251,33.82556286014251,0.12098251574390013,12.098251574390014,0.2475187417935,24.75187417935,0.004433339574312474,0.44333395743124737,0.004433339574312474,0.006206675404037463,scenario,carrageenan,171.7249361480851
6.666666666666667,brain,2.8009629939001135,0.990224242532,0.009775757468,0.33659921328316045,33.659921328316045,0.11872420353354723,11.872420353354723,0.247556060633,24.7556060633,0.004356439172197333,0.4356439172197333,0.004356439172197334,0.006099014841076267,scenario,carrageenan,168.1762077959636
6.75,brain,2.741412982743137,0.990372104779,0.009627895221,0.3350232210051266,33.50232210051266,0.11657359308050211,11.65735930805021,0.24759302619475,24.759302619474997,0.00428391978495944,0.428391978495944,0.00428391978495944,0.005997487698943216,scenario,carrageenan,164.62747944384222
6.833333333333333,brain,2.685099954178626,0.990518090804,0.009481909196,0.33352770366874446,33.352770366874445,0.11453090795699263,11.453090795699262,0.247629522701,24.7629522701,0.004215774267853065,0.42157742678530646,0.0042157742678530655,0.005902083974994292,scenario,carrageenan,161.0787510917207
6.916666666666667,brain,2.631965990032673,0.990662149621,0.009337850379,0.3321124102734319,33.21124102734319,0.11259583049090921,11.25958304909092,0.24766553740525,24.766553740524998,0.004151975057165591,0.4151975057165591,0.00415197505716559,0.005812765080031826,scenario,carrageenan,157.53002273959922
7.0,brain,2.5819417179174344,0.990803979135,0.009196020865,0.3307765923542867,33.07765923542867,0.1107674634273823,11.07674634273823,0.24770099478375,24.770099478375,0.004092475826114013,0.4092475826114013,0.004092475826114013,0.005729466156559618,scenario,carrageenan,153.98129438747787
7.083333333333333,brain,2.534947661315062,0.99094319537,0.00905680463,0.3295190942571612,32.95190942571612,0.10904439388621494,10.904439388621494,0.2477357988425,24.77357988425,0.004037213177807846,0.4037213177807846,0.004037213177807846,0.005652098448930984,scenario,carrageenan,150.43256603535636
7.166666666666667,brain,2.490895568041654,0.991079414349,0.008920585651,0.3283384146283741,32.83384146283741,0.10742474805483207,10.742474805483207,0.24776985358725,24.776985358725,0.003986108355645622,0.39861083556456217,0.003986108355645622,0.0055805516979038705,scenario,carrageenan,146.88383768323493
7.25,brain,2.4496897055427063,0.991212252095,0.008787747905,0.32723274135937225,32.723274135937224,0.10590623778082965,10.590623778082966,0.24780306302375,24.780306302375,0.003939068952750619,0.39390689527506195,0.00393906895275062,0.0055146965338508675,scenario,carrageenan,143.33510933111344
7.333333333333333,brain,2.411228112779916,0.991341324632,0.008658675368,0.3261999871445804,32.619998714458035,0.10448620798210716,10.448620798210715,0.247835331158,24.7835331158,0.003895990603446319,0.38959906034463193,0.003895990603446319,0.005454386844824847,scenario,carrageenan,139.78638097899199
7.416666666666667,brain,2.375403799808154,0.991466247982,0.008533752018,0.32523782514133476,32.52378251413347,0.10316168419444634,10.316168419444633,0.2478665619955,24.78665619955,0.0038567586412903794,0.3856758641290379,0.00385675864129038,0.005399462097806532,scenario,carrageenan,136.2376526268706
7.5,brain,2.342105887488379,0.991586680654,0.008413319346,0.3243437381606826,32.43437381606826,0.10192942399624351,10.192942399624352,0.2478966701635,24.789667016350002,0.003821249709794606,0.3821249709794606,0.0038212497097946056,0.005349749593712447,scenario,carrageenan,132.68892427474907
7.583333333333333,brain,2.3112206811165255,0.991703104176,0.008296895824,0.32351530760644903,32.351530760644906,0.10078604208326536,10.078604208326535,0.247925776044,24.7925776044,0.003789333313625881,0.3789333313625881,0.0037893333136258815,0.0053050666390762335,scenario,carrageenan,129.1401959226277
7.666666666666667,brain,2.282632673051081,0.991815681129,0.008184318871,0.32274987188997667,32.27498718899767,0.09972793547696888,9.972793547696888,0.24795392028225,24.795392028225,0.0037608732997789773,0.37608732997789773,0.003760873299778977,0.005265222619690567,scenario,carrageenan,125.59146757050614
7.75,brain,2.25622547067654,0.991924299108,0.008075700892,0.3220445742594926,32.204457425949265,0.09875133264332348,9.875133264332348,0.247981074777,24.7981074777,0.003735729259908413,0.3735729259908413,0.003735729259908413,0.005230020963871778,scenario,carrageenan,122.04273921838478
7.833333333333333,brain,2.231882647231678,0.992028845712,0.007971154288,0.3213964831955711,32.13964831955711,0.0978523623567615,9.78523623567615,0.248007211428,24.8007211428,0.003713757846677244,0.3713757846677244,0.003713757846677244,0.0051992609853481414,scenario,carrageenan,118.49401086626334
7.916666666666667,brain,2.2094885141485725,0.992129208537,0.007870791463,0.3208026205966975,32.08026205966975,0.09702709128326333,9.702709128326333,0.24803230213425,24.803230213425,0.0036948139986025326,0.36948139986025325,0.003694813998602533,0.005172739598043546,scenario,carrageenan,114.9452825141418
8.0,brain,2.188928814580652,0.992225275181,0.007774724819,0.32025998780448983,32.02599878044899,0.09627155867898646,9.627155867898646,0.24805631879525,24.805631879525,0.003678752069430155,0.3678752069430155,0.003678752069430155,0.005150252897202217,scenario,carrageenan,111.3965541620204
8.083333333333334,brain,2.1700913387383176,0.992316933239,0.007683066761,0.3197390707349644,31.973907073496438,0.09554644990028581,9.554644990028581,0.24807923330975,24.807923330975,0.0036525676879160755,0.36525676879160757,0.0036525676879160755,0.005113594763082505,scenario,carrageenan,110.34903157724979
8.166666666666666,brain,2.152866462493559,0.99240407612,0.00759592388,0.3192637189271188,31.92637189271188,0.09488359986282502,9.488359986282502,0.24810101903,24.810101903,0.0036290130301781394,0.3629013030178139,0.0036290130301781386,0.005080618242249394,scenario,carrageenan,109.30150899247919
8.25,brain,2.1371476114572756,0.992487219657,0.007512780343,0.3188311646779063,31.88311646779063,0.09427914635154173,9.427914635154174,0.24812180491425,24.812180491425,0.0036079208750140583,0.36079208750140584,0.003607920875014058,0.005051089225019681,scenario,carrageenan,108.25398640770857
8.333333333333334,brain,2.1228316533735665,0.992566840859,0.007433159141,0.3184386905620347,31.843869056203474,0.09372930712971296,9.372930712971296,0.24814171021475,24.814171021475,0.00358912874043795,0.358912874043795,0.0035891287404379497,0.00502478023661313,scenario,carrageenan,107.206463822938
8.416666666666666,brain,2.109819222214542,0.992643062983,0.007356937017,0.3180835431497441,31.80835431497441,0.0932303698719921,9.32303698719921,0.24816076574575,24.816076574575,0.003572479474937321,0.3572479474937321,0.003572479474937321,0.00500147126491225,scenario,carrageenan,106.15894123816739
8.5,brain,2.098014977799533,0.992716009286,0.007283990714,0.31776305910674385,31.776305910674385,0.0927787423803251,9.27787423803251,0.2481790023215,24.81790023215,0.0035578217442303376,0.3557821744230338,0.003557821744230338,0.004980950441922473,scenario,carrageenan,105.11141865339685
8.583333333333334,brain,2.0873278051074236,0.992785803026,0.007214196974,0.31747467514852973,31.74746751485297,0.09237096585603966,9.237096585603965,0.2481964507565,24.819645075649998,0.0035450104194861888,0.35450104194861887,0.0035450104194861888,0.004963014587280664,scenario,carrageenan,104.06389606862628
8.666666666666666,brain,2.0776709577050596,0.99285256746,0.00714743254,0.3172159359586393,31.72159359586393,0.09200372545818573,9.200372545818574,0.248213141865,24.821314186499997,0.0035339068734921543,0.3533906873492154,0.003533906873492154,0.004947469622889015,scenario,carrageenan,103.0163734838557
8.75,brain,2.0689621498840074,0.992916425845,0.007083574155,0.3169845002137089,31.69845002137089,0.09167385833661189,9.16738583366119,0.24822910646125,24.822910646125,0.0035243791916306612,0.3524379191630661,0.0035243791916306617,0.004934130868282926,scenario,carrageenan,101.96885089908504
8.833333333333334,brain,2.061123602188969,0.992977501439,0.007022498561,0.3167781448652296,31.67781448652296,0.0913783593406395,9.137835934063949,0.24824437535975,24.824437535975,0.0035163023047775884,0.3516302304777588,0.0035163023047775884,0.004922823226688623,scenario,carrageenan,100.92132831431447
8.916666666666666,brain,2.054082045040952,0.993035781604,0.006964218396,0.31659472450858295,31.659472450858296,0.0911143721434439,9.11143721434439,0.248258945401,24.8258945401,0.0035095580513598065,0.3509558051359806,0.0035095580513598065,0.004913381271903728,scenario,carrageenan,99.87380572954392
9.0,brain,2.047768685114442,0.993091177999,0.006908822001,0.31643219195399724,31.643219195399723,0.090879196605663,9.0879196605663,0.24827279449975,24.827279449975002,0.0035040351758271267,0.35040351758271265,0.0035040351758271263,0.004905649246157977,scenario,carrageenan,98.82628314477323
9.083333333333334,brain,2.0421191390279962,0.993143744249,0.006856255751,0.31628866758226626,31.628866758226625,0.09067030869335506,9.067030869335506,0.24828593606225,24.828593606225,0.003499629270713145,0.3499629270713145,0.0034996292707131444,0.004899480978998402,scenario,carrageenan,97.77876056000265
9.166666666666666,brain,2.0370733387596878,0.993193534407,0.006806465593,0.31616239304003013,31.616239304003013,0.09048534591770686,9.048534591770686,0.24829838360175,24.829838360175,0.0034962426692934897,0.34962426692934895,0.0034962426692934892,0.004894739737010885,scenario,carrageenan,96.7312379752321
9.25,brain,2.0325754130103175,0.993240602522,0.006759397478,0.3160517290244105,31.605172902441048,0.09032210452521397,9.032210452521397,0.2483101506305,24.83101506305,0.003493784295610612,0.34937842956106124,0.0034937842956106126,0.004891298013854857,scenario,carrageenan,95.68371539046153
9.333333333333334,brain,2.028573548515788,0.993285002645,0.006714997355,0.3159551523926155,31.59551523926155,0.09017853564182074,9.017853564182074,0.24832125066125,24.832125066125,0.0034921694783339448,0.34921694783339446,0.003492169478333945,0.004889037269667523,scenario,carrageenan,94.63619280569087
9.416666666666666,brain,2.025019835062549,0.993326788827,0.006673211173,0.31587125259010856,31.587125259010858,0.09005274051114476,9.005274051114476,0.24833169720675,24.833169720675,0.0034913197345742184,0.34913197345742186,0.003491319734574218,0.004887847628403905,scenario,carrageenan,93.58867022092033
9.5,brain,2.0218700976933546,0.993366015119,0.006633984881,0.31579872752727145,31.579872752727145,0.08994296499669527,8.994296499669527,0.24834150377975,24.834150377975,0.0034911625293824002,0.34911625293824,0.0034911625293824002,0.00488762754113536,scenario,carrageenan,92.54114763614966
9.583333333333334,brain,2.0190837193108817,0.993402818256,0.006597181744,0.31573640530059954,31.573640530059954,0.08984760098213272,8.984760098213272,0.248350704564,24.8350704564,0.003491631016247137,0.3491631016247137,0.0034916310162471367,0.004888283422745991,scenario,carrageenan,91.49362505137911
9.666666666666666,brain,2.016623456599733,0.993437405859,0.006562594141,0.3156832355300015,31.56832355300015,0.08976517875366864,8.976517875366865,0.24835935146475,24.835935146475,0.0034926637634696335,0.34926637634696334,0.0034926637634696335,0.004889729268857486,scenario,carrageenan,90.44610246660855
9.75,brain,2.0144552518981085,0.993469784885,0.006530215115,0.31563819795245873,31.563819795245873,0.08969433564161164,8.969433564161164,0.24836744622125,24.836744622125,0.0034942044708499423,0.3494204470849942,0.0034942044708499423,0.0048918862591899185,scenario,carrageenan,89.39857988183792
9.833333333333334,brain,2.012548043363424,0.993499955336,0.006500044664,0.3156003587509769,31.560035875097693,0.08963382655596921,8.963382655596922,0.248374988834,24.8374988834,0.00349620168067169,0.349620168067169,0.00349620168067169,0.004894682352940365,scenario,carrageenan,88.35105729706731
9.916666666666666,brain,2.010873575495326,0.993527917211,0.006472082789,0.315568867423787,31.556886742378698,0.08958251749471598,8.958251749471598,0.24838197930275,24.838197930275,0.0034986084865300045,0.34986084865300043,0.003498608486530004,0.004898051881142005,scenario,carrageenan,87.30353471229677
10.0,brain,2.0094062118081863,0.99355367051,0.00644632949,0.3155429514420315,31.55429514420315,0.08953937841937527,8.953937841937528,0.2483884176275,24.83884176275,0.0035013822431157484,0.3501382243115748,0.003501382243115749,0.004901935140362048,scenario,carrageenan,86.25601212752615
10.083333333333334,brain,2.0081227511859554,0.993577215234,0.006422784766,0.31552191096022153,31.552191096022153,0.08950347620229542,8.950347620229541,0.2483943038085,24.83943038085,0.003504484279653013,0.3504484279653013,0.0035044842796530134,0.0049062779915142185,scenario,carrageenan,85.20848954275556
10.166666666666666,brain,2.0070022492074373,0.993598551381,0.006401448619,0.31550511362745715,31.550511362745716,0.08947396770960954,8.947396770960953,0.24839963784525,24.839963784524997,0.0035078796192903406,0.35078796192903405,0.00350787961929034,0.004911031467006476,scenario,carrageenan,84.160966957985
10.25,brain,2.006025845501207,0.993617697015,0.006382302985,0.31549199527904137,31.549199527904136,0.08945009470038846,8.945009470038846,0.24840442425375,24.840442425375002,0.003511536706372305,0.35115367063723046,0.003511536706372305,0.0049161513889212265,scenario,carrageenan,83.11344437321434
10.333333333333334,brain,2.005176597977761,0.99363518323,0.00636481677,0.3154822122162761,31.54822122162761,0.08943122187836815,8.943122187836815,0.2484087958075,24.84087958075,0.003515427143169555,0.3515427143169555,0.003515427143169555,0.004921598000437377,scenario,carrageenan,82.06592178844377
10.416666666666666,brain,2.0044393245927643,0.993651256286,0.006348743714,0.3154753831899446,31.547538318994462,0.0894167588245928,8.941675882459279,0.2484128140715,24.84128140715,0.0035195254373236295,0.35195254373236295,0.0035195254373236295,0.004927335612253081,scenario,carrageenan,81.0183992036732
10.5,brain,2.003800453119821,0.993665916185,0.006334083815,0.3154710972236632,31.54710972236632,0.08940615756988422,8.940615756988421,0.24841647904625,24.841647904625,0.0035238087609690003,0.35238087609690005,0.0035238087609690003,0.0049333322653566,scenario,carrageenan,79.97087661890261
10.583333333333334,brain,2.0032478792540336,0.993679162926,0.006320837074,0.3154689875865174,31.546898758651743,0.08939892914002327,8.939892914002327,0.2484197907315,24.84197907315,0.0035282567222291936,0.3528256722229194,0.0035282567222291936,0.0049395594111208705,scenario,carrageenan,78.923354034132
10.666666666666666,brain,2.002770833228445,0.99369099651,0.00630900349,0.31546872781438406,31.546872781438406,0.08939463824917872,8.939463824917873,0.2484227491275,24.84227491275,0.0035328511495463953,0.35328511495463955,0.0035328511495463953,0.004945991609364953,scenario,carrageenan,77.87583144936144
10.75,brain,2.002359755003758,0.993701416936,0.006298583064,0.3154700279754257,31.54700279754257,0.08939289832190095,8.939289832190095,0.248425354234,24.8425354234,0.0035375758890942273,0.3537575889094227,0.0035375758890942265,0.004952606244731917,scenario,carrageenan,76.82830886459082
10.833333333333334,brain,2.002006177986741,0.993710424204,0.006289575796,0.3154726311858439,31.54726311858439,0.08939336684645854,8.939336684645854,0.248427606051,24.8427606051,0.0035424166153403365,0.35424166153403364,0.0035424166153403365,0.004959383261476471,scenario,carrageenan,75.78078627982019
10.916666666666666,brain,2.0017026211435716,0.993718018315,0.006281981685,0.3154763103706159,31.547631037061592,0.08939574105582125,8.939574105582125,0.24842950457875,24.842950457875,0.003547360654668044,0.3547360654668044,0.0035473606546680436,0.00496630491653526,scenario,carrageenan,74.73326369504962
11.0,brain,2.001442489299981,0.993724328092,0.006275671908,0.315480906162701,31.548090616270102,0.08939976551960138,8.939976551960138,0.248431082023,24.843108202299998,0.003552396821832893,0.35523968218328933,0.0035523968218328936,0.004973355550566051,scenario,carrageenan,73.68574111027905
11.083333333333334,brain,2.0012199813594136,0.993729804149,0.006270195851,0.31548638540510554,31.548638540510552,0.08940524582380735,8.940524582380736,0.24843245103725,24.843245103725,0.0035575152689192114,0.35575152689192113,0.003557515268919211,0.004980521376486895,scenario,carrageenan,72.63821852550842
11.166666666666666,brain,2.0010300061222193,0.993734485324,0.006265514676,0.31549260572800575,31.549260572800573,0.08941197919600768,8.941197919600768,0.248433621331,24.8433621331,0.003562707346371652,0.3562707346371652,0.003562707346371652,0.004987790284920312,scenario,carrageenan,71.59069594073785
11.25,brain,2.000868105352084,0.993738371619,0.006261628381,0.3154994316230674,31.549943162306736,0.08941978495775646,8.941978495775645,0.24843459290475,24.843459290475,0.0035679654756056375,0.3567965475605638,0.003567965475605638,0.004995151665847893,scenario,carrageenan,70.54317335596721
11.333333333333334,brain,2.000730383709214,0.993741463034,0.006258536966,0.31550674465509965,31.550674465509964,0.08942850519546615,8.942850519546615,0.2484353657585,24.84353657585,0.003573283032646653,0.3573283032646653,0.0035732830326466536,0.005002596245705314,scenario,carrageenan,69.49565077119667
11.416666666666666,brain,2.000613445152049,0.993743759568,0.006256240432,0.3155144415393373,31.551444153933726,0.08943800219644975,8.943800219644976,0.248435939892,24.8435939892,0.0035786542422096305,0.35786542422096307,0.0035786542422096305,0.0050101159390934825,scenario,carrageenan,68.44812818642606
11.5,brain,2.0005143353993984,0.993745261221,0.006254738779,0.3155224324010968,31.55224324010968,0.08944815612779575,8.944815612779575,0.24843631530525,24.843631530525002,0.0035840740816044663,0.35840740816044664,0.0035840740816044663,0.0050177037142462525,scenario,carrageenan,67.40060560165547
11.583333333333334,brain,2.000430490041749,0.993745967994,0.006254032006,0.3155306392047632,31.55306392047632,0.0894588629416843,8.94588629416843,0.2484364919985,24.84364919985,0.003589538193840303,0.3589538193840303,0.003589538193840303,0.005025353471376424,scenario,carrageenan,66.35308301688484
11.666666666666666,brain,2.000359687893088,0.993745881026,0.006254118974,0.31553899470168234,31.553899470168233,0.08947003259357648,8.947003259357649,0.2484364702565,24.84364702565,0.0035950428092978402,0.35950428092978404,0.0035950428092978402,0.005033059933016976,scenario,carrageenan,65.30556043211429
11.75,brain,2.000300009181943,0.993745214812,0.006254785188,0.3155475085493812,31.554750854938117,0.08948160646184157,8.948160646184157,0.248436303703,24.843630370299998,0.003600584675344195,0.3600584675344195,0.003600584675344195,0.005040818545481873,scenario,carrageenan,64.25803784734367
11.833333333333334,brain,2.000249798191642,0.993744128777,0.006255871223,0.31555618095168636,31.555618095168636,0.0894935316765818,8.949353167658181,0.24843603219425,24.843603219425,0.0036061609932771205,0.36061609932771205,0.0036061609932771205,0.005048625390587968,scenario,carrageenan,63.21051526257307
11.916666666666666,brain,2.000207629974168,0.993742622921,0.006257377079,0.3155649685087942,31.556496850879416,0.08950575037139223,8.950575037139224,0.24843565573025,24.843565573025,0.003611769362003595,0.3611769362003595,0.0036117693620035946,0.005056477106805032,scenario,carrageenan,62.16299267780251
12.0,brain,2.0001722807787896,0.993740697244,0.006259302756,0.3155738339397546,31.557383393975456,0.08951821283833947,8.951821283833947,0.248435174311,24.8435174311,0.00361740772788045,0.361740772788045,0.0036174077278804495,0.005064370819032629,scenario,carrageenan,61.1154700930319
