time_h,tissue,histamine_nm,R_surf,R_int,G_signal,G_signal_pct,G_signal_ligand,G_signal_ligand_pct,G_signal_constitutive,G_signal_constitutive_pct,beta_arr_signal,beta_arr_signal_pct,internalization_drive,k_int_eff_per_h,driver_type,driver_id,antagonist_concentration_nm
0.0,peritoneum,162.59332965541986,0.635899681915,0.364100318085,0.5697302660924961,56.97302660924961,0.5662476652597328,56.62476652597328,0.031794984095750004,3.1794984095750003,0.24538932461027965,24.538932461027965,0.24538932461027965,0.0687090108908783,scenario,zymosan,5286.707364558886
0.08333333333333333,peritoneum,167.9066943426527,0.635687447746,0.364312552254,0.5714105386692572,57.141053866925716,0.5680275434546918,56.802754345469175,0.031784372387299996,3.1784372387299995,0.2513924411371634,25.13924411371634,0.2513924411371634,0.07038988351840576,scenario,zymosan,23330.624932690647
0.16666666666666666,peritoneum,173.33368715215622,0.635475213578,0.364524786422,0.5730234534329635,57.302345343296345,0.5697365186884878,56.97365186884878,0.0317737606789,3.1773760678899996,0.25742613277714593,25.742613277714593,0.25742613277714593,0.07207931717760087,scenario,zymosan,41374.54250082236
0.25,peritoneum,178.86720746322175,0.635154802615,0.364845197385,0.5744713877693581,57.447138776935816,0.5712775238301139,57.12775238301139,0.03175774013075,3.1757740130750003,0.26347893298839603,26.347893298839605,0.26347893298839603,0.07377410123675089,scenario,zymosan,59418.46006895407
0.3333333333333333,peritoneum,184.49946918228292,0.634737449511,0.365262550489,0.5757641348665538,57.576413486655376,0.5726602762010566,57.26602762010566,0.03173687247555,3.173687247555,0.2695392436208749,26.953924362087488,0.2695392436208749,0.07547098821384497,scenario,zymosan,77462.37763708587
0.4166666666666667,peritoneum,190.22200534568566,0.634319979486,0.365680020514,0.5769897319202623,57.69897319202622,0.573972350469434,57.39723504694339,0.031715998974300004,3.1715998974300006,0.2755953937609049,27.55953937609049,0.2755953937609049,0.07716671025305338,scenario,zymosan,95506.29520521752
0.5,peritoneum,196.0256767879915,0.63385938202,0.36614061798,0.5781098598453773,57.81098598453773,0.5751756744677656,57.51756744677656,0.031692969101,3.1692969101,0.2816356972527332,28.16356972527332,0.2816356972527332,0.0788579952307653,scenario,zymosan,113550.21277334927
0.5833333333333334,peritoneum,201.9006849944302,0.633320834678,0.366679165322,0.5790934407464129,57.90934407464129,0.5762393673815925,57.62393673815925,0.0316660417339,3.16660417339,0.28764850827297933,28.764850827297934,0.28764850827297933,0.08054158231643423,scenario,zymosan,131594.130341481
0.6666666666666666,peritoneum,207.83658922803693,0.63270433746,0.36729566254,0.5799411599015962,57.99411599015962,0.5771641505564171,57.71641505564171,0.031635216873,3.1635216873,0.2936222743934479,29.36222743934479,0.2936222743934479,0.08221423683016542,scenario,zymosan,149638.04790961288
0.75,peritoneum,213.82232799191283,0.632009890367,0.367990109633,0.580653854268564,58.065385426856395,0.5779509050002253,57.795090500022525,0.03160049451835,3.160049451835,0.29954558663557984,29.954558663557982,0.29954558663557984,0.08387276425796236,scenario,zymosan,167681.9654777447
0.8333333333333334,peritoneum,219.84624485515926,0.63123756751,0.36876243249,0.5812325578842176,58.12325578842176,0.5786007152723344,57.86007152723344,0.0315618783755,3.15618783755,0.3054072260936704,30.540722609367037,0.3054072260936704,0.08551402330622772,scenario,zymosan,185725.88304587625
0.9166666666666666,peritoneum,225.89611863760953,0.630394750008,0.369605249992,0.5816851554177581,58.16851554177581,0.5791214925445874,57.91214925445875,0.031519737500400005,3.1519737500400007,0.3111962067817366,31.11962067817366,0.3111962067817366,0.08713493789888625,scenario,zymosan,203769.80061400819
1.0,peritoneum,231.95919791379004,0.629486335073,0.370513664927,0.582017377934633,58.2017377934633,0.5795190117694559,57.95190117694558,0.03147431675365,3.147431675365,0.3169018144384465,31.69018144384465,0.3169018144384465,0.08873250804276503,scenario,zymosan,221813.7181821398
1.0833333333333333,peritoneum,238.02223976089786,0.628512322705,0.371487677295,0.582230521018211,58.223052101821104,0.5797946367189064,57.97946367189064,0.03142561613525,3.1425616135250003,0.32251364110383934,32.25136411038393,0.32251364110383934,0.09030381950907503,scenario,zymosan,221545.2773741299
1.1666666666666667,peritoneum,244.07155263930574,0.627472712905,0.372527287095,0.5823259281565526,58.23259281565526,0.5799497815908449,57.99497815908449,0.031373635645249996,3.1373635645249998,0.32802161535884067,32.80216153588407,0.32802161535884067,0.09184605230047539,scenario,zymosan,221276.8365661203
1.25,peritoneum,250.09304325754232,0.626367710493,0.373632289507,0.5823051668753214,58.230516687532145,0.5799860856322857,57.99860856322857,0.03131838552465,3.131838552465,0.3334160281922166,33.34160281922166,0.3334160281922166,0.09335648789382066,scenario,zymosan,221008.39575811048
1.3333333333333333,peritoneum,256.07226723721635,0.6252069851,0.3747930149,0.5821786402547244,58.217864025472444,0.5799139905260258,57.991399052602574,0.031260349255,3.1260349255,0.33868755452826854,33.86875545282685,0.33868755452826854,0.0948325152679152,scenario,zymosan,220739.95495010068
1.4166666666666667,peritoneum,261.9944833573149,0.623995834723,0.376004165277,0.5819527397000581,58.195273970005815,0.5797399452251665,57.97399452251665,0.031199791736150003,3.1199791736150004,0.3438272705111702,34.382727051117016,0.3438272705111702,0.09627163574312766,scenario,zymosan,220471.51414209115
1.5,peritoneum,267.84471112210724,0.622734259361,0.377265740639,0.5816289325278808,58.16289325278808,0.5794654942735061,57.94654942735061,0.03113671296805,3.113671296805,0.34882666669760126,34.88266666976013,0.34882666669760126,0.09767146667532836,scenario,zymosan,220203.0733340814
1.5833333333333333,peritoneum,273.6077913628941,0.621422259014,0.378577740986,0.5812086704492716,58.12086704492716,0.5790921657879702,57.909216578797015,0.0310711129507,3.1071112950699997,0.3536776573577018,35.36776573577018,0.3536776573577018,0.09902974406015651,scenario,zymosan,219934.63252607157
1.6666666666666667,peritoneum,279.26844955144713,0.620059968811,0.379940031189,0.5806935089484019,58.06935089484019,0.5786215900082652,57.862159000826516,0.031002998440550003,3.1002998440550003,0.3583725861250974,35.83725861250974,0.3583725861250974,0.10034432411502729,scenario,zymosan,219666.19171806212
1.75,peritoneum,284.8113614725604,0.618652149012,0.381347850988,0.5800893120677277,58.00893120677277,0.5780596890706607,57.805968907066074,0.030932607450600003,3.0932607450600003,0.362904228269787,36.290422826978705,0.362904228269787,0.10161318391554038,scenario,zymosan,219397.7509100524
1.8333333333333333,peritoneum,290.2212208750424,0.617204076821,0.382795923179,0.579402415714384,57.9402415714384,0.5774128546035094,57.741285460350944,0.03086020384105,3.086020384105,0.36726578989320136,36.72657898932014,0.36726578989320136,0.10283442117009639,scenario,zymosan,219129.31010204245
1.9166666666666667,peritoneum,295.48280869506476,0.615719715418,0.384280284582,0.5786379021764754,57.863790217647534,0.5766862277953425,57.66862277953425,0.0307859857709,3.0785985770899997,0.37145090436308004,37.145090436308,0.37145090436308004,0.10400625322166242,scenario,zymosan,218860.86929403277
2.0,peritoneum,300.5810634233816,0.614203027983,0.385796972017,0.5778008231644796,57.78008231644796,0.5758849176477153,57.58849176477153,0.03071015139915,3.071015139915,0.37545362631744067,37.54536263174407,0.37545362631744067,0.1051270153688834,scenario,zymosan,218592.4284860231
2.0833333333333335,peritoneum,305.5011521688323,0.612657977696,0.387342022304,0.576896194677222,57.689619467722196,0.5750139955709705,57.50139955709705,0.0306328988848,3.06328988848,0.37926842357240914,37.926842357240915,0.37926842357240914,0.10619515860027456,scenario,zymosan,213730.19776897217
2.1666666666666665,peritoneum,310.2285419550232,0.611088527734,0.388911472266,0.5759289925884057,57.59289925884057,0.5740784907386376,57.40784907386376,0.0305544263867,3.05544263867,0.38289016726868697,38.289016726868695,0.38289016726868697,0.10720924683523236,scenario,zymosan,208867.9670519213
2.25,peritoneum,314.74907077537864,0.60949864128,0.39050135872,0.5749041488815709,57.49041488815709,0.573083386123759,57.3083386123759,0.030474932064,3.0474932064,0.38631412058664755,38.63141205866476,0.38631412058664755,0.10816795376426132,scenario,zymosan,204005.73633487045
2.3333333333333335,peritoneum,319.04901792406065,0.60789228151,0.39210771849,0.5738265484209959,57.38265484209959,0.572033615100522,57.2033615100522,0.0303946140755,3.0394614075499997,0.3895359263511647,38.95359263511647,0.3895359263511647,0.10907005937832612,scenario,zymosan,199143.50561781967
2.4166666666666665,peritoneum,323.1151731167427,0.606273411606,0.393726588394,0.5727010262291672,57.27010262291672,0.5709340585777549,57.093405857775494,0.030313670580300003,3.0313670580300003,0.39255159383499205,39.255159383499205,0.39255159383499205,0.10991444627379779,scenario,zymosan,194281.27490076874
2.5,peritoneum,326.93490391599073,0.604645994747,0.395354005253,0.571532365156779,57.1532365156779,0.5697895425467674,56.97895425467674,0.03023229973735,3.023229973735,0.3953574850544759,39.535748505447586,0.3953574850544759,0.11070009581525325,scenario,zymosan,189419.044183718
2.5833333333333335,peritoneum,330.49622098113593,0.603013994112,0.396986005888,0.5703252939141606,57.03252939141606,0.5686048360090112,56.86048360090113,0.030150699705599998,3.01506997056,0.3979503008342321,39.795030083423214,0.3979503008342321,0.11142608423358501,scenario,zymosan,184556.81346666702
2.6666666666666665,peritoneum,333.78784067202963,0.601381192328,0.398618807672,0.5690843145367014,56.90843145367014,0.5673844788634751,56.73844788634751,0.030069059616400003,3.0069059616400002,0.40032706689869446,40.03270668986944,0.40032706689869446,0.11209157873163446,scenario,zymosan,179694.58274961644
2.75,peritoneum,336.79924454993,0.599748214798,0.400251785202,0.567810882375853,56.781088237585294,0.5661299701431085,56.61299701431085,0.0299874107399,2.9987410739900002,0.40248512022865945,40.248512022865945,0.40248512022865945,0.11269583366402466,scenario,zymosan,174832.35203256548
2.8333333333333335,peritoneum,339.5207353369041,0.598117212128,0.401882787872,0.5665078335485345,56.65078335485345,0.5648441820443522,56.484418204435215,0.0299058606064,2.99058606064,0.404422095900529,40.442209590052904,0.404422095900529,0.11323818685214813,scenario,zymosan,169970.1213155146
2.9166666666666665,peritoneum,341.9434889174153,0.596491412391,0.403508587609,0.5651789639495944,56.51789639495944,0.5635309403474152,56.353094034741524,0.029824570619550003,2.9824570619550004,0.4061359146052567,40.61359146052567,0.4061359146052567,0.11371805608947189,scenario,zymosan,165107.8905984639
3.0,peritoneum,344.05960199202656,0.594874043659,0.405125956341,0.5638280095270158,56.38280095270159,0.5621940077305957,56.21940077305957,0.02974370218295,2.974370218295,0.4076247710233107,40.76247710233107,0.4076247710233107,0.114134935886527,scenario,zymosan,160245.65988141287
3.0833333333333335,peritoneum,345.86213502317486,0.593268334007,0.406731665993,0.5624586456925232,56.245864569252326,0.5608370831496561,56.083708314965605,0.029663416700349998,2.966341670035,0.4088871232115136,40.88871232115136,0.4088871232115136,0.11448839449922382,scenario,zymosan,155383.429164362
3.1666666666666665,peritoneum,347.3451501464855,0.591677511505,0.408322488495,0.5610744867635216,56.107448676352156,0.5594638012508122,55.94638012508122,0.029583875575250003,2.9583875575250005,0.4099216831375478,40.99216831375478,0.4099216831375478,0.11477807127851339,scenario,zymosan,150521.19844731138
3.25,peritoneum,348.50374375780467,0.590104804227,0.409895195773,0.5596790854378797,55.96790854378797,0.5580777318173996,55.80777318173996,0.02950524021135,2.9505240211349997,0.4107274084783307,41.072740847833074,0.4107274084783307,0.11500367437393261,scenario,zymosan,145658.96773026034
3.3333333333333335,peritoneum,349.33407352568196,0.588553440246,0.411446559754,0.5582759322491744,55.827593224917436,0.5566823791967099,55.66823791967099,0.0294276720123,2.94276720123,0.41130349577941294,41.130349577941296,0.41130349577941294,0.11516497881823563,scenario,zymosan,140796.73701320947
3.4166666666666665,peritoneum,349.8333796210574,0.587026647633,0.412973352367,0.5568684549991842,55.68684549991843,0.5552811817026676,55.52811817026676,0.029351332381650004,2.9351332381650006,0.411649375054024,41.1649375054024,0.411649375054024,0.11526182501512673,scenario,zymosan,135934.5062961586
3.5,peritoneum,350.0,0.585527654463,0.414472345537,0.5554600181527379,55.54600181527379,0.5538775109785136,55.38775109785136,0.029276382723150002,2.9276382723150003,0.4117647058823529,41.17647058823529,0.4117647058823529,0.11529411764705882,scenario,zymosan,131072.27557910795
3.5833333333333335,peritoneum,349.8333796210574,0.584059688807,0.415940311193,0.5540539221595885,55.40539221595885,0.552474671283409,55.2474671283409,0.02920298444035,2.920298444035,0.411649375054024,41.1649375054024,0.411649375054024,0.11526182501512673,scenario,zymosan,126210.04486205698
3.6666666666666665,peritoneum,349.33407352568196,0.582625682122,0.417374317878,0.5526531213597495,55.26531213597495,0.5510756181617363,55.107561816173636,0.029131284106100004,2.9131284106100006,0.41130349577941294,41.130349577941296,0.41130349577941294,0.11516497881823563,scenario,zymosan,121347.81414500618
3.75,peritoneum,348.50374375780467,0.581225102345,0.418774897655,0.5512572197071154,55.12572197071154,0.5496799627261741,54.96799627261741,0.029061255117250002,2.9061255117250004,0.4107274084783307,41.072740847833074,0.4107274084783307,0.11500367437393261,scenario,zymosan,116485.58342795525
3.8333333333333335,peritoneum,347.3451501464855,0.579859417718,0.420140582282,0.5498676540258738,54.98676540258738,0.5482891401473409,54.82891401473409,0.0289929708859,2.89929708859,0.4099216831375478,40.99216831375478,0.4099216831375478,0.11477807127851339,scenario,zymosan,111623.35271090444
3.9166666666666665,peritoneum,345.86213502317486,0.578531061421,0.421468938579,0.5484867110639925,54.84867110639925,0.5469054294662553,54.690542946625534,0.02892655307105,2.892655307105,0.4088871232115136,40.88871232115136,0.4088871232115136,0.11448839449922382,scenario,zymosan,106761.12199385364
4.0,peritoneum,344.05960199202656,0.577242466637,0.422757533363,0.547116611403155,54.711661140315506,0.5455310400750579,54.553104007505794,0.02886212333185,2.886212333185,0.4076247710233107,40.76247710233107,0.4076247710233107,0.114134935886527,scenario,zymosan,101898.8912768028
4.083333333333333,peritoneum,341.9434889174153,0.575996066545,0.424003933455,0.5457595086307006,54.575950863070055,0.5441681108457375,54.416811084573744,0.028799803327250004,2.879980332725,0.4061359146052567,40.61359146052567,0.4061359146052567,0.11371805608947189,scenario,zymosan,100362.0844188102
4.166666666666667,peritoneum,339.52073533690407,0.574794294326,0.425205705674,0.5444174884320092,54.44174884320092,0.5428187091744308,54.28187091744307,0.028739714716300005,2.8739714716300004,0.404422095900529,40.442209590052904,0.404422095900529,0.11323818685214813,scenario,zymosan,98825.27756081773
4.25,peritoneum,336.79924454993,0.573639583161,0.426360416839,0.5430925675869976,54.30925675869977,0.5414848299252081,54.148482992520805,0.028681979158050003,2.868197915805,0.40248512022865945,40.248512022865945,0.40248512022865945,0.11269583366402466,scenario,zymosan,97288.47070282529
4.333333333333333,peritoneum,333.78784067202963,0.572534366231,0.427465633769,0.5417866928860775,54.17866928860775,0.5401683942889765,54.01683942889765,0.02862671831155,2.862671831155,0.40032706689869446,40.03270668986944,0.40032706689869446,0.11209157873163446,scenario,zymosan,95751.66384483276
4.416666666666667,peritoneum,330.49622098113593,0.571481076716,0.428518923284,0.5405017399710587,54.050173997105865,0.5388712485634302,53.887124856343014,0.0285740538358,2.85740538358,0.3979503008342321,39.795030083423214,0.3979503008342321,0.11142608423358501,scenario,zymosan,94214.85698684021
4.5,peritoneum,326.93490391599073,0.570482147798,0.429517852202,0.5392395121167349,53.92395121167349,0.5375951628703526,53.75951628703526,0.0285241073899,2.85241073899,0.3953574850544759,39.535748505447586,0.3953574850544759,0.11070009581525325,scenario,zymosan,92678.05012884772
4.583333333333333,peritoneum,323.1151731167427,0.569540012657,0.430459987343,0.538001738956696,53.8001738956696,0.5363418298145748,53.63418298145748,0.028477000632850004,2.8477000632850005,0.39255159383499205,39.255159383499205,0.39255159383499205,0.10991444627379779,scenario,zymosan,91141.24327085521
4.666666666666667,peritoneum,319.0490179240606,0.568656628713,0.431343371287,0.5367896260839968,53.67896260839969,0.5351124154193124,53.51124154193124,0.028432831435650004,2.8432831435650003,0.3895359263511647,38.95359263511647,0.3895359263511647,0.10907005937832612,scenario,zymosan,89604.43641286257
4.75,peritoneum,314.74907077537864,0.56783003963,0.43216996037,0.5356006125908749,53.56006125908749,0.5339043269572368,53.390432695723675,0.028391501981500002,2.83915019815,0.38631412058664755,38.63141205866476,0.38631412058664755,0.10816795376426132,scenario,zymosan,88067.62955487004
4.833333333333333,peritoneum,310.2285419550233,0.567060889509,0.432939110491,0.534434524637915,53.443452463791495,0.5327173475394369,53.27173475394369,0.028353044475450003,2.8353044475450004,0.382890167268687,38.2890167268687,0.382890167268687,0.10720924683523238,scenario,zymosan,86530.82269687753
4.916666666666667,peritoneum,305.5011521688323,0.566350710225,0.433649289775,0.5332919532203748,53.32919532203748,0.531552018641184,53.155201864118396,0.028317535511250005,2.8317535511250007,0.37926842357240914,37.926842357240915,0.37926842357240914,0.10619515860027456,scenario,zymosan,84994.01583888508
5.0,peritoneum,300.5810634233816,0.565701033656,0.434298966344,0.5321734150103876,53.21734150103876,0.5304088035027238,53.04088035027238,0.028285051682800003,2.8285051682800004,0.37545362631744067,37.54536263174407,0.37545362631744067,0.1051270153688834,scenario,zymosan,83457.20898089252
5.083333333333333,peritoneum,295.4828086950648,0.565113391677,0.434886608323,0.531079351957767,53.107935195776705,0.5292880867093864,52.92880867093864,0.028255669583850004,2.8255669583850005,0.37145090436308004,37.145090436308,0.37145090436308004,0.10400625322166242,scenario,zymosan,81920.40212289992
5.166666666666667,peritoneum,290.2212208750424,0.564589316163,0.435410683837,0.530010131100035,53.001013110003505,0.528190173991458,52.81901739914579,0.02822946580815,2.822946580815,0.36726578989320136,36.72657898932014,0.36726578989320136,0.10283442117009639,scenario,zymosan,80383.59526490742
5.25,peritoneum,284.8113614725604,0.564130338992,0.435869661008,0.5289660446262439,52.89660446262439,0.5271152922912041,52.711529229120416,0.028206516949600004,2.8206516949600005,0.362904228269787,36.290422826978705,0.362904228269787,0.10161318391554038,scenario,zymosan,78846.78840691489
5.333333333333333,peritoneum,279.26844955144713,0.563737992039,0.436262007961,0.527947310245463,52.7947310245463,0.5260635901510664,52.60635901510664,0.02818689960195,2.818689960195,0.3583725861250974,35.83725861250974,0.3583725861250974,0.10034432411502729,scenario,zymosan,77309.98154892241
5.416666666666667,peritoneum,273.6077913628941,0.563413807181,0.436586192819,0.5269540719445873,52.69540719445873,0.525035138511092,52.5035138511092,0.02817069035905,2.817069035905,0.3536776573577018,35.36776573577018,0.3536776573577018,0.09902974406015651,scenario,zymosan,75773.17469092993
5.5,peritoneum,267.84471112210724,0.563159316293,0.436840683707,0.5259864011893839,52.59864011893839,0.5240299319734041,52.40299319734041,0.02815796581465,2.815796581465,0.34882666669760126,34.88266666976013,0.34882666669760126,0.09767146667532836,scenario,zymosan,74236.36783293741
5.583333333333333,peritoneum,261.9944833573149,0.562976051252,0.437023948748,0.5250442986643638,52.504429866436375,0.5230478906334355,52.30478906334355,0.028148802562600002,2.8148802562600004,0.3438272705111702,34.382727051117016,0.3438272705111702,0.09627163574312766,scenario,zymosan,72699.56097494486
5.666666666666667,peritoneum,256.07226723721635,0.562864883778,0.437135116222,0.5241270819016791,52.41270819016791,0.5220882502239781,52.20882502239781,0.028143244188900005,2.8143244188900005,0.33868755452826854,33.86875545282685,0.33868755452826854,0.0948325152679152,scenario,zymosan,71162.75411695226
5.75,peritoneum,250.09304325754232,0.562822763273,0.437177236727,0.5232303606949362,52.323036069493625,0.5211465500329329,52.11465500329329,0.02814113816365,2.814113816365,0.3334160281922166,33.34160281922166,0.3334160281922166,0.09335648789382066,scenario,zymosan,69625.94725895979
5.833333333333333,peritoneum,244.07155263930574,0.562849583993,0.437150416007,0.5223524460431426,52.23524460431426,0.5202210177299922,52.02210177299922,0.028142479199650003,2.814247919965,0.32802161535884067,32.80216153588407,0.32802161535884067,0.09184605230047539,scenario,zymosan,68089.14040096723
5.916666666666667,peritoneum,238.02223976089786,0.562945857302,0.437054142698,0.5214921775779201,52.14921775779201,0.5193104049608633,51.93104049608633,0.0281472928651,2.81472928651,0.32251364110383934,32.25136411038393,0.32251364110383934,0.09030381950907503,scenario,zymosan,66552.33354297477
6.0,peritoneum,231.95919791379004,0.563111981128,0.436888018872,0.5206482499762093,52.06482499762093,0.518413316757694,51.841331675769396,0.0281555990564,2.81555990564,0.3169018144384465,31.69018144384465,0.3169018144384465,0.08873250804276503,scenario,zymosan,65015.52668498219
6.083333333333333,peritoneum,225.8961186376096,0.563348239969,0.436651760031,0.5198192220295769,51.98192220295768,0.5175282210853968,51.752822108539675,0.02816741199845,2.816741199845,0.31119620678173665,31.119620678173664,0.31119620678173665,0.08713493789888627,scenario,zymosan,63478.7198269897
6.166666666666667,peritoneum,219.84624485515923,0.563654804888,0.436345195112,0.5190035271523852,51.90035271523852,0.5166534599031423,51.66534599031423,0.0281827402444,2.81827402444,0.3054072260936704,30.540722609367037,0.3054072260936704,0.08551402330622772,scenario,zymosan,61941.91296899719
6.25,peritoneum,213.82232799191283,0.564031733514,0.435968266486,0.5181994854613818,51.819948546138185,0.5157872618796651,51.57872618796651,0.028201586675700004,2.8201586675700003,0.29954558663557984,29.954558663557982,0.29954558663557984,0.08387276425796236,scenario,zymosan,60405.10611100467
6.333333333333333,peritoneum,207.83658922803698,0.564478970042,0.435521029958,0.5174053175301838,51.74053175301838,0.5149277568716673,51.49277568716673,0.0282239485021,2.82239485021,0.29362227439344796,29.362227439344796,0.29362227439344796,0.08221423683016543,scenario,zymosan,58868.29925301216
6.416666666666667,peritoneum,201.90068499443018,0.564996345236,0.435003654764,0.5166191599210765,51.66191599210765,0.5140729922729227,51.40729922729227,0.0282498172618,2.82498172618,0.2876485082729793,28.764850827297927,0.2876485082729793,0.0805415823164342,scenario,zymosan,57331.49239501962
6.5,peritoneum,196.0256767879915,0.565583576424,0.434416423576,0.5158390825664376,51.58390825664376,0.5132209513107765,51.32209513107765,0.028279178821200002,2.8279178821200004,0.2816356972527332,28.16356972527332,0.2816356972527332,0.0788579952307653,scenario,zymosan,55794.68553702704
6.583333333333333,peritoneum,190.2220053456857,0.5662402675,0.4337597325,0.515063108073665,51.506310807366496,0.5123695733670158,51.236957336701586,0.028312013375,2.8312013375,0.2755953937609049,27.55953937609049,0.2755953937609049,0.07716671025305338,scenario,zymosan,54257.87867903453
6.666666666666667,peritoneum,184.49946918228287,0.566965908927,0.433034091073,0.5142892329791963,51.428923297919624,0.5115167763503645,51.15167763503645,0.028348295446350005,2.8348295446350003,0.2695392436208749,26.953924362087488,0.2695392436208749,0.07547098821384497,scenario,zymosan,52721.071821042
6.75,peritoneum,178.86720746322175,0.567759877733,0.432240122267,0.5135154509391958,51.35154509391958,0.5106604811079429,51.06604811079429,0.02838799388665,2.838799388665,0.26347893298839603,26.347893298839605,0.26347893298839603,0.07377410123675089,scenario,zymosan,51184.264963049514
6.833333333333333,peritoneum,173.33368715215624,0.568621437512,0.431378562488,0.5127397778184917,51.27397778184917,0.5097986378346229,50.979863783462285,0.0284310718756,2.8431071875600002,0.257426132777146,25.7426132777146,0.257426132777146,0.07207931717760088,scenario,zymosan,49647.45810505693
6.916666666666667,peritoneum,167.90669434265268,0.569549738424,0.430450261576,0.5119602785704686,51.19602785704686,0.5089292543676511,50.89292543676511,0.0284774869212,2.84774869212,0.25139244113716336,25.139244113716337,0.25139244113716336,0.07038988351840575,scenario,zymosan,48110.651247064394
7.0,peritoneum,162.59332965541986,0.570543817198,0.429456182802,0.5111750957489783,51.11750957489784,0.5080504261990298,50.805042619902984,0.0285271908599,2.85271908599,0.24538932461027965,24.538932461027965,0.24538932461027965,0.0687090108908783,scenario,zymosan,46573.84438907194
7.083333333333333,peritoneum,157.4000075565799,0.571602597128,0.428397402872,0.5103824794120063,51.03824794120063,0.5071603679532698,50.71603679532698,0.028580129856400002,2.8580129856400003,0.23942805863602473,23.942805863602473,0.23942805863602473,0.06703985641808693,scenario,zymosan,45037.03753107942
7.166666666666667,peritoneum,152.3324594289776,0.572724888072,0.427275111928,0.5095808181189296,50.95808181189297,0.5062574460161365,50.625744601613654,0.0286362444036,2.8636244403599997,0.23351966811880334,23.351966811880335,0.23351966811880334,0.06538550707326495,scenario,zymosan,43500.230673086866
7.25,peritoneum,147.39574020750493,0.573909386459,0.426090613541,0.5087686706366977,50.87686706366977,0.5053402119092082,50.53402119092082,0.02869546932295,2.869546932295,0.22767486879085932,22.767486879085933,0.22767486879085932,0.06374896326144061,scenario,zymosan,41963.42381509435
7.333333333333333,peritoneum,142.5942383709857,0.575154675281,0.424845324719,0.5079447978596052,50.79447978596052,0.5044074358900581,50.44074358900581,0.028757733764049997,2.8757733764049997,0.22190401011448607,22.190401011448607,0.22190401011448607,0.062133122832056104,scenario,zymosan,40426.61695710183
7.416666666666667,peritoneum,137.93168906737958,0.576459292766,0.423540707234,0.5071082548126152,50.71082548126152,0.5034582001834897,50.345820018348974,0.028822964638300003,2.8822964638300004,0.21621702046033797,21.621702046033796,0.21621702046033797,0.060540765728894635,scenario,zymosan,38889.81009910927
7.5,peritoneum,133.41119013595824,0.577822050776,0.422177949224,0.5062586990086722,50.625869900867215,0.5024922068103918,50.249220681039176,0.028891102538800003,2.88911025388,0.21062335527624995,21.062335527624995,0.21062335527624995,0.05897453947734999,scenario,zymosan,37353.00324111675
7.583333333333333,peritoneum,129.03522077967705,0.579241344853,0.420758655147,0.5053958102563366,50.53958102563366,0.5015092031723017,50.150920317230174,0.028962067242650005,2.8962067242650007,0.20513194892289238,20.51319489228924,0.20513194892289238,0.057436945698409875,scenario,zymosan,35816.196383124276
7.666666666666667,peritoneum,124.80566263318885,0.580715391032,0.419284608968,0.5045195280459129,50.45195280459129,0.5005092194676979,50.05092194676979,0.0290357695516,2.90357695516,0.19975117079958318,19.97511707995832,0.19975117079958318,0.0559303278238833,scenario,zymosan,34279.389525131715
7.75,peritoneum,120.72382296675906,0.582242295689,0.417757704311,0.5036301361777838,50.363013617778385,0.49949265409824617,49.94926540982462,0.02911211478445,2.911211478445,0.19448878631684813,19.448878631684813,0.19448878631684813,0.05445686016871748,scenario,zymosan,32742.582667139213
7.833333333333333,peritoneum,116.7904597636673,0.583820055543,0.416179944457,0.502728281493248,50.2728281493248,0.49846029338536635,49.84602933853664,0.02919100277715,2.919100277715,0.1893519231935224,18.93519231935224,0.1893519231935224,0.05301853849418628,scenario,zymosan,31205.775809146646
7.916666666666667,peritoneum,113.00580840841644,0.585446557654,0.414553442346,0.501814987510315,50.1814987510315,0.49741332592380527,49.74133259238053,0.0292723278827,2.92723278827,0.1843470434673697,18.434704346736968,0.1843470434673697,0.05161717217086352,scenario,zymosan,29668.968951154155
8.0,peritoneum,109.36960972508439,0.587119579425,0.412880420575,0.5008916621206161,50.089166212061606,0.4963533506835433,49.63533506835433,0.029355978971250002,2.935597897125,0.17947992151171802,17.947992151171803,0.17947992151171802,0.050254378023281046,scenario,zymosan,28132.16209316162
8.083333333333334,peritoneum,105.88113910931024,0.588836788602,0.411163211398,0.49996009855455076,49.99600985545508,0.49528237802573766,49.52823780257376,0.029441839430099998,2.9441839430099996,0.17475562824907093,17.475562824907094,0.17475562824907093,0.048931575909739865,scenario,zymosan,27835.02144833627
8.166666666666666,peritoneum,102.53923650354531,0.590595743273,0.409404256727,0.49902246892946067,49.90224689294607,0.4942028229113797,49.420282291137966,0.02952978716365,2.952978716365,0.170178521648759,17.017852164875897,0.170178521648759,0.04764998606165252,scenario,zymosan,27537.880803510947
8.25,peritoneum,99.34233697314647,0.592393891868,0.407606108132,0.4980813098374953,49.808130983749535,0.4931174897306267,49.31174897306267,0.029619694593399998,2.9619694593399997,0.16575224349218215,16.575224349218214,0.16575224349218215,0.046410628177811004,scenario,zymosan,27240.74015868555
8.333333333333334,peritoneum,96.28850165047047,0.59422857316,0.40577142684,0.49713949960760784,49.713949960760786,0.4920295483680083,49.20295483680083,0.029711428658,2.9711428658,0.16147972228871252,16.14797222887125,0.16147972228871252,0.04521432224083951,scenario,zymosan,26943.599513860234
8.416666666666666,peritoneum,93.37544882514716,0.596097016262,0.403902983738,0.49620022708637135,49.62002270863714,0.4909425013402856,49.09425013402856,0.029804850813099998,2.98048508131,0.15736318213034553,15.736318213034552,0.15736318213034553,0.044061690996496754,scenario,zymosan,26646.45886903489
8.5,peritoneum,90.60058497098382,0.597996340633,0.402003659367,0.4952669520406357,49.52669520406357,0.4898601421147218,48.98601421147218,0.02989981703165,2.9899817031650002,0.15340415718591782,15.340415718591782,0.15340415718591782,0.042953164012056996,scenario,zymosan,26349.31822420953
8.583333333333334,peritoneum,87.96103551328153,0.599923556071,0.400076443929,0.4943433575192111,49.43433575192111,0.4887865049638538,48.878650496385376,0.029996177803550003,2.9996177803550004,0.14960351145802173,14.960351145802173,0.14960351145802173,0.041888983208246085,scenario,zymosan,26052.177579384166
8.666666666666666,peritoneum,85.45367515453418,0.601875562719,0.398124437281,0.49343329482361403,49.343329482361405,0.4877258070396464,48.77258070396464,0.030093778135950003,3.0093778135950005,0.145961463359126,14.5961463359126,0.145961463359126,0.04086920974055528,scenario,zymosan,25755.03693455884
8.75,peritoneum,83.07515759134557,0.60384915106,0.39615084894,0.4925407219657008,49.25407219657008,0.4866823835923167,48.66823835923167,0.030192457553000002,3.0192457553,0.14247761460893807,14.247761460893807,0.14247761460893807,0.03989373209050266,scenario,zymosan,25457.896289733504
8.833333333333334,peritoneum,80.82194447074829,0.605841001922,0.394158998078,0.49166963677978426,49.16696367797842,0.4856606175617729,48.56606175617729,0.0302920500961,3.02920500961,0.1391509829133508,13.91509829133508,0.1391509829133508,0.038962275215738223,scenario,zymosan,25160.755644908142
8.916666666666666,peritoneum,78.6903334497616,0.607847686471,0.392152313529,0.4908240060430877,49.082400604308766,0.48466486496793443,48.46648649679344,0.03039238432355,3.039238432355,0.1359800378566251,13.59800378566251,0.1359800378566251,0.03807441059985503,scenario,zymosan,24863.615000082777
9.0,peritoneum,76.67648523781591,0.609865666221,0.390134333779,0.49000769217803736,49.000769217803736,0.48369937775472355,48.36993777547235,0.03049328331105,3.0493283311050003,0.1329627394225989,13.296273942259889,0.1329627394225989,0.03722956703832769,scenario,zymosan,24566.474355257422
9.083333333333334,peritoneum,74.77644951743446,0.611891293023,0.388108706977,0.48922437917856054,48.92243791785605,0.4827682258183269,48.27682258183269,0.030594564651150003,3.0594564651150002,0.13009657855713222,13.009657855713222,0.13009657855713222,0.03642704199599703,scenario,zymosan,24269.33371043208
9.166666666666666,peritoneum,72.98618965414806,0.613922280712,0.386077719288,0.48847867046285526,48.84786704628553,0.4818763751865845,48.18763751865845,0.0306961140356,3.0696114035599997,0.12737861919185556,12.737861919185555,0.12737861919185556,0.03566601337371956,scenario,zymosan,23972.193065606727
9.25,peritoneum,71.3016061218911,0.615964295728,0.384035704272,0.4877812098444108,48.77812098444108,0.4810347316400114,48.103473164001144,0.030798214786400005,3.0798214786400004,0.12480554116747644,12.480554116747644,0.12480554116747644,0.03494555152689341,scenario,zymosan,23675.052420781383
9.333333333333334,peritoneum,69.71855858495914,0.618016878877,0.381983121123,0.48713737207413943,48.71373720741394,0.48024897697925206,48.024897697925205,0.03090084394385,3.090084394385,0.12237368352212871,12.23736835221287,0.12237368352212871,0.034264631386196044,scenario,zymosan,23377.911775956025
9.416666666666666,peritoneum,68.23288659188727,0.620078224047,0.379921775953,0.4865510698081601,48.65510698081601,0.47952332484822113,47.952332484822115,0.03100391120235,3.100391120235,0.1200790876450857,12.007908764508569,0.1200790876450857,0.033622144540624,scenario,zymosan,23080.771131130696
9.5,peritoneum,66.84042885024012,0.622146537583,0.377853462417,0.48602578863480644,48.602578863480645,0.4788615386901647,47.88615386901647,0.03110732687915,3.110732687915,0.11791753983712308,11.791753983712308,0.11791753983712308,0.033016911154394465,scenario,zymosan,22783.630486305326
9.583333333333334,peritoneum,65.53704106420203,0.624220038293,0.375779961707,0.4855645437843106,48.556454378431056,0.47826688617859014,47.82668861785901,0.03121100191465,3.121100191465,0.11588461286439768,11.588461286439768,0.11588461286439768,0.03244769160203135,scenario,zymosan,22486.489841479994
9.666666666666666,peritoneum,64.31861232894926,0.626296957448,0.373703042552,0.4851698460922255,48.516984609222554,0.47774210338929,47.774210338929,0.0313148478724,3.13148478724,0.11397570614143954,11.397570614143953,0.11397570614143954,0.031913197719603076,scenario,zymosan,22189.34919665465
9.75,peritoneum,63.181080087022224,0.628375538777,0.371624461223,0.4848436776341471,48.48436776341471,0.47728936915294434,47.72893691529443,0.03141877693885,3.141877693885,0.11218608422935575,11.218608422935574,0.11218608422935575,0.031412103584219614,scenario,zymosan,21892.208551829288
9.833333333333334,peritoneum,62.12044366224896,0.630454038475,0.369545961525,0.4845874771557312,48.45874771557312,0.47691028971787497,47.691028971787496,0.03152270192375,3.152270192375,0.11051091338633849,11.05109133863385,0.11051091338633849,0.03094305574817478,scenario,zymosan,21595.06790700394
9.916666666666666,peritoneum,61.13277639617148,0.632530725194,0.367469274806,0.48440213509125685,48.440213509125684,0.47660589350690197,47.660589350690195,0.0316265362597,3.16265362597,0.1089452959579222,10.89452959579222,0.1089452959579222,0.030504682868218218,scenario,zymosan,21297.927262178608
10.0,peritoneum,60.214236420379805,0.63460388005,0.36539611995,0.48428799774501563,48.42879977450156,0.47637663551843756,47.63766355184376,0.0317301940025,3.1730194002500003,0.10748430244317385,10.748430244317385,0.10748430244317385,0.03009560468408868,scenario,zymosan,21000.786617353264
10.083333333333334,peritoneum,59.361076105654725,0.636671796618,0.363328203382,0.48424487993106685,48.42448799310669,0.4762224106317546,47.62224106317546,0.031833589830900004,3.18335898309,0.10612300111930263,10.612300111930264,0.10612300111930263,0.02971444031340474,scenario,zymosan,20703.64597252788
10.166666666666666,peritoneum,58.56965023536512,0.638732780938,0.361267219062,0.4842720852181216,48.42720852181216,0.4761425749170754,47.61425749170754,0.0319366390469,3.19366390469,0.10485648515039361,10.485648515039362,0.10485648515039361,0.029359815842110216,scenario,zymosan,20406.50532770254
10.25,peritoneum,57.83642295617547,0.640785151508,0.359214848492,0.48436843275016483,48.436843275016486,0.4761359738681735,47.613597386817354,0.0320392575754,3.20392575754,0.10367989714561753,10.367989714561752,0.10367989714561753,0.02903037120077291,scenario,zymosan,20109.364682877207
10.333333333333334,peritoneum,57.15797356381407,0.642827239288,0.357172760712,0.4845322895590448,48.45322895590448,0.47620097641541564,47.62009764154156,0.032141361964400005,3.2141361964400006,0.10258845116800161,10.258845116800162,0.10258845116800161,0.028724766327040453,scenario,zymosan,19812.22403805184
10.416666666666666,peritoneum,56.53100118546451,0.644857387702,0.355142612298,0.4847616072136994,48.476160721369936,0.47633551350378883,47.63355135037888,0.0322428693851,3.22428693851,0.10157745222646725,10.157745222646724,0.10157745222646725,0.02844168662341083,scenario,zymosan,19515.083393226516
10.5,peritoneum,55.95232842331109,0.646873952631,0.353126047369,0.4850539616560189,48.50539616560189,0.47653712002575677,47.65371200257567,0.032343697631550004,3.2343697631550006,0.10064231331127384,10.064231331127385,0.10064231331127384,0.028179847727156676,scenario,zymosan,19217.94274840116
10.583333333333334,peritoneum,55.41890402593438,0.648876839174,0.351123160826,0.4854077447402419,48.54077447402419,0.47680410819109675,47.680410819109674,0.0324438419587,3.2443841958700004,0.09977857005628078,9.977857005628078,0.09977857005628078,0.027937999615758623,scenario,zymosan,18920.802103575803
10.666666666666666,peritoneum,54.92780465566567,0.650867741266,0.349132258734,0.4858223733830787,48.58223733830787,0.4771357750734513,47.71357750734513,0.032543387063300004,3.2543387063300004,0.09898189313067225,9.898189313067226,0.09898189313067225,0.027714930076588234,scenario,zymosan,18623.661458750477
10.75,peritoneum,54.476235820720355,0.652845940665,0.347154059335,0.48629519147710926,48.62951914771092,0.47752936257248346,47.752936257248344,0.03264229703325,3.2642297033250003,0.09824809847817217,9.824809847817217,0.09824809847817217,0.02750946757388821,scenario,zymosan,18326.520813925115
10.833333333333334,peritoneum,54.0615320409957,0.654810716,0.345189284,0.48682332414975793,48.68233241497579,0.4779818824734294,47.798188247342935,0.0327405358,3.27405358,0.09757315553355475,9.757315553355475,0.09757315553355475,0.027320483549395334,scenario,zymosan,18029.380169099753
10.916666666666666,peritoneum,53.681156315893475,0.656761404303,0.343238595697,0.48740376517668077,48.740376517668075,0.478490205222664,47.8490205222664,0.03283807021515,3.283807021515,0.09695319355471543,9.695319355471543,0.09695319355471543,0.027146894195320324,scenario,zymosan,17732.239524274424
11.0,peritoneum,53.332698961472694,0.658697401,0.341302599,0.4880334162259604,48.803341622596044,0.4790511012378531,47.90511012378531,0.03293487005,3.2934870050000002,0.09638450621402031,9.638450621402031,0.09638450621402031,0.02698766173992569,scenario,zymosan,17435.09887944905
11.083333333333334,peritoneum,53.013875882709236,0.660618159917,0.339381840083,0.4887091236320842,48.87091236320842,0.4796612796170886,47.96612796170886,0.033030907995850005,3.3030907995850005,0.09586355459542419,9.58635545954242,0.09586355459542419,0.026841795286718775,scenario,zymosan,17137.95823462373
11.166666666666666,peritoneum,52.72252634469547,0.662523193276,0.337476806724,0.48942771234374005,48.94277123437401,0.48031742387362114,48.031742387362115,0.033126159663799996,3.3126159663799997,0.09538696874427009,9.538696874427009,0.09538696874427009,0.02670835124839563,scenario,zymosan,16840.817589798375
11.25,peritoneum,52.45661030431223,0.664412071698,0.335587928302,0.4901860168322965,49.018601683229654,0.4810162244709437,48.10162244709437,0.0332206035849,3.32206035849,0.09495154791507936,9.495154791507936,0.09495154791507936,0.026586433416222223,scenario,zymosan,16543.676944973016
11.333333333333334,peritoneum,52.21420536130227,0.666284424202,0.333715575798,0.49098090882714474,49.09809088271447,0.4817544080179419,48.17544080179419,0.0333142212101,3.3314221210099997,0.0945542596593284,9.45542596593284,0.0945542596593284,0.026475192704611954,scenario,zymosan,16246.536300147673
11.416666666666666,peritoneum,51.99350338482242,0.668139938203,0.331860061797,0.49180932184167325,49.180932184167325,0.482528763085814,48.2528763085814,0.03340699691015,3.3406996910149998,0.09419223789047955,9.419223789047955,0.09419223789047955,0.026373826609334277,scenario,zymosan,15949.395655322332
11.5,peritoneum,51.792806868501785,0.669978359516,0.330021640484,0.49266827253026674,49.266827253026676,0.4833361626889124,48.33361626889124,0.033498917975800006,3.3498917975800007,0.09386278005766859,9.386278005766858,0.09386278005766859,0.026281578416147207,scenario,zymosan,15652.255010496965
11.583333333333334,peritoneum,51.61052506383458,0.671799492352,0.328200507648,0.49355487896158234,49.35548789615824,0.48417358351998147,48.417358351998146,0.0335899746176,3.35899746176,0.09356334355270325,9.356334355270326,0.09356334355270325,0.02619773619475691,scenario,zymosan,15355.114365671618
11.666666666666666,peritoneum,51.44516993843186,0.673603199322,0.326396800678,0.49446637596295245,49.44663759629525,0.48503812210194996,48.503812210194994,0.0336801599661,3.36801599661,0.09329154146762343,9.329154146762344,0.09329154146762343,0.026121631610934563,scenario,zymosan,15057.97372084628
11.75,peritoneum,51.295352002289924,0.675389401432,0.324610598568,0.4954001277021244,49.540012770212435,0.4859270080321309,48.59270080321309,0.0337694700716,3.37694700716,0.09304513781222094,9.304513781222095,0.09304513781222094,0.026052638587421868,scenario,zymosan,14760.83307602093
11.833333333333334,peritoneum,51.159776041841845,0.677158078087,0.322841921913,0.4963536377232782,49.635363772327814,0.4868376145462402,48.68376145462402,0.03385790390435,3.385790390435,0.09282204229279242,9.282204229279243,0.09282204229279242,0.02599017184198188,scenario,zymosan,14463.692431195572
11.916666666666666,peritoneum,51.03723679817672,0.678909268477,0.321090731523,0.49732455766243067,49.73245576624306,0.4877674676195586,48.776746761955856,0.03394546342385,3.394546342385,0.09262030474515763,9.262030474515763,0.09262030474515763,0.025933685328644138,scenario,zymosan,14166.55178637023
12.0,peritoneum,50.92661462247103,0.680643215187,0.319356784813,0.4983107979781882,49.83107979781882,0.4887143549671982,48.87143549671982,0.03403216075935,3.4032160759349996,0.0924381093067524,9.24381093067524,0.0924381093067524,0.025882670605890674,scenario,zymosan,13869.41114154488
0.0,spinal_coord,3.336432338258035,0.98853291221,0.01146708779,0.353131859117544,35.3131859117544,0.14133150808672537,14.133150808672537,0.2471332280525,24.713322805249998,0.006628632707468803,0.6628632707468803,0.006628632707468803,0.009280085790456324,scenario,zymosan,532.0836984887983
0.08333333333333333,spinal_coord,3.3562060459234173,0.988524412022,0.011475587978,0.3536667578646781,35.36667578646781,0.14204753981223744,14.204753981223744,0.2471311030055,24.71311030055,0.006667656036840868,0.6667656036840868,0.006667656036840868,0.009334718451577215,scenario,zymosan,780.1402387746705
0.16666666666666666,spinal_coord,3.375412421764068,0.988515911834,0.011484088166,0.35418534217507125,35.41853421750712,0.14274181895542837,14.274181895542837,0.2471289779585,24.71289779585,0.006705556804065561,0.6705556804065561,0.006705556804065561,0.009387779525691786,scenario,zymosan,1028.1967790605431
0.25,spinal_coord,3.3940192609019832,0.988502326003,0.011497673997,0.3546849932616356,35.46849932616356,0.14341254901451414,14.341254901451414,0.24712558150075,24.712558150075,0.006742271721633052,0.6742271721633052,0.006742271721633052,0.009439180410286272,scenario,zymosan,1276.2533193464164
0.3333333333333333,spinal_coord,3.411995044135353,0.988486835531,0.011513164469,0.3551660738866735,35.516607388667346,0.14405915333856462,14.405915333856461,0.24712170888275,24.712170888275,0.00677773886543211,0.677773886543211,0.00677773886543211,0.009488834411604953,scenario,zymosan,1524.3098596322886
0.4166666666666667,spinal_coord,3.4293090265050923,0.988471113473,0.011528886527,0.3556284340187555,35.56284340187555,0.144680874200674,14.468087420067398,0.24711777836825,24.711777836825,0.006811897847458346,0.6811897847458346,0.006811897847458346,0.009536656986441683,scenario,zymosan,1772.3663999181617
0.5,spinal_coord,3.4459313245971135,0.988453486843,0.011546513157,0.3560707464273864,35.60707464273864,0.14527649962218186,14.527649962218186,0.24711337171075,24.711337171075,0.006844689985934849,0.6844689985934849,0.006844689985934849,0.009582565980308787,scenario,zymosan,2020.4229402040341
0.5833333333333334,spinal_coord,3.4618330022347665,0.988433623542,0.011566376458,0.35649219118597913,35.64921911859791,0.1458450470673055,14.58450470673055,0.2471084058855,24.710840588550003,0.006876058472180949,0.6876058472180949,0.006876058472180949,0.009626481861053329,scenario,zymosan,2268.4794804899075
0.6666666666666666,spinal_coord,3.4769861542186176,0.988411523568,0.011588476432,0.35689209615393813,35.689209615393814,0.14638562034925084,14.638562034925084,0.247102880892,24.7102880892,0.006905948533571288,0.6905948533571288,0.006905948533571288,0.009668327946999802,scenario,zymosan,2516.536020775779
0.75,spinal_coord,3.4913639877752445,0.988387186923,0.011612813077,0.35726981921458356,35.72698192145835,0.1468973633117781,14.68973633117781,0.24709679673075,24.709679673074998,0.006934307591937197,0.6934307591937197,0.006934307591937197,0.009708030628712075,scenario,zymosan,2764.5925610616514
0.8333333333333334,spinal_coord,3.5049409013829473,0.988361176249,0.011638823751,0.35762495334436273,35.762495334436274,0.14737954570948364,14.737954570948364,0.24709029406225,24.709029406225,0.006961085416775342,0.6961085416775342,0.006961085416775342,0.009745519583485478,scenario,zymosan,3012.649101347525
0.9166666666666666,spinal_coord,3.5176925606502767,0.988334281932,0.011665718068,0.35795720770384365,35.795720770384364,0.1478315162944582,14.78315162944582,0.247083570483,24.7083570483,0.006986234272644868,0.6986234272644868,0.006986234272644868,0.009780727981702814,scenario,zymosan,3260.7056416333944
1.0,spinal_coord,3.5295959709329603,0.98830650946,0.01169349054,0.35826604211778934,35.826604211778935,0.1482525530037191,14.825255300371909,0.247076627365,24.707662736499998,0.007009709060153659,0.7009709060153659,0.007009709060153659,0.009813592684215122,scenario,zymosan,3508.762181919269
1.0833333333333333,spinal_coord,3.5406295463861808,0.988277858833,0.011722141167,0.3585509497338031,35.85509497338031,0.14864198003407075,14.864198003407076,0.24706946470825,24.706946470825,0.007031467449956822,0.7031467449956822,0.007031467449956822,0.00984405442993955,scenario,zymosan,3520.721965218795
1.1666666666666667,spinal_coord,3.550773175162151,0.988248400744,0.011751599256,0.3588114858322697,35.88114858322697,0.14899918086169292,14.899918086169292,0.247062100186,24.7062100186,0.007051470009215933,0.7051470009215933,0.007051470009215933,0.009872058012902305,scenario,zymosan,3532.6817485183224
1.25,spinal_coord,3.5600082804774686,0.988218911078,0.011781088922,0.35904749951898884,35.904749951898886,0.14932369566598513,14.932369566598513,0.2470547277695,24.70547277695,0.007069680319995909,0.7069680319995909,0.007069680319995909,0.009897552447994272,scenario,zymosan,3544.6415318178474
1.3333333333333333,spinal_coord,3.5683178772908084,0.988189603465,0.011810396535,0.3592586747007748,35.925867470077485,0.14961503177936644,14.961503177936644,0.24704740086625,24.704740086624998,0.007086065089107401,0.7086065089107401,0.007086065089107401,0.009920491124750361,scenario,zymosan,3556.6013151173793
1.4166666666666667,spinal_coord,3.575686624348953,0.988160477905,0.011839522095,0.3594446570361211,35.94446570361211,0.14987271674649483,14.987271674649483,0.24704011947625,24.704011947625,0.007100594248936205,0.7100594248936205,0.007100594248936205,0.009940831948510686,scenario,zymosan,3568.561098416905
1.5,spinal_coord,3.582100871377973,0.988131534397,0.011868465603,0.3596051322415118,35.96051322415118,0.15009633152301574,15.009633152301575,0.24703288359925,24.703288359925,0.0071132410488372235,0.7113241048837223,0.0071132410488372235,0.009958537468372112,scenario,zymosan,3580.520881716428
1.5833333333333333,spinal_coord,3.58754870121639,0.988102823469,0.011897176531,0.3597398451968803,35.97398451968803,0.1502855191061737,15.028551910617368,0.24702570586725,24.702570586725,0.0071239821367087034,0.7123982136708703,0.0071239821367087034,0.009973574991392184,scenario,zymosan,3592.4806650159567
1.6666666666666667,spinal_coord,3.5920199667082917,0.988074582158,0.011925417842,0.35984865011467715,35.98486501146772,0.15044000610023617,15.044000610023616,0.2470186455395,24.70186455395,0.0071327976304027905,0.7132797630402791,0.0071327976304027905,0.009985916682563906,scenario,zymosan,3604.4404483154863
1.75,spinal_coord,3.595506322196552,0.988047064677,0.011952935323,0.35993144945017186,35.993144945017185,0.15055957770789583,15.055957770789583,0.24701176616925,24.701176616925,0.007139671178670475,0.7139671178670476,0.007139671178670475,0.009995539650138665,scenario,zymosan,3616.4002316150127
1.8333333333333333,spinal_coord,3.5980012494793296,0.988020524174,0.011979475826,0.3599881876244374,35.99881876244374,0.15064407544124991,15.064407544124991,0.2470051310435,24.70051310435,0.0071445900113827135,0.7144590011382713,0.0071445900113827135,0.010002426015935798,scenario,zymosan,3628.3600149145373
1.9166666666666667,spinal_coord,3.5995000781168627,0.987995213799,0.012004786201,0.36001885167567294,36.001885167567295,0.15069339763456394,15.069339763456394,0.24699880344975,24.699880344975,0.007147544978814552,0.7147544978814552,0.007147544978814552,0.010006562970340372,scenario,zymosan,3640.3197982140673
2.0,spinal_coord,3.6,0.987971386701,0.012028613299,0.3600234714249407,36.00234714249407,0.1507074996662542,15.07074996662542,0.24699284667525,24.699284667525,0.007148530579825258,0.7148530579825259,0.007148530579825258,0.010007942811755361,scenario,zymosan,3652.279581513592
2.0833333333333335,spinal_coord,3.5995000781168627,0.98794929603,0.01205070397,0.3600021195475857,36.00021195475857,0.15068639405344758,15.068639405344758,0.2469873240075,24.69873240075,0.007147544978814552,0.7147544978814552,0.007147544978814552,0.010006562970340372,scenario,zymosan,3613.179304823179
2.1666666666666665,spinal_coord,3.5980012494793296,0.987929194934,0.012070805066,0.3599549115468861,35.99549115468861,0.15063015041784814,15.063015041784814,0.2469822987335,24.69822987335,0.0071445900113827135,0.7144590011382713,0.0071445900113827135,0.010002426015935798,scenario,zymosan,3574.079028132776
2.25,spinal_coord,3.595506322196552,0.987911197852,0.012088802148,0.3598819551042012,35.98819551042012,0.15053887418826822,15.053887418826822,0.246977799463,24.6977799463,0.007139671178670475,0.7139671178670476,0.007139671178670475,0.009995539650138665,scenario,zymosan,3534.9787514423606
2.3333333333333335,spinal_coord,3.5920199667082917,0.987895048284,0.012104951716,0.3597832653518511,35.97832653518511,0.15041267104113487,15.041267104113487,0.246973762071,24.6973762071,0.0071327976304027905,0.7132797630402791,0.0071327976304027905,0.009985916682563906,scenario,zymosan,3495.8784747519526
2.4166666666666665,spinal_coord,3.58754870121639,0.987880825761,0.012119174239,0.3596590222104328,35.96590222104328,0.15025175436024368,15.025175436024368,0.24697020644025,24.697020644025,0.0071239821367087034,0.7123982136708703,0.0071239821367087034,0.009973574991392184,scenario,zymosan,3456.7781980615455
2.5,spinal_coord,3.582100871377973,0.987868640378,0.012131359622,0.3595094587049662,35.95094587049662,0.1500563981472883,15.00563981472883,0.2469671600945,24.69671600945,0.0071132410488372235,0.7113241048837223,0.0071132410488372235,0.009958537468372112,scenario,zymosan,3417.677921371132
2.5833333333333335,spinal_coord,3.575686624348953,0.987858602233,0.012141397767,0.35933484936842364,35.93348493684236,0.14982693174689818,14.982693174689818,0.24696465055825,24.696465055825,0.007100594248936205,0.7100594248936205,0.007100594248936205,0.009940831948510686,scenario,zymosan,3378.5776446807226
2.6666666666666665,spinal_coord,3.5683178772908084,0.987850821422,0.012149178578,0.3591355096853225,35.91355096853225,0.14956373910643,14.956373910643,0.2469627053555,24.69627053555,0.007086065089107401,0.7086065089107401,0.007086065089107401,0.009920491124750361,scenario,zymosan,3339.4773679903165
2.75,spinal_coord,3.5600082804774686,0.987845408041,0.012154591959,0.3589117954457372,35.89117954457372,0.14926725791398293,14.926725791398294,0.24696135201025,24.696135201024997,0.007069680319995909,0.7069680319995909,0.007069680319995909,0.009897552447994272,scenario,zymosan,3300.3770912999066
2.8333333333333335,spinal_coord,3.550773175162151,0.987842472185,0.012157527815,0.3586641020072244,35.866410200722434,0.1489379786146325,14.89379786146325,0.24696061804625,24.696061804625,0.007051470009215933,0.7051470009215933,0.007051470009215933,0.009872058012902305,scenario,zymosan,3261.276814609493
2.9166666666666665,spinal_coord,3.5406295463861808,0.987842076234,0.012157923766,0.35839284615660316,35.83928461566032,0.14857643613080426,14.857643613080427,0.2469605190585,24.69605190585,0.007031467449956822,0.7031467449956822,0.007031467449956822,0.00984405442993955,scenario,zymosan,3222.1765379190865
3.0,spinal_coord,3.5295959709329603,0.987844037223,0.012155962777,0.3580983936237711,35.80983936237711,0.1481831790906948,14.818317909069481,0.24696100930575,24.696100930575,0.007009709060153659,0.7009709060153659,0.007009709060153659,0.009813592684215122,scenario,zymosan,3183.0762612286762
3.0833333333333335,spinal_coord,3.5176925606502767,0.987848346649,0.012151653351,0.3577812105334456,35.778121053344556,0.14775883182826077,14.775883182826078,0.24696208666225,24.696208666225,0.006986234272644868,0.6986234272644868,0.006986234272644868,0.009780727981702814,scenario,zymosan,3143.9759845382628
3.1666666666666665,spinal_coord,3.5049409013829473,0.98785503254,0.01214496746,0.3574418121762691,35.74418121762691,0.14730407205502544,14.730407205502544,0.246963758135,24.696375813499998,0.006961085416775342,0.6961085416775342,0.006961085416775342,0.009745519583485478,scenario,zymosan,3104.875707847856
3.25,spinal_coord,3.4913639877752445,0.987864122923,0.012135877077,0.3570807485920683,35.70807485920683,0.1468196238150911,14.68196238150911,0.24696603073075,24.696603073075,0.006934307591937197,0.6934307591937197,0.006934307591937197,0.009708030628712075,scenario,zymosan,3065.775431157447
3.3333333333333335,spinal_coord,3.4769861542186176,0.987875645823,0.012124354177,0.35669860333527403,35.6698603335274,0.14630625583936532,14.630625583936533,0.24696891145575,24.696891145575,0.006905948533571288,0.6905948533571288,0.006905948533571288,0.009668327946999802,scenario,zymosan,3026.6751544670337
3.4166666666666665,spinal_coord,3.4618330022347665,0.98788962927,0.01211037073,0.3562959921642148,35.62959921642148,0.14576477979561975,14.576477979561975,0.2469724073175,24.69724073175,0.006876058472180949,0.6876058472180949,0.006876058472180949,0.009626481861053329,scenario,zymosan,2987.5748777766275
3.5,spinal_coord,3.4459313245971135,0.987906101288,0.012093898712,0.3558735616475796,35.58735616475796,0.1451960484341061,14.51960484341061,0.246976525322,24.697652532200003,0.006844689985934849,0.6844689985934849,0.006844689985934849,0.009582565980308787,scenario,zymosan,2948.4746010862173
3.5833333333333335,spinal_coord,3.4293090265050923,0.987925080489,0.012074919511,0.35543198431741796,35.54319843174179,0.14460095226022399,14.460095226022398,0.24698127012225,24.698127012224997,0.006811897847458346,0.6811897847458346,0.006811897847458346,0.009536656986441683,scenario,zymosan,2909.3743243958056
3.6666666666666665,spinal_coord,3.411995044135353,0.987946486293,0.012053513707,0.3549719249000711,35.49719249000711,0.14398040443576146,14.398040443576146,0.24698662157325,24.698662157325,0.00677773886543211,0.677773886543211,0.00677773886543211,0.009488834411604953,scenario,zymosan,2870.274047705397
3.75,spinal_coord,3.3940192609019832,0.987970290611,0.012029709389,0.35449409338769244,35.44940933876924,0.14333536097992328,14.333536097992328,0.24699257265275,24.699257265274998,0.006742271721633052,0.6742271721633052,0.006742271721633052,0.009439180410286272,scenario,zymosan,2831.1737710149864
3.8333333333333335,spinal_coord,3.375412421764068,0.987996489511,0.012003510489,0.3539992331089422,35.39992331089422,0.1426668143082563,14.266681430825631,0.24699912237775,24.699912237775003,0.006705556804065561,0.6705556804065561,0.006705556804065561,0.009387779525691786,scenario,zymosan,2792.073494324576
3.9166666666666665,spinal_coord,3.3562060459234173,0.98802507906,0.01197492094,0.3534881103091723,35.34881103091723,0.14197578739222974,14.197578739222974,0.247006269765,24.7006269765,0.006667656036840868,0.6667656036840868,0.006667656036840868,0.009334718451577215,scenario,zymosan,2752.9732176341677
4.0,spinal_coord,3.336432338258035,0.988056055328,0.011943944672,0.3529615123792678,35.29615123792678,0.1412633313963571,14.12633313963571,0.247014013832,24.7014013832,0.006628632707468803,0.6628632707468803,0.006628632707468803,0.009280085790456324,scenario,zymosan,2713.872940943758
4.083333333333333,spinal_coord,3.3161240998378636,0.988089414381,0.011910585619,0.3524202460298989,35.24202460298989,0.14053052324619855,14.053052324619856,0.24702235359525,24.702235359524998,0.006588551292229368,0.6588551292229368,0.006588551292229368,0.009223971809121115,scenario,zymosan,2683.661494221795
4.166666666666667,spinal_coord,3.295314637868619,0.98812515229,0.01187484771,0.3518651354256769,35.18651354256769,0.13977846313756923,13.977846313756922,0.2470312880725,24.70312880725,0.006547477280291525,0.6547477280291525,0.006547477280291525,0.009166468192408133,scenario,zymosan,2653.450047499832
4.25,spinal_coord,3.274037675407071,0.988163256451,0.011836743549,0.3512970171895844,35.12970171895844,0.13900827076911257,13.900827076911257,0.24704081411275,24.704081411275,0.006505476997243206,0.6505476997243206,0.006505476997243206,0.009107667796140488,scenario,zymosan,2623.238600777869
4.333333333333333,spinal_coord,3.2523272611869896,0.988203494959,0.011796505041,0.3507166637320981,35.07166637320981,0.1382210533231308,13.82210533231308,0.24705087373975,24.705087373974997,0.006462617428690078,0.6462617428690077,0.006462617428690078,0.009047664400166109,scenario,zymosan,2593.0271540559065
4.416666666666667,spinal_coord,3.2302176798892672,0.98824576584,0.01175423416,0.3501249056797838,35.01249056797838,0.13741795229304513,13.741795229304513,0.24706144146,24.706144146,0.00641896604457097,0.6418966044570971,0.00641896604457097,0.008986552462399357,scenario,zymosan,2562.815707333945
4.5,spinal_coord,3.207743363182412,0.988290069094,0.011709930906,0.3495226196086753,34.95226196086753,0.13660013644690044,13.660013644690045,0.2470725172735,24.70725172735,0.006374590624825247,0.6374590624825247,0.006374590624825247,0.008924426874755345,scenario,zymosan,2532.604260611982
4.583333333333333,spinal_coord,3.1849388018508034,0.988336404721,0.011663595279,0.3489106897119292,34.891068971192915,0.13576878470890555,13.576878470890556,0.24708410118025,24.708410118025,0.006329559087031817,0.6329559087031816,0.006329559087031817,0.008861382721844543,scenario,zymosan,2502.392813890019
4.666666666666667,spinal_coord,3.161838459317906,0.988384772722,0.011615227278,0.3482900057685737,34.829000576857375,0.134925083450765,13.492508345076502,0.2470961931805,24.70961931805,0.006283939316621186,0.6283939316621187,0.006283939316621186,0.008797515043269661,scenario,zymosan,2472.1813671680557
4.75,spinal_coord,3.138476686860059,0.988435173095,0.011564826905,0.3476614611053629,34.76614611053629,0.13407022377548386,13.407022377548387,0.24710879327375,24.710879327375,0.0062377990002409674,0.6237799000240968,0.0062377990002409674,0.008732918600337354,scenario,zymosan,2441.9699204460935
4.833333333333333,spinal_coord,3.114887640793656,0.988487605842,0.011512394158,0.34702595056393437,34.702595056393434,0.13320539880457916,13.320539880457915,0.2471219014605,24.712190146050002,0.006191205462831735,0.6191205462831735,0.006191205462831735,0.008667687647964427,scenario,zymosan,2411.758473724131
4.916666666666667,spinal_coord,3.091105201904557,0.988542070961,0.011457929039,0.3463843684707799,34.63843684707799,0.13233180097403988,13.233180097403988,0.24713551774025,24.713551774025,0.006144225508944368,0.6144225508944368,0.006144225508944368,0.008601915712522114,scenario,zymosan,2381.5470270021674
5.0,spinal_coord,3.067162897373559,0.988598403837,0.011401596163,0.34573754905700294,34.57375490570029,0.13145059746367058,13.145059746367057,0.24714960095925,24.714960095925,0.00609692526880206,0.609692526880206,0.00609692526880206,0.008535695376322884,scenario,zymosan,2351.335580280205
5.083333333333333,spinal_coord,3.0430938254357525,0.988656139617,0.011343860383,0.34508621768727565,34.508621768727565,0.13056291037736756,13.056291037736756,0.24716403490425,24.716403490425,0.0060493700495801985,0.6049370049580198,0.0060493700495801985,0.008469118069412277,scenario,zymosan,2321.1241335582417
5.166666666666667,spinal_coord,3.018930582994789,0.988715250188,0.011284749812,0.3444312466654304,34.44312466654304,0.1296699121579072,12.96699121579072,0.247178812547,24.7178812547,0.00600162419234575,0.600162419234575,0.00600162419234575,0.00840227386928405,scenario,zymosan,2290.912686836278
5.25,spinal_coord,2.9947051963955094,0.98877573555,0.01122426445,0.3437735097517365,34.37735097517365,0.12877276781898198,12.877276781898198,0.2471939338875,24.71939338875,0.0059537509350644545,0.5953750935064455,0.0059537509350644545,0.008335251309090236,scenario,zymosan,2260.7012401143156
5.333333333333333,spinal_coord,2.9704490555402137,0.988837595703,0.011162404297,0.3431138704209489,34.311387042094886,0.12787262866026514,12.787262866026513,0.24720939892575,24.720939892575,0.005905812282049603,0.5905812282049603,0.005905812282049603,0.008268137194869444,scenario,zymosan,2230.489793392354
5.416666666666667,spinal_coord,2.94619285151517,0.988900830646,0.011099169354,0.3424531800192634,34.245318001926336,0.12697062981035115,12.697062981035115,0.2472252076615,24.722520766149998,0.005857868880190479,0.5857868880190479,0.005857868880190479,0.00820101643226667,scenario,zymosan,2200.27834667039
5.5,spinal_coord,2.92196651787488,0.98896544038,0.01103455962,0.3417922759775541,34.179227597755414,0.1260678878434055,12.60678878434055,0.247241360095,24.7241360095,0.00580997990226189,0.580997990226189,0.00580997990226189,0.008133971863166646,scenario,zymosan,2170.066899948427
5.583333333333333,spinal_coord,2.8977991757122794,0.989031424905,0.010968575095,0.3411319800836391,34.11319800836391,0.12516549847651884,12.516549847651884,0.24725785622625,24.725785622625,0.005762202937578952,0.5762202937578952,0.005762202937578952,0.008067084112610532,scenario,zymosan,2139.8554532264648
5.666666666666667,spinal_coord,2.873719082623535,0.989098770292,0.010901229708,0.3404730920283012,34.04730920283012,0.12426453260706831,12.42645326070683,0.247274692573,24.7274692573,0.005714593890223512,0.5714593890223512,0.005714593890223512,0.008000431446312916,scenario,zymosan,2109.6440065045026
5.75,spinal_coord,2.8497535856565523,0.989166967414,0.010833032586,0.3398162225322728,33.98162225322728,0.1233659742383637,12.33659742383637,0.2472917418535,24.72917418535,0.005667206885030558,0.5667206885030558,0.005667206885030558,0.00793408963904278,scenario,zymosan,2079.4325597825396
5.833333333333333,spinal_coord,2.8259290783127944,0.989235760038,0.010764239962,0.3391620500189725,33.91620500189725,0.12247081334596328,12.247081334596329,0.2473089400095,24.73089400095,0.005620094181484959,0.5620094181484959,0.005620094181484959,0.007868131854078942,scenario,zymosan,2049.2211130605774
5.916666666666667,spinal_coord,2.8022709616527046,0.989305148163,0.010694851837,0.33851131945176405,33.851131945176405,0.12158004321468537,12.158004321468537,0.24732628704075,24.732628704074997,0.005573306095640976,0.5573306095640976,0.005573306095640976,0.007802628533897366,scenario,zymosan,2019.0096663386148
6.0,spinal_coord,2.778803609535955,0.989375131791,0.010624868209,0.33786475261321797,33.7864752613218,0.12069462622062396,12.069462622062396,0.24734378294775,24.734378294775,0.005526890930139543,0.5526890930139543,0.005526890930139543,0.00773764730219536,scenario,zymosan,1988.7982196166508
6.083333333333333,spinal_coord,2.7555503380090465,0.989445710921,0.010554289079,0.33722304685188986,33.72230468518899,0.11981549216218647,11.981549216218648,0.24736142773025,24.736142773024998,0.005480894912361394,0.5480894912361394,0.005480894912361394,0.007673252877305951,scenario,zymosan,1958.5867728946887
6.166666666666667,spinal_coord,2.732533378834583,0.989516885552,0.010483114448,0.33658687392823894,33.65868739282389,0.11894353672031863,11.894353672031862,0.247379221388,24.737922138800002,0.005435362140718034,0.5435362140718034,0.005435362140718034,0.007609506997005247,scenario,zymosan,1928.3753261727256
6.25,spinal_coord,2.709773857138835,0.989588655686,0.010411344314,0.3359568789598821,33.595687895988206,0.11807962005117613,11.807962005117613,0.2473971639215,24.739716392149997,0.005390334539047383,0.5390334539047383,0.005390334539047383,0.007546468354666336,scenario,zymosan,1898.1638794507635
6.333333333333333,spinal_coord,2.687291773137183,0.989661021321,0.010338978679,0.3353336794655884,33.53336794655884,0.11722456551378456,11.722456551378455,0.24741525533025,24.741525533024998,0.005345851819046895,0.5345851819046895,0.005345851819046895,0.007484192546665653,scenario,zymosan,1867.9524327288004
6.416666666666667,spinal_coord,2.6651059878806835,0.989733820438,0.010266179562,0.33471780972495296,33.471780972495296,0.11637913948727063,11.637913948727064,0.2474334551095,24.74334551095,0.005301951450644238,0.5301951450644238,0.005301951450644238,0.0074227320309019325,scenario,zymosan,1837.7409860068376
6.5,spinal_coord,2.643234212951448,0.989806533502,0.010193466498,0.334109654562428,33.410965456242806,0.11554402824923737,11.554402824923738,0.2474516333755,24.74516333755,0.0052586686401743295,0.525866864017433,0.0052586686401743295,0.0073621360962440605,scenario,zymosan,1807.529539284875
6.583333333333333,spinal_coord,2.621693004019783,0.989879121407,0.010120878593,0.3335097321457039,33.35097321457039,0.11471993572527184,11.471993572527184,0.24746978035175,24.746978035174998,0.005216036316201767,0.5216036316201768,0.005216036316201767,0.0073024508426824735,scenario,zymosan,1777.3180925629115
6.666666666666667,spinal_coord,2.6004977581622395,0.989951584152,0.010048415848,0.33291854350062144,33.291854350062145,0.11390752995016196,11.390752995016197,0.247487896038,24.7487896038,0.005174085122799717,0.5174085122799716,0.005174085122799717,0.007243719171919603,scenario,zymosan,1747.1066458409484
6.75,spinal_coord,2.579662714826809,0.990023921738,0.009976078262,0.3323365588387041,33.23365588387041,0.11310743787227216,11.310743787227215,0.2475059804345,24.75059804345,0.005132843420070021,0.5132843420070021,0.005132843420070021,0.007185980788098029,scenario,zymosan,1716.8951991189858
6.833333333333333,spinal_coord,2.5592009603196106,0.990096134165,0.009903865835,0.3317642172412638,33.176421724126385,0.11232024493335171,11.232024493335171,0.24752403354125,24.752403354125,0.00509233729166502,0.509233729166502,0.00509233729166502,0.007129272208331028,scenario,zymosan,1686.6837523970235
6.916666666666667,spinal_coord,2.5391244356765204,0.990168221432,0.009831778568,0.331201926451598,33.120192645159804,0.11154649479146404,11.154649479146403,0.247542055358,24.7542055358,0.00505259055904914,0.505259055904914,0.00505259055904914,0.007073626782668796,scenario,zymosan,1656.4723056750606
7.0,spinal_coord,2.5194439477733597,0.990240183539,0.009759816461,0.330650062773444,33.0650062773444,0.11078668918492529,11.078668918492529,0.24756004588475,24.756004588475,0.00501362480221801,0.5013624802218011,0.00501362480221801,0.007019074723105214,scenario,zymosan,1626.260858953098
7.083333333333333,spinal_coord,2.5001691835194486,0.990312015186,0.009687984814,0.3301089693053268,33.01089693053268,0.11004128734510238,11.004128734510237,0.2475780037965,24.75780037965,0.004975459386574565,0.49754593865745644,0.004975459386574565,0.00696564314120439,scenario,zymosan,1596.0494122311356
7.166666666666667,spinal_coord,2.481308726971641,0.990383367613,0.009616632387,0.32957884352530675,32.95788435253068,0.10931066882940903,10.931066882940902,0.24759584190325,24.759584190325,0.004938111495645474,0.49381114956454736,0.004938111495645474,0.0069133560939036625,scenario,zymosan,1565.8379655091733
7.25,spinal_coord,2.462870079199299,0.990454030827,0.009545969173,0.3290598986425085,32.90598986425085,0.10859518791434468,10.859518791434468,0.24761350770675,24.761350770675,0.004901596169307188,0.49015961693071886,0.004901596169307188,0.006862234637030063,scenario,zymosan,1535.62651878721
7.333333333333333,spinal_coord,2.4448596807251106,0.990524004828,0.009475995172,0.3285523871047923,32.85523871047923,0.10789518119705643,10.789518119705644,0.247631001207,24.7631001207,0.004865926347179029,0.4865926347179029,0.004865926347179029,0.006812296886050641,scenario,zymosan,1505.415072065247
7.416666666666667,spinal_coord,2.4272829363621495,0.990593289616,0.009406710384,0.32805653086540076,32.805653086540076,0.10721094461520103,10.721094461520103,0.247648322404,24.7648322404,0.004831112916830974,0.4831112916830974,0.004831112916830974,0.006763558083563364,scenario,zymosan,1475.2036253432839
7.5,spinal_coord,2.410144242264118,0.990661885191,0.009338114809,0.3275725218552606,32.757252185526056,0.1065427340766808,10.65427340766808,0.24766547129775,24.766547129775,0.004797164766446151,0.4797164766446151,0.004797164766446151,0.006716030673024611,scenario,zymosan,1444.9921786213213
7.583333333333333,spinal_coord,2.3934470150033085,0.990729791554,0.009270208446,0.327100522538231,32.7100522538231,0.10589076619964134,10.589076619964134,0.2476824478885,24.768244788849998,0.004764088841572473,0.4764088841572473,0.004764088841572473,0.006669724378201462,scenario,zymosan,1414.7807318993584
7.666666666666667,spinal_coord,2.3771937224893818,0.990797008703,0.009202991297,0.3266406665425201,32.66406665425201,0.10525521915569351,10.525521915569351,0.24769925217575,24.769925217575,0.004731890205594268,0.4731890205594268,0.004731890205594268,0.006624646287831975,scenario,zymosan,1384.5692851773958
7.75,spinal_coord,2.3613859165416233,0.990863536639,0.009136463361,0.32619305936816717,32.619305936816716,0.10463623361122291,10.463623361122291,0.24771588415975,24.771588415975,0.004700572103553209,0.4700572103553209,0.004700572103553209,0.006580800944974491,scenario,zymosan,1354.357838455433
7.833333333333333,spinal_coord,2.3460242669278197,0.990929309334,0.009070690666,0.32575775745268065,32.57577574526807,0.10403390682557416,10.403390682557417,0.2477323273335,24.77323273335,0.004670136028948107,0.4670136028948107,0.004670136028948107,0.006538190440527349,scenario,zymosan,1324.1463917334706
7.916666666666667,spinal_coord,2.331108596684284,0.990994058887,0.009005941113,0.32533472455766277,32.53347245576628,0.10344827978121705,10.344827978121705,0.24774851472175,24.774851472175,0.004640581793145334,0.46405817931453336,0.004640581793145334,0.006496814510403467,scenario,zymosan,1293.9349450115078
8.0,spinal_coord,2.3166379185337833,0.991057756834,0.008942243166,0.3249239777774325,32.49239777774325,0.10287938475857665,10.287938475857665,0.2477644392085,24.77644392085,0.004611907597035434,0.46119075970354345,0.004611907597035434,0.006456670635849608,scenario,zymosan,1263.723498289545
8.083333333333334,spinal_coord,2.302610472221161,0.991120403174,0.008879596826,0.3245255188609178,32.45255188609178,0.10232722408989041,10.23272240898904,0.2477801007935,24.77801007935,0.004584110104577094,0.45841101045770943,0.004584110104577094,0.006417754146407931,scenario,zymosan,1254.5969350585474
8.166666666666666,spinal_coord,2.2890237625902303,0.991181997908,0.008818002092,0.3241393258294717,32.41393258294717,0.10179176846996227,10.179176846996226,0.247795499477,24.7795499477,0.004557184517876605,0.4557184517876605,0.004557184517876605,0.0063800583250272465,scenario,zymosan,1245.4703718275503
8.25,spinal_coord,2.2758745982300046,0.991242541036,0.008757458964,0.3237653540023905,32.37653540023905,0.10127295832452064,10.127295832452065,0.247810635259,24.7810635259,0.004531124653459564,0.45311246534595645,0.004531124653459564,0.0063435745148433895,scenario,zymosan,1236.3438085965527
8.333333333333334,spinal_coord,2.263159130523448,0.991302032557,0.008697967443,0.3234035370569416,32.340353705694156,0.10077070522358875,10.077070522358875,0.24782550813925,24.782550813925,0.004505923019401308,0.4505923019401308,0.004505923019401308,0.006308292227161831,scenario,zymosan,1227.2172453655546
8.416666666666666,spinal_coord,2.2508728929376636,0.991360472472,0.008639527528,0.323053788117167,32.3053788117167,0.10028489333222271,10.028489333222272,0.247840118118,24.7840118118,0.004481570892993691,0.4481570892993691,0.004481570892993691,0.006274199250191167,scenario,zymosan,1218.090682134557
8.5,spinal_coord,2.239010840400669,0.991417860383,0.008582139617,0.3227160007333344,32.27160007333344,0.09981538085011252,9.981538085011252,0.24785446509575,24.785446509575,0.004458058398637959,0.44580583986379585,0.004458058398637959,0.006241281758093142,scenario,zymosan,1208.9641189035592
8.583333333333334,spinal_coord,2.2275673886166327,0.991474105342,0.008525894658,0.3223900206955429,32.23900206955429,0.09936199248005723,9.936199248005723,0.2478685263355,24.786852633549998,0.004435374585666605,0.44353745856666055,0.004435374585666605,0.006209524419933247,scenario,zymosan,1199.8375556725614
8.666666666666666,spinal_coord,2.2165364531785805,0.991529137799,0.008470862201,0.32207568368702527,32.207568368702525,0.09892453231636705,9.892453231636706,0.24788228444975,24.788228444975,0.004413507505811145,0.4413507505811145,0.004413507505811145,0.006178910508135603,scenario,zymosan,1190.7109924415643
8.75,spinal_coord,2.20591148834506,0.991582957754,0.008417042246,0.3217728320081329,32.17728320081329,0.09850279009284384,9.850279009284383,0.2478957394385,24.789573943849998,0.004392444290047457,0.4392444290047457,0.004392444290047457,0.00614942200606644,scenario,zymosan,1181.5844292105671
8.833333333333334,spinal_coord,2.195685525355041,0.991635565207,0.008364434793,0.32148129305743245,32.14812930574325,0.09809653567424322,9.809653567424322,0.24790889130175,24.790889130175,0.004372171224565776,0.43721712245657757,0.004372171224565776,0.006121039714392086,scenario,zymosan,1172.4578659795689
8.916666666666666,spinal_coord,2.185851210163355,0.991686960158,0.008313039842,0.32120088047332185,32.12008804733218,0.09770552057842916,9.770552057842915,0.2479217400395,24.79217400395,0.004352673825628318,0.4352673825628318,0.004352673825628318,0.006093743355879645,scenario,zymosan,1163.331302748572
9.0,spinal_coord,2.1764008404871764,0.991737142607,0.008262857393,0.3209313952674241,32.09313952674241,0.09732947948756544,9.732947948756545,0.24793428565175,24.793428565175,0.004333936913093801,0.4333936913093801,0.004333936913093801,0.006067511678331321,scenario,zymosan,1154.2047395175734
9.083333333333334,spinal_coord,2.167326402062402,0.991786112554,0.008213887446,0.32067262694547416,32.067262694547416,0.09696813174263226,9.696813174263227,0.2479465281385,24.79465281385,0.00431594468240477,0.43159446824047704,0.00431594468240477,0.006042322555366678,scenario,zymosan,1145.0781762865765
9.166666666666666,spinal_coord,2.158619604017196,0.991833869999,0.008166130001,0.32042435461168695,32.042435461168694,0.09662118281591595,9.662118281591594,0.24795846749975,24.795846749975002,0.004298680774850384,0.4298680774850384,0.004298680774850384,0.0060181530847905375,scenario,zymosan,1135.9516130555783
9.25,spinal_coord,2.150271913278407,0.991880415802,0.008119584198,0.32018634833048637,32.01863483304864,0.09628832583998181,9.628832583998182,0.2479701039505,24.797010395050002,0.004282128345934183,0.4282128345934183,0.004282128345934183,0.005994979684307855,scenario,zymosan,1126.8250498245804
9.333333333333334,spinal_coord,2.142274587935018,0.991925754733,0.008074245267,0.31995837116969283,31.995837116969284,0.09596924331525708,9.596924331525708,0.24798143868325,24.798143868325003,0.004266270131693251,0.4266270131693251,0.004266270131693251,0.005972778184370551,scenario,zymosan,1117.6984865935838
9.416666666666666,spinal_coord,2.1346187094911167,0.991969887526,0.008030112474,0.3197401776683918,31.97401776683918,0.09566360771585569,9.566360771585568,0.2479924718815,24.79924718815,0.004251088512831846,0.42510885128318454,0.004251088512831846,0.005951523917964584,scenario,zymosan,1108.5719233625857
9.5,spinal_coord,2.1272952139491643,0.992012814181,0.007987185819,0.31953151590942236,31.953151590942237,0.09537108315222982,9.537108315222982,0.24800320354525,24.800320354525,0.004236565576549179,0.42365655765491794,0.004236565576549179,0.005931191807168851,scenario,zymosan,1099.4453601315881
9.583333333333334,spinal_coord,2.120294921672434,0.992054534698,0.007945465302,0.3193321287281561,31.93321287281561,0.0950913267382081,9.50913267382081,0.2480136336745,24.801363367449998,0.00422268317595724,0.422268317595724,0.00422268317595724,0.005911756446340136,scenario,zymosan,1090.3187969005903
9.666666666666666,spinal_coord,2.1136085659834194,0.992095049078,0.007904950922,0.3191417546499902,31.91417546499902,0.09482398984065357,9.482398984065357,0.2480237622695,24.80237622695,0.004209422987000495,0.4209422987000495,0.004209422987000495,0.005893192181800693,scenario,zymosan,1081.1922336695927
9.75,spinal_coord,2.107226820462732,0.992134357319,0.007865642681,0.31896012878980173,31.896012878980173,0.09456871928006899,9.4568719280069,0.24803358932975,24.803358932975,0.004196766562804737,0.4196766562804737,0.004196766562804737,0.005875473187926632,scenario,zymosan,1072.0656704385951
9.833333333333334,spinal_coord,2.101140324920462,0.992172459423,0.007827540577,0.3187869837168473,31.878698371684735,0.09432515848146306,9.432515848146306,0.24804311485575,24.804311485575,0.004184695385397391,0.41846953853973906,0.004184695385397391,0.005858573539556346,scenario,zymosan,1062.9391072075973
9.916666666666666,spinal_coord,2.0953397100191777,0.992209355388,0.007790644612,0.3186220502753654,31.86220502753654,0.09409294857115381,9.409294857115382,0.248052338847,24.8052338847,0.004173190914755997,0.4173190914755997,0.004173190914755997,0.0058424672806583955,scenario,zymosan,1053.8125439766
10.0,spinal_coord,2.089815620534614,0.992245102513,0.007754897487,0.31846507675944924,31.846507675944924,0.09387173484159898,9.387173484159899,0.24806127562825,24.806127562825,0.0041622346351554715,0.4162234635155472,0.0041622346351554715,0.005827128489217659,scenario,zymosan,1044.6859807456026
10.083333333333334,spinal_coord,2.084558737246696,0.992279765421,0.007720234579,0.3183158135756743,31.83158135756743,0.0936611629605657,9.366116296056571,0.24806994135525,24.806994135525002,0.004151808098797951,0.41518080987979505,0.004151808098797951,0.0058125313383171305,scenario,zymosan,1035.5594175146048
10.166666666666666,spinal_coord,2.0795597974597593,0.992313344169,0.007686655831,0.31817399089043163,31.817399089043164,0.09346087313090884,9.346087313090884,0.24807833604225,24.807833604225,0.004141892966721568,0.41418929667215676,0.004141892966721568,0.005798650153410194,scenario,zymosan,1026.4328542836072
10.25,spinal_coord,2.0748096141567167,0.992345838757,0.007654161243,0.31803934001333545,31.803934001333545,0.09327050709878061,9.327050709878062,0.24808645968925,24.808645968925,0.004132471046996369,0.4132471046996369,0.004132471046996369,0.005785459465794916,scenario,zymosan,1017.3062910526095
10.333333333333334,spinal_coord,2.070299093797452,0.992377249187,0.007622750813,0.3179115940301831,31.79115940301831,0.09308970897791084,9.308970897791085,0.24809431229675,24.809431229675,0.004123524330226664,0.4123524330226664,0.004123524330226664,0.005772934062317329,scenario,zymosan,1008.1797278216126
10.416666666666666,spinal_coord,2.0660192527768513,0.992407575457,0.007592424543,0.3177904883726729,31.779048837267286,0.0929181260112305,9.29181260112305,0.24810189386425,24.810189386424998,0.004115035022389487,0.4115035022389487,0.004115035022389487,0.005761049031345282,scenario,zymosan,999.053164590615
10.5,spinal_coord,2.061961232562663,0.992436817567,0.007563182433,0.3176757613498862,31.767576134988616,0.09275540927751495,9.275540927751495,0.24810920439175,24.810920439175,0.004106985575048438,0.4106985575048438,0.004106985575048438,0.005749779805067813,scenario,zymosan,989.9266013596175
10.583333333333334,spinal_coord,2.058116313537757,0.992464975518,0.007535024482,0.31756715463592416,31.756715463592418,0.0926012143418989,9.26012143418989,0.2481162438795,24.811624387949998,0.004099358712991014,0.4099358712991014,0.004099358712991014,0.00573910219818742,scenario,zymosan,980.8000381286195
10.666666666666666,spinal_coord,2.054475927575359,0.992492065343,0.007507934657,0.31746441884468213,31.74644188446821,0.09245520334524286,9.245520334524286,0.24812301633575,24.812301633575,0.004092137459345608,0.4092137459345608,0.004092137459345608,0.0057289924430838505,scenario,zymosan,971.6734748976221
10.75,spinal_coord,2.0510316693794515,0.992518222967,0.007481777033,0.3173673471384332,31.73673471384332,0.0923170551955776,9.23170551955776,0.24812955574175,24.812955574175,0.004085305158241638,0.4085305158241638,0.004085305158241638,0.005719427221538292,scenario,zymosan,962.5469116666237
10.833333333333334,spinal_coord,2.047775306625785,0.992543479274,0.007456520726,0.3172757036342591,31.72757036342591,0.09218644508767881,9.21864450876788,0.2481358698185,24.81358698185,0.004078845495082825,0.40788454950828246,0.004078845495082825,0.005710383693115955,scenario,zymosan,953.4203484356268
10.916666666666666,spinal_coord,2.0446987889417994,0.992567834264,0.007432165736,0.31718924748882155,31.718924748882156,0.0920630518970954,9.206305189709541,0.248141958566,24.814195856599998,0.00407274251450942,0.40727425145094204,0.00407274251450942,0.005701839520313188,scenario,zymosan,944.2937852046296
11.0,spinal_coord,2.0417942557662694,0.992591287936,0.007408712064,0.3171077430723608,31.71077430723608,0.09194656145114771,9.194656145114772,0.248147821984,24.8147821984,0.004066980636130212,0.40669806361302124,0.004066980636130212,0.005693772890582297,scenario,zymosan,935.1672219736316
11.083333333333334,spinal_coord,2.039054043131635,0.99261384029,0.00738615971,0.31703096022577376,31.703096022577377,0.09183666687103166,9.183666687103166,0.2481534600725,24.81534600725,0.004061544668109533,0.40615446681095335,0.004061544668109533,0.0056861625353533465,scenario,zymosan,926.0406587426335
11.166666666666666,spinal_coord,2.03647068941378,0.992635491328,0.007364508672,0.31695867448305654,31.695867448305652,0.09173306886807536,9.173306886807536,0.248158872832,24.8158872832,0.004056419818698088,0.4056419818698088,0.004056419818698088,0.005678987746177323,scenario,zymosan,916.9140955116362
11.25,spinal_coord,2.0340369400954907,0.992656241047,0.007343758953,0.31689066725830184,31.689066725830184,0.09163547599540249,9.16354759954025,0.24816406026175,24.816406026175,0.00405159170579942,0.405159170579942,0.00405159170579942,0.0056722283881191875,scenario,zymosan,907.7875322806389
11.333333333333334,spinal_coord,2.0317457515909925,0.992676089449,0.007323910551,0.3168267260067168,31.68267260067168,0.09154360485928903,9.154360485928903,0.24816902236225,24.816902236225,0.00404704636466618,0.40470463646661803,0.00404704636466618,0.005665864910532652,scenario,zymosan,898.6609690496407
11.416666666666666,spinal_coord,2.0295902941797905,0.992695109112,0.007304890888,0.3167666675097953,31.676666750979532,0.09145718697572706,9.145718697572706,0.248173777278,24.8173777278,0.004042770253822069,0.4042770253822069,0.004042770253822069,0.0056598783553508955,scenario,zymosan,889.5344058186437
11.5,spinal_coord,2.0275639540986163,0.992713422621,0.007286577379,0.31671033075190014,31.671033075190014,0.09137596679553349,9.137596679553349,0.24817835565525,24.817835565525,0.00403875025930648,0.40387502593064795,0.00403875025930648,0.005654250363029072,scenario,zymosan,880.4078425876461
11.583333333333334,spinal_coord,2.025660334840561,0.992731031962,0.007268968038,0.3166575225619109,31.665752256191087,0.09129968609521451,9.12996860952145,0.2481827579905,24.81827579905,0.004034973697339471,0.40349736973394706,0.004034973697339471,0.005648963176275259,scenario,zymosan,871.2812793566478
11.666666666666666,spinal_coord,2.0238732577105085,0.992747937136,0.007252062864,0.31660805552700017,31.660805552700015,0.09122809499066692,9.122809499066692,0.248186984284,24.818698428399998,0.004031428315504763,0.4031428315504763,0.004031428315504763,0.005643999641706668,scenario,zymosan,862.1547161256508
11.75,spinal_coord,2.0221967616857714,0.992764138141,0.007235861859,0.3165617486489956,31.656174864899562,0.09116095215166081,9.116095215166082,0.24819103453525,24.819103453525,0.004028102292548083,0.40281022925480836,0.004028102292548083,0.005639343209567316,scenario,zymosan,853.0281528946533
11.833333333333334,spinal_coord,2.0206251026304023,0.992779634978,0.007220365022,0.31651842734810576,31.651842734810575,0.09109802480480766,9.109802480480766,0.2481949087445,24.81949087445,0.004024984236887312,0.40249842368873123,0.004024984236887312,0.005634977931642237,scenario,zymosan,843.901589663655
11.916666666666666,spinal_coord,2.0191527519110233,0.992794427647,0.007205572353,0.3164779234430613,31.64779234430613,0.09103908870841507,9.103908870841506,0.24819860691175,24.819860691175,0.004022063183929663,0.40220631839296633,0.004022063183929663,0.0056308884575015285,scenario,zymosan,834.7750264326581
12.0,spinal_coord,2.017774394461188,0.992808516149,0.007191483851,0.31644007511432043,31.644007511432044,0.09098392810276056,9.098392810276055,0.24820212903725,24.820212903725,0.004019328592289481,0.4019328592289481,0.004019328592289481,0.005627060029205273,scenario,zymosan,825.6484632016602
0.0,ganglia,10.32465246735835,0.982725252356,0.017274747644,0.3994026714476578,39.94026714476578,0.3345890513467309,33.45890513467309,0.0982725252356,9.82725252356,0.006836048428721181,0.6836048428721181,0.006836048428721181,0.012304887171698127,scenario,zymosan,9297.851874332646
0.08333333333333333,ganglia,10.345290890771434,0.982718237328,0.017281762672,0.3997965465926665,39.97965465926665,0.3350274698442961,33.502746984429606,0.09827182373280001,9.827182373280001,0.006849619721507516,0.6849619721507516,0.006849619721507516,0.01232931549871353,scenario,zymosan,19079.7331615475
0.16666666666666666,ganglia,10.366604297073675,0.982711222299,0.017288777701,0.40020282497099813,40.020282497099814,0.3354796697123313,33.54796697123313,0.0982711222299,9.827112222990001,0.006863634476278893,0.6863634476278893,0.006863634476278893,0.012354542057302006,scenario,zymosan,28861.61444876235
0.25,ganglia,10.388558127512365,0.982704207271,0.017295792729,0.40062079098467385,40.062079098467386,0.3359448558417487,33.59448558417487,0.09827042072710002,9.827042072710002,0.006878069932144789,0.6878069932144789,0.006878069932144789,0.01238052587786062,scenario,zymosan,38643.49573597726
0.3333333333333333,ganglia,10.411112290507187,0.982697192243,0.017302807757,0.4010496256758452,40.104962567584515,0.33642211827949464,33.64221182794947,0.0982697192243,9.82697192243,0.006892899691871937,0.6892899691871938,0.006892899691871937,0.012407219445369488,scenario,zymosan,48425.3770231921
0.4166666666666667,ganglia,10.434221116809699,0.982687097031,0.017312902969,0.4014871485037087,40.14871485037087,0.33690937644512076,33.690937644512076,0.0982687097031,9.82687097031,0.006908093693146513,0.6908093693146513,0.006908093693146513,0.012434568647663723,scenario,zymosan,58207.25831040698
0.5,ganglia,10.457833361771614,0.982673180717,0.017326819283,0.40193202809427947,40.193202809427945,0.3374052333584216,33.74052333584216,0.09826731807170001,9.82673180717,0.0069236182108414045,0.6923618210841405,0.0069236182108414045,0.012462512779514528,scenario,zymosan,67989.13959762185
0.5833333333333334,ganglia,10.481892257429656,0.982659264402,0.017340735598,0.40238469975699315,40.23846997569932,0.33790974812977015,33.79097481297701,0.0982659264402,9.82659264402,0.006939435892054533,0.6939435892054533,0.006939435892054533,0.01249098460569816,scenario,zymosan,77771.02088483666
0.6666666666666666,ganglia,10.506335616648101,0.982645348087,0.017354651913,0.4028439426401456,40.28439426401456,0.3384215642571618,33.84215642571618,0.09826453480870001,9.82645348087,0.006955505825375437,0.6955505825375438,0.006955505825375437,0.012519910485675786,scenario,zymosan,87552.90217205149
0.75,ganglia,10.531095991035345,0.982631431772,0.017368568228,0.4033084432658085,40.33084432658085,0.3389392223206761,33.89392223206761,0.0982631431772,9.82631431772,0.006971783645490635,0.6971783645490636,0.006971783645490635,0.012549210561883144,scenario,zymosan,97334.78345926643
0.8333333333333334,ganglia,10.556100883773208,0.982616999678,0.017383000322,0.4037765886752754,40.377658867527536,0.33946098745275044,33.946098745275044,0.0982616999678,9.826169996780001,0.0069882216738572,0.69882216738572,0.0069882216738572,0.01257879901294296,scenario,zymosan,107116.66474648136
0.9166666666666666,ganglia,10.581273017873414,0.982601280429,0.017398719571,0.40424657827566496,40.4246578275665,0.33998494470307217,33.998494470307214,0.0982601280429,9.82601280429,0.007004769095762658,0.7004769095762658,0.007004769095762658,0.012608584372372784,scenario,zymosan,116898.54603369608
1.0,ganglia,10.606530659712634,0.982584266564,0.017415733436,0.4047168501360167,40.47168501360167,0.34050935942179633,34.050935942179635,0.0982584266564,9.82584266564,0.00702137217365302,0.702137217365302,0.00702137217365302,0.012638469912575435,scenario,zymosan,126680.427320911
1.0833333333333333,ganglia,10.63178799700404,0.982565958083,0.017434041917,0.40518577879918516,40.51857787991852,0.34103242554542795,34.103242554542796,0.0982565958083,9.82565958083,0.007037974496155065,0.7037974496155065,0.007037974496155065,0.012668354093079117,scenario,zymosan,123900.62090122697
1.1666666666666667,ganglia,10.656955569649268,0.982546354987,0.017453645013,0.40565168096805815,40.56516809680581,0.34155227274373123,34.155227274373125,0.0982546354987,9.825463549870001,0.007054517261750315,0.7054517261750315,0.007054517261750315,0.012698131071150566,scenario,zymosan,121120.81448154314
1.25,ganglia,10.681940751190348,0.982525457274,0.017474542726,0.4061128250240056,40.611282502400556,0.3420669769962284,34.20669769962284,0.0982525457274,9.82525457274,0.007070939595583387,0.7070939595583388,0.007070939595583387,0.012727691272050097,scenario,zymosan,118341.00806185913
1.3333333333333333,ganglia,10.706648277857717,0.982503264946,0.017496735054,0.40656744124424704,40.656744124424705,0.3425745719440522,34.25745719440522,0.09825032649460001,9.82503264946,0.0070871788974139005,0.70871788974139,0.0070871788974139005,0.01275692201534502,scenario,zymosan,115561.20164217519
1.4166666666666667,ganglia,10.730980821499331,0.982479778001,0.017520221999,0.4070137326203116,40.70137326203116,0.3430730609113462,34.30730609113462,0.0982479778001,9.82479778001,0.007103171218256265,0.7103171218256265,0.007103171218256265,0.012785708192861277,scenario,zymosan,112781.39522249112
1.5,ganglia,10.754839601989007,0.982454996441,0.017545003559,0.40744988619505645,40.74498861950565,0.3435604295010627,34.35604295010627,0.09824549964410001,9.82454996441,0.007118851662803468,0.7118851662803468,0.007118851662803468,0.012813932993046243,scenario,zymosan,110001.5888028071
1.5833333333333333,ganglia,10.778125034061262,0.98242894328,0.01757105672,0.4078740943582435,40.78740943582435,0.34403466670027055,34.40346667002706,0.098242894328,9.8242894328,0.007134154814306875,0.7134154814306874,0.007134154814306875,0.012841478665752375,scenario,zymosan,107221.7823831232
1.6666666666666667,ganglia,10.800737402916807,0.982402318745,0.017597681255,0.40828483882598315,40.82848388259831,0.3444940077238702,34.449400772387015,0.0982402318745,9.824023187449999,0.007149015178191794,0.7149015178191793,0.007149015178191794,0.012868227320745228,scenario,zymosan,104441.97596343918
1.75,ganglia,10.822577562398665,0.982375451933,0.017624548067,0.4086804681505374,40.86804681505374,0.34493658106359704,34.4936581063597,0.09823754519330001,9.82375451933,0.007163367640335439,0.7163367640335438,0.007163367640335439,0.01289406175260379,scenario,zymosan,101662.16954375524
1.8333333333333333,ganglia,10.843547649064234,0.982348342843,0.017651657157,0.4090592266764146,40.90592266764146,0.3453604359912384,34.536043599123836,0.09823483428430001,9.82348342843,0.007177147935626589,0.7177147935626589,0.007177147935626589,0.012918866284127861,scenario,zymosan,98882.36312407121
1.9166666666666667,ganglia,10.863551805083318,0.982320991477,0.017679008523,0.4094194032782704,40.94194032782704,0.34576367125618934,34.57636712561894,0.09823209914770001,9.82320991477,0.007190293122171252,0.7190293122171252,0.007190293122171252,0.012942527619908254,scenario,zymosan,96102.5567043872
2.0,ganglia,10.882496902584595,0.982293397833,0.017706602167,0.40975934345366544,40.97593434536655,0.34614444852262827,34.61444485226283,0.09822933978330001,9.822933978330001,0.007202742056311116,0.7202742056311117,0.007202742056311116,0.012964935701360009,scenario,zymosan,93322.75028470327
2.0833333333333335,ganglia,10.900293261860844,0.982265561912,0.017734438088,0.41007746115249133,41.007746115249134,0.34650100551254587,34.65010055125459,0.0982265561912,9.82265561912,0.007214435863486635,0.7214435863486635,0.007214435863486635,0.012985984554275942,scenario,zymosan,91644.47505817508
2.1666666666666665,ganglia,10.916855355732029,0.982237483714,0.017762516286,0.4103722502217441,41.03722502217441,0.34683166872260457,34.68316687226046,0.09822374837140001,9.82237483714,0.00722531839990742,0.722531839990742,0.00722531839990742,0.013005573119833356,scenario,zymosan,89966.19983164695
2.25,ganglia,10.932102492359528,0.982209163239,0.017790836761,0.41064229536543595,41.06422953654359,0.3471348656017066,34.71348656017066,0.09822091632390001,9.82209163239,0.007235336699992321,0.7235336699992321,0.007235336699992321,0.01302360605998618,scenario,zymosan,88287.92460511877
2.3333333333333335,ganglia,10.945959468906766,0.982180600487,0.017819399513,0.4108862825153958,41.088628251539575,0.3474091360741064,34.74091360741064,0.0982180600487,9.82180600487,0.007244441404611347,0.7244441404611347,0.007244441404611347,0.013039994528300425,scenario,zymosan,86609.6493785906
2.4166666666666665,ganglia,10.958357188651954,0.982151963351,0.017848036649,0.41110307879331787,41.110307879331785,0.34765320273135314,34.765320273135316,0.09821519633510001,9.82151963351,0.007252587165301829,0.7252587165301829,0.007252587165301829,0.013054656897543293,scenario,zymosan,84931.3741520625
2.5,ganglia,10.969233234476345,0.982124162506,0.017875837494,0.4112919823463765,41.12919823463765,0.34786618455086277,34.78661845508628,0.09821241625060001,9.82124162506,0.007259733019841118,0.7259733019841118,0.007259733019841118,0.013067519435714013,scenario,zymosan,83253.09892553439
2.5833333333333335,ganglia,10.978532392073229,0.982097334682,0.017902665318,0.41145209556798135,41.145209556798136,0.34804706899975707,34.804706899975706,0.0982097334682,9.82097334682,0.007265842734835419,0.7265842734835419,0.007265842734835419,0.013078516922703754,scenario,zymosan,81574.82369900621
2.6666666666666665,ganglia,10.986207116743916,0.98207147988,0.01792852012,0.4115825984483716,41.15825984483716,0.3481949449559684,34.81949449559684,0.09820714798800001,9.820714798800001,0.007270885111325893,0.7270885111325893,0.007270885111325893,0.013087593200386608,scenario,zymosan,79896.54847247803
2.75,ganglia,10.992217938260243,0.982046598099,0.017953401901,0.4116828119060879,41.16828119060879,0.3483090578846532,34.83090578846532,0.09820465980990001,9.82046598099,0.007274834249814376,0.7274834249814376,0.007274834249814376,0.013094701649665877,scenario,zymosan,78218.27324594992
2.8333333333333335,ganglia,10.996533798970368,0.982022689338,0.017977310662,0.4117522028789248,41.17522028789248,0.34838881549458306,34.83888154945831,0.0982022689338,9.820226893380001,0.0072776697715663955,0.7277669771566395,0.0072776697715663955,0.013099805588819511,scenario,zymosan,76539.99801942166
2.9166666666666665,ganglia,10.999132321095676,0.981999753599,0.018000246401,0.4117903883274099,41.179038832740986,0.3484337921861221,34.843379218612206,0.09819997535990001,9.819997535990002,0.007279376993552303,0.7279376993552302,0.007279376993552303,0.013102878588394144,scenario,zymosan,74861.72279289353
3.0,ganglia,11.0,0.981977790881,0.018022209119,0.41179713811138713,41.17971381113871,0.34844373224809677,34.84437322480968,0.09819777908810001,9.819777908810002,0.00727994705493051,0.727994705493051,0.00727994705493051,0.013103904698874918,scenario,zymosan,73183.44756636542
3.0833333333333335,ganglia,10.999132321095676,0.981956801184,0.018043198816,0.4117723767224297,41.177237672242974,0.3484185517822552,34.84185517822552,0.0981956801184,9.819568011840001,0.007279376993552303,0.7279376993552302,0.007279376993552303,0.013102878588394144,scenario,zymosan,71505.1723398372
3.1666666666666665,ganglia,10.996533798970368,0.981936784509,0.018063215491,0.411716183851093,41.1716183851093,0.34835833933354776,34.83583393335478,0.0981936784509,9.819367845090001,0.0072776697715663955,0.7277669771566395,0.0072776697715663955,0.013099805588819511,scenario,zymosan,69826.89711330911
3.25,ganglia,10.992217938260243,0.981918030069,0.018081969931,0.41162891502562005,41.162891502562005,0.3482634577985778,34.82634577985778,0.0981918030069,9.81918030069,0.007274834249814376,0.7274834249814376,0.007274834249814376,0.013094701649665877,scenario,zymosan,68148.62188678086
3.3333333333333335,ganglia,10.986207116743916,0.981901054092,0.018098945908,0.4115111736181991,41.151117361819914,0.34813452023222125,34.813452023222126,0.09819010540920001,9.81901054092,0.007270885111325893,0.7270885111325893,0.007270885111325893,0.013087593200386608,scenario,zymosan,66470.34666025275
3.4166666666666665,ganglia,10.978532392073229,0.981885866739,0.018114133261,0.41136350055278265,41.136350055278264,0.3479721265320918,34.79721265320918,0.09818858667390001,9.818858667390002,0.007265842734835419,0.7265842734835419,0.007265842734835419,0.013078516922703754,scenario,zymosan,64792.07143372467
3.5,ganglia,10.969233234476345,0.98187246801,0.01812753199,0.41118657823133936,41.11865782313394,0.3477770349225993,34.77770349225993,0.09818724680100001,9.8187246801,0.007259733019841118,0.7259733019841118,0.007259733019841118,0.013067519435714013,scenario,zymosan,63113.79620719648
3.5833333333333335,ganglia,10.958357188651954,0.981860857905,0.018139142095,0.41098122968078765,41.09812296807876,0.3475501598780974,34.75501598780974,0.0981860857905,9.81860857905,0.007252587165301829,0.7252587165301829,0.007252587165301829,0.013054656897543293,scenario,zymosan,61435.52098066833
3.6666666666666665,ganglia,10.945959468906766,0.981851036424,0.018148963576,0.4107484124000325,41.07484124000325,0.3472925652862583,34.72925652862583,0.0981851036424,9.81851036424,0.007244441404611347,0.7244441404611347,0.007244441404611347,0.013039994528300425,scenario,zymosan,59757.24575414012
3.75,ganglia,10.932102492359528,0.981843003566,0.018156996434,0.41048921122183546,41.04892112218354,0.34700545651692827,34.70054565169283,0.0981843003566,9.81843003566,0.007235336699992321,0.7235336699992321,0.007235336699992321,0.01302360605998618,scenario,zymosan,58078.97052761198
3.8333333333333335,ganglia,10.916855355732029,0.981836759333,0.018163240667,0.41020483025592497,41.0204830255925,0.34669017146958325,34.669017146958325,0.0981836759333,9.81836759333,0.00722531839990742,0.722531839990742,0.00722531839990742,0.013005573119833356,scenario,zymosan,56400.695301083804
3.9166666666666665,ganglia,10.900293261860844,0.981832303723,0.018167696277,0.40989658397929307,40.989658397929304,0.34634817067443674,34.63481706744368,0.0981832303723,9.81832303723,0.007214435863486635,0.7214435863486635,0.007214435863486635,0.012985984554275942,scenario,zymosan,54722.42007455565
4.0,ganglia,10.882496902584595,0.981829637509,0.018170362491,0.4095658878870279,40.95658878870279,0.34598102681791987,34.598102681791985,0.0981829637509,9.81829637509,0.007202742056311116,0.7202742056311117,0.007202742056311116,0.012964935701360009,scenario,zymosan,53044.14484802751
4.083333333333333,ganglia,10.863551805083318,0.981828796439,0.018171203561,0.40921426239203984,40.92142623920398,0.34559042527571093,34.559042527571094,0.0981828796439,9.81828796439,0.007190293122171252,0.7190293122171252,0.007190293122171252,0.012942527619908254,scenario,zymosan,52458.30731493881
4.166666666666667,ganglia,10.843547649064234,0.981829799981,0.018170200019,0.4088433004790797,40.884330047907966,0.3451781338677552,34.51781338677552,0.0981829799981,9.81829799981,0.007177147935626589,0.7177147935626589,0.007177147935626589,0.012918866284127861,scenario,zymosan,51872.46978185004
4.25,ganglia,10.822577562398665,0.981832648134,0.018167351866,0.4084546549848554,40.84546549848554,0.34474598907939485,34.47459890793949,0.0981832648134,9.818326481340002,0.007163367640335439,0.7163367640335438,0.007163367640335439,0.01289406175260379,scenario,zymosan,51286.6322487613
4.333333333333333,ganglia,10.800737402916809,0.981837340898,0.018162659102,0.40805003493270936,40.80500349327094,0.3442958898254548,34.429588982545475,0.09818373408980001,9.818373408980001,0.007149015178191795,0.7149015178191795,0.007149015178191795,0.012868227320745232,scenario,zymosan,50700.794715672506
4.416666666666667,ganglia,10.778125034061262,0.981843878275,0.018156121725,0.40763119347397353,40.76311934739735,0.3438297840516373,34.382978405163726,0.0981843878275,9.81843878275,0.007134154814306875,0.7134154814306874,0.007134154814306875,0.012841478665752375,scenario,zymosan,50114.95718258378
4.5,ganglia,10.754839601989007,0.981852260262,0.018147739738,0.40719991567383274,40.719991567383275,0.34334965516403637,34.334965516403635,0.0981852260262,9.81852260262,0.007118851662803468,0.7118851662803468,0.007118851662803468,0.012813932993046243,scenario,zymosan,49529.11964949507
4.583333333333333,ganglia,10.730980821499331,0.981862486862,0.018137513138,0.4067580062672369,40.67580062672369,0.3428575084233743,34.28575084233743,0.0981862486862,9.81862486862,0.007103171218256265,0.7103171218256265,0.007103171218256265,0.012785708192861277,scenario,zymosan,48943.282116406306
4.666666666666667,ganglia,10.706648277857717,0.981874558073,0.018125441927,0.406307277483201,40.6307277483201,0.3423553574176678,34.23553574176678,0.0981874558073,9.818745580729999,0.0070871788974139005,0.70871788974139,0.0070871788974139005,0.01275692201534502,scenario,zymosan,48357.44458331763
4.75,ganglia,10.681940751190348,0.981888473895,0.018111526105,0.40584953706782706,40.584953706782706,0.3418452107536967,34.18452107536967,0.09818884738950001,9.81888473895,0.007070939595583387,0.7070939595583388,0.007070939595583387,0.012727691272050097,scenario,zymosan,47771.60705022885
4.833333333333333,ganglia,10.656955569649268,0.981904156485,0.018095843515,0.405386544467852,40.5386544467852,0.3413290320215022,34.132903202150224,0.0981904156485,9.81904156485,0.007054517261750315,0.7054517261750315,0.007054517261750315,0.012698131071150566,scenario,zymosan,47185.76951714014
4.916666666666667,ganglia,10.63178799700404,0.981921119575,0.018078880425,0.4049198634263653,40.49198634263653,0.3408086127431837,34.080861274318366,0.0981921119575,9.81921119575,0.007037974496155065,0.7037974496155065,0.007037974496155065,0.012668354093079117,scenario,zymosan,46599.931984051385
5.0,ganglia,10.606530659712634,0.981939278835,0.018060721165,0.4044511859981509,40.44511859981509,0.34028584234961207,34.02858423496121,0.09819392788350001,9.819392788350001,0.00702137217365302,0.702137217365302,0.00702137217365302,0.012638469912575435,scenario,zymosan,46014.09445096266
5.083333333333333,ganglia,10.581273017873414,0.981958634265,0.018041365735,0.40398219075855774,40.39821907585577,0.3397625859245086,33.97625859245086,0.0981958634265,9.81958634265,0.007004769095762658,0.7004769095762658,0.007004769095762658,0.012608584372372784,scenario,zymosan,45428.25691787392
5.166666666666667,ganglia,10.556100883773208,0.981979185864,0.018020814136,0.4035144984752165,40.35144984752165,0.3392406443209072,33.924064432090724,0.09819791858640001,9.81979185864,0.0069882216738572,0.69882216738572,0.0069882216738572,0.01257879901294296,scenario,zymosan,44842.41938478517
5.25,ganglia,10.531095991035345,0.982000933633,0.017999066367,0.4030496634072571,40.30496634072571,0.3387217444932857,33.87217444932857,0.0982000933633,9.820009336330001,0.006971783645490635,0.6971783645490636,0.006971783645490635,0.012549210561883144,scenario,zymosan,44256.581851696385
5.333333333333333,ganglia,10.506335616648101,0.982023877572,0.017976122428,0.40258916543798967,40.25891654379897,0.33820753075643295,33.820753075643296,0.09820238775720001,9.820238775720002,0.006955505825375437,0.6955505825375438,0.006955505825375437,0.012519910485675786,scenario,zymosan,43670.744318607634
5.416666666666667,ganglia,10.481892257429656,0.982048017681,0.017951982319,0.4021344031005456,40.21344031005456,0.33769955703605065,33.76995570360506,0.09820480176810001,9.820480176810001,0.006939435892054533,0.6939435892054533,0.006939435892054533,0.01249098460569816,scenario,zymosan,43084.90678551893
5.5,ganglia,10.457833361771614,0.98207335396,0.01792664604,0.40168668753784914,40.168668753784914,0.33719928015761014,33.71992801576101,0.098207335396,9.8207335396,0.0069236182108414045,0.6923618210841405,0.0069236182108414045,0.012462512779514528,scenario,zymosan,42499.069252430214
5.583333333333333,ganglia,10.434221116809699,0.982099886408,0.017900113592,0.4012472374279332,40.12472374279332,0.3367080542079258,33.67080542079258,0.0982099886408,9.82099886408,0.006908093693146513,0.6908093693146513,0.006908093693146513,0.012434568647663723,scenario,zymosan,41913.23171934147
5.666666666666667,ganglia,10.411112290507187,0.982127311807,0.017872688193,0.40081705114796223,40.08170511479622,0.33622702218584694,33.62270221858469,0.09821273118070001,9.821273118070001,0.006892899691871937,0.6892899691871938,0.006892899691871937,0.012407219445369488,scenario,zymosan,41327.394186252706
5.75,ganglia,10.388558127512365,0.982155033806,0.017844966194,0.40039690845083686,40.03969084508368,0.3357571167447076,33.57571167447076,0.0982155033806,9.82155033806,0.006878069932144789,0.6878069932144789,0.006878069932144789,0.01238052587786062,scenario,zymosan,40741.55665316394
5.833333333333333,ganglia,10.366604297073675,0.982183036556,0.017816963444,0.3999877247241897,39.99877247241897,0.3352993567428774,33.52993567428774,0.09821830365560001,9.82183036556,0.006863634476278893,0.6863634476278893,0.006863634476278893,0.012354542057302006,scenario,zymosan,40155.71912007526
5.916666666666667,ganglia,10.345290890771434,0.982211320058,0.017788679942,0.3995903188396279,39.959031883962794,0.3348546520375866,33.48546520375866,0.09822113200580002,9.822113200580002,0.006849619721507516,0.6849619721507516,0.006849619721507516,0.01232931549871353,scenario,zymosan,39569.8815869865
6.0,ganglia,10.32465246735835,0.982239884311,0.017760115689,0.39920540645080993,39.92054064508099,0.3344237977996777,33.442379779967766,0.0982239884311,9.82239884311,0.006836048428721181,0.6836048428721181,0.006836048428721181,0.012304887171698127,scenario,zymosan,38984.04405389772
6.083333333333333,ganglia,10.304718141596465,0.982268729316,0.017731270684,0.3988336006645587,39.88336006645587,0.334007475258843,33.4007475258843,0.0982268729316,9.82268729316,0.006822939780176441,0.6822939780176441,0.006822939780176441,0.012281291604317594,scenario,zymosan,38398.20652080903
6.166666666666667,ganglia,10.28551171363832,0.982297855073,0.017702144927,0.39847541355382166,39.84754135538216,0.33360625338502403,33.3606253385024,0.09822978550730001,9.822978550730001,0.006810309463915808,0.6810309463915808,0.006810309463915808,0.012258557035048455,scenario,zymosan,37812.36898772025
6.25,ganglia,10.267051835226344,0.982327261581,0.017672738419,0.3981312584579304,39.81312584579304,0.333220591444256,33.322059144425594,0.09823272615810001,9.823272615810001,0.0067981697824567935,0.6798169782456793,0.0067981697824567935,0.012236705608422228,scenario,zymosan,37226.53145463151
6.333333333333333,ganglia,10.249352208777296,0.982356948841,0.017643051159,0.3978014530043922,39.780145300439216,0.3328508423558802,33.285084235588016,0.0982356948841,9.82356948841,0.00678652978316949,0.6786529783169489,0.00678652978316949,0.012215753609705081,scenario,zymosan,36640.69392154277
6.416666666666667,ganglia,10.232421815276671,0.982386910307,0.017613089693,0.3974862201283963,39.74862201283963,0.3324972545529959,33.24972545529959,0.0982386910307,9.82386910307,0.006775395407666758,0.6775395407666758,0.006775395407666758,0.012195711733800164,scenario,zymosan,36054.85638845403
6.5,ganglia,10.216265166829887,0.98241670933,0.01758329067,0.3971855210840025,39.71855210840025,0.3321598335011139,33.21598335011139,0.09824167093300001,9.824167093300002,0.006764769657477712,0.6764769657477713,0.006764769657477712,0.012176585383459882,scenario,zymosan,35469.01885536531
6.583333333333333,ganglia,10.200882579699563,0.98244608205,0.01755391795,0.3968993043943412,39.68993043943412,0.33183855132149015,33.18385513214901,0.098244608205,9.8244608205,0.006754652773261918,0.6754652773261918,0.006754652773261918,0.012158374991871453,scenario,zymosan,34883.181322276556
6.666666666666667,ganglia,10.186270463697701,0.982475028468,0.017524971532,0.3966275474520325,39.66275474520325,0.33153338289470274,33.15333828947028,0.0982475028468,9.82475028468,0.0067450424248460695,0.6745042424846069,0.0067450424248460695,0.012141076364722926,scenario,zymosan,34297.34378918785
6.75,ganglia,10.172421623893753,0.982503548584,0.017496451416,0.39637015515073726,39.63701551507373,0.3312442225470414,33.124422254704136,0.0982503548584,9.82503548584,0.006735933909424271,0.6735933909424271,0.006735933909424271,0.012124681036963687,scenario,zymosan,33711.5062560991
6.833333333333333,ganglia,10.159325570739215,0.982531642397,0.017468357603,0.3961269656191923,39.61269656191923,0.3309708904216581,33.09708904216581,0.0982531642397,9.82531642397,0.006727320355353677,0.6727320355353678,0.006727320355353677,0.012109176639636619,scenario,zymosan,33125.66872301034
6.916666666666667,ganglia,10.14696883489132,0.982559309909,0.017440690091,0.39589775613140754,39.58977561314075,0.3307131390450083,33.07131390450083,0.0982559309909,9.82559309909,0.006719192929096106,0.6719192929096106,0.006719192929096106,0.012094547272372991,scenario,zymosan,32539.831189921595
7.0,ganglia,10.135335283236612,0.982586551117,0.017413448883,0.3956822491116228,39.56822491116228,0.3304706599999142,33.04706599999142,0.09825865511170001,9.82586551117,0.006711541042999075,0.6711541042999075,0.006711541042999075,0.012080773877398336,scenario,zymosan,31953.993656832856
7.083333333333333,ganglia,10.124406432863967,0.982613366024,0.017386633976,0.39548011817562173,39.54801181756217,0.33024309063691304,33.024309063691305,0.0982613366024,9.82613366024,0.0067043525617729105,0.670435256177291,0.0067043525617729105,0.01206783461119124,scenario,zymosan,31368.15612374412
7.166666666666667,ganglia,10.114161760009686,0.982639754628,0.017360245372,0.3952909941258146,39.52909941258146,0.33003002073668286,33.003002073668284,0.09826397546280001,9.82639754628,0.006697614005699954,0.6697614005699953,0.006697614005699954,0.012055705210259917,scenario,zymosan,30782.318590655388
7.25,ganglia,10.104579001289002,0.982665686117,0.017334313883,0.39511445846659354,39.511445846659356,0.3298309887276595,32.98309887276595,0.09826656861170001,9.826656861170001,0.006691310748803693,0.6691310748803694,0.006691310748803693,0.012044359347846648,scenario,zymosan,30196.481057566645
7.333333333333333,ganglia,10.09563444483254,0.982690940882,0.017309059118,0.3949499856846548,39.494998568465476,0.329645435107172,32.9645435107172,0.0982690940882,9.82690940882,0.006685427210405831,0.6685427210405831,0.006685427210405831,0.012033768978730496,scenario,zymosan,29610.64352447792
7.416666666666667,ganglia,10.08730320925771,0.982715475852,0.017284524148,0.3947970957197048,39.47970957197048,0.32947283126056087,32.947283126056085,0.09827154758520001,9.82715475852,0.006679947038704344,0.6679947038704344,0.006679947038704344,0.01202390466966782,scenario,zymosan,29024.805991389167
7.5,ganglia,10.079559508718228,0.982739291025,0.017260708975,0.39465530550909017,39.465530550909016,0.32931264045176684,32.93126404517668,0.0982739291025,9.827392910250001,0.0066748532852119805,0.667485328521198,0.0066748532852119805,0.012014735913381565,scenario,zymosan,28438.968458300405
7.583333333333333,ganglia,10.072376902585239,0.982762386403,0.017237613597,0.3945241166926578,39.45241166926578,0.3291643089470642,32.91643089470642,0.0982762386403,9.827623864029999,0.006670128569099047,0.6670128569099047,0.006670128569099047,0.012006231424378285,scenario,zymosan,27853.130925211695
7.666666666666667,ganglia,10.06572852861653,0.982784761986,0.017215238014,0.39440302033252383,39.44030203325239,0.3290272712599153,32.90272712599153,0.0982784761986,9.82784761986,0.006665755230684172,0.6665755230684172,0.006665755230684172,0.01199835941523151,scenario,zymosan,27267.29339212294
7.75,ganglia,10.059587318761986,0.982806417772,0.017193582228,0.39429150130625423,39.42915013062542,0.3289009550322825,32.89009550322825,0.0982806417772,9.82806417772,0.006661715473508983,0.6661715473508983,0.006661715473508983,0.01199108785231617,scenario,zymosan,26681.455859034195
7.833333333333333,ganglia,10.053926197030624,0.982827353763,0.017172646237,0.3941890423572214,39.41890423572214,0.3287847855343571,32.878478553435706,0.0982827353763,9.82827353763,0.006657991494615534,0.6657991494615534,0.006657991494615534,0.01198438469030796,scenario,zymosan,26095.618325945463
7.916666666666667,ganglia,10.04871825910432,0.982847569958,0.017152430042,0.394095127784071,39.409512778407105,0.32867818976474555,32.86781897647455,0.09828475699580001,9.828475699580002,0.006654565602816592,0.6654565602816592,0.006654565602816592,0.011978218085069867,scenario,zymosan,25509.78079285674
8.0,ganglia,10.043936933623407,0.982867066357,0.017132933643,0.3940092467738882,39.40092467738882,0.32858060015354246,32.85806001535425,0.09828670663570001,9.828670663570001,0.006651420324907344,0.6651420324907344,0.006651420324907344,0.011972556584833219,scenario,zymosan,24923.94325976798
8.083333333333334,ganglia,10.03955612528798,0.982885854414,0.017114145586,0.3939309009631892,39.39309009631892,0.3284914616908769,32.84914616908769,0.09828858544140001,9.828858544140001,0.006648538499911321,0.6648538499911322,0.006648538499911321,0.011967369299840378,scenario,zymosan,24748.60922313295
8.166666666666666,ganglia,10.035550340114781,0.982903959385,0.017096040615,0.3938596079884945,39.38596079884945,0.32841023561110505,32.841023561110504,0.0982903959385,9.82903959385,0.00664590336158272,0.664590336158272,0.00664590336158272,0.011962626050848897,scenario,zymosan,24573.27518649796
8.25,ganglia,10.031894793362158,0.982921382176,0.017078617824,0.3937948884631049,39.37948884631049,0.32833638916167207,32.83363891616721,0.09829213821760001,9.829213821760002,0.0066434986095011955,0.6643498609501195,0.0066434986095011955,0.011958297497102153,scenario,zymosan,24397.941149862967
8.333333333333334,ganglia,10.02856550078455,0.982938122788,0.017061877212,0.39373627730784405,39.373627730784406,0.3282694055878267,32.82694055878267,0.0982938122788,9.82938122788,0.006641308469193552,0.6641308469193552,0.006641308469193552,0.011954355244548395,scenario,zymosan,24222.607113227914
8.416666666666666,ganglia,10.025539354003381,0.98295418122,0.01704581878,0.39368332572074904,39.368332572074905,0.32820878622083227,32.82087862208323,0.098295418122,9.8295418122,0.006639317741799492,0.6639317741799492,0.006639317741799492,0.011950771935239086,scenario,zymosan,24047.273076592915
8.5,ganglia,10.022794180883613,0.982969557473,0.017030442527,0.3936356024815643,39.36356024815643,0.32815405192696034,32.81540519269603,0.0982969557473,9.82969557473,0.006637511843866243,0.6637511843866243,0.006637511843866243,0.011947521318959238,scenario,zymosan,23871.9390399579
8.583333333333334,ganglia,10.020308791885448,0.982984251547,0.017015748453,0.3935926949675204,39.35926949675204,0.3281047442364671,32.81047442364671,0.0982984251547,9.82984251547,0.00663587683790978,0.663587683790978,0.00663587683790978,0.011944578308237605,scenario,zymosan,23696.60500332289
8.666666666666666,ganglia,10.01806301341978,0.982998263441,0.017001736559,0.3935542099047079,39.35542099047079,0.3280604261784532,32.80604261784532,0.0982998263441,9.829982634410001,0.0066343994544194726,0.6634399454419473,0.0066343994544194726,0.011941919017955051,scenario,zymosan,23521.270966687895
8.75,ganglia,10.01603770927535,0.983011593155,0.016988406845,0.39351977387592646,39.35197738759265,0.3280206828449183,32.80206828449183,0.0983011593155,9.83011593155,0.00663306710600894,0.663306710600894,0.00663306710600894,0.011939520790816092,scenario,zymosan,23345.93693005287
8.833333333333334,ganglia,10.014214791206737,0.983024241451,0.016975758549,0.3934890339098739,39.34890339098739,0.3279851219608599,32.79851219608599,0.0983024241451,9.83024241451,0.0066318678944300045,0.6631867894430005,0.0066318678944300045,0.011937362209974009,scenario,zymosan,23170.602893417847
8.916666666666666,ganglia,10.012577219776965,0.983036313023,0.016963686977,0.39346169885910864,39.34616988591087,0.32795340839645404,32.795340839645405,0.0983036313023,9.830363130230001,0.0066307906111696385,0.6630790611169638,0.0066307906111696385,0.01193542310010535,scenario,zymosan,22995.26885678287
9.0,ganglia,10.011108996538242,0.983047881814,0.016952118186,0.39343748538736056,39.34374853873606,0.3279252191177339,32.79252191177339,0.09830478818140001,9.830478818140001,0.006629824732343206,0.6629824732343206,0.006629824732343206,0.011933684518217772,scenario,zymosan,22819.934820147835
9.083333333333334,ganglia,10.009795148611161,0.983058947824,0.016941052176,0.3934161004401878,39.34161004401878,0.3279002285086531,32.790022850865306,0.09830589478240001,9.83058947824,0.006628960408582001,0.6628960408582001,0.006628960408582001,0.011932128735447602,scenario,zymosan,22644.600783512833
9.166666666666666,ganglia,10.008621706688299,0.983069511053,0.016930488947,0.39339727045788814,39.33972704578881,0.3278781326139868,32.78781326139868,0.09830695110530001,9.830695110530002,0.006628188450590466,0.6628188450590466,0.006628188450590466,0.01193073921106284,scenario,zymosan,22469.26674687781
9.25,ganglia,10.00757567744426,0.983079571501,0.016920428499,0.3933807408714036,39.33807408714036,0.32785864857922625,32.785864857922626,0.0983079571501,9.83079571501,0.006627500311019631,0.6627500311019631,0.006627500311019631,0.011929500559835335,scenario,zymosan,22293.9327102428
9.333333333333334,ganglia,10.00664501128274,0.983089129168,0.016910870832,0.39336627550107683,39.336627550107686,0.3278415139825298,32.78415139825298,0.0983089129168,9.83089129168,0.0066268880632693985,0.6626888063269398,0.0066268880632693985,0.011928398513884917,scenario,zymosan,22118.598673607812
9.416666666666666,ganglia,10.005818566293616,0.983098184054,0.016901815946,0.39335365587605,39.335365587605,0.3278264860785,32.78264860785,0.0983098184054,9.83098184054,0.0066263443777944174,0.6626344377794418,0.0066263443777944174,0.011927419880029952,scenario,zymosan,21943.26463697277
9.5,ganglia,10.005086069231012,0.983106736158,0.016893263842,0.3933426804904363,39.33426804904363,0.32781334097181813,32.78133409718181,0.09831067361580001,9.83106736158,0.006625862496447444,0.6625862496447443,0.006625862496447444,0.0119265524936054,scenario,zymosan,21767.93060033777
9.583333333333334,ganglia,10.004438074258344,0.983114785482,0.016885214518,0.3933331640138761,39.333316401387606,0.32780187273964007,32.780187273964,0.09831147854820001,9.831147854820001,0.006625436205351305,0.6625436205351305,0.006625436205351305,0.01192578516963235,scenario,zymosan,21592.596563702784
9.666666666666666,ganglia,10.003865920139473,0.983122346794,0.016877653206,0.39332494237306537,39.332494237306534,0.32779189743740594,32.779189743740595,0.0983122346794,9.831223467940001,0.006625059806746584,0.6625059806746584,0.006625059806746584,0.01192510765214385,scenario,zymosan,21417.26252706775
9.75,ganglia,10.003361686487933,0.983129554314,0.016870445686,0.39331791378634623,39.33179137863462,0.32778328706105136,32.778328706105135,0.0983129554314,9.831295543140001,0.006624728090217898,0.6624728090217898,0.006624728090217898,0.011924510562392217,scenario,zymosan,21241.92849043276
9.833333333333334,ganglia,10.0029181496194,0.983136440248,0.016863559752,0.39331194930299207,39.331194930299205,0.3277758947535468,32.77758947535468,0.0983136440248,9.83136440248,0.006624436303657697,0.6624436303657697,0.006624436303657697,0.011923985346583855,scenario,zymosan,21066.59445379772
9.916666666666666,ganglia,10.002528738487285,0.983143004598,0.016856995402,0.39330691987948724,39.330691987948725,0.3277695771329858,32.776957713298586,0.0983143004598,9.83143004598,0.006624180124283482,0.6624180124283482,0.006624180124283482,0.011923524223710269,scenario,zymosan,20891.260417162735
10.0,ganglia,10.002187491118184,0.983149247363,0.016850752637,0.3933027084140347,39.33027084140347,0.3277642040863719,32.77642040863719,0.0983149247363,9.83149247363,0.006623955629982832,0.6623955629982833,0.006623955629982832,0.011923120133969099,scenario,zymosan,20715.926380527722
10.083333333333334,ganglia,10.00188901190371,0.983155168543,0.016844831457,0.39329920891484044,39.32992089148404,0.3277596578450449,32.77596578450449,0.09831551685430001,9.831551685430002,0.006623759271220927,0.6623759271220927,0.006623759271220927,0.011922766688197669,scenario,zymosan,20540.592343892684
10.166666666666666,ganglia,10.00162843004824,0.983160768139,0.016839231861,0.39329632568834916,39.32963256883492,0.3277558320827213,32.77558320827213,0.0983160768139,9.83160768139,0.006623587843707794,0.6623587843707794,0.006623587843707794,0.01192245811867403,scenario,zymosan,20365.25830725769
10.25,ganglia,10.001401359418885,0.98316604615,0.01683395385,0.3932939725528758,39.32939725528758,0.3277526310420842,32.77526310420842,0.09831660461500001,9.8316604615,0.006623438461987425,0.6623438461987424,0.006623438461987425,0.011922189231577365,scenario,zymosan,20189.92427062268
10.333333333333334,ganglia,10.001203859994828,0.983171002576,0.016828997424,0.39329207208527367,39.329207208527365,0.3277499686974152,32.77499686974152,0.0983171002576,9.83171002576,0.006623308534078576,0.6623308534078576,0.006623308534078576,0.011921955361341437,scenario,zymosan,20014.590233987667
10.416666666666666,ganglia,10.001032401068084,0.983175637417,0.016824362583,0.3932905548997746,39.32905548997746,0.3277477679534162,32.77477679534162,0.0983175637417,9.83175637417,0.0066231957372673705,0.6623195737267371,0.0066231957372673705,0.011921752327081267,scenario,zymosan,19839.25619735266
10.5,ganglia,10.000883826306936,0.983179984024,0.016820015976,0.3932893723042951,39.32893723042951,0.3277459710021057,32.77459710021057,0.0983179984024,9.83179984024,0.006623097995124963,0.6623097995124962,0.006623097995124963,0.011921576391224934,scenario,zymosan,19663.922160717655
10.583333333333334,ganglia,10.000755320756753,0.983184134081,0.016815865919,0.39328850564614914,39.32885056461492,0.3277445469311657,32.774454693116574,0.0983184134081,9.831841340810001,0.006623013455799481,0.6623013455799481,0.006623013455799481,0.011921424220439066,scenario,zymosan,19488.58812408263
10.666666666666666,ganglia,10.000644379820569,0.983188092864,0.016811907136,0.39328790780478007,39.32879078047801,0.32774344279820006,32.774344279820006,0.09831880928640001,9.83188092864,0.006622940471610183,0.6622940471610184,0.006622940471610183,0.01192129284889833,scenario,zymosan,19313.254087447614
10.75,ganglia,10.000548780233432,0.983191860372,0.016808139628,0.393287535076578,39.3287535076578,0.32774261004375327,32.774261004375326,0.09831918603720001,9.83191860372,0.006622877579953065,0.6622877579953065,0.006622877579953065,0.011921179643915517,scenario,zymosan,19137.9200508126
10.833333333333334,ganglia,10.000466553020173,0.983195436607,0.016804563393,0.3932873487561337,39.32873487561337,0.327742005661593,32.7742005661593,0.0983195436607,9.83195436607,0.006622823485511175,0.6622823485511175,0.006622823485511175,0.011921082273920115,scenario,zymosan,18962.586014177596
10.916666666666666,ganglia,10.000395958405482,0.983198821567,0.016801178433,0.3932873146407886,39.32873146407886,0.3277415916489873,32.774159164898734,0.09831988215670001,9.831988215670002,0.006622777043749168,0.6622777043749168,0.006622777043749168,0.011920998678748502,scenario,zymosan,18787.251977542575
11.0,ganglia,10.000335462627902,0.983202015252,0.016797984748,0.39328740257767353,39.32874025776735,0.32774133450274834,32.77413345027483,0.0983202015252,9.83202015252,0.0066227372456603055,0.6622737245660305,0.0066227372456603055,0.01192092704218855,scenario,zymosan,18611.917940907577
11.083333333333334,ganglia,10.000283716595213,0.983205017663,0.016794982337,0.3932875860440386,39.32875860440386,0.3277412047530428,32.77412047530428,0.0983205017663,9.83205017663,0.006622703203724774,0.6622703203724774,0.006622703203724774,0.011920865766704593,scenario,zymosan,18436.58390427257
11.166666666666666,ganglia,10.000239536307493,0.9832078288,0.0167921712,0.3932878417618471,39.32878417618471,0.32774117653538565,32.77411765353857,0.09832078288000001,9.832078288000002,0.006622674139030851,0.6622674139030851,0.006622674139030851,0.011920813450255533,scenario,zymosan,18261.24986763757
11.25,ganglia,10.0002018849656,0.983210448685,0.016789551315,0.39328814935543693,39.32881493554369,0.32774122720770765,32.77412272077076,0.0983210448685,9.83210448685,0.006622649369504807,0.6622649369504807,0.006622649369504807,0.011920768865108653,scenario,zymosan,18085.915831002545
11.333333333333334,ganglia,10.000169856676562,0.983212919619,0.016787080381,0.3932885079342664,39.32885079342664,0.3277413510804071,32.77413510804071,0.09832129196190001,9.832129196190001,0.006622628299191344,0.6622628299191344,0.006622628299191344,0.011920730938544418,scenario,zymosan,17910.581794367525
11.416666666666666,ganglia,10.000142661663267,0.983215280153,0.016784719847,0.39328891739040384,39.32889173904039,0.3277415437501154,32.77415437501154,0.0983215280153,9.83215280153,0.00662261040852361,0.662261040852361,0.00662261040852361,0.011920698735342499,scenario,zymosan,17735.247757732508
11.5,ganglia,10.000119612883582,0.983217530288,0.016782469712,0.39328936421550165,39.32893642155017,0.3277417902074463,32.77417902074463,0.0983217530288,9.83217530288,0.006622595245520443,0.6622595245520443,0.006622595245520443,0.011920671441936797,scenario,zymosan,17559.913721097517
11.583333333333334,ganglia,10.000100113963198,0.983219670025,0.016780329975,0.3932898366837874,39.32898366837874,0.3277420774236527,32.77420774236527,0.09832196700250001,9.832196700250002,0.006622582417847831,0.6622582417847831,0.006622582417847831,0.011920648352126096,scenario,zymosan,17384.579684462493
11.666666666666666,ganglia,10.00008364834723,0.983221699362,0.016778300638,0.3932903246376159,39.329032463761585,0.3277423941126843,32.77423941126843,0.09832216993620001,9.832216993620001,0.006622571585682161,0.6622571585682161,0.006622571585682161,0.011920628854227889,scenario,zymosan,17209.245647827494
11.75,ganglia,10.000069769577197,0.9832236183,0.0167763817,0.3932908192987321,39.32908192987321,0.3277427305208134,32.77427305208134,0.09832236183000001,9.832236183000001,0.0066225624553137834,0.6622562455313783,0.0066225624553137834,0.01192061241956481,scenario,zymosan,17033.911611192485
11.833333333333334,ganglia,10.000058092602707,0.983225426839,0.016774573161,0.3932913130958698,39.32913130958698,0.32774307823552196,32.77430782355219,0.0983225426839,9.83225426839,0.0066225547734313,0.66225547734313,0.0066225547734313,0.01192059859217634,scenario,zymosan,16858.57757455747
11.916666666666666,ganglia,10.000048286040505,0.983227124979,0.016772875021,0.39329179951296733,39.32917995129673,0.3277434300167415,32.77434300167415,0.0983227124979,9.83227124979,0.006622548322029052,0.6622548322029052,0.006622548322029052,0.011920586979652294,scenario,zymosan,16683.243537922444
12.0,ganglia,10.000040065297393,0.98322871272,0.01677128728,0.39329227295396346,39.32922729539634,0.32774377964662604,32.774377964662605,0.09832287127200001,9.8322871272,0.006622542913882942,0.6622542913882942,0.006622542913882942,0.011920577244989296,scenario,zymosan,16507.90950128744
0.0,brain,3.336432338258035,0.98853291221,0.01146708779,0.353131859117544,35.3131859117544,0.14133150808672537,14.133150808672537,0.2471332280525,24.713322805249998,0.006628632707468803,0.6628632707468803,0.006628632707468803,0.009280085790456324,scenario,zymosan,272.007578122726
0.08333333333333333,brain,3.3562060459234173,0.988524412022,0.011475587978,0.3536667578646781,35.36667578646781,0.14204753981223744,14.204753981223744,0.2471311030055,24.71311030055,0.006667656036840868,0.6667656036840868,0.006667656036840868,0.009334718451577215,scenario,zymosan,445.9699923344159
0.16666666666666666,brain,3.375412421764068,0.988515911834,0.011484088166,0.35418534217507125,35.41853421750712,0.14274181895542837,14.274181895542837,0.2471289779585,24.71289779585,0.006705556804065561,0.6705556804065561,0.006705556804065561,0.009387779525691786,scenario,zymosan,619.9324065461053
0.25,brain,3.3940192609019832,0.988502326003,0.011497673997,0.3546849932616356,35.46849932616356,0.14341254901451414,14.341254901451414,0.24712558150075,24.712558150075,0.006742271721633052,0.6742271721633052,0.006742271721633052,0.009439180410286272,scenario,zymosan,793.8948207577956
0.3333333333333333,brain,3.411995044135353,0.988486835531,0.011513164469,0.3551660738866735,35.516607388667346,0.14405915333856462,14.405915333856461,0.24712170888275,24.712170888275,0.00677773886543211,0.677773886543211,0.00677773886543211,0.009488834411604953,scenario,zymosan,967.8572349694854
0.4166666666666667,brain,3.4293090265050923,0.988471113473,0.011528886527,0.3556284340187555,35.56284340187555,0.144680874200674,14.468087420067398,0.24711777836825,24.711777836825,0.006811897847458346,0.6811897847458346,0.006811897847458346,0.009536656986441683,scenario,zymosan,1141.8196491811752
0.5,brain,3.4459313245971135,0.988453486843,0.011546513157,0.3560707464273864,35.60707464273864,0.14527649962218186,14.527649962218186,0.24711337171075,24.711337171075,0.006844689985934849,0.6844689985934849,0.006844689985934849,0.009582565980308787,scenario,zymosan,1315.7820633928645
0.5833333333333334,brain,3.4618330022347665,0.988433623542,0.011566376458,0.35649219118597913,35.64921911859791,0.1458450470673055,14.58450470673055,0.2471084058855,24.710840588550003,0.006876058472180949,0.6876058472180949,0.006876058472180949,0.009626481861053329,scenario,zymosan,1489.7444776045543
0.6666666666666666,brain,3.4769861542186176,0.988411523568,0.011588476432,0.35689209615393813,35.689209615393814,0.14638562034925084,14.638562034925084,0.247102880892,24.7102880892,0.006905948533571288,0.6905948533571288,0.006905948533571288,0.009668327946999802,scenario,zymosan,1663.7068918162438
0.75,brain,3.4913639877752445,0.988387186923,0.011612813077,0.35726981921458356,35.72698192145835,0.1468973633117781,14.68973633117781,0.24709679673075,24.709679673074998,0.006934307591937197,0.6934307591937197,0.006934307591937197,0.009708030628712075,scenario,zymosan,1837.669306027934
0.8333333333333334,brain,3.5049409013829473,0.988361176249,0.011638823751,0.35762495334436273,35.762495334436274,0.14737954570948364,14.737954570948364,0.24709029406225,24.709029406225,0.006961085416775342,0.6961085416775342,0.006961085416775342,0.009745519583485478,scenario,zymosan,2011.631720239625
0.9166666666666666,brain,3.5176925606502767,0.988334281932,0.011665718068,0.35795720770384365,35.795720770384364,0.1478315162944582,14.78315162944582,0.247083570483,24.7083570483,0.006986234272644868,0.6986234272644868,0.006986234272644868,0.009780727981702814,scenario,zymosan,2185.5941344513144
1.0,brain,3.5295959709329603,0.98830650946,0.01169349054,0.35826604211778934,35.826604211778935,0.1482525530037191,14.825255300371909,0.247076627365,24.707662736499998,0.007009709060153659,0.7009709060153659,0.007009709060153659,0.009813592684215122,scenario,zymosan,2359.556548663004
1.0833333333333333,brain,3.5406295463861808,0.988277858833,0.011722141167,0.3585509497338031,35.85509497338031,0.14864198003407075,14.864198003407076,0.24706946470825,24.706946470825,0.007031467449956822,0.7031467449956822,0.007031467449956822,0.00984405442993955,scenario,zymosan,2327.4807949830033
1.1666666666666667,brain,3.550773175162151,0.988248400744,0.011751599256,0.3588114858322697,35.88114858322697,0.14899918086169292,14.899918086169292,0.247062100186,24.7062100186,0.007051470009215933,0.7051470009215933,0.007051470009215933,0.009872058012902305,scenario,zymosan,2295.4050413030022
1.25,brain,3.5600082804774686,0.988218911078,0.011781088922,0.35904749951898884,35.904749951898886,0.14932369566598513,14.932369566598513,0.2470547277695,24.70547277695,0.007069680319995909,0.7069680319995909,0.007069680319995909,0.009897552447994272,scenario,zymosan,2263.3292876230025
1.3333333333333333,brain,3.5683178772908084,0.988189603465,0.011810396535,0.3592586747007748,35.925867470077485,0.14961503177936644,14.961503177936644,0.24704740086625,24.704740086624998,0.007086065089107401,0.7086065089107401,0.007086065089107401,0.009920491124750361,scenario,zymosan,2231.253533943001
1.4166666666666667,brain,3.575686624348953,0.988160477905,0.011839522095,0.3594446570361211,35.94446570361211,0.14987271674649483,14.987271674649483,0.24704011947625,24.704011947625,0.007100594248936205,0.7100594248936205,0.007100594248936205,0.009940831948510686,scenario,zymosan,2199.177780263001
1.5,brain,3.582100871377973,0.988131534397,0.011868465603,0.3596051322415118,35.96051322415118,0.15009633152301574,15.009633152301575,0.24703288359925,24.703288359925,0.0071132410488372235,0.7113241048837223,0.0071132410488372235,0.009958537468372112,scenario,zymosan,2167.102026583001
1.5833333333333333,brain,3.58754870121639,0.988102823469,0.011897176531,0.3597398451968803,35.97398451968803,0.1502855191061737,15.028551910617368,0.24702570586725,24.702570586725,0.0071239821367087034,0.7123982136708703,0.0071239821367087034,0.009973574991392184,scenario,zymosan,2135.0262729029987
1.6666666666666667,brain,3.5920199667082917,0.988074582158,0.011925417842,0.35984865011467715,35.98486501146772,0.15044000610023617,15.044000610023616,0.2470186455395,24.70186455395,0.0071327976304027905,0.7132797630402791,0.0071327976304027905,0.009985916682563906,scenario,zymosan,2102.950519222998
1.75,brain,3.595506322196552,0.988047064677,0.011952935323,0.35993144945017186,35.993144945017185,0.15055957770789583,15.055957770789583,0.24701176616925,24.701176616925,0.007139671178670475,0.7139671178670476,0.007139671178670475,0.009995539650138665,scenario,zymosan,2070.8747655429975
1.8333333333333333,brain,3.5980012494793296,0.988020524174,0.011979475826,0.3599881876244374,35.99881876244374,0.15064407544124991,15.064407544124991,0.2470051310435,24.70051310435,0.0071445900113827135,0.7144590011382713,0.0071445900113827135,0.010002426015935798,scenario,zymosan,2038.7990118629978
1.9166666666666667,brain,3.5995000781168627,0.987995213799,0.012004786201,0.36001885167567294,36.001885167567295,0.15069339763456394,15.069339763456394,0.24699880344975,24.699880344975,0.007147544978814552,0.7147544978814552,0.007147544978814552,0.010006562970340372,scenario,zymosan,2006.7232581829965
2.0,brain,3.6,0.987971386701,0.012028613299,0.3600234714249407,36.00234714249407,0.1507074996662542,15.07074996662542,0.24699284667525,24.699284667525,0.007148530579825258,0.7148530579825259,0.007148530579825258,0.010007942811755361,scenario,zymosan,1974.647504502996
2.0833333333333335,brain,3.5995000781168627,0.98794929603,0.01205070397,0.3600021195475857,36.00021195475857,0.15068639405344758,15.068639405344758,0.2469873240075,24.69873240075,0.007147544978814552,0.7147544978814552,0.007147544978814552,0.010006562970340372,scenario,zymosan,1945.1904486758256
2.1666666666666665,brain,3.5980012494793296,0.987929194934,0.012070805066,0.3599549115468861,35.99549115468861,0.15063015041784814,15.063015041784814,0.2469822987335,24.69822987335,0.0071445900113827135,0.7144590011382713,0.0071445900113827135,0.010002426015935798,scenario,zymosan,1915.7333928486578
2.25,brain,3.595506322196552,0.987911197852,0.012088802148,0.3598819551042012,35.98819551042012,0.15053887418826822,15.053887418826822,0.246977799463,24.6977799463,0.007139671178670475,0.7139671178670476,0.007139671178670475,0.009995539650138665,scenario,zymosan,1886.2763370214877
2.3333333333333335,brain,3.5920199667082917,0.987895048284,0.012104951716,0.3597832653518511,35.97832653518511,0.15041267104113487,15.041267104113487,0.246973762071,24.6973762071,0.0071327976304027905,0.7132797630402791,0.0071327976304027905,0.009985916682563906,scenario,zymosan,1856.819281194317
2.4166666666666665,brain,3.58754870121639,0.987880825761,0.012119174239,0.3596590222104328,35.96590222104328,0.15025175436024368,15.025175436024368,0.24697020644025,24.697020644025,0.0071239821367087034,0.7123982136708703,0.0071239821367087034,0.009973574991392184,scenario,zymosan,1827.3622253671488
2.5,brain,3.582100871377973,0.987868640378,0.012131359622,0.3595094587049662,35.95094587049662,0.1500563981472883,15.00563981472883,0.2469671600945,24.69671600945,0.0071132410488372235,0.7113241048837223,0.0071132410488372235,0.009958537468372112,scenario,zymosan,1797.9051695399785
2.5833333333333335,brain,3.575686624348953,0.987858602233,0.012141397767,0.35933484936842364,35.93348493684236,0.14982693174689818,14.982693174689818,0.24696465055825,24.696465055825,0.007100594248936205,0.7100594248936205,0.007100594248936205,0.009940831948510686,scenario,zymosan,1768.448113712809
2.6666666666666665,brain,3.5683178772908084,0.987850821422,0.012149178578,0.3591355096853225,35.91355096853225,0.14956373910643,14.956373910643,0.2469627053555,24.69627053555,0.007086065089107401,0.7086065089107401,0.007086065089107401,0.009920491124750361,scenario,zymosan,1738.99105788564
2.75,brain,3.5600082804774686,0.987845408041,0.012154591959,0.3589117954457372,35.89117954457372,0.14926725791398293,14.926725791398294,0.24696135201025,24.696135201024997,0.007069680319995909,0.7069680319995909,0.007069680319995909,0.009897552447994272,scenario,zymosan,1709.53400205847
2.8333333333333335,brain,3.550773175162151,0.987842472185,0.012157527815,0.3586641020072244,35.866410200722434,0.1489379786146325,14.89379786146325,0.24696061804625,24.696061804625,0.007051470009215933,0.7051470009215933,0.007051470009215933,0.009872058012902305,scenario,zymosan,1680.0769462313
2.9166666666666665,brain,3.5406295463861808,0.987842076234,0.012157923766,0.35839284615660316,35.83928461566032,0.14857643613080426,14.857643613080427,0.2469605190585,24.69605190585,0.007031467449956822,0.7031467449956822,0.007031467449956822,0.00984405442993955,scenario,zymosan,1650.6198904041314
3.0,brain,3.5295959709329603,0.987844037223,0.012155962777,0.3580983936237711,35.80983936237711,0.1481831790906948,14.818317909069481,0.24696100930575,24.696100930575,0.007009709060153659,0.7009709060153659,0.007009709060153659,0.009813592684215122,scenario,zymosan,1621.1628345769604
3.0833333333333335,brain,3.5176925606502767,0.987848346649,0.012151653351,0.3577812105334456,35.778121053344556,0.14775883182826077,14.775883182826078,0.24696208666225,24.696208666225,0.006986234272644868,0.6986234272644868,0.006986234272644868,0.009780727981702814,scenario,zymosan,1591.7057787497915
3.1666666666666665,brain,3.5049409013829473,0.98785503254,0.01214496746,0.3574418121762691,35.74418121762691,0.14730407205502544,14.730407205502544,0.246963758135,24.696375813499998,0.006961085416775342,0.6961085416775342,0.006961085416775342,0.009745519583485478,scenario,zymosan,1562.248722922622
3.25,brain,3.4913639877752445,0.987864122923,0.012135877077,0.3570807485920683,35.70807485920683,0.1468196238150911,14.68196238150911,0.24696603073075,24.696603073075,0.006934307591937197,0.6934307591937197,0.006934307591937197,0.009708030628712075,scenario,zymosan,1532.791667095452
3.3333333333333335,brain,3.4769861542186176,0.987875645823,0.012124354177,0.35669860333527403,35.6698603335274,0.14630625583936532,14.630625583936533,0.24696891145575,24.696891145575,0.006905948533571288,0.6905948533571288,0.006905948533571288,0.009668327946999802,scenario,zymosan,1503.3346112682832
3.4166666666666665,brain,3.4618330022347665,0.98788962927,0.01211037073,0.3562959921642148,35.62959921642148,0.14576477979561975,14.576477979561975,0.2469724073175,24.69724073175,0.006876058472180949,0.6876058472180949,0.006876058472180949,0.009626481861053329,scenario,zymosan,1473.8775554411125
3.5,brain,3.4459313245971135,0.987906101288,0.012093898712,0.3558735616475796,35.58735616475796,0.1451960484341061,14.51960484341061,0.246976525322,24.697652532200003,0.006844689985934849,0.6844689985934849,0.006844689985934849,0.009582565980308787,scenario,zymosan,1444.4204996139433
3.5833333333333335,brain,3.4293090265050923,0.987925080489,0.012074919511,0.35543198431741796,35.54319843174179,0.14460095226022399,14.460095226022398,0.24698127012225,24.698127012224997,0.006811897847458346,0.6811897847458346,0.006811897847458346,0.009536656986441683,scenario,zymosan,1414.9634437867737
3.6666666666666665,brain,3.411995044135353,0.987946486293,0.012053513707,0.3549719249000711,35.49719249000711,0.14398040443576146,14.398040443576146,0.24698662157325,24.698662157325,0.00677773886543211,0.677773886543211,0.00677773886543211,0.009488834411604953,scenario,zymosan,1385.5063879596044
3.75,brain,3.3940192609019832,0.987970290611,0.012029709389,0.35449409338769244,35.44940933876924,0.14333536097992328,14.333536097992328,0.24699257265275,24.699257265274998,0.006742271721633052,0.6742271721633052,0.006742271721633052,0.009439180410286272,scenario,zymosan,1356.0493321324354
3.8333333333333335,brain,3.375412421764068,0.987996489511,0.012003510489,0.3539992331089422,35.39992331089422,0.1426668143082563,14.266681430825631,0.24699912237775,24.699912237775003,0.006705556804065561,0.6705556804065561,0.006705556804065561,0.009387779525691786,scenario,zymosan,1326.5922763052645
3.9166666666666665,brain,3.3562060459234173,0.98802507906,0.01197492094,0.3534881103091723,35.34881103091723,0.14197578739222974,14.197578739222974,0.247006269765,24.7006269765,0.006667656036840868,0.6667656036840868,0.006667656036840868,0.009334718451577215,scenario,zymosan,1297.135220478096
4.0,brain,3.336432338258035,0.988056055328,0.011943944672,0.3529615123792678,35.29615123792678,0.1412633313963571,14.12633313963571,0.247014013832,24.7014013832,0.006628632707468803,0.6628632707468803,0.006628632707468803,0.009280085790456324,scenario,zymosan,1267.678164650926
4.083333333333333,brain,3.3161240998378636,0.988089414381,0.011910585619,0.3524202460298989,35.24202460298989,0.14053052324619855,14.053052324619856,0.24702235359525,24.702235359524998,0.006588551292229368,0.6588551292229368,0.006588551292229368,0.009223971809121115,scenario,zymosan,1255.7789359448686
4.166666666666667,brain,3.295314637868619,0.98812515229,0.01187484771,0.3518651354256769,35.18651354256769,0.13977846313756923,13.977846313756922,0.2470312880725,24.70312880725,0.006547477280291525,0.6547477280291525,0.006547477280291525,0.009166468192408133,scenario,zymosan,1243.8797072388097
4.25,brain,3.274037675407071,0.988163256451,0.011836743549,0.3512970171895844,35.12970171895844,0.13900827076911257,13.900827076911257,0.24704081411275,24.704081411275,0.006505476997243206,0.6505476997243206,0.006505476997243206,0.009107667796140488,scenario,zymosan,1231.9804785327522
4.333333333333333,brain,3.2523272611869896,0.988203494959,0.011796505041,0.3507166637320981,35.07166637320981,0.1382210533231308,13.82210533231308,0.24705087373975,24.705087373974997,0.006462617428690078,0.6462617428690077,0.006462617428690078,0.009047664400166109,scenario,zymosan,1220.081249826694
4.416666666666667,brain,3.2302176798892672,0.98824576584,0.01175423416,0.3501249056797838,35.01249056797838,0.13741795229304513,13.741795229304513,0.24706144146,24.706144146,0.00641896604457097,0.6418966044570971,0.00641896604457097,0.008986552462399357,scenario,zymosan,1208.1820211206366
4.5,brain,3.207743363182412,0.988290069094,0.011709930906,0.3495226196086753,34.95226196086753,0.13660013644690044,13.660013644690045,0.2470725172735,24.70725172735,0.006374590624825247,0.6374590624825247,0.006374590624825247,0.008924426874755345,scenario,zymosan,1196.2827924145788
4.583333333333333,brain,3.1849388018508034,0.988336404721,0.011663595279,0.3489106897119292,34.891068971192915,0.13576878470890555,13.576878470890556,0.24708410118025,24.708410118025,0.006329559087031817,0.6329559087031816,0.006329559087031817,0.008861382721844543,scenario,zymosan,1184.3835637085203
4.666666666666667,brain,3.161838459317906,0.988384772722,0.011615227278,0.3482900057685737,34.829000576857375,0.134925083450765,13.492508345076502,0.2470961931805,24.70961931805,0.006283939316621186,0.6283939316621187,0.006283939316621186,0.008797515043269661,scenario,zymosan,1172.4843350024632
4.75,brain,3.138476686860059,0.988435173095,0.011564826905,0.3476614611053629,34.76614611053629,0.13407022377548386,13.407022377548387,0.24710879327375,24.710879327375,0.0062377990002409674,0.6237799000240968,0.0062377990002409674,0.008732918600337354,scenario,zymosan,1160.585106296405
4.833333333333333,brain,3.114887640793656,0.988487605842,0.011512394158,0.34702595056393437,34.702595056393434,0.13320539880457916,13.320539880457915,0.2471219014605,24.712190146050002,0.006191205462831735,0.6191205462831735,0.006191205462831735,0.008667687647964427,scenario,zymosan,1148.685877590347
4.916666666666667,brain,3.091105201904557,0.988542070961,0.011457929039,0.3463843684707799,34.63843684707799,0.13233180097403988,13.233180097403988,0.24713551774025,24.713551774025,0.006144225508944368,0.6144225508944368,0.006144225508944368,0.008601915712522114,scenario,zymosan,1136.7866488842894
5.0,brain,3.067162897373559,0.988598403837,0.011401596163,0.34573754905700294,34.57375490570029,0.13145059746367058,13.145059746367057,0.24714960095925,24.714960095925,0.00609692526880206,0.609692526880206,0.00609692526880206,0.008535695376322884,scenario,zymosan,1124.8874201782312
5.083333333333333,brain,3.0430938254357525,0.988656139617,0.011343860383,0.34508621768727565,34.508621768727565,0.13056291037736756,13.056291037736756,0.24716403490425,24.716403490425,0.0060493700495801985,0.6049370049580198,0.0060493700495801985,0.008469118069412277,scenario,zymosan,1112.9881914721732
5.166666666666667,brain,3.018930582994789,0.988715250188,0.011284749812,0.3444312466654304,34.44312466654304,0.1296699121579072,12.96699121579072,0.247178812547,24.7178812547,0.00600162419234575,0.600162419234575,0.00600162419234575,0.00840227386928405,scenario,zymosan,1101.088962766115
5.25,brain,2.9947051963955094,0.98877573555,0.01122426445,0.3437735097517365,34.37735097517365,0.12877276781898198,12.877276781898198,0.2471939338875,24.71939338875,0.0059537509350644545,0.5953750935064455,0.0059537509350644545,0.008335251309090236,scenario,zymosan,1089.1897340600572
5.333333333333333,brain,2.9704490555402137,0.988837595703,0.011162404297,0.3431138704209489,34.311387042094886,0.12787262866026514,12.787262866026513,0.24720939892575,24.720939892575,0.005905812282049603,0.5905812282049603,0.005905812282049603,0.008268137194869444,scenario,zymosan,1077.2905053539996
5.416666666666667,brain,2.94619285151517,0.988900830646,0.011099169354,0.3424531800192634,34.245318001926336,0.12697062981035115,12.697062981035115,0.2472252076615,24.722520766149998,0.005857868880190479,0.5857868880190479,0.005857868880190479,0.00820101643226667,scenario,zymosan,1065.391276647942
5.5,brain,2.92196651787488,0.98896544038,0.01103455962,0.3417922759775541,34.179227597755414,0.1260678878434055,12.60678878434055,0.247241360095,24.7241360095,0.00580997990226189,0.580997990226189,0.00580997990226189,0.008133971863166646,scenario,zymosan,1053.4920479418838
5.583333333333333,brain,2.8977991757122794,0.989031424905,0.010968575095,0.3411319800836391,34.11319800836391,0.12516549847651884,12.516549847651884,0.24725785622625,24.725785622625,0.005762202937578952,0.5762202937578952,0.005762202937578952,0.008067084112610532,scenario,zymosan,1041.5928192358253
5.666666666666667,brain,2.873719082623535,0.989098770292,0.010901229708,0.3404730920283012,34.04730920283012,0.12426453260706831,12.42645326070683,0.247274692573,24.7274692573,0.005714593890223512,0.5714593890223512,0.005714593890223512,0.008000431446312916,scenario,zymosan,1029.6935905297682
5.75,brain,2.8497535856565523,0.989166967414,0.010833032586,0.3398162225322728,33.98162225322728,0.1233659742383637,12.33659742383637,0.2472917418535,24.72917418535,0.005667206885030558,0.5667206885030558,0.005667206885030558,0.00793408963904278,scenario,zymosan,1017.7943618237096
5.833333333333333,brain,2.8259290783127944,0.989235760038,0.010764239962,0.3391620500189725,33.91620500189725,0.12247081334596328,12.247081334596329,0.2473089400095,24.73089400095,0.005620094181484959,0.5620094181484959,0.005620094181484959,0.007868131854078942,scenario,zymosan,1005.8951331176523
5.916666666666667,brain,2.8022709616527046,0.989305148163,0.010694851837,0.33851131945176405,33.851131945176405,0.12158004321468537,12.158004321468537,0.24732628704075,24.732628704074997,0.005573306095640976,0.5573306095640976,0.005573306095640976,0.007802628533897366,scenario,zymosan,993.995904411594
6.0,brain,2.778803609535955,0.989375131791,0.010624868209,0.33786475261321797,33.7864752613218,0.12069462622062396,12.069462622062396,0.24734378294775,24.734378294775,0.005526890930139543,0.5526890930139543,0.005526890930139543,0.00773764730219536,scenario,zymosan,982.0966757055363
6.083333333333333,brain,2.7555503380090465,0.989445710921,0.010554289079,0.33722304685188986,33.72230468518899,0.11981549216218647,11.981549216218648,0.24736142773025,24.736142773024998,0.005480894912361394,0.5480894912361394,0.005480894912361394,0.007673252877305951,scenario,zymosan,970.1974469994784
6.166666666666667,brain,2.732533378834583,0.989516885552,0.010483114448,0.33658687392823894,33.65868739282389,0.11894353672031863,11.894353672031862,0.247379221388,24.737922138800002,0.005435362140718034,0.5435362140718034,0.005435362140718034,0.007609506997005247,scenario,zymosan,958.2982182934202
6.25,brain,2.709773857138835,0.989588655686,0.010411344314,0.3359568789598821,33.595687895988206,0.11807962005117613,11.807962005117613,0.2473971639215,24.739716392149997,0.005390334539047383,0.5390334539047383,0.005390334539047383,0.007546468354666336,scenario,zymosan,946.3989895873628
6.333333333333333,brain,2.687291773137183,0.989661021321,0.010338978679,0.3353336794655884,33.53336794655884,0.11722456551378456,11.722456551378455,0.24741525533025,24.741525533024998,0.005345851819046895,0.5345851819046895,0.005345851819046895,0.007484192546665653,scenario,zymosan,934.4997608813047
6.416666666666667,brain,2.6651059878806835,0.989733820438,0.010266179562,0.33471780972495296,33.471780972495296,0.11637913948727063,11.637913948727064,0.2474334551095,24.74334551095,0.005301951450644238,0.5301951450644238,0.005301951450644238,0.0074227320309019325,scenario,zymosan,922.6005321752465
6.5,brain,2.643234212951448,0.989806533502,0.010193466498,0.334109654562428,33.410965456242806,0.11554402824923737,11.554402824923738,0.2474516333755,24.74516333755,0.0052586686401743295,0.525866864017433,0.0052586686401743295,0.0073621360962440605,scenario,zymosan,910.7013034691889
6.583333333333333,brain,2.621693004019783,0.989879121407,0.010120878593,0.3335097321457039,33.35097321457039,0.11471993572527184,11.471993572527184,0.24746978035175,24.746978035174998,0.005216036316201767,0.5216036316201768,0.005216036316201767,0.0073024508426824735,scenario,zymosan,898.8020747631307
6.666666666666667,brain,2.6004977581622395,0.989951584152,0.010048415848,0.33291854350062144,33.291854350062145,0.11390752995016196,11.390752995016197,0.247487896038,24.7487896038,0.005174085122799717,0.5174085122799716,0.005174085122799717,0.007243719171919603,scenario,zymosan,886.9028460570731
6.75,brain,2.579662714826809,0.990023921738,0.009976078262,0.3323365588387041,33.23365588387041,0.11310743787227216,11.310743787227215,0.2475059804345,24.75059804345,0.005132843420070021,0.5132843420070021,0.005132843420070021,0.007185980788098029,scenario,zymosan,875.0036173510148
6.833333333333333,brain,2.5592009603196106,0.990096134165,0.009903865835,0.3317642172412638,33.176421724126385,0.11232024493335171,11.232024493335171,0.24752403354125,24.752403354125,0.00509233729166502,0.509233729166502,0.00509233729166502,0.007129272208331028,scenario,zymosan,863.1043886449571
6.916666666666667,brain,2.5391244356765204,0.990168221432,0.009831778568,0.331201926451598,33.120192645159804,0.11154649479146404,11.154649479146403,0.247542055358,24.7542055358,0.00505259055904914,0.505259055904914,0.00505259055904914,0.007073626782668796,scenario,zymosan,851.2051599388996
7.0,brain,2.5194439477733597,0.990240183539,0.009759816461,0.330650062773444,33.0650062773444,0.11078668918492529,11.078668918492529,0.24756004588475,24.756004588475,0.00501362480221801,0.5013624802218011,0.00501362480221801,0.007019074723105214,scenario,zymosan,839.3059312328411
7.083333333333333,brain,2.5001691835194486,0.990312015186,0.009687984814,0.3301089693053268,33.01089693053268,0.11004128734510238,11.004128734510237,0.2475780037965,24.75780037965,0.004975459386574565,0.49754593865745644,0.004975459386574565,0.00696564314120439,scenario,zymosan,827.4067025267833
7.166666666666667,brain,2.481308726971641,0.990383367613,0.009616632387,0.32957884352530675,32.95788435253068,0.10931066882940903,10.931066882940902,0.24759584190325,24.759584190325,0.004938111495645474,0.49381114956454736,0.004938111495645474,0.0069133560939036625,scenario,zymosan,815.5074738207256
7.25,brain,2.462870079199299,0.990454030827,0.009545969173,0.3290598986425085,32.90598986425085,0.10859518791434468,10.859518791434468,0.24761350770675,24.761350770675,0.004901596169307188,0.49015961693071886,0.004901596169307188,0.006862234637030063,scenario,zymosan,803.6082451146676
7.333333333333333,brain,2.4448596807251106,0.990524004828,0.009475995172,0.3285523871047923,32.85523871047923,0.10789518119705643,10.789518119705644,0.247631001207,24.7631001207,0.004865926347179029,0.4865926347179029,0.004865926347179029,0.006812296886050641,scenario,zymosan,791.7090164086097
7.416666666666667,brain,2.4272829363621495,0.990593289616,0.009406710384,0.32805653086540076,32.805653086540076,0.10721094461520103,10.721094461520103,0.247648322404,24.7648322404,0.004831112916830974,0.4831112916830974,0.004831112916830974,0.006763558083563364,scenario,zymosan,779.8097877025518
7.5,brain,2.410144242264118,0.990661885191,0.009338114809,0.3275725218552606,32.757252185526056,0.1065427340766808,10.65427340766808,0.24766547129775,24.766547129775,0.004797164766446151,0.4797164766446151,0.004797164766446151,0.006716030673024611,scenario,zymosan,767.9105589964939
7.583333333333333,brain,2.3934470150033085,0.990729791554,0.009270208446,0.327100522538231,32.7100522538231,0.10589076619964134,10.589076619964134,0.2476824478885,24.768244788849998,0.004764088841572473,0.4764088841572473,0.004764088841572473,0.006669724378201462,scenario,zymosan,756.0113302904361
7.666666666666667,brain,2.3771937224893818,0.990797008703,0.009202991297,0.3266406665425201,32.66406665425201,0.10525521915569351,10.525521915569351,0.24769925217575,24.769925217575,0.004731890205594268,0.4731890205594268,0.004731890205594268,0.006624646287831975,scenario,zymosan,744.1121015843784
7.75,brain,2.3613859165416233,0.990863536639,0.009136463361,0.32619305936816717,32.619305936816716,0.10463623361122291,10.463623361122291,0.24771588415975,24.771588415975,0.004700572103553209,0.4700572103553209,0.004700572103553209,0.006580800944974491,scenario,zymosan,732.21287287832
7.833333333333333,brain,2.3460242669278197,0.990929309334,0.009070690666,0.32575775745268065,32.57577574526807,0.10403390682557416,10.403390682557417,0.2477323273335,24.77323273335,0.004670136028948107,0.4670136028948107,0.004670136028948107,0.006538190440527349,scenario,zymosan,720.3136441722626
7.916666666666667,brain,2.331108596684284,0.990994058887,0.009005941113,0.32533472455766277,32.53347245576628,0.10344827978121705,10.344827978121705,0.24774851472175,24.774851472175,0.004640581793145334,0.46405817931453336,0.004640581793145334,0.006496814510403467,scenario,zymosan,708.4144154662042
8.0,brain,2.3166379185337833,0.991057756834,0.008942243166,0.3249239777774325,32.49239777774325,0.10287938475857665,10.287938475857665,0.2477644392085,24.77644392085,0.004611907597035434,0.46119075970354345,0.004611907597035434,0.006456670635849608,scenario,zymosan,696.5151867601465
8.083333333333334,brain,2.302610472221161,0.991120403174,0.008879596826,0.3245255188609178,32.45255188609178,0.10232722408989041,10.23272240898904,0.2477801007935,24.77801007935,0.004584110104577094,0.45841101045770943,0.004584110104577094,0.006417754146407931,scenario,zymosan,692.1727186615493
8.166666666666666,brain,2.2890237625902303,0.991181997908,0.008818002092,0.3241393258294717,32.41393258294717,0.10179176846996227,10.179176846996226,0.247795499477,24.7795499477,0.004557184517876605,0.4557184517876605,0.004557184517876605,0.0063800583250272465,scenario,zymosan,687.8302505629517
8.25,brain,2.2758745982300046,0.991242541036,0.008757458964,0.3237653540023905,32.37653540023905,0.10127295832452064,10.127295832452065,0.247810635259,24.7810635259,0.004531124653459564,0.45311246534595645,0.004531124653459564,0.0063435745148433895,scenario,zymosan,683.4877824643543
8.333333333333334,brain,2.263159130523448,0.991302032557,0.008697967443,0.3234035370569416,32.340353705694156,0.10077070522358875,10.077070522358875,0.24782550813925,24.782550813925,0.004505923019401308,0.4505923019401308,0.004505923019401308,0.006308292227161831,scenario,zymosan,679.1453143657568
8.416666666666666,brain,2.2508728929376636,0.991360472472,0.008639527528,0.323053788117167,32.3053788117167,0.10028489333222271,10.028489333222272,0.247840118118,24.7840118118,0.004481570892993691,0.4481570892993691,0.004481570892993691,0.006274199250191167,scenario,zymosan,674.8028462671593
8.5,brain,2.239010840400669,0.991417860383,0.008582139617,0.3227160007333344,32.27160007333344,0.09981538085011252,9.981538085011252,0.24785446509575,24.785446509575,0.004458058398637959,0.44580583986379585,0.004458058398637959,0.006241281758093142,scenario,zymosan,670.4603781685621
8.583333333333334,brain,2.2275673886166327,0.991474105342,0.008525894658,0.3223900206955429,32.23900206955429,0.09936199248005723,9.936199248005723,0.2478685263355,24.786852633549998,0.004435374585666605,0.44353745856666055,0.004435374585666605,0.006209524419933247,scenario,zymosan,666.1179100699645
8.666666666666666,brain,2.2165364531785805,0.991529137799,0.008470862201,0.32207568368702527,32.207568368702525,0.09892453231636705,9.892453231636706,0.24788228444975,24.788228444975,0.004413507505811145,0.4413507505811145,0.004413507505811145,0.006178910508135603,scenario,zymosan,661.7754419713671
8.75,brain,2.20591148834506,0.991582957754,0.008417042246,0.3217728320081329,32.17728320081329,0.09850279009284384,9.850279009284383,0.2478957394385,24.789573943849998,0.004392444290047457,0.4392444290047457,0.004392444290047457,0.00614942200606644,scenario,zymosan,657.4329738727699
8.833333333333334,brain,2.195685525355041,0.991635565207,0.008364434793,0.32148129305743245,32.14812930574325,0.09809653567424322,9.809653567424322,0.24790889130175,24.790889130175,0.004372171224565776,0.43721712245657757,0.004372171224565776,0.006121039714392086,scenario,zymosan,653.0905057741725
8.916666666666666,brain,2.185851210163355,0.991686960158,0.008313039842,0.32120088047332185,32.12008804733218,0.09770552057842916,9.770552057842915,0.2479217400395,24.79217400395,0.004352673825628318,0.4352673825628318,0.004352673825628318,0.006093743355879645,scenario,zymosan,648.7480376755749
9.0,brain,2.1764008404871764,0.991737142607,0.008262857393,0.3209313952674241,32.09313952674241,0.09732947948756544,9.732947948756545,0.24793428565175,24.793428565175,0.004333936913093801,0.4333936913093801,0.004333936913093801,0.006067511678331321,scenario,zymosan,644.4055695769775
9.083333333333334,brain,2.167326402062402,0.991786112554,0.008213887446,0.32067262694547416,32.067262694547416,0.09696813174263226,9.696813174263227,0.2479465281385,24.79465281385,0.00431594468240477,0.43159446824047704,0.00431594468240477,0.006042322555366678,scenario,zymosan,640.0631014783798
9.166666666666666,brain,2.158619604017196,0.991833869999,0.008166130001,0.32042435461168695,32.042435461168694,0.09662118281591595,9.662118281591594,0.24795846749975,24.795846749975002,0.004298680774850384,0.4298680774850384,0.004298680774850384,0.0060181530847905375,scenario,zymosan,635.7206333797828
9.25,brain,2.150271913278407,0.991880415802,0.008119584198,0.32018634833048637,32.01863483304864,0.09628832583998181,9.628832583998182,0.2479701039505,24.797010395050002,0.004282128345934183,0.4282128345934183,0.004282128345934183,0.005994979684307855,scenario,zymosan,631.378165281185
9.333333333333334,brain,2.142274587935018,0.991925754733,0.008074245267,0.31995837116969283,31.995837116969284,0.09596924331525708,9.596924331525708,0.24798143868325,24.798143868325003,0.004266270131693251,0.4266270131693251,0.004266270131693251,0.005972778184370551,scenario,zymosan,627.0356971825875
9.416666666666666,brain,2.1346187094911167,0.991969887526,0.008030112474,0.3197401776683918,31.97401776683918,0.09566360771585569,9.566360771585568,0.2479924718815,24.79924718815,0.004251088512831846,0.42510885128318454,0.004251088512831846,0.005951523917964584,scenario,zymosan,622.6932290839904
9.5,brain,2.1272952139491643,0.992012814181,0.007987185819,0.31953151590942236,31.953151590942237,0.09537108315222982,9.537108315222982,0.24800320354525,24.800320354525,0.004236565576549179,0.42365655765491794,0.004236565576549179,0.005931191807168851,scenario,zymosan,618.3507609853928
9.583333333333334,brain,2.120294921672434,0.992054534698,0.007945465302,0.3193321287281561,31.93321287281561,0.0950913267382081,9.50913267382081,0.2480136336745,24.801363367449998,0.00422268317595724,0.422268317595724,0.00422268317595724,0.005911756446340136,scenario,zymosan,614.0082928867955
9.666666666666666,brain,2.1136085659834194,0.992095049078,0.007904950922,0.3191417546499902,31.91417546499902,0.09482398984065357,9.482398984065357,0.2480237622695,24.80237622695,0.004209422987000495,0.4209422987000495,0.004209422987000495,0.005893192181800693,scenario,zymosan,609.665824788198
9.75,brain,2.107226820462732,0.992134357319,0.007865642681,0.31896012878980173,31.896012878980173,0.09456871928006899,9.4568719280069,0.24803358932975,24.803358932975,0.004196766562804737,0.4196766562804737,0.004196766562804737,0.005875473187926632,scenario,zymosan,605.3233566896008
9.833333333333334,brain,2.101140324920462,0.992172459423,0.007827540577,0.3187869837168473,31.878698371684735,0.09432515848146306,9.432515848146306,0.24804311485575,24.804311485575,0.004184695385397391,0.41846953853973906,0.004184695385397391,0.005858573539556346,scenario,zymosan,600.9808885910033
9.916666666666666,brain,2.0953397100191777,0.992209355388,0.007790644612,0.3186220502753654,31.86220502753654,0.09409294857115381,9.409294857115382,0.248052338847,24.8052338847,0.004173190914755997,0.4173190914755997,0.004173190914755997,0.0058424672806583955,scenario,zymosan,596.638420492406
10.0,brain,2.089815620534614,0.992245102513,0.007754897487,0.31846507675944924,31.846507675944924,0.09387173484159898,9.387173484159899,0.24806127562825,24.806127562825,0.0041622346351554715,0.4162234635155472,0.0041622346351554715,0.005827128489217659,scenario,zymosan,592.2959523938084
10.083333333333334,brain,2.084558737246696,0.992279765421,0.007720234579,0.3183158135756743,31.83158135756743,0.0936611629605657,9.366116296056571,0.24806994135525,24.806994135525002,0.004151808098797951,0.41518080987979505,0.004151808098797951,0.0058125313383171305,scenario,zymosan,587.953484295211
10.166666666666666,brain,2.0795597974597593,0.992313344169,0.007686655831,0.31817399089043163,31.817399089043164,0.09346087313090884,9.346087313090884,0.24807833604225,24.807833604225,0.004141892966721568,0.41418929667215676,0.004141892966721568,0.005798650153410194,scenario,zymosan,583.6110161966137
10.25,brain,2.0748096141567167,0.992345838757,0.007654161243,0.31803934001333545,31.803934001333545,0.09327050709878061,9.327050709878062,0.24808645968925,24.808645968925,0.004132471046996369,0.4132471046996369,0.004132471046996369,0.005785459465794916,scenario,zymosan,579.2685480980163
10.333333333333334,brain,2.070299093797452,0.992377249187,0.007622750813,0.3179115940301831,31.79115940301831,0.09308970897791084,9.308970897791085,0.24809431229675,24.809431229675,0.004123524330226664,0.4123524330226664,0.004123524330226664,0.005772934062317329,scenario,zymosan,574.9260799994186
10.416666666666666,brain,2.0660192527768513,0.992407575457,0.007592424543,0.3177904883726729,31.779048837267286,0.0929181260112305,9.29181260112305,0.24810189386425,24.810189386424998,0.004115035022389487,0.4115035022389487,0.004115035022389487,0.005761049031345282,scenario,zymosan,570.5836119008214
10.5,brain,2.061961232562663,0.992436817567,0.007563182433,0.3176757613498862,31.767576134988616,0.09275540927751495,9.275540927751495,0.24810920439175,24.810920439175,0.004106985575048438,0.4106985575048438,0.004106985575048438,0.005749779805067813,scenario,zymosan,566.2411438022236
10.583333333333334,brain,2.058116313537757,0.992464975518,0.007535024482,0.31756715463592416,31.756715463592418,0.0926012143418989,9.26012143418989,0.2481162438795,24.811624387949998,0.004099358712991014,0.4099358712991014,0.004099358712991014,0.00573910219818742,scenario,zymosan,561.8986757036263
10.666666666666666,brain,2.054475927575359,0.992492065343,0.007507934657,0.31746441884468213,31.74644188446821,0.09245520334524286,9.245520334524286,0.24812301633575,24.812301633575,0.004092137459345608,0.4092137459345608,0.004092137459345608,0.0057289924430838505,scenario,zymosan,557.5562076050288
10.75,brain,2.0510316693794515,0.992518222967,0.007481777033,0.3173673471384332,31.73673471384332,0.0923170551955776,9.23170551955776,0.24812955574175,24.812955574175,0.004085305158241638,0.4085305158241638,0.004085305158241638,0.005719427221538292,scenario,zymosan,553.2137395064315
10.833333333333334,brain,2.047775306625785,0.992543479274,0.007456520726,0.3172757036342591,31.72757036342591,0.09218644508767881,9.21864450876788,0.2481358698185,24.81358698185,0.004078845495082825,0.40788454950828246,0.004078845495082825,0.005710383693115955,scenario,zymosan,548.8712714078338
10.916666666666666,brain,2.0446987889417994,0.992567834264,0.007432165736,0.31718924748882155,31.718924748882156,0.0920630518970954,9.206305189709541,0.248141958566,24.814195856599998,0.00407274251450942,0.40727425145094204,0.00407274251450942,0.005701839520313188,scenario,zymosan,544.5288033092368
11.0,brain,2.0417942557662694,0.992591287936,0.007408712064,0.3171077430723608,31.71077430723608,0.09194656145114771,9.194656145114772,0.248147821984,24.8147821984,0.004066980636130212,0.40669806361302124,0.004066980636130212,0.005693772890582297,scenario,zymosan,540.186335210639
11.083333333333334,brain,2.039054043131635,0.99261384029,0.00738615971,0.31703096022577376,31.703096022577377,0.09183666687103166,9.183666687103166,0.2481534600725,24.81534600725,0.004061544668109533,0.40615446681095335,0.004061544668109533,0.0056861625353533465,scenario,zymosan,535.8438671120416
11.166666666666666,brain,2.03647068941378,0.992635491328,0.007364508672,0.31695867448305654,31.695867448305652,0.09173306886807536,9.173306886807536,0.248158872832,24.8158872832,0.004056419818698088,0.4056419818698088,0.004056419818698088,0.005678987746177323,scenario,zymosan,531.5013990134443
11.25,brain,2.0340369400954907,0.992656241047,0.007343758953,0.31689066725830184,31.689066725830184,0.09163547599540249,9.16354759954025,0.24816406026175,24.816406026175,0.00405159170579942,0.405159170579942,0.00405159170579942,0.0056722283881191875,scenario,zymosan,527.158930914847
11.333333333333334,brain,2.0317457515909925,0.992676089449,0.007323910551,0.3168267260067168,31.68267260067168,0.09154360485928903,9.154360485928903,0.24816902236225,24.816902236225,0.00404704636466618,0.40470463646661803,0.00404704636466618,0.005665864910532652,scenario,zymosan,522.8164628162496
11.416666666666666,brain,2.0295902941797905,0.992695109112,0.007304890888,0.3167666675097953,31.676666750979532,0.09145718697572706,9.145718697572706,0.248173777278,24.8173777278,0.004042770253822069,0.4042770253822069,0.004042770253822069,0.0056598783553508955,scenario,zymosan,518.4739947176521
11.5,brain,2.0275639540986163,0.992713422621,0.007286577379,0.31671033075190014,31.671033075190014,0.09137596679553349,9.137596679553349,0.24817835565525,24.817835565525,0.00403875025930648,0.40387502593064795,0.00403875025930648,0.005654250363029072,scenario,zymosan,514.1315266190544
11.583333333333334,brain,2.025660334840561,0.992731031962,0.007268968038,0.3166575225619109,31.665752256191087,0.09129968609521451,9.12996860952145,0.2481827579905,24.81827579905,0.004034973697339471,0.40349736973394706,0.004034973697339471,0.005648963176275259,scenario,zymosan,509.78905852045705
11.666666666666666,brain,2.0238732577105085,0.992747937136,0.007252062864,0.31660805552700017,31.660805552700015,0.09122809499066692,9.122809499066692,0.248186984284,24.818698428399998,0.004031428315504763,0.4031428315504763,0.004031428315504763,0.005643999641706668,scenario,zymosan,505.4465904218599
11.75,brain,2.0221967616857714,0.992764138141,0.007235861859,0.3165617486489956,31.656174864899562,0.09116095215166081,9.116095215166082,0.24819103453525,24.819103453525,0.004028102292548083,0.40281022925480836,0.004028102292548083,0.005639343209567316,scenario,zymosan,501.1041223232623
11.833333333333334,brain,2.0206251026304023,0.992779634978,0.007220365022,0.31651842734810576,31.651842734810575,0.09109802480480766,9.109802480480766,0.2481949087445,24.81949087445,0.004024984236887312,0.40249842368873123,0.004024984236887312,0.005634977931642237,scenario,zymosan,496.76165422466477
11.916666666666666,brain,2.0191527519110233,0.992794427647,0.007205572353,0.3164779234430613,31.64779234430613,0.09103908870841507,9.103908870841506,0.24819860691175,24.819860691175,0.004022063183929663,0.40220631839296633,0.004022063183929663,0.0056308884575015285,scenario,zymosan,492.41918612606764
12.0,brain,2.017774394461188,0.992808516149,0.007191483851,0.31644007511432043,31.644007511432044,0.09098392810276056,9.098392810276055,0.24820212903725,24.820212903725,0.004019328592289481,0.4019328592289481,0.004019328592289481,0.005627060029205273,scenario,zymosan,488.07671802747
