time_h,tissue,histamine_nm,R_surf,R_int,G_signal,G_signal_pct,G_signal_ligand,G_signal_ligand_pct,G_signal_constitutive,G_signal_constitutive_pct,beta_arr_signal,beta_arr_signal_pct,internalization_drive,k_int_eff_per_h,driver_type,driver_id,antagonist_concentration_nm
0.0,skin,355.29855227012183,0.490551482849,0.509448517151,0.46571664637613625,46.57166463761362,0.46440954971966975,46.440954971966974,0.024527574142450003,2.452757414245,0.4154088082191806,41.54088082191806,0.4154088082191806,0.5192610102739758,scenario,compound_48_80,0.001
0.08333333333333333,skin,900.6462327187994,0.483246416992,0.516753583008,0.4732733333073656,47.32733333073656,0.47274843416606904,47.274843416606906,0.024162320849600002,2.4162320849600003,0.643021922081318,64.3021922081318,0.643021922081318,0.8037774026016475,scenario,compound_48_80,184.30652652885317
0.16666666666666666,skin,1001.4188695102075,0.472343354676,0.527656645324,0.46355702420303013,46.35570242030301,0.46309458575708434,46.30945857570843,0.0236171677338,2.36171677338,0.6669816730336486,66.69816730336487,0.6669816730336486,0.8337270912920608,scenario,compound_48_80,368.6120530577064
0.25,skin,499.3195416676658,0.465524807966,0.534475192034,0.4484929602466737,44.84929602466737,0.4475965472088144,44.75965472088144,0.0232762403983,2.32762403983,0.4996595391644205,49.965953916442054,0.4996595391644205,0.6245744239555256,scenario,compound_48_80,552.9175795865597
0.3333333333333333,skin,214.96068962058536,0.468634621479,0.531365378521,0.43073867461878573,43.07386746187857,0.42874415109982705,42.874415109982706,0.02343173107395,2.343173107395,0.30066085134647125,30.066085134647125,0.30066085134647125,0.37582606418308906,scenario,compound_48_80,737.2231061154125
0.4166666666666667,skin,183.419467435412,0.477559770466,0.522440229534,0.4329542282666774,43.29542282666774,0.43060656815092363,43.060656815092365,0.023877988523300003,2.3877988523300004,0.26838490294066203,26.838490294066204,0.26838490294066203,0.3354811286758275,scenario,compound_48_80,921.5286326442658
0.5,skin,198.7692959258379,0.485509451577,0.514490548423,0.44334320726504617,44.334320726504615,0.4411239312486276,44.112393124862756,0.024275472578850002,2.427547257885,0.28445625342263714,28.445625342263714,0.28445625342263714,0.3555703167782964,scenario,compound_48_80,1105.834159173119
0.5833333333333334,skin,215.64483289265917,0.491900971281,0.508099028719,0.45223908546915903,45.2239085469159,0.45015161779485163,45.01516177948516,0.024595048564050002,2.459504856405,0.30132940668489966,30.132940668489965,0.30132940668489966,0.3766617583561246,scenario,compound_48_80,1290.1396857019718
0.6666666666666666,skin,230.62422685778608,0.497055194959,0.502944805041,0.45937308887282374,45.93730888728238,0.4573898201314461,45.73898201314461,0.024852759747950003,2.4852759747950004,0.3156536813043245,31.565368130432446,0.3156536813043245,0.3945671016304056,scenario,compound_48_80,1474.4452122308253
0.75,skin,243.02562309110297,0.501198213501,0.498801786499,0.464993504831911,46.4993504831911,0.4630879938493274,46.30879938493274,0.025059910675050003,2.505991067505,0.3270756963670759,32.70756963670759,0.3270756963670759,0.40884462045884484,scenario,compound_48_80,1658.7507387596777
0.8333333333333334,skin,252.3083086190865,0.504543750707,0.495456249293,0.4693397890209,46.933978902090004,0.467486948932158,46.7486948932158,0.02522718753535,2.522718753535,0.33537886758450897,33.537886758450895,0.33537886758450897,0.41922358448063624,scenario,compound_48_80,1843.0562652885321
0.9166666666666666,skin,258.0544845650609,0.507306921054,0.492693078946,0.47264165926150176,47.26416592615018,0.47081717179873867,47.08171717987387,0.0253653460527,2.53653460527,0.3404168035667271,34.04168035667271,0.3404168035667271,0.4255210044584089,scenario,compound_48_80,2027.3617918173838
1.0,skin,260.0,0.509697108424,0.490302891576,0.4751105189237999,47.51105189237999,0.47329017210799995,47.3290172108,0.0254848554212,2.54848554212,0.34210526315789475,34.21052631578947,0.34210526315789475,0.4276315789473684,scenario,compound_48_80,2211.667318346238
1.0833333333333333,skin,258.0544845650609,0.511903691621,0.488096308379,0.47692432361687337,47.69243236168734,0.4750833042482352,47.50833042482352,0.025595184581050003,2.5595184581050003,0.3404168035667271,34.04168035667271,0.3404168035667271,0.4255210044584089,scenario,compound_48_80,2452.3477973839967
1.1666666666666667,skin,252.308308619086,0.514117352136,0.485882647864,0.4782454033874653,47.82454033874653,0.4763574060849109,47.63574060849109,0.0257058676068,2.57058676068,0.3353788675845085,33.53788675845085,0.3353788675845085,0.4192235844806357,scenario,compound_48_80,2693.028276421756
1.25,skin,243.0256230898819,0.516508559081,0.483491440919,0.4791978875682651,47.919788756826506,0.47723416801496327,47.72341680149633,0.025825427954050004,2.582542795405,0.32707569636597,32.707569636597,0.32707569636597,0.4088446204574625,scenario,compound_48_80,2933.7087554595164
1.3333333333333333,skin,230.62422564614886,0.519245616191,0.480754383809,0.4798812383771882,47.988123837718824,0.4778094290185666,47.78094290185666,0.02596228080955,2.596228080955,0.3156536801694327,31.565368016943268,0.3156536801694327,0.39456710021179087,scenario,compound_48_80,3174.3892344972755
1.4166666666666667,skin,215.64439059966614,0.522455218158,0.477544781842,0.48032966991243925,48.032966991243924,0.47811253579425184,47.811253579425184,0.0261227609079,2.61227609079,0.3013289748823006,30.13289748823006,0.3013289748823006,0.3766612186028757,scenario,compound_48_80,3415.069713535034
1.5,skin,198.70990049725182,0.526260772842,0.473739227158,0.4805428850771357,48.05428850771357,0.47813668045793234,47.813668045793236,0.026313038642100002,2.6313038642100004,0.2843954269945734,28.439542699457338,0.2843954269945734,0.35549428374321673,scenario,compound_48_80,3655.7501925727965
1.5833333333333333,skin,180.48518779758706,0.530716750179,0.469283249821,0.4804206741238374,48.04206741238374,0.47777351222619724,47.77735122261972,0.02653583750895,2.6535837508949998,0.2652301490672168,26.52301490672168,0.2652301490672168,0.33153768633402103,scenario,compound_48_80,3896.430671610554
1.6666666666666667,skin,161.63266492815833,0.535911989516,0.464088010484,0.4798519861854788,47.985198618547884,0.47690145969439873,47.690145969439875,0.026795599475800003,2.6795599475800005,0.24429365945181802,24.429365945181804,0.24429365945181802,0.3053670743147725,scenario,compound_48_80,4137.111150648316
1.75,skin,142.77399775883632,0.541944525482,0.458055474518,0.47868536784053317,47.86853678405332,0.4753559384909823,47.53559384909823,0.0270972262741,2.70972262741,0.22212161390573856,22.212161390573858,0.22212161390573856,0.2776520173821732,scenario,compound_48_80,4377.791629686071
1.8333333333333333,skin,124.45834044290358,0.548897974176,0.451102025824,0.47670372441950326,47.67037244195033,0.47290402706389817,47.29040270638982,0.0274448987088,2.74448987088,0.19930607437259978,19.93060743725998,0.19930607437259978,0.24913259296574974,scenario,compound_48_80,4618.472108723832
1.9166666666666667,skin,107.139531878091,0.556670417563,0.443329582437,0.4734804153861899,47.34804153861899,0.4691019942189894,46.91019942189894,0.027833520878149998,2.7833520878149995,0.17646607781685975,17.646607781685976,0.17646607781685975,0.22058259727107468,scenario,compound_48_80,4859.15258776159
2.0,skin,91.16311683958743,0.565214210377,0.434785789623,0.46860779718457496,46.86077971845749,0.4635232491218158,46.35232491218158,0.028260710518850003,2.826071051885,0.1542097506470868,15.420975064708681,0.1542097506470868,0.1927621883088585,scenario,compound_48_80,5099.83306679935
2.0833333333333335,skin,76.76295880658581,0.574522543261,0.425477456739,0.46171152077275374,46.17115207727537,0.4557740985365303,45.57740985365303,0.028726127163050005,2.8726127163050004,0.133092733564965,13.309273356496501,0.133092733564965,0.16636591695620626,scenario,compound_48_80,5094.7558495648245
2.1666666666666665,skin,64.06629170747185,0.584584880456,0.415415119544,0.45246161793225526,45.246161793225525,0.44550776200995296,44.550776200995294,0.0292292440228,2.92292440228,0.11357936584641193,11.357936584641193,0.11357936584641193,0.1419742073080149,scenario,compound_48_80,5089.6786323303
2.25,skin,53.1054059734382,0.595240834733,0.404759165267,0.44053851539924005,44.053851539924004,0.4323962880658843,43.239628806588435,0.029762041736650004,2.9762041736650002,0.0960131747039704,9.60131747039704,0.0960131747039704,0.120016468379963,scenario,compound_48_80,5084.60141509578
2.3333333333333335,skin,43.83382080915315,0.606334993825,0.393665006175,0.42586068198460497,42.586068198460495,0.41636203399300525,41.63620339930053,0.030316749691250002,3.031674969125,0.08060149834729696,8.060149834729696,0.08060149834729696,0.1007518729341212,scenario,compound_48_80,5079.524197861262
2.4166666666666665,skin,36.14475032225036,0.617767092302,0.382232907698,0.4087079249467511,40.870792494675115,0.39770481087542225,39.77048108754222,0.030888354615100002,3.08883546151,0.06741602953404938,6.7416029534049375,0.06741602953404938,0.08427003691756171,scenario,compound_48_80,5074.446980626739
2.5,skin,29.889877179556922,0.629436855245,0.370563144755,0.38972289069438193,38.97228906943819,0.3771063662443494,37.71063662443494,0.031471842762250006,3.1471842762250004,0.05640771501175239,5.640771501175239,0.05640771501175239,0.07050964376469049,scenario,compound_48_80,5069.3697633922175
2.5833333333333335,skin,24.89682969049651,0.641232559746,0.358767440254,0.36986777254025854,36.98677725402585,0.35558541531890375,35.55854153189038,0.0320616279873,3.2061627987300003,0.04743185380863671,4.743185380863671,0.04743185380863671,0.059289817260795886,scenario,compound_48_80,5064.292546157697
2.6666666666666665,skin,20.98423340585186,0.653037714179,0.346962285821,0.35029406038091804,35.02940603809181,0.33436018386522953,33.43601838652295,0.03265188570895,3.265188570895,0.04027805845230816,4.027805845230816,0.04027805845230816,0.050347573065385204,scenario,compound_48_80,5059.215328923171
2.75,skin,17.973698340539276,0.664743155382,0.335256844618,0.332141367718496,33.2141367718496,0.3146360104730484,31.46360104730484,0.0332371577691,3.3237157769100003,0.03470002125228095,3.470002125228095,0.03470002125228095,0.04337502656535119,scenario,compound_48_80,5054.138111688647
2.8333333333333335,skin,15.698545220903082,0.676239720191,0.323760279809,0.3163215609460792,31.63215609460792,0.29737849993318866,29.737849993318864,0.03381198600955,3.3811986009550004,0.030441321516969766,3.0441321516969766,0.030441321516969766,0.03805165189621221,scenario,compound_48_80,5049.060894454125
2.9166666666666665,skin,14.009427318837638,0.687471617534,0.312528382466,0.3034027941842152,30.340279418421517,0.2831886455868581,28.318864558685807,0.0343735808767,3.43735808767,0.02725519528292164,2.725519528292164,0.02725519528292164,0.03406899410365205,scenario,compound_48_80,5043.983677219601
3.0,skin,12.777249134560577,0.698446854642,0.301553145358,0.29357791082921686,29.357791082921686,0.2722690190495967,27.22690190495967,0.0349223427321,3.4922342732100002,0.02491773797711456,2.4917737977114562,0.02491773797711456,0.031147172471393203,scenario,compound_48_80,5038.906459985079
3.0833333333333335,skin,11.893919361064983,0.709110462672,0.290889537328,0.2866757459398977,28.66757459398977,0.2644423397961028,26.44423397961028,0.0354555231336,3.54555231336,0.023235125308600495,2.3235125308600493,0.023235125308600495,0.02904390663575062,scenario,compound_48_80,5033.8292427505585
3.1666666666666665,skin,11.271517307753177,0.719406450479,0.280593549521,0.28230829420526843,28.23082942052684,0.25930312808559836,25.930312808559837,0.03597032252395,3.597032252395,0.022046049752793943,2.2046049752793944,0.022046049752793943,0.02755756219099243,scenario,compound_48_80,5028.752025516035
3.25,skin,10.840421621983063,0.729280391517,0.270719608483,0.27998927582919747,27.998927582919748,0.25634237500352364,25.634237500352363,0.03646401957585,3.646401957585,0.021220759288318163,2.1220759288318165,0.021220759288318163,0.026525949110397705,scenario,compound_48_80,5023.674808281513
3.3333333333333335,skin,10.546872779545721,0.738765262893,0.261234737107,0.2792570148223199,27.92570148223199,0.25507237018702095,25.507237018702096,0.036938263144650006,3.6938263144650008,0.020657991150011143,2.065799115001114,0.020657991150011143,0.02582248893751393,scenario,compound_48_80,5018.597591046992
3.4166666666666665,skin,10.350339854721348,0.7478930241,0.2521069759,0.279695055776773,27.9695055776773,0.2550530574439716,25.505305744397162,0.037394651205000004,3.7394651205000002,0.02028085228211609,2.028085228211609,0.02028085228211609,0.025351065352645114,scenario,compound_48_80,5013.520373812473
3.5,skin,10.220956576733762,0.756658454367,0.243341545633,0.2809451659252616,28.09451659252616,0.255907624428328,25.590762442832798,0.03783292271835,3.783292271835,0.020032412320556258,2.003241232055626,0.020032412320556258,0.025040515400695323,scenario,compound_48_80,5008.443156577942
3.5833333333333335,skin,10.137195058358012,0.765056332925,0.234943667075,0.28272643137221165,28.272643137221166,0.25734064707995963,25.734064707995962,0.03825281664625,3.825281664625,0.019871507423014606,1.9871507423014605,0.019871507423014606,0.024839384278768258,scenario,compound_48_80,5003.365939343427
3.6666666666666665,skin,10.083865656975627,0.773085483544,0.226914516456,0.2848296072939308,28.48296072939308,0.25913192959655873,25.913192959655873,0.0386542741772,3.86542741772,0.01976903473311757,1.9769034733117572,0.01976903473311757,0.024711293416396964,scenario,compound_48_80,4998.288722108904
3.75,skin,10.05047124140023,0.780776299048,0.219223700952,0.2871151659914802,28.71151659914802,0.26113300109376864,26.113300109376862,0.039038814952400004,3.9038814952400003,0.019704856299688572,1.9704856299688571,0.019704856299688572,0.024631070374610715,scenario,compound_48_80,4993.211504874377
3.8333333333333335,skin,10.029903220895257,0.788144871274,0.211855128726,0.28948350549955615,28.948350549955613,0.26323817045879594,26.323817045879593,0.039407243563700005,3.9407243563700005,0.019665323851710083,1.9665323851710084,0.019665323851710083,0.024581654814637602,scenario,compound_48_80,4988.134287639858
3.9166666666666665,skin,10.017442394299,0.795202005781,0.204797994219,0.29186671454018076,29.186671454018075,0.2653753834222429,26.53753834222429,0.03976010028905,3.9760100289049998,0.019641372160276876,1.9641372160276875,0.019641372160276876,0.024551715200346096,scenario,compound_48_80,4983.057070405333
4.0,skin,10.010016324348237,0.80195850813,0.19804149187,0.2942209751081507,29.42209751081507,0.2674979470543692,26.74979470543692,0.04009792540650001,4.00979254065,0.019627097515634327,1.9627097515634326,0.019627097515634327,0.024533871894542907,scenario,compound_48_80,4977.979853170813
4.083333333333333,skin,10.005662716345807,0.808425819276,0.191574180724,0.29651942642447743,29.651942642447743,0.26957698469544994,26.957698469544994,0.040421290963800004,4.04212909638,0.01961872866872606,1.961872866872606,0.01961872866872606,0.024523410835907575,scenario,compound_48_80,4927.972412945137
4.166666666666667,skin,10.003151776294262,0.814616815509,0.185383184491,0.2987470292254112,29.87470292254112,0.2715959878420644,27.15959878420644,0.04073084077545,4.073084077545,0.019613901877771147,1.9613901877771147,0.019613901877771147,0.024517377347213935,scenario,compound_48_80,4877.964972719451
4.25,skin,10.001727030909569,0.820543269832,0.179456730168,0.30089578051427107,30.089578051427107,0.2735459126554432,27.35459126554432,0.0410271634916,4.1027163491600005,0.019611163062401543,1.9611163062401542,0.019611163062401543,0.02451395382800193,scenario,compound_48_80,4827.957532493776
4.333333333333333,skin,10.00093166329302,0.826216885261,0.173783114739,0.30296244116098253,30.296244116098254,0.2754227335767711,27.54227335767711,0.041310844263050005,4.131084426305001,0.01960963410532693,1.9609634105326927,0.01960963410532693,0.02451204263165866,scenario,compound_48_80,4777.9500922680945
4.416666666666667,skin,10.000494802639917,0.831649362118,0.168350637882,0.3049467865707611,30.494678657076108,0.2772255983840643,27.72255983840643,0.0415824681059,4.158246810590001,0.01960879431403279,1.9608794314032791,0.01960879431403279,0.024510992892540988,scenario,compound_48_80,4727.9426520424095
4.5,skin,10.000258713552777,0.83684814041,0.16315185959,0.3068488887499789,30.68488887499789,0.2789541912941883,27.89541912941883,0.0418424070205,4.18424070205,0.019608340471783038,1.960834047178304,0.019608340471783038,0.024510425589728796,scenario,compound_48_80,4677.935211816735
4.583333333333333,skin,10.000133174323876,0.841819987131,0.158180012869,0.3086696953456878,30.866969534568778,0.2806091536727766,28.060915367277662,0.04209099935655,4.209099935655,0.019608099143193197,1.9608099143193196,0.019608099143193197,0.024510123928991497,scenario,compound_48_80,4627.927771591054
4.666666666666667,skin,10.000067489462584,0.846575001586,0.153424998414,0.3104120400932043,31.041204009320428,0.28219293685674135,28.219293685674135,0.0423287500793,4.232875007930001,0.01960797287476673,1.9607972874766728,0.01960797287476673,0.024509966093458412,scenario,compound_48_80,4577.920331365376
4.75,skin,10.00003367174222,0.851123283081,0.148876716919,0.312079142148212,31.207914214821198,0.28370839788859153,28.370839788859154,0.04255616415405,4.255616415405,0.01960790786570549,1.9607907865705492,0.01960790786570549,0.024509884832131863,scenario,compound_48_80,4527.9128911396965
4.833333333333333,skin,10.000016539004093,0.855474930919,0.144525069081,0.31367444003165124,31.367444003165122,0.28515862472179077,28.515862472179077,0.04277374654595,4.277374654595,0.019607874930802686,1.9607874930802687,0.019607874930802686,0.024509843663503356,scenario,compound_48_80,4477.905450914017
4.916666666666667,skin,10.000007997739793,0.859640044405,0.140359955595,0.31520149475776177,31.520149475776176,0.28654683425001237,28.654683425001238,0.042982002220250004,4.298200222025001,0.01960785851161028,1.960785851161028,0.01960785851161028,0.024509823139512853,scenario,compound_48_80,4427.8980106883355
5.0,skin,10.000003807494936,0.863628722844,0.136371277156,0.3166639344616554,31.666393446165543,0.2878763140204794,28.787631402047943,0.043181436142200005,4.31814361422,0.019607850456545384,1.9607850456545384,0.019607850456545384,0.02450981307068173,scenario,compound_48_80,4377.890570462651
5.083333333333333,skin,10.00000178453696,0.86745106554,0.13254893446,0.31806542337796617,31.806542337796618,0.28915038957996436,28.915038957996437,0.043372553277,4.3372553277,0.01960784656773732,1.9607846567737321,0.01960784656773732,0.02450980820967165,scenario,compound_48_80,4327.8831302369745
5.166666666666667,skin,10.000000823428527,0.871117171798,0.128882828202,0.31940964480232387,31.940964480232388,0.29037240653939356,29.037240653939357,0.0435558585899,4.35558585899,0.019607844720162488,1.9607844720162488,0.019607844720162488,0.02450980590020311,scenario,compound_48_80,4277.87569001129
5.25,skin,10.000000374059267,0.874634164508,0.125365835492,0.32069920055975026,32.069920055975025,0.29154472877300025,29.154472877300027,0.043731708225400005,4.373170822540001,0.01960784385632308,1.9607843856323082,0.01960784385632308,0.024509804820403852,scenario,compound_48_80,4227.868249785613
5.333333333333333,skin,10.000000167289652,0.877998679648,0.122001320352,0.32193285230506863,32.19328523050686,0.2926662298133354,29.26662298133354,0.043899933982400004,4.389993398240001,0.019607843458842082,1.9607843458842082,0.019607843458842082,0.024509804323552604,scenario,compound_48_80,4177.860809559931
5.416666666666667,skin,10.000000073656636,0.881216312565,0.118783687435,0.32311264931076794,32.31126493107679,0.2937387722973873,29.37387722973873,0.044060815628250004,4.406081562825,0.01960784327884782,1.9607843278847819,0.01960784327884782,0.024509804098559775,scenario,compound_48_80,4127.853369334255
5.5,skin,10.000000031927788,0.88429384637,0.11570615363,0.32424107759837484,32.42410775983748,0.2947646160840788,29.476461608407877,0.044214692318500004,4.421469231850001,0.01960784319863089,1.960784319863089,0.01960784319863089,0.02450980399828861,scenario,compound_48_80,4077.8459291085746
5.583333333333333,skin,10.000000013625108,0.887238064173,0.112761935827,0.3253206237853062,32.53206237853062,0.2957460216596381,29.57460216596381,0.04436190320865,4.436190320865,0.01960784316344696,1.960784316344696,0.01960784316344696,0.0245098039543087,scenario,compound_48_80,4027.8384888828946
5.666666666666667,skin,10.000000005724337,0.890055749082,0.109944250918,0.32635377477096067,32.635377477096064,0.2966852498072217,29.66852498072217,0.0445027874541,4.45027874541,0.01960784314825901,1.960784314825901,0.01960784314825901,0.02450980393532376,scenario,compound_48_80,3977.831048657213
5.75,skin,10.000000002367688,0.892753684208,0.107246315792,0.3273430175875572,32.73430175875572,0.2975845614496392,29.75845614496392,0.04463768421040001,4.463768421040001,0.019607843141806396,1.9607843141806396,0.019607843141806396,0.024509803927257996,scenario,compound_48_80,3927.823608431538
5.833333333333333,skin,10.000000000964135,0.895338652658,0.104661347342,0.328290839326157,32.8290839326157,0.29844621757184947,29.844621757184946,0.0447669326329,4.47669326329,0.019607843139108298,1.9607843139108299,0.019607843139108298,0.02450980392388537,scenario,compound_48_80,3877.816168205857
5.916666666666667,skin,10.000000000386514,0.897817437544,0.102182562456,0.3291997271067926,32.91997271067926,0.29927247918904487,29.927247918904488,0.044890871877200006,4.489087187720001,0.01960784313799791,1.9607843137997911,0.01960784313799791,0.024509803922497388,scenario,compound_48_80,3827.808727980175
6.0,skin,10.000000000152548,0.900196634145,0.099803365855,0.330072099189399,33.0072099189399,0.30006554471805164,30.006554471805163,0.04500983170725,4.500983170725,0.01960784313754815,1.9607843137548149,0.01960784313754815,0.024509803921935188,scenario,compound_48_80,3777.8012877544934
6.083333333333333,skin,10.000000000059273,0.902475136666,0.097524863334,0.33090755011199596,33.0907550111996,0.30082504555652206,30.082504555652207,0.0451237568333,4.51237568333,0.019607843137368845,1.9607843137368846,0.019607843137368845,0.02450980392171106,scenario,compound_48_80,3727.7938475288133
6.166666666666667,skin,10.000000000022673,0.904653844188,0.095346155812,0.33170640953603303,33.170640953603304,0.3015512813964558,30.155128139645583,0.0452326922094,4.5232692209400005,0.01960784313729849,1.9607843137298488,0.01960784313729849,0.02450980392162311,scenario,compound_48_80,3677.786407303135
6.25,skin,10.000000000008539,0.906737170935,0.093262829065,0.3324702960096634,33.247029600966336,0.302245723645172,30.2245723645172,0.04533685854675,4.533685854675,0.019607843137271316,1.9607843137271315,0.019607843137271316,0.024509803921589145,scenario,compound_48_80,3627.7789670774564
6.333333333333333,skin,10.000000000003165,0.908729531134,0.091270468867,0.33320082808252743,33.32008280825274,0.3029098437113973,30.29098437113973,0.0454364765567,4.54364765567,0.019607843137260987,1.9607843137260987,0.019607843137260987,0.024509803921576236,scenario,compound_48_80,3577.771526851775
6.416666666666667,skin,10.000000000001156,0.910635339008,0.089364660992,0.33389962430295556,33.389962430295554,0.30354511300269005,30.354511300269003,0.0455317669504,4.55317669504,0.019607843137257126,1.9607843137257126,0.019607843137257126,0.024509803921571406,scenario,compound_48_80,3527.764086626093
6.5,skin,10.000000000000416,0.912459008785,0.087540991215,0.33456830322117465,33.45683032211746,0.30415300292834174,30.415300292834175,0.04562295043925,4.562295043925,0.019607843137255703,1.9607843137255703,0.019607843137255703,0.02450980392156963,scenario,compound_48_80,3477.756646400416
6.583333333333333,skin,10.000000000000147,0.914204954688,0.085795045312,0.33520848338560283,33.520848338560285,0.304734984896003,30.4734984896003,0.0457102477344,4.5710247734400005,0.019607843137255186,1.9607843137255185,0.019607843137255186,0.024509803921568984,scenario,compound_48_80,3427.749206174736
6.666666666666667,skin,10.000000000000052,0.915877590943,0.084122409057,0.3358217833457676,33.58217833457676,0.3052925303143344,30.52925303143344,0.04579387954715,4.579387954715,0.019607843137255002,1.9607843137255003,0.019607843137255002,0.024509803921568752,scenario,compound_48_80,3377.7417659490557
6.75,skin,10.000000000000018,0.917481331775,0.082518668225,0.3364098216508336,33.64098216508336,0.305827110591667,30.5827110591667,0.045874066588750005,4.587406658875,0.019607843137254936,1.9607843137254937,0.019607843137254936,0.024509803921568672,scenario,compound_48_80,3327.7343257233747
6.833333333333333,skin,10.000000000000005,0.919018580488,0.080981419512,0.33697347951226675,33.697347951226675,0.3063395268293334,30.63395268293334,0.045950929024400004,4.59509290244,0.019607843137254912,1.9607843137254912,0.019607843137254912,0.02450980392156864,scenario,compound_48_80,3277.7268854976955
6.916666666666667,skin,10.000000000000002,0.920488277511,0.079511722489,0.33751236842070004,33.75123684207001,0.30682942583700007,30.682942583700008,0.04602441387555001,4.602441387555,0.019607843137254905,1.9607843137254906,0.019607843137254905,0.02450980392156863,scenario,compound_48_80,3227.719445272018
7.0,skin,10.0,0.921893248051,0.078106751949,0.33802752428536664,33.802752428536664,0.3072977493503333,30.729774935033333,0.04609466240255,4.609466240255,0.0196078431372549,1.9607843137254901,0.0196078431372549,0.024509803921568627,scenario,compound_48_80,3177.7120050463336
7.083333333333333,skin,10.0,0.923236504161,0.076763495839,0.33852005152569997,33.852005152569994,0.30774550138699996,30.774550138699997,0.046161825208050004,4.616182520805,0.0196078431372549,1.9607843137254901,0.0196078431372549,0.024509803921568627,scenario,compound_48_80,3127.7045648206567
7.166666666666667,skin,10.0,0.924521057896,0.075478942104,0.3389910545618666,33.89910545618666,0.30817368596533334,30.817368596533335,0.0462260528948,4.62260528948,0.0196078431372549,1.9607843137254901,0.0196078431372549,0.024509803921568627,scenario,compound_48_80,3077.697124594976
7.25,skin,10.0,0.925749921309,0.074250078691,0.3394416378133,33.94416378133,0.30858330710299997,30.858330710299995,0.046287496065450004,4.628749606545,0.0196078431372549,1.9607843137254901,0.0196078431372549,0.024509803921568627,scenario,compound_48_80,3027.689684369298
7.333333333333333,skin,10.0,0.926926106455,0.073073893545,0.3398729057001666,33.98729057001666,0.3089753688183333,30.897536881833332,0.04634630532275,4.634630532275,0.0196078431372549,1.9607843137254901,0.0196078431372549,0.024509803921568627,scenario,compound_48_80,2977.682244143617
7.416666666666667,skin,10.0,0.928052625386,0.071947374614,0.3402859626415333,34.028596264153336,0.30935087512866666,30.935087512866666,0.0464026312693,4.64026312693,0.0196078431372549,1.9607843137254901,0.0196078431372549,0.024509803921568627,scenario,compound_48_80,2927.6748039179347
7.5,skin,10.0,0.929132490157,0.070867509843,0.3406819130575666,34.06819130575666,0.3097108300523333,30.97108300523333,0.04645662450785,4.645662450785,0.0196078431372549,1.9607843137254901,0.0196078431372549,0.024509803921568627,scenario,compound_48_80,2877.6673636922574
7.583333333333333,skin,10.0,0.930168437412,0.069831562588,0.34106176038439995,34.10617603844,0.310056145804,31.0056145804,0.0465084218706,4.65084218706,0.0196078431372549,1.9607843137254901,0.0196078431372549,0.024509803921568627,scenario,compound_48_80,2827.6599234665773
7.666666666666667,skin,10.0,0.931159689799,0.068840310201,0.3414252195929666,34.142521959296666,0.3103865632663333,31.03865632663333,0.04655798448995,4.655798448995,0.0196078431372549,1.9607843137254901,0.0196078431372549,0.024509803921568627,scenario,compound_48_80,2777.6524832408963
7.75,skin,10.0,0.932107275198,0.067892724802,0.34177266757259994,34.17726675725999,0.310702425066,31.0702425066,0.0466053637599,4.6605363759900005,0.0196078431372549,1.9607843137254901,0.0196078431372549,0.024509803921568627,scenario,compound_48_80,2727.6450430152177
7.833333333333333,skin,10.0,0.933013205667,0.066986794333,0.3421048420779,34.210484207789996,0.31100440188899997,31.1004401889,0.04665066028335,4.665066028335,0.0196078431372549,1.9607843137254901,0.0196078431372549,0.024509803921568627,scenario,compound_48_80,2677.637602789537
7.916666666666667,skin,10.0,0.933879493265,0.066120506735,0.3424224808638333,34.242248086383334,0.31129316442166666,31.129316442166665,0.04669397466325,4.669397466325,0.0196078431372549,1.9607843137254901,0.0196078431372549,0.024509803921568627,scenario,compound_48_80,2627.6301625638575
8.0,skin,10.0,0.934708150049,0.065291849951,0.34272632168463335,34.27263216846333,0.31156938334966666,31.156938334966668,0.046735407502450005,4.673540750245,0.0196078431372549,1.9607843137254901,0.0196078431372549,0.024509803921568627,scenario,compound_48_80,2577.622722338177
8.083333333333334,skin,10.0,0.935501188077,0.064498811923,0.3430171022949,34.30171022949,0.311833729359,31.1833729359,0.04677505940385,4.677505940385,0.0196078431372549,1.9607843137254901,0.0196078431372549,0.024509803921568627,scenario,compound_48_80,2555.078911434778
8.166666666666666,skin,10.0,0.936260619408,0.063739380592,0.34329556044959997,34.32955604496,0.312086873136,31.2086873136,0.0468130309704,4.68130309704,0.0196078431372549,1.9607843137254901,0.0196078431372549,0.024509803921568627,scenario,compound_48_80,2532.53510053138
8.25,skin,10.0,0.9369884561,0.0630115439,0.3435624339033333,34.35624339033333,0.31232948536666666,31.232948536666665,0.046849422805000006,4.6849422805000005,0.0196078431372549,1.9607843137254901,0.0196078431372549,0.024509803921568627,scenario,compound_48_80,2509.9912896279825
8.333333333333334,skin,10.0,0.93768671021,0.06231328979,0.34381846041033337,34.381846041033334,0.31256223673666667,31.256223673666668,0.0468843355105,4.68843355105,0.0196078431372549,1.9607843137254901,0.0196078431372549,0.024509803921568627,scenario,compound_48_80,2487.4474787245845
8.416666666666666,skin,10.0,0.938355937833,0.061644062167,0.34406384387209993,34.40638438720999,0.31278531261099995,31.278531261099996,0.04691779689165,4.691779689165,0.0196078431372549,1.9607843137254901,0.0196078431372549,0.024509803921568627,scenario,compound_48_80,2464.9036678211855
8.5,skin,10.0,0.938995723378,0.061004276622,0.34429843190526666,34.42984319052667,0.3129985744593333,31.299857445933334,0.0469497861689,4.694978616889999,0.0196078431372549,1.9607843137254901,0.0196078431372549,0.024509803921568627,scenario,compound_48_80,2442.3598569177884
8.583333333333334,skin,10.0,0.939607375155,0.060392624845,0.3445227042235,34.452270422350004,0.313202458385,31.3202458385,0.04698036875775,4.698036875775,0.0196078431372549,1.9607843137254901,0.0196078431372549,0.024509803921568627,scenario,compound_48_80,2419.8160460143895
8.666666666666666,skin,10.0,0.940192212978,0.059807787022,0.3447371447586,34.47371447586,0.313397404326,31.3397404326,0.0470096106489,4.70096106489,0.0196078431372549,1.9607843137254901,0.0196078431372549,0.024509803921568627,scenario,compound_48_80,2397.2722351109924
8.75,skin,10.0,0.940751556665,0.059248443335,0.3449422374438333,34.494223744383326,0.3135838522216666,31.358385222166664,0.04703757783325,4.703757783325,0.0196078431372549,1.9607843137254901,0.0196078431372549,0.024509803921568627,scenario,compound_48_80,2374.728424207594
8.833333333333334,skin,10.0,0.941286726034,0.058713273966,0.3451384662124666,34.51384662124666,0.3137622420113333,31.37622420113333,0.047064336301700004,4.70643363017,0.0196078431372549,1.9607843137254901,0.0196078431372549,0.024509803921568627,scenario,compound_48_80,2352.184613304196
8.916666666666666,skin,10.0,0.9417990409,0.0582009591,0.3453263149966666,34.532631499666664,0.3139330136333333,31.393301363333332,0.047089952045,4.7089952045,0.0196078431372549,1.9607843137254901,0.0196078431372549,0.024509803921568627,scenario,compound_48_80,2329.640802400798
9.0,skin,10.0,0.94228982108,0.05771017892,0.3455062677293333,34.55062677293333,0.31409660702666664,31.409660702666663,0.04711449105400001,4.711449105400001,0.0196078431372549,1.9607843137254901,0.0196078431372549,0.024509803921568627,scenario,compound_48_80,2307.096991497399
9.083333333333334,skin,10.0,0.942760386392,0.057239613608,0.34567880834373327,34.56788083437333,0.3142534621306666,31.425346213066664,0.0471380193196,4.71380193196,0.0196078431372549,1.9607843137254901,0.0196078431372549,0.024509803921568627,scenario,compound_48_80,2284.5531805940013
9.166666666666666,skin,10.0,0.943211792585,0.056788207415,0.3458443239478333,34.584432394783335,0.3144039308616666,31.44039308616666,0.04716058962925,4.7160589629250005,0.0196078431372549,1.9607843137254901,0.0196078431372549,0.024509803921568627,scenario,compound_48_80,2262.0093696906033
9.25,skin,10.0,0.94364356811,0.05635643189,0.34600264164033334,34.600264164033334,0.3145478560366667,31.454785603666668,0.04718217840550001,4.71821784055,0.0196078431372549,1.9607843137254901,0.0196078431372549,0.024509803921568627,scenario,compound_48_80,2239.465558787205
9.333333333333334,skin,10.0,0.944056329032,0.055943670968,0.3461539873117333,34.61539873117333,0.31468544301066664,31.468544301066665,0.0472028164516,4.72028164516,0.0196078431372549,1.9607843137254901,0.0196078431372549,0.024509803921568627,scenario,compound_48_80,2216.921747883808
9.416666666666666,skin,10.0,0.944450950471,0.055549049529,0.34629868183936663,34.629868183936665,0.3148169834903333,31.481698349033334,0.047222547523550006,4.722254752355001,0.0196078431372549,1.9607843137254901,0.0196078431372549,0.024509803921568627,scenario,compound_48_80,2194.3779369804097
9.5,skin,10.0,0.944828307546,0.055171692454,0.3464370461002,34.643704610019995,0.314942769182,31.494276918199997,0.047241415377300006,4.7241415377300005,0.0196078431372549,1.9607843137254901,0.0196078431372549,0.024509803921568627,scenario,compound_48_80,2171.8341260770108
9.583333333333334,skin,10.0,0.945189275377,0.054810724623,0.34656940097156663,34.656940097156664,0.3150630917923333,31.506309179233334,0.047259463768850006,4.725946376885001,0.0196078431372549,1.9607843137254901,0.0196078431372549,0.024509803921568627,scenario,compound_48_80,2149.290315173613
9.666666666666666,skin,10.0,0.945534729083,0.054465270917,0.34669606733043323,34.669606733043324,0.3151782430276666,31.517824302766662,0.04727673645415,4.727673645415,0.0196078431372549,1.9607843137254901,0.0196078431372549,0.024509803921568627,scenario,compound_48_80,2126.7465042702142
9.75,skin,10.0,0.945865543784,0.054134456216,0.3468173660541333,34.681736605413334,0.31528851459466667,31.528851459466665,0.047293277189200005,4.7293277189200005,0.0196078431372549,1.9607843137254901,0.0196078431372549,0.024509803921568627,scenario,compound_48_80,2104.2026933668176
9.833333333333334,skin,10.0,0.9461825946,0.0538174054,0.34693361801999995,34.69336180199999,0.3153941982,31.53941982,0.04730912973,4.730912973000001,0.0196078431372549,1.9607843137254901,0.0196078431372549,0.024509803921568627,scenario,compound_48_80,2081.6588824634196
9.916666666666666,skin,10.0,0.946486752787,0.053513247213,0.3470451426885666,34.70451426885666,0.3154955842623333,31.549558426233332,0.047324337639350005,4.732433763935,0.0196078431372549,1.9607843137254901,0.0196078431372549,0.024509803921568627,scenario,compound_48_80,2059.11507156002
10.0,skin,10.0,0.946777981146,0.053222018854,0.34715192642019993,34.71519264201999,0.31559266038199996,31.559266038199997,0.0473388990573,4.73388990573,0.0196078431372549,1.9607843137254901,0.0196078431372549,0.024509803921568627,scenario,compound_48_80,2036.5712606566224
10.083333333333334,skin,10.0,0.947056263458,0.052943736542,0.3472539632679333,34.72539632679333,0.3156854211526666,31.568542115266663,0.0473528131729,4.73528131729,0.0196078431372549,1.9607843137254901,0.0196078431372549,0.024509803921568627,scenario,compound_48_80,2014.0274497532243
10.166666666666666,skin,10.0,0.94732219812,0.05267780188,0.34735147264399996,34.7351472644,0.31577406603999997,31.577406603999997,0.047366109906,4.7366109906,0.0196078431372549,1.9607843137254901,0.0196078431372549,0.024509803921568627,scenario,compound_48_80,1991.4836388498268
10.25,skin,10.0,0.94757638353,0.05242361647,0.347444673961,34.7444673961,0.31585879451,31.585879450999997,0.0473788191765,4.73788191765,0.0196078431372549,1.9607843137254901,0.0196078431372549,0.024509803921568627,scenario,compound_48_80,1968.939827946428
10.333333333333334,skin,10.0,0.947819418086,0.052180581914,0.34753378663153334,34.753378663153335,0.31593980602866667,31.593980602866665,0.0473909709043,4.7390970904300005,0.0196078431372549,1.9607843137254901,0.0196078431372549,0.024509803921568627,scenario,compound_48_80,1946.3960170430291
10.416666666666666,skin,10.0,0.948051900184,0.051948099816,0.3476190300674667,34.76190300674667,0.31601730006133333,31.601730006133334,0.0474025950092,4.74025950092,0.0196078431372549,1.9607843137254901,0.0196078431372549,0.024509803921568627,scenario,compound_48_80,1923.8522061396327
10.5,skin,10.0,0.948274428223,0.051725571777,0.34770062368176663,34.77006236817666,0.3160914760743333,31.60914760743333,0.04741372141115,4.741372141115,0.0196078431372549,1.9607843137254901,0.0196078431372549,0.024509803921568627,scenario,compound_48_80,1901.308395236233
10.583333333333334,skin,10.0,0.948487600599,0.051512399401,0.34777878688629993,34.77787868862999,0.31616253353299995,31.616253353299996,0.04742438002995,4.742438002995001,0.0196078431372549,1.9607843137254901,0.0196078431372549,0.024509803921568627,scenario,compound_48_80,1878.764584332835
10.666666666666666,skin,10.0,0.948692015711,0.051307984289,0.34785373909403333,34.78537390940333,0.31623067190366666,31.623067190366665,0.04743460078555001,4.7434600785550005,0.0196078431372549,1.9607843137254901,0.0196078431372549,0.024509803921568627,scenario,compound_48_80,1856.2207734294375
10.75,skin,10.0,0.948888271955,0.051111728045,0.3479256997168333,34.79256997168333,0.31629609065166664,31.629609065166665,0.04744441359775001,4.744441359775001,0.0196078431372549,1.9607843137254901,0.0196078431372549,0.024509803921568627,scenario,compound_48_80,1833.6769625260397
10.833333333333334,skin,10.0,0.949076952493,0.050923047507,0.3479948825807666,34.799488258076664,0.3163589841643333,31.635898416433328,0.04745384762465,4.745384762465,0.0196078431372549,1.9607843137254901,0.0196078431372549,0.024509803921568627,scenario,compound_48_80,1811.1331516226412
10.916666666666666,skin,10.0,0.949257754553,0.050742245447,0.3480611766694333,34.80611766694333,0.31641925151766664,31.641925151766664,0.047462887727650005,4.746288772765,0.0196078431372549,1.9607843137254901,0.0196078431372549,0.024509803921568627,scenario,compound_48_80,1788.5893407192432
11.0,skin,10.0,0.949430573835,0.050569426165,0.34812454373949997,34.81245437395,0.31647685794499997,31.647685794499996,0.04747152869175,4.747152869175,0.0196078431372549,1.9607843137254901,0.0196078431372549,0.024509803921568627,scenario,compound_48_80,1766.0455298158456
11.083333333333334,skin,10.0,0.94959576382,0.05040423618,0.34818511340066666,34.818511340066664,0.3165319212733333,31.65319212733333,0.047479788191,4.7479788191,0.0196078431372549,1.9607843137254901,0.0196078431372549,0.024509803921568627,scenario,compound_48_80,1743.501718912447
11.166666666666666,skin,10.0,0.949753677986,0.050246322014,0.34824301526153334,34.824301526153334,0.31658455932866664,31.658455932866662,0.0474876838993,4.7487683899299995,0.0196078431372549,1.9607843137254901,0.0196078431372549,0.024509803921568627,scenario,compound_48_80,1720.9579080090493
11.25,skin,10.0,0.949904669815,0.050095330185,0.3482983789321667,34.82983789321667,0.31663488993833333,31.663488993833333,0.04749523349075,4.749523349075,0.0196078431372549,1.9607843137254901,0.0196078431372549,0.024509803921568627,scenario,compound_48_80,1698.414097105651
11.333333333333334,skin,10.0,0.950049092786,0.049950907214,0.3483513340215333,34.83513340215333,0.3166830309286667,31.66830309286667,0.0475024546393,4.75024546393,0.0196078431372549,1.9607843137254901,0.0196078431372549,0.024509803921568627,scenario,compound_48_80,1675.870286202253
11.416666666666666,skin,10.0,0.95018730038,0.04981269962,0.3484020101393333,34.84020101393333,0.31672910012666666,31.672910012666666,0.047509365019,4.7509365019,0.0196078431372549,1.9607843137254901,0.0196078431372549,0.024509803921568627,scenario,compound_48_80,1653.3264752988546
11.5,skin,10.0,0.950319646076,0.049680353924,0.3484505368945333,34.84505368945333,0.31677321535866665,31.677321535866664,0.0475159823038,4.75159823038,0.0196078431372549,1.9607843137254901,0.0196078431372549,0.024509803921568627,scenario,compound_48_80,1630.7826643954563
11.583333333333334,skin,10.0,0.950446483353,0.049553516647,0.3484970438961,34.84970438961,0.316815494451,31.6815494451,0.04752232416765,4.7522324167650005,0.0196078431372549,1.9607843137254901,0.0196078431372549,0.024509803921568627,scenario,compound_48_80,1608.2388534920588
11.666666666666666,skin,10.0,0.950568165694,0.049431834306,0.34854166075446663,34.85416607544666,0.3168560552313333,31.685605523133333,0.04752840828470001,4.752840828470001,0.0196078431372549,1.9607843137254901,0.0196078431372549,0.024509803921568627,scenario,compound_48_80,1585.6950425886603
11.75,skin,10.0,0.950685030402,0.049314969598,0.34858451114739997,34.85845111474,0.316895010134,31.6895010134,0.047534251520100004,4.75342515201,0.0196078431372549,1.9607843137254901,0.0196078431372549,0.024509803921568627,scenario,compound_48_80,1563.1512316852618
11.833333333333334,skin,10.0,0.950796922498,0.049203077502,0.3486255382492667,34.862553824926664,0.3169323074993333,31.69323074993333,0.047539846124900004,4.75398461249,0.0196078431372549,1.9607843137254901,0.0196078431372549,0.024509803921568627,scenario,compound_48_80,1540.6074207818635
11.916666666666666,skin,10.0,0.950903684342,0.049096315658,0.34866468425873337,34.866468425873336,0.31696789478066667,31.696789478066666,0.0475451842171,4.75451842171,0.0196078431372549,1.9607843137254901,0.0196078431372549,0.024509803921568627,scenario,compound_48_80,1518.0636098784655
12.0,skin,10.0,0.951005305194,0.048994694806,0.3487019452378,34.87019452378,0.317001768398,31.700176839799997,0.0475502652597,4.75502652597,0.0196078431372549,1.9607843137254901,0.0196078431372549,0.024509803921568627,scenario,compound_48_80,1495.519798975068
0.0,spinal_coord,3.298609869433399,0.988660589067,0.011339410933,0.3521458390835217,35.21458390835217,0.13997425575569558,13.997425575569558,0.24716514726675,24.716514726675,0.006553981681549111,0.6553981681549111,0.006553981681549111,0.009175574354168754,scenario,compound_48_80,0.001
0.08333333333333333,spinal_coord,3.4234610085685535,0.988634877328,0.011365122672,0.35552932753349265,35.55293275334927,0.14449414426865687,14.449414426865687,0.247158719332,24.715871933200003,0.00680036047924728,0.680036047924728,0.00680036047924728,0.009520504670946192,scenario,compound_48_80,50.36694773938214
0.16666666666666666,spinal_coord,3.5542325100494567,0.988589946888,0.011410053112,0.35902796914182444,35.902796914182446,0.14917397655976597,14.917397655976597,0.247147486722,24.7147486722,0.007058291402562135,0.7058291402562135,0.007058291402562135,0.009881607963586989,scenario,compound_48_80,100.73289547876433
0.25,spinal_coord,3.690401772892755,0.988523467985,0.011476532015,0.3626222206392729,36.26222206392729,0.15398847152403053,15.398847152403054,0.24713086699625,24.713086699625002,0.007326726417464488,0.7326726417464487,0.007326726417464488,0.010257416984450282,scenario,compound_48_80,151.0988432181464
0.3333333333333333,spinal_coord,3.8313334470864566,0.988430799728,0.011569200272,0.3662892805033325,36.62892805033325,0.15890877409511,15.890877409511,0.247107699932,24.7107699932,0.007604396933540125,0.7604396933540125,0.007604396933540125,0.010646155706956173,scenario,compound_48_80,201.46479095752866
0.4166666666666667,spinal_coord,3.976279894126553,0.988312780512,0.011687219488,0.37000619695766007,37.000619695766005,0.16390400243954678,16.390400243954677,0.247078195128,24.7078195128,0.007889815558307377,0.7889815558307377,0.007889815558307377,0.011045741781630328,scenario,compound_48_80,251.83073869691086
0.5,spinal_coord,4.124383964141381,0.988170411122,0.011829588878,0.37374824851414523,37.37482485141452,0.1689408609781936,16.89408609781936,0.2470426027805,24.70426027805,0.008181282428176992,0.8181282428176992,0.008181282428176992,0.011453795399447788,scenario,compound_48_80,302.1966864362928
0.5833333333333334,spinal_coord,4.2746842148746875,0.988004430335,0.011995569665,0.37748911636260335,37.74891163626034,0.17398401170513783,17.398401170513782,0.24700110758375,24.700110758375,0.008476896319969172,0.8476896319969172,0.008476896319969172,0.01186765484795684,scenario,compound_48_80,352.5626341756752
0.6666666666666666,spinal_coord,4.426122638850533,0.987816377809,0.012183622191,0.3812016528191363,38.12016528191363,0.1789967444891817,17.89967444891817,0.24695409445225,24.695409445225,0.008774570626310454,0.8774570626310454,0.008774570626310454,0.012284398876834635,scenario,compound_48_80,402.9285819150573
0.75,spinal_coord,4.577554899300781,0.987607719215,0.012392280785,0.3848579400395925,38.48579400395925,0.18394134698112335,18.394134698112335,0.24690192980375,24.690192980375,0.009072054146788851,0.9072054146788852,0.009072054146788851,0.012700875805504391,scenario,compound_48_80,453.29452965443954
0.8333333333333334,spinal_coord,4.7277630047613926,0.987379830158,0.012620169842,0.38842967645755555,38.84296764575556,0.18877962522407407,18.877962522407408,0.2468449575395,24.68449575395,0.009366956508625408,0.9366956508625408,0.009366956508625408,0.01311373911207557,scenario,compound_48_80,503.6604773938218
0.9166666666666666,spinal_coord,4.875470278836703,0.987134086242,0.012865913758,0.39188860434140826,39.18886043414083,0.19347344370787772,19.347344370787773,0.2467835215605,24.67835215605,0.009656777890484636,0.9656777890484636,0.009656777890484636,0.01351948904667849,scenario,compound_48_80,554.0264251332036
1.0,spinal_coord,5.019358407956029,0.986872084868,0.013127915132,0.39520698172479973,39.520698172479975,0.19798528067706625,19.798528067706624,0.246718021217,24.6718021217,0.00993894258584317,0.993894258584317,0.00993894258584317,0.013914519620180437,scenario,compound_48_80,604.3923728725858
1.0833333333333333,spinal_coord,5.158086278643152,0.986596774512,0.013403225488,0.39835840638767583,39.835840638767586,0.2022789503462344,20.22789503462344,0.246649193628,24.6649193628,0.010210835813084407,1.0210835813084407,0.010210835813084407,0.014295170138318169,scenario,compound_48_80,668.9162353253363
1.1666666666666667,spinal_coord,5.290310249594659,0.986310381222,0.013689618778,0.4013173316184617,40.13173316184617,0.20631964841728234,20.631964841728234,0.2465775953055,24.65775953055,0.010469843063053083,1.0469843063053084,0.010469843063053083,0.014657780288274315,scenario,compound_48_80,733.4400977780862
1.25,spinal_coord,5.414705445380591,0.986014938141,0.013985061859,0.40405957753683885,40.405957753683886,0.2100744573354518,21.00744573354518,0.24650373453525,24.650373453525003,0.01071339117568622,1.071339117568622,0.01071339117568622,0.014998747645960707,scenario,compound_48_80,797.9639602308364
1.3333333333333333,spinal_coord,5.529987610338381,0.985712478413,0.014287521587,0.4065626800712441,40.65626800712441,0.2135127472906588,21.35127472906588,0.24642811960325,24.642811960325,0.010938990259467823,1.0938990259467822,0.010938990259467823,0.015314586363254952,scenario,compound_48_80,862.4878226835871
1.4166666666666667,spinal_coord,5.63493502544428,0.985405201998,0.014594798002,0.4088061969566822,40.880619695668216,0.2166065286095763,21.66065286095763,0.2463513004995,24.63513004995,0.011144275514034097,1.1144275514034097,0.011144275514034097,0.015601985719647734,scenario,compound_48_80,927.0116851363371
1.5,spinal_coord,5.72840996943811,0.985096547373,0.014903452627,0.41077235757085395,41.0772357570854,0.2193309609701386,21.93309609701386,0.24627413684325,24.627413684325,0.011327047989620132,1.1327047989620131,0.011327047989620132,0.015857867185468184,scenario,compound_48_80,991.535547589087
1.5833333333333333,spinal_coord,5.809379199580706,0.984789350311,0.015210649689,0.41244546941265664,41.24454694126566,0.22166417577987552,22.166417577987552,0.24619733757775,24.619733757775002,0.011485313318574226,1.1485313318574226,0.011485313318574226,0.016079438646003915,scenario,compound_48_80,1056.059410041837
1.6666666666666667,spinal_coord,5.8769329379053765,0.984486240777,0.015513759223,0.41381221047013217,41.38122104701322,0.22358753370117618,22.35875337011762,0.24612156019425,24.612156019425,0.011617317484264002,1.1617317484264003,0.011617317484264002,0.016264244477969602,scenario,compound_48_80,1120.5832724945885
1.75,spinal_coord,5.930301875831601,0.984189848734,0.015810151266,0.4148618169315724,41.48618169315724,0.22508580633076328,22.508580633076328,0.2460474621835,24.604746218349998,0.011721578750756563,1.1721578750756563,0.011721578750756563,0.016410210251059185,scenario,compound_48_80,1185.107134947338
1.8333333333333333,spinal_coord,5.968871753040974,0.983902795594,0.016097204406,0.41558615580075353,41.558615580075355,0.22614727586967137,22.61472758696714,0.2459756988985,24.59756988985,0.011796914961113118,1.1796914961113119,0.011796914961113118,0.016515680945558366,scenario,compound_48_80,1249.6309974000885
1.9166666666666667,spinal_coord,5.992195124429902,0.983627624532,0.016372375468,0.4159797480310877,41.59797480310877,0.22676378919745024,22.676378919745023,0.245906906133,24.5906906133,0.011842465520552832,1.1842465520552832,0.011842465520552832,0.016579451728773963,scenario,compound_48_80,1314.154859852839
2.0,spinal_coord,6.0,0.98336691286,0.01663308714,0.41603984774846153,41.603984774846154,0.2269308260446154,22.69308260446154,0.245841728215,24.5841728215,0.011857707509881422,1.185770750988142,0.011857707509881422,0.01660079051383399,scenario,compound_48_80,1378.678722305589
2.0833333333333335,spinal_coord,5.992195124429902,0.983123252937,0.016876747063,0.4157664474244664,41.57664474244664,0.22664751225362184,22.664751225362185,0.24578081323425,24.578081323425,0.011842465520552832,1.1842465520552832,0.011842465520552832,0.016579451728773963,scenario,compound_48_80,1354.2978765554544
2.1666666666666665,spinal_coord,5.968871753040974,0.982899237119,0.017100762881,0.41516226737334566,41.51622673733456,0.22591661079146091,22.591661079146093,0.24572480927975,24.572480927975,0.011796914961113118,1.1796914961113119,0.011796914961113118,0.016515680945558366,scenario,compound_48_80,1329.917030805321
2.25,spinal_coord,5.930301875831601,0.982697226128,0.017302773872,0.4142326373813924,41.42326373813924,0.22474444113252312,22.47444411325231,0.245674306532,24.567430653200002,0.011721578750756563,1.1721578750756563,0.011721578750756563,0.016410210251059185,scenario,compound_48_80,1305.5361850551867
2.3333333333333335,spinal_coord,5.8769329379053765,0.982517074906,0.017482925094,0.41298450476119536,41.298450476119534,0.22314031471292714,22.314031471292715,0.2456292687265,24.56292687265,0.011617317484264002,1.1617317484264003,0.011617317484264002,0.016264244477969602,scenario,compound_48_80,1281.155339305053
2.4166666666666665,spinal_coord,5.809379199580706,0.982359943773,0.017640056227,0.4114279952496357,41.14279952496357,0.22111734574184763,22.111734574184762,0.24558998594325,24.558998594324997,0.011485313318574226,1.1485313318574226,0.011485313318574226,0.016079438646003915,scenario,compound_48_80,1256.774493554919
2.5,spinal_coord,5.72840996943811,0.982227611814,0.017772388186,0.409576049019746,40.9576049019746,0.2186921947549946,21.86921947549946,0.2455569029535,24.55569029535,0.011327047989620132,1.1327047989620131,0.011327047989620132,0.015857867185468184,scenario,compound_48_80,1232.3936478047847
2.5833333333333335,spinal_coord,5.63493502544428,0.982121858114,0.017878141886,0.40744406559813295,40.74440655981329,0.21588480142617733,21.588480142617733,0.2455304645285,24.55304645285,0.011144275514034097,1.1144275514034097,0.011144275514034097,0.015601985719647734,scenario,compound_48_80,1208.0128020546513
2.6666666666666665,spinal_coord,5.529987610338382,0.982044461756,0.017955538244,0.40504978588021506,40.50497858802151,0.21271822725495343,21.271822725495344,0.245511115439,24.5511115439,0.010938990259467825,1.0938990259467825,0.010938990259467825,0.015314586363254954,scenario,compound_48_80,1183.631956304517
2.75,spinal_coord,5.414705445380591,0.981997201825,0.018002798175,0.4024131472692021,40.24131472692021,0.20921846241726938,20.92184624172694,0.24549930045625,24.549930045625,0.01071339117568622,1.071339117568622,0.01071339117568622,0.014998747645960707,scenario,compound_48_80,1159.2511105543838
2.8333333333333335,spinal_coord,5.290310249594658,0.981981857406,0.018018142594,0.3995561095318282,39.95561095318282,0.20541419357377097,20.541419357377098,0.2454954643515,24.54954643515,0.010469843063053081,1.0469843063053081,0.010469843063053081,0.014657780288274313,scenario,compound_48_80,1134.8702648042495
2.9166666666666665,spinal_coord,5.158086278643152,0.981999915587,0.018000084413,0.39650233160306303,39.6502331603063,0.20133647027508408,20.13364702750841,0.24549997889675,24.549997889674998,0.010210835813084407,1.0210835813084407,0.010210835813084407,0.014295170138318169,scenario,compound_48_80,1110.4894190541156
3.0,spinal_coord,5.019358407956029,0.982047422632,0.017952577368,0.3932748770180522,39.32748770180522,0.1970173618134029,19.70173618134029,0.245511855658,24.551185565799997,0.00993894258584317,0.993894258584317,0.00993894258584317,0.013914519620180437,scenario,compound_48_80,1086.108573303981
3.0833333333333335,spinal_coord,4.875470278836703,0.982121969945,0.017878030055,0.38989881259193504,38.9898812591935,0.1924910934742467,19.24910934742467,0.24553049248625,24.553049248625,0.009656777890484636,0.9656777890484636,0.009656777890484636,0.01351948904667849,scenario,compound_48_80,1061.7277275538472
3.1666666666666665,spinal_coord,4.7277630047613926,0.982222742995,0.017777257005,0.3864009073486434,38.640090734864344,0.18779362879985784,18.779362879985783,0.24555568574875,24.555568574875,0.009366956508625408,0.9366956508625408,0.009366956508625408,0.01311373911207557,scenario,compound_48_80,1037.3468818037134
3.25,spinal_coord,4.577554899300781,0.982348927256,0.017651072744,0.38280865690717003,38.280865690717,0.18296190012422675,18.296190012422674,0.245587231814,24.558723181399998,0.009072054146788851,0.9072054146788852,0.009072054146788851,0.012700875805504391,scenario,compound_48_80,1012.9660360535796
3.3333333333333335,spinal_coord,4.426122638850533,0.982499708196,0.017500291804,0.3791499321861334,37.91499321861334,0.17803334018284456,17.803334018284456,0.245624927049,24.5624927049,0.008774570626310454,0.8774570626310454,0.008774570626310454,0.012284398876834635,scenario,compound_48_80,988.5851903034454
3.4166666666666665,spinal_coord,4.2746842148746875,0.982673364572,0.017326635428,0.3754522638522726,37.54522638522726,0.1730452302790301,17.30452302790301,0.245668341143,24.5668341143,0.008476896319969172,0.8476896319969172,0.008476896319969172,0.01186765484795684,scenario,compound_48_80,964.2043445533114
3.5,spinal_coord,4.124383964141381,0.982867702817,0.017132297183,0.3717426451090353,37.174264510903534,0.16803429253971372,16.803429253971373,0.24571692570425,24.571692570425,0.008181282428176992,0.8181282428176992,0.008181282428176992,0.011453795399447788,scenario,compound_48_80,939.8234988031777
3.5833333333333335,spinal_coord,3.976279894126553,0.983081279318,0.016918720682,0.3680476187632462,36.80476187632462,0.16303639857832822,16.30363985783282,0.2457703198295,24.57703198295,0.007889815558307377,0.7889815558307377,0.007889815558307377,0.011045741781630328,scenario,compound_48_80,915.4426530530436
3.6666666666666665,spinal_coord,3.8313334470864575,0.983312650684,0.016687349316,0.3643926144632299,36.43926144632299,0.15808593572297322,15.808593572297323,0.245828162671,24.5828162671,0.0076043969335401265,0.7604396933540126,0.0076043969335401265,0.010646155706956177,scenario,compound_48_80,891.0618073029102
3.75,spinal_coord,3.690401772892755,0.98356037352,0.01643962648,0.36080159786760585,36.08015978676058,0.15321533931680778,15.321533931680777,0.24589009338,24.589009338,0.007326726417464488,0.7326726417464487,0.007326726417464488,0.010257416984450282,scenario,compound_48_80,866.6809615527761
3.8333333333333335,spinal_coord,3.554232510049456,0.983822700765,0.016177299235,0.3572966398891573,35.729663988915725,0.14845461959720965,14.845461959720966,0.24595567519125,24.595567519125,0.007058291402562133,0.7058291402562133,0.007058291402562133,0.009881607963586987,scenario,compound_48_80,842.3001158026415
3.9166666666666665,spinal_coord,3.4234610085685535,0.984097036756,0.015902963244,0.3538974455879783,35.38974455879783,0.14383091519863772,14.383091519863772,0.246024259189,24.6024259189,0.00680036047924728,0.680036047924728,0.00680036047924728,0.009520504670946192,scenario,compound_48_80,817.9192700525077
4.0,spinal_coord,3.298609869433399,0.98438142488,0.01561857512,0.35062166599533445,35.06216659953345,0.13936841303377925,13.936841303377925,0.24609535622,24.609535622,0.006553981681549111,0.6553981681549111,0.006553981681549111,0.009175574354168754,scenario,compound_48_80,793.538424302374
4.083333333333333,spinal_coord,3.1800906246977716,0.984673967245,0.015326032755,0.347484503760425,34.7484503760425,0.13508801593223332,13.508801593223332,0.24616849181125,24.616849181125,0.006319984999306493,0.6319984999306494,0.006319984999306493,0.00884797899902909,scenario,compound_48_80,780.4596049707553
4.166666666666667,spinal_coord,3.068207340905373,0.984972765961,0.015027234039,0.3444985725798713,34.449857257987134,0.13100717478616175,13.100717478616176,0.24624319149025,24.624319149025002,0.006098988757654079,0.6098988757654079,0.006098988757654079,0.00853858426071571,scenario,compound_48_80,767.3807856391365
4.25,spinal_coord,2.963161897088994,0.985275953005,0.014724046995,0.3416738497184953,34.16738497184953,0.1271398152896604,12.71398152896604,0.24631898825125,24.631898825125003,0.0058914093945021066,0.5891409394502106,0.0058914093945021066,0.008247973152302948,scenario,compound_48_80,754.3019663075177
4.333333333333333,spinal_coord,2.8650606673195496,0.985581983973,0.014418016027,0.33901777954361884,33.90177795436188,0.12349637806715844,12.349637806715844,0.24639549599325,24.639549599325,0.005697474116649731,0.5697474116649731,0.005697474116649731,0.007976463763309623,scenario,compound_48_80,741.2231469758992
4.416666666666667,spinal_coord,2.7739223264281865,0.985889181445,0.014110818555,0.33653517427365953,33.653517427365955,0.12008383854987936,12.008383854987937,0.24647229536125,24.647229536125,0.005517235885251832,0.5517235885251831,0.005517235885251832,0.007724130239352564,scenario,compound_48_80,728.1443276442803
4.5,spinal_coord,2.6896864955750113,0.986195797356,0.013804202644,0.3342283511233274,33.42283511233274,0.1169058690457698,11.69058690457698,0.246548949339,24.6548949339,0.005350590170897981,0.5350590170897981,0.005350590170897981,0.007490826239257173,scenario,compound_48_80,715.0655083126624
4.583333333333333,spinal_coord,2.6122229509454327,0.986500083643,0.013499916357,0.33209731719467495,33.20973171946749,0.11396306171189989,11.39630617118999,0.24662502091075,24.662502091075,0.005197292926161853,0.5197292926161853,0.005197292926161853,0.007276210096626594,scenario,compound_48_80,701.9866889810432
4.666666666666667,spinal_coord,2.5413411329464504,0.986800299142,0.013199700858,0.330139970023633,33.0139970023633,0.11125319365084399,11.1253193650844,0.2467000747855,24.670007478549998,0.005056979247154401,0.5056979247154401,0.005056979247154401,0.00707977094601616,scenario,compound_48_80,688.9078696494248
4.75,spinal_coord,2.476799713610589,0.987096155774,0.012903844226,0.3283528059525343,32.83528059525343,0.10877168934537908,10.877168934537908,0.2467740389435,24.67740389435,0.00492918223293544,0.492918223293544,0.00492918223293544,0.006900855126109615,scenario,compound_48_80,675.8290503178064
4.833333333333333,spinal_coord,2.4183160051560058,0.987387409306,0.012612590694,0.32673068842724845,32.673068842724845,0.10651178146766459,10.651178146766458,0.2468468523265,24.68468523265,0.004813351599887111,0.48133515998871107,0.004813351599887111,0.006738692239841955,scenario,compound_48_80,662.7502309861876
4.916666666666667,spinal_coord,2.3655750214241884,0.987672889739,0.012327110261,0.3252667887604431,32.526678876044315,0.10446475510092419,10.44647551009242,0.24691822243475,24.691822243475002,0.004708871664471246,0.47088716644712464,0.004708871664471246,0.006592420330259744,scenario,compound_48_80,649.6714116545687
5.0,spinal_coord,2.318238034872911,0.987951427077,0.012048572923,0.32395315879975306,32.39531587997531,0.10262040270733738,10.262040270733738,0.24698785676925,24.698785676925,0.004615078369326437,0.46150783693264374,0.004615078369326437,0.006461109717057012,scenario,compound_48_80,636.5925923229502
5.083333333333333,spinal_coord,2.2759505036689576,0.988221851323,0.011778148677,0.32278098641339603,32.278098641339604,0.10096736477686133,10.096736477686132,0.24705546283075,24.705546283075,0.004531275091683555,0.45312750916835554,0.004531275091683555,0.006343785128356977,scenario,compound_48_80,623.5137729913314
5.166666666666667,spinal_coord,2.238349275047944,0.98848299248,0.01151700752,0.32174083892291977,32.174083892291975,0.09949345440389303,9.949345440389303,0.24712074812,24.712074812,0.004456747037096772,0.4456747037096772,0.004456747037096772,0.006239445851935481,scenario,compound_48_80,610.4349536597127
5.25,spinal_coord,2.205069001482631,0.98873368055,0.01126631945,0.3208228892230406,32.08228892230406,0.09818595878072081,9.818595878072081,0.2471834201375,24.71834201375,0.004390774083317986,0.43907740833179865,0.004390774083317986,0.00614708371664518,scenario,compound_48_80,597.3561343280943
5.333333333333333,spinal_coord,2.17574773449363,0.988972745538,0.011027254462,0.3200171206507592,32.00171206507592,0.0970319123550123,9.70319123550123,0.2472431863845,24.72431863845,0.004332641996968706,0.43326419969687063,0.004332641996968706,0.006065698795756189,scenario,compound_48_80,584.277314996476
5.416666666666667,spinal_coord,2.150031686497175,0.989200757924,0.010799242076,0.3193140697751355,31.93140697751355,0.09601850705884735,9.601850705884734,0.247300189481,24.7300189481,0.004281651998061577,0.4281651998061577,0.004281651998061577,0.0059943127972862074,scenario,compound_48_80,571.1984956648569
5.5,spinal_coord,2.1275791734486282,0.989419419053,0.010580580947,0.31870477966744115,31.870477966744115,0.09513323320558816,9.513323320558815,0.24735485476325,24.735485476325,0.004237128693370782,0.42371286933707825,0.004237128693370782,0.005931980170719095,scenario,compound_48_80,558.1196763332385
5.583333333333333,spinal_coord,2.1080637699210607,0.989628774034,0.010371225966,0.3181800318467052,31.818003184670516,0.09436378445094021,9.436378445094022,0.2474071935085,24.74071935085,0.0041984264385107155,0.41984264385107156,0.0041984264385107155,0.005877797013915002,scenario,compound_48_80,545.0408570016197
5.666666666666667,spinal_coord,2.091176723534449,0.989828863859,0.010171136141,0.31773098769346525,31.773098769346525,0.09369836230495367,9.369836230495366,0.24745721596475,24.745721596475,0.004164934220076745,0.41649342200767453,0.004164934220076745,0.005830907908107443,scenario,compound_48_80,531.9620376700011
5.75,spinal_coord,2.0766286873485167,0.990019729518,0.009980270482,0.3173492709492839,31.734927094928388,0.09312578475971185,9.312578475971184,0.2475049323795,24.75049323795,0.004136079173367913,0.4136079173367913,0.004136079173367913,0.005790510842715078,scenario,compound_48_80,518.8832183383824
5.833333333333333,spinal_coord,2.064150837101402,0.990201420334,0.009798579666,0.31702702922920906,31.702702922920906,0.09263556552761207,9.263556552761207,0.2475503550835,24.75503550835,0.0041113288683523866,0.41113288683523863,0.0041113288683523866,0.005755860415693341,scenario,compound_48_80,505.80439900676396
5.916666666666667,spinal_coord,2.0534954452680987,0.990374217852,0.009625782148,0.31675704434549856,31.675704434549857,0.09221798650999809,9.221798650999808,0.247593554463,24.7593554463,0.004090192507168716,0.4090192507168716,0.004090192507168716,0.0057262695100362025,scenario,compound_48_80,492.72557967514496
6.0,spinal_coord,2.044435986152969,0.990538353313,0.009461646687,0.31653266276015585,31.653266276015586,0.09186409924254113,9.186409924254113,0.24763458832825,24.763458832825,0.0040722211812528825,0.40722211812528825,0.0040722211812528825,0.0057011096537540355,scenario,compound_48_80,479.64676034352664
6.083333333333333,spinal_coord,2.0367668459969135,0.990693975066,0.009306024934,0.3163477912613887,31.634779126138866,0.09156572999318487,9.156572999318486,0.2476734937665,24.76734937665,0.004057007335922282,0.4057007335922282,0.004057007335922282,0.005679810270291194,scenario,compound_48_80,466.56794101190775
6.166666666666667,spinal_coord,2.0303027097770396,0.990841231455,0.009158768545,0.3161969168660327,31.619691686603268,0.09131547866971026,9.131547866971026,0.24771030786375,24.771030786375,0.004044183585768038,0.4044183585768038,0.004044183585768038,0.005661857020075253,scenario,compound_48_80,453.48912168028903
6.25,spinal_coord,2.0248776924181273,0.990980270828,0.009019729172,0.31607508996803796,31.607508996803794,0.09110669634805059,9.11066963480506,0.247745067707,24.7745067707,0.004033421016355955,0.40334210163559553,0.004033421016355955,0.005646789422898337,scenario,compound_48_80,440.4103023486704
6.333333333333333,spinal_coord,2.020344276924051,0.991111293924,0.008888706076,0.3159779162665334,31.597791626653336,0.09093345704737779,9.093345704737779,0.247777823481,24.7777823481,0.004024427097340084,0.40244270973400836,0.004024427097340084,0.005634197936276117,scenario,compound_48_80,427.33148301705205
6.416666666666667,spinal_coord,2.016572115853382,0.991234803501,0.008765196499,0.31590160565914865,31.590160565914864,0.09079053971186485,9.079053971186484,0.24780870087525,24.780870087525,0.004016943319926908,0.40169433199269083,0.004016943319926908,0.005623720647897671,scenario,compound_48_80,414.25266368543333
6.5,spinal_coord,2.013446745951729,0.991351125069,0.008648874931,0.3158427847510695,31.584278475106952,0.09067333797842601,9.0673337978426,0.24783778126725,24.783778126725,0.004010742658394669,0.40107426583946687,0.004010742658394669,0.005615039721752536,scenario,compound_48_80,401.17384435381456
6.583333333333333,spinal_coord,2.010868258917294,0.991460540627,0.008539459373,0.3157985024709212,31.57985024709212,0.09057782308556162,9.057782308556162,0.24786513515675,24.786513515674997,0.004005626941686386,0.4005626941686386,0.004005626941686386,0.00560787771836094,scenario,compound_48_80,388.0950250221962
6.666666666666667,spinal_coord,2.0087499644727314,0.991563332176,0.008436667824,0.31576620573087133,31.576620573087133,0.09050049691582843,9.050049691582842,0.247890833044,24.789083304400002,0.004001424207476246,0.4001424207476246,0.004001424207476246,0.005601993890466744,scenario,compound_48_80,375.0162056905773
6.75,spinal_coord,2.007017075354788,0.991659781714,0.008340218286,0.3157437011849357,31.574370118493572,0.09043834100858093,9.043834100858094,0.2479149454285,24.79149454285,0.003997986097978229,0.3997986097978229,0.003997986097978229,0.00559718053716952,scenario,compound_48_80,361.93738635895863
6.833333333333333,spinal_coord,2.0056054376755417,0.991750211305,0.008249788695,0.3157291305986478,31.57291305986478,0.09038877036319708,9.038877036319708,0.24793755282625,24.793755282625,0.003995185344448388,0.3995185344448388,0.003995185344448388,0.005593259482227744,scenario,compound_48_80,348.85856702734014
6.916666666666667,spinal_coord,2.004460324472655,0.991835011227,0.008164988773,0.3157209439413464,31.57209439413464,0.09034958817946186,9.034958817946185,0.24795875280675,24.795875280675002,0.003992913376062563,0.3992913376062563,0.003992913376062563,0.005590078726487588,scenario,compound_48_80,335.7797476957214
7.0,spinal_coord,2.0035353052277403,0.991914507465,0.008085492535,0.3157178233603316,31.57178233603316,0.09031892865877551,9.031892865877552,0.24797862686625,24.797862686625,0.0039910780787819605,0.39910780787819605,0.0039910780787819605,0.005587509310294744,scenario,compound_48_80,322.70092836410265
7.083333333333333,spinal_coord,2.0027911997326355,0.991989023397,0.008010976603,0.3157186713365846,31.57186713365846,0.09029522064977942,9.029522064977941,0.24799725584925,24.799725584925,0.003989601721030634,0.39896017210306345,0.003989601721030634,0.005585442409442888,scenario,compound_48_80,309.6221090324842
7.166666666666667,spinal_coord,2.0021951209337283,0.992058882401,0.007941117599,0.3157225825807716,31.572258258077163,0.09027714930736218,9.027714930736218,0.24801472060025,24.801472060025002,0.0039884190555210496,0.39884190555210497,0.0039884190555210496,0.005583786677729469,scenario,compound_48_80,296.5432897008654
7.25,spinal_coord,2.001719608270371,0.992124407296,0.007875592704,0.315728817569188,31.572881756918804,0.09026362099358405,9.026362099358405,0.248031101824,24.8031101824,0.0039874756003473125,0.3987475600347313,0.0039874756003473125,0.005582465840486237,scenario,compound_48_80,283.4644703692467
7.333333333333333,spinal_coord,2.00134185051161,0.992185766633,0.007814233367,0.3157367299962222,31.57367299962222,0.09025371778396298,9.025371778396298,0.24804644165825,24.804644165825,0.003986726097452503,0.3986726097452503,0.003986726097452503,0.005581416536433504,scenario,compound_48_80,270.38565103762824
7.416666666666667,spinal_coord,2.0010429951386755,0.992243119868,0.007756880132,0.3157457919318347,31.57457919318347,0.09024668261977965,9.024668261977965,0.248060779967,24.806077996699997,0.003986133142671685,0.39861331426716845,0.003986133142671685,0.005580586399740358,scenario,compound_48_80,257.3068317060096
7.5,spinal_coord,2.0008075398624037,0.992296728518,0.007703271482,0.3157556106157846,31.575561061578462,0.09024190464837946,9.024190464837947,0.2480741821295,24.80741821295,0.003985665978641927,0.39856659786419274,0.003985665978641927,0.0055799323700986975,scenario,compound_48_80,244.22801237439094
7.583333333333333,spinal_coord,2.0006228008433493,0.992346854101,0.007653145899,0.31576587972311077,31.576587972311078,0.09023888826381435,9.023888826381436,0.24808671352525,24.808671352525,0.003985299439831668,0.39852994398316677,0.003985299439831668,0.005579419215764335,scenario,compound_48_80,231.14919304277242
7.666666666666667,spinal_coord,2.000478451534324,0.992393758133,0.007606241867,0.3157763652527624,31.577636525276244,0.09023723429268327,9.023723429268326,0.24809843953325,24.809843953325,0.003985013037646856,0.3985013037646856,0.003985013037646856,0.0055790182527055985,scenario,compound_48_80,218.0703737111535
7.75,spinal_coord,2.0003661257282,0.992437702132,0.007562297868,0.3157868933724588,31.57868933724588,0.0902366237859451,9.02366237859451,0.248109425533,24.8109425533,0.003984790172896407,0.39847901728964064,0.003984790172896407,0.005578706242054969,scenario,compound_48_80,204.99155437953505
7.833333333333333,spinal_coord,2.000279078308784,0.992478947614,0.007521052386,0.315797340020756,31.5797340020756,0.09023680415634136,9.023680415634136,0.2481197369035,24.81197369035,0.003984617462726058,0.39846174627260583,0.003984617462726058,0.005578464447816481,scenario,compound_48_80,191.91273504791639
7.916666666666667,spinal_coord,2.000211897314992,0.992517756097,0.007482243903,0.3158076220790648,31.58076220790648,0.09023757740641977,9.023757740641978,0.24812943902425,24.812943902425,0.003984484169349591,0.3984484169349591,0.003984484169349591,0.005578277837089427,scenario,compound_48_80,178.83391571629767
8.0,spinal_coord,2.000160261189572,0.992554218956,0.007445781044,0.31581763578644756,31.581763578644757,0.09023877472993004,9.023877472993004,0.248138554739,24.813855473900002,0.003984381718421948,0.3984381718421948,0.003984381718421948,0.005578134405790727,scenario,compound_48_80,165.7550963846791
8.083333333333334,spinal_coord,2.000120735450689,0.992588267738,0.007411732262,0.315827253782365,31.582725378236496,0.09024024913048659,9.02402491304866,0.2481470669345,24.81470669345,0.003984303295625568,0.3984303295625568,0.003984303295625568,0.005578024613875795,scenario,compound_48_80,164.22177838448405
8.166666666666666,spinal_coord,2.000090603461533,0.99262005951,0.00737994049,0.31583644252310944,31.583644252310943,0.09024190352747927,9.024190352747926,0.2481550148775,24.815501487749998,0.003984243510906931,0.3984243510906931,0.003984243510906931,0.005577940915269703,scenario,compound_48_80,162.6884603842891
8.25,spinal_coord,2.0000677264497444,0.992649754535,0.007350245465,0.31584518724161426,31.584518724161427,0.09024366481048568,9.024366481048569,0.24816243863375,24.816243863375,0.0039841981207453196,0.398419812074532,0.0039841981207453196,0.005577877369043447,scenario,compound_48_80,161.15514238409395
8.333333333333334,spinal_coord,2.000050428420708,0.992677513075,0.007322486925,0.3158534873950778,31.58534873950778,0.09024547883510378,9.024547883510378,0.24816937826875,24.816937826874998,0.003984163799811992,0.39841637998119916,0.003984163799811992,0.005577829319736788,scenario,compound_48_80,159.6218243838989
8.416666666666666,spinal_coord,2.0000374020978122,0.992703495393,0.007296504607,0.31586135377577196,31.586135377577197,0.09024730657002933,9.024730657002934,0.24817587384825,24.817587384825,0.003984137954347998,0.39841379543479977,0.003984137954347998,0.005577793136087196,scenario,compound_48_80,158.08850638370387
8.5,spinal_coord,2.000027632494553,0.992727861751,0.007272138249,0.3158688061618712,31.58688061618712,0.09024912096549495,9.024912096549494,0.24818196543775,24.818196543775002,0.003984118570524738,0.3984118570524738,0.003984118570524738,0.0055777659987346325,scenario,compound_48_80,156.55518838350886
8.583333333333334,spinal_coord,2.0000203351678607,0.992750772413,0.007249227587,0.3158758714207151,31.58758714207151,0.09025090442328682,9.02509044232868,0.24818769310325,24.818769310325,0.003984104091933138,0.3984104091933138,0.003984104091933138,0.005577745728706392,scenario,compound_48_80,155.02187038331382
8.666666666666666,spinal_coord,2.000014906612688,0.992772319878,0.007227680122,0.3158825604217944,31.58825604217944,0.0902526406030592,9.02526406030592,0.2481930799695,24.81930799695,0.003984093321162056,0.39840933211620566,0.003984093321162056,0.005577730649626879,scenario,compound_48_80,153.4885523831188
8.75,spinal_coord,2.0000108846309983,0.992792425474,0.007207574526,0.3158888339165371,31.58888339165371,0.09025430339738275,9.025430339738275,0.2481981063685,24.81981063685,0.003984085341166732,0.3984085341166732,0.003984085341166732,0.005577719477633424,scenario,compound_48_80,151.95523438292386
8.833333333333334,spinal_coord,2.0000079168422387,0.992811169192,0.007188830808,0.3158947065174929,31.58947065174929,0.09025588562599053,9.025588562599053,0.248202792298,24.8202792298,0.003984079452790657,0.3984079452790657,0.003984079452790657,0.00557771123390692,scenario,compound_48_80,150.4219163827287
8.916666666666666,spinal_coord,2.00000573579747,0.992828644342,0.007171355658,0.31590019968720273,31.590019968720274,0.09025738480227032,9.025738480227032,0.2482071610855,24.820716108550002,0.003984075125389685,0.3984075125389685,0.003984075125389685,0.005577705175545559,scenario,compound_48_80,148.88859838253376
9.0,spinal_coord,2.0000041394168444,0.992844944232,0.007155055768,0.31590533689814604,31.590533689814603,0.09025880112019474,9.025880112019474,0.248211236058,24.8211236058,0.003984071958018147,0.3984071958018147,0.003984071958018147,0.005577700741225405,scenario,compound_48_80,147.35528038233875
9.083333333333334,spinal_coord,2.000002975692527,0.992860162173,0.007139837827,0.3159101431639142,31.59101431639142,0.0902601368275523,9.026013682755229,0.24821504054325,24.821504054325,0.003984069649078009,0.3984069649078009,0.003984069649078009,0.005577697508709212,scenario,compound_48_80,145.8219623821436
9.166666666666666,spinal_coord,2.000002130789182,0.992874391475,0.007125608525,0.3159146446719775,31.59146446719775,0.09026139573763668,9.026139573763668,0.24821859786875,24.821859786875,0.003984067972709109,0.39840679727091094,0.003984067972709109,0.0055776951617927525,scenario,compound_48_80,144.28864438194864
9.25,spinal_coord,2.000001519835027,0.992887725446,0.007112274554,0.3159188685001355,31.59188685001355,0.090262582851514,9.0262582851514,0.2482219313615,24.822193136150002,0.003984066760517734,0.39840667605177343,0.003984066760517734,0.005577693464724828,scenario,compound_48_80,142.7553263817536
9.333333333333334,spinal_coord,2.000001079831401,0.992900239453,0.007099760547,0.31592283669056626,31.592283669056627,0.09026370243642166,9.026370243642166,0.24822505986325,24.822505986324998,0.0039840658875085295,0.39840658875085294,0.0039840658875085295,0.005577692242511941,scenario,compound_48_80,141.22200838155857
9.416666666666666,spinal_coord,2.0000007642210447,0.992911903306,0.007088096694,0.3159265382049301,31.592653820493013,0.09026474983790683,9.026474983790683,0.2482279758265,24.82279758265,0.003984065261307446,0.3984065261307446,0.003984065261307446,0.005577691365830424,scenario,compound_48_80,139.68869038136359
9.5,spinal_coord,2.0000005387478756,0.992922758224,0.007077241776,0.31592998510438264,31.592998510438264,0.09026572739784353,9.026572739784353,0.248230689556,24.8230689556,0.00398406481394715,0.398406481394715,0.00398406481394715,0.00557769073952601,scenario,compound_48_80,138.15537238116855
9.583333333333334,spinal_coord,2.0000003783168503,0.992932862888,0.007067137112,0.31593319528801733,31.593319528801732,0.09026663942135647,9.026663942135647,0.248233215722,24.8233215722,0.0039840644956366765,0.39840644956366766,0.0039840644956366765,0.005577690293891347,scenario,compound_48_80,136.6220543809735
9.666666666666666,spinal_coord,2.0000002646240653,0.992942275979,0.007057724021,0.3159361868638684,31.593618686386836,0.09026749049215779,9.026749049215779,0.24823556899475,24.823556899475,0.003984064270059335,0.3984064270059335,0.003984064270059335,0.005577689978083069,scenario,compound_48_80,135.08873638077847
9.75,spinal_coord,2.0000001843769075,0.992951056177,0.007048943823,0.31593897809383603,31.593897809383602,0.09026828539944808,9.026828539944807,0.24823776404425,24.823776404425,0.003984064110841311,0.3984064110841311,0.003984064110841311,0.005577689755177835,scenario,compound_48_80,133.55541838058343
9.833333333333334,spinal_coord,2.000000127963837,0.992959262164,0.007040737836,0.31594158735371725,31.594158735371725,0.090269029083623,9.026902908362299,0.248239815541,24.8239815541,0.0039840639989123915,0.39840639989123916,0.0039840639989123915,0.005577689598477348,scenario,compound_48_80,132.02210038038842
9.916666666666666,spinal_coord,2.000000088465007,0.992966952618,0.007033047382,0.3159440331008563,31.594403310085628,0.09026972659514165,9.026972659514165,0.2482417381545,24.824173815450003,0.003984063920542942,0.3984063920542942,0.003984063920542942,0.005577689488760118,scenario,compound_48_80,130.48878238019333
10.0,spinal_coord,2.000000060919919,0.992974187161,0.007025812839,0.3159463341532492,31.594633415324918,0.09027038315066557,9.027038315066557,0.24824354679025,24.824354679025003,0.003984063865890857,0.39840638658908567,0.003984063865890857,0.005577689412247199,scenario,compound_48_80,128.95546437999838
10.083333333333334,spinal_coord,2.0000000417879105,0.992981022512,0.007018977488,0.3159485084488988,31.594850844889883,0.09027100376119844,9.027100376119844,0.248245255628,24.8245255628,0.003984063827931125,0.3984063827931125,0.003984063827931125,0.005577689359103574,scenario,compound_48_80,127.42214637980327
10.166666666666666,spinal_coord,2.0000000285525914,0.992987468441,0.007012531559,0.3159505590190072,31.59505590190072,0.09027158921167626,9.027158921167626,0.24824686711025,24.824686711025002,0.003984063801670989,0.39840638016709884,0.003984063801670989,0.005577689322339384,scenario,compound_48_80,125.88882837960827
10.25,spinal_coord,2.000000019433183,0.992993524947,0.007006475053,0.31595248580845736,31.595248580845738,0.09027213942894317,9.027213942894317,0.24824838123675,24.824838123675,0.003984063783577211,0.39840637835772114,0.003984063783577211,0.0055776892970080955,scenario,compound_48_80,124.35551037941323
10.333333333333334,spinal_coord,2.0000000131748563,0.99299919203,0.00700080797,0.31595428877863496,31.595428877863498,0.0902726543615133,9.02726543615133,0.2482497980075,24.82497980075,0.003984063771160093,0.3984063771160093,0.003984063771160093,0.00557768927962413,scenario,compound_48_80,122.82219237921815
10.416666666666666,spinal_coord,2.0000000088971595,0.993004469691,0.006995530309,0.31595596790276403,31.595596790276403,0.09027313397335203,9.027313397335202,0.24825111742275,24.825111742275,0.003984063762672734,0.39840637626727343,0.003984063762672734,0.005577689267741828,scenario,compound_48_80,121.28887437902311
10.5,spinal_coord,2.000000005984948,0.993009357929,0.006990642071,0.31595752316159637,31.595752316159636,0.0902735782391285,9.02735782391285,0.24825233948225,24.825233948225,0.003984063756894629,0.3984063756894629,0.003984063756894629,0.00557768925965248,scenario,compound_48_80,119.7555563788281
10.583333333333334,spinal_coord,2.000000004010264,0.993013856745,0.006986143255,0.3159589545422804,31.59589545422804,0.09027398714137387,9.027398714137387,0.24825346418625,24.825346418625,0.0039840637529766675,0.39840637529766676,0.0039840637529766675,0.005577689254167334,scenario,compound_48_80,118.22223837863311
10.666666666666666,spinal_coord,2.0000000026766345,0.993017966138,0.006982033862,0.31596026203537436,31.596026203537438,0.09027436066783247,9.027436066783247,0.2482544915345,24.82544915345,0.003984063750330618,0.3984063750330618,0.003984063750330618,0.005577689250462865,scenario,compound_48_80,116.68892037843806
10.75,spinal_coord,2.000000001779544,0.993021734197,0.006978265803,0.31596146093562993,31.596146093562993,0.09027470318183992,9.027470318183992,0.24825543354925,24.825543354925,0.003984063748550705,0.3984063748550705,0.003984063748550705,0.005577689247970987,scenario,compound_48_80,115.15560237824303
10.833333333333334,spinal_coord,2.000000001178506,0.993025283787,0.006974716213,0.3159625903321328,31.59625903321328,0.09027502584717711,9.02750258471771,0.24825632094675,24.825632094674997,0.00398406374735819,0.39840637473581897,0.00398406374735819,0.005577689246301465,scenario,compound_48_80,113.62228437804795
10.916666666666666,spinal_coord,2.0000000007774252,0.993028621033,0.006971378967,0.3159636521707894,31.596365217078944,0.09027532921671923,9.027532921671924,0.24825715525825,24.825715525825,0.003984063746562406,0.3984063746562406,0.003984063746562406,0.005577689245187368,scenario,compound_48_80,112.08896637785294
11.0,spinal_coord,2.0000000005108447,0.993031745936,0.006968254064,0.31596464644990346,31.596464644990345,0.09027561328787127,9.027561328787128,0.248257936484,24.825793648399998,0.003984063746033485,0.39840637460334855,0.003984063746033485,0.005577689244446879,scenario,compound_48_80,110.55564837765793
11.083333333333334,spinal_coord,2.0000000003343663,0.993034658495,0.006965341505,0.3159655731677904,31.59655731677904,0.09027587805872055,9.027587805872054,0.24825866462375,24.825866462375,0.003984063745683335,0.3984063745683335,0.003984063745683335,0.0055776892439566685,scenario,compound_48_80,109.02233037746291
11.166666666666666,spinal_coord,2.0000000002180016,0.99303735871,0.00696264129,0.3159664323235274,31.59664323235274,0.09027612352803652,9.027612352803652,0.2482593396775,24.82593396775,0.003984063745452456,0.39840637454524563,0.003984063745452456,0.005577689243633438,scenario,compound_48_80,107.48901237726783
11.25,spinal_coord,2.0000000001415796,0.993039846582,0.006960153418,0.3159672239168118,31.59672239168118,0.09027634969508241,9.027634969508242,0.2482599616455,24.82599616455,0.0039840637453008275,0.39840637453008276,0.0039840637453008275,0.0055776892434211585,scenario,compound_48_80,105.95569437707285
11.333333333333334,spinal_coord,2.0000000000915894,0.99304212211,0.00695787789,0.31596794794690963,31.596794794690965,0.09027655655921289,9.02765565592129,0.2482605305275,24.826053052749998,0.003984063745201643,0.3984063745201643,0.003984063745201643,0.0055776892432823,scenario,compound_48_80,104.42237637687776
11.416666666666666,spinal_coord,2.000000000059019,0.99304418702,0.00695581298,0.31596860496272544,31.596860496272544,0.09027674427696729,9.027674427696729,0.248261046755,24.826104675499998,0.00398406374513702,0.39840637451370203,0.00398406374513702,0.005577689243191828,scenario,compound_48_80,102.88905837668275
11.5,spinal_coord,2.000000000037883,0.993046116488,0.006953883512,0.3159692188837114,31.59692188837114,0.09027691968228181,9.027691968228181,0.248261529122,24.8261529122,0.003984063745095084,0.3984063745095084,0.003984063745095084,0.005577689243133117,scenario,compound_48_80,101.3557403764877
11.583333333333334,spinal_coord,2.0000000000242215,0.993047950669,0.006952049331,0.3159698024863363,31.59698024863363,0.09027708642544847,9.027708642544848,0.24826198766725,24.826198766725,0.003984063745067978,0.39840637450679783,0.003984063745067978,0.005577689243095169,scenario,compound_48_80,99.82242237629268
11.666666666666666,spinal_coord,2.0000000000154263,0.993049689564,0.006950310436,0.3159703557708384,31.597035577083837,0.09027724450645119,9.027724450645119,0.248262422391,24.8262422391,0.003984063745050528,0.3984063745050528,0.003984063745050528,0.005577689243070738,scenario,compound_48_80,98.28910437609768
11.75,spinal_coord,2.0000000000097864,0.993051333173,0.006948666827,0.3159708787371648,31.59708787371648,0.09027739392521976,9.027739392521976,0.24826283329325,24.826283329325,0.003984063745039338,0.3984063745039338,0.003984063745039338,0.005577689243055073,scenario,compound_48_80,96.75578637590264
11.833333333333334,spinal_coord,2.0000000000061844,0.993052881495,0.006947118505,0.31597137138496306,31.597137138496308,0.09027753468161741,9.027753468161741,0.24826322037375,24.826322037375,0.003984063745032191,0.3984063745032191,0.003984063745032191,0.005577689243045067,scenario,compound_48_80,95.22246837570756
11.916666666666666,spinal_coord,2.000000000003893,0.993054334531,0.006945665469,0.3159718337145289,31.597183371452893,0.0902776667757052,9.02776667757052,0.24826358363275,24.826358363275,0.003984063745027644,0.3984063745027644,0.003984063745027644,0.005577689243038701,scenario,compound_48_80,93.68915037551257
12.0,spinal_coord,2.0000000000024407,0.993055692281,0.006944307719,0.31597226572584786,31.597226572584784,0.09027779020746379,9.02777902074638,0.24826392307025,24.826392307025,0.003984063745024763,0.3984063745024763,0.003984063745024763,0.005577689243034667,scenario,compound_48_80,92.15583237531752
0.0,ganglia,12.055561452535937,0.979909981446,0.020090018554,0.42966600296679547,42.966600296679545,0.3685277831357727,36.852778313577275,0.0979909981446,9.79909981446,0.007972961946553685,0.7972961946553685,0.007972961946553685,0.014351331503796633,scenario,compound_48_80,0.001
0.08333333333333333,ganglia,13.032653298563167,0.979835888164,0.020164111836,0.4459082672871398,44.59082672871398,0.38658297607859976,38.65829760785998,0.09798358881640001,9.798358881640002,0.008613596851429922,0.8613596851429922,0.008613596851429922,0.015504474332573862,scenario,compound_48_80,345.89920153644607
0.16666666666666666,ganglia,14.00368701458404,0.979703434274,0.020296565726,0.4610931491784877,46.10931491784877,0.4034697841678752,40.34697841678752,0.0979703434274,9.79703434274,0.009249440496540313,0.9249440496540313,0.009249440496540313,0.016648992893772564,scenario,compound_48_80,691.797403072892
0.25,ganglia,14.729797344533829,0.979500714216,0.020499285784,0.4718382973875595,47.18382973875595,0.4154313621843994,41.54313621843994,0.0979500714216,9.795007142160001,0.009724372868584597,0.9724372868584596,0.009724372868584597,0.017503871163452273,scenario,compound_48_80,1037.6956046093383
0.3333333333333333,ganglia,15.0,0.979264195872,0.020735804128,0.4756426094235428,47.56426094235428,0.41968465537371424,41.96846553737142,0.0979264195872,9.792641958719999,0.009900990099009901,0.9900990099009901,0.009900990099009901,0.017821782178217824,scenario,compound_48_80,1383.5938061457844
0.4166666666666667,ganglia,14.729797344533827,0.979039018349,0.020960981651,0.47161589245345936,47.16158924534594,0.4152355451317326,41.52355451317326,0.0979039018349,9.79039018349,0.009724372868584595,0.9724372868584595,0.009724372868584595,0.017503871163452273,scenario,compound_48_80,1729.492007682231
0.5,ganglia,14.00368701458404,0.978861054239,0.021138945761,0.46069668668835567,46.06966866883557,0.40312286807161735,40.31228680716173,0.09788610542390001,9.788610542390002,0.009249440496540313,0.9249440496540313,0.009249440496540313,0.016648992893772564,scenario,compound_48_80,2075.390209218676
0.5833333333333334,ganglia,13.032653298563167,0.978779763346,0.021220236654,0.4454276410993036,44.54276410993036,0.386166294183004,38.616629418300406,0.0978779763346,9.78779763346,0.008613596851429922,0.8613596851429922,0.008613596851429922,0.015504474332573862,scenario,compound_48_80,2421.2884107551236
0.6666666666666666,ganglia,12.055561452535937,0.978792548157,0.021207451843,0.4291760364352186,42.917603643521865,0.3681075351327984,36.81075351327984,0.0978792548157,9.787925481570001,0.007972961946553685,0.7972961946553685,0.007972961946553685,0.014351331503796633,scenario,compound_48_80,2767.186612291569
0.75,ganglia,11.246761043886481,0.978895422977,0.021104577023,0.4149932127978933,41.49932127978933,0.35233741166688143,35.23374116668814,0.09788954229770001,9.78895422977,0.007442041454644928,0.7442041454644929,0.007442041454644928,0.013395674618360871,scenario,compound_48_80,3113.084813828018
0.8333333333333334,ganglia,10.676676416183064,0.979057284224,0.020942715776,0.40458073803807715,40.458073803807714,0.3407500106840857,34.075001068408575,0.0979057284224,9.79057284224,0.0070674794831092624,0.7067479483109262,0.0070674794831092624,0.012721463069596673,scenario,compound_48_80,3458.9830153644602
0.9166666666666666,ganglia,10.328642643082652,0.97925469533,0.02074530467,0.3980686289644396,39.80686289644396,0.3334923993682662,33.34923993682662,0.097925469533,9.7925469533,0.006838672293870741,0.6838672293870741,0.006838672293870741,0.012309610128967334,scenario,compound_48_80,3804.8812169009093
1.0,ganglia,10.142827503922751,0.979466258041,0.020533741959,0.3945711402076248,39.45711402076248,0.3295827937816942,32.95827937816942,0.0979466258041,9.79466258041,0.006716469011535536,0.6716469011535535,0.006716469011535536,0.012089644220763964,scenario,compound_48_80,4150.779418437353
1.0833333333333333,ganglia,10.055544982691211,0.979679822893,0.020320177107,0.3929582438223347,39.29582438223347,0.32776695725892746,32.77669572589274,0.09796798228930001,9.796798228930001,0.0066590563612721095,0.665905636127211,0.0066590563612721095,0.011986301450289798,scenario,compound_48_80,4056.585332011576
1.1666666666666667,ganglia,10.019329600697365,0.979892545182,0.020107454818,0.3923355927820284,39.23355927820284,0.3270514869598093,32.70514869598093,0.09798925451820001,9.79892545182,0.006635232678343814,0.6635232678343814,0.006635232678343814,0.011943418821018865,scenario,compound_48_80,3962.3912455858044
1.25,ganglia,10.006019299974142,0.980093679524,0.019906320476,0.39215543769772737,39.21554376977274,0.3268289663836971,32.682896638369705,0.0980093679524,9.80093679524,0.006626476432599154,0.6626476432599153,0.006626476432599154,0.011927657578678476,scenario,compound_48_80,3868.197159160026
1.3333333333333333,ganglia,10.001677313139513,0.980275944627,0.019724055373,0.3921432606067561,39.21432606067561,0.3267951846045068,32.67951846045068,0.0980275944627,9.80275944627,0.006623620002155399,0.6623620002155399,0.006623620002155399,0.011922516003879719,scenario,compound_48_80,3774.0030727342487
1.4166666666666667,ganglia,10.00041824173615,0.98044751147,0.01955248853,0.3921872057550523,39.21872057550523,0.32682494956450253,32.682494956450256,0.09804475114700001,9.8044751147,0.0066227917031842715,0.6622791703184272,0.0066227917031842715,0.01192102506573169,scenario,compound_48_80,3679.8089863084765
1.5,ganglia,10.000093322345567,0.980609373047,0.019390626953,0.3922455794684421,39.22455794684421,0.3268718246263801,32.687182462638006,0.0980609373047,9.80609373047,0.006622577949874873,0.6622577949874874,0.006622577949874873,0.011920640309774772,scenario,compound_48_80,3585.6148998826984
1.5833333333333333,ganglia,10.00001863326586,0.980761272774,0.019238727226,0.39230487460508384,39.230487460508385,0.32692083036409314,32.692083036409315,0.0980761272774,9.80761272774,0.006622528814481139,0.6622528814481139,0.006622528814481139,0.01192055186606605,scenario,compound_48_80,3491.4208134569203
1.6666666666666667,ganglia,10.000003329180736,0.980904202328,0.019095797672,0.39236174624334025,39.236174624334026,0.3269681400117114,32.696814001171134,0.09809042023280001,9.809042023280002,0.0066225187464458105,0.662251874644581,0.0066225187464458105,0.01192053374360246,scenario,compound_48_80,3397.226727031147
1.75,ganglia,10.00000053226857,0.98103907838,0.01896092162,0.3924156417955252,39.24156417955252,0.32701303773058354,32.701303773058356,0.098103907838,9.8103907838,0.006622516906452724,0.6622516906452723,0.006622516906452724,0.011920530431614904,scenario,compound_48_80,3303.032640605372
1.8333333333333333,ganglia,10.000000076149899,0.981166472719,0.018833527281,0.3924665905819145,39.246659058191455,0.3270554925666828,32.705549256668284,0.0981166472719,9.811664727190001,0.006622516606387811,0.662251660638781,0.006622516606387811,0.01192052989149806,scenario,compound_48_80,3208.8385541795924
1.9166666666666667,ganglia,10.000000009748838,0.981286781994,0.018713218006,0.39251471298892815,39.25147129889282,0.3270955942105868,32.70955942105868,0.09812867819940001,9.812867819940001,0.006622516562704819,0.6622516562704819,0.006622516562704819,0.011920529812868674,scenario,compound_48_80,3114.644467753815
2.0,ganglia,10.000000001116815,0.981400209191,0.018599790809,0.39256008369832085,39.25600836983209,0.32713340308802313,32.713340308802316,0.09814002091910001,9.814002091910002,0.006622516557026105,0.6622516557026105,0.006622516557026105,0.01192052980264699,scenario,compound_48_80,3020.450381328042
2.0833333333333335,ganglia,10.000000000114486,0.981507114233,0.018492885767,0.3926028456954474,39.26028456954474,0.32716903808016373,32.716903808016376,0.09815071142330001,9.815071142330002,0.006622516556366707,0.6622516556366708,0.006622516556366707,0.011920529801460073,scenario,compound_48_80,2974.6675164198555
2.1666666666666665,ganglia,10.000000000010502,0.981607845547,0.018392154453,0.39264313821900615,39.264313821900615,0.3272026151825624,32.72026151825624,0.09816078455470001,9.81607845547,0.0066225165562983,0.66225165562983,0.0066225165562983,0.01192052980133694,scenario,compound_48_80,2928.884651511668
2.25,ganglia,10.000000000000862,0.981702698638,0.018297301362,0.39268107945521696,39.2681079455217,0.32723423287935216,32.72342328793522,0.09817026986380001,9.81702698638,0.006622516556291957,0.6622516556291957,0.006622516556291957,0.011920529801325522,scenario,compound_48_80,2883.101786603482
2.3333333333333335,ganglia,10.000000000000064,0.981792006885,0.018207993115,0.3927168027540013,39.27168027540013,0.3272640022950014,32.72640022950014,0.0981792006885,9.81792006885,0.006622516556291433,0.6622516556291433,0.006622516556291433,0.01192052980132458,scenario,compound_48_80,2837.3189216952974
2.4166666666666665,ganglia,10.000000000000004,0.981876109835,0.018123890165,0.39275044393400005,39.2750443934,0.3272920366116667,32.72920366116667,0.0981876109835,9.81876109835,0.006622516556291393,0.6622516556291393,0.006622516556291393,0.011920529801324508,scenario,compound_48_80,2791.53605678711
2.5,ganglia,10.0,0.981955347036,0.018044652964,0.39278213881439994,39.278213881439996,0.32731844901199997,32.7318449012,0.0981955347036,9.81955347036,0.006622516556291391,0.6622516556291391,0.006622516556291391,0.011920529801324504,scenario,compound_48_80,2745.7531918789227
2.5833333333333335,ganglia,10.0,0.982030058037,0.017969941963,0.3928120232148,39.28120232148,0.327343352679,32.7343352679,0.0982030058037,9.82030058037,0.006622516556291391,0.6622516556291391,0.006622516556291391,0.011920529801324504,scenario,compound_48_80,2699.9703269707375
2.6666666666666665,ganglia,10.0,0.982100582386,0.017899417614,0.39284023295439996,39.284023295439994,0.3273668607953333,32.73668607953333,0.0982100582386,9.82100582386,0.006622516556291391,0.6622516556291391,0.006622516556291391,0.011920529801324504,scenario,compound_48_80,2654.1874620625504
2.75,ganglia,10.0,0.982167119949,0.017832880051,0.3928668479796,39.28668479796,0.32738903998299995,32.738903998299996,0.09821671199490001,9.821671199490002,0.006622516556291391,0.6622516556291391,0.006622516556291391,0.011920529801324504,scenario,compound_48_80,2608.4045971543646
2.8333333333333335,ganglia,10.0,0.982229746953,0.017770253047,0.3928918987812,39.28918987812,0.32740991565099997,32.740991565099996,0.0982229746953,9.82229746953,0.006622516556291391,0.6622516556291391,0.006622516556291391,0.011920529801324504,scenario,compound_48_80,2562.6217322461775
2.9166666666666665,ganglia,10.0,0.982288705734,0.017711294266,0.3929154822936,39.291548229360004,0.327429568578,32.742956857799996,0.0982288705734,9.822887057340001,0.006622516556291391,0.6622516556291391,0.006622516556291391,0.011920529801324504,scenario,compound_48_80,2516.8388673379923
3.0,ganglia,10.0,0.98234424032,0.01765575968,0.392937696128,39.2937696128,0.32744808010666665,32.74480801066667,0.098234424032,9.8234424032,0.006622516556291391,0.6622516556291391,0.006622516556291391,0.011920529801324504,scenario,compound_48_80,2471.0560024298056
3.0833333333333335,ganglia,10.0,0.98239659474,0.01760340526,0.39295863789599994,39.29586378959999,0.32746553157999997,32.746553158,0.098239659474,9.8239659474,0.006622516556291391,0.6622516556291391,0.006622516556291391,0.011920529801324504,scenario,compound_48_80,2425.273137521619
3.1666666666666665,ganglia,10.0,0.982446013021,0.017553986979,0.3929784052084,39.29784052084,0.3274820043403333,32.74820043403333,0.0982446013021,9.82446013021,0.006622516556291391,0.6622516556291391,0.006622516556291391,0.011920529801324504,scenario,compound_48_80,2379.490272613433
3.25,ganglia,10.0,0.982492732469,0.017507267531,0.39299709298760005,39.29970929876001,0.3274975774896667,32.749757748966665,0.09824927324690001,9.824927324690002,0.006622516556291391,0.6622516556291391,0.006622516556291391,0.011920529801324504,scenario,compound_48_80,2333.707407705246
3.3333333333333335,ganglia,10.0,0.982536783334,0.017463216666,0.39301471333359994,39.30147133335999,0.3275122611113333,32.75122611113333,0.0982536783334,9.82536783334,0.006622516556291391,0.6622516556291391,0.006622516556291391,0.011920529801324504,scenario,compound_48_80,2287.92454279706
3.4166666666666665,ganglia,10.0,0.982578245195,0.017421754805,0.39303129807799997,39.3031298078,0.32752608173166664,32.752608173166664,0.0982578245195,9.825782451950001,0.006622516556291391,0.6622516556291391,0.006622516556291391,0.011920529801324504,scenario,compound_48_80,2242.141677888873
3.5,ganglia,10.0,0.982617277591,0.017382722409,0.3930469110364,39.304691103639996,0.3275390925303333,32.75390925303333,0.09826172775910001,9.82617277591,0.006622516556291391,0.6622516556291391,0.006622516556291391,0.011920529801324504,scenario,compound_48_80,2196.358812980687
3.5833333333333335,ganglia,10.0,0.982654040061,0.017345959939,0.3930616160244,39.30616160244,0.327551346687,32.755134668699995,0.09826540400610001,9.826540400610002,0.006622516556291391,0.6622516556291391,0.006622516556291391,0.011920529801324504,scenario,compound_48_80,2150.575948072501
3.6666666666666665,ganglia,10.0,0.982688692144,0.017311307856,0.3930754768576,39.30754768576,0.3275628973813333,32.75628973813333,0.0982688692144,9.82688692144,0.006622516556291391,0.6622516556291391,0.006622516556291391,0.011920529801324504,scenario,compound_48_80,2104.7930831643134
3.75,ganglia,10.0,0.982721393379,0.017278606621,0.39308855735160003,39.30885573516,0.327573797793,32.7573797793,0.09827213933790001,9.82721393379,0.006622516556291391,0.6622516556291391,0.006622516556291391,0.011920529801324504,scenario,compound_48_80,2059.010218256128
3.8333333333333335,ganglia,10.0,0.982752278016,0.017247721984,0.3931009112064,39.31009112064,0.32758409267199995,32.758409267199994,0.0982752278016,9.82752278016,0.006622516556291391,0.6622516556291391,0.006622516556291391,0.011920529801324504,scenario,compound_48_80,2013.2273533479413
3.9166666666666665,ganglia,10.0,0.982781353779,0.017218646221,0.3931125415116,39.31125415116,0.327593784593,32.759378459299995,0.0982781353779,9.82781353779,0.006622516556291391,0.6622516556291391,0.006622516556291391,0.011920529801324504,scenario,compound_48_80,1967.4444884397544
4.0,ganglia,10.0,0.982808712822,0.017191287178,0.3931234851288,39.31234851288,0.32760290427399996,32.760290427399994,0.0982808712822,9.82808712822,0.006622516556291391,0.6622516556291391,0.006622516556291391,0.011920529801324504,scenario,compound_48_80,1921.661623531568
4.083333333333333,ganglia,10.0,0.98283446454,0.01716553546,0.393133785816,39.3133785816,0.32761148817999997,32.761148817999995,0.098283446454,9.8283446454,0.006622516556291391,0.6622516556291391,0.006622516556291391,0.011920529801324504,scenario,compound_48_80,1901.5961321371467
4.166666666666667,ganglia,10.0,0.982858718327,0.017141281673,0.3931434873308,39.31434873308,0.32761957277566667,32.761957277566665,0.0982858718327,9.82858718327,0.006622516556291391,0.6622516556291391,0.006622516556291391,0.011920529801324504,scenario,compound_48_80,1881.5306407427242
4.25,ganglia,10.0,0.982881583577,0.017118416423,0.3931526334308,39.31526334308,0.32762719452566663,32.762719452566664,0.0982881583577,9.82881583577,0.006622516556291391,0.6622516556291391,0.006622516556291391,0.011920529801324504,scenario,compound_48_80,1861.4651493483025
4.333333333333333,ganglia,10.0,0.982903169686,0.017096830314,0.39316126787440003,39.316126787440005,0.32763438989533333,32.763438989533334,0.09829031696860001,9.829031696860001,0.006622516556291391,0.6622516556291391,0.006622516556291391,0.011920529801324504,scenario,compound_48_80,1841.399657953881
4.416666666666667,ganglia,10.0,0.982923637975,0.017076362025,0.39316945519,39.316945519,0.32764121265833335,32.76412126583333,0.0982923637975,9.82923637975,0.006622516556291391,0.6622516556291391,0.006622516556291391,0.011920529801324504,scenario,compound_48_80,1821.3341665594585
4.5,ganglia,10.0,0.982943123805,0.017056876195,0.393177249522,39.3177249522,0.327647707935,32.7647707935,0.09829431238050002,9.829431238050002,0.006622516556291391,0.6622516556291391,0.006622516556291391,0.011920529801324504,scenario,compound_48_80,1801.2686751650372
4.583333333333333,ganglia,10.0,0.982961629057,0.017038370943,0.39318465162280003,39.318465162280006,0.32765387635233334,32.76538763523333,0.09829616290570001,9.829616290570002,0.006622516556291391,0.6622516556291391,0.006622516556291391,0.011920529801324504,scenario,compound_48_80,1781.203183770615
4.666666666666667,ganglia,10.0,0.982979153731,0.017020846269,0.39319166149240004,39.319166149240004,0.3276597179103333,32.76597179103333,0.09829791537310001,9.829791537310001,0.006622516556291391,0.6622516556291391,0.006622516556291391,0.011920529801324504,scenario,compound_48_80,1761.137692376192
4.75,ganglia,10.0,0.982995697827,0.017004302173,0.39319827913079997,39.31982791308,0.327665232609,32.7665232609,0.0982995697827,9.829956978270001,0.006622516556291391,0.6622516556291391,0.006622516556291391,0.011920529801324504,scenario,compound_48_80,1741.072200981771
4.833333333333333,ganglia,10.0,0.983011261346,0.016988738654,0.39320450453840006,39.32045045384,0.3276704204486667,32.76704204486667,0.09830112613460001,9.83011261346,0.006622516556291391,0.6622516556291391,0.006622516556291391,0.011920529801324504,scenario,compound_48_80,1721.0067095873494
4.916666666666667,ganglia,10.0,0.983025844287,0.016974155713,0.39321033771479996,39.321033771479996,0.327675281429,32.7675281429,0.0983025844287,9.83025844287,0.006622516556291391,0.6622516556291391,0.006622516556291391,0.011920529801324504,scenario,compound_48_80,1700.9412181929274
5.0,ganglia,10.0,0.98303944665,0.01696055335,0.39321577866,39.321577866,0.32767981555,32.767981555,0.098303944665,9.8303944665,0.006622516556291391,0.6622516556291391,0.006622516556291391,0.011920529801324504,scenario,compound_48_80,1680.875726798505
5.083333333333333,ganglia,10.0,0.983052068435,0.016947931565,0.393220827374,39.3220827374,0.32768402281166664,32.768402281166665,0.09830520684350001,9.83052068435,0.006622516556291391,0.6622516556291391,0.006622516556291391,0.011920529801324504,scenario,compound_48_80,1660.810235404083
5.166666666666667,ganglia,10.0,0.983063715413,0.016936284587,0.39322548616520003,39.32254861652,0.32768790513766666,32.76879051376667,0.09830637154130001,9.83063715413,0.006622516556291391,0.6622516556291391,0.006622516556291391,0.011920529801324504,scenario,compound_48_80,1640.744744009661
5.25,ganglia,10.0,0.983074664842,0.016925335158,0.39322986593680004,39.32298659368001,0.3276915549473333,32.76915549473333,0.09830746648420001,9.830746648420002,0.006622516556291391,0.6622516556291391,0.006622516556291391,0.011920529801324504,scenario,compound_48_80,1620.6792526152394
5.333333333333333,ganglia,10.0,0.983085069444,0.016914930556,0.3932340277776,39.32340277776,0.327695023148,32.7695023148,0.0983085069444,9.83085069444,0.006622516556291391,0.6622516556291391,0.006622516556291391,0.011920529801324504,scenario,compound_48_80,1600.6137612208167
5.416666666666667,ganglia,10.0,0.983094929221,0.016905070779,0.3932379716884,39.32379716884,0.3276983097403333,32.76983097403333,0.0983094929221,9.83094929221,0.006622516556291391,0.6622516556291391,0.006622516556291391,0.011920529801324504,scenario,compound_48_80,1580.5482698263957
5.5,ganglia,10.0,0.983104244171,0.016895755829,0.3932416976684,39.32416976684,0.32770141472366665,32.77014147236667,0.0983104244171,9.83104244171,0.006622516556291391,0.6622516556291391,0.006622516556291391,0.011920529801324504,scenario,compound_48_80,1560.4827784319743
5.583333333333333,ganglia,10.0,0.983113014295,0.016886985705,0.39324520571800003,39.3245205718,0.3277043380983333,32.770433809833335,0.09831130142950001,9.83113014295,0.006622516556291391,0.6622516556291391,0.006622516556291391,0.011920529801324504,scenario,compound_48_80,1540.417287037552
5.666666666666667,ganglia,10.0,0.983121239594,0.016878760406,0.3932484958376,39.32484958376,0.32770707986466663,32.77070798646666,0.0983121239594,9.83121239594,0.006622516556291391,0.6622516556291391,0.006622516556291391,0.011920529801324504,scenario,compound_48_80,1520.3517956431294
5.75,ganglia,10.0,0.983128920066,0.016871079934,0.3932515680264,39.32515680264,0.327709640022,32.770964002199996,0.0983128920066,9.83128920066,0.006622516556291391,0.6622516556291391,0.006622516556291391,0.011920529801324504,scenario,compound_48_80,1500.2863042487086
5.833333333333333,ganglia,10.0,0.983136055713,0.016863944287,0.3932544222852,39.325442228520004,0.32771201857099996,32.771201857099996,0.0983136055713,9.831360557130001,0.006622516556291391,0.6622516556291391,0.006622516556291391,0.011920529801324504,scenario,compound_48_80,1480.2208128542864
5.916666666666667,ganglia,10.0,0.983142646533,0.016857353467,0.39325705861320004,39.32570586132,0.327714215511,32.7714215511,0.09831426465330001,9.83142646533,0.006622516556291391,0.6622516556291391,0.006622516556291391,0.011920529801324504,scenario,compound_48_80,1460.1553214598632
6.0,ganglia,10.0,0.983148723643,0.016851276357,0.3932594894572,39.32594894572,0.3277162412143333,32.77162412143333,0.0983148723643,9.83148723643,0.006622516556291391,0.6622516556291391,0.006622516556291391,0.011920529801324504,scenario,compound_48_80,1440.089830065442
6.083333333333333,ganglia,10.0,0.983154497492,0.016845502508,0.3932617989968,39.32617989968,0.32771816583066665,32.771816583066666,0.0983154497492,9.83154497492,0.006622516556291391,0.6622516556291391,0.006622516556291391,0.011920529801324504,scenario,compound_48_80,1420.0243386710204
6.166666666666667,ganglia,10.0,0.983160007434,0.016839992566,0.39326400297360004,39.32640029736,0.327720002478,32.7720002478,0.09831600074340001,9.83160007434,0.006622516556291391,0.6622516556291391,0.006622516556291391,0.011920529801324504,scenario,compound_48_80,1399.9588472765984
6.25,ganglia,10.0,0.98316525347,0.01683474653,0.393266101388,39.3266101388,0.32772175115666663,32.77217511566666,0.098316525347,9.8316525347,0.006622516556291391,0.6622516556291391,0.006622516556291391,0.011920529801324504,scenario,compound_48_80,1379.8933558821757
6.333333333333333,ganglia,10.0,0.9831702356,0.0168297644,0.39326809424,39.326809424,0.32772341186666665,32.772341186666665,0.09831702356000001,9.831702356000001,0.006622516556291391,0.6622516556291391,0.006622516556291391,0.011920529801324504,scenario,compound_48_80,1359.8278644877544
6.416666666666667,ganglia,10.0,0.983174953825,0.016825046175,0.39326998153000003,39.326998153000005,0.3277249846083333,32.77249846083333,0.09831749538250001,9.831749538250001,0.006622516556291391,0.6622516556291391,0.006622516556291391,0.011920529801324504,scenario,compound_48_80,1339.7623730933326
6.5,ganglia,10.0,0.983179408143,0.016820591857,0.3932717632572,39.327176325719996,0.327726469381,32.772646938099996,0.09831794081430001,9.83179408143,0.006622516556291391,0.6622516556291391,0.006622516556291391,0.011920529801324504,scenario,compound_48_80,1319.6968816989104
6.583333333333333,ganglia,10.0,0.983183598555,0.016816401445,0.39327343942200005,39.3273439422,0.327727866185,32.7727866185,0.09831835985550001,9.83183598555,0.006622516556291391,0.6622516556291391,0.006622516556291391,0.011920529801324504,scenario,compound_48_80,1299.6313903044893
6.666666666666667,ganglia,10.0,0.983187525061,0.016812474939,0.3932750100244,39.32750100244,0.32772917502033333,32.77291750203333,0.0983187525061,9.83187525061,0.006622516556291391,0.6622516556291391,0.006622516556291391,0.011920529801324504,scenario,compound_48_80,1279.5658989100668
6.75,ganglia,10.0,0.983191187661,0.016808812339,0.3932764750644,39.32764750644,0.327730395887,32.7730395887,0.0983191187661,9.83191187661,0.006622516556291391,0.6622516556291391,0.006622516556291391,0.011920529801324504,scenario,compound_48_80,1259.5004075156453
6.833333333333333,ganglia,10.0,0.983194622284,0.016805377716,0.39327784891359996,39.32778489136,0.3277315407613333,32.77315407613333,0.0983194622284,9.831946222840001,0.006622516556291391,0.6622516556291391,0.006622516556291391,0.011920529801324504,scenario,compound_48_80,1239.4349161212226
6.916666666666667,ganglia,10.0,0.983197908635,0.016802091365,0.393279163454,39.3279163454,0.32773263621166665,32.77326362116666,0.09831979086350001,9.831979086350001,0.006622516556291391,0.6622516556291391,0.006622516556291391,0.011920529801324504,scenario,compound_48_80,1219.3694247268008
7.0,ganglia,10.0,0.983201049622,0.016798950378,0.3932804198488,39.32804198488,0.3277336832073333,32.77336832073333,0.0983201049622,9.83201049622,0.006622516556291391,0.6622516556291391,0.006622516556291391,0.011920529801324504,scenario,compound_48_80,1199.303933332379
7.083333333333333,ganglia,10.0,0.983204045243,0.016795954757,0.39328161809719997,39.328161809719994,0.3277346817476666,32.77346817476666,0.0983204045243,9.83204045243,0.006622516556291391,0.6622516556291391,0.006622516556291391,0.011920529801324504,scenario,compound_48_80,1179.2384419379578
7.166666666666667,ganglia,10.0,0.9832068955,0.0167931045,0.3932827582,39.32827582,0.3277356318333333,32.77356318333333,0.09832068955,9.832068955,0.006622516556291391,0.6622516556291391,0.006622516556291391,0.011920529801324504,scenario,compound_48_80,1159.1729505435355
7.25,ganglia,10.0,0.983209600391,0.016790399609,0.3932838401564,39.32838401564,0.32773653346366666,32.773653346366665,0.09832096003910001,9.832096003910001,0.006622516556291391,0.6622516556291391,0.006622516556291391,0.011920529801324504,scenario,compound_48_80,1139.1074591491129
7.333333333333333,ganglia,10.0,0.983212159918,0.016787840082,0.39328486396719997,39.328486396719995,0.32773738663933333,32.77373866393333,0.0983212159918,9.83212159918,0.006622516556291391,0.6622516556291391,0.006622516556291391,0.011920529801324504,scenario,compound_48_80,1119.041967754692
7.416666666666667,ganglia,10.0,0.983214574079,0.016785425921,0.39328582963159997,39.328582963159995,0.32773819135966664,32.77381913596666,0.0983214574079,9.83214574079,0.006622516556291391,0.6622516556291391,0.006622516556291391,0.011920529801324504,scenario,compound_48_80,1098.97647636027
7.5,ganglia,10.0,0.983216842875,0.016783157125,0.39328673715,39.328673715,0.327738947625,32.7738947625,0.0983216842875,9.83216842875,0.006622516556291391,0.6622516556291391,0.006622516556291391,0.011920529801324504,scenario,compound_48_80,1078.9109849658482
7.583333333333333,ganglia,10.0,0.983218966515,0.016781033485,0.39328758660599994,39.328758660599995,0.32773965550499995,32.773965550499994,0.0983218966515,9.83218966515,0.006622516556291391,0.6622516556291391,0.006622516556291391,0.011920529801324504,scenario,compound_48_80,1058.845493571426
7.666666666666667,ganglia,10.0,0.983220977384,0.016779022616,0.3932883909536,39.32883909536,0.32774032579466666,32.77403257946666,0.0983220977384,9.83220977384,0.006622516556291391,0.6622516556291391,0.006622516556291391,0.011920529801324504,scenario,compound_48_80,1038.7800021770038
7.75,ganglia,10.0,0.983222898818,0.016777101182,0.3932891595272,39.32891595272,0.32774096627266663,32.774096627266665,0.0983222898818,9.83222898818,0.006622516556291391,0.6622516556291391,0.006622516556291391,0.011920529801324504,scenario,compound_48_80,1018.714510782582
7.833333333333333,ganglia,10.0,0.983224730818,0.016775269182,0.3932898923272,39.328989232720005,0.3277415769393333,32.77415769393333,0.0983224730818,9.832247308180001,0.006622516556291391,0.6622516556291391,0.006622516556291391,0.011920529801324504,scenario,compound_48_80,998.6490193881605
7.916666666666667,ganglia,10.0,0.983226473383,0.016773526617,0.39329058935319994,39.32905893531999,0.3277421577943333,32.77421577943333,0.0983226473383,9.83226473383,0.006622516556291391,0.6622516556291391,0.006622516556291391,0.011920529801324504,scenario,compound_48_80,978.5835279937379
8.0,ganglia,10.0,0.983228126515,0.016771873485,0.393291250606,39.3291250606,0.32774270883833334,32.77427088383333,0.0983228126515,9.83228126515,0.006622516556291391,0.6622516556291391,0.006622516556291391,0.011920529801324504,scenario,compound_48_80,958.5180365993162
8.083333333333334,ganglia,10.0,0.983229690212,0.016770309788,0.3932918760848,39.32918760848,0.32774323007066664,32.77432300706666,0.09832296902120001,9.832296902120001,0.006622516556291391,0.6622516556291391,0.006622516556291391,0.011920529801324504,scenario,compound_48_80,950.4764561787747
8.166666666666666,ganglia,10.0,0.983231164474,0.016768835526,0.39329246578960003,39.32924657896,0.32774372149133335,32.774372149133335,0.09832311644740001,9.83231164474,0.006622516556291391,0.6622516556291391,0.006622516556291391,0.011920529801324504,scenario,compound_48_80,942.4348757582346
8.25,ganglia,10.0,0.983232549303,0.016767450697,0.3932930197212,39.32930197212,0.32774418310099995,32.774418310099996,0.0983232549303,9.83232549303,0.006622516556291391,0.6622516556291391,0.006622516556291391,0.011920529801324504,scenario,compound_48_80,934.3932953376928
8.333333333333334,ganglia,10.0,0.983233844697,0.016766155303,0.3932935378788,39.32935378788,0.327744614899,32.7744614899,0.09832338446970001,9.832338446970002,0.006622516556291391,0.6622516556291391,0.006622516556291391,0.011920529801324504,scenario,compound_48_80,926.3517149171524
8.416666666666666,ganglia,10.0,0.983235053463,0.016764946537,0.3932940213852,39.329402138519995,0.32774501782099996,32.774501782099996,0.09832350534630001,9.83235053463,0.006622516556291391,0.6622516556291391,0.006622516556291391,0.011920529801324504,scenario,compound_48_80,918.3101344966115
8.5,ganglia,10.0,0.983236202265,0.016763797735,0.39329448090599994,39.329448090599996,0.32774540075499997,32.7745400755,0.0983236202265,9.83236202265,0.006622516556291391,0.6622516556291391,0.006622516556291391,0.011920529801324504,scenario,compound_48_80,910.2685540760702
8.583333333333334,ganglia,10.0,0.983237297721,0.016762702279,0.39329491908840003,39.329491908840005,0.327745765907,32.7745765907,0.09832372977210001,9.832372977210001,0.006622516556291391,0.6622516556291391,0.006622516556291391,0.011920529801324504,scenario,compound_48_80,902.2269736555295
8.666666666666666,ganglia,10.0,0.983238339831,0.016761660169,0.3932953359324,39.32953359324,0.327746113277,32.7746113277,0.0983238339831,9.83238339831,0.006622516556291391,0.6622516556291391,0.006622516556291391,0.011920529801324504,scenario,compound_48_80,894.1853932349884
8.75,ganglia,10.0,0.983239328594,0.016760671406,0.3932957314376,39.32957314376,0.32774644286466664,32.77464428646667,0.0983239328594,9.83239328594,0.006622516556291391,0.6622516556291391,0.006622516556291391,0.011920529801324504,scenario,compound_48_80,886.143812814447
8.833333333333334,ganglia,10.0,0.983240264011,0.016759735989,0.3932961056044,39.329610560439995,0.3277467546703333,32.77467546703333,0.0983240264011,9.832402640109999,0.006622516556291391,0.6622516556291391,0.006622516556291391,0.011920529801324504,scenario,compound_48_80,878.1022323939062
8.916666666666666,ganglia,10.0,0.983241146082,0.016758853918,0.3932964584328,39.32964584328,0.32774704869399995,32.7747048694,0.09832411460820001,9.832411460820001,0.006622516556291391,0.6622516556291391,0.006622516556291391,0.011920529801324504,scenario,compound_48_80,870.0606519733656
9.0,ganglia,10.0,0.983241974807,0.016758025193,0.39329678992280004,39.32967899228,0.32774732493566666,32.77473249356667,0.09832419748070001,9.83241974807,0.006622516556291391,0.6622516556291391,0.006622516556291391,0.011920529801324504,scenario,compound_48_80,862.0190715528239
9.083333333333334,ganglia,10.0,0.983242750185,0.016757249815,0.393297100074,39.329710007399996,0.327747583395,32.774758339499996,0.0983242750185,9.832427501849999,0.006622516556291391,0.6622516556291391,0.006622516556291391,0.011920529801324504,scenario,compound_48_80,853.9774911322831
9.166666666666666,ganglia,10.0,0.983243472217,0.016756527783,0.39329738888680005,39.329738888680005,0.3277478240723333,32.77478240723333,0.09832434722170001,9.832434722170001,0.006622516556291391,0.6622516556291391,0.006622516556291391,0.011920529801324504,scenario,compound_48_80,845.9359107117425
9.25,ganglia,10.0,0.983244146623,0.016755853377,0.39329765864919997,39.32976586492,0.3277480488743333,32.774804887433326,0.0983244146623,9.83244146623,0.006622516556291391,0.6622516556291391,0.006622516556291391,0.011920529801324504,scenario,compound_48_80,837.8943302912007
9.333333333333334,ganglia,10.0,0.983244789854,0.016755210146,0.3932979159416,39.32979159416,0.32774826328466666,32.774826328466666,0.0983244789854,9.83244789854,0.006622516556291391,0.6622516556291391,0.006622516556291391,0.011920529801324504,scenario,compound_48_80,829.8527498706603
9.416666666666666,ganglia,10.0,0.983245402936,0.016754597064,0.3932981611744,39.32981611744,0.32774846764533333,32.774846764533336,0.09832454029360001,9.832454029360001,0.006622516556291391,0.6622516556291391,0.006622516556291391,0.011920529801324504,scenario,compound_48_80,821.8111694501188
9.5,ganglia,10.0,0.98324598587,0.01675401413,0.39329839434799996,39.32983943479999,0.32774866195666663,32.77486619566666,0.098324598587,9.8324598587,0.006622516556291391,0.6622516556291391,0.006622516556291391,0.011920529801324504,scenario,compound_48_80,813.7695890295782
9.583333333333334,ganglia,10.0,0.983246538655,0.016753461345,0.393298615462,39.3298615462,0.32774884621833333,32.77488462183334,0.0983246538655,9.83246538655,0.006622516556291391,0.6622516556291391,0.006622516556291391,0.011920529801324504,scenario,compound_48_80,805.7280086090367
9.666666666666666,ganglia,10.0,0.983247061293,0.016752938707,0.3932988245172,39.329882451719996,0.32774902043099996,32.7749020431,0.0983247061293,9.832470612929999,0.006622516556291391,0.6622516556291391,0.006622516556291391,0.011920529801324504,scenario,compound_48_80,797.686428188496
9.75,ganglia,10.0,0.983247553782,0.016752446218,0.3932990215128,39.32990215128,0.327749184594,32.7749184594,0.09832475537820001,9.83247553782,0.006622516556291391,0.6622516556291391,0.006622516556291391,0.011920529801324504,scenario,compound_48_80,789.644847767955
9.833333333333334,ganglia,10.0,0.983248016123,0.016751983877,0.3932992064492,39.32992064492,0.32774933870766665,32.77493387076667,0.0983248016123,9.83248016123,0.006622516556291391,0.6622516556291391,0.006622516556291391,0.011920529801324504,scenario,compound_48_80,781.603267347414
9.916666666666666,ganglia,10.0,0.983248448316,0.016751551684,0.3932993793264,39.32993793264,0.327749482772,32.7749482772,0.0983248448316,9.83248448316,0.006622516556291391,0.6622516556291391,0.006622516556291391,0.011920529801324504,scenario,compound_48_80,773.5616869268729
10.0,ganglia,10.0,0.983248850362,0.016751149638,0.3932995401448,39.32995401448,0.32774961678733333,32.774961678733334,0.09832488503620002,9.832488503620002,0.006622516556291391,0.6622516556291391,0.006622516556291391,0.011920529801324504,scenario,compound_48_80,765.5201065063321
10.083333333333334,ganglia,10.0,0.983249228995,0.016750771005,0.393299691598,39.3299691598,0.3277497429983333,32.77497429983333,0.09832492289950001,9.83249228995,0.006622516556291391,0.6622516556291391,0.006622516556291391,0.011920529801324504,scenario,compound_48_80,757.4785260857909
10.166666666666666,ganglia,10.0,0.983249590683,0.016750409317,0.39329983627320003,39.329983627320004,0.327749863561,32.7749863561,0.09832495906830001,9.832495906830001,0.006622516556291391,0.6622516556291391,0.006622516556291391,0.011920529801324504,scenario,compound_48_80,749.4369456652502
10.25,ganglia,10.0,0.983249935426,0.016750064574,0.39329997417039997,39.32999741704,0.3277499784753333,32.774997847533335,0.0983249935426,9.832499354260001,0.006622516556291391,0.6622516556291391,0.006622516556291391,0.011920529801324504,scenario,compound_48_80,741.3953652447088
10.333333333333334,ganglia,10.0,0.983250263224,0.016749736776,0.3933001052896,39.33001052896,0.3277500877413333,32.775008774133326,0.0983250263224,9.83250263224,0.006622516556291391,0.6622516556291391,0.006622516556291391,0.011920529801324504,scenario,compound_48_80,733.353784824168
10.416666666666666,ganglia,10.0,0.983250574078,0.016749425922,0.3933002296312,39.33002296312,0.3277501913593333,32.775019135933334,0.09832505740780001,9.83250574078,0.006622516556291391,0.6622516556291391,0.006622516556291391,0.011920529801324504,scenario,compound_48_80,725.3122044036272
10.5,ganglia,10.0,0.983250867987,0.016749132013,0.3933003471948,39.33003471948,0.32775028932899997,32.7750289329,0.0983250867987,9.83250867987,0.006622516556291391,0.6622516556291391,0.006622516556291391,0.011920529801324504,scenario,compound_48_80,717.270623983086
10.583333333333334,ganglia,10.0,0.983251144951,0.016748855049,0.39330045798040003,39.330045798040004,0.3277503816503333,32.77503816503333,0.09832511449510001,9.832511449510001,0.006622516556291391,0.6622516556291391,0.006622516556291391,0.011920529801324504,scenario,compound_48_80,709.2290435625448
10.666666666666666,ganglia,10.0,0.98325140497,0.01674859503,0.393300561988,39.3300561988,0.3277504683233333,32.77504683233333,0.098325140497,9.8325140497,0.006622516556291391,0.6622516556291391,0.006622516556291391,0.011920529801324504,scenario,compound_48_80,701.1874631420037
10.75,ganglia,10.0,0.983251648044,0.016748351956,0.3933006592176,39.330065921759996,0.32775054934799996,32.775054934799996,0.09832516480440001,9.83251648044,0.006622516556291391,0.6622516556291391,0.006622516556291391,0.011920529801324504,scenario,compound_48_80,693.1458827214627
10.833333333333334,ganglia,10.0,0.983251874538,0.016748125462,0.3933007498152,39.33007498152,0.327750624846,32.7750624846,0.0983251874538,9.83251874538,0.006622516556291391,0.6622516556291391,0.006622516556291391,0.011920529801324504,scenario,compound_48_80,685.1043023009221
10.916666666666666,ganglia,10.0,0.983252089619,0.016747910381,0.3933008358476,39.330083584760004,0.32775069653966665,32.77506965396667,0.0983252089619,9.832520896190001,0.006622516556291391,0.6622516556291391,0.006622516556291391,0.011920529801324504,scenario,compound_48_80,677.0627218803806
11.0,ganglia,10.0,0.983252294962,0.016747705038,0.39330091798479994,39.33009179847999,0.3277507649873333,32.77507649873333,0.0983252294962,9.83252294962,0.006622516556291391,0.6622516556291391,0.006622516556291391,0.011920529801324504,scenario,compound_48_80,669.0211414598401
11.083333333333334,ganglia,10.0,0.983252490568,0.016747509432,0.3933009962272,39.33009962272,0.3277508301893333,32.77508301893333,0.09832524905680001,9.832524905680001,0.006622516556291391,0.6622516556291391,0.006622516556291391,0.011920529801324504,scenario,compound_48_80,660.9795610392987
11.166666666666666,ganglia,10.0,0.983252676437,0.016747323563,0.3933010705748,39.33010705748,0.32775089214566666,32.77508921456666,0.0983252676437,9.83252676437,0.006622516556291391,0.6622516556291391,0.006622516556291391,0.011920529801324504,scenario,compound_48_80,652.9379806187578
11.25,ganglia,10.0,0.983252852567,0.016747147433,0.3933011410268,39.33011410268,0.32775095085566663,32.77509508556666,0.0983252852567,9.83252852567,0.006622516556291391,0.6622516556291391,0.006622516556291391,0.011920529801324504,scenario,compound_48_80,644.8964001982167
11.333333333333334,ganglia,10.0,0.983253018961,0.016746981039,0.3933012075844,39.33012075844,0.3277510063203333,32.775100632033336,0.0983253018961,9.83253018961,0.006622516556291391,0.6622516556291391,0.006622516556291391,0.011920529801324504,scenario,compound_48_80,636.8548197776757
11.416666666666666,ganglia,10.0,0.983253175617,0.016746824383,0.3933012702468,39.33012702468,0.327751058539,32.7751058539,0.0983253175617,9.83253175617,0.006622516556291391,0.6622516556291391,0.006622516556291391,0.011920529801324504,scenario,compound_48_80,628.8132393571351
11.5,ganglia,10.0,0.983253322535,0.016746677465,0.39330132901399995,39.33013290139999,0.32775110751166664,32.775110751166665,0.0983253322535,9.83253322535,0.006622516556291391,0.6622516556291391,0.006622516556291391,0.011920529801324504,scenario,compound_48_80,620.7716589365939
11.583333333333334,ganglia,10.0,0.983253459716,0.016746540284,0.3933013838864,39.33013838864,0.32775115323866666,32.775115323866665,0.0983253459716,9.83253459716,0.006622516556291391,0.6622516556291391,0.006622516556291391,0.011920529801324504,scenario,compound_48_80,612.7300785160529
11.666666666666666,ganglia,10.0,0.983253588037,0.016746411963,0.39330143521480004,39.330143521480004,0.3277511960123333,32.775119601233335,0.09832535880370001,9.832535880370001,0.006622516556291391,0.6622516556291391,0.006622516556291391,0.011920529801324504,scenario,compound_48_80,604.6884980955122
11.75,ganglia,10.0,0.983253710786,0.016746289214,0.3933014843144,39.33014843144,0.32775123692866664,32.775123692866664,0.09832537107860001,9.83253710786,0.006622516556291391,0.6622516556291391,0.006622516556291391,0.011920529801324504,scenario,compound_48_80,596.6469176749707
11.833333333333334,ganglia,10.0,0.983253828278,0.016746171722,0.3933015313112,39.33015313112,0.32775127609266663,32.77512760926666,0.09832538282780001,9.832538282780002,0.006622516556291391,0.6622516556291391,0.006622516556291391,0.011920529801324504,scenario,compound_48_80,588.60533725443
11.916666666666666,ganglia,10.0,0.983253940511,0.016746059489,0.39330157620440004,39.330157620440005,0.32775131350366665,32.775131350366664,0.09832539405110001,9.832539405110001,0.006622516556291391,0.6622516556291391,0.006622516556291391,0.011920529801324504,scenario,compound_48_80,580.5637568338886
12.0,ganglia,10.0,0.983254047487,0.016745952513,0.3933016189948,39.33016189948,0.3277513491623333,32.77513491623333,0.0983254047487,9.83254047487,0.006622516556291391,0.6622516556291391,0.006622516556291391,0.011920529801324504,scenario,compound_48_80,572.5221764133478
0.0,brain,3.298609869433399,0.988660589067,0.011339410933,0.3521458390835217,35.21458390835217,0.13997425575569558,13.997425575569558,0.24716514726675,24.716514726675,0.006553981681549111,0.6553981681549111,0.006553981681549111,0.009175574354168754,scenario,compound_48_80,0.001
0.08333333333333333,brain,3.4234610085685535,0.988634877328,0.011365122672,0.35552932753349265,35.55293275334927,0.14449414426865687,14.449414426865687,0.247158719332,24.715871933200003,0.00680036047924728,0.680036047924728,0.00680036047924728,0.009520504670946192,scenario,compound_48_80,24.22978810654872
0.16666666666666666,brain,3.5542325100494567,0.988589946888,0.011410053112,0.35902796914182444,35.902796914182446,0.14917397655976597,14.917397655976597,0.247147486722,24.7147486722,0.007058291402562135,0.7058291402562135,0.007058291402562135,0.009881607963586989,scenario,compound_48_80,48.45857621309744
0.25,brain,3.690401772892755,0.988523467985,0.011476532015,0.3626222206392729,36.26222206392729,0.15398847152403053,15.398847152403054,0.24713086699625,24.713086699625002,0.007326726417464488,0.7326726417464487,0.007326726417464488,0.010257416984450282,scenario,compound_48_80,72.68736431964616
0.3333333333333333,brain,3.8313334470864566,0.988430799728,0.011569200272,0.3662892805033325,36.62892805033325,0.15890877409511,15.890877409511,0.247107699932,24.7107699932,0.007604396933540125,0.7604396933540125,0.007604396933540125,0.010646155706956173,scenario,compound_48_80,96.91615242619491
0.4166666666666667,brain,3.976279894126553,0.988312780512,0.011687219488,0.37000619695766007,37.000619695766005,0.16390400243954678,16.390400243954677,0.247078195128,24.7078195128,0.007889815558307377,0.7889815558307377,0.007889815558307377,0.011045741781630328,scenario,compound_48_80,121.14494053274356
0.5,brain,4.124383964141381,0.988170411122,0.011829588878,0.37374824851414523,37.37482485141452,0.1689408609781936,16.89408609781936,0.2470426027805,24.70426027805,0.008181282428176992,0.8181282428176992,0.008181282428176992,0.011453795399447788,scenario,compound_48_80,145.37372863929232
0.5833333333333334,brain,4.2746842148746875,0.988004430335,0.011995569665,0.37748911636260335,37.74891163626034,0.17398401170513783,17.398401170513782,0.24700110758375,24.700110758375,0.008476896319969172,0.8476896319969172,0.008476896319969172,0.01186765484795684,scenario,compound_48_80,169.60251674584103
0.6666666666666666,brain,4.426122638850533,0.987816377809,0.012183622191,0.3812016528191363,38.12016528191363,0.1789967444891817,17.89967444891817,0.24695409445225,24.695409445225,0.008774570626310454,0.8774570626310454,0.008774570626310454,0.012284398876834635,scenario,compound_48_80,193.83130485238985
0.75,brain,4.577554899300781,0.987607719215,0.012392280785,0.3848579400395925,38.48579400395925,0.18394134698112335,18.394134698112335,0.24690192980375,24.690192980375,0.009072054146788851,0.9072054146788852,0.009072054146788851,0.012700875805504391,scenario,compound_48_80,218.06009295893844
0.8333333333333334,brain,4.7277630047613926,0.987379830158,0.012620169842,0.38842967645755555,38.84296764575556,0.18877962522407407,18.877962522407408,0.2468449575395,24.68449575395,0.009366956508625408,0.9366956508625408,0.009366956508625408,0.01311373911207557,scenario,compound_48_80,242.28888106548715
0.9166666666666666,brain,4.875470278836703,0.987134086242,0.012865913758,0.39188860434140826,39.18886043414083,0.19347344370787772,19.347344370787773,0.2467835215605,24.67835215605,0.009656777890484636,0.9656777890484636,0.009656777890484636,0.01351948904667849,scenario,compound_48_80,266.5176691720358
1.0,brain,5.019358407956029,0.986872084868,0.013127915132,0.39520698172479973,39.520698172479975,0.19798528067706625,19.798528067706624,0.246718021217,24.6718021217,0.00993894258584317,0.993894258584317,0.00993894258584317,0.013914519620180437,scenario,compound_48_80,290.7464572785846
1.0833333333333333,brain,5.158086278643152,0.986596774512,0.013403225488,0.39835840638767583,39.835840638767586,0.2022789503462344,20.22789503462344,0.246649193628,24.6649193628,0.010210835813084407,1.0210835813084407,0.010210835813084407,0.014295170138318169,scenario,compound_48_80,285.26680677941215
1.1666666666666667,brain,5.290310249594659,0.986310381222,0.013689618778,0.4013173316184617,40.13173316184617,0.20631964841728234,20.631964841728234,0.2465775953055,24.65775953055,0.010469843063053083,1.0469843063053084,0.010469843063053083,0.014657780288274315,scenario,compound_48_80,279.7871562802396
1.25,brain,5.414705445380591,0.986014938141,0.013985061859,0.40405957753683885,40.405957753683886,0.2100744573354518,21.00744573354518,0.24650373453525,24.650373453525003,0.01071339117568622,1.071339117568622,0.01071339117568622,0.014998747645960707,scenario,compound_48_80,274.307505781067
1.3333333333333333,brain,5.529987610338381,0.985712478413,0.014287521587,0.4065626800712441,40.65626800712441,0.2135127472906588,21.35127472906588,0.24642811960325,24.642811960325,0.010938990259467823,1.0938990259467822,0.010938990259467823,0.015314586363254952,scenario,compound_48_80,268.82785528189453
1.4166666666666667,brain,5.63493502544428,0.985405201998,0.014594798002,0.4088061969566822,40.880619695668216,0.2166065286095763,21.66065286095763,0.2463513004995,24.63513004995,0.011144275514034097,1.1144275514034097,0.011144275514034097,0.015601985719647734,scenario,compound_48_80,263.34820478272206
1.5,brain,5.72840996943811,0.985096547373,0.014903452627,0.41077235757085395,41.0772357570854,0.2193309609701386,21.93309609701386,0.24627413684325,24.627413684325,0.011327047989620132,1.1327047989620131,0.011327047989620132,0.015857867185468184,scenario,compound_48_80,257.86855428354954
1.5833333333333333,brain,5.809379199580706,0.984789350311,0.015210649689,0.41244546941265664,41.24454694126566,0.22166417577987552,22.166417577987552,0.24619733757775,24.619733757775002,0.011485313318574226,1.1485313318574226,0.011485313318574226,0.016079438646003915,scenario,compound_48_80,252.38890378437725
1.6666666666666667,brain,5.8769329379053765,0.984486240777,0.015513759223,0.41381221047013217,41.38122104701322,0.22358753370117618,22.35875337011762,0.24612156019425,24.612156019425,0.011617317484264002,1.1617317484264003,0.011617317484264002,0.016264244477969602,scenario,compound_48_80,246.90925328520453
1.75,brain,5.930301875831601,0.984189848734,0.015810151266,0.4148618169315724,41.48618169315724,0.22508580633076328,22.508580633076328,0.2460474621835,24.604746218349998,0.011721578750756563,1.1721578750756563,0.011721578750756563,0.016410210251059185,scenario,compound_48_80,241.4296027860322
1.8333333333333333,brain,5.968871753040974,0.983902795594,0.016097204406,0.41558615580075353,41.558615580075355,0.22614727586967137,22.61472758696714,0.2459756988985,24.59756988985,0.011796914961113118,1.1796914961113119,0.011796914961113118,0.016515680945558366,scenario,compound_48_80,235.9499522868597
1.9166666666666667,brain,5.992195124429902,0.983627624532,0.016372375468,0.4159797480310877,41.59797480310877,0.22676378919745024,22.676378919745023,0.245906906133,24.5906906133,0.011842465520552832,1.1842465520552832,0.011842465520552832,0.016579451728773963,scenario,compound_48_80,230.47030178768705
2.0,brain,6.0,0.98336691286,0.01663308714,0.41603984774846153,41.603984774846154,0.2269308260446154,22.69308260446154,0.245841728215,24.5841728215,0.011857707509881422,1.185770750988142,0.011857707509881422,0.01660079051383399,scenario,compound_48_80,224.9906512885146
2.0833333333333335,brain,5.992195124429902,0.983123252937,0.016876747063,0.4157664474244664,41.57664474244664,0.22664751225362184,22.664751225362185,0.24578081323425,24.578081323425,0.011842465520552832,1.1842465520552832,0.011842465520552832,0.016579451728773963,scenario,compound_48_80,220.54641233177713
2.1666666666666665,brain,5.968871753040974,0.982899237119,0.017100762881,0.41516226737334566,41.51622673733456,0.22591661079146091,22.591661079146093,0.24572480927975,24.572480927975,0.011796914961113118,1.1796914961113119,0.011796914961113118,0.016515680945558366,scenario,compound_48_80,216.1021733750398
2.25,brain,5.930301875831601,0.982697226128,0.017302773872,0.4142326373813924,41.42326373813924,0.22474444113252312,22.47444411325231,0.245674306532,24.567430653200002,0.011721578750756563,1.1721578750756563,0.011721578750756563,0.016410210251059185,scenario,compound_48_80,211.65793441830246
2.3333333333333335,brain,5.8769329379053765,0.982517074906,0.017482925094,0.41298450476119536,41.298450476119534,0.22314031471292714,22.314031471292715,0.2456292687265,24.56292687265,0.011617317484264002,1.1617317484264003,0.011617317484264002,0.016264244477969602,scenario,compound_48_80,207.21369546156492
2.4166666666666665,brain,5.809379199580706,0.982359943773,0.017640056227,0.4114279952496357,41.14279952496357,0.22111734574184763,22.111734574184762,0.24558998594325,24.558998594324997,0.011485313318574226,1.1485313318574226,0.011485313318574226,0.016079438646003915,scenario,compound_48_80,202.7694565048277
2.5,brain,5.72840996943811,0.982227611814,0.017772388186,0.409576049019746,40.9576049019746,0.2186921947549946,21.86921947549946,0.2455569029535,24.55569029535,0.011327047989620132,1.1327047989620131,0.011327047989620132,0.015857867185468184,scenario,compound_48_80,198.3252175480902
2.5833333333333335,brain,5.63493502544428,0.982121858114,0.017878141886,0.40744406559813295,40.74440655981329,0.21588480142617733,21.588480142617733,0.2455304645285,24.55304645285,0.011144275514034097,1.1144275514034097,0.011144275514034097,0.015601985719647734,scenario,compound_48_80,193.88097859135274
2.6666666666666665,brain,5.529987610338382,0.982044461756,0.017955538244,0.40504978588021506,40.50497858802151,0.21271822725495343,21.271822725495344,0.245511115439,24.5511115439,0.010938990259467825,1.0938990259467825,0.010938990259467825,0.015314586363254954,scenario,compound_48_80,189.43673963461538
2.75,brain,5.414705445380591,0.981997201825,0.018002798175,0.4024131472692021,40.24131472692021,0.20921846241726938,20.92184624172694,0.24549930045625,24.549930045625,0.01071339117568622,1.071339117568622,0.01071339117568622,0.014998747645960707,scenario,compound_48_80,184.99250067787798
2.8333333333333335,brain,5.290310249594658,0.981981857406,0.018018142594,0.3995561095318282,39.95561095318282,0.20541419357377097,20.541419357377098,0.2454954643515,24.54954643515,0.010469843063053081,1.0469843063053081,0.010469843063053081,0.014657780288274313,scenario,compound_48_80,180.5482617211407
2.9166666666666665,brain,5.158086278643152,0.981999915587,0.018000084413,0.39650233160306303,39.6502331603063,0.20133647027508408,20.13364702750841,0.24549997889675,24.549997889674998,0.010210835813084407,1.0210835813084407,0.010210835813084407,0.014295170138318169,scenario,compound_48_80,176.10402276440325
3.0,brain,5.019358407956029,0.982047422632,0.017952577368,0.3932748770180522,39.32748770180522,0.1970173618134029,19.70173618134029,0.245511855658,24.551185565799997,0.00993894258584317,0.993894258584317,0.00993894258584317,0.013914519620180437,scenario,compound_48_80,171.65978380766583
3.0833333333333335,brain,4.875470278836703,0.982121969945,0.017878030055,0.38989881259193504,38.9898812591935,0.1924910934742467,19.24910934742467,0.24553049248625,24.553049248625,0.009656777890484636,0.9656777890484636,0.009656777890484636,0.01351948904667849,scenario,compound_48_80,167.2155448509285
3.1666666666666665,brain,4.7277630047613926,0.982222742995,0.017777257005,0.3864009073486434,38.640090734864344,0.18779362879985784,18.779362879985783,0.24555568574875,24.555568574875,0.009366956508625408,0.9366956508625408,0.009366956508625408,0.01311373911207557,scenario,compound_48_80,162.77130589419102
3.25,brain,4.577554899300781,0.982348927256,0.017651072744,0.38280865690717003,38.280865690717,0.18296190012422675,18.296190012422674,0.245587231814,24.558723181399998,0.009072054146788851,0.9072054146788852,0.009072054146788851,0.012700875805504391,scenario,compound_48_80,158.32706693745368
3.3333333333333335,brain,4.426122638850533,0.982499708196,0.017500291804,0.3791499321861334,37.91499321861334,0.17803334018284456,17.803334018284456,0.245624927049,24.5624927049,0.008774570626310454,0.8774570626310454,0.008774570626310454,0.012284398876834635,scenario,compound_48_80,153.8828279807162
3.4166666666666665,brain,4.2746842148746875,0.982673364572,0.017326635428,0.3754522638522726,37.54522638522726,0.1730452302790301,17.30452302790301,0.245668341143,24.5668341143,0.008476896319969172,0.8476896319969172,0.008476896319969172,0.01186765484795684,scenario,compound_48_80,149.43858902397892
3.5,brain,4.124383964141381,0.982867702817,0.017132297183,0.3717426451090353,37.174264510903534,0.16803429253971372,16.803429253971373,0.24571692570425,24.571692570425,0.008181282428176992,0.8181282428176992,0.008181282428176992,0.011453795399447788,scenario,compound_48_80,144.99435006724144
3.5833333333333335,brain,3.976279894126553,0.983081279318,0.016918720682,0.3680476187632462,36.80476187632462,0.16303639857832822,16.30363985783282,0.2457703198295,24.57703198295,0.007889815558307377,0.7889815558307377,0.007889815558307377,0.011045741781630328,scenario,compound_48_80,140.55011111050402
3.6666666666666665,brain,3.8313334470864575,0.983312650684,0.016687349316,0.3643926144632299,36.43926144632299,0.15808593572297322,15.808593572297323,0.245828162671,24.5828162671,0.0076043969335401265,0.7604396933540126,0.0076043969335401265,0.010646155706956177,scenario,compound_48_80,136.10587215376668
3.75,brain,3.690401772892755,0.98356037352,0.01643962648,0.36080159786760585,36.08015978676058,0.15321533931680778,15.321533931680777,0.24589009338,24.589009338,0.007326726417464488,0.7326726417464487,0.007326726417464488,0.010257416984450282,scenario,compound_48_80,131.66163319702932
3.8333333333333335,brain,3.554232510049456,0.983822700765,0.016177299235,0.3572966398891573,35.729663988915725,0.14845461959720965,14.845461959720966,0.24595567519125,24.595567519125,0.007058291402562133,0.7058291402562133,0.007058291402562133,0.009881607963586987,scenario,compound_48_80,127.21739424029185
3.9166666666666665,brain,3.4234610085685535,0.984097036756,0.015902963244,0.3538974455879783,35.38974455879783,0.14383091519863772,14.383091519863772,0.246024259189,24.6024259189,0.00680036047924728,0.680036047924728,0.00680036047924728,0.009520504670946192,scenario,compound_48_80,122.77315528355449
4.0,brain,3.298609869433399,0.98438142488,0.01561857512,0.35062166599533445,35.06216659953345,0.13936841303377925,13.936841303377925,0.24609535622,24.609535622,0.006553981681549111,0.6553981681549111,0.006553981681549111,0.009175574354168754,scenario,compound_48_80,118.3289163268171
4.083333333333333,brain,3.1800906246977716,0.984673967245,0.015326032755,0.347484503760425,34.7484503760425,0.13508801593223332,13.508801593223332,0.24616849181125,24.616849181125,0.006319984999306493,0.6319984999306494,0.006319984999306493,0.00884797899902909,scenario,compound_48_80,116.8384504189261
4.166666666666667,brain,3.068207340905373,0.984972765961,0.015027234039,0.3444985725798713,34.449857257987134,0.13100717478616175,13.100717478616176,0.24624319149025,24.624319149025002,0.006098988757654079,0.6098988757654079,0.006098988757654079,0.00853858426071571,scenario,compound_48_80,115.34798451103507
4.25,brain,2.963161897088994,0.985275953005,0.014724046995,0.3416738497184953,34.16738497184953,0.1271398152896604,12.71398152896604,0.24631898825125,24.631898825125003,0.0058914093945021066,0.5891409394502106,0.0058914093945021066,0.008247973152302948,scenario,compound_48_80,113.85751860314402
4.333333333333333,brain,2.8650606673195496,0.985581983973,0.014418016027,0.33901777954361884,33.90177795436188,0.12349637806715844,12.349637806715844,0.24639549599325,24.639549599325,0.005697474116649731,0.5697474116649731,0.005697474116649731,0.007976463763309623,scenario,compound_48_80,112.36705269525308
4.416666666666667,brain,2.7739223264281865,0.985889181445,0.014110818555,0.33653517427365953,33.653517427365955,0.12008383854987936,12.008383854987937,0.24647229536125,24.647229536125,0.005517235885251832,0.5517235885251831,0.005517235885251832,0.007724130239352564,scenario,compound_48_80,110.87658678736204
4.5,brain,2.6896864955750113,0.986195797356,0.013804202644,0.3342283511233274,33.42283511233274,0.1169058690457698,11.69058690457698,0.246548949339,24.6548949339,0.005350590170897981,0.5350590170897981,0.005350590170897981,0.007490826239257173,scenario,compound_48_80,109.386120879471
4.583333333333333,brain,2.6122229509454327,0.986500083643,0.013499916357,0.33209731719467495,33.20973171946749,0.11396306171189989,11.39630617118999,0.24662502091075,24.662502091075,0.005197292926161853,0.5197292926161853,0.005197292926161853,0.007276210096626594,scenario,compound_48_80,107.89565497158006
4.666666666666667,brain,2.5413411329464504,0.986800299142,0.013199700858,0.330139970023633,33.0139970023633,0.11125319365084399,11.1253193650844,0.2467000747855,24.670007478549998,0.005056979247154401,0.5056979247154401,0.005056979247154401,0.00707977094601616,scenario,compound_48_80,106.40518906368902
4.75,brain,2.476799713610589,0.987096155774,0.012903844226,0.3283528059525343,32.83528059525343,0.10877168934537908,10.877168934537908,0.2467740389435,24.67740389435,0.00492918223293544,0.492918223293544,0.00492918223293544,0.006900855126109615,scenario,compound_48_80,104.91472315579796
4.833333333333333,brain,2.4183160051560058,0.987387409306,0.012612590694,0.32673068842724845,32.673068842724845,0.10651178146766459,10.651178146766458,0.2468468523265,24.68468523265,0.004813351599887111,0.48133515998871107,0.004813351599887111,0.006738692239841955,scenario,compound_48_80,103.42425724790697
4.916666666666667,brain,2.3655750214241884,0.987672889739,0.012327110261,0.3252667887604431,32.526678876044315,0.10446475510092419,10.44647551009242,0.24691822243475,24.691822243475002,0.004708871664471246,0.47088716644712464,0.004708871664471246,0.006592420330259744,scenario,compound_48_80,101.93379134001593
5.0,brain,2.318238034872911,0.987951427077,0.012048572923,0.32395315879975306,32.39531587997531,0.10262040270733738,10.262040270733738,0.24698785676925,24.698785676925,0.004615078369326437,0.46150783693264374,0.004615078369326437,0.006461109717057012,scenario,compound_48_80,100.44332543212495
5.083333333333333,brain,2.2759505036689576,0.988221851323,0.011778148677,0.32278098641339603,32.278098641339604,0.10096736477686133,10.096736477686132,0.24705546283075,24.705546283075,0.004531275091683555,0.45312750916835554,0.004531275091683555,0.006343785128356977,scenario,compound_48_80,98.95285952423394
5.166666666666667,brain,2.238349275047944,0.98848299248,0.01151700752,0.32174083892291977,32.174083892291975,0.09949345440389303,9.949345440389303,0.24712074812,24.712074812,0.004456747037096772,0.4456747037096772,0.004456747037096772,0.006239445851935481,scenario,compound_48_80,97.46239361634292
5.25,brain,2.205069001482631,0.98873368055,0.01126631945,0.3208228892230406,32.08228892230406,0.09818595878072081,9.818595878072081,0.2471834201375,24.71834201375,0.004390774083317986,0.43907740833179865,0.004390774083317986,0.00614708371664518,scenario,compound_48_80,95.97192770845194
5.333333333333333,brain,2.17574773449363,0.988972745538,0.011027254462,0.3200171206507592,32.00171206507592,0.0970319123550123,9.70319123550123,0.2472431863845,24.72431863845,0.004332641996968706,0.43326419969687063,0.004332641996968706,0.006065698795756189,scenario,compound_48_80,94.48146180056096
5.416666666666667,brain,2.150031686497175,0.989200757924,0.010799242076,0.3193140697751355,31.93140697751355,0.09601850705884735,9.601850705884734,0.247300189481,24.7300189481,0.004281651998061577,0.4281651998061577,0.004281651998061577,0.0059943127972862074,scenario,compound_48_80,92.99099589266991
5.5,brain,2.1275791734486282,0.989419419053,0.010580580947,0.31870477966744115,31.870477966744115,0.09513323320558816,9.513323320558815,0.24735485476325,24.735485476325,0.004237128693370782,0.42371286933707825,0.004237128693370782,0.005931980170719095,scenario,compound_48_80,91.50052998477886
5.583333333333333,brain,2.1080637699210607,0.989628774034,0.010371225966,0.3181800318467052,31.818003184670516,0.09436378445094021,9.436378445094022,0.2474071935085,24.74071935085,0.0041984264385107155,0.41984264385107156,0.0041984264385107155,0.005877797013915002,scenario,compound_48_80,90.01006407688786
5.666666666666667,brain,2.091176723534449,0.989828863859,0.010171136141,0.31773098769346525,31.773098769346525,0.09369836230495367,9.369836230495366,0.24745721596475,24.745721596475,0.004164934220076745,0.41649342200767453,0.004164934220076745,0.005830907908107443,scenario,compound_48_80,88.51959816899688
5.75,brain,2.0766286873485167,0.990019729518,0.009980270482,0.3173492709492839,31.734927094928388,0.09312578475971185,9.312578475971184,0.2475049323795,24.75049323795,0.004136079173367913,0.4136079173367913,0.004136079173367913,0.005790510842715078,scenario,compound_48_80,87.02913226110581
5.833333333333333,brain,2.064150837101402,0.990201420334,0.009798579666,0.31702702922920906,31.702702922920906,0.09263556552761207,9.263556552761207,0.2475503550835,24.75503550835,0.0041113288683523866,0.41113288683523863,0.0041113288683523866,0.005755860415693341,scenario,compound_48_80,85.53866635321482
5.916666666666667,brain,2.0534954452680987,0.990374217852,0.009625782148,0.31675704434549856,31.675704434549857,0.09221798650999809,9.221798650999808,0.247593554463,24.7593554463,0.004090192507168716,0.4090192507168716,0.004090192507168716,0.0057262695100362025,scenario,compound_48_80,84.0482004453238
6.0,brain,2.044435986152969,0.990538353313,0.009461646687,0.31653266276015585,31.653266276015586,0.09186409924254113,9.186409924254113,0.24763458832825,24.763458832825,0.0040722211812528825,0.40722211812528825,0.0040722211812528825,0.0057011096537540355,scenario,compound_48_80,82.55773453743284
6.083333333333333,brain,2.0367668459969135,0.990693975066,0.009306024934,0.3163477912613887,31.634779126138866,0.09156572999318487,9.156572999318486,0.2476734937665,24.76734937665,0.004057007335922282,0.4057007335922282,0.004057007335922282,0.005679810270291194,scenario,compound_48_80,81.06726862954183
6.166666666666667,brain,2.0303027097770396,0.990841231455,0.009158768545,0.3161969168660327,31.619691686603268,0.09131547866971026,9.131547866971026,0.24771030786375,24.771030786375,0.004044183585768038,0.4044183585768038,0.004044183585768038,0.005661857020075253,scenario,compound_48_80,79.5768027216508
6.25,brain,2.0248776924181273,0.990980270828,0.009019729172,0.31607508996803796,31.607508996803794,0.09110669634805059,9.11066963480506,0.247745067707,24.7745067707,0.004033421016355955,0.40334210163559553,0.004033421016355955,0.005646789422898337,scenario,compound_48_80,78.08633681375979
6.333333333333333,brain,2.020344276924051,0.991111293924,0.008888706076,0.3159779162665334,31.597791626653336,0.09093345704737779,9.093345704737779,0.247777823481,24.7777823481,0.004024427097340084,0.40244270973400836,0.004024427097340084,0.005634197936276117,scenario,compound_48_80,76.5958709058688
6.416666666666667,brain,2.016572115853382,0.991234803501,0.008765196499,0.31590160565914865,31.590160565914864,0.09079053971186485,9.079053971186484,0.24780870087525,24.780870087525,0.004016943319926908,0.40169433199269083,0.004016943319926908,0.005623720647897671,scenario,compound_48_80,75.10540499797777
6.5,brain,2.013446745951729,0.991351125069,0.008648874931,0.3158427847510695,31.584278475106952,0.09067333797842601,9.0673337978426,0.24783778126725,24.783778126725,0.004010742658394669,0.40107426583946687,0.004010742658394669,0.005615039721752536,scenario,compound_48_80,73.61493909008674
6.583333333333333,brain,2.010868258917294,0.991460540627,0.008539459373,0.3157985024709212,31.57985024709212,0.09057782308556162,9.057782308556162,0.24786513515675,24.786513515674997,0.004005626941686386,0.4005626941686386,0.004005626941686386,0.00560787771836094,scenario,compound_48_80,72.12447318219576
6.666666666666667,brain,2.0087499644727314,0.991563332176,0.008436667824,0.31576620573087133,31.576620573087133,0.09050049691582843,9.050049691582842,0.247890833044,24.789083304400002,0.004001424207476246,0.4001424207476246,0.004001424207476246,0.005601993890466744,scenario,compound_48_80,70.63400727430472
6.75,brain,2.007017075354788,0.991659781714,0.008340218286,0.3157437011849357,31.574370118493572,0.09043834100858093,9.043834100858094,0.2479149454285,24.79149454285,0.003997986097978229,0.3997986097978229,0.003997986097978229,0.00559718053716952,scenario,compound_48_80,69.14354136641373
6.833333333333333,brain,2.0056054376755417,0.991750211305,0.008249788695,0.3157291305986478,31.57291305986478,0.09038877036319708,9.038877036319708,0.24793755282625,24.793755282625,0.003995185344448388,0.3995185344448388,0.003995185344448388,0.005593259482227744,scenario,compound_48_80,67.65307545852271
6.916666666666667,brain,2.004460324472655,0.991835011227,0.008164988773,0.3157209439413464,31.57209439413464,0.09034958817946186,9.034958817946185,0.24795875280675,24.795875280675002,0.003992913376062563,0.3992913376062563,0.003992913376062563,0.005590078726487588,scenario,compound_48_80,66.16260955063167
7.0,brain,2.0035353052277403,0.991914507465,0.008085492535,0.3157178233603316,31.57178233603316,0.09031892865877551,9.031892865877552,0.24797862686625,24.797862686625,0.0039910780787819605,0.39910780787819605,0.0039910780787819605,0.005587509310294744,scenario,compound_48_80,64.67214364274066
7.083333333333333,brain,2.0027911997326355,0.991989023397,0.008010976603,0.3157186713365846,31.57186713365846,0.09029522064977942,9.029522064977941,0.24799725584925,24.799725584925,0.003989601721030634,0.39896017210306345,0.003989601721030634,0.005585442409442888,scenario,compound_48_80,63.18167773484968
7.166666666666667,brain,2.0021951209337283,0.992058882401,0.007941117599,0.3157225825807716,31.572258258077163,0.09027714930736218,9.027714930736218,0.24801472060025,24.801472060025002,0.0039884190555210496,0.39884190555210497,0.0039884190555210496,0.005583786677729469,scenario,compound_48_80,61.691211826958686
7.25,brain,2.001719608270371,0.992124407296,0.007875592704,0.315728817569188,31.572881756918804,0.09026362099358405,9.026362099358405,0.248031101824,24.8031101824,0.0039874756003473125,0.3987475600347313,0.0039874756003473125,0.005582465840486237,scenario,compound_48_80,60.20074591906765
7.333333333333333,brain,2.00134185051161,0.992185766633,0.007814233367,0.3157367299962222,31.57367299962222,0.09025371778396298,9.025371778396298,0.24804644165825,24.804644165825,0.003986726097452503,0.3986726097452503,0.003986726097452503,0.005581416536433504,scenario,compound_48_80,58.71028001117664
7.416666666666667,brain,2.0010429951386755,0.992243119868,0.007756880132,0.3157457919318347,31.57457919318347,0.09024668261977965,9.024668261977965,0.248060779967,24.806077996699997,0.003986133142671685,0.39861331426716845,0.003986133142671685,0.005580586399740358,scenario,compound_48_80,57.21981410328561
7.5,brain,2.0008075398624037,0.992296728518,0.007703271482,0.3157556106157846,31.575561061578462,0.09024190464837946,9.024190464837947,0.2480741821295,24.80741821295,0.003985665978641927,0.39856659786419274,0.003985665978641927,0.0055799323700986975,scenario,compound_48_80,55.72934819539462
7.583333333333333,brain,2.0006228008433493,0.992346854101,0.007653145899,0.31576587972311077,31.576587972311078,0.09023888826381435,9.023888826381436,0.24808671352525,24.808671352525,0.003985299439831668,0.39852994398316677,0.003985299439831668,0.005579419215764335,scenario,compound_48_80,54.23888228750362
7.666666666666667,brain,2.000478451534324,0.992393758133,0.007606241867,0.3157763652527624,31.577636525276244,0.09023723429268327,9.023723429268326,0.24809843953325,24.809843953325,0.003985013037646856,0.3985013037646856,0.003985013037646856,0.0055790182527055985,scenario,compound_48_80,52.748416379612586
7.75,brain,2.0003661257282,0.992437702132,0.007562297868,0.3157868933724588,31.57868933724588,0.0902366237859451,9.02366237859451,0.248109425533,24.8109425533,0.003984790172896407,0.39847901728964064,0.003984790172896407,0.005578706242054969,scenario,compound_48_80,51.25795047172159
7.833333333333333,brain,2.000279078308784,0.992478947614,0.007521052386,0.315797340020756,31.5797340020756,0.09023680415634136,9.023680415634136,0.2481197369035,24.81197369035,0.003984617462726058,0.39846174627260583,0.003984617462726058,0.005578464447816481,scenario,compound_48_80,49.767484563830585
7.916666666666667,brain,2.000211897314992,0.992517756097,0.007482243903,0.3158076220790648,31.58076220790648,0.09023757740641977,9.023757740641978,0.24812943902425,24.812943902425,0.003984484169349591,0.3984484169349591,0.003984484169349591,0.005578277837089427,scenario,compound_48_80,48.27701865593956
8.0,brain,2.000160261189572,0.992554218956,0.007445781044,0.31581763578644756,31.581763578644757,0.09023877472993004,9.023877472993004,0.248138554739,24.813855473900002,0.003984381718421948,0.3984381718421948,0.003984381718421948,0.005578134405790727,scenario,compound_48_80,46.78655274804855
8.083333333333334,brain,2.000120735450689,0.992588267738,0.007411732262,0.315827253782365,31.582725378236496,0.09024024913048659,9.02402491304866,0.2481470669345,24.81470669345,0.003984303295625568,0.3984303295625568,0.003984303295625568,0.005578024613875795,scenario,compound_48_80,46.3465932624449
8.166666666666666,brain,2.000090603461533,0.99262005951,0.00737994049,0.31583644252310944,31.583644252310943,0.09024190352747927,9.024190352747926,0.2481550148775,24.815501487749998,0.003984243510906931,0.3984243510906931,0.003984243510906931,0.005577940915269703,scenario,compound_48_80,45.90663377684126
8.25,brain,2.0000677264497444,0.992649754535,0.007350245465,0.31584518724161426,31.584518724161427,0.09024366481048568,9.024366481048569,0.24816243863375,24.816243863375,0.0039841981207453196,0.398419812074532,0.0039841981207453196,0.005577877369043447,scenario,compound_48_80,45.4666742912376
8.333333333333334,brain,2.000050428420708,0.992677513075,0.007322486925,0.3158534873950778,31.58534873950778,0.09024547883510378,9.024547883510378,0.24816937826875,24.816937826874998,0.003984163799811992,0.39841637998119916,0.003984163799811992,0.005577829319736788,scenario,compound_48_80,45.02671480563395
8.416666666666666,brain,2.0000374020978122,0.992703495393,0.007296504607,0.31586135377577196,31.586135377577197,0.09024730657002933,9.024730657002934,0.24817587384825,24.817587384825,0.003984137954347998,0.39841379543479977,0.003984137954347998,0.005577793136087196,scenario,compound_48_80,44.586755320030306
8.5,brain,2.000027632494553,0.992727861751,0.007272138249,0.3158688061618712,31.58688061618712,0.09024912096549495,9.024912096549494,0.24818196543775,24.818196543775002,0.003984118570524738,0.3984118570524738,0.003984118570524738,0.0055777659987346325,scenario,compound_48_80,44.14679583442665
8.583333333333334,brain,2.0000203351678607,0.992750772413,0.007249227587,0.3158758714207151,31.58758714207151,0.09025090442328682,9.02509044232868,0.24818769310325,24.818769310325,0.003984104091933138,0.3984104091933138,0.003984104091933138,0.005577745728706392,scenario,compound_48_80,43.706836348823
8.666666666666666,brain,2.000014906612688,0.992772319878,0.007227680122,0.3158825604217944,31.58825604217944,0.0902526406030592,9.02526406030592,0.2481930799695,24.81930799695,0.003984093321162056,0.39840933211620566,0.003984093321162056,0.005577730649626879,scenario,compound_48_80,43.26687686321936
8.75,brain,2.0000108846309983,0.992792425474,0.007207574526,0.3158888339165371,31.58888339165371,0.09025430339738275,9.025430339738275,0.2481981063685,24.81981063685,0.003984085341166732,0.3984085341166732,0.003984085341166732,0.005577719477633424,scenario,compound_48_80,42.8269173776157
8.833333333333334,brain,2.0000079168422387,0.992811169192,0.007188830808,0.3158947065174929,31.58947065174929,0.09025588562599053,9.025588562599053,0.248202792298,24.8202792298,0.003984079452790657,0.3984079452790657,0.003984079452790657,0.00557771123390692,scenario,compound_48_80,42.38695789201206
8.916666666666666,brain,2.00000573579747,0.992828644342,0.007171355658,0.31590019968720273,31.590019968720274,0.09025738480227032,9.025738480227032,0.2482071610855,24.820716108550002,0.003984075125389685,0.3984075125389685,0.003984075125389685,0.005577705175545559,scenario,compound_48_80,41.94699840640841
9.0,brain,2.0000041394168444,0.992844944232,0.007155055768,0.31590533689814604,31.590533689814603,0.09025880112019474,9.025880112019474,0.248211236058,24.8211236058,0.003984071958018147,0.3984071958018147,0.003984071958018147,0.005577700741225405,scenario,compound_48_80,41.50703892080476
9.083333333333334,brain,2.000002975692527,0.992860162173,0.007139837827,0.3159101431639142,31.59101431639142,0.0902601368275523,9.026013682755229,0.24821504054325,24.821504054325,0.003984069649078009,0.3984069649078009,0.003984069649078009,0.005577697508709212,scenario,compound_48_80,41.0670794352011
9.166666666666666,brain,2.000002130789182,0.992874391475,0.007125608525,0.3159146446719775,31.59146446719775,0.09026139573763668,9.026139573763668,0.24821859786875,24.821859786875,0.003984067972709109,0.39840679727091094,0.003984067972709109,0.0055776951617927525,scenario,compound_48_80,40.62711994959747
9.25,brain,2.000001519835027,0.992887725446,0.007112274554,0.3159188685001355,31.59188685001355,0.090262582851514,9.0262582851514,0.2482219313615,24.822193136150002,0.003984066760517734,0.39840667605177343,0.003984066760517734,0.005577693464724828,scenario,compound_48_80,40.18716046399381
9.333333333333334,brain,2.000001079831401,0.992900239453,0.007099760547,0.31592283669056626,31.592283669056627,0.09026370243642166,9.026370243642166,0.24822505986325,24.822505986324998,0.0039840658875085295,0.39840658875085294,0.0039840658875085295,0.005577692242511941,scenario,compound_48_80,39.747200978390154
9.416666666666666,brain,2.0000007642210447,0.992911903306,0.007088096694,0.3159265382049301,31.592653820493013,0.09026474983790683,9.026474983790683,0.2482279758265,24.82279758265,0.003984065261307446,0.3984065261307446,0.003984065261307446,0.005577691365830424,scenario,compound_48_80,39.30724149278651
9.5,brain,2.0000005387478756,0.992922758224,0.007077241776,0.31592998510438264,31.592998510438264,0.09026572739784353,9.026572739784353,0.248230689556,24.8230689556,0.00398406481394715,0.398406481394715,0.00398406481394715,0.00557769073952601,scenario,compound_48_80,38.867282007182865
9.583333333333334,brain,2.0000003783168503,0.992932862888,0.007067137112,0.31593319528801733,31.593319528801732,0.09026663942135647,9.026663942135647,0.248233215722,24.8233215722,0.0039840644956366765,0.39840644956366766,0.0039840644956366765,0.005577690293891347,scenario,compound_48_80,38.427322521579214
9.666666666666666,brain,2.0000002646240653,0.992942275979,0.007057724021,0.3159361868638684,31.593618686386836,0.09026749049215779,9.026749049215779,0.24823556899475,24.823556899475,0.003984064270059335,0.3984064270059335,0.003984064270059335,0.005577689978083069,scenario,compound_48_80,37.98736303597558
9.75,brain,2.0000001843769075,0.992951056177,0.007048943823,0.31593897809383603,31.593897809383602,0.09026828539944808,9.026828539944807,0.24823776404425,24.823776404425,0.003984064110841311,0.3984064110841311,0.003984064110841311,0.005577689755177835,scenario,compound_48_80,37.54740355037193
9.833333333333334,brain,2.000000127963837,0.992959262164,0.007040737836,0.31594158735371725,31.594158735371725,0.090269029083623,9.026902908362299,0.248239815541,24.8239815541,0.0039840639989123915,0.39840639989123916,0.0039840639989123915,0.005577689598477348,scenario,compound_48_80,37.10744406476826
9.916666666666666,brain,2.000000088465007,0.992966952618,0.007033047382,0.3159440331008563,31.594403310085628,0.09026972659514165,9.026972659514165,0.2482417381545,24.824173815450003,0.003984063920542942,0.3984063920542942,0.003984063920542942,0.005577689488760118,scenario,compound_48_80,36.66748457916463
10.0,brain,2.000000060919919,0.992974187161,0.007025812839,0.3159463341532492,31.594633415324918,0.09027038315066557,9.027038315066557,0.24824354679025,24.824354679025003,0.003984063865890857,0.39840638658908567,0.003984063865890857,0.005577689412247199,scenario,compound_48_80,36.22752509356097
10.083333333333334,brain,2.0000000417879105,0.992981022512,0.007018977488,0.3159485084488988,31.594850844889883,0.09027100376119844,9.027100376119844,0.248245255628,24.8245255628,0.003984063827931125,0.3984063827931125,0.003984063827931125,0.005577689359103574,scenario,compound_48_80,35.787565607957326
10.166666666666666,brain,2.0000000285525914,0.992987468441,0.007012531559,0.3159505590190072,31.59505590190072,0.09027158921167626,9.027158921167626,0.24824686711025,24.824686711025002,0.003984063801670989,0.39840638016709884,0.003984063801670989,0.005577689322339384,scenario,compound_48_80,35.34760612235369
10.25,brain,2.000000019433183,0.992993524947,0.007006475053,0.31595248580845736,31.595248580845738,0.09027213942894317,9.027213942894317,0.24824838123675,24.824838123675,0.003984063783577211,0.39840637835772114,0.003984063783577211,0.0055776892970080955,scenario,compound_48_80,34.90764663675003
10.333333333333334,brain,2.0000000131748563,0.99299919203,0.00700080797,0.31595428877863496,31.595428877863498,0.0902726543615133,9.02726543615133,0.2482497980075,24.82497980075,0.003984063771160093,0.3984063771160093,0.003984063771160093,0.00557768927962413,scenario,compound_48_80,34.46768715114638
10.416666666666666,brain,2.0000000088971595,0.993004469691,0.006995530309,0.31595596790276403,31.595596790276403,0.09027313397335203,9.027313397335202,0.24825111742275,24.825111742275,0.003984063762672734,0.39840637626727343,0.003984063762672734,0.005577689267741828,scenario,compound_48_80,34.027727665542734
10.5,brain,2.000000005984948,0.993009357929,0.006990642071,0.31595752316159637,31.595752316159636,0.0902735782391285,9.02735782391285,0.24825233948225,24.825233948225,0.003984063756894629,0.3984063756894629,0.003984063756894629,0.00557768925965248,scenario,compound_48_80,33.58776817993907
10.583333333333334,brain,2.000000004010264,0.993013856745,0.006986143255,0.3159589545422804,31.59589545422804,0.09027398714137387,9.027398714137387,0.24825346418625,24.825346418625,0.0039840637529766675,0.39840637529766676,0.0039840637529766675,0.005577689254167334,scenario,compound_48_80,33.14780869433542
10.666666666666666,brain,2.0000000026766345,0.993017966138,0.006982033862,0.31596026203537436,31.596026203537438,0.09027436066783247,9.027436066783247,0.2482544915345,24.82544915345,0.003984063750330618,0.3984063750330618,0.003984063750330618,0.005577689250462865,scenario,compound_48_80,32.70784920873178
10.75,brain,2.000000001779544,0.993021734197,0.006978265803,0.31596146093562993,31.596146093562993,0.09027470318183992,9.027470318183992,0.24825543354925,24.825543354925,0.003984063748550705,0.3984063748550705,0.003984063748550705,0.005577689247970987,scenario,compound_48_80,32.267889723128135
10.833333333333334,brain,2.000000001178506,0.993025283787,0.006974716213,0.3159625903321328,31.59625903321328,0.09027502584717711,9.02750258471771,0.24825632094675,24.825632094674997,0.00398406374735819,0.39840637473581897,0.00398406374735819,0.005577689246301465,scenario,compound_48_80,31.82793023752448
10.916666666666666,brain,2.0000000007774252,0.993028621033,0.006971378967,0.3159636521707894,31.596365217078944,0.09027532921671923,9.027532921671924,0.24825715525825,24.825715525825,0.003984063746562406,0.3984063746562406,0.003984063746562406,0.005577689245187368,scenario,compound_48_80,31.387970751920843
11.0,brain,2.0000000005108447,0.993031745936,0.006968254064,0.31596464644990346,31.596464644990345,0.09027561328787127,9.027561328787128,0.248257936484,24.825793648399998,0.003984063746033485,0.39840637460334855,0.003984063746033485,0.005577689244446879,scenario,compound_48_80,30.94801126631719
11.083333333333334,brain,2.0000000003343663,0.993034658495,0.006965341505,0.3159655731677904,31.59655731677904,0.09027587805872055,9.027587805872054,0.24825866462375,24.825866462375,0.003984063745683335,0.3984063745683335,0.003984063745683335,0.0055776892439566685,scenario,compound_48_80,30.50805178071353
11.166666666666666,brain,2.0000000002180016,0.99303735871,0.00696264129,0.3159664323235274,31.59664323235274,0.09027612352803652,9.027612352803652,0.2482593396775,24.82593396775,0.003984063745452456,0.39840637454524563,0.003984063745452456,0.005577689243633438,scenario,compound_48_80,30.068092295109885
11.25,brain,2.0000000001415796,0.993039846582,0.006960153418,0.3159672239168118,31.59672239168118,0.09027634969508241,9.027634969508242,0.2482599616455,24.82599616455,0.0039840637453008275,0.39840637453008276,0.0039840637453008275,0.0055776892434211585,scenario,compound_48_80,29.628132809506244
11.333333333333334,brain,2.0000000000915894,0.99304212211,0.00695787789,0.31596794794690963,31.596794794690965,0.09027655655921289,9.02765565592129,0.2482605305275,24.826053052749998,0.003984063745201643,0.3984063745201643,0.003984063745201643,0.0055776892432823,scenario,compound_48_80,29.18817332390259
11.416666666666666,brain,2.000000000059019,0.99304418702,0.00695581298,0.31596860496272544,31.596860496272544,0.09027674427696729,9.027674427696729,0.248261046755,24.826104675499998,0.00398406374513702,0.39840637451370203,0.00398406374513702,0.005577689243191828,scenario,compound_48_80,28.748213838298938
11.5,brain,2.000000000037883,0.993046116488,0.006953883512,0.3159692188837114,31.59692188837114,0.09027691968228181,9.027691968228181,0.248261529122,24.8261529122,0.003984063745095084,0.3984063745095084,0.003984063745095084,0.005577689243133117,scenario,compound_48_80,28.308254352695286
11.583333333333334,brain,2.0000000000242215,0.993047950669,0.006952049331,0.3159698024863363,31.59698024863363,0.09027708642544847,9.027708642544848,0.24826198766725,24.826198766725,0.003984063745067978,0.39840637450679783,0.003984063745067978,0.005577689243095169,scenario,compound_48_80,27.868294867091645
11.666666666666666,brain,2.0000000000154263,0.993049689564,0.006950310436,0.3159703557708384,31.597035577083837,0.09027724450645119,9.027724450645119,0.248262422391,24.8262422391,0.003984063745050528,0.3984063745050528,0.003984063745050528,0.005577689243070738,scenario,compound_48_80,27.428335381487994
11.75,brain,2.0000000000097864,0.993051333173,0.006948666827,0.3159708787371648,31.59708787371648,0.09027739392521976,9.027739392521976,0.24826283329325,24.826283329325,0.003984063745039338,0.3984063745039338,0.003984063745039338,0.005577689243055073,scenario,compound_48_80,26.988375895884342
11.833333333333334,brain,2.0000000000061844,0.993052881495,0.006947118505,0.31597137138496306,31.597137138496308,0.09027753468161741,9.027753468161741,0.24826322037375,24.826322037375,0.003984063745032191,0.3984063745032191,0.003984063745032191,0.005577689243045067,scenario,compound_48_80,26.54841641028069
11.916666666666666,brain,2.000000000003893,0.993054334531,0.006945665469,0.3159718337145289,31.597183371452893,0.0902776667757052,9.02776667757052,0.24826358363275,24.826358363275,0.003984063745027644,0.3984063745027644,0.003984063745027644,0.005577689243038701,scenario,compound_48_80,26.108456924677046
12.0,brain,2.0000000000024407,0.993055692281,0.006944307719,0.31597226572584786,31.597226572584784,0.09027779020746379,9.02777902074638,0.24826392307025,24.826392307025,0.003984063745024763,0.3984063745024763,0.003984063745024763,0.005577689243034667,scenario,compound_48_80,25.6684974390734
