time_h,tissue,histamine_nm,R_surf,R_int,G_signal,G_signal_pct,G_signal_ligand,G_signal_ligand_pct,G_signal_constitutive,G_signal_constitutive_pct,beta_arr_signal,beta_arr_signal_pct,internalization_drive,k_int_eff_per_h,driver_type,driver_id,antagonist_concentration_nm
0.0,bladder,20.555449826912117,0.937479171432,0.062520828568,0.3491884624001623,34.91884624001623,0.31822579350374985,31.822579350374987,0.046873958571600004,4.68739585716,0.026676146189777043,2.667614618977704,0.026676146189777043,0.033345182737221306,scenario,cyp_cystitis,
0.083333333333,bladder,19.469503483054474,0.937592088154,0.062407911846,0.33848671038665146,33.848671038665145,0.3069548483988963,30.69548483988963,0.046879604407700004,4.68796044077,0.02530250178197379,2.5302501781973787,0.025302501781973793,0.03162812722746724,scenario,cyp_cystitis,
0.166666666667,bladder,16.81134590056803,0.937877428961,0.062122571039,0.31054952930351876,31.054952930351874,0.2775322714268092,27.75322714268092,0.046893871448050004,4.689387144805,0.021923705211774402,2.1923705211774402,0.021923705211774405,0.027404631514718007,scenario,cyp_cystitis,
0.25,bladder,14.107898239165253,0.9384771867,0.0615228133,0.27938425840018183,27.938425840018184,0.24469515691071775,24.469515691071773,0.046923859335000005,4.692385933500001,0.01846322786569272,1.8463227865692722,0.01846322786569272,0.023079034832115902,scenario,cyp_cystitis,
0.333333333333,bladder,12.345407569589499,0.939325319587,0.060674680413,0.2574247708740517,25.74247708740517,0.22153526831021228,22.153526831021228,0.046966265979350004,4.696626597935,0.016193981687313525,1.6193981687313526,0.016193981687313525,0.020242477109141906,scenario,cyp_cystitis,
0.416666666667,bladder,11.579078380413122,0.940291893636,0.059708106364,0.247547992811733,24.7547992811733,0.21108778750519266,21.108778750519267,0.0470145946818,4.7014594681799995,0.015204039487320721,1.5204039487320722,0.01520403948732072,0.0190050493591509,scenario,cyp_cystitis,
0.5,bladder,11.417160458078335,0.941308936523,0.058691063477,0.24563186549847418,24.56318654984742,0.20901728281297285,20.901728281297284,0.04706544682615,4.706544682615,0.014994619311192862,1.4994619311192863,0.014994619311192862,0.018743274138991076,scenario,cyp_cystitis,
0.583333333333,bladder,11.514853243236969,0.94226996886,0.05773003114,0.24720327328748065,24.720327328748066,0.21062081562576912,21.06208156257691,0.047113498443,4.7113498443,0.01512098312225433,1.512098312225433,0.015120983122254331,0.018901228902817913,scenario,cyp_cystitis,
0.666666666667,bladder,11.705727363009851,0.943163682765,0.056836317235,0.2500060429266326,25.000604292663258,0.213524061882508,21.3524061882508,0.04715818413825,4.715818413825,0.015367781733156373,1.5367781733156374,0.015367781733156371,0.019209727166445464,scenario,cyp_cystitis,
0.75,bladder,11.936689170557148,0.943989947892,0.056010052108,0.25331022623905375,25.331022623905376,0.21695866194153024,21.695866194153023,0.0471994973946,4.71994973946,0.0156662480494953,1.5666248049495302,0.0156662480494953,0.019582810061869127,scenario,cyp_cystitis,
0.833333333333,bladder,12.196883947700995,0.944750487754,0.055249512246,0.2569600332390761,25.69600332390761,0.2207605356330275,22.07605356330275,0.0472375243877,4.72375243877,0.016002274746294946,1.6002274746294947,0.016002274746294943,0.020002843432868678,scenario,cyp_cystitis,
0.916666666667,bladder,12.486246370197202,0.945444350941,0.054555649059,0.2609434041147083,26.094340411470828,0.2249170384922719,22.49170384922719,0.04727221754705,4.727221754705,0.016375700453139665,1.6375700453139665,0.016375700453139665,0.02046962556642458,scenario,cyp_cystitis,
1.0,bladder,12.806738294006486,0.946070450235,0.053929549765,0.2652732968722753,26.527329687227528,0.22944186774792139,22.94418677479214,0.047303522511750004,4.730352251175001,0.01678896849108643,1.678896849108643,0.016788968491086426,0.020986210613858032,scenario,cyp_cystitis,
1.083333333333,bladder,13.160635160454543,0.946624165739,0.053375834261,0.26996335855509973,26.996335855509972,0.23434963186121024,23.434963186121024,0.047331208286950005,4.733120828695,0.017244908285511243,1.7244908285511242,0.01724490828551124,0.02155613535688905,scenario,cyp_cystitis,
1.166666666667,bladder,13.550267687212457,0.947104501361,0.052895498639,0.27502623534866727,27.50262353486673,0.2396536950322287,23.96536950322287,0.047355225068050004,4.735522506805,0.017746398974171154,1.7746398974171154,0.017746398974171157,0.022182998717713946,scenario,cyp_cystitis,
1.25,bladder,13.977975435917488,0.947511457103,0.052488542897,0.280472075222893,28.047207522289302,0.24536473933446634,24.536473933446633,0.047375572855150004,4.737557285515001,0.01829630681164834,1.829630681164834,0.018296306811648344,0.02287038351456043,scenario,cyp_cystitis,
1.333333333333,bladder,14.446080872967489,0.947845032965,0.052154967035,0.28630777123432116,28.630777123432118,0.25149002061691705,25.149002061691704,0.047392251648250006,4.739225164825001,0.018897449060724637,1.8897449060724638,0.018897449060724634,0.02362181132590579,scenario,cyp_cystitis,
1.416666666667,bladder,14.956862625539502,0.948105228946,0.051894771054,0.292536534178386,29.2536534178386,0.25803291866430106,25.803291866430104,0.04740526144730001,4.7405261447300004,0.01955255695622298,1.9552556956222982,0.01955255695622298,0.02444069619527873,scenario,cyp_cystitis,
1.5,bladder,15.512526265224263,0.948292045046,0.051707954954,0.29915751386682476,29.915751386682476,0.26499253854160504,26.499253854160504,0.0474146022523,4.74146022523,0.020264235702198943,2.0264235702198943,0.020264235702198943,0.02533029462774868,scenario,cyp_cystitis,
1.583333333333,bladder,16.115172667342524,0.948403860462,0.051596139538,0.3061649617028076,30.61649617028076,0.2723629143996922,27.236291439969218,0.0474201930231,4.74201930231,0.021034921696218574,2.1034921696218576,0.021034921696218574,0.026293652120273216,scenario,cyp_cystitis,
1.666666666667,bladder,16.766764161833343,0.948429967367,0.051570032633,0.3135454659851612,31.35454659851612,0.2801304922282223,28.01304922282223,0.04742149836835,4.742149836835,0.02186683740806293,2.186683740806293,0.02186683740806293,0.027333546760078663,scenario,cyp_cystitis,
1.75,bladder,17.469088762520904,0.948368406605,0.051631593395,0.321283477524089,32.1283477524089,0.2882790075724621,28.827900757246212,0.047418420330250004,4.741842033025001,0.022761944446112268,2.2761944446112268,0.022761944446112264,0.02845243055764033,scenario,cyp_cystitis,
1.833333333333,bladder,18.22372282885462,0.948219178177,0.051780821823,0.32935925270227523,32.93592527022752,0.29678767767728975,29.678767767728974,0.04741095890885,4.741095890885,0.023721895441797636,2.3721895441797636,0.023721895441797636,0.029652369302247045,scenario,cyp_cystitis,
1.916666666667,bladder,19.031992580948042,0.947982282081,0.052017717919,0.33774832005302413,33.774832005302414,0.3056307431041833,30.56307431041833,0.047399114104050004,4.739911410405,0.02474798547336734,2.474798547336734,0.024747985473367342,0.03093498184170918,scenario,cyp_cystitis,
2.0,bladder,19.894934954180734,0.94765770878,0.05234229122,0.34642167836794274,34.64216783679427,0.31477767676730817,31.477767676730817,0.047382885439,4.7382885439,0.025841103832388187,2.584110383238819,0.025841103832388187,0.03230137979048523,scenario,cyp_cystitis,
2.083333333333,bladder,20.81325834149058,0.947238760374,0.052761239626,0.3553436066546354,35.53436066546354,0.32419123014308987,32.41912301430899,0.047361938018700006,4.736193801870001,0.02700168700558308,2.700168700558308,0.027001687005583083,0.03375210875697885,scenario,cyp_cystitis,
2.166666666667,bladder,21.78730382779719,0.946719685422,0.053280314578,0.3644746962847457,36.44746962847457,0.3338302231722587,33.383022317225866,0.0473359842711,4.7335984271100005,0.02822967379709374,2.822967379709374,0.02822967379709374,0.035287092246367176,scenario,cyp_cystitis,
2.25,bladder,22.81700757075368,0.946100483924,0.053899516076,0.37377429744308854,37.377429744308856,0.34365186657567215,34.365186657567214,0.0473050241962,4.7305024196200005,0.029524463549884694,2.9524463549884694,0.029524463549884694,0.03690557943735587,scenario,cyp_cystitis,
2.333333333333,bladder,23.901865022655258,0.945381155881,0.054618844119,0.3831990676001396,38.319906760013964,0.3536105366379891,35.361053663798906,0.04726905779405,4.7269057794050005,0.030884878436047643,3.0884878436047645,0.030884878436047643,0.03860609804505955,scenario,cyp_cystitis,
2.416666666667,bladder,25.040897717868443,0.944561701291,0.055438298709,0.3927036257036276,39.270362570362764,0.363658463830608,36.3658463830608,0.04722808506455001,4.722808506455001,0.03230913077181105,3.230913077181105,0.03230913077181105,0.040386413464763814,scenario,cyp_cystitis,
2.5,bladder,26.23262336791749,0.943641251182,0.056358748818,0.40224086989670305,40.224086989670305,0.3737461129869506,37.37461129869506,0.047182062559100006,4.71820625591,0.03379479627395639,3.379479627395639,0.03379479627395638,0.042243495342445474,scenario,cyp_cystitis,
2.583333333333,bladder,27.47503000998276,0.94261625804,0.05738374196,0.41176183974302993,41.176183974302994,0.3838221335168736,38.38221335168736,0.047130812902000004,4.713081290200001,0.03533879410844871,3.533879410844871,0.03533879410844871,0.04417349263556088,scenario,cyp_cystitis,
2.666666666667,bladder,28.765554942575232,0.941486341868,0.058513658132,0.4212188762617056,42.12188762617056,0.3938363780719007,39.38363780719007,0.0470743170934,4.70743170934,0.03693737448967726,3.6937374489677257,0.036937374489677266,0.04617171811209658,scenario,cyp_cystitis,
2.75,bladder,30.101069154732745,0.940251502667,0.059748497333,0.4305651664646115,43.05651664646115,0.4037395698223806,40.373956982238056,0.04701257513335,4.701257513334999,0.038586114472767385,3.8586114472767385,0.038586114472767385,0.04823264309095923,scenario,cyp_cystitis,
2.833333333333,bladder,31.477867910531376,0.938911740435,0.061088259565,0.43975518779147615,43.97551877914761,0.4134837902839223,41.34837902839223,0.04694558702175,4.694558702175,0.04027992244322288,4.027992244322288,0.04027992244322287,0.05034990305402859,scenario,cyp_cystitis,
2.916666666667,bladder,32.89166808858644,0.937467213062,0.062532786938,0.4487453189072131,44.87453189072131,0.423023113951698,42.3023113951698,0.0468733606531,4.68733606531,0.04201305165105507,4.201305165105507,0.04201305165105507,0.05251631456381883,scenario,cyp_cystitis,
3.0,bladder,34.33761279799859,0.935925337881,0.064074662119,0.4574977761011908,45.74977761011908,0.4323173781127798,43.23173781127798,0.046796266894050004,4.6796266894050005,0.04377912296658152,4.377912296658152,0.04377912296658153,0.05472390370822691,scenario,cyp_cystitis,
3.083333333333,bladder,35.810283697268886,0.934290172645,0.065709827355,0.4659760491642958,46.59760491642958,0.4413279374021535,44.13279374021535,0.046714508632250004,4.671450863225,0.04557115685579993,4.557115685579993,0.045571156855799926,0.05696394606974991,scenario,cyp_cystitis,
3.166666666667,bladder,37.30372133199148,0.932561717355,0.067438282645,0.47414464960092073,47.414464960092076,0.4500174355086008,45.00174355086008,0.04662808586775,4.662808586775,0.047381614390034354,4.738161439003435,0.047381614390034354,0.05922701798754294,scenario,cyp_cystitis,
3.25,bladder,38.81145368359,0.93073997201,0.06926002799,0.4819712044857398,48.19712044857398,0.4583517956686735,45.83517956686735,0.04653699860050001,4.653699860050001,0.049202446924861906,4.9202446924861905,0.04920244692486191,0.06150305865607739,scenario,cyp_cystitis,
3.333333333333,bladder,40.326532985625605,0.928824936612,0.071175063388,0.48942656748816293,48.94265674881629,0.46630033753427674,46.630033753427675,0.046441246830600004,4.64412468306,0.051025153911110135,5.102515391111013,0.05102515391111013,0.06378144238888767,scenario,cyp_cystitis,
3.416666666667,bladder,41.84158071859321,0.926816692144,0.073183307856,0.49648489756918246,49.648489756918245,0.47383585574945525,47.38358557494553,0.0463408346072,4.63408346072,0.05284084814114224,5.284084814114224,0.05284084814114224,0.0660510601764278,scenario,cyp_cystitis,
3.5,bladder,43.34884054292372,0.924732217009,0.075267782991,0.5031327800228864,50.31327800228864,0.48094333597098576,48.094333597098576,0.04623661085045,4.623661085045,0.054640327593165935,5.464032759316593,0.054640327593165935,0.06830040949145742,scenario,cyp_cystitis,
3.583333333333,bladder,44.840238774795814,0.922584332649,0.077415667351,0.509358189642469,50.935818964246906,0.4876094452737043,48.760944527370434,0.04612921663245,4.612921663245,0.05641415291696187,5.641415291696187,0.05641415291696187,0.07051769114620234,scenario,cyp_cystitis,
3.666666666667,bladder,46.30745185369036,0.920373039064,0.079626960936,0.5151452779232734,51.514527792327335,0.49381750102112987,49.38175010211299,0.046018651953200006,4.60186519532,0.05815272950905232,5.815272950905232,0.05815272950905232,0.0726909118863154,scenario,cyp_cystitis,
3.75,bladder,47.741980099450366,0.918098336253,0.081901663747,0.5204809501617492,52.04809501617492,0.49955371931484127,49.95537193148413,0.04590491681265,4.590491681265,0.05984639305743772,5.984639305743772,0.05984639305743772,0.07480799132179715,scenario,cyp_cystitis,
3.833333333333,bladder,49.13522691208793,0.915767413014,0.084232586986,0.5253587844607386,52.53587844607386,0.5048109619053038,50.48109619053038,0.0457883706507,4.57883706507,0.06148549739441439,6.148549739441439,0.061485497394414376,0.07685687174301797,scenario,cyp_cystitis,
3.916666666667,bladder,50.47858243339961,0.913407872451,0.086592127549,0.5297867079761109,52.978670797611095,0.5095961203721694,50.95961203721694,0.04567039362255,4.5670393622550005,0.06306050348024078,6.306050348024078,0.0630605034802408,0.07882562935030099,scenario,cyp_cystitis,
4.0,bladder,51.7635105705636,0.911022436111,0.088977563889,0.5337607952151119,53.37607952151119,0.5139049193784861,51.390491937848616,0.04555112180555,4.555112180555001,0.06456206835071208,6.4562068350712085,0.06456206835071208,0.08070258543839011,scenario,cyp_cystitis,
4.083333333333,bladder,52.98163818012238,0.908611103992,0.091388896008,0.5372773371593434,53.72773371593434,0.5177334546944667,51.773345469446674,0.0454305551996,4.54305551996,0.06598113289389776,6.598113289389776,0.06598113289389776,0.08247641611737219,scenario,cyp_cystitis,
4.166666666667,bladder,54.12484512923419,0.90617447939,0.09382552061,0.5403345125933378,54.03345125933377,0.5210797774987767,52.10797774987766,0.0453087239695,4.53087239695,0.06730900737252504,6.7309007372525045,0.06730900737252506,0.08413625921565632,scenario,cyp_cystitis,
4.25,bladder,55.1853538936598,0.903740971328,0.096259028672,0.5429485226406658,54.294852264066584,0.5239594463939641,52.395944639396404,0.045187048566400004,4.51870485664,0.06853745367671962,6.853745367671962,0.06853745367671961,0.08567181709589951,scenario,cyp_cystitis,
4.333333333333,bladder,56.155817319328094,0.901326132827,0.098673867173,0.5451293472109788,54.512934721097885,0.5263821479680304,52.63821479680304,0.04506630664135,4.506630664135,0.06965876337165237,6.965876337165238,0.06965876337165237,0.08707345421456547,scenario,cyp_cystitis,
4.416666666667,bladder,57.0294031682204,0.898929963888,0.101070036112,0.5468785494469386,54.68785494469386,0.5283495276342511,52.834952763425115,0.0449464981944,4.494649819439999,0.0706658306925813,7.0665830692581295,0.0706658306925813,0.08833228836572662,scenario,cyp_cystitis,
4.5,bladder,57.799874091655,0.896552464511,0.103447535489,0.548198297720462,54.819829772046205,0.5298638678893811,52.98638678893811,0.044827623225550006,4.482762322555001,0.07155221973344462,7.155221973344463,0.07155221973344462,0.08944027466680578,scenario,cyp_cystitis,
4.583333333333,bladder,58.46166172381478,0.894197439816,0.105802560184,0.5490935474165339,54.909354741653395,0.5309301846586673,53.09301846586673,0.0447098719908,4.4709871990800005,0.0723122251699133,7.23122251699133,0.0723122251699133,0.09039028146239163,scenario,cyp_cystitis,
4.666666666667,bladder,59.00993366533973,0.891882231705,0.108117768295,0.5495779441438586,54.957794414385866,0.5315619290090616,53.15619290090616,0.04459411158525001,4.4594111585250005,0.0729409259512877,7.29409259512877,0.07294092595128772,0.09117615743910965,scenario,cyp_cystitis,
4.75,bladder,59.44065223056165,0.889621000237,0.110378999763,0.5496634753142466,54.96634753142467,0.5317709740025228,53.17709740025228,0.04448105001185,4.4481050011850005,0.07343423148659765,7.343423148659765,0.07343423148659765,0.09179278935824707,scenario,cyp_cystitis,
4.833333333333,bladder,59.750623959633124,0.887427462943,0.112572537057,0.5493619726912232,54.936197269122324,0.5315690521516561,53.15690521516561,0.044371373147150006,4.437137314715001,0.07378891993618489,7.378891993618489,0.0737889199361849,0.09223614992023113,scenario,cyp_cystitis,
4.916666666667,bladder,59.937539046229546,0.885315337358,0.114684662642,0.5486852467967169,54.868524679671694,0.5309678736092811,53.09678736092811,0.04426576686790001,4.426576686790001,0.07400266830058415,7.400266830058415,0.07400266830058415,0.09250333537573019,scenario,cyp_cystitis,
5.0,bladder,60.0,0.883298341013,0.116701658987,0.5476449714280599,54.76449714280599,0.5299790046078,52.99790046078,0.04416491705065,4.416491705065,0.07407407407407407,7.4074074074074066,0.07407407407407407,0.09259259259259259,scenario,cyp_cystitis,
5.083333333333,bladder,59.937539046229546,0.881389167442,0.118610832558,0.5462519539140306,54.62519539140306,0.5286131532020323,52.861315320203225,0.0440694583721,4.40694583721,0.07400266830058415,7.400266830058415,0.07400266830058415,0.09250333537573019,scenario,cyp_cystitis,
5.166666666667,bladder,59.750623959633124,0.879586047579,0.120413952421,0.5445077444946196,54.45077444946196,0.5268720443322839,52.68720443322839,0.04397930237895001,4.397930237895001,0.07378891993618489,7.378891993618489,0.0737889199361849,0.09223614992023113,scenario,cyp_cystitis,
5.25,bladder,59.44065223056165,0.877893003121,0.122106996879,0.5424171854317703,54.24171854317703,0.5247605634481266,52.47605634481266,0.04389465015605001,4.389465015605,0.07343423148659765,7.343423148659765,0.07343423148659765,0.09179278935824707,scenario,cyp_cystitis,
5.333333333333,bladder,59.00993366533973,0.876317951855,0.123682048145,0.5399872329288917,53.998723292889174,0.5222856161433072,52.228561614330715,0.04381589759275001,4.381589759275001,0.0729409259512877,7.29409259512877,0.07294092595128772,0.09117615743910965,scenario,cyp_cystitis,
5.416666666667,bladder,58.46166172381478,0.874868811565,0.125131188435,0.53722455229257,53.72245522925701,0.5194538018045475,51.94538018045475,0.04374344057825,4.374344057825,0.0723122251699133,7.23122251699133,0.0723122251699133,0.09039028146239163,scenario,cyp_cystitis,
5.5,bladder,57.799874091655,0.87355350004,0.12644649996,0.5341355477181938,53.413554771819385,0.5162714449644146,51.62714449644146,0.043677675002,4.3677675002,0.07155221973344462,7.155221973344463,0.07155221973344462,0.08944027466680578,scenario,cyp_cystitis,
5.583333333333,bladder,57.0294031682204,0.872379935065,0.127620064935,0.5307264109781116,53.07264109781116,0.5127446465524859,51.274464655248586,0.043618996753250004,4.361899675325001,0.0706658306925813,7.0665830692581295,0.0706658306925813,0.08833228836572662,scenario,cyp_cystitis,
5.666666666667,bladder,56.155817319328094,0.871349213416,0.128650786584,0.5269990634937407,52.69990634937407,0.5088753713925692,50.88753713925692,0.0435674606708,4.3567460670800005,0.06965876337165237,6.965876337165238,0.06965876337165237,0.08707345421456547,scenario,cyp_cystitis,
5.75,bladder,55.1853538936598,0.870458045575,0.129541954425,0.5229528425287018,52.295284252870175,0.5046630949999492,50.46630949999492,0.04352290227875,4.352290227875,0.06853745367671962,6.853745367671962,0.06853745367671961,0.08567181709589951,scenario,cyp_cystitis,
5.833333333333,bladder,54.12484512923419,0.869709963284,0.130290036716,0.5185914189781318,51.859141897813174,0.5001114955936123,50.011149559361236,0.0434854981642,4.34854981642,0.06730900737252504,6.7309007372525045,0.06730900737252506,0.08413625921565632,scenario,cyp_cystitis,
5.916666666667,bladder,52.98163818012238,0.869108519853,0.130891480147,0.5139187813108979,51.39187813108978,0.49522458454552415,49.522458454552414,0.04345542599265,4.345542599265,0.06598113289389776,6.598113289389776,0.06598113289389776,0.08247641611737219,scenario,cyp_cystitis,
6.0,bladder,51.7635105705636,0.868657268596,0.131342731404,0.5089393807187156,50.89393807187156,0.49000686030412166,49.00068603041217,0.0434328634298,4.34328634298,0.06456206835071208,6.4562068350712085,0.06456206835071208,0.08070258543839011,scenario,cyp_cystitis,
6.083333333333,bladder,50.47858243339961,0.868359762824,0.131640237176,0.5036583042042072,50.36583042042072,0.48446349059263916,48.446349059263916,0.0434179881412,4.34179881412,0.06306050348024078,6.306050348024078,0.0630605034802408,0.07882562935030099,scenario,cyp_cystitis,
6.166666666667,bladder,49.13522691208793,0.868217195003,0.131782804997,0.49808010607570613,49.808010607570615,0.47859920665848016,47.859920665848016,0.04341085975015,4.341085975015,0.06148549739441439,6.148549739441439,0.061485497394414376,0.07685687174301797,scenario,cyp_cystitis,
6.25,bladder,47.741980099450366,0.868220131263,0.131779868737,0.4922043979663603,49.22043979663603,0.47241409621390557,47.24140962139056,0.04341100656315,4.341100656315,0.05984639305743772,5.984639305743772,0.05984639305743772,0.07480799132179715,scenario,cyp_cystitis,
6.333333333333,bladder,46.30745185369036,0.868366388466,0.131633611534,0.486036449938252,48.6036449938252,0.46591382159468636,46.59138215946864,0.0434183194233,4.341831942330001,0.05815272950905232,5.815272950905232,0.05815272950905232,0.0726909118863154,scenario,cyp_cystitis,
6.416666666667,bladder,44.840238774795814,0.868655083634,0.131344916366,0.4795838875272509,47.95838875272509,0.4591064561532115,45.91064561532115,0.043432754181700006,4.34327541817,0.05641415291696187,5.641415291696187,0.05641415291696187,0.07051769114620234,scenario,cyp_cystitis,
6.5,bladder,43.34884054292372,0.869085333788,0.130914666212,0.47285615448782287,47.28561544878229,0.45200198715623463,45.200198715623465,0.0434542666894,4.34542666894,0.054640327593165935,5.464032759316593,0.054640327593165935,0.06830040949145742,scenario,cyp_cystitis,
6.583333333333,bladder,41.84158071859321,0.869656255952,0.130343744048,0.4658647182517975,46.58647182517975,0.44461253205705,44.461253205705,0.0434828127976,4.34828127976,0.05284084814114224,5.284084814114224,0.05284084814114224,0.0660510601764278,scenario,cyp_cystitis,
6.666666666667,bladder,40.326532985625605,0.870366541743,0.129633458257,0.4586230323828666,45.862303238286664,0.43695232136391227,43.695232136391226,0.043518327087150005,4.351832708715,0.051025153911110135,5.102515391111013,0.05102515391111013,0.06378144238888767,scenario,cyp_cystitis,
6.75,bladder,38.81145368359,0.871198221298,0.128801778702,0.4511383078971489,45.113830789714896,0.4290298914023673,42.90298914023673,0.0435599110649,4.35599110649,0.049202446924861906,4.9202446924861905,0.04920244692486191,0.06150305865607739,scenario,cyp_cystitis,
6.833333333333,bladder,37.30372133199148,0.872142168038,0.127857831962,0.44342538940953424,44.342538940953425,0.4208613484290887,42.08613484290887,0.043607108401900005,4.36071084019,0.047381614390034354,4.738161439003435,0.047381614390034354,0.05922701798754294,scenario,cyp_cystitis,
6.916666666667,bladder,35.810283697268886,0.873198381962,0.126801618038,0.4355065953561231,43.55065953561231,0.41247018553476117,41.24701855347612,0.0436599190981,4.36599190981,0.04557115685579993,4.557115685579993,0.045571156855799926,0.05696394606974991,scenario,cyp_cystitis,
7.0,bladder,34.33761279799859,0.87436686307,0.12563313693,0.4274068444997702,42.74068444997702,0.4038826329960739,40.38826329960739,0.043718343153500004,4.37183431535,0.04377912296658152,4.377912296658152,0.04377912296658153,0.05472390370822691,scenario,cyp_cystitis,
7.083333333333,bladder,32.89166808858644,0.875647611361,0.124352388639,0.41915360999888523,41.91536099988852,0.395127609927195,39.5127609927195,0.043782380568050006,4.378238056805,0.04201305165105507,4.201305165105507,0.04201305165105507,0.05251631456381883,scenario,cyp_cystitis,
7.166666666667,bladder,31.477867910531376,0.87704045113,0.12295954887,0.41077672338904425,41.07767233890443,0.38623652719215185,38.62365271921519,0.0438520225565,4.38520225565,0.04027992244322288,4.027992244322288,0.04027992244322287,0.05034990305402859,scenario,cyp_cystitis,
7.25,bladder,30.101069154732745,0.878522373299,0.121477626701,0.4022978222629171,40.22978222629171,0.37723337220838643,37.723337220838644,0.04392611866495,4.392611866495,0.038586114472767385,3.8586114472767385,0.038586114472767385,0.04823264309095923,scenario,cyp_cystitis,
7.333333333333,bladder,28.765554942575232,0.880077273202,0.119922726798,0.3937445967682311,39.37445967682311,0.3681481401138222,36.81481401138222,0.04400386366010001,4.40038636601,0.03693737448967726,3.6937374489677257,0.036937374489677266,0.04617171811209658,scenario,cyp_cystitis,
7.416666666667,bladder,27.47503000998276,0.881705150839,0.118294849161,0.38515411963641955,38.51541196364195,0.3590198548362838,35.90198548362838,0.04408525754195,4.408525754195,0.03533879410844871,3.533879410844871,0.03533879410844871,0.04417349263556088,scenario,cyp_cystitis,
7.5,bladder,26.23262336791749,0.883406006209,0.116593993791,0.3765647166912011,37.65647166912011,0.3498888593481591,34.98888593481591,0.04417030031045,4.417030031045,0.03379479627395639,3.379479627395639,0.03379479627395638,0.042243495342445474,scenario,cyp_cystitis,
7.583333333333,bladder,25.040897717868443,0.885179547258,0.114820452742,0.3680153632439303,36.801536324393034,0.3407961956642424,34.07961956642424,0.0442589773629,4.42589773629,0.03230913077181105,3.230913077181105,0.03230913077181105,0.040386413464763814,scenario,cyp_cystitis,
7.666666666667,bladder,23.901865022655258,0.887003301517,0.112996698483,0.3595362949484734,35.95362949484734,0.3317748735501299,33.17748735501299,0.044350165075850004,4.435016507585001,0.030884878436047643,3.0884878436047645,0.030884878436047643,0.03860609804505955,scenario,cyp_cystitis,
7.75,bladder,22.81700757075368,0.888863197478,0.111136802522,0.35116166073861244,35.116166073861244,0.322861579857592,32.2861579857592,0.044443159873900004,4.4443159873900004,0.029524463549884694,2.9524463549884694,0.029524463549884694,0.03690557943735587,scenario,cyp_cystitis,
7.833333333333,bladder,21.78730382779719,0.890759235141,0.109240764859,0.3429306548602416,34.29306548602416,0.31409757168757013,31.409757168757015,0.04453796175705,4.453796175705,0.02822967379709374,2.822967379709374,0.02822967379709374,0.035287092246367176,scenario,cyp_cystitis,
7.916666666667,bladder,20.81325834149058,0.892691414505,0.107308585495,0.33488091928859554,33.48809192885955,0.30552247217194267,30.552247217194267,0.044634570725250004,4.463457072525,0.02700168700558308,2.700168700558308,0.027001687005583083,0.03375210875697885,scenario,cyp_cystitis,
8.0,bladder,19.894934954180734,0.89465932911,0.10534067089,0.32704781851753434,32.70478185175343,0.2971735284863519,29.717352848635194,0.044732966455500005,4.4732966455500005,0.025841103832388187,2.584110383238819,0.025841103832388187,0.03230137979048523,scenario,cyp_cystitis,
8.083333333333,bladder,19.031992580948042,0.896642190763,0.103357809237,0.3194568077307065,31.94568077307065,0.2890786296763753,28.90786296763753,0.044832109538150006,4.483210953815001,0.02474798547336734,2.474798547336734,0.024747985473367342,0.03093498184170918,scenario,cyp_cystitis,
8.166666666667,bladder,18.22372282885462,0.898628329466,0.101371670534,0.312134116100706,31.2134116100706,0.2812659996077958,28.12659996077958,0.044931416473300005,4.493141647330001,0.023721895441797636,2.3721895441797636,0.023721895441797636,0.029652369302247045,scenario,cyp_cystitis,
8.25,bladder,17.469088762520904,0.900617745219,0.099382254781,0.30510674869453075,30.510674869453076,0.2737640646669271,27.37640646669271,0.04503088726095,4.503088726095,0.022761944446112268,2.2761944446112268,0.022761944446112264,0.02845243055764033,scenario,cyp_cystitis,
8.333333333333,bladder,16.766764161833343,0.902610438023,0.097389561977,0.2983977943871527,29.83977943871527,0.2665971289326344,26.65971289326344,0.04513052190115,4.513052190115,0.02186683740806293,2.186683740806293,0.02186683740806293,0.027333546760078663,scenario,cyp_cystitis,
8.416666666667,bladder,16.115172667342524,0.904606358607,0.095393641393,0.29202619546920894,29.202619546920893,0.25978513425143046,25.978513425143046,0.045230317930350004,4.523031793035001,0.021034921696218574,2.1034921696218576,0.021034921696218574,0.026293652120273216,scenario,cyp_cystitis,
8.5,bladder,15.512526265224263,0.906602004777,0.093397995223,0.28600556467033345,28.600556467033343,0.25334259413840365,25.334259413840364,0.04533010023885001,4.533010023885001,0.020264235702198943,2.0264235702198943,0.020264235702198943,0.02533029462774868,scenario,cyp_cystitis,
8.583333333333,bladder,14.9568626255395,0.908590061896,0.091409938104,0.2803441849924863,28.03441849924863,0.24727861252388036,24.727861252388035,0.045429503094800004,4.54295030948,0.01955255695622298,1.9552556956222982,0.01955255695622298,0.02444069619527873,scenario,cyp_cystitis,
8.666666666667,bladder,14.446080872967363,0.910563337831,0.089436662169,0.27504639551316096,27.504639551316096,0.24159813539116942,24.159813539116943,0.04552816689155,4.552816689155001,0.018897449060724474,1.8897449060724474,0.018897449060724474,0.023621811325905594,scenario,cyp_cystitis,
8.75,bladder,13.977975435911386,0.912514640455,0.087485359545,0.27011269675000404,27.011269675000406,0.2363020681339516,23.630206813395162,0.04562573202275,4.562573202275,0.018296306811640503,1.8296306811640504,0.018296306811640503,0.02287038351455063,scenario,cyp_cystitis,
8.833333333333,bladder,13.550267686983485,0.914436777637,0.085563222363,0.2655399737345169,26.553997373451686,0.23138751037122832,23.13875103712283,0.045721838881850003,4.572183888185,0.017746398973876597,1.7746398973876598,0.017746398973876597,0.022182998717345748,scenario,cyp_cystitis,
8.916666666667,bladder,13.160635153762957,0.916322557248,0.083677442752,0.26132178318446325,26.132178318446325,0.22684805823375082,22.684805823375083,0.045816127862400004,4.58161278624,0.017244908276894195,1.7244908276894195,0.01724490827689419,0.02155613534611774,scenario,cyp_cystitis,
9.0,bladder,12.806738141706688,0.918164787158,0.081835212842,0.25744869031490186,25.744869031490186,0.22267415890210723,22.267415890210724,0.045908239357900005,4.5908239357900005,0.016788968294781343,1.6788968294781343,0.016788968294781343,0.020986210368476678,scenario,cyp_cystitis,
9.083333333333,bladder,12.486243670618698,0.919956524829,0.080043475171,0.2539087092740196,25.39087092740196,0.2188535610869154,21.88535610869154,0.045997826241450004,4.599782624145001,0.01637569697062305,1.6375696970623048,0.01637569697062305,0.02046962121327881,scenario,cyp_cystitis,
9.166666666667,bladder,12.196846681169273,0.921703400512,0.078296599488,0.2506910415969996,25.06910415969996,0.21537460165410488,21.537460165410486,0.0460851700256,4.60851700256,0.016002226635124447,1.6002226635124448,0.01600222663512445,0.020002783293905563,scenario,cyp_cystitis,
9.25,bladder,11.936288517583218,0.923409546269,0.076590453731,0.24778247009966028,24.77824700996603,0.21222315030127398,21.222315030127398,0.046170477313450003,4.617047731345,0.01566573045209116,1.566573045209116,0.01566573045209116,0.01958216306511395,scenario,cyp_cystitis,
9.333333333333,bladder,11.702372736730853,0.925073483469,0.074926516531,0.2451667304304021,24.51667304304021,0.20938216448100222,20.93821644810022,0.04625367417345,4.625367417345,0.015363445297781124,1.5363445297781124,0.015363445297781126,0.019204306622226407,scenario,cyp_cystitis,
9.416666666667,bladder,11.492978332054987,0.926693733483,0.073306266517,0.24282647598485205,24.282647598485205,0.20683346243231795,20.683346243231796,0.04633468667415,4.633468667415,0.015092691146317285,1.5092691146317285,0.015092691146317285,0.018865863932896607,scenario,cyp_cystitis,
9.5,bladder,11.306070492695913,0.928268817682,0.071731182318,0.24074364311347124,24.074364311347125,0.20455810760986445,20.455810760986445,0.0464134408841,4.64134408841,0.014850887088525305,1.4850887088525306,0.014850887088525304,0.018563608860656628,scenario,cyp_cystitis,
9.583333333333,bladder,11.139709044181245,0.929797257435,0.070202742565,0.23889978377113363,23.889978377113362,0.20253675884145647,20.253675884145647,0.04648986287175,4.648986287175,0.014635564157032606,1.4635564157032606,0.014635564157032606,0.018294455196290756,scenario,cyp_cystitis,
9.666666666667,bladder,10.99205473721796,0.931279598298,0.068720401702,0.23727687733106795,23.727687733106794,0.20075041833280838,20.07504183328084,0.0465639799149,4.65639799149,0.014444375166326384,1.4444375166326384,0.014444375166326384,0.01805546895790798,scenario,cyp_cystitis,
9.75,bladder,10.861373565581756,0.932717557356,0.067282442644,0.23585735294514815,23.585735294514816,0.1991805000814191,19.91805000814191,0.046635877867800005,4.663587786780001,0.014275101802950928,1.427510180295093,0.014275101802950928,0.01784387725368866,scenario,cyp_cystitis,
9.833333333333,bladder,10.746039303453825,0.934110944961,0.065889055039,0.23462352888393695,23.462352888393696,0.19780840172198627,19.780840172198626,0.046705547248050004,4.670554724805,0.014125659219064748,1.4125659219064748,0.01412565921906475,0.017657074023830936,scenario,cyp_cystitis,
9.916666666667,bladder,10.644534457199693,0.93545956814,0.06454043186,0.23355828757118383,23.35582875711838,0.19661611490966718,19.661611490966717,0.046772978407,4.6772978407000005,0.013994098392879,1.3994098392879,0.013994098392879,0.01749262299109875,scenario,cyp_cystitis,
10.0,bladder,10.555449826912115,0.936763233919,0.063236766081,0.2326452207117929,23.26452207117929,0.19558637791141356,19.558637791141358,0.04683816169595,4.6838161695950005,0.013878606522791118,1.3878606522791117,0.013878606522791118,0.017348258153488897,scenario,cyp_cystitis,
10.083333333333,bladder,10.477482869751306,0.938021749327,0.061978250673,0.2318687391540976,23.18687391540976,0.19470279125026063,19.470279125026064,0.04690108746635,4.690108746635,0.013777505719450484,1.3777505719450485,0.013777505719450484,0.017221882149313104,scenario,cyp_cystitis,
10.166666666667,bladder,10.40943505071845,0.939235657177,0.060764342823,0.23121433266074115,23.121433266074114,0.19395005242304333,19.395005242304332,0.04696178285885,4.696178285885,0.013689250252430327,1.3689250252430327,0.013689250252430328,0.017111562815537912,scenario,cyp_cystitis,
10.25,bladder,10.350208357468121,0.940406948777,0.059593051223,0.23066879238612203,23.066879238612202,0.19331415257607584,19.331415257607585,0.04702034743885,4.702034743885,0.013612422596459808,1.3612422596459808,0.013612422596459806,0.017015528245574757,scenario,cyp_cystitis,
10.333333333333,bladder,10.298801144750488,0.941536279442,0.058463720558,0.2302195521141944,23.02195521141944,0.19278182962325727,19.278182962325726,0.04707681397210001,4.707681397210001,0.01354572850732371,1.354572850732371,0.01354572850732371,0.01693216063415464,scenario,cyp_cystitis,
10.416666666667,bladder,10.25430346155047,0.942624232306,0.057375767694,0.22985500936704029,22.985500936704028,0.192340839738674,19.2340839738674,0.047131211615300005,4.71312116153,0.013487991340346391,1.348799134034639,0.01348799134034639,0.016859989175432986,scenario,cyp_cystitis,
10.5,bladder,10.215892000381654,0.9436713905,0.0563286095,0.22956453287955866,22.956453287955867,0.19197996142585125,19.197996142585126,0.047183569525,4.718356952500001,0.013438145805529312,1.3438145805529311,0.013438145805529314,0.016797682256911643,scenario,cyp_cystitis,
10.583333333333,bladder,10.182824794002768,0.944678337159,0.055321662841,0.2293384383111364,22.93384383111364,0.19168896995072254,19.168896995072256,0.047233916857950003,4.723391685795001,0.013395231333675749,1.339523133367575,0.013395231333675749,0.016744039167094688,scenario,cyp_cystitis,
10.666666666667,bladder,10.154435770411734,0.945645887375,0.054354112625,0.22916800923187994,22.916800923187992,0.1914586472243473,19.14586472243473,0.047282294368750005,4.728229436875001,0.0133583852077641,1.33583852077641,0.013358385207764101,0.016697981509705126,scenario,cyp_cystitis,
10.75,bladder,10.13012926263627,0.94657598349,0.05342401651,0.22904566985026223,22.90456698502622,0.19128091650080234,19.128091650080233,0.0473287991745,4.73287991745,0.013326835593877847,1.3326835593877846,0.013326835593877847,0.01665854449234731,scenario,cyp_cystitis,
10.833333333333,bladder,10.109374555909222,0.947469830424,0.052530169576,0.22896448336681563,22.896448336681562,0.19114841246906908,19.11484124690691,0.047373491521200004,4.73734915212,0.01329989458663838,1.3299894586638379,0.01329989458663838,0.016624868233297976,scenario,cyp_cystitis,
10.916666666667,bladder,10.091700541503593,0.948328487395,0.051671512605,0.22891824315400264,22.891824315400264,0.191054546088687,19.105454608868698,0.04741642436975,4.741642436975,0.013276951365623487,1.3276951365623486,0.013276951365623485,0.016596189207029356,scenario,cyp_cystitis,
11.0,bladder,10.076690533966223,0.94915301362,0.05084698638,0.2289014528045788,22.89014528045788,0.19099347591955665,19.099347591955667,0.047457650681,4.745765068100001,0.013257465541914178,1.3257465541914177,0.013257465541914178,0.016571831927392724,scenario,cyp_cystitis,
11.083333333333,bladder,10.063977296895043,0.949944468317,0.050055531683,0.22890927005509953,22.890927005509955,0.1909600490939469,19.09600490939469,0.04749722341585,4.749722341585,0.013240960757917709,1.3240960757917708,0.013240960757917707,0.016551200947397135,scenario,cyp_cystitis,
11.166666666667,bladder,10.053238311833356,0.950703915561,0.049296084439,0.22893745229548373,22.893745229548372,0.19094974370256185,19.094974370256185,0.04753519577805,4.753519577805,0.013227018589069849,1.3227018589069848,0.013227018589069849,0.016533773236337312,scenario,cyp_cystitis,
11.25,bladder,10.044191315346753,0.951432481507,0.048567518493,0.228982316023384,22.898231602338402,0.1909586231031937,19.09586231031937,0.047571624075350004,4.7571624075350005,0.01321527278297343,1.3215272782973428,0.013215272782973431,0.01651909097871679,scenario,cyp_cystitis,
11.333333333333,bladder,10.036590120944052,0.952131260236,0.047868739764,0.22904066190556832,22.904066190556833,0.19098326199344035,19.098326199344033,0.0476065630118,4.76065630118,0.013205403860025918,1.3205403860025917,0.013205403860025918,0.0165067548250324,scenario,cyp_cystitis,
11.416666666667,bladder,10.030220735187955,0.95280132837,0.04719867163,0.22910972865265608,22.91097286526561,0.19102069708858538,19.102069708858537,0.0476400664185,4.76400664185,0.013197134089596569,1.319713408959657,0.013197134089596572,0.016496417611995717,scenario,cyp_cystitis,
11.5,bladder,10.024897771075164,0.953443762529,0.046556237471,0.22918715051347271,22.91871505134727,0.19106838146002392,19.106838146002392,0.04767218812645,4.767218812645,0.013190222847271423,1.3190222847271422,0.013190222847271421,0.016487778559089276,scenario,cyp_cystitis,
11.583333333333,bladder,10.020461156511425,0.954059639334,0.045940360666,0.22927091375119732,22.927091375119733,0.1911241387205235,19.11241387205235,0.0477029819667,4.770298196670001,0.013184462351531227,1.3184462351531228,0.013184462351531225,0.016480577939414032,scenario,cyp_cystitis,
11.666666666667,bladder,10.016773131395112,0.954650035405,0.045349964595,0.22935931642778123,22.935931642778122,0.19118612069213814,19.118612069213814,0.047732501770250006,4.773250177025001,0.013179673772362083,1.3179673772362084,0.013179673772362085,0.016474592215452607,scenario,cyp_cystitis,
11.75,bladder,10.01371552337467,0.955216027363,0.044783972637,0.22945093152984836,22.945093152984835,0.19125276859126145,19.125276859126146,0.04776080136815,4.7760801368150005,0.013175703699608684,1.3175703699608683,0.013175703699608684,0.016469629624510856,scenario,cyp_cystitis,
11.833333333333,bladder,10.01118728968604,0.95575869183,0.04424130817,0.22954457339354079,22.95445733935408,0.19132277768635875,19.132277768635873,0.0477879345915,4.77879345915,0.01317242095525914,1.317242095525914,0.013172420955259142,0.016465526194073928,scenario,cyp_cystitis,
11.916666666667,bladder,10.009102310518342,0.956279105425,0.043720894575,0.22963926733082662,22.963926733082662,0.19139506532587014,19.139506532587014,0.04781395527125001,4.781395527125,0.013169713731177006,1.3169713731177006,0.013169713731177004,0.016462142163971256,scenario,cyp_cystitis,
12.0,bladder,10.007387418011602,0.956778065546,0.043221934454,0.229734155276599,22.9734155276599,0.19146868631505157,19.146868631505157,0.047838903277300004,4.783890327730001,0.013167487031948335,1.3167487031948335,0.013167487031948337,0.01645935878993542,scenario,cyp_cystitis,
12.083333333333,bladder,10.005980644179056,0.957255877683,0.042744122317,0.22982842033968892,22.982842033968893,0.19154276469004097,19.1542764690041,0.047862793884150004,4.786279388415,0.013165660401380017,1.3165660401380017,0.013165660401380015,0.016457075501725017,scenario,cyp_cystitis,
12.166666666667,bladder,10.004829670686105,0.957713396613,0.042286603387,0.22992151508943562,22.99215150894356,0.19161667921977432,19.161667921977433,0.047885669830650006,4.788566983065,0.013164165910657761,1.3164165910657761,0.013164165910657763,0.016455207388322204,scenario,cyp_cystitis,
12.25,bladder,10.003890463430777,0.958151504613,0.041848495387,0.23001301703028965,23.001301703028965,0.19168993873646278,19.16899387364628,0.04790757523065001,4.790757523065,0.013162946386143709,1.3162946386143708,0.013162946386143709,0.016453682982679636,scenario,cyp_cystitis,
12.333333333333,bladder,10.003126075188744,0.958571083962,0.041428916038,0.2301026050956313,23.01026050956313,0.19176215883950665,19.176215883950665,0.0479285541981,4.79285541981,0.013161953855172845,1.3161953855172845,0.013161953855172845,0.016452442318966056,scenario,cyp_cystitis,
12.416666666667,bladder,10.00250560014431,0.958973016935,0.041026983065,0.2301900448388011,23.01900448388011,0.1918330463074222,19.18330463074222,0.047948650846750006,4.794865084675001,0.013161148188907248,1.3161148188907248,0.01316114818890725,0.016451435236134064,scenario,cyp_cystitis,
12.5,bladder,10.002003264869648,0.95935818581,0.04064181419,0.23027517552203136,23.027517552203136,0.1919023855068751,19.19023855068751,0.0479679092905,4.79679092905,0.013160495922250657,1.3160495922250657,0.013160495922250657,0.01645061990281332,scenario,cyp_cystitis,
12.583333333333,bladder,10.001597641188722,0.959727472866,0.040272527134,0.23035789890530317,23.035789890530317,0.1919700265915823,19.19700265915823,0.0479863736433,4.79863736433,0.013159969231947151,1.315996923194715,0.013159969231947151,0.01644996153993394,scenario,cyp_cystitis,
12.666666666667,bladder,10.001270967325809,0.960081760378,0.039918239622,0.23043816955398844,23.043816955398842,0.1920358753000931,19.20358753000931,0.0480040880189,4.80040880189,0.013159545055228974,1.3159545055228974,0.013159545055228976,0.01644943131903622,scenario,cyp_cystitis,
12.75,bladder,10.001008564753828,0.960421910954,0.039578089046,0.23051598177683555,23.051598177683555,0.19209988024119531,19.209988024119532,0.0480210955477,4.80210955477,0.01315920433268967,1.315920433268967,0.013159204332689672,0.01644900541586209,scenario,cyp_cystitis,
12.833333333333,bladder,10.00079833919489,0.960747892782,0.039252107218,0.23059115252256324,23.059115252256323,0.19216185040364553,19.216185040364554,0.048037394639100006,4.80373946391,0.013158931360400292,1.3158931360400292,0.013158931360400293,0.016448664200500368,scenario,cyp_cystitis,
12.916666666667,bladder,10.000630355258853,0.961059892203,0.038940107797,0.23066358231181974,23.066358231181976,0.19222167126491552,19.222167126491552,0.04805299461015,4.805299461015,0.013158713237624688,1.3158713237624688,0.01315871323762469,0.01644839154703086,scenario,cyp_cystitis,
13.0,bladder,10.000496475215293,0.961358518217,0.038641481783,0.230733299118339,23.073329911833902,0.1922793402184095,19.22793402184095,0.048067925910850004,4.806792591085,0.013158539397798175,1.3158539397798175,0.013158539397798173,0.016448174247247718,scenario,cyp_cystitis,
13.083333333333,bladder,10.000390053365116,0.961644379829,0.038355620171,0.2308003525224045,23.08003525224045,0.19233487740100474,19.233487740100475,0.04808221899145,4.808221899145,0.01315840121169269,1.315840121169269,0.01315840121169269,0.01644800151461586,scenario,cyp_cystitis,
13.166666666667,bladder,10.000305678398318,0.961918086041,0.038081913959,0.23086480999373016,23.086480999373016,0.19238832178071597,19.238832178071597,0.048095904302050005,4.8095904302050005,0.013158291652885266,1.3158291652885266,0.013158291652885264,0.01644786456610658,scenario,cyp_cystitis,
13.25,bladder,10.00023895698661,0.962180245855,0.037819754145,0.23092675376781835,23.092675376781834,0.192439727868493,19.2439727868493,0.04810901229275,4.810901229275,0.01315820501676525,1.315820501676525,0.01315820501676525,0.016447756270956564,scenario,cyp_cystitis,
13.333333333333,bladder,10.000186332658604,0.962431468274,0.037568531726,0.23098627822829768,23.09862782282977,0.1924891629627344,19.248916296273443,0.0481215734137,4.81215734137,0.013158136685352649,1.3158136685352648,0.01315813668535265,0.016447670856690813,scenario,cyp_cystitis,
13.416666666667,bladder,10.000144934738731,0.962672362301,0.037327637699,0.23104348772103572,23.104348772103574,0.19253670484840602,19.2536704848406,0.04813361811505,4.813361811505,0.013158082931151867,1.3158082931151867,0.013158082931151867,0.016447603663939835,scenario,cyp_cystitis,
13.5,bladder,10.000112452798351,0.962903536938,0.037096463062,0.23109849473561686,23.109849473561685,0.19258243988285986,19.258243988285987,0.048145176846900006,4.814517684690001,0.013158040754131378,1.315804075413138,0.01315804075413138,0.016447550942664226,scenario,cyp_cystitis,
13.583333333333,bladder,10.000087032669825,0.963125427744,0.036874572256,0.23115137677167796,23.115137677167795,0.19262642672050315,19.262642672050315,0.0481562713872,4.81562713872,0.013158007746701684,1.3158007746701683,0.013158007746701686,0.016447509683377107,scenario,cyp_cystitis,
13.666666666667,bladder,10.000067190613882,0.963337819551,0.036662180449,0.23120206054526182,23.120206054526182,0.19266859954495982,19.26685995449598,0.04816689097755,4.816689097755001,0.013157981982264467,1.3157981982264466,0.013157981982264469,0.016447477477830586,scenario,cyp_cystitis,
13.75,bladder,10.000051742710555,0.963541043104,0.036458956896,0.23125060815880039,23.12506081588004,0.19270900631957935,19.270900631957936,0.048177052155200004,4.81770521552,0.013157961923528869,1.315796192352887,0.013157961923528869,0.016447452404411086,scenario,cyp_cystitis,
13.833333333333,bladder,10.000039746968076,0.963735507456,0.036264492544,0.23129710403355674,23.129710403355674,0.19274771437974395,19.274771437974394,0.0481867753728,4.81867753728,0.013157946347341581,1.315794634734158,0.013157946347341581,0.016447432934176977,scenario,cyp_cystitis,
13.916666666667,bladder,10.000030456016578,0.963921621664,0.036078378336,0.2313416354287241,23.13416354287241,0.19278479404792012,19.278479404792012,0.048196081083200004,4.819608108320001,0.013157934283260939,1.315793428326094,0.013157934283260939,0.016447417854076173,scenario,cyp_cystitis,
14.0,bladder,10.00002327857858,0.964099794783,0.035900205217,0.2313842918794282,23.13842918794282,0.1928203180423981,19.28203180423981,0.04820498973915,4.820498973915,0.013157924963527353,1.3157924963527352,0.013157924963527353,0.016447406204409192,scenario,cyp_cystitis,
14.083333333333,bladder,10.000017748190436,0.964270435867,0.035729564133,0.23142516474162864,23.142516474162864,0.19285436099818803,19.285436099818803,0.048213521793350006,4.821352179335,0.013157917782448954,1.3157917782448953,0.013157917782448954,0.016447397228061194,scenario,cyp_cystitis,
14.166666666667,bladder,10.000013497892517,0.964433953972,0.035566046028,0.23146434682417955,23.146434682417954,0.1928869990795574,19.28869990795574,0.048221697698600005,4.82216976986,0.013157912263537411,1.3157912263537412,0.013157912263537411,0.016447390329421763,scenario,cyp_cystitis,
14.25,bladder,10.000010239815106,0.964590758153,0.035409241847,0.2315019320906007,23.15019320906007,0.1929183096662639,19.29183096662639,0.04822953790765,4.822953790765,0.013157908033000739,1.3157908033000738,0.013157908033000739,0.016447385041250925,scenario,cyp_cystitis,
14.333333333333,bladder,10.000007748765679,0.964741257445,0.035258742555,0.23153801541520233,23.153801541520235,0.19294837109784457,19.294837109784456,0.04823706287225,4.823706287225,0.013157904798431786,1.3157904798431785,0.013157904798431787,0.016447380998039735,scenario,cyp_cystitis,
14.416666666667,bladder,10.000005849075201,0.964885469378,0.035114530622,0.23157259843476255,23.157259843476254,0.19297718417459217,19.297718417459215,0.048244273468900006,4.82442734689,0.013157902331728474,1.3157902331728473,0.013157902331728477,0.016447377914660596,scenario,cyp_cystitis,
14.5,bladder,10.000004404089598,0.965023341072,0.034976658928,0.23160566645802305,23.160566645802305,0.19300473621518216,19.300473621518215,0.048251167053600004,4.82511670536,0.013157900455448717,1.3157900455448717,0.013157900455448715,0.016447375569310894,scenario,cyp_cystitis,
14.583333333333,bladder,10.000003307800819,0.965155160211,0.034844839789,0.23163728697726044,23.163728697726043,0.19303108312285308,19.303108312285307,0.04825775801055,4.825775801055,0.013157899031943565,1.3157899031943565,0.013157899031943567,0.016447373789929456,scenario,cyp_cystitis,
14.666666666667,bladder,10.00000247820266,0.965281214479,0.034718785521,0.2316675278358278,23.16675278358278,0.1930562811703977,19.30562811703977,0.04826406072395,4.826406072395,0.013157897954729898,1.3157897954729898,0.013157897954729896,0.01644737244341237,scenario,cyp_cystitis,
14.75,bladder,10.000001852032275,0.96540179156,0.03459820844,0.23169645715131917,23.169645715131917,0.19308038691928336,19.308038691928335,0.048270089578000004,4.8270089578,0.013157897141662402,1.3157897141662402,0.013157897141662402,0.016447371427078004,scenario,cyp_cystitis,
14.833333333333,bladder,10.000001380621228,0.965517179137,0.034482820863,0.23172414325468482,23.17241432546848,0.1931034571556156,19.31034571556156,0.04827585895685,4.827585895685,0.013157896529546258,1.3157896529546258,0.013157896529546258,0.016447370661932824,scenario,cyp_cystitis,
14.916666666667,bladder,10.000001026632022,0.965627664896,0.034372335104,0.23175065464347278,23.175065464347277,0.1931255488407082,19.31255488407082,0.048281383244800004,4.82813832448,0.013157896069899611,1.315789606989961,0.013157896069899611,0.016447370087374513,scenario,cyp_cystitis,
15.0,bladder,10.000000761498987,0.96573353652,0.03426646348,0.23177605994295747,23.177605994295746,0.19314671907048156,19.314671907048155,0.048286676826000005,4.828667682600001,0.013157895725630609,1.3157895725630608,0.01315789572563061,0.016447369657038264,scenario,cyp_cystitis,
15.083333333333,bladder,10.0000005634276,0.965835081692,0.034164918308,0.23180042787758767,23.18004278775877,0.19316702504525018,19.31670250452502,0.04829175408460001,4.82917540846,0.013157895468439576,1.3157895468439575,0.013157895468439578,0.016447369335549474,scenario,cyp_cystitis,
15.166666666667,bladder,10.000000415835123,0.965932588098,0.034067411902,0.23182382724888412,23.182382724888413,0.19318652404629907,19.31865240462991,0.0482966294049,4.8296629404900004,0.013157895276794222,1.3157895276794223,0.01315789527679422,0.016447369095992776,scenario,cyp_cystitis,
15.25,bladder,10.000000306138876,0.96602634342,0.03397365658,0.23184632691602092,23.18463269160209,0.1932052734158115,19.32052734158115,0.048301317171,4.8301317171,0.013157895134356227,1.3157895134356228,0.013157895134356229,0.016447368917945286,scenario,cyp_cystitis,
15.333333333333,bladder,10.000000224817473,0.966116635343,0.033883364657,0.23186799578375847,23.186799578375847,0.1932233305437984,19.32233305437984,0.048305831767150004,4.830583176715001,0.013157895028762301,1.31578950287623,0.013157895028762301,0.016447368785952876,scenario,cyp_cystitis,
15.416666666667,bladder,10.000000164685705,0.966203383258,0.033796616742,0.23188881440054226,23.188881440054228,0.19324067919751817,19.324067919751815,0.048310169162900006,4.83101691629,0.013157894950682616,1.3157894950682616,0.013157894950682616,0.01644736868835327,scenario,cyp_cystitis,
15.5,bladder,10.000000120336122,0.966286359879,0.033713640121,0.2319087281384031,23.19087281384031,0.19325727383626642,19.325727383626642,0.04831431799395,4.831431799395,0.013157894893095726,1.3157894893095725,0.013157894893095726,0.016447368616369657,scenario,cyp_cystitis,
15.583333333333,bladder,10.000000087710257,0.966365725614,0.033634274386,0.23192777543571483,23.192777543571484,0.193273146478963,19.327314647896298,0.04831828628070001,4.831828628070001,0.013157894850731808,1.3157894850731808,0.013157894850731808,0.01644736856341476,scenario,cyp_cystitis,
15.666666666667,bladder,10.000000063770381,0.966441641553,0.033558358447,0.23194599490950138,23.19459949095014,0.19328832929668566,19.328832929668565,0.04832208207765001,4.832208207765,0.013157894819646444,1.3157894819646445,0.013157894819646444,0.016447368524558054,scenario,cyp_cystitis,
15.75,bladder,10.000000046248953,0.966514268782,0.033485731218,0.2319634251871241,23.19634251871241,0.19330285447160434,19.330285447160435,0.0483257134391,4.83257134391,0.013157894796895282,1.3157894796895282,0.013157894796895282,0.0164473684961191,scenario,cyp_cystitis,
15.833333333333,bladder,10.00000003345793,0.966583768393,0.033416231607,0.23198010490588636,23.198010490588636,0.19331675419603828,19.331675419603826,0.048329188419650004,4.832918841965,0.01315789478028644,1.3157894780286439,0.01315789478028644,0.01644736847535805,scenario,cyp_cystitis,
15.916666666667,bladder,10.000000024144072,0.966650301473,0.033349698527,0.23199607270827086,23.199607270827087,0.19333006066802197,19.3330060668022,0.04833251507365,4.833251507365,0.013157894768192614,1.3157894768192613,0.013157894768192614,0.016447368460240766,scenario,cyp_cystitis,
16.0,bladder,10.000000017379456,0.966714029112,0.033285970888,0.23201136724225466,23.201136724225467,0.19334280609121543,19.334280609121542,0.048335701455600004,4.83357014556,0.013157894759408921,1.3157894759408921,0.01315789475940892,0.01644736844926115,scenario,cyp_cystitis,
16.083333333333,bladder,10.000000012478896,0.966775112398,0.033224887602,0.23202602715889714,23.202602715889714,0.19335502267262858,19.335502267262857,0.0483387556199,4.83387556199,0.013157894753045657,1.3157894753045656,0.013157894753045657,0.01644736844130707,scenario,cyp_cystitis,
16.166666666667,bladder,10.000000008937795,0.966833712421,0.033166287579,0.23204009111238869,23.204009111238868,0.19336674262246178,19.336674262246177,0.048341685621050005,4.834168562105001,0.01315789474844762,1.315789474844762,0.013157894748447621,0.016447368435559526,scenario,cyp_cystitis,
16.25,bladder,10.000000006385557,0.966889990269,0.033110009731,0.23205359775840678,23.205359775840677,0.1933779981525861,19.33779981525861,0.048344499513450004,4.834449951345,0.0131578947451336,1.31578947451336,0.013157894745133599,0.016447368431417,scenario,cyp_cystitis,
16.333333333333,bladder,10.000000004550735,0.966944107031,0.033055892969,0.23206658575432465,23.206658575432463,0.1933888214766049,19.33888214766049,0.04834720535155,4.834720535155,0.013157894742751126,1.3157894742751126,0.013157894742751128,0.01644736842843891,scenario,cyp_cystitis,
16.416666666667,bladder,10.000000003235032,0.966996052997,0.033003947003,0.2320790527668296,23.20790527668296,0.19339921064945223,19.339921064945223,0.048349802649850004,4.834980264985001,0.013157894741042717,1.3157894741042717,0.013157894741042718,0.0164473684263034,scenario,cyp_cystitis,
16.5,bladder,10.000000002293982,0.967045707885,0.032954292115,0.23209096992611944,23.209096992611943,0.19340914161249417,19.34091416124942,0.04835228539425,4.8352285394250005,0.013157894739820786,1.3157894739820786,0.013157894739820786,0.016447368424775982,scenario,cyp_cystitis,
16.583333333333,bladder,10.000000001622615,0.96709316567,0.03290683433,0.23210235978465213,23.210235978465214,0.1934186331591075,19.34186331591075,0.0483546582835,4.83546582835,0.013157894738949032,1.3157894738949032,0.013157894738949034,0.01644736842368629,scenario,cyp_cystitis,
16.666666666667,bladder,10.000000001144867,0.967138521979,0.032861478021,0.2321132452917901,23.21132452917901,0.1934277044135159,19.34277044135159,0.04835692609895,4.835692609895,0.01315789473832869,1.315789473832869,0.01315789473832869,0.016447368422910863,scenario,cyp_cystitis,
16.75,bladder,10.000000000805766,0.967181872444,0.032818127556,0.23212364939840568,23.21236493984057,0.19343637450126916,19.343637450126916,0.048359093622200006,4.835909362220001,0.013157894737888374,1.3157894737888374,0.013157894737888374,0.016447368422360466,scenario,cyp_cystitis,
16.833333333333,bladder,10.000000000565688,0.967223312694,0.032776687306,0.2321335950548766,23.21335950548766,0.19344466254755432,19.34446625475543,0.0483611656347,4.83611656347,0.013157894737576637,1.3157894737576636,0.013157894737576638,0.0164473684219708,scenario,cyp_cystitis,
16.916666666667,bladder,10.00000000039615,0.967262938357,0.032737061643,0.23214310521150433,23.214310521150434,0.1934525876775309,19.34525876775309,0.04836314691785,4.836314691785,0.013157894737356497,1.3157894737356497,0.0131578947373565,0.016447368421695627,scenario,cyp_cystitis,
17.0,bladder,10.00000000027673,0.967300845063,0.032699154937,0.23215220281918875,23.215220281918874,0.1934601690168829,19.34601690168829,0.04836504225315,4.836504225315,0.013157894737201433,1.3157894737201434,0.013157894737201433,0.016447368421501792,scenario,cyp_cystitis,
17.083333333333,bladder,10.000000000192827,0.967337128442,0.032662871558,0.23216091082891524,23.216091082891523,0.19346742569138448,19.34674256913845,0.04836685642210001,4.836685642210001,0.013157894737092488,1.3157894737092488,0.013157894737092488,0.01644736842136561,scenario,cyp_cystitis,
17.166666666667,bladder,10.000000000134028,0.967371884123,0.032628115877,0.23216925219149076,23.216925219149076,0.19347437682667448,19.347437682667447,0.04836859420615,4.836859420615,0.013157894737016137,1.3157894737016138,0.013157894737016139,0.016447368421270175,scenario,cyp_cystitis,
17.25,bladder,10.000000000092925,0.967405207736,0.032594792264,0.23217724985800642,23.217724985800643,0.19348104154863835,19.348104154863837,0.04837026038680001,4.83702603868,0.013157894736962767,1.3157894736962767,0.013157894736962765,0.016447368421203458,scenario,cyp_cystitis,
17.333333333333,bladder,10.000000000064267,0.967437194909,0.032562805091,0.23218492677910504,23.218492677910504,0.1934874389827948,19.34874389827948,0.048371859745450003,4.837185974545,0.013157894736925555,1.3157894736925555,0.013157894736925553,0.016447368421156943,scenario,cyp_cystitis,
17.416666666667,bladder,10.000000000044336,0.967467862734,0.032532137266,0.23219228705681197,23.219228705681196,0.19349357254748628,19.34935725474863,0.0483733931367,4.83733931367,0.013157894736899675,1.3157894736899676,0.013157894736899675,0.016447368421124594,scenario,cyp_cystitis,
17.5,bladder,10.000000000030509,0.967497154999,0.032502845001,0.23219931720020867,23.219931720020867,0.19349943100027228,19.34994310002723,0.048374857749950005,4.837485774995001,0.01315789473688172,1.3157894736881721,0.01315789473688172,0.01644736842110215,scenario,cyp_cystitis,
17.583333333333,bladder,10.000000000020943,0.967525131556,0.032474868444,0.23220603157374797,23.220603157374796,0.1935050263115242,19.35050263115242,0.0483762565778,4.83762565778,0.0131578947368693,1.31578947368693,0.013157894736869302,0.016447368421086628,scenario,cyp_cystitis,
17.666666666667,bladder,10.00000000001434,0.967551854271,0.032448145729,0.2322124450252509,23.22124450252509,0.19351037085442202,19.3510370854422,0.04837759271355,4.837759271355,0.013157894736860727,1.3157894736860727,0.013157894736860725,0.016447368421075907,scenario,cyp_cystitis,
17.75,bladder,10.000000000009795,0.967577385012,0.032422614988,0.23221857240302407,23.221857240302406,0.19351547700255164,19.351547700255164,0.048378869250600004,4.83788692506,0.013157894736854824,1.3157894736854823,0.013157894736854825,0.01644736842106853,scenario,cyp_cystitis,
17.833333333333,bladder,10.000000000006672,0.967601785648,0.032398214352,0.23222442855561815,23.222442855561816,0.1935203571297033,19.35203571297033,0.04838008928240001,4.838008928240001,0.013157894736850768,1.3157894736850768,0.013157894736850768,0.01644736842106346,scenario,cyp_cystitis,
17.916666666667,bladder,10.000000000004535,0.967625118044,0.032374881956,0.2322300283306267,23.22300283306267,0.19352502360887022,19.352502360887023,0.0483812559022,4.83812559022,0.013157894736847994,1.3157894736847995,0.013157894736847994,0.016447368421059993,scenario,cyp_cystitis,
18.0,bladder,10.000000000003075,0.967647444069,0.032352555931,0.23223538657660522,23.223538657660523,0.1935294888138476,19.35294888138476,0.04838237220345001,4.838237220345,0.013157894736846098,1.3157894736846099,0.013157894736846098,0.016447368421057623,scenario,cyp_cystitis,
18.083333333333,bladder,10.000000000002078,0.96766882559,0.03233117441,0.23224051814163058,23.224051814163058,0.1935337651180322,19.35337651180322,0.048383441279500006,4.83834412795,0.013157894736844804,1.3157894736844804,0.013157894736844804,0.016447368421056006,scenario,cyp_cystitis,
18.166666666667,bladder,10.000000000001402,0.967689324475,0.032310675525,0.2322454378740206,23.22454378740206,0.1935378648950217,19.35378648950217,0.048384466223750006,4.838446622375001,0.013157894736843926,1.3157894736843927,0.013157894736843926,0.016447368421054907,scenario,cyp_cystitis,
18.25,bladder,10.000000000000943,0.96770900259,0.03229099741,0.23225016062161385,23.225016062161387,0.1935418005180146,19.35418005180146,0.048385450129500004,4.83854501295,0.013157894736843331,1.3157894736843332,0.01315789473684333,0.01644736842105416,scenario,cyp_cystitis,
18.333333333333,bladder,10.000000000000632,0.967727921805,0.032272078195,0.2322547012332093,23.225470123320928,0.1935455843610098,19.35455843610098,0.04838639609025,4.838639609025,0.013157894736842925,1.3157894736842926,0.013157894736842929,0.01644736842105366,scenario,cyp_cystitis,
18.416666666667,bladder,10.000000000000425,0.967746154211,0.032253845789,0.23225907701064624,23.225907701064624,0.19354923084220657,19.35492308422066,0.04838730771055,4.838730771054999,0.013157894736842656,1.3157894736842657,0.013157894736842658,0.01644736842105332,scenario,cyp_cystitis,
18.5,bladder,10.000000000000282,0.967763748373,0.032236251627,0.23226329960952413,23.226329960952413,0.19355274967460437,19.35527496746044,0.04838818741865,4.838818741865,0.013157894736842472,1.3157894736842473,0.013157894736842474,0.016447368421053092,scenario,cyp_cystitis,
18.583333333333,bladder,10.000000000000188,0.967780705238,0.032219294762,0.23226736925712277,23.226736925712277,0.19355614104760294,19.355614104760292,0.0483890352619,4.83890352619,0.013157894736842349,1.3157894736842348,0.013157894736842349,0.016447368421052936,scenario,cyp_cystitis,
18.666666666667,bladder,10.000000000000126,0.967797024806,0.032202975194,0.23227128595344185,23.227128595344183,0.19355940496120194,19.355940496120194,0.04838985124030001,4.838985124030001,0.01315789473684227,1.3157894736842268,0.01315789473684227,0.016447368421052835,scenario,cyp_cystitis,
18.75,bladder,10.000000000000083,0.967812707076,0.032187292924,0.2322750496982412,23.22750496982412,0.19356254141520127,19.356254141520125,0.048390635353800004,4.83906353538,0.013157894736842214,1.3157894736842213,0.013157894736842214,0.016447368421052766,scenario,cyp_cystitis,
18.833333333333,bladder,10.000000000000055,0.967827752048,0.032172247952,0.23227866049152077,23.227866049152077,0.19356555040960083,19.35655504096008,0.0483913876024,4.83913876024,0.013157894736842177,1.3157894736842177,0.013157894736842177,0.01644736842105272,scenario,cyp_cystitis,
18.916666666667,bladder,10.000000000000036,0.967842159723,0.032157840277,0.23228211833352053,23.228211833352052,0.19356843194460055,19.356843194460055,0.048392107986150006,4.839210798615,0.013157894736842151,1.315789473684215,0.013157894736842151,0.01644736842105269,scenario,cyp_cystitis,
19.0,bladder,10.000000000000023,0.9678559301,0.0321440699,0.23228542322400034,23.228542322400035,0.19357118602000037,19.357118602000035,0.048392796505,4.8392796505,0.013157894736842136,1.3157894736842135,0.013157894736842134,0.01644736842105267,scenario,cyp_cystitis,
19.083333333333,bladder,10.000000000000016,0.967869063179,0.032130936821,0.23228857516296023,23.228857516296024,0.19357381263580026,19.357381263580027,0.04839345315895,4.839345315895001,0.013157894736842127,1.3157894736842126,0.013157894736842125,0.016447368421052655,scenario,cyp_cystitis,
19.166666666667,bladder,10.00000000000001,0.967881558961,0.032118441039,0.23229157415064014,23.229157415064012,0.19357631179220014,19.357631179220014,0.04839407794805001,4.839407794805001,0.01315789473684212,1.315789473684212,0.013157894736842118,0.016447368421052648,scenario,cyp_cystitis,
19.25,bladder,10.000000000000007,0.967893417446,0.032106582554,0.23229442018704013,23.229442018704013,0.19357868348920013,19.35786834892001,0.048394670872300004,4.83946708723,0.013157894736842115,1.3157894736842115,0.013157894736842113,0.01644736842105264,scenario,cyp_cystitis,
19.333333333333,bladder,10.000000000000004,0.967904638632,0.032095361368,0.23229711327168007,23.22971132716801,0.19358092772640006,19.358092772640006,0.0483952319316,4.83952319316,0.01315789473684211,1.315789473684211,0.013157894736842108,0.016447368421052634,scenario,cyp_cystitis,
19.416666666667,bladder,10.000000000000004,0.967915222522,0.032084777478,0.23229965340528005,23.229965340528004,0.19358304450440006,19.358304450440006,0.0483957611261,4.8395761126100005,0.01315789473684211,1.315789473684211,0.013157894736842108,0.016447368421052634,scenario,cyp_cystitis,
19.5,bladder,10.000000000000002,0.967925197744,0.032074802256,0.23230204745856003,23.230204745856003,0.19358503954880005,19.358503954880003,0.048396259887200005,4.839625988720001,0.013157894736842108,1.3157894736842108,0.013157894736842106,0.016447368421052634,scenario,cyp_cystitis,
19.583333333333,bladder,10.000000000000002,0.967934776986,0.032065223014,0.23230434647664,23.230434647664,0.19358695539720003,19.358695539720003,0.0483967388493,4.83967388493,0.013157894736842108,1.3157894736842108,0.013157894736842106,0.016447368421052634,scenario,cyp_cystitis,
19.666666666667,bladder,10.0,0.967944003514,0.032055996486,0.23230656084336002,23.230656084336,0.19358880070280002,19.35888007028,0.048397200175700004,4.83972001757,0.013157894736842105,1.3157894736842104,0.013157894736842105,0.01644736842105263,scenario,cyp_cystitis,
19.75,bladder,10.0,0.967952877329,0.032047122671,0.23230869055896003,23.230869055896004,0.19359057546580002,19.35905754658,0.048397643866450006,4.839764386645,0.013157894736842105,1.3157894736842104,0.013157894736842105,0.01644736842105263,scenario,cyp_cystitis,
19.833333333333,bladder,10.0,0.967961398431,0.032038601569,0.23231073562344,23.231073562344,0.19359227968620002,19.35922796862,0.048398069921550005,4.839806992155,0.013157894736842105,1.3157894736842104,0.013157894736842105,0.01644736842105263,scenario,cyp_cystitis,
19.916666666667,bladder,10.0,0.967969566819,0.032030433181,0.23231269603656002,23.231269603656003,0.19359391336380002,19.359391336380003,0.048398478340950006,4.839847834095001,0.013157894736842105,1.3157894736842104,0.013157894736842105,0.01644736842105263,scenario,cyp_cystitis,
20.0,bladder,10.0,0.967977382495,0.032022617505,0.2323145717988,23.23145717988,0.193595476499,19.3595476499,0.04839886912475,4.839886912475,0.013157894736842105,1.3157894736842104,0.013157894736842105,0.01644736842105263,scenario,cyp_cystitis,
20.083333333333,bladder,10.0,0.967984845457,0.032015154543,0.23231636290968,23.231636290967998,0.1935969690914,19.359696909140002,0.04839924227285,4.8399242272850005,0.013157894736842105,1.3157894736842104,0.013157894736842105,0.01644736842105263,scenario,cyp_cystitis,
20.166666666667,bladder,10.0,0.967991955706,0.032008044294,0.23231806936944002,23.231806936944004,0.19359839114120003,19.359839114120003,0.04839959778530001,4.839959778530001,0.013157894736842105,1.3157894736842104,0.013157894736842105,0.01644736842105263,scenario,cyp_cystitis,
20.25,bladder,10.0,0.967998713242,0.032001286758,0.23231969117808,23.231969117808,0.19359974264840002,19.35997426484,0.048399935662100005,4.83999356621,0.013157894736842105,1.3157894736842104,0.013157894736842105,0.01644736842105263,scenario,cyp_cystitis,
20.333333333333,bladder,10.0,0.968005118065,0.031994881935,0.2323212283356,23.232122833560002,0.19360102361300002,19.3601023613,0.048400255903250006,4.840025590325,0.013157894736842105,1.3157894736842104,0.013157894736842105,0.01644736842105263,scenario,cyp_cystitis,
20.416666666667,bladder,10.0,0.968011170175,0.031988829825,0.232322680842,23.2322680842,0.19360223403500001,19.3602234035,0.048400558508750004,4.840055850875,0.013157894736842105,1.3157894736842104,0.013157894736842105,0.01644736842105263,scenario,cyp_cystitis,
20.5,bladder,10.0,0.968016869571,0.031983130429,0.23232404869704001,23.232404869704002,0.19360337391420002,19.360337391420003,0.048400843478550004,4.840084347855001,0.013157894736842105,1.3157894736842104,0.013157894736842105,0.01644736842105263,scenario,cyp_cystitis,
20.583333333333,bladder,10.0,0.968022216981,0.031977783019,0.23232533207543998,23.232533207543998,0.1936044433962,19.36044433962,0.04840111084905,4.840111084905,0.013157894736842105,1.3157894736842104,0.013157894736842105,0.01644736842105263,scenario,cyp_cystitis,
20.666666666667,bladder,10.0,0.968027321263,0.031972678737,0.23232655710312,23.232655710312,0.1936054642526,19.36054642526,0.04840136606315,4.840136606315,0.013157894736842105,1.3157894736842104,0.013157894736842105,0.01644736842105263,scenario,cyp_cystitis,
20.75,bladder,10.0,0.968032260418,0.031967739582,0.23232774250032,23.232774250032,0.1936064520836,19.36064520836,0.0484016130209,4.84016130209,0.013157894736842105,1.3157894736842104,0.013157894736842105,0.01644736842105263,scenario,cyp_cystitis,
20.833333333333,bladder,10.0,0.968037034445,0.031962965555,0.2323288882668,23.23288882668,0.19360740688900002,19.3607406889,0.048401851722250006,4.840185172225,0.013157894736842105,1.3157894736842104,0.013157894736842105,0.01644736842105263,scenario,cyp_cystitis,
20.916666666667,bladder,10.0,0.968041643346,0.031958356654,0.23232999440303997,23.232999440304,0.1936083286692,19.36083286692,0.0484020821673,4.84020821673,0.013157894736842105,1.3157894736842104,0.013157894736842105,0.01644736842105263,scenario,cyp_cystitis,
21.0,bladder,10.0,0.96804608712,0.03195391288,0.2323310609088,23.23310609088,0.193609217424,19.3609217424,0.048402304356,4.8402304356,0.013157894736842105,1.3157894736842104,0.013157894736842105,0.01644736842105263,scenario,cyp_cystitis,
21.083333333333,bladder,10.0,0.968050365767,0.031949634233,0.23233208778408,23.233208778408,0.1936100731534,19.36100731534,0.04840251828835,4.840251828835,0.013157894736842105,1.3157894736842104,0.013157894736842105,0.01644736842105263,scenario,cyp_cystitis,
21.166666666667,bladder,10.0,0.968054479288,0.031945520712,0.23233307502912004,23.233307502912005,0.19361089585760002,19.361089585760002,0.048402723964400006,4.8402723964400005,0.013157894736842105,1.3157894736842104,0.013157894736842105,0.01644736842105263,scenario,cyp_cystitis,
21.25,bladder,10.0,0.968058427681,0.031941572319,0.23233402264344,23.233402264344,0.1936116855362,19.36116855362,0.04840292138405,4.840292138405,0.013157894736842105,1.3157894736842104,0.013157894736842105,0.01644736842105263,scenario,cyp_cystitis,
21.333333333333,bladder,10.0,0.968062210947,0.031937789053,0.23233493062727997,23.233493062727998,0.1936124421894,19.361244218939998,0.04840311054735,4.8403110547349995,0.013157894736842105,1.3157894736842104,0.013157894736842105,0.01644736842105263,scenario,cyp_cystitis,
21.416666666667,bladder,10.0,0.968065829087,0.031934170913,0.23233579898088003,23.233579898088003,0.1936131658174,19.361316581740002,0.04840329145435,4.840329145435001,0.013157894736842105,1.3157894736842104,0.013157894736842105,0.01644736842105263,scenario,cyp_cystitis,
21.5,bladder,10.0,0.9680692821,0.0319307179,0.232336627704,23.2336627704,0.19361385642,19.361385642000002,0.048403464105,4.8403464105000005,0.013157894736842105,1.3157894736842104,0.013157894736842105,0.01644736842105263,scenario,cyp_cystitis,
21.583333333333,bladder,10.0,0.968072569985,0.031927430015,0.23233741679640002,23.23374167964,0.19361451399700003,19.3614513997,0.04840362849925001,4.840362849925,0.013157894736842105,1.3157894736842104,0.013157894736842105,0.01644736842105263,scenario,cyp_cystitis,
21.666666666667,bladder,10.0,0.968075692744,0.031924307256,0.23233816625856,23.233816625856,0.1936151385488,19.36151385488,0.0484037846372,4.84037846372,0.013157894736842105,1.3157894736842104,0.013157894736842105,0.01644736842105263,scenario,cyp_cystitis,
21.75,bladder,10.0,0.968078670263,0.031921329737,0.23233888086312002,23.233888086312003,0.19361573405260002,19.361573405260003,0.048403933513150005,4.840393351315001,0.013157894736842105,1.3157894736842104,0.013157894736842105,0.01644736842105263,scenario,cyp_cystitis,
21.833333333333,bladder,10.0,0.968081555003,0.031918444997,0.23233957320072002,23.233957320072,0.1936163110006,19.361631100060002,0.04840407775015,4.8404077750150005,0.013157894736842105,1.3157894736842104,0.013157894736842105,0.01644736842105263,scenario,cyp_cystitis,
21.916666666667,bladder,10.0,0.968084349755,0.031915650245,0.2323402439412,23.234024394120002,0.19361686995100003,19.3616869951,0.048404217487750006,4.840421748775,0.013157894736842105,1.3157894736842104,0.013157894736842105,0.01644736842105263,scenario,cyp_cystitis,
22.0,bladder,10.0,0.968087054519,0.031912945481,0.23234089308456002,23.234089308456003,0.19361741090380002,19.36174109038,0.048404352725950006,4.840435272595,0.013157894736842105,1.3157894736842104,0.013157894736842105,0.01644736842105263,scenario,cyp_cystitis,
22.083333333333,bladder,10.0,0.968089669293,0.031910330707,0.23234152063032001,23.234152063032003,0.19361793385860002,19.36179338586,0.048404483464650004,4.840448346465,0.013157894736842105,1.3157894736842104,0.013157894736842105,0.01644736842105263,scenario,cyp_cystitis,
22.166666666667,bladder,10.0,0.968092194079,0.031907805921,0.23234212657896,23.234212657896,0.19361843881580001,19.36184388158,0.048404609703950004,4.840460970395,0.013157894736842105,1.3157894736842104,0.013157894736842105,0.01644736842105263,scenario,cyp_cystitis,
22.25,bladder,10.0,0.968094628876,0.031905371124,0.23234271093024,23.234271093024,0.1936189257752,19.361892577520003,0.0484047314438,4.840473144380001,0.013157894736842105,1.3157894736842104,0.013157894736842105,0.01644736842105263,scenario,cyp_cystitis,
22.333333333333,bladder,10.0,0.968096973684,0.031903026316,0.23234327368416,23.234327368416,0.1936193947368,19.36193947368,0.0484048486842,4.84048486842,0.013157894736842105,1.3157894736842104,0.013157894736842105,0.01644736842105263,scenario,cyp_cystitis,
22.416666666667,bladder,10.0,0.968099228503,0.031900771497,0.23234381484072,23.234381484072,0.1936198457006,19.361984570060002,0.04840496142515,4.840496142515001,0.013157894736842105,1.3157894736842104,0.013157894736842105,0.01644736842105263,scenario,cyp_cystitis,
22.5,bladder,10.0,0.968101393334,0.031898606666,0.23234433440016,23.234433440016,0.1936202786668,19.362027866680002,0.0484050696667,4.8405069666700005,0.013157894736842105,1.3157894736842104,0.013157894736842105,0.01644736842105263,scenario,cyp_cystitis,
22.583333333333,bladder,10.0,0.968103468175,0.031896531825,0.232344832362,23.2344832362,0.193620693635,19.3620693635,0.04840517340875,4.840517340875,0.013157894736842105,1.3157894736842104,0.013157894736842105,0.01644736842105263,scenario,cyp_cystitis,
22.666666666667,bladder,10.0,0.968105453028,0.031894546972,0.23234530872672,23.234530872672,0.1936210906056,19.36210906056,0.0484052726514,4.84052726514,0.013157894736842105,1.3157894736842104,0.013157894736842105,0.01644736842105263,scenario,cyp_cystitis,
22.75,bladder,10.0,0.968107347892,0.031892652108,0.23234576349408,23.234576349408,0.1936214695784,19.36214695784,0.0484053673946,4.84053673946,0.013157894736842105,1.3157894736842104,0.013157894736842105,0.01644736842105263,scenario,cyp_cystitis,
22.833333333333,bladder,10.0,0.968109155043,0.031890844957,0.23234619721032,23.234619721031997,0.1936218310086,19.36218310086,0.04840545775215,4.840545775215,0.013157894736842105,1.3157894736842104,0.013157894736842105,0.01644736842105263,scenario,cyp_cystitis,
22.916666666667,bladder,10.0,0.968110899221,0.031889100779,0.23234661581304003,23.234661581304003,0.19362217984420002,19.362217984420003,0.048405544961050005,4.840554496105001,0.013157894736842105,1.3157894736842104,0.013157894736842105,0.01644736842105263,scenario,cyp_cystitis,
23.0,bladder,10.0,0.968112587194,0.031887412806,0.23234702092655998,23.234702092655997,0.1936225174388,19.362251743879998,0.0484056293597,4.8405629359699995,0.013157894736842105,1.3157894736842104,0.013157894736842105,0.01644736842105263,scenario,cyp_cystitis,
23.083333333333,bladder,10.0,0.968114218961,0.031885781039,0.23234741255064,23.234741255064,0.19362284379220002,19.36228437922,0.048405710948050004,4.840571094805,0.013157894736842105,1.3157894736842104,0.013157894736842105,0.01644736842105263,scenario,cyp_cystitis,
23.166666666667,bladder,10.0,0.968115794523,0.031884205477,0.23234779068552003,23.234779068552,0.19362315890460002,19.362315890460003,0.048405789726150006,4.840578972615001,0.013157894736842105,1.3157894736842104,0.013157894736842105,0.01644736842105263,scenario,cyp_cystitis,
23.25,bladder,10.0,0.96811731388,0.03188268612,0.2323481553312,23.234815533120003,0.193623462776,19.3623462776,0.048405865694,4.8405865694,0.013157894736842105,1.3157894736842104,0.013157894736842105,0.01644736842105263,scenario,cyp_cystitis,
23.333333333333,bladder,10.0,0.968118777031,0.031881222969,0.23234850648744002,23.234850648744,0.19362375540620003,19.362375540620004,0.04840593885155001,4.840593885155001,0.013157894736842105,1.3157894736842104,0.013157894736842105,0.01644736842105263,scenario,cyp_cystitis,
23.416666666667,bladder,10.0,0.968120183976,0.031879816024,0.23234884415424,23.234884415424002,0.19362403679520002,19.36240367952,0.048406009198800004,4.84060091988,0.013157894736842105,1.3157894736842104,0.013157894736842105,0.01644736842105263,scenario,cyp_cystitis,
23.5,bladder,10.0,0.968121534716,0.031878465284,0.23234916833184,23.234916833184,0.19362430694320001,19.36243069432,0.048406076735800004,4.84060767358,0.013157894736842105,1.3157894736842104,0.013157894736842105,0.01644736842105263,scenario,cyp_cystitis,
23.583333333333,bladder,10.0,0.968122829251,0.031877170749,0.23234947902024003,23.234947902024004,0.19362456585020002,19.362456585020002,0.048406141462550005,4.8406141462550005,0.013157894736842105,1.3157894736842104,0.013157894736842105,0.01644736842105263,scenario,cyp_cystitis,
23.666666666667,bladder,10.0,0.96812406758,0.03187593242,0.23234977621920003,23.234977621920002,0.19362481351600003,19.362481351600003,0.04840620337900001,4.840620337900001,0.013157894736842105,1.3157894736842104,0.013157894736842105,0.01644736842105263,scenario,cyp_cystitis,
23.75,bladder,10.0,0.968125249704,0.031874750296,0.23235005992896,23.235005992896,0.19362504994080001,19.362504994080002,0.048406262485200004,4.8406262485200005,0.013157894736842105,1.3157894736842104,0.013157894736842105,0.01644736842105263,scenario,cyp_cystitis,
23.833333333333,bladder,10.0,0.968126375623,0.031873624377,0.23235033014952,23.235033014952002,0.1936252751246,19.36252751246,0.04840631878115,4.840631878115,0.013157894736842105,1.3157894736842104,0.013157894736842105,0.01644736842105263,scenario,cyp_cystitis,
23.916666666667,bladder,10.0,0.968127445337,0.031872554663,0.23235058688088,23.235058688088,0.19362548906740001,19.362548906740003,0.048406372266850003,4.840637226685001,0.013157894736842105,1.3157894736842104,0.013157894736842105,0.01644736842105263,scenario,cyp_cystitis,
24.0,bladder,10.0,0.968128490859,0.031871509141,0.23235083780615998,23.235083780615998,0.1936256981718,19.36256981718,0.04840642454295,4.840642454295,0.013157894736842105,1.3157894736842104,0.013157894736842105,0.01644736842105263,scenario,cyp_cystitis,
0.0,spinal_coord,30.11270795402566,0.962834160269,0.037165839731,0.5508542831401562,55.085428314015616,0.4135276574305416,41.35276574305416,0.24070854006725,24.070854006725,0.03860045817353906,3.8600458173539063,0.03860045817353906,0.027020320721477344,scenario,cyp_cystitis,
0.083333333333,spinal_coord,30.386474760650888,0.962803784022,0.037196215978,0.5524392414180354,55.24392414180353,0.4156510605500472,41.56510605500472,0.2407009460055,24.07009460055,0.038937726041408646,3.8937726041408647,0.03893772604140865,0.027256408228986055,scenario,cyp_cystitis,
0.166666666667,spinal_coord,30.65840327059857,0.96276810539,0.03723189461,0.5539979970267047,55.39979970267047,0.4177412942389396,41.77412942389396,0.2406920263475,24.06920263475,0.03927249504028139,3.9272495040281385,0.03927249504028139,0.02749074652819697,scenario,cyp_cystitis,
0.25,spinal_coord,30.92837120303389,0.9627103828,0.0372896172,0.5555205517896887,55.55205517896887,0.4197906081195849,41.97906081195849,0.2406775957,24.06775957,0.03960461976223017,3.9604619762230167,0.03960461976223017,0.027723233833561116,scenario,cyp_cystitis,
0.333333333333,spinal_coord,31.196256094140082,0.96265165815,0.03734834185,0.55701867505727,55.701867505727,0.42180768069302665,42.180768069302665,0.2406629145375,24.06629145375,0.03993395494509474,3.993395494509474,0.03993395494509474,0.027953768461566317,scenario,cyp_cystitis,
0.416666666667,spinal_coord,31.46193538758699,0.962582104274,0.037417895726,0.5584863717473374,55.84863717473374,0.4237877942384498,42.37877942384498,0.2406455260685,24.06455260685,0.04026035557571029,4.026035557571029,0.04026035557571029,0.0281822489029972,scenario,cyp_cystitis,
0.5,spinal_coord,31.72528652602372,0.962499223799,0.037500776201,0.559921860744571,55.992186074457095,0.4257294063930946,42.57294063930946,0.24062480594975,24.062480594975,0.04058367699350043,4.058367699350042,0.04058367699350043,0.028408573895450297,scenario,cyp_cystitis,
0.583333333333,spinal_coord,31.986187043530556,0.962403016724,0.037596983276,0.5613248142591182,56.13248142591182,0.4276320801041576,42.76320801041576,0.240600754181,24.0600754181,0.04090377499436572,4.090377499436572,0.04090377499436572,0.028632642496056,scenario,cyp_cystitis,
0.666666666667,spinal_coord,32.244514658877506,0.96229449441,0.03770550559,0.5626955079871248,56.26955079871247,0.4294958458461664,42.94958458461664,0.2405736236025,24.05736236025,0.04122050593469326,4.122050593469326,0.04122050593469326,0.028854354154285278,scenario,cyp_cystitis,
0.75,spinal_coord,32.50014736952159,0.962175923398,0.037824076602,0.5640349712862984,56.403497128629844,0.43132132058239797,43.1321320582398,0.2405439808495,24.054398084949998,0.04153372683541998,4.153372683541998,0.04153372683541998,0.029073608784793988,scenario,cyp_cystitis,
0.833333333333,spinal_coord,32.75296354627107,0.962047388357,0.037952611643,0.5653429760019753,56.534297600197526,0.43310817188363365,43.310817188363366,0.24051184708925,24.051184708925,0.04184329548607954,4.184329548607954,0.04184329548607954,0.029290306840255676,scenario,cyp_cystitis,
0.916666666667,spinal_coord,33.00284202845978,0.961908925705,0.038091074295,0.5666192771198101,56.66192771198101,0.43485606092474677,43.485606092474676,0.24047723142625,24.047723142625,0.04214907054866121,4.214907054866121,0.04214907054866121,0.029504349384062847,scenario,cyp_cystitis,
1.0,spinal_coord,33.24966221955765,0.961762272593,0.038237727407,0.5678646448973697,56.786464489736964,0.43656543566549283,43.65654356654928,0.24044056814825,24.044056814824998,0.04245091166121336,4.245091166121337,0.04245091166121336,0.02971563816284935,scenario,cyp_cystitis,
1.083333333333,spinal_coord,33.493304183139614,0.961608383862,0.038391616138,0.5690794067463107,56.90794067463108,0.4382364143744143,43.82364143744143,0.2404020959655,24.04020959655,0.042748679541121694,4.274867954112169,0.04274867954112169,0.02992407567878518,scenario,cyp_cystitis,
1.166666666667,spinal_coord,33.73364873905331,0.961447259513,0.038552740487,0.5702633390282272,57.02633390282272,0.43986869886663627,43.98686988666363,0.24036181487825,24.036181487825,0.043042236087894495,4.304223608789449,0.04304223608789449,0.030129565261526138,scenario,cyp_cystitis,
1.25,spinal_coord,33.97057755970685,0.96127895344,0.03872104656,0.5714162599937778,57.14162599937778,0.44146202884503705,44.14620288450371,0.24031973836,24.031973836000002,0.04333144448538907,4.333144448538907,0.04333144448538907,0.03033201113977235,scenario,cyp_cystitis,
1.333333333333,spinal_coord,34.203973266393895,0.96110405345,0.03889594655,0.5725383158716569,57.25383158716569,0.44301640334554254,44.30164033455426,0.2402760133625,24.02760133625,0.043616169303410064,4.361616930341007,0.04361616930341006,0.030531318512387037,scenario,cyp_cystitis,
1.416666666667,spinal_coord,34.433719525495434,0.960923372781,0.039076627219,0.5736297998250526,57.36297998250526,0.44453194217307,44.453194217307,0.24023084319525,24.023084319525,0.043896276598518,4.3896276598518,0.04389627659851799,0.03072739361896259,scenario,cyp_cystitis,
1.5,spinal_coord,34.65970114447569,0.960737715943,0.039262284057,0.5746910128827287,57.469101288272874,0.446008778529305,44.600877852930495,0.24018442898575,24.018442898575,0.04417163401398381,4.417163401398381,0.0441716340139838,0.03092014380978866,scenario,cyp_cystitis,
1.583333333333,spinal_coord,34.881804167585955,0.960547887445,0.039452112555,0.5757222686757375,57.57222686757375,0.44744706241931675,44.744706241931674,0.24013697186125,24.013697186125,0.04444211087882231,4.4442110878822305,0.04444211087882231,0.031109477615175612,scenario,cyp_cystitis,
1.666666666667,spinal_coord,35.099915971116204,0.960354691798,0.039645308202,0.5767238929962981,57.67238929962981,0.4488469600623975,44.88469600623975,0.2400886729495,24.00886729495,0.04470757830574972,4.470757830574972,0.044707578305749715,0.0312953048140248,scenario,cyp_cystitis,
1.75,spinal_coord,35.313925358109486,0.960158933513,0.039841066487,0.5776962233511478,57.769622335114775,0.45020865329719706,45.020865329719705,0.24003973337825,24.003973337825,0.04496790928800359,4.496790928800358,0.04496790928800358,0.0314775365016025,scenario,cyp_cystitis,
1.833333333333,spinal_coord,35.52372265245073,0.959961417099,0.040038582901,0.578639608513132,57.8639608513132,0.45153233898450934,45.153233898450935,0.23999035427475,23.999035427475,0.045222978794961156,4.522297879496116,0.04522297879496116,0.031656085156472814,scenario,cyp_cystitis,
1.916666666667,spinal_coord,35.72919979217187,0.95976293307,0.04023706693,0.5795543996229541,57.95543996229541,0.4528182218072721,45.28182218072721,0.2399407332675,23.99407332675,0.0454726638664089,4.54726638664089,0.04547266386640889,0.031830864706486224,scenario,cyp_cystitis,
2.0,spinal_coord,35.93025042188743,0.959563233672,0.040436766328,0.5804403300833405,58.044033008334054,0.4540660288871207,45.40660288871207,0.239890808418,23.9890808418,0.04571684370540524,4.571684370540524,0.04571684370540524,0.03200179059378367,scenario,cyp_cystitis,
2.083333333333,spinal_coord,36.12676998427123,0.959362204303,0.040637795697,0.5812972196065983,58.12972196065983,0.455275558041131,45.5275558041131,0.23984055107575,23.984055107575,0.045955399769675886,4.595539976967588,0.04595539976967589,0.03216877983877312,scenario,cyp_cystitis,
2.166666666667,spinal_coord,36.31865581042011,0.959160277829,0.040839722171,0.5821252261851626,58.21252261851626,0.4564468756372168,45.64468756372168,0.23979006945725,23.979006945725,0.04618821586140323,4.6188215861403235,0.046188215861403224,0.032331751102982254,scenario,cyp_cystitis,
2.25,spinal_coord,36.50580720901905,0.958957887115,0.041042112885,0.5829245157546814,58.29245157546814,0.45758005863457524,45.75800586345753,0.23973947177875,23.973947177874997,0.046415178215356005,4.641517821535601,0.04641517821535601,0.03249062475074921,scenario,cyp_cystitis,
2.333333333333,spinal_coord,36.688125554219134,0.958755465026,0.041244534974,0.583695261860067,58.3695261860067,0.4586751941380894,45.867519413808935,0.2396888662565,23.96888662565,0.04663617558530259,4.66361755853026,0.04663617558530259,0.03264532290971181,scenario,cyp_cystitis,
2.416666666667,spinal_coord,36.86551437207959,0.958553444429,0.041446555571,0.5844376453247471,58.44376453247471,0.4597323789566627,45.973237895666266,0.23963836110725,23.963836110725,0.046851099328578845,4.685109932857885,0.046851099328578845,0.03279576953000519,scenario,cyp_cystitis,
2.5,spinal_coord,37.0378794254904,0.958352258188,0.041647741812,0.5851518539187338,58.51518539187338,0.4607517191623118,46.07517191623118,0.239588064547,23.9588064547,0.047059843488761605,4.705984348876161,0.047059843488761605,0.03294189044213312,scenario,cyp_cystitis,
2.583333333333,spinal_coord,37.20512879748852,0.958152339169,0.041847660831,0.5858380820363176,58.58380820363176,0.4617333296587568,46.17333296587568,0.23953808479225,23.953808479225,0.047262304876394774,4.726230487639477,0.04726230487639478,0.03308361341347634,scenario,cyp_cystitis,
2.666666666667,spinal_coord,37.367172972826744,0.95795391599,0.04204608401,0.5864964053246728,58.64964053246729,0.4626772351028971,46.26772351028971,0.2394884789975,23.94884789975,0.047458383147650406,4.745838314765041,0.047458383147650406,0.033220868203355285,scenario,cyp_cystitis,
2.75,spinal_coord,37.52392491771433,0.95775677102,0.04224322898,0.5871266312135138,58.71266312135138,0.46358325127801836,46.358325127801834,0.239439192755,23.9439192755,0.04764798088087937,4.764798088087937,0.04764798088087937,0.033353586616615555,scenario,cyp_cystitis,
2.833333333333,spinal_coord,37.675300157646376,0.957561127411,0.042438872589,0.5877288414201215,58.77288414201215,0.4644514127564954,46.44514127564954,0.23939028185275,23.939028185275,0.04783100365100441,4.783100365100441,0.04783100365100441,0.03348170255570308,scenario,cyp_cystitis,
2.916666666667,spinal_coord,37.8212168531894,0.957367238342,0.042632761658,0.5883031410220811,58.83031410220811,0.4652817752487749,46.52817752487749,0.2393418095855,23.93418095855,0.048007360101647766,4.800736010164776,0.048007360101647766,0.03360515207115344,scenario,cyp_cystitis,
3.0,spinal_coord,37.961595873647255,0.957175356994,0.042824643006,0.5888496398504084,58.88496398504084,0.46607440080254453,46.607440080254456,0.2392938392485,23.92938392485,0.04817696201495402,4.817696201495402,0.04817696201495402,0.033723873410467814,scenario,cyp_cystitis,
3.083333333333,spinal_coord,38.09636086852875,0.956985736547,0.043014263453,0.5893684522443281,58.93684522443281,0.4668293574767707,46.68293574767707,0.23924643413675,23.924643413675,0.0483397243790649,4.83397243790649,0.0483397243790649,0.03383780706534543,scenario,cyp_cystitis,
3.166666666667,spinal_coord,38.22543833669517,0.956798630182,0.043201369818,0.5898596968146543,58.985969681465434,0.46754671902553907,46.75467190255391,0.2391996575455,23.91996575455,0.04849556545315015,4.849556545315014,0.04849556545315015,0.0339468958172051,scenario,cyp_cystitis,
3.25,spinal_coord,38.348757693117534,0.956614291079,0.043385708921,0.5903234962105194,59.032349621051935,0.4682265645876926,46.82265645876926,0.23915357276975,23.915357276974998,0.04864440682995996,4.864440682995996,0.048644406829959956,0.03405108478097197,scenario,cyp_cystitis,
3.333333333333,spinal_coord,38.46625133317101,0.956432965145,0.043567034855,0.590759972401682,59.0759972401682,0.46886897482057605,46.886897482057606,0.23910824128625,23.910824128625,0.04878617349586072,4.878617349586072,0.04878617349586073,0.034150321447102505,scenario,cyp_cystitis,
3.416666666667,spinal_coord,38.577854694356745,0.95625477782,0.04374522218,0.5911691764608645,59.116917646086456,0.46947397600781937,46.94739760078194,0.239063694455,23.9063694455,0.04892079388826998,4.892079388826998,0.04892079388826998,0.034244555721788986,scenario,cyp_cystitis,
3.5,spinal_coord,38.68350631538782,0.956079906314,0.043920093686,0.5915511946110404,59.15511946110404,0.4700416240433873,47.00416240433873,0.2390199765785,23.90199765785,0.049048199950461,4.9048199950461004,0.049048199950461,0.0343337399653227,scenario,cyp_cystitis,
3.583333333333,spinal_coord,38.78314789257409,0.955908565487,0.044091434513,0.5919061394388141,59.19061394388141,0.4705719974227521,47.05719974227521,0.23897714137175,23.897714137175,0.049168327183704036,4.9168327183704035,0.04916832718370404,0.034417829028592827,scenario,cyp_cystitis,
3.666666666667,spinal_coord,38.87672433340948,0.9557409702,0.0442590298,0.5922341264725225,59.223412647252246,0.4710651785633634,47.10651785633634,0.23893524255,23.893524255000003,0.04928111469667178,4.9281114696671775,0.049281114696671784,0.034496780287670246,scenario,cyp_cystitis,
3.75,spinal_coord,38.964183807306426,0.955577335315,0.044422664685,0.5925352740001402,59.253527400014015,0.47152125356185354,47.15212535618535,0.23889433382875,23.889433382875,0.04938650525208491,4.938650525208491,0.04938650525208492,0.03457055367645944,scenario,cyp_cystitis,
3.833333333333,spinal_coord,39.04547779342067,0.955417875691,0.044582124309,0.5928097028915724,59.28097028915724,0.4719403119584299,47.19403119584299,0.23885446892275,23.885446892275,0.04948444531056946,4.948444531056946,0.04948444531056946,0.03463911171739862,scenario,cyp_cystitis,
3.916666666667,spinal_coord,39.12056112548439,0.95526280619,0.04473719381,0.5930575364340274,59.30575364340274,0.4723224465153698,47.23224465153698,0.2388157015475,23.88157015475,0.049574885071665895,4.957488507166589,0.0495748850716659,0.034702419550166126,scenario,cyp_cystitis,
4.0,spinal_coord,39.18939203360148,0.955112341672,0.044887658328,0.5932789001675891,59.327890016758914,0.4726677529994522,47.266775299945216,0.238778085418,23.8778085418,0.049657778511970806,4.965777851197081,0.0496577785119708,0.03476044495837956,scenario,cyp_cystitis,
4.083333333333,spinal_coord,39.2519321829573,0.954966792026,0.045033207974,0.5934739807890165,59.34739807890165,0.4729763770433553,47.297637704335536,0.2387416980065,23.874169800649998,0.04973308342038784,4.973308342038784,0.04973308342038783,0.03481315839427148,scenario,cyp_cystitis,
4.166666666667,spinal_coord,39.308146709376544,0.954826394995,0.045173605005,0.5936429221946786,59.36429221946786,0.47324843126123817,47.32484312612382,0.23870659874875,23.870659874875,0.04980076143044019,4.980076143044019,0.04980076143044018,0.034860533001308126,scenario,cyp_cystitis,
4.25,spinal_coord,39.358004251692826,0.954691152914,0.045308847086,0.5937857236824043,59.378572368240434,0.47348391393853906,47.34839139385391,0.2386727882285,23.86727882285,0.04986077804963035,4.986077804963035,0.04986077804963036,0.034902544634741246,scenario,cyp_cystitis,
4.333333333333,spinal_coord,39.401476980892305,0.954561065783,0.045438934217,0.593902384580113,59.390238458011304,0.47368282417915075,47.368282417915076,0.23864026644575,23.864026644575002,0.049913102685828936,4.991310268582893,0.049913102685828936,0.03493917188008025,scenario,cyp_cystitis,
4.416666666667,spinal_coord,39.438540625981375,0.954436133603,0.045563866397,0.5939929056375911,59.39929056375911,0.47384516298245477,47.38451629824548,0.23860903340075,23.860903340074998,0.049957708670656964,4.995770867065696,0.04995770867065697,0.034970396069459876,scenario,cyp_cystitis,
4.5,spinal_coord,39.46917449655254,0.954316356374,0.045683643626,0.5940572889734449,59.40572889734449,0.47397093317325983,47.39709331732598,0.2385790890935,23.85790890935,0.049994573279852475,4.9994573279852474,0.049994573279852475,0.03499620129589673,scenario,cyp_cystitis,
4.583333333333,spinal_coord,39.49336150202137,0.954201734094,0.045798265906,0.5940955380301678,59.40955380301678,0.47406013934222374,47.40601393422237,0.2385504335235,23.85504335235,0.05002367775060799,5.002367775060799,0.05002367775060798,0.035016574425425585,scenario,cyp_cystitis,
4.666666666667,spinal_coord,39.51108816750157,0.954092266766,0.045907733234,0.5941076575416613,59.41076575416613,0.474112787800215,47.4112787800215,0.2385230666915,23.85230666915,0.05004500729585567,5.004500729585567,0.050045007295855676,0.03503150510709897,scenario,cyp_cystitis,
4.75,spinal_coord,39.52234464630329,0.953987954388,0.046012045612,0.5940936534976851,59.40936534976851,0.4741288865342468,47.41288865342468,0.238496988597,23.8496988597,0.050058551115496085,5.005855111549608,0.050058551115496085,0.03504098578084726,scenario,cyp_cystitis,
4.833333333333,spinal_coord,39.52712472903853,0.953888897393,0.046111102607,0.5940535956730962,59.405359567309624,0.474108495099795,47.4108495099795,0.23847222434825,23.847222434825,0.0500643024045615,5.00643024045615,0.0500643024045615,0.035045011683193045,scenario,cyp_cystitis,
4.916666666667,spinal_coord,39.52542584931821,0.9537957282,0.0462042718,0.5939878863631454,59.398788636314535,0.4740519390841938,47.40519390841938,0.23844893205,23.844893205,0.05006225835830356,5.006225835830356,0.05006225835830356,0.03504358085081249,scenario,cyp_cystitis,
5.0,spinal_coord,39.51724908603707,0.953708557345,0.046291442655,0.5938966039738159,59.3896603973816,0.47395928618342126,47.395928618342126,0.23842713933625,23.842713933625,0.050052420174205345,5.005242017420534,0.050052420174205345,0.03503669412194374,scenario,cyp_cystitis,
5.083333333333,spinal_coord,39.50259916224181,0.953627384827,0.046372615173,0.5937797591358239,59.37797591358239,0.47383055057209855,47.38305505720986,0.23840684620675,23.840684620675002,0.05003479305091442,5.003479305091442,0.050034793050914426,0.035024355135640096,scenario,cyp_cystitis,
5.166666666667,spinal_coord,39.481484440584396,0.953552210645,0.046447789355,0.5936373635495792,59.36373635495792,0.4736657478511056,47.36657478511056,0.23838805266125,23.838805266125,0.05000938618409832,5.000938618409832,0.050009386184098316,0.03500657032886882,scenario,cyp_cystitis,
5.25,spinal_coord,39.45391691536821,0.953483034801,0.046516965199,0.5934694300029056,59.346943000290565,0.47346489507020745,47.34648950702074,0.23837075870025,23.837075870025,0.04997621275922783,4.997621275922783,0.049976212759227825,0.034983348931459476,scenario,cyp_cystitis,
5.333333333333,spinal_coord,39.41991220119368,0.953419857293,0.046580142707,0.5932759723900386,59.32759723900386,0.4732280107557181,47.32280107557181,0.23835496432325,23.835496432325,0.049935289941289214,4.993528994128922,0.049935289941289214,0.03495470295890245,scenario,cyp_cystitis,
5.416666666667,spinal_coord,39.37948951822294,0.953362678123,0.046637321877,0.5930570057474656,59.30570057474655,0.4729551149556208,47.29551149556208,0.23834066953075,23.834066953075002,0.049886638861439354,4.988663886143936,0.049886638861439354,0.03492064720300755,scenario,cyp_cystitis,
5.5,spinal_coord,39.33267167408242,0.95331149729,0.04668850271,0.5928125462879091,59.28125462879091,0.47264622928721217,47.26462292872122,0.2383278743225,23.83278743225,0.04983028460061385,4.9830284600613854,0.049830284600613846,0.03488119922042969,scenario,cyp_cystitis,
5.583333333333,spinal_coord,39.279485042421165,0.953266317105,0.046733682895,0.5925426128850788,59.254261288507884,0.4723013781451051,47.230137814510506,0.23831657927625,23.831657927625,0.049766256170094204,4.976625617009421,0.049766256170094204,0.03483637931906594,scenario,cyp_cystitis,
5.666666666667,spinal_coord,39.21995953816186,0.953227424642,0.046772575358,0.5922474026125224,59.22474026125224,0.4719207286026964,47.19207286026964,0.2383068561605,23.83068561605,0.049694586489060305,4.969458648906031,0.0496945864890603,0.034786210542342204,scenario,cyp_cystitis,
5.75,spinal_coord,39.15412858947422,0.953195018883,0.046804981117,0.5919270588148674,59.19270588148674,0.4715044054588232,47.15044054588232,0.23829875472075,23.829875472075,0.049615312359143196,4.96153123591432,0.0496153123591432,0.03473071865140024,scenario,cyp_cystitis,
5.833333333333,spinal_coord,39.08202910649963,0.953169099828,0.046830900172,0.5915816024165329,59.15816024165329,0.47105243661271057,47.105243661271054,0.238292274957,23.8292274957,0.04952847443598905,4.952847443598905,0.04952847443598904,0.03466993210519233,scenario,cyp_cystitis,
5.916666666667,spinal_coord,39.00370144688057,0.953149667475,0.046850332525,0.5912110557319037,59.12110557319037,0.47056485181753827,47.05648518175383,0.23828741686875,23.828741686875,0.04943411719787284,4.943411719787284,0.04943411719787285,0.034603882038510995,scenario,cyp_cystitis,
6.0,spinal_coord,38.91918937813531,0.953136721826,0.046863278174,0.5908154425516585,59.08154425516585,0.47004168279354475,47.004168279354474,0.2382841804565,23.82841804565,0.049332288911381805,4.933228891138181,0.049332288911381805,0.03453260223796726,scenario,cyp_cystitis,
6.083333333333,spinal_coord,38.8285400369167,0.95313026288,0.04686973712,0.5903947882281924,59.039478822819234,0.4694829633442565,46.94829633442565,0.23828256572,23.828256572,0.04922304159418414,4.922304159418414,0.04922304159418414,0.034456129115928893,scenario,cyp_cystitis,
6.166666666667,spinal_coord,38.73180388522513,0.953130290638,0.046869709362,0.5899491197756624,58.99491197756625,0.46888872948821664,46.888872948821664,0.2382825726595,23.82825726595,0.04910643097493418,4.910643097493418,0.04910643097493419,0.03437450168245393,scenario,cyp_cystitis,
6.25,spinal_coord,38.62903466362569,0.953136805098,0.046863194902,0.5894784659709165,58.94784659709165,0.4682590195952219,46.82590195952219,0.2382842012745,23.828420127450002,0.04898251645033859,4.898251645033859,0.04898251645033859,0.03428776151523701,scenario,cyp_cystitis,
6.333333333333,spinal_coord,38.520289341518094,0.953149806262,0.046850193738,0.5889828574687983,58.89828574687983,0.4675938745377311,46.75938745377311,0.2382874515655,23.82874515655,0.04885136103940437,4.885136103940437,0.048851361039404365,0.03419595272758305,scenario,cyp_cystitis,
6.416666666667,spinal_coord,38.405628064544786,0.953169296733,0.046830703267,0.5884623285233956,58.84623285233956,0.46689333912019415,46.689333912019414,0.23829232418325,23.829232418325,0.048713031334931836,4.871303133493184,0.048713031334931836,0.03409912193445228,scenario,cyp_cystitis,
6.5,spinal_coord,38.285114099196115,0.953195283887,0.046804716113,0.5879169184448062,58.79169184448062,0.4661574632974083,46.61574632974083,0.23829882097175,23.829882097175002,0.048567597452282216,4.856759745228222,0.048567597452282216,0.03399731821659755,scenario,cyp_cystitis,
6.583333333333,spinal_coord,38.15881377467011,0.953227768173,0.046772231827,0.5873466645058698,58.73466645058698,0.4653862966168264,46.53862966168264,0.23830694204325,23.830694204325003,0.048415132975445585,4.841513297544559,0.048415132975445585,0.03389059308281191,scenario,cyp_cystitis,
6.666666666667,spinal_coord,38.026796422086264,0.953266749593,0.046733250407,0.5867516060891068,58.67516060891068,0.46457989158780916,46.45798915878092,0.23831668739825,23.831668739825,0.048255714900484414,4.825571490048441,0.048255714900484414,0.03377900043033909,scenario,cyp_cystitis,
6.75,spinal_coord,37.88913431112054,0.953312228145,0.046687771855,0.5861317851051195,58.61317851051196,0.46373830409182604,46.3738304091826,0.23832805703625,23.832805703625002,0.04808942357638726,4.808942357638726,0.04808942357638725,0.03366259650347107,scenario,cyp_cystitis,
6.833333333333,spinal_coord,37.74590258412657,0.95336420383,0.04663579617,0.5854872461478665,58.54872461478665,0.4628615935871554,46.28615935871554,0.2383410509575,23.83410509575,0.04791634264336339,4.791634264336339,0.04791634264336339,0.03354143985035437,scenario,cyp_cystitis,
6.916666666667,spinal_coord,37.59717918785586,0.953422676647,0.046577323353,0.58481803664887,58.481803664886996,0.4619498233161599,46.19498233161599,0.23835566916175,23.835566916175,0.04773655896866571,4.773655896866571,0.047736558968665715,0.033415591278065995,scenario,cyp_cystitis,
7.0,spinal_coord,37.44304480285065,0.953487646597,0.046512353403,0.5841242070430702,58.412420704307024,0.46100306052509366,46.10030605250937,0.23837191164925,23.837191164925002,0.0475501625799808,4.75501625799808,0.04755016257998079,0.03328511380598655,scenario,cyp_cystitis,
7.083333333333,spinal_coord,37.28358277058166,0.95355911368,0.04644088632,0.5834058109362601,58.34058109362601,0.46002137668834675,46.00213766883468,0.23838977842,23.838977842000002,0.04735724659642278,4.735724659642278,0.047357246596422785,0.033150072617495946,scenario,cyp_cystitis,
7.166666666667,spinal_coord,37.11887901845451,0.953637061383,0.046362938617,0.5826628951915561,58.26628951915561,0.4590048397944081,45.90048397944081,0.23840926534575,23.840926534575,0.047157907157229076,4.715790715722908,0.04715790715722908,0.033010535010060356,scenario,cyp_cystitis,
7.25,spinal_coord,36.94902198276478,0.95372125743,0.04627874257,0.5818953786123524,58.18953786123524,0.4579534190064699,45.79534190064699,0.2384303143575,23.84303143575,0.04695224334820257,4.6952243348202565,0.04695224334820257,0.0328665703437418,scenario,cyp_cystitis,
7.333333333333,spinal_coord,36.77410252967898,0.953811626822,0.046188373178,0.5811032803636562,58.11032803636562,0.4568671648775417,45.68671648775417,0.2384529067055,23.84529067055,0.04674035712594108,4.674035712594108,0.04674035712594107,0.03271824998815875,scenario,cyp_cystitis,
7.416666666667,spinal_coord,36.59421387437547,0.953908169559,0.046091830441,0.5802866694584047,58.02866694584047,0.45574616942487284,45.57461694248728,0.23847704238975,23.847704238975002,0.04652235323996398,4.652235323996398,0.04652235323996398,0.032565647267974784,scenario,cyp_cystitis,
7.5,spinal_coord,36.40945149842985,0.95401088564,0.04598911436,0.5794456190670798,57.94456190670798,0.4545905302094396,45.45905302094396,0.23850272141,23.850272141,0.046298339152784904,4.62983391527849,0.0462983391527849,0.03240883740694943,scenario,cyp_cystitis,
7.583333333333,spinal_coord,36.219913065525944,0.954119775066,0.045880224934,0.5785802067202264,57.85802067202263,0.4534003506049686,45.34003506049686,0.2385299437665,23.85299437665,0.046068424957976445,4.606842495797644,0.04606842495797644,0.03224789747058351,scenario,cyp_cystitis,
7.666666666667,spinal_coord,36.02569833563534,0.954234837836,0.045765162164,0.5776905145112945,57.76905145112945,0.452175740069726,45.2175740069726,0.238558709459,23.8558709459,0.045832723296347314,4.583272329634731,0.045832723296347314,0.03208290630744312,scenario,cyp_cystitis,
7.75,spinal_coord,35.8269090777526,0.95435607395,0.04564392605,0.5767766293079638,57.67766293079638,0.45091681442728504,45.0916814427285,0.2385890184875,23.85890184875,0.04559134927028537,4.559134927028537,0.045591349270285374,0.03191394448919976,scenario,cyp_cystitis,
7.833333333333,spinal_coord,35.62364898127051,0.95448348341,0.04551651659,0.5758386429660824,57.58386429660825,0.44962369615144326,44.962369615144326,0.2386208708525,23.86208708525,0.04534442035631719,4.534442035631718,0.04534442035631719,0.03174109424942203,scenario,cyp_cystitis,
7.916666666667,spinal_coord,35.416023566144844,0.954617066214,0.045382933786,0.574876652543129,57.4876652543129,0.44829651465283865,44.82965146528387,0.2386542665535,23.86542665535,0.04509205631601459,4.509205631601459,0.04509205631601459,0.03156443942121021,scenario,cyp_cystitis,
8.0,spinal_coord,35.20414009193764,0.954756572668,0.045243427332,0.5738906104347495,57.38906104347495,0.4469352896903327,44.69352896903327,0.238689143167,23.8689143167,0.044834379105305876,4.483437910530587,0.04483437910530588,0.03138406537371412,scenario,cyp_cystitis,
8.083333333333,spinal_coord,34.98810746582462,0.954901679079,0.045098320921,0.5728804314374895,57.28804314374894,0.4455400155569859,44.55400155569859,0.23872541976975,23.872541976975,0.04457151278224666,4.457151278224666,0.04457151278224666,0.03120005894757266,scenario,cyp_cystitis,
8.166666666667,spinal_coord,34.76803614972147,0.955052384124,0.044947615876,0.5718462308107605,57.18462308107605,0.44411084637301396,44.41108463730139,0.238763096031,23.876309603099998,0.04430358341339003,4.430358341339003,0.04430358341339003,0.03101250838937302,scenario,cyp_cystitis,
8.25,spinal_coord,34.544038066618164,0.955208687804,0.044791312196,0.5707881308104199,57.07881308104199,0.4426479451458931,44.26479451458931,0.238802171951,23.880217195100002,0.04403071897881775,4.403071897881775,0.04403071897881775,0.030821503285172424,scenario,cyp_cystitis,
8.333333333333,spinal_coord,34.31622650620696,0.955370590118,0.044629409882,0.5697062601194067,56.97062601194067,0.44115148345320904,44.115148345320904,0.2388426475295,23.88426475295,0.043753049275891,4.3753049275891,0.04375304927589101,0.030627134493123702,scenario,cyp_cystitis,
8.416666666667,spinal_coord,34.084716029962316,0.955538091067,0.044461908933,0.5686007540808332,56.86007540808332,0.43962164175211094,43.96216417521109,0.23888452276675,23.888452276675,0.04347070582186917,4.347070582186917,0.04347070582186917,0.030429494075308417,scenario,cyp_cystitis,
8.5,spinal_coord,33.84962237576058,0.95571119065,0.04428880935,0.5674717549272967,56.747175492729674,0.43805860968639576,43.80586096863958,0.2389277976625,23.89277976625,0.04318382175546141,4.318382175546141,0.04318382175546141,0.03022867522882299,scenario,cyp_cystitis,
8.583333333333,spinal_coord,33.611062362123846,0.955889888867,0.044110111133,0.5663194120147949,56.631941201479485,0.4364625863973931,43.64625863973931,0.23897247221675,23.897247221675,0.04289253173737284,4.2892531737372845,0.04289253173737285,0.03002477221616099,scenario,cyp_cystitis,
8.666666666667,spinal_coord,33.36915379224784,0.956074185719,0.043925814281,0.5651438820550568,56.51438820550568,0.4348337808337424,43.48337808337424,0.23901854642975,23.901854642975,0.042596971850001455,4.259697185000146,0.04259697185000145,0.02981788029500101,scenario,cyp_cystitis,
8.75,spinal_coord,33.12401535789928,0.956263964158,0.043736035842,0.5639452603186468,56.39452603186468,0.4331723590388625,43.31723590388625,0.2390659910395,23.90659910395,0.04229727949635297,4.229727949635297,0.042297279496352966,0.029608095647447073,scenario,cyp_cystitis,
8.833333333333,spinal_coord,32.87576654326415,0.95645863462,0.04354136538,0.5627233725481372,56.27233725481372,0.43147828519084963,43.14782851908496,0.239114658655,23.911465865500002,0.04199359329823799,4.1993593298238,0.041993593298238,0.029395515308766596,scenario,cyp_cystitis,
8.916666666667,spinal_coord,32.62452752890709,0.956658115508,0.043341884492,0.5614783540449528,56.14783540449528,0.42975176689060385,42.97517668906038,0.239164528877,23.9164528877,0.04168605299391421,4.168605299391421,0.0416860529939142,0.029180237095739938,scenario,cyp_cystitis,
9.0,spinal_coord,32.37041909592325,0.956862406819,0.043137593181,0.5602103967412105,56.021039674121056,0.427993060048614,42.7993060048614,0.23921560170475,23.921560170475,0.04137479933524231,4.137479933524231,0.04137479933524232,0.02896235953466962,scenario,cyp_cystitis,
9.083333333333,spinal_coord,32.11356253036023,0.957071508555,0.042928491445,0.5589197011947407,55.89197011947407,0.42620243207465425,42.62024320746542,0.23926787713875,23.926787713875,0.04105997398442204,4.105997398442204,0.04105997398442203,0.028741981789095417,scenario,cyp_cystitis,
9.166666666667,spinal_coord,31.85407952806846,0.957285420715,0.042714579285,0.5576064768043536,55.76064768043536,0.42438016216747143,42.438016216747144,0.23932135517875,23.932135517875,0.04074171941047588,4.074171941047588,0.04074171941047588,0.028519203587333113,scenario,cyp_cystitis,
9.25,spinal_coord,31.59209210005674,0.9575041433,0.0424958567,0.5562709420289167,55.62709420289167,0.42252654160522224,42.252654160522226,0.239376035825,23.9376035825,0.04042017878555049,4.042017878555049,0.04042017878555049,0.02829412514988534,scenario,cyp_cystitis,
9.333333333333,spinal_coord,31.327722478424782,0.957727676309,0.042272323691,0.5549133245965812,55.49133245965812,0.4206418740257749,42.06418740257749,0.23943191907725,23.943191907725,0.04009549588110237,4.009549588110238,0.04009549588110238,0.028066847116771664,scenario,cyp_cystitis,
9.416666666667,spinal_coord,31.06109302302864,0.957956019743,0.042043980257,0.5535338617137574,55.35338617137574,0.4187264757040099,41.872647570400986,0.23948900493575,23.948900493575,0.039767814964139864,3.9767814964139863,0.03976781496413987,0.02783747047489791,scenario,cyp_cystitis,
9.5,spinal_coord,30.792326128948886,0.958189165205,0.041810834795,0.5521327954257462,55.213279542574625,0.41678067216599496,41.678067216599494,0.23954729130125,23.954729130125,0.03943728069359059,3.943728069359059,0.03943728069359059,0.027606096485513414,scenario,cyp_cystitis,
9.583333333333,spinal_coord,30.52154413482765,0.958426523057,0.041573476943,0.5507100437249742,55.07100437249742,0.414804550614299,41.4804550614299,0.23960663076425,23.960663076425,0.03910403801686138,3.910403801686138,0.03910403801686139,0.02737282661180297,scenario,cyp_cystitis,
9.666666666667,spinal_coord,30.24886923222546,0.958667732272,0.041332267728,0.5492656695414752,54.92656695414752,0.4127983152979669,41.27983152979669,0.239666933068,23.9666933068,0.03876823206676444,3.876823206676444,0.03876823206676444,0.027137762446735107,scenario,cyp_cystitis,
9.75,spinal_coord,29.974423376060766,0.958912792849,0.041087207151,0.5477999547929207,54.77999547929207,0.4107623421075609,41.07623421075609,0.23972819821225,23.972819821225,0.03843000805887804,3.8430008058878045,0.038430008058878036,0.026901005641214625,scenario,cyp_cystitis,
9.833333333333,spinal_coord,29.698328196190843,0.95916170479,0.04083829521,0.54631319194328,54.631319194328,0.40869702099437333,40.86970209943733,0.2397904261975,23.97904261975,0.03808951118940713,3.808951118940713,0.03808951118940713,0.02666265783258499,scenario,cyp_cystitis,
9.916666666667,spinal_coord,29.42070491027929,0.959414468093,0.040585531907,0.5448056841575878,54.48056841575878,0.406602756179117,40.6602756179117,0.23985361702325,23.985361702325,0.03774688653371862,3.7746886533718618,0.037746886533718604,0.026422820573603022,scenario,cyp_cystitis,
10.0,spinal_coord,29.14167423800479,0.95967108276,0.04032891724,0.5432777454552598,54.327774545525976,0.40447996635367967,40.447996635367964,0.23991777069,23.991777069,0.037402278945616846,3.7402278945616847,0.03740227894561685,0.026181595261931794,scenario,cyp_cystitis,
10.083333333333,spinal_coord,28.861356316661777,0.959931548789,0.040068451211,0.5417297008433762,54.17297008433762,0.4023290848615017,40.23290848615017,0.23998288719725,23.998288719725,0.03705583295742254,3.705583295742254,0.03705583295742254,0.025939083070195778,scenario,cyp_cystitis,
10.166666666667,spinal_coord,28.579870618291196,0.960195866182,0.039804133818,0.5401618864477619,54.016188644776186,0.40015055986968245,40.01505598696824,0.2400489665455,24.004896654550002,0.03670769268102854,3.670769268102854,0.036707692681028546,0.02569538487671998,scenario,cyp_cystitis,
10.25,spinal_coord,28.297335868387226,0.960464034937,0.039535965063,0.5385746496228199,53.85746496228199,0.3979448545180931,39.79448545180931,0.24011600873425,24.011600873425003,0.03635800170999481,3.6358001709994805,0.03635800170999481,0.025450601196996363,scenario,cyp_cystitis,
10.333333333333,spinal_coord,28.01386996622164,0.960735778573,0.039264221427,0.5369681945272138,53.69681945272138,0.39571233317861837,39.57123331786184,0.24018394464325,24.018394464325,0.03600690302274161,3.6006903022741605,0.03600690302274161,0.025204832115919125,scenario,cyp_cystitis,
10.416666666667,spinal_coord,27.729589906916193,0.961010347844,0.038989652156,0.5353424754274863,53.53424754274862,0.39345318462198164,39.345318462198165,0.240252586961,24.0252586961,0.0356545388870122,3.56545388870122,0.0356545388870122,0.02495817722090854,scenario,cyp_cystitis,
10.5,spinal_coord,27.444611705299284,0.961287700796,0.038712299204,0.5336978564079704,53.36978564079704,0.39116790827862724,39.11679082786272,0.240321925199,24.0321925199,0.03530105076566217,3.530105076566217,0.03530105076566217,0.02471073553596352,scenario,cyp_cystitis,
10.583333333333,spinal_coord,27.15905032157928,0.961567837429,0.038432162571,0.5320347367561784,53.20347367561784,0.38885703653190457,38.885703653190454,0.24039195935725,24.039195935725,0.03494657922382965,3.494657922382965,0.03494657922382964,0.024462605456680747,scenario,cyp_cystitis,
10.666666666667,spinal_coord,26.87301958895602,0.961850757742,0.038149242258,0.530353527474482,53.035352747448194,0.38652111738530925,38.65211173853093,0.2404626894355,24.04626894355,0.034591263837653353,3.4591263837653354,0.03459126383765335,0.02421388468635734,scenario,cyp_cystitis,
10.75,spinal_coord,26.586632143196866,0.962136461736,0.037863538264,0.5286546513028374,52.86546513028374,0.38416071449178313,38.41607144917831,0.240534115434,24.0534115434,0.034235243104589634,3.4235243104589634,0.034235243104589634,0.023964670173212743,scenario,cyp_cystitis,
10.833333333333,spinal_coord,26.299999354199883,0.962424949411,0.037575050589,0.5269385427206957,52.69385427206957,0.38177640715726097,38.1776407157261,0.24060623735275,24.060623735275,0.03387865435537643,3.387865435537643,0.03387865435537643,0.0237150580487635,scenario,cyp_cystitis,
10.916666666667,spinal_coord,26.0132312596562,0.962716220767,0.037283779233,0.5252056479333863,52.52056479333863,0.37936879032218174,37.93687903221817,0.24067905519175,24.067905519175,0.033521633667805466,3.3521633667805464,0.033521633667805466,0.023465143567463823,scenario,cyp_cystitis,
11.0,spinal_coord,25.726436500827752,0.963010275804,0.036989724196,0.523456424839386,52.345642483938605,0.37693847451784807,37.693847451784805,0.240752568951,24.0752568951,0.033164315782346424,3.3164315782346425,0.03316431578234642,0.02321502104764249,scenario,cyp_cystitis,
11.083333333333,spinal_coord,25.439722260452854,0.963307062088,0.036692937912,0.5216913145819223,52.16913145819223,0.3744860654132297,37.448606541322974,0.240826765522,24.0826765522,0.03280683401966378,3.2806834019663778,0.03280683401966378,0.02296478381376464,scenario,cyp_cystitis,
11.166666666667,spinal_coord,25.15319420288181,0.963605786602,0.036394213398,0.5199103707173656,51.99103707173656,0.37201189875582075,37.201189875582074,0.2409014466505,24.09014466505,0.032449320200180244,3.2449320200180245,0.032449320200180244,0.02271452414012617,scenario,cyp_cystitis,
11.25,spinal_coord,24.86695641644836,0.963906182185,0.036093817815,0.518113947385196,51.8113947385196,0.36951653578526134,36.951653578526134,0.24097654554625,24.097654554625,0.0320919045657223,3.20919045657223,0.0320919045657223,0.022464333196005607,scenario,cyp_cystitis,
11.333333333333,spinal_coord,24.581111358079326,0.964208248835,0.035791751165,0.5163025554091896,51.63025554091896,0.36700065760058614,36.700065760058614,0.24105206220875,24.105206220875,0.031734715703280014,3.1734715703280014,0.031734715703280014,0.02221430099229601,scenario,cyp_cystitis,
11.416666666667,spinal_coord,24.295759800234364,0.964511986554,0.035488013446,0.5144767169417956,51.44767169417956,0.36446496040439424,36.44649604043943,0.2411279966385,24.112799663849998,0.03137788047102646,3.137788047102646,0.03137788047102646,0.02196451632971852,scenario,cyp_cystitis,
11.5,spinal_coord,24.011000780171315,0.964817395341,0.035182604659,0.5126369652984792,51.26369652984793,0.3619101552843056,36.19101552843056,0.24120434883525,24.120434883525,0.031021523926622763,3.1021523926622763,0.031021523926622763,0.021715066748635933,scenario,cyp_cystitis,
11.583333333333,spinal_coord,23.72693155152946,0.965124475196,0.034875524804,0.5107838447755932,51.078384477559325,0.35933696796879105,35.933696796879104,0.241281118799,24.1281118799,0.030665769257831852,3.066576925783185,0.030665769257831852,0.021466038480482296,scenario,cyp_cystitis,
11.666666666667,spinal_coord,23.443647538312238,0.965433226119,0.034566773881,0.5089179104433073,50.89179104433072,0.35674613855140963,35.67461385514096,0.24135830652975,24.135830652975,0.03031073771557606,3.031073771557606,0.030310737715576064,0.021217516400903243,scenario,cyp_cystitis,
11.75,spinal_coord,23.161242291254588,0.96574364811,0.03425635189,0.5070397279163411,50.70397279163411,0.3541384211851214,35.41384211851214,0.2414359120275,24.14359120275,0.029956548549454586,2.9956548549454585,0.02995654854945459,0.02096958398461821,scenario,cyp_cystitis,
11.833333333333,spinal_coord,22.87980744655767,0.966055741169,0.033944258831,0.5051498731015462,50.51498731015462,0.3515145837457284,35.15145837457284,0.24151393529225,24.151393529225,0.029603318945733665,2.9603318945733665,0.02960331894573367,0.020722323262013568,scenario,cyp_cystitis,
11.916666666667,spinal_coord,22.59943268706182,0.966369130711,0.033630869289,0.5032487368528311,50.32487368528311,0.3488752722334415,34.88752722334415,0.24159228267775,24.159228267775,0.029251163967933726,2.9251163967933724,0.029251163967933723,0.020475814777553603,scenario,cyp_cystitis,
12.0,spinal_coord,22.32020570583325,0.966683105641,0.033316894359,0.5013365484406037,50.13365484406037,0.3462210293738049,34.62210293738049,0.24167077641025,24.167077641025,0.028900196500018446,2.8900196500018445,0.02890019650001845,0.020230137550012912,scenario,cyp_cystitis,
12.083333333333,spinal_coord,22.042212172137784,0.966997648931,0.033002351069,0.4994139111454876,49.941391114548765,0.34355266521698347,34.35526652169835,0.24174941223275,24.174941223275002,0.028550527192188244,2.855052719218824,0.02855052719218824,0.019985369034531766,scenario,cyp_cystitis,
12.166666666667,spinal_coord,21.76553569986205,0.96731276058,0.03268723942,0.4974814462623487,49.74814462623487,0.3408710081564649,34.087100815646494,0.241828190145,24.1828190145,0.028202264409390027,2.8202264409390025,0.02820226440939003,0.01974158508657302,scenario,cyp_cystitis,
12.25,spinal_coord,21.4902578183485,0.967628440588,0.032371559412,0.49553978382231184,49.553978382231186,0.33817689823374913,33.81768982337491,0.241907110147,24.1907110147,0.027855514182537476,2.7855514182537475,0.027855514182537473,0.01949885992777623,scenario,cyp_cystitis,
12.333333333333,spinal_coord,21.216457945608344,0.967944688954,0.032055311046,0.4935895621934651,49.35895621934651,0.3354711866066201,33.547118660662015,0.2419861722385,24.19861722385,0.027510380162432527,2.751038016243253,0.027510380162432527,0.019257266113702768,scenario,cyp_cystitis,
12.416666666667,spinal_coord,20.944213363963016,0.96826150568,0.03173849432,0.4916314276621859,49.16314276621859,0.3327547349895812,33.27547349895812,0.24206537642,24.206537642,0.02716696357648805,2.716696357648805,0.02716696357648805,0.019016874503541635,scenario,cyp_cystitis,
12.5,spinal_coord,20.673599198071607,0.968578890765,0.031421109235,0.48966603398703035,48.966603398703036,0.33002841506104047,33.00284150610405,0.24214472269125,24.214472269125,0.02682536318823381,2.682536318823381,0.02682536318823381,0.018777754231763664,scenario,cyp_cystitis,
12.583333333333,spinal_coord,20.404688395300088,0.968896844209,0.031103155791,0.48769404193559884,48.769404193559886,0.3272931078444651,32.72931078444651,0.24222421105225,24.222421105225,0.026485675259585513,2.6485675259585513,0.026485675259585516,0.01853997268170986,scenario,cyp_cystitis,
12.666666666667,spinal_coord,20.137551708473275,0.969215306483,0.030784693517,0.48571608896508467,48.571608896508465,0.3245496831257796,32.45496831257796,0.24230382662075,24.230382662075,0.02614799351596364,2.614799351596364,0.026147993515963648,0.018303595461174552,scenario,cyp_cystitis,
12.75,spinal_coord,19.872257680958857,0.969533537572,0.030466462428,0.48373247955694193,48.37324795569419,0.3217987935519226,32.179879355192256,0.242383384393,24.2383384393,0.025812409114232656,2.5812409114232655,0.02581240911423266,0.01806868637996286,scenario,cyp_cystitis,
12.833333333333,spinal_coord,19.608872634031787,0.969851316137,0.030148683863,0.4817437878711689,48.174378787116886,0.3190412784492252,31.90412784492252,0.24246282903425,24.246282903425,0.025479010613429214,2.5479010613429214,0.025479010613429214,0.017835307429400447,scenario,cyp_cystitis,
12.916666666667,spinal_coord,19.3474606565507,0.970168642178,0.029831357822,0.4797507044371808,47.97507044371808,0.3162780585235744,31.627805852357437,0.2425421605445,24.25421605445,0.025147883948352597,2.51478839483526,0.025147883948352597,0.017603518763846818,scenario,cyp_cystitis,
13.0,spinal_coord,19.088083596888502,0.970485515694,0.029514484306,0.4777539241696282,47.775392416962816,0.3135100603281709,31.351006032817093,0.2426213789235,24.26213789235,0.024819112405976857,2.4819112405976855,0.02481911240597686,0.0173733786841838,scenario,cyp_cystitis,
13.083333333333,spinal_coord,18.830801057058515,0.970801936686,0.029198063314,0.47575414577910236,47.57541457791024,0.3107382154768031,31.073821547680307,0.2427004841715,24.27004841715,0.024492776604642035,2.4492776604642037,0.024492776604642035,0.017144943623249424,scenario,cyp_cystitis,
13.166666666667,spinal_coord,18.575670389059344,0.971117905153,0.028882094847,0.4737520711627925,47.37520711627925,0.3079634598327234,30.79634598327234,0.24277947628825,24.277947628825,0.024168954476084553,2.4168954476084554,0.024168954476084553,0.016918268133259185,scenario,cyp_cystitis,
13.25,spinal_coord,18.322746693374178,0.971433421096,0.028566578904,0.4717484047833025,47.174840478330246,0.30518673267907,30.518673267906998,0.242858355274,24.2858355274,0.023847721250255402,2.38477212502554,0.023847721250255402,0.01669340487517878,scenario,cyp_cystitis,
13.333333333333,spinal_coord,18.07208281955989,0.971748484515,0.028251515485,0.4697438530291314,46.97438530291314,0.30240897586717524,30.240897586717523,0.24293712112875,24.293712112875,0.023529149442872654,2.3529149442872654,0.023529149442872654,0.016470404610010855,scenario,cyp_cystitis,
13.416666666667,spinal_coord,17.823729368941265,0.972063095409,0.027936904591,0.46773912356339187,46.77391235633919,0.29963113294818916,29.963113294818918,0.24301577385225,24.301577385225002,0.023213308845755818,2.321330884575582,0.023213308845755815,0.01624931619202907,scenario,cyp_cystitis,
13.5,spinal_coord,17.577734699340596,0.972376925997,0.027623074003,0.465734767665542,46.5734767665542,0.2968540482217227,29.685404822172266,0.24309423149925,24.309423149925,0.02290026651987994,2.290026651987994,0.02290026651987994,0.016030186563915957,scenario,cyp_cystitis,
13.583333333333,spinal_coord,17.334144931772798,0.972689423966,0.027310576034,0.4637312324083376,46.373123240833756,0.2940785018891168,29.407850188911677,0.2431723559915,24.31723559915,0.022590086791086372,2.2590086791086375,0.022590086791086372,0.01581306075376046,scenario,cyp_cystitis,
13.666666666667,spinal_coord,17.093003959114462,0.973000580446,0.026999419554,0.46172922687904455,46.17292268790445,0.29130544235672606,29.130544235672605,0.2432501451115,24.325014511150002,0.022282831248485103,2.2282831248485104,0.0222828312484851,0.015597981873939569,scenario,cyp_cystitis,
13.75,spinal_coord,16.85435345667236,0.973310395438,0.026689604562,0.4597294629700537,45.972946297005365,0.28853581881407153,28.853581881407152,0.2433275988595,24.33275988595,0.021978558745477134,2.1978558745477135,0.021978558745477137,0.015384991121833995,scenario,cyp_cystitis,
13.833333333333,spinal_coord,16.618232894577453,0.973618868941,0.026381131059,0.4577326504040132,45.77326504040132,0.2857705775583509,28.57705775583509,0.24340471723525,24.340471723525,0.02167732540332462,2.1677325403324623,0.021677325403324618,0.015174127782327232,scenario,cyp_cystitis,
13.916666666667,spinal_coord,16.384679552006595,0.973926000956,0.026073999044,0.4557394960255094,45.57394960255094,0.28301066104867917,28.301066104867918,0.243481500239,24.3481500239,0.021379184617292102,2.1379184617292104,0.0213791846172921,0.014965429232104468,scenario,cyp_cystitis,
14.0,spinal_coord,16.153728533153735,0.974231791483,0.025768208517,0.45375070308592036,45.375070308592036,0.28025700695356054,28.025700695356054,0.24355794787075,24.355794787075,0.021084187065278655,2.1084187065278654,0.021084187065278655,0.014758930945695057,scenario,cyp_cystitis,
14.083333333333,spinal_coord,15.925412784873572,0.974536240521,0.025463759479,0.45176697052756276,45.176697052756275,0.277510547196417,27.7510547196417,0.24363406013025,24.363406013025,0.02079238071886063,2.079238071886063,0.020792380718860626,0.014554666503202437,scenario,cyp_cystitis,
14.166666666667,spinal_coord,15.699763115994323,0.97483934807,0.02516065193,0.44978899226871694,44.9788992268717,0.27477220700162264,27.477220700162263,0.2437098370175,24.37098370175,0.020503810856757437,2.0503810856757436,0.020503810856757437,0.014352667599730204,scenario,cyp_cystitis,
14.25,spinal_coord,15.476808218218885,0.975141084616,0.024858915384,0.44781744293481274,44.781744293481275,0.2720428957077503,27.204289570775032,0.243785271154,24.3785271154,0.02021852008063296,2.021852008063296,0.02021852008063296,0.01415296405644307,scenario,cyp_cystitis,
14.333333333333,spinal_coord,15.25657468853495,0.975440936843,0.024559063157,0.4458527698196511,44.58527698196511,0.26932338081186813,26.932338081186813,0.24386023421075,24.386023421075002,0.019936548333144986,1.9936548333144986,0.019936548333144982,0.013955583833201486,scenario,cyp_cystitis,
14.416666666667,spinal_coord,15.039087053126318,0.97573871796,0.02426128204,0.4438955660097299,44.38955660097299,0.2666145153596399,26.66145153596399,0.24393467949,24.393467949,0.019657932918245736,1.9657932918245735,0.019657932918245736,0.013760553042772013,scenario,cyp_cystitis,
14.5,spinal_coord,14.824367792702853,0.976034427967,0.023965572033,0.4419465028727262,44.194650287272616,0.26391719450796824,26.391719450796824,0.24400860699175,24.400860699175002,0.01938270852363955,1.9382708523639551,0.01938270852363955,0.013567895966547684,scenario,cyp_cystitis,
14.583333333333,spinal_coord,14.612437369168479,0.976328066865,0.023671933135,0.44000624317570214,44.000624317570214,0.26123230194593616,26.123230194593617,0.24408201671625,24.408201671624997,0.019110907245304638,1.9110907245304638,0.019110907245304634,0.013377635071713244,scenario,cyp_cystitis,
14.666666666667,spinal_coord,14.403314253615598,0.976619634652,0.023380365348,0.43807544039617224,43.80754403961723,0.258560708977563,25.8560708977563,0.244154908663,24.4154908663,0.01884255861407324,1.884255861407324,0.01884255861407324,0.013189791029851267,scenario,cyp_cystitis,
14.75,spinal_coord,14.197014955562757,0.97690913133,0.02309086867,0.4361547380496757,43.61547380496757,0.25590327362290094,25.590327362290093,0.2442272828325,24.42272828325,0.018577689624171456,1.8577689624171456,0.018577689624171456,0.013004382736920018,scenario,cyp_cystitis,
14.833333333333,spinal_coord,13.993554053354469,0.977196556897,0.022803443103,0.43424476902356063,43.42447690235606,0.25326083973241414,25.326083973241413,0.24429913922425,24.429913922425,0.01831632476362125,1.8316324763621252,0.01831632476362125,0.012821427334534875,scenario,cyp_cystitis,
14.916666666667,spinal_coord,13.792944225708737,0.977481911355,0.022518088645,0.43234615493296635,43.23461549329664,0.2506342361256218,25.06342361256218,0.24437047783875,24.437047783875,0.01805848604649165,1.8058486046491649,0.01805848604649165,0.012640940232544154,scenario,cyp_cystitis,
15.0,spinal_coord,13.595196284329264,0.977765194702,0.022234805298,0.4304595054860304,43.04595054860304,0.24802427574737387,24.802427574737386,0.2444412986755,24.44412986755,0.017804193046896816,1.7804193046896817,0.017804193046896816,0.012462935132827771,scenario,cyp_cystitis,
15.083333333333,spinal_coord,13.400319207501653,0.978046272212,0.021953727788,0.42858535883532234,42.858535883532234,0.2454317210430965,24.543172104309647,0.244511568053,24.451156805300002,0.01755346293464056,1.7553462934640562,0.01755346293464056,0.012287424054248392,scenario,cyp_cystitis,
15.166666666667,spinal_coord,13.208320174657178,0.978324766734,0.021675233266,0.4267241353726079,42.67241353726079,0.2428572582521438,24.28572582521438,0.2445811916835,24.458119168350002,0.017306310512488265,1.7306310512488265,0.017306310512488265,0.012114417358741785,scenario,cyp_cystitis,
15.25,spinal_coord,13.01920460182205,0.978600655823,0.021399344177,0.4248763988264873,42.48763988264873,0.24030164649431643,24.030164649431644,0.24465016395575,24.465016395575002,0.017062748254961763,1.7062748254961764,0.017062748254961763,0.011943923778473232,scenario,cyp_cystitis,
15.333333333333,spinal_coord,12.832976177872734,0.978873939477,0.021126060523,0.42304270851543574,42.30427085154357,0.23776563152824767,23.776563152824767,0.24471848486925,24.471848486924998,0.016822786348555045,1.6822786348555046,0.016822786348555045,0.01177595044398853,scenario,cyp_cystitis,
15.416666666667,spinal_coord,12.64963690157968,0.979144617698,0.020855382302,0.4212236089387038,42.12236089387038,0.23524993935227173,23.524993935227172,0.2447861544245,24.47861544245,0.01658643273334715,1.658643273334715,0.01658643273334715,0.011610502913343004,scenario,cyp_cystitis,
15.5,spinal_coord,12.469187119359093,0.979412690484,0.020587309516,0.4194196292673332,41.941962926733325,0.23275527552844433,23.275527552844434,0.244853172621,24.4853172621,0.016353693145906935,1.6353693145906936,0.01635369314590693,0.011447585202134852,scenario,cyp_cystitis,
15.583333333333,spinal_coord,12.291625563655405,0.979678157836,0.020321842164,0.4176312828674129,41.76312828674129,0.23028232454455058,23.028232454455058,0.244919539459,24.4919539459,0.016124571163387374,1.6124571163387373,0.016124571163387374,0.01128719981437116,scenario,cyp_cystitis,
15.666666666667,spinal_coord,12.116949391936163,0.979941019755,0.020058980245,0.41585906684624696,41.585906684624696,0.22783174920999597,22.783174920999596,0.24498525493875,24.498525493875,0.015899068248782306,1.5899068248782307,0.015899068248782306,0.011129347774147614,scenario,cyp_cystitis,
15.75,spinal_coord,11.945154226221536,0.980201276239,0.019798723761,0.41410346162656314,41.41034616265632,0.2254041900890842,22.54041900890842,0.24505031905975,24.505031905975,0.015677183797240896,1.5677183797240897,0.015677183797240892,0.010974028658068624,scenario,cyp_cystitis,
15.833333333333,spinal_coord,11.776234193073714,0.980458924201,0.019541075799,0.4123649292544772,41.23649292544772,0.22300026427230293,22.300026427230293,0.24511473105025,24.511473105025,0.015458915183338477,1.5458915183338477,0.015458915183338473,0.01082124062833693,scenario,cyp_cystitis,
15.916666666667,spinal_coord,11.610181964028126,0.980713756939,0.019286243061,0.410643829096535,41.0643829096535,0.22062051981571337,22.062051981571337,0.24517843923475,24.517843923475,0.015244257809274521,1.5244257809274522,0.015244257809274523,0.010670980466492166,scenario,cyp_cystitis,
16.0,spinal_coord,11.446988796391697,0.98096564944,0.01903435056,0.40894053831699406,40.89405383169941,0.21826550127599215,21.826550127599216,0.24524141236,24.524141236,0.015033205153894938,1.5033205153894937,0.015033205153894936,0.010523243607726454,scenario,cyp_cystitis,
16.083333333333,spinal_coord,11.286644574336826,0.981214601704,0.018785398296,0.4072554687672819,40.72554687672819,0.21593575778837593,21.593575778837593,0.245303650426,24.5303650426,0.014825748822439413,1.4825748822439413,0.014825748822439413,0.010378024175707589,scenario,cyp_cystitis,
16.166666666667,spinal_coord,11.129137850273638,0.981460613732,0.018539386268,0.40558901389819957,40.55890138981996,0.21363181395359943,21.36318139535994,0.245365153433,24.5365153433,0.014621878596983787,1.4621878596983786,0.014621878596983787,0.01023531501788865,scenario,cyp_cystitis,
16.25,spinal_coord,10.974455886429423,0.981703685523,0.018296314477,0.4039415485164417,40.394154851644174,0.21135416951425556,21.135416951425555,0.24542592138075,24.542592138075,0.014421582487477465,1.4421582487477465,0.014421582487477463,0.010095107741234224,scenario,cyp_cystitis,
16.333333333333,spinal_coord,10.822584696567871,0.981943817077,0.018056182923,0.40231342857573654,40.23134285757365,0.2091032990753154,20.91032990753154,0.24548595426925,24.548595426924997,0.01422484678328016,1.422484678328016,0.01422484678328016,0.009957392748296112,scenario,cyp_cystitis,
16.416666666667,spinal_coord,10.673509087831722,0.982181008394,0.017818991606,0.4007049909990341,40.070499099903415,0.20687965186737886,20.687965186737888,0.2455452520985,24.554525209850002,0.014031656105167845,1.4031656105167845,0.014031656105167843,0.00982215927361749,scenario,cyp_cystitis,
16.5,spinal_coord,10.527212702642048,0.982415259475,0.017584740525,0.3991165535341339,39.91165535341339,0.20468365155384516,20.468365155384515,0.24560381486875,24.560381486875,0.013841993457712178,1.3841993457712178,0.013841993457712174,0.009689395420398522,scenario,cyp_cystitis,
16.583333333333,spinal_coord,10.38367806059096,0.982646570319,0.017353429681,0.39754841464012436,39.754841464012436,0.20251569608049916,20.251569608049916,0.24566164257975,24.566164257975,0.013655840281941901,1.36558402819419,0.0136558402819419,0.009559088197359329,scenario,cyp_cystitis,
16.666666666667,spinal_coord,10.242886600313069,0.98287492396,0.01712507604,0.39600084657336615,39.600084657336616,0.20037615411115486,20.037615411115485,0.24571873099,24.571873099,0.013473176508257316,1.3473176508257316,0.013473176508257316,0.00943122355578012,scenario,cyp_cystitis,
16.75,spinal_coord,10.104818721273466,0.983100207604,0.016899792396,0.3944740638355587,39.44740638355587,0.19826534924607836,19.826534924607834,0.245775051901,24.5775051901,0.01329398060950703,1.329398060950703,0.01329398060950703,0.009305786426654921,scenario,cyp_cystitis,
16.833333333333,spinal_coord,9.969453825413627,0.983322400491,0.016677599509,0.39296829900736596,39.2968299007366,0.19618359851282133,19.618359851282133,0.24583060012275,24.583060012275,0.013118229654140666,1.3118229654140665,0.013118229654140666,0.009182760757898466,scenario,cyp_cystitis,
16.916666666667,spinal_coord,9.836770358642628,0.983541502623,0.016458497377,0.391483773633885,39.1483773633885,0.19413119730417994,19.413119730417993,0.24588537565575,24.588537565575,0.012945899359410675,1.2945899359410675,0.012945899359410675,0.009062129551587472,scenario,cyp_cystitis,
17.0,spinal_coord,9.706745852116285,0.983757513998,0.016242486002,0.3900206898706671,39.002068987066714,0.19210841516155616,19.210841516155615,0.2459393784995,24.593937849950002,0.012776964144538201,1.27769641445382,0.0127769641445382,0.008943874901176738,scenario,cyp_cystitis,
17.083333333333,spinal_coord,9.57935696325052,0.983970434617,0.016029565383,0.3885792305642666,38.85792305642666,0.1901154958800221,19.01154958800221,0.24599260865425,24.599260865425,0.012611397183762568,1.2611397183762567,0.01261139718376257,0.008827978028633799,scenario,cyp_cystitis,
17.166666666667,spinal_coord,9.45457951645868,0.984180264479,0.015819735521,0.38715955935817636,38.71595593581764,0.1881526576512352,18.81526576512352,0.24604506611975,24.604506611975,0.012449170459250331,1.2449170459250332,0.012449170459250331,0.008714419321475231,scenario,cyp_cystitis,
17.25,spinal_coord,9.332388543560498,0.984387003586,0.015612996414,0.38576182083200483,38.576182083200486,0.1862200932473398,18.62200932473398,0.2460967508965,24.60967508965,0.012290254813785187,1.2290254813785186,0.012290254813785187,0.00860317836964963,scenario,cyp_cystitis,
17.333333333333,spinal_coord,9.212758323814075,0.984590651936,0.015409348064,0.38438614066424137,38.43861406642414,0.18431797024032182,18.431797024032182,0.246147662984,24.6147662984,0.012134620003164797,1.2134620003164798,0.012134620003164797,0.008494234002215358,scenario,cyp_cystitis,
17.416666666667,spinal_coord,9.095662423563184,0.98479120953,0.01520879047,0.3830326258283031,38.303262582830314,0.18244643126107082,18.244643126107082,0.2461978023825,24.61978023825,0.011982234748283872,1.198223474828387,0.011982234748283875,0.008387564323798712,scenario,cyp_cystitis,
17.5,spinal_coord,8.981073735452783,0.984988681655,0.015011318345,0.3817013668597389,38.17013668597389,0.1806055952613185,18.06055952613185,0.24624717041375,24.624717041375,0.011833066786831615,1.1833066786831614,0.011833066786831615,0.00828314675078213,scenario,cyp_cystitis,
17.583333333333,spinal_coord,8.868964517169296,0.985183078714,0.014816921286,0.3803924379989472,38.03924379989472,0.17879555776059625,17.879555776059625,0.2462957696785,24.62957696785,0.011687082924536489,1.168708292453649,0.011687082924536489,0.008180958047175542,scenario,cyp_cystitis,
17.666666666667,spinal_coord,8.759306429700697,0.985374400984,0.014625599016,0.3791058915633368,37.91058915633368,0.17701638842311573,17.701638842311574,0.246343600246,24.6343600246,0.011544249085941524,1.1544249085941525,0.011544249085941524,0.008080974360159067,scenario,cyp_cystitis,
17.75,spinal_coord,8.652070575074559,0.985562648465,0.014437351535,0.3778417620882193,37.78417620882193,0.1752681332959591,17.52681332959591,0.24639066211625,24.639066211625,0.011404530364645423,1.1404530364645422,0.011404530364645421,0.007983171255251794,scenario,cyp_cystitis,
17.833333333333,spinal_coord,8.547227533535803,0.985747821156,0.014252178844,0.3766000667502156,37.66000667502156,0.17355081528162086,17.355081528162085,0.246436955289,24.6436955289,0.011267891072949609,1.126789107294961,0.011267891072949607,0.007887523751064725,scenario,cyp_cystitis,
17.916666666667,spinal_coord,8.444747400162024,0.985929919059,0.014070080941,0.37538080570618526,37.538080570618526,0.17186443458858036,17.186443458858037,0.24648247976475,24.648247976474998,0.011134294790898594,1.1134294790898593,0.011134294790898594,0.007794006353629016,scenario,cyp_cystitis,
18.0,spinal_coord,8.3445998208798,0.986108942173,0.013891057827,0.37418396244831253,37.41839624483126,0.17020896920675008,17.020896920675007,0.24652723554325,24.652723554325,0.011003704414656326,1.1003704414656326,0.011003704414656326,0.007702593090259428,scenario,cyp_cystitis,
18.083333333333,spinal_coord,8.246754027848851,0.986284890497,0.013715109503,0.3730095041812494,37.30095041812494,0.16858437540933255,16.858437540933256,0.24657122262425,24.657122262425,0.010876082204165909,1.0876082204165909,0.010876082204165909,0.007613257542916136,scenario,cyp_cystitis,
18.166666666667,spinal_coord,8.151178874214828,0.986457764033,0.013542235967,0.3718573822168535,37.18573822168535,0.166990588278138,16.6990588278138,0.24661444100825,24.661444100825,0.010751389830084527,1.0751389830084528,0.010751389830084527,0.007525972881059169,scenario,cyp_cystitis,
18.25,spinal_coord,8.05784286819924,0.986627564523,0.013372435477,0.37072753303664946,37.072753303664946,0.16542752254119927,16.54275225411993,0.24665689113075,24.665689113075,0.010629588419943605,1.0629588419943605,0.010629588419943605,0.007440711893960523,scenario,cyp_cystitis,
18.333333333333,spinal_coord,7.966714206498475,0.986794386067,0.013205613933,0.3696199126485288,36.96199126485288,0.16389508817570503,16.3895088175705,0.24669859651675,24.669859651675,0.010510638603488918,1.0510638603488918,0.010510638603488918,0.007357447022442242,scenario,cyp_cystitis,
18.416666666667,spinal_coord,7.8777608069955,0.986958282323,0.013041717677,0.36853444690077586,36.85344469007759,0.16239316842670112,16.239316842670114,0.24673957058075,24.673957058075,0.010394500557196961,1.0394500557196962,0.010394500557196961,0.007276150390037872,scenario,cyp_cystitis,
18.5,spinal_coord,7.790950340757761,0.987119253292,0.012880746708,0.36747102726573233,36.74710272657323,0.16092161859030976,16.092161859030977,0.246779813323,24.6779813323,0.010281134047924939,1.028113404792494,0.010281134047924937,0.007196793833547456,scenario,cyp_cystitis,
18.583333333333,spinal_coord,7.706250263298134,0.987277298974,0.012722701026,0.3664295315273459,36.64295315273459,0.15948027571179457,15.948027571179457,0.2468193247435,24.68193247435,0.010170498475656313,1.0170498475656313,0.010170498475656313,0.007119348932959418,scenario,cyp_cystitis,
18.666666666667,spinal_coord,7.623627845105231,0.987432419369,0.012567580631,0.36540982425260005,36.540982425260005,0.1580689592138001,15.80689592138001,0.24685810484225,24.685810484224998,0.01006255291534264,1.006255291534264,0.01006255291534264,0.0070437870407398465,scenario,cyp_cystitis,
18.75,spinal_coord,7.543050201421407,0.987584614477,0.012415385523,0.3644117572709594,36.441175727095946,0.15668747153561258,15.668747153561258,0.24689615361925,24.689615361925,0.009957256157806217,0.9957256157806217,0.009957256157806215,0.00697007931046435,scenario,cyp_cystitis,
18.833333333333,spinal_coord,7.464484321250021,0.987733884298,0.012266115702,0.3634351701608354,36.34351701608354,0.15533559878178047,15.533559878178046,0.2469334710745,24.693347107450002,0.009854566749672505,0.9854566749672505,0.009854566749672505,0.006898196724770753,scenario,cyp_cystitis,
18.916666666667,spinal_coord,7.38789709560079,0.987880228831,0.012119771169,0.3624798907416935,36.247989074169354,0.1540131113785913,15.40131113785913,0.24697005720775,24.697005720775,0.00975444303233731,0.975444303233731,0.00975444303233731,0.006828110122636117,scenario,cyp_cystitis,
19.0,spinal_coord,7.313255344956227,0.988023648078,0.011976351922,0.3615457355726663,36.15457355726663,0.15271976473755505,15.271976473755505,0.2470059120195,24.70059120195,0.009656843179940167,0.9656843179940167,0.009656843179940167,0.006759790225958117,scenario,cyp_cystitis,
19.083333333333,spinal_coord,7.24052584594508,0.988164164604,0.011835835396,0.36063251868637547,36.06325186863755,0.1514553033805006,15.145530338050058,0.247041041151,24.7041041151,0.009561725236319577,0.9561725236319577,0.009561725236319577,0.006693207665423704,scenario,cyp_cystitis,
19.166666666667,spinal_coord,7.169675357234084,0.988301962365,0.011698037635,0.3597401025174119,35.97401025174119,0.15021948256821588,15.021948256821588,0.24707549059125,24.707549059125,0.009469047150959153,0.9469047150959152,0.009469047150959153,0.006628333005671406,scenario,cyp_cystitis,
19.25,spinal_coord,7.1006706446252705,0.988437081842,0.011562918158,0.35886828697296635,35.886828697296636,0.14901202201662186,14.901202201662187,0.2471092704605,24.71092704605,0.009378766813902675,0.9378766813902675,0.009378766813902676,0.006565136769731873,scenario,cyp_cystitis,
19.333333333333,spinal_coord,7.033478505348929,0.988569523037,0.011430476963,0.358016847930539,35.8016847930539,0.147832622895052,14.7832622895052,0.24714238075925,24.714238075925,0.009290842089619993,0.9290842089619993,0.009290842089619994,0.006503589462733996,scenario,cyp_cystitis,
19.416666666667,spinal_coord,6.968065791565691,0.988699285949,0.011300714051,0.3571855525519483,35.71855525519483,0.14668097475293107,14.668097475293107,0.24717482148725,24.717482148725,0.00920523084983664,0.9205230849836641,0.00920523084983664,0.0064436615948856475,scenario,cyp_cystitis,
19.5,spinal_coord,6.904399433069038,0.988826370578,0.011173629422,0.3563741597854786,35.63741597854786,0.14555675618797148,14.555675618797148,0.2472065926445,24.720659264450003,0.009121891005311267,0.9121891005311267,0.009121891005311265,0.006385323703717885,scenario,cyp_cystitis,
19.583333333333,spinal_coord,6.84244645918207,0.988950776924,0.011049223076,0.3555824208631614,35.55824208631614,0.14445963550954846,14.445963550954847,0.247237694231,24.723769423100002,0.009040780536548694,0.9040780536548695,0.009040780536548694,0.0063285463755840855,scenario,cyp_cystitis,
19.666666666667,spinal_coord,6.782174019864065,0.989072504987,0.010927495013,0.35481007979463997,35.481007979463996,0.14338927139718666,14.338927139718665,0.24726812624675,24.726812624675,0.008961857523464931,0.8961857523464931,0.00896185752346493,0.00627330026642545,scenario,cyp_cystitis,
19.75,spinal_coord,6.72354940602172,0.989191554768,0.010808445232,0.3540568738566351,35.40568738566351,0.14234531355284674,14.234531355284673,0.247297888692,24.7297888692,0.008885080173993877,0.8885080173993877,0.008885080173993878,0.006219556121795714,scenario,cyp_cystitis,
19.833333333333,spinal_coord,6.666540069022429,0.989307926265,0.010692073735,0.3533225340749481,35.33225340749481,0.14132740334493082,14.132740334493082,0.24732698156625,24.732698156625,0.008810406851628875,0.8810406851628875,0.008810406851628873,0.0061672847961402105,scenario,cyp_cystitis,
19.916666666667,spinal_coord,6.611113639426852,0.989421695226,0.010578304774,0.35260681269823324,35.26068126982332,0.1403351851889776,14.033518518897761,0.2473554238065,24.73554238065,0.00873779610191857,0.873779610191857,0.00873779610191857,0.006116457271342999,scenario,cyp_cystitis,
20.0,spinal_coord,6.557237944938965,0.989533079518,0.010466920482,0.3519095069888862,35.19095069888862,0.13936831614584824,13.936831614584824,0.2473832698795,24.73832698795,0.00866720667791191,0.8667206677911911,0.008667206677911909,0.006067044674538336,scenario,cyp_cystitis,
20.083333333333,spinal_coord,6.504881027574084,0.989642092767,0.010357907233,0.35123033625898137,35.12303362589814,0.13842641742297518,13.842641742297518,0.24741052319175,24.741052319175,0.00859859756455026,0.859859756455026,0.008598597564550262,0.006019018295185183,scenario,cyp_cystitis,
20.166666666667,spinal_coord,6.45401116006358,0.989748734971,0.010251265029,0.35056901060186846,35.056901060186846,0.1375091024788246,13.75091024788246,0.24743718374275,24.743718374275,0.008531928002028835,0.8531928002028835,0.008531928002028837,0.005972349601420185,scenario,cyp_cystitis,
20.25,spinal_coord,6.40459686149743,0.989853006131,0.010146993869,0.349925236204205,34.9925236204205,0.13661597956194002,13.661597956194003,0.24746325153275,24.746325153275002,0.008467157508126768,0.8467157508126768,0.008467157508126768,0.005927010255688737,scenario,cyp_cystitis,
20.333333333333,spinal_coord,6.356606912207881,0.989954906247,0.010045093753,0.3492987157787337,34.92987157787337,0.13574665228931165,13.574665228931165,0.24748872656175,24.748872656175,0.00840424589950823,0.8404245899508229,0.008404245899508228,0.005882972129655759,scenario,cyp_cystitis,
20.416666666667,spinal_coord,6.310010367914096,0.990054435319,0.009945564681,0.34868914898883785,34.86891489888379,0.13490072021211716,13.490072021211716,0.24751360882975,24.751360882975,0.00834315331201888,0.834315331201888,0.00834315331201888,0.005840207318413216,scenario,cyp_cystitis,
20.5,spinal_coord,6.26477657313159,0.990151593347,0.009848406653,0.3480962328622158,34.80962328622158,0.1340777793672878,13.40777793672878,0.24753789833675,24.753789833675,0.008283840219981181,0.8283840219981181,0.008283840219981181,0.0057986881539868265,scenario,cyp_cystitis,
20.583333333333,spinal_coord,6.220875173852074,0.990246380331,0.009753619669,0.3475196621935648,34.751966219356476,0.13327742281441968,13.327742281441967,0.24756159508275,24.756159508275,0.008226267454494588,0.8226267454494588,0.008226267454494588,0.005758387218146211,scenario,cyp_cystitis,
20.666666666667,spinal_coord,6.178276129514559,0.99033879627,0.00966120373,0.3469591299357054,34.69591299357054,0.13249924115760717,13.249924115760717,0.2475846990675,24.75846990675,0.008170396220766827,0.8170396220766827,0.008170396220766827,0.0057192773545367784,scenario,cyp_cystitis,
20.75,spinal_coord,6.1369497242737365,0.990429000846,0.009570999154,0.3464143834308535,34.641438343085355,0.13174284429247132,13.174284429247132,0.2476072502115,24.76072502115,0.008116188114483206,0.8116188114483206,0.008116188114483206,0.005681331680138244,scenario,cyp_cystitis,
20.833333333333,spinal_coord,6.0968665775733095,0.990517168917,0.009482831083,0.3458851738658014,34.58851738658014,0.13100784218206854,13.100784218206854,0.24762929222925,24.762929222925003,0.008063605137223233,0.8063605137223232,0.008063605137223233,0.005644523596056263,scenario,cyp_cystitis,
20.916666666667,spinal_coord,6.057997654045799,0.990603300571,0.009396699429,0.3453711903878618,34.53711903878618,0.13029382032681572,13.029382032681571,0.24765082514275,24.765082514275,0.00801260971095209,0.8012609710952089,0.008012609710952088,0.005608826797666461,scenario,cyp_cystitis,
21.0,spinal_coord,6.020314272746736,0.990687395809,0.009312604191,0.3448721217514177,34.48721217514177,0.12960036373222358,12.960036373222358,0.24767184895225,24.767184895225,0.00796316469159691,0.796316469159691,0.00796316469159691,0.0055742152841178364,scenario,cyp_cystitis,
21.083333333333,spinal_coord,5.9837881157325965,0.99076945463,0.00923054537,0.3443876566778053,34.43876566778053,0.12892705736040705,12.892705736040705,0.2476923636575,24.76923636575,0.007915233381719749,0.7915233381719748,0.007915233381719749,0.005540663367203823,scenario,cyp_cystitis,
21.166666666667,spinal_coord,5.948391236004444,0.990849477036,0.009150522964,0.34391748417467927,34.39174841746792,0.12827348655423898,12.827348655423897,0.247712369259,24.771236925900002,0.007868779542315843,0.7868779542315842,0.007868779542315841,0.0055081456796210885,scenario,cyp_cystitis,
21.25,spinal_coord,5.914096064826724,0.990927463025,0.009072536975,0.343461293838594,34.3461293838594,0.12763923744312528,12.763923744312528,0.24773186575625,24.773186575625,0.007823767403749453,0.7823767403749453,0.007823767403749453,0.005476637182624616,scenario,cyp_cystitis,
21.333333333333,spinal_coord,5.880875418431942,0.991003412598,0.008996587402,0.34301877614975157,34.301877614975155,0.12702389733366876,12.702389733366875,0.2477508531495,24.775085314949997,0.007780161675841413,0.7780161675841413,0.007780161675841414,0.005446113173088989,scenario,cyp_cystitis,
21.416666666667,spinal_coord,5.8487025041333744,0.991077325755,0.008922674245,0.3425896227503281,34.258962275032815,0.12642705508210414,12.642705508210414,0.24776933143875,24.776933143875,0.007737927557137522,0.7737927557137523,0.007737927557137521,0.0054165492899962645,scenario,cyp_cystitis,
21.5,spinal_coord,5.817550925856456,0.991149210174,0.008850789826,0.3421735293625713,34.21735293625713,0.12584830242542838,12.584830242542838,0.2477873025435,24.778730254350002,0.007697030743372009,0.7697030743372009,0.007697030743372008,0.005387921520360405,scenario,cyp_cystitis,
21.583333333333,spinal_coord,5.787394689100677,0.991219290809,0.008780709191,0.3417702682956366,34.17702682956366,0.12528726079118216,12.528726079118217,0.24780482270225,24.780482270224997,0.007657437435141888,0.7657437435141888,0.007657437435141888,0.005360206204599321,scenario,cyp_cystitis,
21.666666666667,spinal_coord,5.758208205354036,0.99128767182,0.00871232818,0.3413795718100794,34.13795718100794,0.1247435384734392,12.47435384734392,0.247821917955,24.7821917955,0.007619114344821539,0.7619114344821539,0.007619114344821538,0.0053333800413750765,scenario,cyp_cystitis,
21.75,spinal_coord,5.729966295971669,0.991354353207,0.008645646793,0.3410011383429462,34.10011383429462,0.12421673338826163,12.421673338826162,0.24783858830175,24.783858830175003,0.007582028702733223,0.7582028702733223,0.007582028702733223,0.005307420091913256,scenario,cyp_cystitis,
21.833333333333,spinal_coord,5.7026441955311995,0.99141933497,0.00858066503,0.3406346687294365,34.06346687294365,0.12370644664924862,12.370644664924862,0.2478548337425,24.78548337425,0.0075461482625905595,0.754614826259056,0.0075461482625905595,0.005282303783813391,scenario,cyp_cystitis,
21.916666666667,spinal_coord,5.6762175546866445,0.991482617109,0.008517382891,0.3402798664071078,34.02798664071078,0.12321228283981037,12.321228283981037,0.24787065427725,24.787065427725,0.00751144130624419,0.7511441306244191,0.007511441306244191,0.005258008914370934,scenario,cyp_cystitis,
22.0,spinal_coord,5.650662442533102,0.991544199625,0.008455800375,0.33993643760849307,33.99364376084931,0.12273385026965744,12.273385026965745,0.24788604990625,24.788604990625,0.007477876647746382,0.7477876647746382,0.007477876647746383,0.005234513653422468,scenario,cyp_cystitis,
22.083333333333,spinal_coord,5.625955348495276,0.991604082516,0.008395917484,0.3396040915402257,33.96040915402257,0.12227076121496762,12.227076121496761,0.247901020629,24.790102062899997,0.0074454236367523675,0.7445423636752367,0.007445423636752368,0.005211796545726658,scenario,cyp_cystitis,
22.166666666667,spinal_coord,5.602073183761232,0.991662265784,0.008337734216,0.3392825405544496,33.92825405544496,0.12182263214459949,12.18226321445995,0.247915566446,24.7915566446,0.007414052161287303,0.7414052161287303,0.007414052161287303,0.005189836512901112,scenario,cyp_cystitis,
22.25,spinal_coord,5.578993282273968,0.991718749427,0.008281250573,0.33897150030378126,33.89715003037813,0.12138908392937499,12.138908392937498,0.24792968735675,24.792968735675,0.007383732649896122,0.7383732649896122,0.007383732649896122,0.005168612854927285,scenario,cyp_cystitis,
22.333333333333,spinal_coord,5.556693401294146,0.991773565585,0.008226434415,0.33867070086513007,33.86707008651301,0.12096974595850679,12.096974595850678,0.24794339139625,24.794339139625,0.007354436073194646,0.7354436073194647,0.007354436073194647,0.005148105251236252,scenario,cyp_cystitis,
22.416666666667,spinal_coord,5.535151721554708,0.991826951391,0.008173048609,0.3383799457967452,33.83799457967452,0.12056427726532694,12.056427726532695,0.24795673784775,24.795673784774998,0.007326133944850041,0.7326133944850042,0.007326133944850041,0.0051282937613950285,scenario,cyp_cystitis,
22.5,spinal_coord,5.5143468470201755,0.991878954803,0.008121045197,0.3380989775992153,33.80989775992153,0.12017231853128707,12.017231853128706,0.24796973870075,24.796973870075,0.007298798322008231,0.7298798322008231,0.007298798322008231,0.005109158825405762,scenario,cyp_cystitis,
22.583333333333,spinal_coord,5.4942578042639445,0.991929575819,0.008070424181,0.3378275262240521,33.78275262240521,0.1197935096924028,11.97935096924028,0.24798239395475,24.798239395475,0.007272401805186739,0.7272401805186739,0.007272401805186738,0.005090681263630716,scenario,cyp_cystitis,
22.666666666667,spinal_coord,5.4748640414835945,0.991978814441,0.008021185559,0.3375653255720157,33.75653255720157,0.1194274959490209,11.94274959490209,0.24799470361025,24.799470361025,0.007246917537660083,0.7246917537660084,0.007246917537660083,0.005072842276362058,scenario,cyp_cystitis,
22.75,spinal_coord,5.45614542716691,0.992026670669,0.007973329331,0.33731211358551644,33.73121135855165,0.11907392789102192,11.907392789102191,0.24800666766725,24.800666766724998,0.007222319204355369,0.7222319204355369,0.007222319204355369,0.005055623443048758,scenario,cyp_cystitis,
22.833333333333,spinal_coord,5.4380822484217965,0.992073144501,0.007926855499,0.3370676323336433,33.70676323336433,0.11873246161119101,11.873246161119102,0.24801828612525,24.801828612525,0.0071985810302763005,0.7198581030276301,0.0071985810302763005,0.00503900672119341,scenario,cyp_cystitis,
22.916666666667,spinal_coord,5.420655208989209,0.99211823594,0.00788176406,0.33683162809050576,33.68316280905058,0.11840275880734101,11.8402758807341,0.248029558985,24.802955898500002,0.0071756777784816725,0.7175677778481673,0.007175677778481672,0.00502297444493717,scenario,cyp_cystitis,
23.0,spinal_coord,5.4038454269515475,0.992161944983,0.007838055017,0.33660385139866905,33.660385139866904,0.11808448687055871,11.80844868705587,0.24804048624575,24.804048624575,0.007153584747635635,0.7153584747635635,0.007153584747635634,0.005007509323344944,scenario,cyp_cystitis,
23.083333333333,spinal_coord,5.387634432149399,0.992204271632,0.007795728368,0.33638405713155506,33.63840571315551,0.11777731896474007,11.777731896474007,0.248051067908,24.8051067908,0.007132277769147581,0.7132277769147581,0.007132277769147581,0.004992594438403306,scenario,cyp_cystitis,
23.166666666667,spinal_coord,5.372004163324724,0.992245283038,0.007754716962,0.3361720272922979,33.61720272922979,0.11748094204373058,11.748094204373057,0.2480613207595,24.80613207595,0.007111733203926369,0.7111733203926369,0.00711173320392637,0.004978213242748459,scenario,cyp_cystitis,
23.25,spinal_coord,5.3569369650025775,0.992285182849,0.007714817151,0.3359675944624777,33.59675944624777,0.11719506500030359,11.71950650003036,0.24807129571225,24.807129571225,0.007091927938765692,0.7091927938765692,0.007091927938765692,0.004964349557135985,scenario,cyp_cystitis,
23.333333333333,spinal_coord,5.342415584123766,0.992323985039,0.007676014961,0.33577053133210055,33.57705313321006,0.11691938009646739,11.691938009646739,0.24808099625975,24.808099625975,0.007072839382377796,0.7072839382377796,0.007072839382377795,0.004950987567664457,scenario,cyp_cystitis,
23.416666666667,spinal_coord,5.328423166445452,0.992361689607,0.007638310393,0.33558061035145703,33.558061035145705,0.11665358393294271,11.665358393294271,0.24809042240175,24.809042240175,0.00705444546109881,0.7054445461098809,0.00705444546109881,0.004938111822769166,scenario,cyp_cystitis,
23.5,spinal_coord,5.314943252721308,0.992398296554,0.007601703446,0.33539760848997824,33.53976084899782,0.11639737913530432,11.639737913530432,0.2480995741385,24.80995741385,0.007036724614281831,0.7036724614281832,0.0070367246142818305,0.004925707229997281,scenario,cyp_cystitis,
23.583333333333,spinal_coord,5.301959774673021,0.99243380588,0.00756619412,0.33522130724886556,33.52213072488656,0.11615047437182074,11.615047437182074,0.24810845147,24.810845147,0.0070196557893941365,0.7019655789394137,0.007019655789394137,0.004913759052575896,scenario,cyp_cystitis,
23.666666666667,spinal_coord,5.289457050769009,0.992468217584,0.007531782416,0.3350514926684506,33.50514926684506,0.11591258436326743,11.591258436326743,0.248117054396,24.811705439599997,0.007003218436840252,0.7003218436840252,0.007003218436840253,0.004902252905788176,scenario,cyp_cystitis,
23.75,spinal_coord,5.277419781821376,0.992501531667,0.007498468333,0.3348879553305562,33.48879553305562,0.11568342988507498,11.568342988507498,0.24812538291675,24.812538291674997,0.006987392504526186,0.6987392504526185,0.006987392504526185,0.004891174753168329,scenario,cyp_cystitis,
23.833333333333,spinal_coord,5.265833046412166,0.992533748128,0.007466251872,0.33473049035276087,33.473049035276084,0.11546273776101448,11.54627377610145,0.248133437032,24.8133437032,0.006972158432180227,0.6972158432180228,0.006972158432180227,0.004880510902526159,scenario,cyp_cystitis,
23.916666666667,spinal_coord,5.254682296163679,0.992564866968,0.007435133032,0.3345788973799593,33.45788973799593,0.11525024085061235,11.525024085061235,0.248141216742,24.8141216742,0.006957497145450495,0.6957497145450495,0.0069574971454504945,0.004870248001815346,scenario,cyp_cystitis,
24.0,spinal_coord,5.243953350863091,0.99259509109,0.00740490891,0.334433048932118,33.4433048932118,0.11504570154615733,11.504570154615733,0.2481487727725,24.814877277249998,0.0069433900497935025,0.6943390049793502,0.006943390049793503,0.004860373034855452,scenario,cyp_cystitis,
0.0,ganglia,11.656835765612096,0.946112893245,0.053887106755,0.2867603864177477,28.67603864177477,0.21349899677027523,21.349899677027523,0.09461128932450001,9.46112893245,0.022782527175991926,2.2782527175991927,0.02278252717599193,0.02847815896998991,scenario,cyp_cystitis,
0.083333333333,ganglia,11.796638323404085,0.946069174906,0.053930825094,0.28852668954306826,28.852668954306825,0.21546641339163142,21.54664133916314,0.0946069174906,9.46069174906,0.023049464259962165,2.3049464259962167,0.023049464259962165,0.028811830324952707,scenario,cyp_cystitis,
0.166666666667,ganglia,11.945120209704273,0.946014552023,0.053985447977,0.290389466637874,29.038946663787403,0.2175422349284155,21.75422349284155,0.09460145520230001,9.46014552023,0.023332813886010443,2.333281388601044,0.023332813886010443,0.029166017357513053,scenario,cyp_cystitis,
0.25,ganglia,12.10247502746497,0.94592530213,0.05407469787,0.292341938600161,29.2341938600161,0.21972156487462327,21.97215648746233,0.09459253021300001,9.459253021300002,0.02363291649159847,2.363291649159847,0.02363291649159847,0.02954114561449809,scenario,cyp_cystitis,
0.333333333333,ganglia,12.268864414419467,0.945832816845,0.054167183155,0.2943937280511253,29.43937280511253,0.22201160707402812,22.201160707402813,0.0945832816845,9.45832816845,0.02395004902053563,2.395004902053563,0.023950049020535633,0.02993756127566954,scenario,cyp_cystitis,
0.416666666667,ganglia,12.44441425079423,0.945715955802,0.054284044198,0.29653768018885585,29.653768018885586,0.2244067606762843,22.44067606762843,0.09457159558020001,9.45715955802,0.02428441779190482,2.4284417791904818,0.02428441779190482,0.030355522239881024,scenario,cyp_cystitis,
0.5,ganglia,12.62921088141795,0.945570891005,0.054429108995,0.2987712999399008,29.87712999399008,0.22690467871044537,22.690467871044536,0.09455708910050001,9.455708910050001,0.024636151458679468,2.463615145867947,0.024636151458679468,0.030795189323349334,scenario,cyp_cystitis,
0.583333333333,ganglia,12.82329739423903,0.945397622454,0.054602377546,0.301092626604653,30.1092626604653,0.22950318262139224,22.950318262139223,0.0945397622454,9.45397622454,0.025005294142050192,2.5005294142050194,0.025005294142050192,0.03125661767756274,scenario,cyp_cystitis,
0.666666666667,ganglia,13.026669999823143,0.945195522653,0.054804477347,0.30349882897750635,30.349882897750636,0.23219919634689595,23.219919634689596,0.09451955226530001,9.451955226530002,0.025391798831486935,2.5391798831486936,0.025391798831486935,0.03173974853935867,scenario,cyp_cystitis,
0.75,ganglia,13.239274558639224,0.944963852798,0.055036147202,0.3059863501414066,30.598635014140662,0.23498884984622956,23.498884984622954,0.0944963852798,9.449638527980001,0.02579552114366999,2.579552114366999,0.025795521143669984,0.03224440142958748,scenario,cyp_cystitis,
0.833333333333,ganglia,13.46100330462692,0.94470261168,0.05529738832,0.30855117571290547,30.855117571290545,0.23786768282767276,23.786768282767277,0.094470261168,9.4470261168,0.02621621353518985,2.621621353518985,0.026216213535189846,0.03277026691898731,scenario,cyp_cystitis,
0.916666666667,ganglia,13.69169181457557,0.944411719023,0.055588280977,0.31118857525910004,31.118857525910006,0.24083044817422222,24.083044817422223,0.0944411719023,9.444117190230001,0.026653520064166783,2.6653520064166782,0.026653520064166786,0.03331690008020848,scenario,cyp_cystitis,
1.0,ganglia,13.931116273382507,0.944090547509,0.055909452491,0.313892953636865,31.389295363686497,0.24387099876218332,24.387099876218333,0.0944090547509,9.44090547509,0.027106971794974826,2.710697179497483,0.027106971794974826,0.033883714743718533,scenario,cyp_cystitis,
1.083333333333,ganglia,14.178991085056683,0.943738963857,0.056261036143,0.3166582076739513,31.665820767395132,0.246982568098057,24.6982568098057,0.0943738963857,9.43738963857,0.027575982937644298,2.75759829376443,0.027575982937644298,0.034469978672055375,scenario,cyp_cystitis,
1.166666666667,ganglia,14.434966878317999,0.943356968068,0.056643031932,0.31947763465418744,31.947763465418745,0.25015770871931936,25.015770871931934,0.0943356968068,9.43356968068,0.028059847809164137,2.805984780916414,0.02805984780916414,0.035074809761455175,scenario,cyp_cystitis,
1.25,ganglia,14.698628954013888,0.942945489082,0.057054510918,0.32234423716595956,32.234423716595956,0.2533885425086217,25.33885425086217,0.09429454890820001,9.42945489082,0.02855773869824539,2.855773869824539,0.02855773869824539,0.03569717337280674,scenario,cyp_cystitis,
1.333333333333,ganglia,14.969496219094417,0.942505804613,0.057494195387,0.3252505758069941,32.52505758069941,0.25666666149521566,25.666666149521568,0.09425058046130001,9.425058046130001,0.029068704707755404,2.9068704707755404,0.029068704707755404,0.036335880884694256,scenario,cyp_cystitis,
1.416666666667,ganglia,15.247020648517363,0.942037922484,0.057962077516,0.3281882558172398,32.818825581723985,0.2599827372987109,25.99827372987109,0.0942037922484,9.42037922484,0.029591671639996386,2.9591671639996386,0.029591671639996386,0.03698958954999548,scenario,cyp_cystitis,
1.5,ganglia,15.530587312457335,0.941541842694,0.058458157306,0.33114840049498107,33.114840049498106,0.2633269069173123,26.33269069173123,0.0941541842694,9.41541842694,0.0301254429798642,3.01254429798642,0.030125442979864196,0.03765680372483025,scenario,cyp_cystitis,
1.583333333333,ganglia,15.819515001344072,0.941017565243,0.058982434757,0.33412170905484984,33.412170905484984,0.2666888361450554,26.66888361450554,0.0941017565243,9.41017565243,0.030668702019354295,3.0668702019354295,0.030668702019354295,0.03833587752419287,scenario,cyp_cystitis,
1.666666666667,ganglia,16.11305747556327,0.940465090132,0.059534909868,0.33709851614881786,33.709851614881785,0.27005778570624206,27.005778570624205,0.0940465090132,9.40465090132,0.031220015153997888,3.1220015153997887,0.03122001515399789,0.039025018942497366,scenario,cyp_cystitis,
1.75,ganglia,16.41040536044475,0.939884417359,0.060115582641,0.3400688548094379,34.00688548094379,0.27342268119281987,27.342268119281986,0.0939884417359,9.39884417359,0.03177783636832529,3.177783636832529,0.03177783636832529,0.03972229546040661,scenario,cyp_cystitis,
1.833333333333,ganglia,16.710688700235174,0.939275546925,0.060724453075,0.34302252189058924,34.302252189058926,0.2767721857756547,27.677218577565473,0.09392755469250001,9.392755469250002,0.032340512913077595,3.2340512913077593,0.032340512913077595,0.040425641141346995,scenario,cyp_cystitis,
1.916666666667,ganglia,17.01298017716557,0.938638478831,0.061361521169,0.34594914505276464,34.59491450527646,0.28009477463296073,28.009477463296072,0.09386384788310001,9.386384788310002,0.03290629216182485,3.290629216182485,0.03290629216182485,0.04113286520228106,scenario,cyp_cystitis,
2.0,ganglia,17.31629899386088,0.937973213075,0.062026786925,0.34883825036017485,34.883825036017484,0.2833788100585276,28.33788100585276,0.09379732130750001,9.379732130750002,0.03347332961969245,3.3473329619692453,0.03347332961969245,0.04184166202461557,scenario,cyp_cystitis,
2.083333333333,ganglia,17.619615409020476,0.937279749659,0.062720250341,0.35167932959021897,35.1679329590219,0.2866126162492433,28.66126162492433,0.0937279749659,9.37279749659,0.03403969804177058,3.403969804177058,0.03403969804177058,0.04254962255221323,scenario,cyp_cystitis,
2.166666666667,ganglia,17.92185590763087,0.936558175503,0.063441824497,0.3544619392933778,35.44619392933778,0.2897845797145309,28.978457971453093,0.0936558175503,9.36558175503,0.03460339760372491,3.460339760372491,0.034603397603724904,0.04325424700465613,scenario,cyp_cystitis,
2.25,ganglia,18.221908978378078,0.935815894715,0.064184105285,0.35717852605277955,35.717852605277955,0.2928854850903106,29.28854850903106,0.09358158947150001,9.35815894715,0.03516236705294981,3.5162367052949812,0.03516236705294982,0.04395295881618727,scenario,cyp_cystitis,
2.333333333333,ganglia,18.518631462245693,0.935057654909,0.064942345091,0.3598207647838153,35.98207647838153,0.2959055547699059,29.590555476990588,0.0935057654909,9.35057654909,0.035714495754997896,3.5714495754997895,0.0357144957549979,0.04464311969374738,scenario,cyp_cystitis,
2.416666666667,ganglia,18.810855427653223,0.934283456083,0.065716543917,0.362378759672599,36.2378759672599,0.29883379340477667,29.883379340477667,0.0934283456083,9.342834560830001,0.03625763653720686,3.6257636537206857,0.03625763653720685,0.04532204567150856,scenario,cyp_cystitis,
2.5,ganglia,19.097395519345884,0.933493298239,0.066506701761,0.3648428790237749,36.48428790237749,0.3016594991109721,30.16594991109721,0.0933493298239,9.33493298239,0.036789619220183804,3.6789619220183805,0.03678961922018381,0.045987024025229764,scenario,cyp_cystitis,
2.583333333333,ganglia,19.377056720433863,0.932687181376,0.067312818624,0.3672038047306065,36.72038047306065,0.30437231843667384,30.437231843667384,0.09326871813760002,9.326871813760002,0.03730826471771546,3.730826471771546,0.03730826471771546,0.04663533089714432,scenario,cyp_cystitis,
2.666666666667,ganglia,19.64864245964744,0.931865105494,0.068134894506,0.3694525774892129,36.94525774892129,0.3069622965997921,30.696229659979206,0.09318651054940001,9.318651054940002,0.03781139957692322,3.781139957692322,0.03781139957692322,0.04726424947115403,scenario,cyp_cystitis,
2.75,ganglia,19.91096298944101,0.93102862609,0.06897137391,0.3715812584162873,37.15812584162873,0.30942043978587475,30.942043978587474,0.09310286260900001,9.310286260900002,0.03829687082371715,3.8296870823717146,0.03829687082371715,0.04787108852964643,scenario,cyp_cystitis,
2.833333333333,ganglia,20.16284395487763,0.930188989337,0.069811010663,0.373586252251512,37.3586252251512,0.3117415036864577,31.17415036864577,0.09301889893370001,9.301889893370001,0.03876256097336066,3.8762560973360656,0.03876256097336066,0.048453201216700825,scenario,cyp_cystitis,
2.916666666667,ganglia,20.40313506839496,0.929348429292,0.070651570708,0.375460896523562,37.5460896523562,0.3139178373270689,31.39178373270689,0.09293484292920001,9.29348429292,0.03920640306233636,3.920640306233636,0.03920640306233635,0.04900800382792044,scenario,cyp_cystitis,
3.0,ganglia,20.630718801955,0.928506945956,0.071493054044,0.37719812569279393,37.71981256927939,0.3159415901079932,31.594159010799324,0.09285069459560001,9.28506945956,0.03962639555619999,3.962639555619999,0.0396263955562,0.04953299444525,scenario,cyp_cystitis,
3.083333333333,ganglia,20.844519005524162,0.927664539328,0.072335460672,0.37879137931869933,37.879137931869934,0.31780547265099923,31.780547265099923,0.0927664539328,9.27664539328,0.040020616988201585,4.0020616988201585,0.040020616988201585,0.05002577123525198,scenario,cyp_cystitis,
3.166666666667,ganglia,21.043509359420973,0.926821209408,0.073178790592,0.38023462077933323,38.023462077933324,0.31950277759837026,31.950277759837025,0.0926821209408,9.26821209408,0.04038724018516648,4.038724018516648,0.04038724018516648,0.0504840502314581,scenario,cyp_cystitis,
3.25,ganglia,21.2267215680805,0.925976956196,0.074023043804,0.38152235256367495,38.1522352563675,0.32102739660452767,32.10273966045277,0.0925976956196,9.25976956196,0.040724545940816564,4.072454594081656,0.04072454594081657,0.05090568242602071,scenario,cyp_cystitis,
3.333333333333,ganglia,21.393253203996338,0.925137305686,0.074862694314,0.3826519141067174,38.26519141067174,0.3223757594867971,32.237575948679705,0.09251373056860002,9.251373056860002,0.04103093600182467,4.103093600182467,0.04103093600182467,0.05128867000228084,scenario,cyp_cystitis,
3.416666666667,ganglia,21.542275113065536,0.92431402772,0.07568597228,0.3836238283930078,38.36238283930078,0.3235471395788975,32.35471395788975,0.09243140277200002,9.243140277200002,0.04130494523841882,4.130494523841882,0.04130494523841882,0.05163118154802353,scenario,cyp_cystitis,
3.5,ganglia,21.673038296443224,0.923507510154,0.076492489846,0.38443450055555184,38.44345005555518,0.3245374994890576,32.45374994890576,0.09235075101540001,9.235075101540001,0.04154525287950077,4.154525287950077,0.041545252879500776,0.05193156609937597,scenario,cyp_cystitis,
3.583333333333,ganglia,21.784880189061457,0.922717752988,0.077282247012,0.38508072907662294,38.508072907662296,0.32534328197535883,32.534328197535885,0.0922717752988,9.22717752988,0.041750692701498,4.1750692701498,0.041750692701498004,0.052188365876872506,scenario,cyp_cystitis,
3.666666666667,ganglia,21.877230261174674,0.921944756221,0.078055243779,0.38555986821185917,38.55598682118592,0.3259615473219546,32.59615473219546,0.09219447562210001,9.21944756221,0.041920262070499155,4.192026207049915,0.04192026207049915,0.052400327588123935,scenario,cyp_cystitis,
3.75,ganglia,21.94961487670749,0.921188519855,0.078811480145,0.3858698293226895,38.586982932268945,0.32638997481909937,32.63899748190994,0.09211885198550002,9.211885198550002,0.04205312974872551,4.205312974872551,0.04205312974872551,0.05256641218590688,scenario,cyp_cystitis,
3.833333333333,ganglia,22.001661350531073,0.920449072981,0.079550927019,0.3860090933814506,38.60090933814506,0.3266268734259451,32.66268734259451,0.0920449072981,9.20449072981,0.04214864238862386,4.214864238862386,0.04214864238862386,0.05268580298577983,scenario,cyp_cystitis,
3.916666666667,ganglia,22.033101156021594,0.91972936205,0.08027063795,0.3859779226285974,38.59779226285974,0.3266722071373304,32.667220713733045,0.09197293620500001,9.1972936205,0.04220632965080215,4.220632965080215,0.04220632965080215,0.052757912063502686,scenario,cyp_cystitis,
4.0,ganglia,22.043772244291013,0.919033746356,0.080966253644,0.38577772932102106,38.57777293210211,0.32652706076157895,32.6527060761579,0.0919033746356,9.19033746356,0.04222590789566129,4.222590789566129,0.042225907895661295,0.05278238486957662,scenario,cyp_cystitis,
4.083333333333,ganglia,22.033620447061974,0.918365624002,0.081634375998,0.3854100714192579,38.541007141925796,0.3261927877989532,32.619278779895325,0.0918365624002,9.18365624002,0.042207282412563205,4.22072824125632,0.04220728241256321,0.052759103015704016,scenario,cyp_cystitis,
4.166666666667,ganglia,22.00269994618764,0.917728393088,0.082271606912,0.38487704661692723,38.487704661692725,0.32567134145347465,32.56713414534747,0.09177283930880001,9.177283930880002,0.042150548164704635,4.215054816470463,0.04215054816470463,0.05268818520588078,scenario,cyp_cystitis,
4.25,ganglia,21.95117280413198,0.917125451718,0.082874548282,0.38418128347384556,38.41812834738455,0.3249652647800506,32.49652647800506,0.0917125451718,9.17125451718,0.04205598904242601,4.205598904242601,0.04205598904242601,0.052569986303032515,scenario,cyp_cystitis,
4.333333333333,ganglia,21.87930756109512,0.916560197992,0.083439802008,0.38332593231871354,38.33259323187136,0.32407768057723724,32.40776805772372,0.0916560197992,9.16560197992,0.04192407563224523,4.192407563224522,0.041924075632245233,0.05240509454030654,scenario,cyp_cystitis,
4.416666666667,ganglia,21.787476915782673,0.916036030013,0.083963969987,0.38231465593234953,38.23146559323495,0.32301228103449947,32.301228103449944,0.09160360300130001,9.160360300130002,0.04175546152346467,4.175546152346467,0.04175546152346467,0.05219432690433083,scenario,cyp_cystitis,
4.5,ganglia,21.676154517847422,0.915556345882,0.084443654118,0.3811516199483451,38.11516199483451,0.32177331706682794,32.17733170668279,0.0915556345882,9.15556345882,0.04155097818853026,4.155097818853026,0.04155097818853026,0.05193872273566283,scenario,cyp_cystitis,
4.583333333333,ganglia,21.545910910613188,0.915124543701,0.084875456299,0.3798414828802211,37.98414828802211,0.32036558723346786,32.036558723346786,0.09151245437010001,9.151245437010001,0.041311628487306656,4.131162848730666,0.041311628487306656,0.05163953560913332,scenario,cyp_cystitis,
4.666666666667,ganglia,21.39740867272712,0.914741283797,0.085258716203,0.378388253130416,37.8388253130416,0.31879347194524,31.879347194523998,0.09147412837970001,9.14741283797,0.0410385788590636,4.1038578859063595,0.0410385788590636,0.051298223573829495,scenario,cyp_cystitis,
4.75,ganglia,21.23139681661444,0.914401073389,0.085598926611,0.376793892213738,37.679389221373796,0.3170597609720422,31.705976097204218,0.09144010733890001,9.144010733890001,0.040733150278904465,4.073315027890446,0.04073315027890446,0.05091643784863057,scenario,cyp_cystitis,
4.833333333333,ganglia,21.048704509959766,0.914104631471,0.085895368529,0.3750634348214089,37.50634348214089,0.3151699685270099,31.51699685270099,0.0914104631471,9.14104631471,0.04039680806759865,4.039680806759865,0.04039680806759865,0.05049601008449831,scenario,cyp_cystitis,
4.916666666667,ganglia,20.850234193852625,0.913853125927,0.086146874073,0.37320257676780577,37.32025767678058,0.3131302935278953,31.313029352789528,0.0913853125927,9.13853125927,0.04003115065528123,4.003115065528123,0.040031150655281234,0.05003893831910154,scenario,cyp_cystitis,
5.0,ganglia,20.6369541774427,0.913647724641,0.086352275359,0.37121747672937644,37.121747672937644,0.3109474491836405,31.094744918364047,0.0913647724641,9.136477246410001,0.03963789740981245,3.9637897409812455,0.039637897409812446,0.049547371762265556,scenario,cyp_cystitis,
5.083333333333,ganglia,20.40989079399801,0.913489595496,0.086510404504,0.36911474221248214,36.91147422124821,0.3086286474032024,30.86286474032024,0.0913489595496,9.13489595496,0.039218875649842666,3.9218875649842664,0.039218875649842666,0.04902359456230333,scenario,cyp_cystitis,
5.166666666667,ganglia,20.17012020714065,0.913379906375,0.086620093625,0.36690141312449476,36.69014131244948,0.3061815805411053,30.618158054110527,0.0913379906375,9.13379906375,0.038776006970774414,3.8776006970774413,0.038776006970774414,0.048470008713468016,scenario,cyp_cystitis,
5.25,ganglia,19.918759958499223,0.913319825162,0.086680174838,0.36458494265433594,36.45849426543359,0.30361440015348434,30.361440015348435,0.0913319825162,9.133198251620001,0.03831129301833458,3.831129301833458,0.03831129301833457,0.04788911627291822,scenario,cyp_cystitis,
5.333333333333,ganglia,19.656960349228978,0.913310519741,0.086689480259,0.36217317519305675,36.217317519305674,0.3009356924655075,30.09356924655075,0.0913310519741,9.13310519741,0.03782680084958116,3.782680084958116,0.03782680084958116,0.04728350106197646,scenario,cyp_cystitis,
5.416666666667,ganglia,19.385895747862204,0.913352801884,0.086647198116,0.3596741808284668,35.96741808284668,0.29815433404451863,29.815433404451863,0.09133528018840001,9.133528018840002,0.03732464802485349,3.732464802485349,0.03732464802485348,0.04665581003106685,scenario,cyp_cystitis,
5.5,ganglia,19.10675591554243,0.913441076628,0.086558923372,0.3570938664106818,35.70938664106818,0.29527750971986866,29.527750971986865,0.0913441076628,9.13441076628,0.0368069875758871,3.68069875758871,0.0368069875758871,0.04600873446985888,scenario,cyp_cystitis,
5.583333333333,ganglia,18.820737437140103,0.913572530533,0.086427469467,0.35443960340275044,35.44396034027504,0.2923137226105005,29.231372261050048,0.0913572530533,9.13572530533,0.036275992995404134,3.6275992995404134,0.036275992995404134,0.045344991244255166,scenario,cyp_cystitis,
5.666666666667,ganglia,18.529035343148685,0.913746479503,0.086253520497,0.3517199046713917,35.17199046713917,0.2892725074678797,28.92725074678797,0.09137464795030001,9.13746479503,0.03573384339198414,3.573384339198414,0.03573384339198415,0.044667304239980186,scenario,cyp_cystitis,
5.75,ganglia,18.232835002429688,0.913962239441,0.086037760559,0.3489435413387493,34.89435413387493,0.28616368599405473,28.616368599405472,0.0913962239441,9.13962239441,0.03518270895039718,3.5182708950397177,0.03518270895039718,0.043978386187996474,scenario,cyp_cystitis,
5.833333333333,ganglia,17.933304360173597,0.914219126251,0.085780873749,0.3461195001633612,34.61195001633612,0.28299731948695683,28.299731948695683,0.09142191262510001,9.14219126251,0.03462473683233678,3.4624736832336778,0.03462473683233678,0.04328092104042097,scenario,cyp_cystitis,
5.916666666667,ganglia,17.631586589010247,0.914516455837,0.085483544163,0.343256937251926,34.3256937251926,0.27978365740914,27.978365740914,0.0914516455837,9.14516455837,0.03406203764572311,3.406203764572311,0.03406203764572311,0.042577547057153886,scenario,cyp_cystitis,
6.0,ganglia,17.328793213870586,0.914853544102,0.085146455898,0.34036512839776867,34.03651283977687,0.27653308220840966,27.653308220840966,0.0914853544102,9.14853544102,0.03349667260199576,3.349667260199576,0.03349667260199576,0.0418708407524947,scenario,cyp_cystitis,
6.083333333333,ganglia,17.025997763388855,0.915229706951,0.084770293049,0.33745341644321597,33.7453416443216,0.27325605083123994,27.325605083123993,0.09152297069510001,9.152297069510002,0.032930641470722735,3.2930641470722737,0.032930641470722735,0.041163301838403416,scenario,cyp_cystitis,
6.166666666667,ganglia,16.724229992490326,0.915644260287,0.084355739713,0.33453115615679024,33.453115615679025,0.2699630334756558,26.996303347565583,0.0915644260287,9.156442602870001,0.032365871429589015,3.2365871429589013,0.032365871429589015,0.04045733928698627,scenario,cyp_cystitis,
6.25,ganglia,16.424470712178756,0.916094573098,0.083905426902,0.3316069524740343,33.16069524740343,0.2666638835158159,26.66638835158159,0.09160945730980001,9.160945730980002,0.03180420689501502,3.1804206895015024,0.031804206895015015,0.03975525861876877,scenario,cyp_cystitis,
6.333333333333,ganglia,16.127647253856058,0.916576102541,0.083423897459,0.32868864767874273,32.86886476787427,0.26336781936071413,26.336781936071414,0.0916576102541,9.165761025410001,0.031247400405046925,3.1247400405046926,0.03124740040504692,0.03905925050630865,scenario,cyp_cystitis,
6.416666666667,ganglia,15.834629586912904,0.917087066957,0.082912933043,0.3257849547246583,32.57849547246583,0.26008472003217586,26.008472003217587,0.09170870669570001,9.170870669570002,0.030697104611982877,3.0697104611982877,0.030697104611982873,0.03837138076497859,scenario,cyp_cystitis,
6.5,ganglia,15.54622709966135,0.91762573186,0.08237426814,0.32290439664331155,32.29043966433115,0.2568242482859017,25.68242482859017,0.09176257318600001,9.176257318600001,0.030154865427142533,3.015486542714253,0.03015486542714253,0.03769358178392816,scenario,cyp_cystitis,
6.583333333333,ganglia,15.263186045362307,0.918190362763,0.081809637237,0.32005523113422985,32.00552311342298,0.25359577206436645,25.359577206436647,0.0918190362763,9.18190362763,0.02962211634506056,2.962211634506056,0.029622116345060564,0.0370276454313257,scenario,cyp_cystitis,
6.666666666667,ganglia,14.986187647237514,0.918779225183,0.081220774817,0.317245394200089,31.724539420008902,0.2504083018686544,25.040830186865442,0.09187792251830001,9.187792251830002,0.029100173959428526,2.9100173959428526,0.029100173959428533,0.036375217449285666,scenario,cyp_cystitis,
6.75,ganglia,14.71584684876888,0.919390584634,0.080609415366,0.3144824464431586,31.44824464431586,0.24727043108862068,24.72704310886207,0.0919390584634,9.19390584634,0.02859023466804707,2.859023466804707,0.028590234668047068,0.03573779333505883,scenario,cyp_cystitis,
6.833333333333,ganglia,14.452711688660354,0.92002270663,0.07997729337,0.3117735228601983,31.177352286019833,0.24419028021910924,24.419028021910925,0.092002270663,9.2002270663,0.02809337254967554,2.809337254967554,0.028093372549675536,0.03511671568709442,scenario,cyp_cystitis,
6.916666666667,ganglia,14.197263273628955,0.920673856686,0.079326143314,0.30912528691120156,30.912528691120155,0.2411754458251128,24.11754458251128,0.09206738566860001,9.20673856686,0.027610538382180985,2.7610538382180985,0.027610538382180992,0.03451317297772624,scenario,cyp_cystitis,
7.0,ganglia,13.949916316499849,0.921342175786,0.078657824214,0.3065438481349908,30.65438481349908,0.2382329228404342,23.823292284043422,0.0921342175786,9.21342175786,0.02714255975850618,2.714255975850618,0.02714255975850618,0.033928199698132724,scenario,cyp_cystitis,
7.083333333333,ganglia,13.711020202231445,0.922024875699,0.077975124301,0.30403446329970274,30.403446329970272,0.23536886192200301,23.536886192200303,0.09220248756990002,9.220248756990001,0.026690142245408437,2.6690142245408435,0.02669014224540844,0.03336267780676055,scenario,cyp_cystitis,
7.166666666667,ganglia,13.480860540498945,0.922719768005,0.077280231995,0.3016020202263272,30.16020202263272,0.23258893713980797,23.258893713980797,0.0922719768005,9.22719768005,0.02625387151978509,2.6253871519785092,0.02625387151978509,0.03281733939973137,scenario,cyp_cystitis,
7.25,ganglia,13.259661160095153,0.923424852836,0.076575147164,0.2992508724163956,29.92508724163956,0.2298982079253284,22.98982079253284,0.0923424852836,9.23424852836,0.025834216408367267,2.5834216408367268,0.025834216408367267,0.03229277051045908,scenario,cyp_cystitis,
7.333333333333,ganglia,13.047586497927075,0.924138130323,0.075861869677,0.2969847593976698,29.69847593976698,0.2273010515170775,22.73010515170775,0.09241381303230001,9.24138130323,0.025431532749213687,2.5431532749213686,0.02543153274921369,0.031789415936517115,scenario,cyp_cystitis,
7.416666666667,ganglia,12.844744333757726,0.924857600598,0.075142399402,0.2948067972249403,29.48067972249403,0.22480115240571144,22.480115240571145,0.09248576005980001,9.24857600598,0.02504606798777762,2.504606798777762,0.02504606798777762,0.031307584984722026,scenario,cyp_cystitis,
7.5,ganglia,12.65118882082732,0.925581263791,0.074418736209,0.2927194758099623,29.271947580996233,0.22240149936762482,22.24014993676248,0.0925581263791,9.255812637910001,0.024677966415969706,2.4677966415969705,0.024677966415969706,0.03084745801996213,scenario,cyp_cystitis,
7.583333333333,ganglia,12.466923762286005,0.926307120036,0.073692879964,0.29072466293630717,29.07246629363072,0.22010438992523018,22.010438992523017,0.09263071200360001,9.26307120036,0.024327274960030277,2.432727496003028,0.024327274960030277,0.030409093700037845,scenario,cyp_cystitis,
7.666666666667,ganglia,12.291906083908007,0.927033169463,0.072966830537,0.2888236146780375,28.88236146780375,0.2179114419241528,21.79114419241528,0.0927033169463,9.27033169463,0.023993949422060012,2.3993949422060012,0.023993949422060016,0.02999243677757502,scenario,cyp_cystitis,
7.75,ganglia,12.126049454594236,0.9277574126,0.0722425874,0.2870169919645688,28.701699196456882,0.21582361189396534,21.582361189396533,0.09277574126,9.277574126000001,0.023677861080310753,2.3677861080310754,0.02367786108031075,0.029597326350388437,scenario,cyp_cystitis,
7.833333333333,ganglia,11.969228007854973,0.92847922248,0.07152077752,0.2853053041714986,28.53053041714986,0.21384153547055396,21.384153547055394,0.09284792224800001,9.2847922248,0.023378803555106117,2.337880355510612,0.023378803555106114,0.029223504443882643,scenario,cyp_cystitis,
7.916666666667,ganglia,11.821280119700983,0.929198234792,0.070801765208,0.2836885836362613,28.36885836362613,0.21196528906340142,21.19652890634014,0.09291982347920001,9.291982347920001,0.02309649985037025,2.309649985037025,0.02309649985037025,0.028870624812962813,scenario,cyp_cystitis,
8.0,ganglia,11.682012200931444,0.929912974892,0.070087025108,0.2821659992912965,28.21659992912965,0.21019411311344055,21.019411311344054,0.0929912974892,9.29912974892,0.022830609484751744,2.2830609484751743,0.022830609484751744,0.02853826185593968,scenario,cyp_cystitis,
8.083333333333,ganglia,11.55120246479946,0.930621968134,0.069378031866,0.28073623800577785,28.073623800577785,0.20852671243597543,20.85267124359754,0.0930621968134,9.30621968134,0.022580735631433323,2.2580735631433324,0.022580735631433323,0.028225919539291655,scenario,cyp_cystitis,
8.166666666667,ganglia,11.428604634359198,0.931323739871,0.068676260129,0.279397542889246,27.9397542889246,0.20696129878016226,20.696129878016226,0.0931323739871,9.313237398710001,0.022346432191703406,2.2346432191703407,0.022346432191703403,0.027933040239629253,scenario,cyp_cystitis,
8.25,ganglia,11.313951557247922,0.932016815459,0.067983184541,0.27814775376548856,27.814775376548855,0.20549563579954283,20.549563579954285,0.0932016815459,9.32016815459,0.022127210733816998,2.2127210733817,0.022127210733817,0.027659013417271252,scenario,cyp_cystitis,
8.333333333333,ganglia,11.206958699314848,0.932699720252,0.067300279748,0.27698434910028064,27.698434910028062,0.2041270856389785,20.412708563897848,0.0932699720252,9.32699720252,0.021922547235720694,2.1922547235720695,0.021922547235720694,0.027403184044650867,scenario,cyp_cystitis,
8.416666666667,ganglia,11.107327492282728,0.933370979604,0.066629020396,0.2759044887017346,27.59044887017346,0.20285265637926067,20.285265637926067,0.0933370979604,9.33370979604,0.021731888577649943,2.1731888577649943,0.021731888577649947,0.027164860722062433,scenario,cyp_cystitis,
8.5,ganglia,11.014748514345273,0.93402911887,0.06597088113,0.27490505654389275,27.490505654389274,0.20166904961876972,20.166904961876973,0.093402911887,9.3402911887,0.021554658738065884,2.1554658738065884,0.021554658738065884,0.026943323422582356,scenario,cyp_cystitis,
8.583333333333,ganglia,10.928904486333725,0.934673381942,0.065326618058,0.27398291374351014,27.398291374351015,0.20057286172145572,20.057286172145574,0.0934673381942,9.34673381942,0.021390264653985826,2.1390264653985827,0.021390264653985826,0.026737830817482284,scenario,cyp_cystitis,
8.666666666667,ganglia,10.84947306975132,0.935305638471,0.064694361529,0.2731354928970477,27.31354928970477,0.19956103227771965,19.956103227771965,0.09353056384710001,9.353056384710001,0.021238101714298796,2.12381017142988,0.021238101714298793,0.02654762714287349,scenario,cyp_cystitis,
8.75,ganglia,10.776129456441343,0.935925544441,0.064074455559,0.2723594168026173,27.235941680261732,0.19862984706501924,19.862984706501923,0.0935925544441,9.35925544441,0.02109755886186205,2.109755886186205,0.02109755886186205,0.02637194857732756,scenario,cyp_cystitis,
8.833333333333,ganglia,10.708548742985961,0.936532448646,0.063467551354,0.27165110246234486,27.165110246234487,0.19777539733082763,19.777539733082765,0.09365324486460001,9.36532448646,0.02096802328714305,2.096802328714305,0.020968023287143048,0.02621002910892881,scenario,cyp_cystitis,
8.916666666667,ganglia,10.646408086074203,0.937125699877,0.062874300123,0.27100688769516956,27.100688769516957,0.19699368634163286,19.699368634163285,0.0937125699877,9.37125699877,0.02084888470277784,2.084888470277784,0.02084888470277784,0.026061105878472303,scenario,cyp_cystitis,
9.0,ganglia,10.589388637931073,0.937704646927,0.062295353073,0.27042306479573675,27.042306479573675,0.1962806667811519,19.628066678115193,0.0937704646927,9.37704646927,0.020739539194458693,2.073953919445869,0.020739539194458693,0.02592442399307337,scenario,cyp_cystitis,
9.083333333333,ganglia,10.53717726352886,0.938268638588,0.061731361412,0.2698959114561997,26.98959114561997,0.19563227510822184,19.563227510822184,0.09382686385880001,9.382686385880001,0.02063939264914646,2.0639392649146457,0.02063939264914646,0.025799240811433075,scenario,cyp_cystitis,
9.166666666667,ganglia,10.489468043672368,0.938817023652,0.061182976348,0.2694217188284688,26.942171882846882,0.19504446273696538,19.504446273696537,0.0938817023652,9.38817023652,0.02054786376665266,2.054786376665266,0.020547863766652665,0.02568482970831583,scenario,cyp_cystitis,
9.25,ganglia,10.445963570099945,0.939349150913,0.060650849087,0.2689968166598077,26.89968166598077,0.19451322396500853,19.451322396500853,0.0939349150913,9.39349150913,0.020464386665025303,2.0464386665025303,0.020464386665025303,0.025580483331281628,scenario,cyp_cystitis,
9.333333333333,ganglia,10.406376040533988,0.939864414789,0.060135585211,0.2686176085279094,26.86176085279094,0.19403463005445484,19.403463005445484,0.0939864414789,9.39864414789,0.020388413094015824,2.0388413094015823,0.020388413094015824,0.025485516367519778,scenario,cyp_cystitis,
9.416666666667,ganglia,10.370428163133576,0.940364237779,0.059635762221,0.2682811566027852,26.828115660278517,0.19360525869431688,19.36052586943169,0.0940364237779,9.40364237779,0.020319414274172637,2.0319414274172636,0.020319414274172637,0.025399267842715796,scenario,cyp_cystitis,
9.5,ganglia,10.337853881014372,0.940849545959,0.059150454041,0.26798447438512496,26.798447438512497,0.19322168865469438,19.32216886546944,0.09408495459590001,9.40849545959,0.020256882381734218,2.0256882381734216,0.020256882381734218,0.025321102977167772,scenario,cyp_cystitis,
9.583333333333,ganglia,10.308398928466579,0.941320316224,0.058679683776,0.26772441363428295,26.772441363428296,0.19288042445764772,19.288042445764773,0.09413203162240001,9.41320316224,0.020200331701598306,2.0200331701598304,0.02020033170159831,0.025250414626997886,scenario,cyp_cystitis,
9.666666666667,ganglia,10.281821231221809,0.941776525467,0.058223474533,0.2674979475112794,26.749794751127943,0.19257810551619936,19.257810551619936,0.0941776525467,9.41776525467,0.020149299472228016,2.0149299472228015,0.02014929947222802,0.025186624340285024,scenario,cyp_cystitis,
9.75,ganglia,10.257891163579803,0.942218150583,0.057781849417,0.267302179465442,26.7302179465442,0.19231151600793556,19.231151600793556,0.0942218150583,9.42218150583,0.020103346447397325,2.0103346447397326,0.020103346447397325,0.025129183059246656,scenario,cyp_cystitis,
9.833333333333,ganglia,10.236391675462642,0.942645168465,0.057354831535,0.2671343498542905,26.713434985429053,0.19207759223087836,19.207759223087837,0.0942645168465,9.42645168465,0.02006205720028988,2.006205720028988,0.02006205720028988,0.02507757150036235,scenario,cyp_cystitis,
9.916666666667,ganglia,10.217118302527085,0.943057556009,0.056942443991,0.26699184049350966,26.699184049350965,0.1918734276584552,19.187342765845518,0.0943057556009,9.43057556009,0.020025040195670127,2.0025040195670125,0.020025040195670127,0.02503130024458766,scenario,cyp_cystitis,
10.0,ganglia,10.199879072334076,0.943455290108,0.056544709892,0.26687217732902324,26.687217732902326,0.19169627590913696,19.169627590913695,0.09434552901080001,9.434552901080002,0.019991927655647244,1.9991927655647244,0.019991927655647244,0.024989909569559057,scenario,cyp_cystitis,
10.083333333333,ganglia,10.184494319297936,0.943838347656,0.056161652344,0.2667730314364035,26.67730314364035,0.19154355185644836,19.154355185644835,0.09438383476560001,9.438383476560002,0.019962375244050423,1.9962375244050423,0.019962375244050423,0.02495296905506303,scenario,cyp_cystitis,
10.166666666667,ganglia,10.170796420730332,0.944207122205,0.055792877795,0.26669233622614136,26.669233622614136,0.1914129155618237,19.14129155618237,0.09442071222050001,9.442071222050002,0.019936061593660147,1.9936061593660146,0.019936061593660147,0.024920076992075185,scenario,cyp_cystitis,
10.25,ganglia,10.158629465761353,0.944562751001,0.055437248999,0.26662837762966307,26.66283776296631,0.19130233614395895,19.130233614395895,0.0944562751001,9.44562751001,0.01991268769950923,1.991268769950923,0.019912687699509227,0.024890859624386533,scenario,cyp_cystitis,
10.333333333333,ganglia,10.14784886830337,0.944905549115,0.055094450885,0.2665793489728309,26.65793489728309,0.19120977117925655,19.120977117925655,0.0944905549115,9.44905549115,0.01989197620026244,1.989197620026244,0.01989197620026244,0.02486497025032805,scenario,cyp_cystitis,
10.416666666667,ganglia,10.138320934536658,0.945235789737,0.054764210263,0.26654356797390066,26.654356797390065,0.19113332111133405,19.113332111133406,0.0945235789737,9.45235789737,0.01987367056833524,1.987367056833524,0.019873670568335236,0.024842088210419045,scenario,cyp_cystitis,
10.5,ganglia,10.129922394646735,0.945553746062,0.054446253938,0.26651948404472925,26.651948404472925,0.19107123270947696,19.107123270947696,0.0945553746062,9.45553746062,0.019857534227937377,1.9857534227937377,0.019857534227937377,0.02482191778492172,scenario,cyp_cystitis,
10.583333333333,ganglia,10.122539907764093,0.945859691281,0.054140308719,0.2665056731331401,26.65056731331401,0.19102189333893344,19.102189333893342,0.09458596912810001,9.45859691281,0.019843349618690366,1.9843349618690367,0.019843349618690366,0.024804187023362956,scenario,cyp_cystitis,
10.666666666667,ganglia,10.116069548258643,0.946153898587,0.053846101413,0.2665008320923727,26.65008320923727,0.19098382470408073,19.098382470408072,0.09461538985870001,9.461538985870002,0.01983091722089267,1.983091722089267,0.01983091722089267,0.024788646526115836,scenario,cyp_cystitis,
10.75,ganglia,10.110416280730691,0.946436641172,0.053563358828,0.2665037726978294,26.650377269782936,0.1909556762006993,19.095567620069932,0.0946436641172,9.46436641172,0.01982005455690713,1.9820054556907132,0.01982005455690713,0.024775068196133915,scenario,cyp_cystitis,
10.833333333333,ganglia,10.10549343024018,0.946708192229,0.053291807771,0.26651341542884205,26.651341542884204,0.1909362180066023,19.09362180066023,0.09467081922290001,9.467081922290001,0.019810595181567407,1.9810595181567408,0.019810595181567407,0.02476324397695926,scenario,cyp_cystitis,
10.916666666667,ganglia,10.101222153534076,0.946968840643,0.053031159357,0.2665287875305776,26.652878753057763,0.19092433718475293,19.092433718475295,0.0946968840643,9.46968840643,0.01980238767295824,1.980238767295824,0.019802387672958242,0.024752984591197805,scenario,cyp_cystitis,
11.0,ganglia,10.097530916272119,0.947219083576,0.052780916424,0.26654907080177653,26.654907080177654,0.19091906938241834,19.091906938241834,0.09472190835760001,9.472190835760001,0.019795294633428714,1.9795294633428713,0.019795294633428717,0.024744118291785897,scenario,cyp_cystitis,
11.083333333333,ganglia,10.094354980528523,0.947459313135,0.052540686865,0.2665735070173676,26.65735070173676,0.19091952855985284,19.091952855985284,0.09474593131350001,9.474593131350002,0.019789191709274744,1.9789191709274745,0.01978919170927474,0.024736489636593424,scenario,cyp_cystitis,
11.166666666667,ganglia,10.091635906165099,0.947689861859,0.052310138141,0.2666014044799304,26.66014044799304,0.19092490921558936,19.092490921558934,0.0947689861859,9.47689861859,0.019783966636185982,1.9783966636185983,0.019783966636185982,0.024729958295232477,scenario,cyp_cystitis,
11.25,ganglia,10.089321069031179,0.947911062287,0.052088937713,0.26663214865783513,26.663214865783512,0.19093449158792794,19.093449158792794,0.0947911062287,9.47911062287,0.019779518316294598,1.9779518316294598,0.0197795183162946,0.02472439789536825,scenario,cyp_cystitis,
11.333333333333,ganglia,10.087363198355543,0.94812324696,0.05187675304,0.26666519624591034,26.666519624591032,0.19094763505545592,19.094763505545593,0.09481232469600001,9.481232469600002,0.01977575593150484,1.9775755931504841,0.01977575593150484,0.02471969491438105,scenario,cyp_cystitis,
11.416666666667,ganglia,10.085719935155696,0.948326748415,0.051673251585,0.26670006945062436,26.670006945062436,0.19096377178791596,19.096377178791595,0.0948326748415,9.48326748415,0.0197725980967235,1.97725980967235,0.0197725980967235,0.024715747620904373,scenario,cyp_cystitis,
11.5,ganglia,10.084353412999194,0.948521899194,0.051478100806,0.2667363505335807,26.67363505335807,0.190982400682423,19.0982400682423,0.0948521899194,9.48521899194,0.019769972055649808,1.9769972055649807,0.019769972055649808,0.02471246506956226,scenario,cyp_cystitis,
11.583333333333,ganglia,10.083229862013553,0.948709031834,0.051290968166,0.2667736766238461,26.67736766238461,0.19100308160049567,19.10030816004957,0.09487090318340001,9.487090318340002,0.019767812920925165,1.9767812920925165,0.019767812920925165,0.024709766151156456,scenario,cyp_cystitis,
11.666666666667,ganglia,10.082319236653213,0.948888478876,0.051111521124,0.26681173482346626,26.681173482346626,0.1910254299287403,19.10254299287403,0.0948888478876,9.48888478876,0.019766062959683788,1.9766062959683788,0.019766062959683785,0.02470757869960473,scenario,cyp_cystitis,
11.75,ganglia,10.08159486739188,0.949060446174,0.050939553826,0.26685022198424296,26.685022198424296,0.19104908596315884,19.104908596315884,0.0949060446174,9.49060446174,0.019764670924879844,1.9764670924879844,0.01976467092487984,0.0247058386560998,scenario,cyp_cystitis,
11.833333333333,ganglia,10.081033136215778,0.949225059672,0.050774940328,0.26688885356285197,26.688885356285198,0.1910737195507244,19.10737195507244,0.0949225059672,9.49225059672,0.019763591432194392,1.9763591432194392,0.019763591432194392,0.02470448929024299,scenario,cyp_cystitis,
11.916666666667,ganglia,10.08061317554471,0.949382604241,0.050617395759,0.2669274267679407,26.69274267679407,0.1910990737153785,19.109907371537847,0.0949382604241,9.49382604241,0.01976278438183938,1.9762784381839382,0.01976278438183938,0.024703480477299228,scenario,cyp_cystitis,
12.0,ganglia,10.08031659000002,0.949533365938,0.050466634062,0.2669657724936394,26.69657724936394,0.19112492877759935,19.112492877759934,0.09495333659380001,9.495333659380002,0.01976221442416985,1.9762214424169848,0.01976221442416985,0.024702768030212312,scenario,cyp_cystitis,
12.083333333333,ganglia,10.080127200269255,0.949677630824,0.050322369176,0.2670037515635618,26.70037515635618,0.191151098312402,19.1151098312402,0.09496776308240001,9.496776308240001,0.019761850467684586,1.9761850467684587,0.019761850467684583,0.02470231308460573,scenario,cyp_cystitis,
12.166666666667,ganglia,10.080030808183084,0.949815684956,0.050184315044,0.2670412515818736,26.70412515818736,0.19117742565141507,19.11774256514151,0.09498156849560001,9.49815684956,0.019761665227733066,1.9761665227733065,0.019761665227733066,0.024702081534666333,scenario,cyp_cystitis,
12.25,ganglia,10.08001498201706,0.949947814394,0.050052185606,0.2670781840541528,26.707818405415278,0.19120378068305863,19.12037806830586,0.0949947814394,9.499478143940001,0.01976163481404468,1.976163481404468,0.01976163481404468,0.02470204351755585,scenario,cyp_cystitis,
12.333333333333,ganglia,10.080068860956382,0.950074305196,0.049925694804,0.2671144817577135,26.711448175771352,0.19123005693123724,19.123005693123723,0.0950074305196,9.50074305196,0.019761738355050542,1.9761738355050542,0.01976173835505054,0.024702172943813175,scenario,cyp_cystitis,
12.416666666667,ganglia,10.080182977612399,0.950195443422,0.049804556578,0.2671500963536048,26.71500963536048,0.19125616890156089,19.12561689015609,0.0950195443422,9.50195443422,0.019761957656870627,1.9761957656870628,0.01976195765687063,0.02470244707108829,scenario,cyp_cystitis,
12.5,ganglia,10.08034909745189,0.95031151513,0.04968848487,0.2671849962211955,26.718499622119552,0.19128204967577275,19.128204967577275,0.09503115151300001,9.503115151300001,0.01976227689478392,1.976227689478392,0.019762276894783923,0.024702846118479903,scenario,cyp_cystitis,
12.583333333333,ganglia,10.080560073991519,0.95042280638,0.04957719362,0.26721916450521416,26.721916450521416,0.19130764874134903,19.130764874134904,0.095042280638,9.504228063800001,0.01976268233498106,1.976268233498106,0.019762682334981064,0.02470335291872633,scenario,cyp_cystitis,
12.666666666667,ganglia,10.080809718616942,0.950529603231,0.049470396769,0.26725259735632323,26.725259735632324,0.19133293003691468,19.133293003691467,0.09505296032310001,9.505296032310001,0.019763162084411607,1.9763162084411607,0.019763162084411607,0.024703952605514508,scenario,cyp_cystitis,
12.75,ganglia,10.081092683906714,0.950632156656,0.049367843344,0.26728529248877114,26.728529248877113,0.19135786313685682,19.13578631368568,0.0950632156656,9.50632156656,0.01976370586657657,1.976370586657657,0.01976370586657657,0.024704632333220712,scenario,cyp_cystitis,
12.833333333333,ganglia,10.081404359372652,0.950730276381,0.049269723619,0.2673171335682305,26.73171335682305,0.1913823399223672,19.13823399223672,0.09507302763810001,9.507302763810001,0.01976430482117694,1.976430482117694,0.01976430482117694,0.024705381026471174,scenario,cyp_cystitis,
12.916666666667,ganglia,10.081740778568332,0.950824022787,0.049175977213,0.26734808348857947,26.734808348857946,0.19140631245542164,19.140631245542163,0.0950824022787,9.508240227870001,0.01976495132560512,1.9764951325605118,0.01976495132560512,0.024706189157006397,scenario,cyp_cystitis,
13.0,ganglia,10.08209853656441,0.950913585241,0.049086414759,0.267378149047508,26.7378149047508,0.19142976724823113,19.142976724823114,0.0950913585241,9.509135852410001,0.019765638836356243,1.9765638836356243,0.019765638836356243,0.024707048545445302,scenario,cyp_cystitis,
13.083333333333,ganglia,10.082474716841213,0.95099915311,0.04900084689,0.2674073436891392,26.74073436891392,0.19145269819793242,19.145269819793242,0.09509991531100001,9.5099915311,0.019766361748535338,1.9766361748535337,0.019766361748535338,0.024707952185669173,scenario,cyp_cystitis,
13.166666666667,ganglia,10.082866826704093,0.951080915762,0.048919084238,0.26743568662795464,26.743568662795465,0.1914751056130607,19.14751056130607,0.09510809157620001,9.51080915762,0.01976711527174202,1.976711527174202,0.01976711527174202,0.024708894089677524,scenario,cyp_cystitis,
13.25,ganglia,10.08327274038431,0.951159062564,0.048840937436,0.26746320207576524,26.746320207576524,0.1914969953548503,19.14969953548503,0.0951159062564,9.51159062564,0.019767895320724163,1.9767895320724163,0.019767895320724163,0.024709869150905204,scenario,cyp_cystitis,
13.333333333333,ganglia,10.083690649046268,0.951233782882,0.048766217118,0.2674899185626858,26.748991856268578,0.19151837808276195,19.151837808276195,0.0951233782882,9.51233782882,0.019768698419303444,1.9768698419303443,0.019768698419303444,0.024710873024129304,scenario,cyp_cystitis,
13.416666666667,ganglia,10.08411901697967,0.951305266084,0.048694733916,0.2675158683427024,26.751586834270242,0.19153926859366932,19.153926859366933,0.0951305266084,9.51305266084,0.019769521616186586,1.9769521616186587,0.019769521616186583,0.02471190202023323,scenario,cyp_cystitis,
13.5,ganglia,10.084556543312322,0.951373701536,0.048626298464,0.26754108687208417,26.754108687208415,0.19155968524276018,19.15596852427602,0.0951373701536,9.51373701536,0.019770362411385852,1.9770362411385851,0.01977036241138585,0.024712953014232313,scenario,cyp_cystitis,
13.583333333333,ganglia,10.085002128634754,0.951439278607,0.048560721393,0.26756561235693016,26.756561235693017,0.19157964944025574,19.157964944025572,0.0951439278607,9.51439278607,0.01977121869207887,1.977121869207887,0.01977121869207887,0.02471402336509859,scenario,cyp_cystitis,
13.666666666667,ganglia,10.085454845981033,0.951502186663,0.048497813337,0.267589485356732,26.7589485356732,0.19159918521159108,19.15991852115911,0.09515021866630001,9.51502186663,0.01977208867684006,1.977208867684006,0.01977208867684006,0.024715110846050076,scenario,cyp_cystitis,
13.75,ganglia,10.085913915661191,0.951562615071,0.048437384929,0.2676127484430392,26.761274844303916,0.19161831881771016,19.161831881771015,0.0951562615071,9.51562615071,0.01977297086727398,1.977297086727398,0.01977297086727398,0.024716213584092473,scenario,cyp_cystitis,
13.833333333333,ganglia,10.086378683488832,0.951620602295,0.048379397705,0.26763540346261977,26.763540346261976,0.19163704803679973,19.163704803679973,0.09516206022950001,9.516206022950001,0.01977386400617351,1.9773864006173512,0.01977386400617351,0.02471733000771689,scenario,cyp_cystitis,
13.916666666667,ganglia,10.086848601992582,0.951675944962,0.048324055038,0.267657385701535,26.765738570153502,0.19165532356148338,19.165532356148336,0.0951675944962,9.51675944962,0.019774767041412365,1.9774767041412364,0.019774767041412362,0.02471845880176545,scenario,cyp_cystitis,
14.0,ganglia,10.087323214242305,0.951728739729,0.048271260271,0.2676787160595069,26.76787160595069,0.19167315787400768,19.167315787400767,0.0951728739729,9.51728739729,0.019775679094862584,1.9775679094862584,0.01977567909486258,0.024719598868578226,scenario,cyp_cystitis,
14.083333333333,ganglia,10.08780213996017,0.951779096917,0.048220903083,0.2676994203269174,26.76994203269174,0.1916905673724638,19.16905673724638,0.09517790969170001,9.517790969170001,0.019776599435703097,1.9776599435703097,0.019776599435703097,0.02472074929462887,scenario,cyp_cystitis,
14.166666666667,ganglia,10.088285063622454,0.951827126846,0.048172873154,0.26771952517963443,26.77195251796344,0.19170756943892714,19.170756943892712,0.0951827126846,9.518271268460001,0.019777527457554057,1.9777527457554056,0.019777527457554057,0.02472190932194257,scenario,cyp_cystitis,
14.25,ganglia,10.08877172429117,0.951872939837,0.048127060163,0.2677390580410208,26.773905804102082,0.19172418228591204,19.172418228591205,0.09518729398370002,9.518729398370002,0.019778462658935507,1.9778462658935507,0.019778462658935507,0.024723078323669385,scenario,cyp_cystitis,
14.333333333333,ganglia,10.089261906944703,0.951916646212,0.048083353788,0.26775804696379024,26.775804696379023,0.1917404248251003,19.17404248251003,0.0951916646212,9.519166462120001,0.019779404626606864,1.9779404626606865,0.019779404626606868,0.024724255783258584,scenario,cyp_cystitis,
14.416666666667,ganglia,10.089755435103767,0.951958356291,0.048041643709,0.26777652052865886,26.777652052865886,0.1917563165550654,19.17563165550654,0.0951958356291,9.51958356291,0.019780353021395736,1.9780353021395736,0.019780353021395733,0.024725441276744666,scenario,cyp_cystitis,
14.5,ganglia,10.090252164573831,0.951998180394,0.048001819606,0.2677945077596124,26.779450775961237,0.19177187746690263,19.177187746690265,0.0951998180394,9.51998180394,0.019781307566172322,1.9781307566172321,0.019781307566172322,0.024726634457715405,scenario,cyp_cystitis,
14.583333333333,ganglia,10.090751978147365,0.952036228843,0.047963771157,0.2678120380522508,26.78120380522508,0.19178712796438976,19.178712796438976,0.09520362288430001,9.52036228843,0.019782268035668404,1.9782268035668404,0.019782268035668408,0.02472783504458551,scenario,cyp_cystitis,
14.666666666667,ganglia,10.091254781128884,0.952072611959,0.047927388041,0.26782914111194034,26.782914111194035,0.19180208879560037,19.180208879560038,0.0952072611959,9.52072611959,0.01978323424787759,1.978323424787759,0.01978323424787759,0.024729042809846988,scenario,cyp_cystitis,
14.75,ganglia,10.09176049756372,0.952107440061,0.047892559939,0.2678458469021201,26.78458469021201,0.19181678099557786,19.181678099557786,0.09521074400610001,9.52107440061,0.019784206056807932,1.9784206056807931,0.01978420605680793,0.02473025757100991,scenario,cyp_cystitis,
14.833333333333,ganglia,10.092269067067111,0.952140818476,0.047859181524,0.26786218419725716,26.786218419725717,0.19183122483295237,19.183122483295236,0.0952140818476,9.52140818476,0.01978518334638821,1.978518334638821,0.019785183346388215,0.024731479182985266,scenario,cyp_cystitis,
14.916666666667,ganglia,10.092780442163972,0.952172668496,0.047827331504,0.2678781301755952,26.787813017559518,0.1918454036955502,19.18454036955502,0.09521726684960001,9.52172668496,0.019786166025355705,1.9786166025355705,0.019786166025355708,0.024732707531694636,scenario,cyp_cystitis,
15.0,ganglia,10.093294586062182,0.952202972767,0.047797027233,0.2678936794199863,26.78936794199863,0.19185931349254032,19.18593134925403,0.0952202972767,9.52202972767,0.01978715402297698,1.9787154022976978,0.01978715402297698,0.024733942528721225,scenario,cyp_cystitis,
15.083333333333,ganglia,10.093811470792911,0.95223179859,0.04776820141,0.2679088504504462,26.79088504504462,0.19187296732382914,19.187296732382915,0.095223179859,9.522317985900001,0.019788147285474105,1.9788147285474105,0.019788147285474105,0.024735184106842632,scenario,cyp_cystitis,
15.166666666667,ganglia,10.09433107566089,0.952259213264,0.047740786736,0.2679236618874068,26.79236618874068,0.1918863784011187,19.18863784011187,0.09522592132640001,9.522592132640002,0.019789145773046486,1.9789145773046486,0.019789145773046482,0.024736432216308103,scenario,cyp_cystitis,
15.25,ganglia,10.094853385955812,0.952285284087,0.047714715913,0.2679381324344292,26.79381324344292,0.19189956002858802,19.189956002858803,0.0952285284087,9.52285284087,0.019790149457394525,1.9790149457394526,0.01979014945739452,0.02473768682174315,scenario,cyp_cystitis,
15.333333333333,ganglia,10.095378391883312,0.95231007836,0.04768992164,0.26795228086475803,26.795228086475802,0.19191252558750893,19.191252558750893,0.09523100783600001,9.5231007836,0.019791158319665245,1.9791158319665245,0.019791158319665242,0.024738947899581552,scenario,cyp_cystitis,
15.416666666667,ganglia,10.095906087679934,0.952333663382,0.047666336618,0.2679661260078541,26.79661260078541,0.19192528852183788,19.192528852183788,0.09523336633820001,9.523336633820001,0.019792172348751528,1.9792172348751529,0.019792172348751524,0.024740215435939406,scenario,cyp_cystitis,
15.5,ganglia,10.096436470882061,0.952356106452,0.047643893548,0.2679796867399985,26.79796867399985,0.1919378623275539,19.19378623275539,0.0952356106452,9.52356106452,0.019793191539887182,1.9793191539887183,0.01979319153988718,0.024741489424858973,scenario,cyp_cystitis,
15.583333333333,ganglia,10.096969541723377,0.95237747487,0.04762252513,0.26799298197636967,26.79929819763697,0.19195026054374403,19.195026054374402,0.09523774748700001,9.523774748700001,0.019794215893489044,1.9794215893489044,0.019794215893489044,0.024742769866861303,scenario,cyp_cystitis,
15.666666666667,ganglia,10.097505302639272,0.952397835936,0.047602164064,0.2680060306640177,26.800603066401766,0.1919624967449085,19.19624967449085,0.09523978359360001,9.523978359360001,0.01979524541420459,1.979524541420459,0.019795245414204587,0.024744056767755734,scenario,cyp_cystitis,
15.75,ganglia,10.09804375786008,0.952417256948,0.047582743052,0.26801885177577056,26.801885177577056,0.19197458453441177,19.197458453441175,0.0952417256948,9.52417256948,0.01979628011013026,1.9796280110130258,0.01979628011013026,0.024745350137662825,scenario,cyp_cystitis,
15.833333333333,ganglia,10.098584913078042,0.952435805206,0.047564194794,0.26803146430683555,26.803146430683555,0.19198653754026176,19.198653754026175,0.0952435805206,9.52435805206,0.019797319992171443,1.9797319992171443,0.019797319992171443,0.024746649990214302,scenario,cyp_cystitis,
15.916666666667,ganglia,10.099128775175092,0.952453556517,0.047546443483,0.26804388966462145,26.804388966462145,0.19199837112546825,19.199837112546824,0.0952453556517,9.52453556517,0.019798365073519383,1.9798365073519384,0.019798365073519387,0.024747956341899233,scenario,cyp_cystitis,
16.0,ganglia,10.099675352000878,0.952470581531,0.047529418469,0.26805614782057136,26.805614782057134,0.19201009963052373,19.201009963052375,0.0952470581531,9.52470581531,0.019799415369224586,1.9799415369224587,0.019799415369224586,0.02474926921153073,scenario,cyp_cystitis,
16.083333333333,ganglia,10.100224652192189,0.952486885117,0.047513114883,0.2680682402454819,26.80682402454819,0.1920217241486466,19.20217241486466,0.0952486885117,9.52486885117,0.019800470895849825,1.9800470895849824,0.019800470895849825,0.024750588619812282,scenario,cyp_cystitis,
16.166666666667,ganglia,10.100776685026284,0.952502467277,0.047497532723,0.26808016704906074,26.808016704906073,0.19203324480151193,19.203324480151192,0.09525024672770001,9.525024672770002,0.019801531671188272,1.9801531671188273,0.019801531671188272,0.02475191458898534,scenario,cyp_cystitis,
16.25,ganglia,10.101331460302049,0.952517328008,0.047482671992,0.26809192834655016,26.809192834655015,0.19204466171750018,19.204466171750017,0.09525173280080002,9.52517328008,0.01980259771403512,1.9802597714035122,0.019802597714035124,0.024753247142543906,scenario,cyp_cystitis,
16.333333333333,ganglia,10.101888988243951,0.952531467312,0.047468532688,0.26810352426022865,26.810352426022867,0.19205597503225408,19.20559750322541,0.0952531467312,9.52531467312,0.01980366904400302,1.9803669044003018,0.01980366904400302,0.024754586305003774,scenario,cyp_cystitis,
16.416666666667,ganglia,10.102449279424503,0.952544885189,0.047455114811,0.2681149549163799,26.811495491637988,0.19206718488608873,19.206718488608875,0.0952544885189,9.525448851890001,0.01980474568137306,1.9804745681373062,0.01980474568137306,0.024755932101716324,scenario,cyp_cystitis,
16.5,ganglia,10.103012344701831,0.952557581638,0.047442418362,0.2681262204447197,26.81262204447197,0.19207829142324412,19.20782914232441,0.0952557581638,9.52557581638,0.019805827646974816,1.9805827646974816,0.019805827646974816,0.02475728455871852,scenario,cyp_cystitis,
16.583333333333,ganglia,10.103578195169568,0.95256955666,0.04743044334,0.26813732097855514,26.813732097855514,0.19208929479172793,19.20892947917279,0.09525695566600001,9.525695566600001,0.019806914962090034,1.9806914962090034,0.019806914962090034,0.02475864370261254,scenario,cyp_cystitis,
16.666666666667,ganglia,10.104146842116634,0.952580810254,0.047419189746,0.26814825665310715,26.814825665310714,0.1921001951418968,19.210019514189682,0.09525808102540001,9.525808102540001,0.01980800764837536,1.9808007648375359,0.019808007648375363,0.024760009560469205,scenario,cyp_cystitis,
16.75,ganglia,10.104718296995058,0.95259134242,0.04740865758,0.2681590276059143,26.81590276059143,0.19211099262657147,19.211099262657147,0.095259134242,9.5259134242,0.019809105727800487,1.9809105727800487,0.019809105727800484,0.024761382159750604,scenario,cyp_cystitis,
16.833333333333,ganglia,10.105292571394349,0.952601153159,0.047398846841,0.26816963397648136,26.816963397648134,0.19212168740064595,19.212168740064595,0.0952601153159,9.526011531590001,0.019810209222598907,1.9810209222598907,0.019810209222598903,0.02476276152824863,scenario,cyp_cystitis,
16.916666666667,ganglia,10.105869677021023,0.952610242471,0.047389757529,0.2681800759054348,26.81800759054348,0.19213227962037202,19.2132279620372,0.0952610242471,9.52610242471,0.019811318155228564,1.9811318155228563,0.019811318155228564,0.024764147694035704,scenario,cyp_cystitis,
17.0,ganglia,10.106449625682341,0.952618646165,0.047381353835,0.2681903636158752,26.81903636158752,0.19214277666597246,19.214277666597248,0.0952618646165,9.526186461650001,0.019812432548340614,1.9812432548340615,0.019812432548340617,0.02476554068542577,scenario,cyp_cystitis,
17.083333333333,ganglia,10.10703242927346,0.952626607824,0.047373392176,0.2682005658293741,26.82005658293741,0.1921532278299712,19.21532278299712,0.0952626607824,9.52626607824,0.01981355242475471,1.9813552424754708,0.019813552424754705,0.02476694053094338,scenario,cyp_cystitis,
17.166666666667,ganglia,10.107618099767222,0.95263417324,0.04736582676,0.26821069558921706,26.821069558921707,0.1921636425169078,19.21636425169078,0.09526341732400001,9.5263417324,0.019814677807439382,1.9814677807439383,0.019814677807439385,0.02476834725929923,scenario,cyp_cystitis,
17.25,ganglia,10.108206649206094,0.952641342411,0.047358657589,0.26822075304753357,26.822075304753355,0.19217402089603733,19.217402089603734,0.0952641342411,9.52641342411,0.019815808719496567,1.9815808719496568,0.019815808719496567,0.024769760899370708,scenario,cyp_cystitis,
17.333333333333,ganglia,10.10879808969587,0.952648115339,0.047351884661,0.2682307383583231,26.82307383583231,0.1921843631382479,19.218436313824792,0.0952648115339,9.52648115339,0.019816945184149466,1.9816945184149466,0.019816945184149466,0.02477118148018683,scenario,cyp_cystitis,
17.416666666667,ganglia,10.109392433400695,0.952654492023,0.047345507977,0.2682406516754148,26.824065167541477,0.19219466941457194,19.219466941457195,0.09526544920230001,9.526544920230002,0.019818087224733008,1.9818087224733008,0.019818087224733005,0.024772609030916257,scenario,cyp_cystitis,
17.5,ganglia,10.109989692539136,0.952660472463,0.047339527537,0.26825049315353927,26.825049315353926,0.19220493989693252,19.220493989693253,0.0952660472463,9.52660472463,0.01981923486468629,1.981923486468629,0.019819234864686286,0.024774043580857857,scenario,cyp_cystitis,
17.583333333333,ganglia,10.110589879381203,0.95266605666,0.04733394334,0.26826026294828753,26.826026294828754,0.19221517475809724,19.221517475809723,0.09526660566600001,9.5266605666,0.019820388127546842,1.9820388127546842,0.019820388127546842,0.024775485159433553,scenario,cyp_cystitis,
17.666666666667,ganglia,10.111193006245964,0.952671244613,0.047328755387,0.2682699612152319,26.826996121523187,0.1922253741710354,19.222537417103542,0.0952671244613,9.52671244613,0.01982154703694604,1.982154703694604,0.01982154703694604,0.024776933796182548,scenario,cyp_cystitis,
17.75,ganglia,10.11179908549969,0.952676036322,0.047323963678,0.2682795881107451,26.82795881107451,0.19223553830949455,19.223553830949456,0.0952676036322,9.526760363220001,0.019822711616605548,1.9822711616605548,0.01982271161660555,0.02477838952075694,scenario,cyp_cystitis,
17.833333333333,ganglia,10.1124081295545,0.952680431787,0.047319568213,0.26828914379169894,26.828914379169895,0.1922456673477766,19.22456673477766,0.09526804317870001,9.52680431787,0.019823881890334703,1.9823881890334702,0.019823881890334703,0.02477985236291838,scenario,cyp_cystitis,
17.916666666667,ganglia,10.113020150867243,0.952684431009,0.047315568991,0.2682986284157298,26.829862841572982,0.19225576146092202,19.2255761460922,0.0952684431009,9.52684431009,0.019825057882028364,1.9825057882028363,0.01982505788202836,0.02478132235253545,scenario,cyp_cystitis,
18.0,ganglia,10.113635161938667,0.952688033987,0.047311966013,0.2683080421403815,26.83080421403815,0.19226582082409052,19.226582082409053,0.0952688033987,9.52688033987,0.019826239615665306,1.9826239615665306,0.019826239615665306,0.024782799519581632,scenario,cyp_cystitis,
18.083333333333,ganglia,10.114253175312832,0.952691251271,0.047308748729,0.26831738809525874,26.831738809525874,0.19227584774239861,19.227584774239862,0.09526912512710001,9.52691251271,0.019827427115307106,1.9827427115307106,0.01982742711530711,0.024784283894133886,scenario,cyp_cystitis,
18.166666666667,ganglia,10.114874203576628,0.95269423062,0.04730576938,0.26832670805576553,26.83267080557655,0.19228587221529506,19.228587221529505,0.09526942306200001,9.5269423062,0.019828620405097194,1.9828620405097193,0.019828620405097194,0.024785775506371493,scenario,cyp_cystitis,
18.25,ganglia,10.115498259359406,0.952697019623,0.047302980377,0.2683360155892271,26.83360155892271,0.192295904029919,19.2295904029919,0.0952697019623,9.52697019623,0.019829819509260146,1.9829819509260147,0.019829819509260146,0.024787274386575183,scenario,cyp_cystitis,
18.333333333333,ganglia,10.116125355332771,0.952699618278,0.047300381722,0.2683453108602879,26.83453108602879,0.192305943369431,19.2305943369431,0.09526996182780001,9.526996182780001,0.01983102445210129,1.983102445210129,0.01983102445210129,0.024788780565126612,scenario,cyp_cystitis,
18.416666666667,ganglia,10.116755504210401,0.952702026586,0.047297973414,0.2683545940349319,26.83545940349319,0.1923159904181465,19.23159904181465,0.0952702026586,9.527020265860001,0.01983223525800634,1.9832235258006339,0.01983223525800634,0.024790294072507924,scenario,cyp_cystitis,
18.5,ganglia,10.11738871874788,0.952704244546,0.047295755454,0.2683638652790717,26.83638652790717,0.19232604536052408,19.23260453605241,0.0952704244546,9.527042445460001,0.019833451951441088,1.9833451951441088,0.019833451951441084,0.024791814939301354,scenario,cyp_cystitis,
18.583333333333,ganglia,10.118025011742697,0.95270627216,0.04729372784,0.26837312475995617,26.837312475995617,0.1923361083821735,19.23361083821735,0.095270627216,9.5270627216,0.019834674556951374,1.9834674556951375,0.01983467455695137,0.024793343196189213,scenario,cyp_cystitis,
18.666666666667,ganglia,10.118664396034161,0.952708109426,0.047291890574,0.26838237264419695,26.838237264419696,0.192346179668441,19.2346179668441,0.09527081094260001,9.527081094260001,0.019835903099162954,1.9835903099162955,0.019835903099162954,0.024794878873953693,scenario,cyp_cystitis,
18.75,ganglia,10.119306884503377,0.952709756345,0.047290243655,0.26839160909973914,26.839160909973913,0.19235625940582127,19.23562594058213,0.0952709756345,9.52709756345,0.01983713760278142,1.983713760278142,0.01983713760278142,0.024796422003476773,scenario,cyp_cystitis,
18.833333333333,ganglia,10.119952490073292,0.952711212917,0.047288787083,0.26840083429473477,26.840083429473477,0.19236634778114972,19.236634778114972,0.09527112129170001,9.527112129170002,0.019838378092592295,1.9838378092592295,0.0198383780925923,0.024797972615740373,scenario,cyp_cystitis,
18.916666666667,ganglia,10.120601225708691,0.952712479142,0.047287520858,0.2684100483978237,26.841004839782368,0.1923764449818041,19.23764449818041,0.0952712479142,9.52712479142,0.01983962459346102,1.983962459346102,0.01983962459346102,0.024799530741826274,scenario,cyp_cystitis,
19.0,ganglia,10.121253104416212,0.952713555019,0.047286444981,0.2684192515778514,26.84192515778514,0.19238655119550152,19.238655119550153,0.09527135550190001,9.527135550190001,0.019840877130332977,1.9840877130332977,0.019840877130332977,0.02480109641291622,scenario,cyp_cystitis,
19.083333333333,ganglia,10.121908139244427,0.95271444055,0.04728555945,0.26842844400499644,26.842844400499644,0.19239666661110713,19.239666661110714,0.095271444055,9.5271444055,0.01984213572823365,1.9842135728233652,0.019842135728233654,0.024802669660292067,scenario,cyp_cystitis,
19.166666666667,ganglia,10.122566343283866,0.952715136894,0.047284863106,0.26843762617592204,26.843762617592205,0.19240679165169117,19.240679165169116,0.09527151368940001,9.52715136894,0.01984340041226866,1.9843400412268661,0.019843400412268657,0.024804250515335823,scenario,cyp_cystitis,
19.25,ganglia,10.12322772966705,0.952715695048,0.047284304952,0.26844681263068193,26.844681263068193,0.1924169368065355,19.241693680653547,0.09527156950480001,9.52715695048,0.019844671207623815,1.9844671207623814,0.01984467120762382,0.024805839009529772,scenario,cyp_cystitis,
19.333333333333,ganglia,10.123892311568593,0.952716142326,0.047283857674,0.2684560112383735,26.845601123837348,0.19242710778419275,19.242710778419276,0.0952716142326,9.52716142326,0.019845948139565316,1.9845948139565317,0.019845948139565316,0.024807435174456646,scenario,cyp_cystitis,
19.416666666667,ganglia,10.124560102205232,0.952716478727,0.047283521273,0.2684652221725696,26.846522217256958,0.19243730477763285,19.243730477763286,0.09527164787270001,9.527164787270001,0.01984723123343981,1.9847231233439808,0.019847231233439813,0.024809039041799767,scenario,cyp_cystitis,
19.5,ganglia,10.12523111483587,0.952716704251,0.047283295749,0.26847444560763445,26.847444560763446,0.19244752798059384,19.244752798059384,0.0952716704251,9.52716704251,0.01984852051467446,1.9848520514674461,0.01984852051467446,0.024810650643343077,scenario,cyp_cystitis,
19.583333333333,ganglia,10.125905362761683,0.952716818899,0.047283181101,0.26848368171872494,26.848368171872494,0.19245777758758326,19.245777758758326,0.0952716818899,9.52716818899,0.01984981600877715,1.9849816008777148,0.019849816008777145,0.02481227001097143,scenario,cyp_cystitis,
19.666666666667,ganglia,10.126582859326158,0.95271682267,0.04728317733,0.26849293068094493,26.849293068094493,0.19246805379327217,19.246805379327217,0.095271682267,9.5271682267,0.019851117741336546,1.9851117741336546,0.01985111774133655,0.024813897176670686,scenario,cyp_cystitis,
19.75,ganglia,10.127263617915132,0.952716715564,0.047283284436,0.2685021926701908,26.85021926701908,0.1924783567931009,19.24783567931009,0.0952716715564,9.527167155639999,0.019852425738022195,1.9852425738022195,0.019852425738022192,0.02481553217252774,scenario,cyp_cystitis,
19.833333333333,ganglia,10.12794765195691,0.952716497581,0.047283502419,0.2685114678628709,26.85114678628709,0.19248868678307873,19.248868678307872,0.0952716497581,9.52716497581,0.01985374002458471,1.9853740024584712,0.01985374002458471,0.024817175030730887,scenario,cyp_cystitis,
19.916666666667,ganglia,10.128634974922297,0.952716168722,0.047283831278,0.2685207564361868,26.85207564361868,0.19249904395998527,19.249904395998527,0.09527161687220001,9.527161687220001,0.019855060626855846,1.9855060626855845,0.019855060626855842,0.024818825783569802,scenario,cyp_cystitis,
20.0,ganglia,10.129325600324645,0.952715728985,0.047284271015,0.2685300585670065,26.85300585670065,0.1925094285205628,19.25094285205628,0.09527157289850001,9.52715728985,0.019856387570748587,1.9856387570748586,0.019856387570748583,0.02482048446343573,scenario,cyp_cystitis,
20.083333333333,ganglia,10.130019541719962,0.952715178372,0.047284821628,0.2685393744338386,26.853937443383856,0.1925198406629317,19.251984066293172,0.0952715178372,9.52715178372,0.01985772088225735,1.985772088225735,0.01985772088225735,0.024822151102821686,scenario,cyp_cystitis,
20.166666666667,ganglia,10.130716812706952,0.952714516882,0.047285483118,0.2685487042148582,26.85487042148582,0.1925302805851758,19.25302805851758,0.0952714516882,9.52714516882,0.01985906058745805,1.9859060587458048,0.01985906058745805,0.024823825734322562,scenario,cyp_cystitis,
20.25,ganglia,10.13141742692706,0.952713744525,0.047286255475,0.2685580480918547,26.855804809185468,0.19254074848817188,19.254074848817186,0.0952713744525,9.52713744525,0.019860406712508192,1.9860406712508192,0.019860406712508192,0.02482550839063524,scenario,cyp_cystitis,
20.333333333333,ganglia,10.132121398064578,0.952712879879,0.047287120121,0.2685674114814047,26.856741148140472,0.19255124832611636,19.255124832611635,0.09527128798790001,9.52712879879,0.01986175928364706,1.986175928364706,0.01986175928364706,0.024827199104558825,scenario,cyp_cystitis,
20.416666666667,ganglia,10.132828739846687,0.952711939905,0.047288060095,0.2685767993455071,26.85767993455071,0.19256178372778565,19.256178372778564,0.0952711939905,9.527119399050001,0.019863118327195804,1.9863118327195803,0.019863118327195804,0.024828897908994757,scenario,cyp_cystitis,
20.5,ganglia,10.133539466043498,0.952710924602,0.047289075398,0.26858621186547993,26.858621186547992,0.19257235489475547,19.257235489475548,0.0952710924602,9.52710924602,0.019864483869557505,1.9864483869557505,0.019864483869557505,0.02483060483694688,scenario,cyp_cystitis,
20.583333333333,ganglia,10.134253590468164,0.952709833971,0.047290166029,0.26859564922373047,26.859564922373046,0.19258296202958938,19.258296202958938,0.0952709833971,9.52709833971,0.019865855937217392,1.9865855937217392,0.019865855937217392,0.02483231992152174,scenario,cyp_cystitis,
20.666666666667,ganglia,10.134971126976916,0.952708668011,0.047291331989,0.2686051116026271,26.86051116026271,0.1925936053350301,19.25936053350301,0.0952708668011,9.527086680110001,0.0198672345567429,1.9867234556742899,0.0198672345567429,0.024834043195928624,scenario,cyp_cystitis,
20.75,ganglia,10.135692089469103,0.952707426723,0.047292573277,0.26861459918562747,26.861459918562748,0.1926042850148083,19.26042850148083,0.09527074267230001,9.52707426723,0.019868619754783743,1.9868619754783743,0.019868619754783743,0.024835774693479678,scenario,cyp_cystitis,
20.833333333333,ganglia,10.136416491887303,0.952706110106,0.047293889894,0.2686241121561515,26.86241121561515,0.192615001272835,19.2615001272835,0.09527061101060001,9.527061101060001,0.019870011558072137,1.9870011558072136,0.019870011558072137,0.02483751444759017,scenario,cyp_cystitis,
20.916666666667,ganglia,10.137144348217362,0.952704718161,0.047295281839,0.2686336506987094,26.86336506987094,0.19262575431401047,19.262575431401046,0.0952704718161,9.52704718161,0.01987140999342285,1.987140999342285,0.01987140999342285,0.024839262491778563,scenario,cyp_cystitis,
21.0,ganglia,10.137875672488427,0.952703250887,0.047296749113,0.2686432149977737,26.864321499777372,0.19263654434341523,19.26365443434152,0.09527032508870001,9.52703250887,0.01987281508773327,1.987281508773327,0.019872815087733267,0.024841018859666584,scenario,cyp_cystitis,
21.083333333333,ganglia,10.138610478773067,0.952701708285,0.047298291715,0.2686528052389082,26.86528052389082,0.19264737156712022,19.264737156712023,0.0952701708285,9.527017082850001,0.01987422686798363,1.987422686798363,0.01987422686798363,0.024842783584979537,scenario,cyp_cystitis,
21.166666666667,ganglia,10.1393487811873,0.952700090354,0.047299909646,0.2686624216076402,26.86624216076402,0.19265823619137795,19.265823619137795,0.0952700090354,9.527000903540001,0.01987564536123706,1.9875645361237058,0.019875645361237062,0.024844556701546328,scenario,cyp_cystitis,
21.25,ganglia,10.140090593890625,0.952698397095,0.047301602905,0.26867206429058793,26.867206429058793,0.19266913842343103,19.266913842343104,0.09526983970950001,9.52698397095,0.019877070594639636,1.9877070594639636,0.01987707059463964,0.02484633824329955,scenario,cyp_cystitis,
21.333333333333,ganglia,10.140835931086148,0.952696628508,0.047303371492,0.26868173347461644,26.868173347461642,0.19268007847090712,19.26800784709071,0.0952696628508,9.52696628508,0.019878502595420636,1.9878502595420635,0.019878502595420636,0.024848128244275795,scenario,cyp_cystitis,
21.416666666667,ganglia,10.141584807020607,0.952694793732,0.047305206268,0.26869143192461886,26.869143192461888,0.1926910583904654,19.269105839046542,0.0952694793732,9.526947937320001,0.019879941390892542,1.9879941390892542,0.01987994139089254,0.024849926738615673,scenario,cyp_cystitis,
21.5,ganglia,10.142337235984405,0.952692907298,0.047307092702,0.2687011639271911,26.870116392719112,0.19270208133043457,19.270208133043457,0.0952692907298,9.52692907298,0.019881387008451146,1.9881387008451146,0.019881387008451146,0.024851733760563932,scenario,cyp_cystitis,
21.583333333333,ganglia,10.143093232311724,0.95269096939,0.04730903061,0.26871092972345173,26.871092972345174,0.1927131475382797,19.27131475382797,0.095269096939,9.5269096939,0.01988283947557574,1.9882839475575742,0.01988283947557574,0.024853549344469678,scenario,cyp_cystitis,
21.666666666667,ganglia,10.143852810380562,0.952688980009,0.047311019991,0.268720729503446,26.8720729503446,0.1927242572250511,19.27242572250511,0.0952688980009,9.52688980009,0.019884298819829182,1.9884298819829183,0.019884298819829182,0.024855373524786478,scenario,cyp_cystitis,
21.75,ganglia,10.144615984612756,0.952686939154,0.047313060846,0.2687305634571913,26.87305634571913,0.19273541060199034,19.273541060199033,0.09526869391540001,9.52686939154,0.01988576506885793,1.988576506885793,0.01988576506885793,0.024857206336072413,scenario,cyp_cystitis,
21.833333333333,ganglia,10.145382769474107,0.952684846826,0.047315153174,0.2687404317758069,26.874043177580692,0.192746607881341,19.2746607881341,0.0952684846826,9.52684846826,0.019887238250392302,1.9887238250392303,0.019887238250392302,0.02485904781299038,scenario,cyp_cystitis,
21.916666666667,ganglia,10.146153179474396,0.952682703024,0.047317296976,0.26875033465038517,26.875033465038516,0.19275784927553907,19.275784927553907,0.09526827030240001,9.526827030240002,0.019888718392246468,1.9888718392246467,0.019888718392246468,0.024860897990308085,scenario,cyp_cystitis,
22.0,ganglia,10.14692722916743,0.952680507749,0.047319492251,0.26876027227312016,26.876027227312015,0.1927691349980224,19.27691349980224,0.09526805077490001,9.526805077490001,0.019890205522318558,1.9890205522318558,0.019890205522318558,0.024862756902898197,scenario,cyp_cystitis,
22.083333333333,ganglia,10.14770493315114,0.952678261001,0.047321738999,0.2687702448364622,26.877024483646224,0.19278046526262468,19.278046526262468,0.0952678261001,9.52678261001,0.019891699668590838,1.9891699668590839,0.01989169966859084,0.02486462458573855,scenario,cyp_cystitis,
22.166666666667,ganglia,10.14848630606762,0.952675962779,0.047324037221,0.26878025253311805,26.878025253311804,0.1927918402835756,19.27918402835756,0.0952675962779,9.52675962779,0.019893200859129774,1.9893200859129774,0.019893200859129778,0.024866501073912223,scenario,cyp_cystitis,
22.25,ganglia,10.149271362603155,0.952673613084,0.047326386916,0.26879029555689676,26.879029555689677,0.19280326027610747,19.280326027610748,0.09526736130840001,9.526736130840002,0.019894709122086095,1.9894709122086094,0.019894709122086095,0.02486838640260762,scenario,cyp_cystitis,
22.333333333333,ganglia,10.15006011748833,0.952671211915,0.047328788085,0.2688003741015825,26.88003741015825,0.1928147254556472,19.28147254556472,0.0952671211915,9.52671211915,0.019896224485694964,1.9896224485694964,0.019896224485694967,0.02487028060711871,scenario,cyp_cystitis,
22.416666666667,ganglia,10.15085258549806,0.952668759273,0.047331240727,0.26881048836206295,26.881048836206293,0.1928262360386255,19.28262360386255,0.0952668759273,9.526687592730001,0.01989774697827608,1.9897746978276079,0.01989774697827608,0.0248721837228451,scenario,cyp_cystitis,
22.5,ganglia,10.151648781451614,0.952666259245,0.047333740755,0.2688206396867407,26.882063968674068,0.19283779306915633,19.283779306915633,0.09526662592450001,9.526662592450002,0.019899276628233674,1.9899276628233673,0.019899276628233677,0.024874095785292098,scenario,cyp_cystitis,
22.583333333333,ganglia,10.152448720212734,0.952663722612,0.047336277388,0.268830831313716,26.8830831313716,0.19284939894723996,19.284939894723998,0.09526637226120001,9.52663722612,0.019900813464056755,1.9900813464056755,0.019900813464056755,0.024876016830070943,scenario,cyp_cystitis,
22.666666666667,ganglia,10.153252416689655,0.952661149946,0.047338850054,0.26884106360114557,26.884106360114558,0.19286105400727285,19.286105400727287,0.09526611499460001,9.526611499460001,0.019902357514319145,1.9902357514319144,0.019902357514319145,0.024877946892898933,scenario,cyp_cystitis,
22.75,ganglia,10.154059885835133,0.952658541249,0.047341458751,0.2688513367468967,26.88513367468967,0.19287275846888524,19.287275846888523,0.0952658541249,9.52658541249,0.019903908807679508,1.990390880767951,0.019903908807679505,0.02487988600959938,scenario,cyp_cystitis,
22.833333333333,ganglia,10.154871142646558,0.952655896519,0.047344103481,0.26886165094825365,26.886165094825365,0.19288451255150404,19.288451255150406,0.0952655896519,9.52655896519,0.01990546737288158,1.990546737288158,0.01990546737288158,0.024881834216101975,scenario,cyp_cystitis,
22.916666666667,ganglia,10.155686202165976,0.952653215757,0.047346784243,0.26887200640389286,26.887200640389285,0.19289631647576988,19.28963164757699,0.0952653215757,9.52653215757,0.0199070332387542,1.9907033238754201,0.019907033238754198,0.02488379154844275,scenario,cyp_cystitis,
23.0,ganglia,10.156505079480116,0.952650498963,0.047349501037,0.2688824033127542,26.88824033127542,0.1929081704627269,19.29081704627269,0.09526504989630001,9.52650498963,0.019908606434211357,1.9908606434211356,0.01990860643421136,0.0248857580427642,scenario,cyp_cystitis,
23.083333333333,ganglia,10.157327789720501,0.952647746136,0.047352253864,0.2688928418740417,26.889284187404172,0.19292007473382417,19.292007473382416,0.0952647746136,9.52647746136,0.019910186988252386,1.9910186988252385,0.01991018698825239,0.024887733735315488,scenario,cyp_cystitis,
23.166666666667,ganglia,10.158154348063466,0.952644957277,0.047355042723,0.26890332228807046,26.890332228807047,0.19293202951152275,19.293202951152274,0.09526449572770002,9.526449572770002,0.01991177492996202,1.991177492996202,0.019911774929962024,0.02488971866245253,scenario,cyp_cystitis,
23.25,ganglia,10.158984769730191,0.952642132386,0.047357867614,0.26891384475541935,26.891384475541933,0.19294403501868812,19.29440350186881,0.09526421323860002,9.526421323860001,0.01991337028851043,1.991337028851043,0.01991337028851043,0.024891712860638036,scenario,cyp_cystitis,
23.333333333333,ganglia,10.159819069986801,0.952639271463,0.047360728537,0.26892440947721447,26.892440947721447,0.19295609147879383,19.295609147879382,0.0952639271463,9.52639271463,0.019914973093153415,1.9914973093153414,0.019914973093153418,0.024893716366441773,scenario,cyp_cystitis,
23.416666666667,ganglia,10.160657264144398,0.952636374507,0.047363625493,0.26893501665484676,26.893501665484678,0.1929681991157186,19.29681991157186,0.0952636374507,9.52636374507,0.01991658337323245,1.991658337323245,0.01991658337323245,0.02489572921654056,scenario,cyp_cystitis,
23.5,ganglia,10.161499367559069,0.952633441519,0.047366558481,0.26894566649081836,26.894566649081835,0.19298035815435374,19.298035815435373,0.0952633441519,9.52633441519,0.019918201158174723,1.9918201158174724,0.019918201158174727,0.024897751447718407,scenario,cyp_cystitis,
23.583333333333,ganglia,10.162345395632011,0.952630474142,0.047369525858,0.2689563596517657,26.895635965176567,0.1929925691528507,19.29925691528507,0.0952630474142,9.526304741419999,0.019919826477493335,1.9919826477493334,0.019919826477493338,0.024899783096866673,scenario,cyp_cystitis,
23.666666666667,ganglia,10.16319536380954,0.952627479596,0.047372520404,0.26896709837957566,26.896709837957566,0.19300483379997296,19.300483379997296,0.0952627479596,9.526274795960001,0.019921459360787333,1.9921459360787332,0.019921459360787337,0.02490182420098417,scenario,cyp_cystitis,
23.75,ganglia,10.164049287583119,0.952624458734,0.047375541266,0.26897788311928467,26.897788311928466,0.1930171524954274,19.301715249542738,0.0952624458734,9.52624458734,0.019923099837741744,1.9923099837741745,0.019923099837741747,0.024903874797177185,scenario,cyp_cystitis,
23.833333333333,ganglia,10.164907182489456,0.952621411554,0.047378588446,0.2689887140750982,26.898871407509823,0.19302952546633137,19.302952546633136,0.0952621411554,9.52621411554,0.019924747938127776,1.9924747938127776,0.01992474793812778,0.024905934922659724,scenario,cyp_cystitis,
23.916666666667,ganglia,10.165769064110538,0.952618338056,0.047381661944,0.2689995914523382,26.899959145233822,0.1930419529408202,19.304195294082017,0.09526183380560001,9.526183380560001,0.019926403691802864,1.9926403691802863,0.019926403691802864,0.02490800461475358,scenario,cyp_cystitis,
24.0,ganglia,10.166634948073634,0.952615238241,0.047384761759,0.26901051545715954,26.901051545715955,0.1930544351478439,19.30544351478439,0.09526152382410001,9.52615238241,0.019928067128710654,1.9928067128710654,0.019928067128710654,0.024910083910888316,scenario,cyp_cystitis,
0.0,brain,2.3516004500665,0.990096918061,0.009903081939,0.28875606609366045,28.875606609366045,0.054975782104547274,5.497578210454727,0.24752422951525,24.752422951525,0.0031256668406895688,0.3125666840689569,0.0031256668406895683,0.002500533472551655,scenario,cyp_cystitis,
0.083333333333,brain,2.357656627499595,0.990094115353,0.009905884647,0.2888555241390984,28.88555241390984,0.055109327067797816,5.510932706779782,0.24752352883825,24.752352883824997,0.003133691279315173,0.31336912793151733,0.003133691279315173,0.002506953023452139,scenario,cyp_cystitis,
0.166666666667,brain,2.363891729580689,0.990091312644,0.009908687356,0.2889579142083697,28.895791420836968,0.055246781396492944,5.5246781396492946,0.247522828161,24.7522828161,0.0031419526582362003,0.31419526582362,0.0031419526582362003,0.0025135621265889602,scenario,cyp_cystitis,
0.25,brain,2.3703080005505575,0.990088509935,0.009911490065,0.2890632708061259,28.90632708061259,0.05538819109650126,5.5388191096501265,0.24752212748375,24.752212748374998,0.003150453939164254,0.3150453939164254,0.003150453939164254,0.0025203631513314034,scenario,cyp_cystitis,
0.333333333333,brain,2.3769075378267432,0.990085707227,0.009914292773,0.28917162588926426,28.917162588926427,0.0555335987766857,5.55335987766857,0.24752142680675,24.752142680675,0.0031591978887353625,0.3159197888735363,0.0031591978887353625,0.00252735831098829,scenario,cyp_cystitis,
0.416666666667,brain,2.3836922822083872,0.990082904518,0.009917095482,0.2892830087050446,28.928300870504458,0.05568304343405945,5.568304343405945,0.2475207261295,24.75207261295,0.0031681870655355703,0.31681870655355704,0.00316818706553557,0.002534549652428456,scenario,cyp_cystitis,
0.5,brain,2.3906640080243307,0.99007893735,0.00992106265,0.2893971052636355,28.939710526363548,0.055836494568180635,5.583649456818064,0.2475197343375,24.75197343375,0.003177423807054089,0.3177423807054089,0.003177423807054089,0.0025419390456432713,scenario,cyp_cystitis,
0.583333333333,brain,2.3978243132491177,0.990073129738,0.009926870262,0.28951374082477677,28.951374082477678,0.05599394452036903,5.599394452036903,0.2475182824345,24.75182824345,0.0031869102165968267,0.31869102165968266,0.0031869102165968262,0.002549528173277461,scenario,cyp_cystitis,
0.666666666667,brain,2.4051746096103477,0.990067322126,0.009932677874,0.2896334732567965,28.96334732567965,0.05615552363372866,5.615552363372866,0.2475168305315,24.75168305315,0.0031966481501915322,0.3196648150191532,0.0031966481501915322,0.002557318520153226,scenario,cyp_cystitis,
0.75,brain,2.4127161127140027,0.990061514514,0.009938485486,0.2897563193341912,28.975631933419123,0.056321254274254974,5.632125427425497,0.2475153786285,24.75153786285,0.0032066392035200128,0.32066392035200125,0.0032066392035200128,0.0025653113628160105,scenario,cyp_cystitis,
0.833333333333,brain,2.4204498322155157,0.990055706903,0.009944293097,0.28988229232186674,28.988229232186676,0.05649115412815563,5.649115412815562,0.24751392672575,24.751392672575,0.0032168846989143627,0.3216884698914363,0.0032168846989143623,0.00257350775913149,scenario,cyp_cystitis,
0.916666666667,brain,2.4283765620628395,0.990049899291,0.009950100709,0.290011401817885,29.0011401817885,0.056665235993513294,5.666523599351329,0.24751247482275,24.751247482274998,0.003227385672452159,0.32273856724521593,0.0032273856724521588,0.002581908537961727,scenario,cyp_cystitis,
1.0,brain,2.4364968708409505,0.990043908901,0.009956091099,0.2901436000364757,29.01436000364757,0.056843497081634276,5.6843497081634276,0.24751097722525,24.751097722525,0.0032381428611897673,0.3238142861189767,0.0032381428611897678,0.0025905142889518142,scenario,cyp_cystitis,
1.083333333333,brain,2.4448110922481963,0.990037325344,0.009962674656,0.29027876838473976,29.027876838473976,0.05702591606498636,5.702591606498636,0.247509331336,24.7509331336,0.0032491566905741708,0.3249156690574171,0.0032491566905741703,0.0025993253524593364,scenario,cyp_cystitis,
1.166666666667,brain,2.453319315732974,0.990030133221,0.009969866779,0.29041689978360885,29.041689978360886,0.05721248863781179,5.721248863781179,0.24750753330525,24.750753330525,0.0032604272620711896,0.32604272620711894,0.0032604272620711896,0.002608341809656952,scenario,cyp_cystitis,
1.25,brain,2.462021377322392,0.990022332533,0.009977667467,0.29055798739345895,29.055798739345896,0.05740320568027859,5.740320568027859,0.24750558313325,24.750558313325,0.003271954341052132,0.3271954341052132,0.003271954341052132,0.0026175634728417057,scenario,cyp_cystitis,
1.333333333333,brain,2.4709168506752754,0.990013923279,0.009986076721,0.29070201996420797,29.070201996420796,0.05759805219261062,5.759805219261062,0.24750348081975,24.750348081974998,0.003283737344981824,0.3283737344981824,0.003283737344981824,0.0026269898759854592,scenario,cyp_cystitis,
1.416666666667,brain,2.480005038389541,0.990004905459,0.009995094541,0.29084898170311235,29.084898170311234,0.057797007117816504,5.779700711781651,0.24750122636475,24.750122636474998,0.0032957753319478806,0.32957753319478805,0.003295775331947881,0.002636620265558305,scenario,cyp_cystitis,
1.5,brain,2.4892849635970196,0.989995279074,0.010004720926,0.29099885214741006,29.099885214741008,0.0580000431718801,5.8000043171880105,0.2474988197685,24.74988197685,0.003308066989575065,0.3308066989575065,0.0033080669895750644,0.0026464535916600517,scenario,cyp_cystitis,
1.583333333333,brain,2.498755361879247,0.989985044123,0.010014955877,0.29115160604236257,29.115160604236255,0.05820712668215006,5.820712668215005,0.24749626103075,24.749626103075002,0.0033206106243691886,0.33206106243691885,0.003320610624369188,0.0026564884994953507,scenario,cyp_cystitis,
1.666666666667,brain,2.508414673534907,0.989974200606,0.010025799394,0.2913072132278448,29.13072132278448,0.05841821743512641,5.841821743512641,0.2474935501515,24.74935501515,0.0033334041515311785,0.33334041515311785,0.003333404151531179,0.0026667233212249435,scenario,cyp_cystitis,
1.75,brain,2.5182610362325386,0.989962748524,0.010037251476,0.29146563853138585,29.146563853138584,0.0586332685338478,5.86332685338478,0.247490687131,24.7490687131,0.0033464450852858287,0.33464450852858285,0.0033464450852858287,0.002677156068228663,scenario,cyp_cystitis,
1.833333333333,brain,2.528292278082242,0.989950687876,0.010049312124,0.291626841668197,29.1626841668197,0.05885222626559599,5.885222626559599,0.247487671969,24.7487671969,0.0033597305297698504,0.33597305297698504,0.0033597305297698504,0.0026877844238158803,scenario,cyp_cystitis,
1.916666666667,brain,2.538505911156729,0.989938014907,0.010061985093,0.2917907760445048,29.17907760445048,0.059075029757006424,5.907502975700642,0.24748450372675,24.748450372675,0.003373257170519352,0.3373257170519352,0.003373257170519352,0.0026986057364154817,scenario,cyp_cystitis,
2.0,brain,2.548899125494862,0.989924711062,0.010075288938,0.29195738541466215,29.195738541466216,0.059301610198882894,5.930161019888289,0.2474811777655,24.74811777655,0.003387021266600522,0.3387021266600522,0.003387021266600522,0.0027096170132804177,scenario,cyp_cystitis,
2.083333333333,brain,2.559468783620552,0.98991077383,0.01008922617,0.2921266128977724,29.21266128977724,0.059531892587029865,5.953189258702986,0.2474776934575,24.74776934575,0.003401018643426919,0.3401018643426919,0.003401018643426919,0.0027208149147415353,scenario,cyp_cystitis,
2.166666666667,brain,2.5702114156059612,0.98989620321,0.01010379679,0.29229839693240856,29.229839693240855,0.05976579483987805,5.9765794839878055,0.2474740508025,24.74740508025,0.0034152446863015217,0.3415244686301522,0.0034152446863015213,0.0027321957490412173,scenario,cyp_cystitis,
2.25,brain,2.5811232147105727,0.989880999202,0.010119000798,0.2924726704850928,29.24726704850928,0.06000322757945705,6.000322757945705,0.2474702498005,24.74702498005,0.003429694334725136,0.34296943347251363,0.003429694334725137,0.00274375546778011,scenario,cyp_cystitis,
2.333333333333,brain,2.592200033626985,0.989865161806,0.010134838194,0.29264936100832495,29.264936100832493,0.06024409407576661,6.024409407576662,0.2474662904515,24.74662904515,0.0034443620775117803,0.344436207751178,0.0034443620775117803,0.0027554896620094246,scenario,cyp_cystitis,
2.416666666667,brain,2.6034373813598677,0.989848691022,0.010151308978,0.29282839040999936,29.282839040999935,0.060488290205999155,6.048829020599915,0.2474621727555,24.746217275550002,0.00345924194874578,0.345924194874578,0.0034592419487457795,0.0027673935589966237,scenario,cyp_cystitis,
2.5,brain,2.614830420766855,0.989831586851,0.010168413149,0.2930096750346104,29.300967503461038,0.06073570442914715,6.073570442914715,0.24745789671275,24.745789671275002,0.003474327524618367,0.3474327524618367,0.0034743275246183676,0.002779462019694694,scenario,cyp_cystitis,
2.583333333333,brain,2.6263739667890977,0.989813849291,0.010186150709,0.29319312565484457,29.319312565484456,0.060986217776126055,6.098621777612605,0.24745346232275,24.745346232275,0.0034896119211801514,0.34896119211801513,0.0034896119211801514,0.002791689536944121,scenario,cyp_cystitis,
2.666666666667,brain,2.638062485394194,0.989795478344,0.010204521656,0.29337864747857945,29.337864747857946,0.06123970385677264,6.123970385677264,0.247448869586,24.7448869586,0.0035050877930391518,0.35050877930391516,0.0035050877930391518,0.0028040702344313217,scenario,cyp_cystitis,
2.75,brain,2.649890093256345,0.989776474009,0.010223525991,0.2935661401642007,29.356614016420068,0.061496028882600876,6.1496028882600875,0.24744411850225,24.744411850225,0.0035207473330368957,0.35207473330368955,0.0035207473330368957,0.002816597866429517,scenario,cyp_cystitis,
2.833333333333,brain,2.6618505581971483,0.989756837616,0.010243162384,0.29375549824665625,29.375549824665626,0.06175505179020835,6.175505179020835,0.247439209404,24.7439209404,0.0035365822729331083,0.3536582272933108,0.0035365822729331088,0.002829265818346487,scenario,cyp_cystitis,
2.916666666667,brain,2.6739373004048828,0.989736587271,0.010263412729,0.29394661576892617,29.394661576892616,0.062016625268234864,6.201662526823486,0.24743414681775,24.743414681775,0.0035525838851221832,0.3552583885122183,0.003552583885122183,0.0028420671080977462,scenario,cyp_cystitis,
3.0,brain,2.686143394452087,0.989715728704,0.010284271296,0.29413937769124965,29.413937769124963,0.06228059402033286,6.228059402033286,0.247428932176,24.742893217600002,0.003568742985407118,0.3568742985407118,0.003568742985407118,0.0028549943883256945,scenario,cyp_cystitis,
3.083333333333,brain,2.6984615721293905,0.989694261917,0.010305738083,0.29433366192549765,29.433366192549766,0.06254679526166353,6.254679526166353,0.24742356547925,24.742356547925002,0.003585049936854166,0.3585049936854166,0.0035850499368541657,0.002868039949483333,scenario,cyp_cystitis,
3.166666666667,brain,2.7108842261075567,0.989672186908,0.010327813092,0.29452934111574364,29.452934111574365,0.06281505918499151,6.2815059184991515,0.247418046727,24.7418046727,0.0036014946547434697,0.36014946547434695,0.003601494654743469,0.0028811957237947754,scenario,cyp_cystitis,
3.25,brain,2.7234034144414156,0.989649503678,0.010350496322,0.294726282736657,29.472628273665702,0.06308520908954267,6.308520908954267,0.2474123759195,24.74123759195,0.0036180666126331916,0.3618066612633192,0.0036180666126331916,0.0028944532901065533,scenario,cyp_cystitis,
3.333333333333,brain,2.736010865927203,0.989626212227,0.010373787773,0.2949243492021467,29.49243492021467,0.06335706152719567,6.335706152719567,0.24740655305675,24.740655305675,0.003634754849551797,0.3634754849551797,0.003634754849551797,0.002907803879641438,scenario,cyp_cystitis,
3.416666666667,brain,2.7486979863184056,0.989602312554,0.010397687446,0.29512339798865866,29.512339798865867,0.06363042646687819,6.363042646687819,0.2474005781385,24.74005781385,0.003651547978324586,0.36515479783245863,0.003651547978324587,0.0029212383826596696,scenario,cyp_cystitis,
3.5,brain,2.7614558654067745,0.989577804661,0.010422195339,0.29532328177309936,29.532328177309935,0.06390510747713249,6.390510747713249,0.24739445116525,24.739445116525,0.003668434195042687,0.3668434195042687,0.0036684341950426864,0.0029347473560341493,scenario,cyp_cystitis,
3.583333333333,brain,2.774275284972706,0.989552688546,0.010447311454,0.29552384858084046,29.552384858084046,0.06418090192578732,6.418090192578732,0.2473881721365,24.738817213649998,0.003685401289679389,0.3685401289679389,0.0036854012896793895,0.0029483210317435117,scenario,cyp_cystitis,
3.666666666667,brain,2.7871467276024733,0.98952696421,0.01047303579,0.2957249419510736,29.572494195107364,0.06445760119809817,6.445760119809816,0.2473817410525,24.73817410525,0.0037024366578498557,0.3702436657849856,0.0037024366578498557,0.002961949326279885,scenario,cyp_cystitis,
3.75,brain,2.800060386371205,0.989500632499,0.010499367501,0.2959264013649107,29.59264013649107,0.06473499098688099,6.473499098688099,0.24737515812475,24.737515812475,0.003719527313712072,0.3719527313712072,0.003719527313712072,0.002975621850969658,scenario,cyp_cystitis,
3.833333333333,brain,2.8130061753878555,0.98947379296,0.01052620704,0.29612809172155896,29.612809172155895,0.06501285797541193,6.501285797541192,0.24736844824,24.736844824000002,0.003736659904003426,0.3736659904003426,0.003736659904003426,0.002989327923202741,scenario,cyp_cystitis,
3.916666666667,brain,2.825973741191457,0.989446513887,0.010553486113,0.2963298647246363,29.632986472463628,0.06529098167051506,6.529098167051506,0.24736162847175,24.736162847175,0.0037538207231980784,0.37538207231980786,0.003753820723198078,0.0030030565785584625,scenario,cyp_cystitis,
4.0,brain,2.8389524749893047,0.989418795279,0.010581204721,0.29653154796127923,29.65315479612792,0.06556913218870566,6.556913218870567,0.24735469881975,24.735469881975,0.003770995729772125,0.3770995729772125,0.0037709957297721248,0.0030167965838177,scenario,cyp_cystitis,
4.083333333333,brain,2.851931525724922,0.989390637138,0.010609362862,0.2967329655387295,29.67329655387295,0.06584707500563931,6.5847075005639315,0.2473476592845,24.73476592845,0.0037881705635598433,0.37881705635598434,0.0037881705635598437,0.003030536450847875,scenario,cyp_cystitis,
4.166666666667,brain,2.864899813956624,0.989362039462,0.010637960538,0.2969339383190681,29.69339383190681,0.06612457127142413,6.612457127142413,0.2473405098655,24.73405098655,0.003805330564175034,0.3805330564175034,0.0038053305641750344,0.0030442644513400275,scenario,cyp_cystitis,
4.25,brain,2.8778460465288256,0.989333002253,0.010666997747,0.29713428416947485,29.713428416947487,0.06640137814163313,6.640137814163313,0.24733325056325,24.733325056325,0.0038224607904732678,0.38224607904732677,0.0038224607904732678,0.003057968632378614,scenario,cyp_cystitis,
4.333333333333,brain,2.8907587320154238,0.989303525509,0.010696474491,0.2973338182182708,29.73338182182708,0.06667724912136108,6.667724912136109,0.24732588137725,24.732588137725,0.0038395460410271323,0.3839546041027132,0.0038395460410271323,0.003071636832821706,scenario,cyp_cystitis,
4.416666666667,brain,2.90362619690756,0.989273609232,0.010726390768,0.2975323531257931,29.753235312579314,0.06695193442372413,6.695193442372413,0.247318402308,24.7318402308,0.0038565708755773373,0.38565708755773376,0.003856570875577337,0.0030852567004618697,scenario,cyp_cystitis,
4.5,brain,2.9164366025194814,0.98924325342,0.01075674658,0.2977296993599748,29.77296993599748,0.0672251813399664,6.7225181339966396,0.247310813355,24.7310813355,0.003873519637424425,0.3873519637424425,0.0038735196374244246,0.00309881570993954,scenario,cyp_cystitis,
4.583333333333,brain,2.9291779625834495,0.989212458074,0.010787541926,0.2979256654853889,29.79256654853889,0.06749673462251851,6.7496734622518515,0.2473031145185,24.73031145185,0.003890376476722242,0.3890376476722242,0.0038903764767222425,0.0031123011813777943,scenario,cyp_cystitis,
4.666666666667,brain,2.9418381614977918,0.989181223195,0.010818776805,0.2981200584575906,29.81200584575906,0.0677663368784541,6.776633687845409,0.24729530579875,24.729530579875,0.003907125374625284,0.3907125374625284,0.003907125374625283,0.003125700299700227,scenario,cyp_cystitis,
4.75,brain,2.9544049731937436,0.989149548781,0.010850451219,0.298312683925143,29.8312683925143,0.06803372897319061,6.803372897319061,0.24728738719525,24.728738719525,0.003923750168244151,0.3923750168244151,0.003923750168244151,0.0031390001345953213,scenario,cyp_cystitis,
4.833333333333,brain,2.9668660805841163,0.989117434833,0.010882565167,0.298503346541397,29.850334654139697,0.06829865044419603,6.829865044419603,0.24727935870825,24.727935870825,0.003940234576359959,0.3940234576359959,0.003940234576359959,0.0031521876610879672,scenario,cyp_cystitis,
4.916666666667,brain,2.979209095550283,0.989084881351,0.010915118649,0.2986918502795638,29.86918502795638,0.0685608399224184,6.856083992241841,0.24727122033775,24.727122033775,0.003956562225839933,0.3956562225839933,0.003956562225839933,0.0031652497806719465,scenario,cyp_cystitis,
5.0,brain,2.9914215794257273,0.989051888335,0.010948111665,0.29887799875490234,29.887799875490234,0.06882003556153644,6.882003556153644,0.24726297208375,24.726297208375,0.003972716678698831,0.3972716678698831,0.00397271667869883,0.003178173342959064,scenario,cyp_cystitis,
5.083333333333,brain,3.003491063932063,0.989018455785,0.010981544215,0.29906159555149864,29.906159555149863,0.06907597547366484,6.907597547366484,0.24725461394625,24.725461394625,0.003988681459747786,0.3988681459747786,0.003988681459747785,0.003190945167798228,scenario,cyp_cystitis,
5.166666666667,brain,3.015405072517315,0.988984583701,0.011015416299,0.29924244455313537,29.924244455313538,0.06932839817051382,6.9328398170513825,0.24724614592525,24.724614592525,0.004004440084764168,0.40044400847641676,0.004004440084764168,0.0032035520678113344,scenario,cyp_cystitis,
5.25,brain,3.0271511420482957,0.988950272083,0.011049727917,0.2994203502774998,29.94203502774998,0.06957704300899972,6.957704300899972,0.24723756802075,24.723756802075002,0.004019976089118817,0.4019976089118817,0.004019976089118817,0.0032159808712950537,scenario,cyp_cystitis,
5.333333333333,brain,3.0387168448069133,0.988915520931,0.011084479069,0.29959511821295987,29.959511821295987,0.0698216506402798,6.98216506402798,0.24722888023275,24.722888023275,0.004035273056794448,0.40352730567944484,0.004035273056794449,0.0032282184454355597,scenario,cyp_cystitis,
5.416666666667,brain,3.0500898107347214,0.988880330244,0.011119669756,0.299766555156763,29.9766555156763,0.07006196346101734,7.006196346101734,0.247220082561,24.7220082561,0.004050314649721781,0.40503146497217807,0.004050314649721781,0.0032402517197774247,scenario,cyp_cystitis,
5.5,brain,3.0612577498723788,0.988844710001,0.011155289999,0.29993447258189165,29.993447258189164,0.07029772677552219,7.029772677552219,0.24721117750025,24.721117750025,0.004065084637363151,0.4065084637363151,0.004065084637363152,0.0032520677098905218,scenario,cyp_cystitis,
5.583333333333,brain,3.0722084749391296,0.988808937724,0.011191062276,0.30009876515461165,30.009876515461166,0.07052870763148218,7.052870763148218,0.247202234431,24.7202234431,0.004079566926471391,0.4079566926471391,0.004079566926471391,0.0032636535411771127,scenario,cyp_cystitis,
5.666666666667,brain,3.082929923992595,0.988773139243,0.011226860757,0.30025928399633617,30.025928399633617,0.07075466558078153,7.075466558078153,0.24719328481075,24.719328481075,0.004093745590945408,0.40937455909454085,0.004093745590945409,0.0032749964727563276,scenario,cyp_cystitis,
5.75,brain,3.093410183111869,0.988737314558,0.011262685442,0.30041584473929295,30.041584473929294,0.07097535479972392,7.097535479972391,0.2471843286395,24.71843286395,0.004107604901707636,0.41076049017076355,0.004107604901707636,0.003286083921366109,scenario,cyp_cystitis,
5.833333333333,brain,3.103637509045892,0.988701463667,0.011298536333,0.3005682660039206,30.05682660039206,0.07119053344956082,7.1190533449560816,0.24717536591675,24.717536591675,0.004121129356527126,0.41211293565271256,0.004121129356527126,0.003296903485221701,scenario,cyp_cystitis,
5.916666666667,brain,3.113600351765024,0.988665586572,0.011334413428,0.30071636973175636,30.071636973175636,0.07139996411834185,7.1399964118341845,0.247166396643,24.7166396643,0.004134303709706903,0.41343037097069035,0.004134303709706903,0.003307442967765523,scenario,cyp_cystitis,
6.0,brain,3.123287376856844,0.988629683272,0.011370316728,0.30085998151041393,30.085998151041395,0.07160341425655192,7.160341425655192,0.247157420818,24.7157420818,0.004147113001558237,0.4147113001558237,0.004147113001558237,0.0033176904012465896,scenario,cyp_cystitis,
6.083333333333,brain,3.1326874877067437,0.988593753767,0.011406246233,0.30099893089715724,30.099893089715724,0.07180065660720969,7.1800656607209685,0.24714843844175,24.714843844175,0.004159542587584048,0.4159542587584048,0.004159542587584048,0.0033276340700672384,scenario,cyp_cystitis,
6.166666666667,brain,3.1417898474007084,0.988557798057,0.011442201943,0.3011330517353817,30.11330517353817,0.0719914696281756,7.19914696281756,0.24713944951425,24.713944951425,0.0041715781672894406,0.41715781672894403,0.00417157816728944,0.003337262533831552,scenario,cyp_cystitis,
6.25,brain,3.150583900291158,0.988521816142,0.011478183858,0.30126218246506387,30.126218246506387,0.07217563790608512,7.217563790608512,0.2471304540355,24.713045403549998,0.0041832058125420785,0.41832058125420785,0.0041832058125420785,0.003346564650033663,scenario,cyp_cystitis,
6.333333333333,brain,3.1590593931668813,0.988485808023,0.011514191977,0.30138616642643096,30.138616642643097,0.07235295256090796,7.2352952560907955,0.24712145200575,24.712145200575,0.004194411995405312,0.4194411995405312,0.0041944119954053114,0.0033555295963242494,scenario,cyp_cystitis,
6.416666666667,brain,3.1672063959658256,0.988449773699,0.011550226301,0.3015048521545459,30.15048521545459,0.07252321163972791,7.252321163972791,0.24711244342475,24.711244342475,0.004205183615364045,0.4205183615364045,0.004205183615364046,0.0033641468922912367,scenario,cyp_cystitis,
6.5,brain,3.1750153219733726,0.98841371317,0.01158628683,0.3016180936671441,30.161809366714408,0.0726862204995254,7.2686220499525405,0.2471034282925,24.710342829250003,0.004215508025868451,0.42155080258684513,0.004215508025868451,0.0033724064206947612,scenario,cyp_cystitis,
6.583333333333,brain,3.182476947449482,0.988377626437,0.011622373563,0.30172575074228447,30.172575074228448,0.07284179217737931,7.284179217737931,0.24709440660925,24.709440660925,0.004225373060121694,0.42253730601216943,0.004225373060121693,0.0033802984480973547,scenario,cyp_cystitis,
6.666666666667,brain,3.1895824306267793,0.988341513498,0.011658486502,0.30182768918479497,30.182768918479496,0.07298974774705995,7.298974774705995,0.2470853783745,24.708537837450002,0.004234767056036066,0.4234767056036066,0.004234767056036066,0.003387813644828853,scenario,cyp_cystitis,
6.75,brain,3.19632333002585,0.988305374355,0.011694625645,0.3019237810854448,30.19237810854448,0.07312991666225978,7.312991666225978,0.24707634358875,24.707634358875,0.004243678880287532,0.4243678880287532,0.004243678880287532,0.0033949431042300257,scenario,cyp_cystitis,
6.833333333333,brain,3.202691622035344,0.988269405444,0.011730594556,0.3020139650955073,30.201396509550733,0.07326215164600977,7.326215164600977,0.247067351361,24.7067351361,0.004252097951400427,0.4252097951400427,0.004252097951400426,0.003401678361120341,scenario,cyp_cystitis,
6.916666666667,brain,3.2086797177041544,0.988233833744,0.011766166256,0.30209819604312044,30.209819604312045,0.07338631680949392,7.338631680949392,0.247058458436,24.7058458436,0.004260014261793609,0.4260014261793609,0.004260014261793609,0.0034080114094348873,scenario,cyp_cystitis,
7.0,brain,3.214280478697365,0.988198659547,0.011801340453,0.3021763664991247,30.21763664991247,0.07350226881649963,7.350226881649963,0.24704966488675,24.704966488675,0.004267418398725211,0.4267418398725211,0.004267418398725211,0.003413934718980169,scenario,cyp_cystitis,
7.083333333333,brain,3.2194872323695645,0.988163882852,0.011836117148,0.302248376122961,30.224837612296103,0.07360987387994804,7.360987387994804,0.247040970713,24.704097071299998,0.004274301564075634,0.4274301564075634,0.004274301564075634,0.0034194412512605073,scenario,cyp_cystitis,
7.166666666667,brain,3.224293785909701,0.988129503661,0.011870496339,0.3023141319476663,30.23141319476663,0.07370900804322178,7.3709008043221775,0.24703237591525,24.703237591525003,0.004280655592909153,0.4280655592909153,0.004280655592909153,0.003424524474327322,scenario,cyp_cystitis,
7.25,brain,3.2286944395162678,0.988095521972,0.011904478028,0.3023735485583679,30.23735485583679,0.07379955742049053,7.379955742049053,0.247023880493,24.7023880493,0.004286472970760582,0.42864729707605814,0.004286472970760582,0.0034291783766084655,scenario,cyp_cystitis,
7.333333333333,brain,3.232683998563986,0.988061937785,0.011938062215,0.3024265482603852,30.242654826038518,0.07388141841884692,7.388141841884692,0.24701548444625,24.701548444624997,0.004291746849596544,0.4291746849596544,0.004291746849596544,0.0034333974796772354,scenario,cyp_cystitis,
7.416666666667,brain,3.236257784724621,0.988028751101,0.011971248899,0.3024730612303997,30.24730612303997,0.0739544979401996,7.395449794019961,0.24700718777525,24.700718777524997,0.0042964710624027675,0.42964710624027674,0.004296471062402768,0.0034371768499222148,scenario,cyp_cystitis,
7.5,brain,3.239411646009211,0.98799596192,0.01200403808,0.30251302565216537,30.251302565216537,0.07401871356288711,7.401871356288711,0.24699899048,24.699899048000002,0.004300640136354944,0.43006401363549446,0.0043006401363549435,0.003440512109083955,scenario,cyp_cystitis,
7.583333333333,brain,3.242141965701829,0.987963570242,0.012036429758,0.30254638783765575,30.254638783765575,0.07407399370287432,7.407399370287432,0.2469908925605,24.69908925605,0.00430424930453434,0.430424930453434,0.00430424930453434,0.003443399443627472,scenario,cyp_cystitis,
7.666666666667,brain,3.2444456701571895,0.987931576066,0.012068423934,0.3025731023318108,30.25731023318108,0.07412027775374767,7.412027775374767,0.2469828940165,24.69828940165,0.004307294516152223,0.4307294516152223,0.004307294516152224,0.0034458356129217793,scenario,cyp_cystitis,
7.75,brain,3.2463202354390726,0.987899979393,0.012100020607,0.3025931320024708,30.259313200247078,0.07415751620562772,7.415751620562771,0.24697499484825,24.697499484825,0.004309772445253213,0.43097724452532127,0.004309772445253213,0.0034478179562025704,scenario,cyp_cystitis,
7.833333333333,brain,3.24776369277962,0.987868780223,0.012131219777,0.30260644811222187,30.260644811222186,0.0741856707419625,7.41856707419625,0.24696719505575,24.696719505575,0.004311680497871688,0.43116804978716883,0.004311680497871688,0.003449344398297351,scenario,cyp_cystitis,
7.916666666667,brain,3.248774632842489,0.987837978555,0.012162021445,0.30261303037472237,30.26130303747224,0.07420471431462984,7.4204714314629845,0.24695949463875,24.695949463875,0.00431301681761918,0.431301681761918,0.004313016817619179,0.0034504134540953436,scenario,cyp_cystitis,
8.0,brain,3.249352208777296,0.98780757439,0.01219242561,0.3026128669953805,30.261286699538047,0.074214631197174,7.421463119717401,0.2469518935975,24.69518935975,0.004313780289686431,0.4313780289686431,0.004313780289686431,0.0034510242317491446,scenario,cyp_cystitis,
8.083333333333,brain,3.249496138056081,0.987777661177,0.012222338823,0.30260598332165844,30.260598332165845,0.07421542403654459,7.421542403654459,0.24694441529425,24.694441529425003,0.004313970543248145,0.43139705432481446,0.004313970543248145,0.003451176434598516,scenario,cyp_cystitis,
8.166666666667,brain,3.2492067030859966,0.987748504107,0.012251495893,0.30259246583230004,30.259246583230002,0.07420711974073335,7.420711974073335,0.24693712602675,24.693712602675,0.004313587952262871,0.43135879522628706,0.004313587952262871,0.003450870361810297,scenario,cyp_cystitis,
8.25,brain,3.2484847505965915,0.987720119362,0.012279880638,0.30257233322016885,30.257233322016887,0.07418973783955844,7.4189737839558445,0.2469300298405,24.69300298405,0.004312633634665958,0.43126336346659583,0.004312633634665959,0.0034501069077327675,scenario,cyp_cystitis,
8.333333333333,brain,3.247331689803395,0.987692506942,0.012307493058,0.3025456076884173,30.25456076884173,0.07416330793722309,7.416330793722309,0.2469231267355,24.69231267355,0.004311109449957781,0.43111094499577807,0.004311109449957782,0.0034488875599662256,scenario,cyp_cystitis,
8.416666666667,brain,3.245749489353445,0.987665666848,0.012334333152,0.30251231986451155,30.251231986451156,0.07412787087001538,7.412787087001538,0.246916416712,24.6916416712,0.00430901799519457,0.430901799519457,0.004309017995194569,0.0034472143961556557,scenario,cyp_cystitis,
8.5,brain,3.2437406730621086,0.98763959908,0.01236040092,0.3024725087395254,30.24725087395254,0.07408347862603391,7.408347862603391,0.24690989977,24.690989977,0.004306362599394001,0.4306362599394001,0.004306362599394002,0.0034450900795152013,scenario,cyp_cystitis,
8.583333333333,brain,3.241308314453833,0.987614303637,0.012385696363,0.30242622159170246,30.242622159170246,0.07403019424326993,7.403019424326993,0.24690357590925,24.690357590925,0.004303147316371943,0.43031473163719425,0.004303147316371942,0.0034425178530975535,scenario,cyp_cystitis,
8.666666666667,brain,3.2384560301236935,0.987589780519,0.012410219481,0.30237351389447586,30.237351389447586,0.07396809168630117,7.396809168630117,0.24689744512975,24.689744512975,0.004299376916032259,0.4299376916032259,0.004299376916032259,0.0034395015328258075,scenario,cyp_cystitis,
8.75,brain,3.235187971939761,0.987566029727,0.012433970273,0.30231444920794864,30.231444920794864,0.07389725570159819,7.389725570159819,0.24689150743175,24.689150743175002,0.00429505687413568,0.429505687413568,0.00429505687413568,0.003436045499308544,scenario,cyp_cystitis,
8.833333333333,brain,3.23150881810939,0.987543051261,0.012456948739,0.3022490990540915,30.22490990540915,0.07381778165178865,7.381778165178865,0.24688576281525,24.688576281525,0.004290193360577718,0.4290193360577718,0.004290193360577717,0.003432154688462174,scenario,cyp_cystitis,
8.916666666667,brain,3.2274237631369553,0.987520845119,0.012479154881,0.30217754277689185,30.217754277689185,0.07372977532952249,7.372977532952249,0.24688021127975,24.688021127975,0.004284793226211403,0.4284793226211403,0.004284793226211403,0.003427834580969123,scenario,cyp_cystitis,
9.0,brain,3.22293850670302,0.987499411304,0.012500588696,0.30209986738993333,30.209986738993333,0.0736333527519111,7.36333527519111,0.246874852826,24.6874852826,0.0042788639882537765,0.42788639882537766,0.0042788639882537765,0.0034230911906030213,scenario,cyp_cystitis,
9.083333333333,brain,3.2180592414976896,0.987478749814,0.012521250186,0.3020161674041243,30.20161674041243,0.07352863993416574,7.352863993416574,0.2468696874535,24.68696874535,0.0042724138143186915,0.4272413814318692,0.004272413814318692,0.003417931051454954,scenario,cyp_cystitis,
9.166666666667,brain,3.212792640045408,0.987458860649,0.012541139351,0.3019265446464101,30.19265446464101,0.07341577264554679,7.341577264554679,0.24686471516225,24.686471516225,0.004265451505124365,0.4265451505124365,0.004265451505124365,0.003412361204099492,scenario,cyp_cystitis,
9.25,brain,3.2071458405600692,0.98743974381,0.01256025619,0.30183110806226066,30.183110806226065,0.07329489614634753,7.329489614634753,0.2468599359525,24.68599359525,0.004257986475926188,0.4257986475926188,0.004257986475926189,0.0034063891807409514,scenario,cyp_cystitis,
9.333333333333,brain,3.2011264318717547,0.987421395303,0.012578604697,0.30172997228408976,30.172997228408978,0.07316616461111966,7.316616461111966,0.24685534882575,24.685534882575,0.004250028736728531,0.4250028736728531,0.004250028736728531,0.0034000229893828247,scenario,cyp_cystitis,
9.416666666667,brain,3.194742437470758,0.987403792967,0.012596207033,0.30162325308089377,30.16232530808938,0.07302973978552504,7.3029739785525045,0.24685094824175,24.685094824175,0.004241588871334934,0.4241588871334934,0.004241588871334934,0.0033932710970679472,scenario,cyp_cystitis,
9.5,brain,3.1880022987153804,0.98738695089,0.01261304911,0.3015110837494379,30.151108374943792,0.07288579470258388,7.288579470258388,0.2468467377225,24.684673772249997,0.004232678015297188,0.4232678015297188,0.004232678015297188,0.003386142412237751,scenario,cyp_cystitis,
9.583333333333,brain,3.1809148572518713,0.987370890226,0.012629109774,0.3013936059395977,30.13936059395977,0.07273451117746359,7.273451117746359,0.2468427225565,24.68427225565,0.004223307832826248,0.4223307832826248,0.004223307832826248,0.0033786462662609984,scenario,cyp_cystitis,
9.666666666667,brain,3.1734893366991086,0.987355632129,0.012644367871,0.3012709672350901,30.127096723509013,0.07257607893712015,7.257607893712015,0.24683890803225,24.683890803225,0.004213490492733514,0.4213490492733514,0.004213490492733515,0.003370792394186812,scenario,cyp_cystitis,
9.75,brain,3.165735323650484,0.987341197754,0.012658802246,0.3011433208840307,30.114332088403067,0.07241069526070758,7.241069526070758,0.2468352994385,24.68352994385,0.004203238643470821,0.4203238643470821,0.004203238643470821,0.0033625909147766567,scenario,cyp_cystitis,
9.833333333333,brain,3.157662748046807,0.987327608255,0.012672391745,0.30101082551887953,30.101082551887952,0.07223856460683939,7.223856460683939,0.24683190206375,24.683190206375,0.004192565387339273,0.4192565387339273,0.004192565387339274,0.0033540523098714195,scenario,cyp_cystitis,
9.916666666667,brain,3.149281862978003,0.987314884784,0.012685115216,0.3008736448677124,30.08736448677124,0.07205989822894988,7.205989822894988,0.246828721196,24.6828721196,0.0041814842539423126,0.41814842539423125,0.0041814842539423126,0.00334518740315385,scenario,cyp_cystitis,
10.0,brain,3.1406032239702952,0.987303048498,0.012696951502,0.30073194745964715,30.073194745964717,0.07187491378019621,7.1874913780196215,0.2468257621245,24.682576212449998,0.004170009172956961,0.4170009172956961,0.004170009172956961,0.003336007338365569,scenario,cyp_cystitis,
10.083333333333,brain,3.131637667816319,0.987292120548,0.012707879452,0.3005859063172166,30.05859063172166,0.07168383490695547,7.168383490695547,0.246823030137,24.6823030137,0.004158154446298258,0.4158154446298258,0.004158154446298258,0.0033265235570386063,scenario,cyp_cystitis,
10.166666666667,brain,3.1223962910092533,0.987282122091,0.012717877909,0.3004356986489599,30.043569864895993,0.07148689083494657,7.148689083494657,0.24682053052275,24.682053052275,0.004145934719756691,0.41459347197566915,0.004145934719756691,0.0033167477758053532,scenario,cyp_cystitis,
10.25,brain,3.1128904278400116,0.987273074279,0.012726925721,0.3002815055289691,30.02815055289691,0.07128431594562548,7.1284315945625485,0.24681826856975,24.681826856975,0.004133364954185809,0.4133364954185809,0.00413336495418581,0.003306691963348648,scenario,cyp_cystitis,
10.333333333333,brain,3.1031316282167,0.987264998267,0.012735001733,0.30012351157694395,30.012351157694393,0.07107634934692525,7.107634934692525,0.24681624956675,24.681624956674998,0.0041204603963174305,0.4120460396317431,0.0041204603963174305,0.0032963683170539448,scenario,cyp_cystitis,
10.416666666667,brain,3.093131635268787,0.987257915209,0.012742084791,0.2999619046301377,29.99619046301377,0.07086323443718365,7.086323443718364,0.24681447880225,24.681447880225,0.00410723654928621,0.41072365492862095,0.00410723654928621,0.003285789239428968,scenario,cyp_cystitis,
10.5,brain,3.0829023627955046,0.987251846258,0.012748153742,0.2997968754128506,29.97968754128506,0.07064521846446752,7.064521846446752,0.2468129615645,24.68129615645,0.00409370914294151,0.409370914294151,0.00409370914294151,0.0032749673143532086,scenario,cyp_cystitis,
10.583333333333,brain,3.0724558726175224,0.98724681257,0.01275318743,0.29962861720425377,29.962861720425376,0.07042255208233833,7.042255208233833,0.2468117031425,24.68117031425,0.004079894104023942,0.40798941040239417,0.004079894104023942,0.003263915283219154,scenario,cyp_cystitis,
10.666666666667,brain,3.0618043518938247,0.987242835297,0.012757164703,0.29945732550083526,29.945732550083527,0.07019548890211368,7.019548890211367,0.24681070882425,24.681070882425,0.004065807526287832,0.40658075262878324,0.004065807526287831,0.0032526460210302653,scenario,cyp_cystitis,
10.75,brain,3.050960090461893,0.987239935595,0.012760064405,0.29928319768216066,29.928319768216067,0.06996428504454752,6.996428504454752,0.24680998389875,24.680998389875,0.004051465640645873,0.40514656406458727,0.004051465640645873,0.0032411725125166984,scenario,cyp_cystitis,
10.833333333333,brain,3.0399354582582716,0.987238134617,0.012761865383,0.29910643267163334,29.910643267163334,0.06972919868984442,6.972919868984443,0.24680953365425,24.680953365425,0.00403688478541093,0.403688478541093,0.00403688478541093,0.003229507828328744,scenario,cyp_cystitis,
10.916666666667,brain,3.028742882879082,0.987237453517,0.012762546483,0.2989272306009942,29.892723060099417,0.06949048962899224,6.949048962899224,0.24680936337925,24.680936337925,0.004022081376713334,0.40220813767133345,0.004022081376713335,0.0032176651013706686,scenario,cyp_cystitis,
11.0,brain,3.0173948273354467,0.987237913449,0.012762086551,0.2987457924744923,29.87457924744923,0.06924841881632302,6.924841881632301,0.24680947836225,24.680947836225002,0.004007071879165987,0.40070718791659865,0.0040070718791659875,0.00320565750333279,scenario,cyp_cystitis,
11.083333333333,brain,3.0059037680572276,0.987239535567,0.012760464433,0.29856231983532505,29.856231983532506,0.06900324792476673,6.900324792476672,0.24680988389175,24.680988389175,0.003991872776847595,0.39918727768475953,0.003991872776847595,0.0031934982214780767,scenario,cyp_cystitis,
11.166666666667,brain,2.9942821732006237,0.987242341026,0.012757658974,0.2983770144351734,29.83770144351734,0.0687552389048979,6.875523890489791,0.2468105852565,24.68105852565,0.003976500544677298,0.39765005446772983,0.003976500544677298,0.003181200435741839,scenario,cyp_cystitis,
11.25,brain,2.9825424813098618,0.987246350979,0.012753649021,0.2981900779060761,29.81900779060761,0.0685046535484348,6.85046535484348,0.24681158774475,24.681158774475,0.00396097162024695,0.39609716202469497,0.00396097162024695,0.00316877729619756,scenario,cyp_cystitis,
11.333333333333,brain,2.9706970803812265,0.987251586581,0.012748413419,0.29800171143870824,29.800171143870823,0.06825175305794436,6.825175305794436,0.24681289664525,24.681289664525,0.0039453023761748035,0.39453023761748035,0.0039453023761748035,0.003156241900939843,scenario,cyp_cystitis,
11.416666666667,brain,2.9587582873794833,0.987258038805,0.012741961195,0.29781210635934163,29.781210635934162,0.06799679554412223,6.799679554412223,0.24681450970125,24.681450970125,0.003929509093046797,0.3929509093046797,0.003929509093046798,0.0031436072744374386,scenario,cyp_cystitis,
11.5,brain,2.946738328250865,0.987265457501,0.012734542499,0.2976213802569091,29.76213802569091,0.06774002117554544,6.774002117554543,0.24681636437525,24.681636437525,0.003913607933003914,0.3913607933003914,0.003913607933003915,0.003130886346403132,scenario,cyp_cystitis,
11.583333333333,brain,2.9346493184744533,0.987273769536,0.012726230464,0.2974297028852563,29.742970288525626,0.06748168066834168,6.748168066834167,0.246818442384,24.6818442384,0.003897614914031088,0.3897614914031088,0.0038976149140310884,0.003118091931224871,scenario,cyp_cystitis,
11.666666666667,brain,2.9225032441953083,0.987282959072,0.012717040928,0.29723725964822506,29.723725964822506,0.06722202650696676,6.722202650696676,0.246820739768,24.6820739768,0.0038815458850051834,0.3881545885005183,0.003881545885005184,0.0031052367080041474,scenario,cyp_cystitis,
11.75,brain,2.910311943976391,0.987293010273,0.012706989727,0.2970442340147377,29.70442340147377,0.06696130859531695,6.696130859531695,0.24682325256825,24.682325256825,0.0038654165015513105,0.38654165015513103,0.0038654165015513105,0.0030923332012410486,scenario,cyp_cystitis,
11.833333333333,brain,2.898087091203702,0.987303907302,0.012696092698,0.2968508072351341,29.68508072351341,0.06669977387951208,6.669977387951207,0.2468259768255,24.68259768255,0.0038492422027533147,0.38492422027533146,0.0038492422027533147,0.003079393762202652,scenario,cyp_cystitis,
11.916666666667,brain,2.8858401771803925,0.987315634322,0.012684365678,0.2966571580676265,29.66571580676265,0.06643766598283536,6.643766598283536,0.2468289085805,24.68289085805,0.0038330381887661125,0.38330381887661125,0.0038330381887661125,0.00306643055101289,scenario,cyp_cystitis,
12.0,brain,2.8735824949389768,0.987328175496,0.012671824504,0.2964634625139094,29.64634625139094,0.06617522485321253,6.6175224853212535,0.246832043874,24.6832043874,0.0038168193993688092,0.38168193993688093,0.0038168193993688092,0.0030534555194950477,scenario,cyp_cystitis,
12.083333333333,brain,2.8613251237979966,0.987341514988,0.012658485012,0.2962698935650338,29.62698935650338,0.06591268642404505,6.591268642404505,0.246835378747,24.6835378747,0.0038006004934939244,0.38006004934939247,0.003800600493493925,0.00304048039479514,scenario,cyp_cystitis,
12.166666666667,brain,2.8490789146906854,0.987355636961,0.012644363039,0.29607662095688614,29.607662095688614,0.0656502822888482,6.56502822888482,0.24683890924025,24.683890924025,0.0037843958297696604,0.37843958297696606,0.003784395829769661,0.003027516663815729,scenario,cyp_cystitis,
12.25,brain,2.836854476286379,0.987370525577,0.012629474423,0.29588381093721117,29.588381093721118,0.0653882393906149,6.538823939061491,0.24684263139425,24.684263139425,0.0037682194481031975,0.3768219448103198,0.003768219448103197,0.0030145755584825577,scenario,cyp_cystitis,
12.333333333333,brain,2.824662161922597,0.987386165,0.012613835,0.29569162604487587,29.569162604487587,0.06512677972650116,6.512677972650116,0.24684654125,24.684654124999998,0.00375208505232929,0.375208505232929,0.0037520850523292894,0.003001668041863432,scenario,cyp_cystitis,
12.416666666667,brain,2.8125120573668334,0.987402539394,0.012597460606,0.2955002248994019,29.550022489940194,0.0648661200678692,6.4866120067869195,0.2468506348485,24.68506348485,0.0037360059939499394,0.37360059939499396,0.003736005993949939,0.002988804795159951,scenario,cyp_cystitis,
12.5,brain,2.8004139694202728,0.987419632922,0.012580367078,0.2953097620028885,29.53097620028885,0.06460647169651805,6.460647169651805,0.2468549082305,24.68549082305,0.0037199952569819247,0.37199952569819245,0.0037199952569819247,0.0029759962055855398,scenario,cyp_cystitis,
12.583333333333,brain,2.7883774153728726,0.987437429746,0.012562570254,0.2951203875546058,29.51203875546058,0.06434804015747439,6.434804015747439,0.2468593574365,24.68593574365,0.003704065443925291,0.37040654439252907,0.0037040654439252914,0.002963252355140233,scenario,cyp_cystitis,
12.666666666667,brain,2.776411613320355,0.98745591403,0.01254408597,0.29493224727915596,29.493224727915596,0.06409102502887462,6.409102502887462,0.2468639785075,24.68639785075,0.0036882287628673973,0.3688228762867397,0.0036882287628673964,0.0029505830102939173,scenario,cyp_cystitis,
12.75,brain,2.7645254733469486,0.987475069937,0.012524930063,0.2947454822657102,29.474548226571017,0.06383561970861362,6.383561970861362,0.24686876748425,24.686876748425,0.0036724970157282367,0.36724970157282366,0.0036724970157282362,0.002937997612582589,scenario,cyp_cystitis,
12.833333333333,brain,2.752727589575055,0.98749488163,0.01250511837,0.29456022882146654,29.456022882146655,0.06358201121862207,6.358201121862208,0.2468737204075,24.68737204075,0.003656881587649232,0.3656881587649232,0.003656881587649232,0.0029255052701193857,scenario,cyp_cystitis,
12.916666666667,brain,2.741026233084211,0.987515333273,0.012484666727,0.2943766183383068,29.43766183383068,0.06333038002674242,6.333038002674242,0.24687883331825,24.687883331825,0.0036413934375292834,0.36413934375292834,0.0036413934375292834,0.0029131147500234267,scenario,cyp_cystitis,
13.0,brain,2.7294293456952117,0.987536387167,0.012463612833,0.2941947706589694,29.41947706589694,0.06308089848962582,6.308089848962582,0.24688409679175,24.688409679175,0.0036260430897032273,0.36260430897032275,0.003626043089703227,0.002900834471762582,scenario,cyp_cystitis,
13.083333333333,brain,2.7179445346128244,0.987557985908,0.012442014092,0.2940147946330895,29.40147946330895,0.06283373087478598,6.283373087478599,0.246889496477,24.6889496477,0.0036108406267546383,0.36108406267546383,0.0036108406267546383,0.0028886725014037108,scenario,cyp_cystitis,
13.166666666667,brain,2.706579067921825,0.987580106679,0.012419893321,0.2938368041950973,29.383680419509727,0.06258903670046301,6.258903670046301,0.24689502666975,24.689502666975,0.0035957956834566105,0.35957956834566107,0.0035957956834566105,0.0028766365467652886,scenario,cyp_cystitis,
13.25,brain,2.695339870924929,0.987602727318,0.012397272682,0.2936609081613757,29.366090816137568,0.06234696844250089,6.234696844250089,0.2469006818295,24.69006818295,0.00358091744182598,0.35809174418259804,0.0035809174418259806,0.0028647339534607847,scenario,cyp_cystitis,
13.333333333333,brain,2.68423352330901,0.987625825663,0.012374174337,0.29348720996757427,29.34872099675743,0.06210767140243238,6.210767140243238,0.24690645641575,24.690645641575,0.0035662146272735567,0.3566214627273557,0.003566214627273557,0.002852971701818846,scenario,cyp_cystitis,
13.416666666667,brain,2.6732662571274926,0.987649379555,0.012350620445,0.2933158076151876,29.33158076151876,0.061871283635250164,6.187128363525017,0.24691234488875,24.691234488875,0.0035516955058348706,0.35516955058348704,0.0035516955058348706,0.0028413564046678966,scenario,cyp_cystitis,
13.5,brain,2.6624439555810393,0.987673366832,0.012326633168,0.2931467936284079,29.31467936284079,0.0616379358938772,6.16379358938772,0.246918341708,24.6918341708,0.0035373678824582957,0.35373678824582955,0.0035373678824582957,0.002829894305966637,scenario,cyp_cystitis,
13.583333333333,brain,2.6517721525768074,0.987697765333,0.012302234667,0.29298025502669384,29.298025502669383,0.061407751591258455,6.1407751591258455,0.24692444133325,24.692444133325,0.003523239100324928,0.3523239100324928,0.003523239100324928,0.0028185912802599425,scenario,cyp_cystitis,
13.666666666667,brain,2.6412560330482657,0.987722552896,0.012277447104,0.2928162733081156,29.28162733081156,0.06118084677882082,6.118084677882082,0.246930638224,24.6930638224,0.0035093160411768455,0.35093160411768454,0.0035093160411768464,0.0028074528329414773,scenario,cyp_cystitis,
13.75,brain,2.6309004340122364,0.98774770736,0.01225229264,0.29265492444616925,29.265492444616925,0.06095733014155902,6.095733014155902,0.24693692684,24.693692684,0.0034956051266232906,0.34956051266232907,0.00349560512662329,0.0027964841012986324,scenario,cyp_cystitis,
13.833333333333,brain,2.62070984633839,0.987773206565,0.012226793435,0.29249627889797214,29.249627889797214,0.06073730300896282,6.073730300896282,0.24694330164125,24.694330164125,0.0034821123203923757,0.3482112320392376,0.0034821123203923757,0.002785689856313901,scenario,cyp_cystitis,
13.916666666667,brain,2.6106884172083276,0.987799028349,0.012200971651,0.29234040162326236,29.234040162326234,0.06052085938134977,6.052085938134977,0.24694975708725,24.694975708725,0.003468843131498416,0.3468843131498416,0.003468843131498416,0.002775074505198733,scenario,cyp_cystitis,
14.0,brain,2.600839953236595,0.987825150551,0.012174849449,0.2921873521164998,29.21873521164998,0.06030808597166644,6.030808597166644,0.24695628763775,24.695628763774998,0.003455802618288601,0.3455802618288601,0.0034558026182886004,0.0027646420946308807,scenario,cyp_cystitis,
14.083333333333,brain,2.5911679242249366,0.98785155101,0.01214844899,0.2920371844487125,29.203718444871253,0.06009906226161668,6.009906226161668,0.2469628877525,24.69628877525,0.0034429953933313097,0.34429953933313096,0.0034429953933313097,0.002754396314665048,scenario,cyp_cystitis,
14.166666666667,brain,2.581675467523202,0.987878207565,0.012121792435,0.2918899473202036,29.18899473202036,0.05989386057193816,5.989386057193816,0.24696955189125,24.696955189125,0.0034304256291111507,0.34304256291111507,0.003430425629111151,0.002744340503288921,scenario,cyp_cystitis,
14.25,brain,2.5723653929661126,0.987905098054,0.012094901946,0.2917456841230863,29.17456841230863,0.05969254614611511,5.969254614611511,0.2469762745135,24.697627451349998,0.0034180970644901586,0.34180970644901587,0.003418097064490158,0.0027344776515921265,scenario,cyp_cystitis,
14.333333333333,brain,2.5632401883544125,0.987932200317,0.012067799683,0.2916044330146613,29.16044330146613,0.059495177247215134,5.949517724721513,0.24698305007925,24.698305007925,0.0034060130118936916,0.34060130118936915,0.003406013011893691,0.002724810409514953,scenario,cyp_cystitis,
14.416666666667,brain,2.554302025451304,0.987959492192,0.012040507808,0.2914662269979583,29.14662269979583,0.05930180526661109,5.930180526661109,0.246989873048,24.6989873048,0.003394176365182639,0.3394176365182639,0.003394176365182639,0.0027153410921461115,scenario,cyp_cystitis,
14.5,brain,2.545552766461368,0.987986952771,0.012013047229,0.2913310943825556,29.133109438255563,0.05911247491974079,5.911247491974079,0.24699673819275,24.699673819275,0.0033825896081686544,0.33825896081686546,0.0033825896081686544,0.0027060716865349235,scenario,cyp_cystitis,
14.583333333333,brain,2.5369939709589078,0.988014582637,0.011985417363,0.2911990648468552,29.119906484685522,0.05892722558347357,5.892722558347357,0.24700364565925,24.700364565925,0.0033712548237287226,0.33712548237287226,0.003371254823728722,0.002697003858982978,scenario,cyp_cystitis,
14.666666666667,brain,2.5286269032352138,0.988042370613,0.011957629387,0.2910701597341403,29.10701597341403,0.05874608944118705,5.874608944118704,0.24701059265325,24.701059265325,0.0033601737034787385,0.3360173703478739,0.003360173703478739,0.0026881389627829914,scenario,cyp_cystitis,
14.75,brain,2.5204525400310933,0.98807029785,0.01192970215,0.29094439337865674,29.094439337865673,0.05856909188820901,5.856909188820901,0.2470175744625,24.70175744625,0.003349347557961576,0.3349347557961576,0.003349347557961576,0.002679478046369261,scenario,cyp_cystitis,
14.833333333333,brain,2.512471578621129,0.988098345496,0.011901654504,0.29082177548855337,29.082177548855338,0.058396252152737846,5.839625215273784,0.247024586374,24.7024586374,0.00333877732730524,0.333877732730524,0.00333877732730524,0.0026710218618441924,scenario,cyp_cystitis,
14.916666666667,brain,2.5046844452188273,0.9881264947,0.0118735053,0.29070231127368346,29.070231127368345,0.05822758346491124,5.822758346491124,0.247031623675,24.7031623675,0.003328463592310254,0.3328463592310254,0.003328463592310254,0.0026627708738482035,scenario,cyp_cystitis,
15.0,brain,2.4970913036692184,0.988154726612,0.011845273388,0.2905860015778594,29.05860015778594,0.058063093233145895,5.806309323314589,0.247038681653,24.7038681653,0.0033184065859219653,0.3318406585921965,0.003318406585921965,0.0026547252687375723,scenario,cyp_cystitis,
15.083333333333,brain,2.4896920643958977,0.988183022382,0.011816977618,0.29047284301590043,29.047284301590043,0.057902783227200556,5.790278322720056,0.2470457555955,24.704575559549998,0.0033086062050439852,0.3308606205043985,0.0033086062050439844,0.0026468849640351876,scenario,cyp_cystitis,
15.166666666667,brain,2.482486393572338,0.988211363157,0.011788636843,0.29036282811467407,29.036282811467405,0.0577466497672321,5.77466497672321,0.24705284078925,24.705284078925,0.0032990620226527353,0.3299062022652735,0.0032990620226527353,0.0026392496181221886,scenario,cyp_cystitis,
15.25,brain,2.4754737224851824,0.988239730089,0.011760269911,0.290255945461409,29.025594546140898,0.05759468391887861,5.759468391887861,0.24705993252225,24.705993252225,0.003289773300170237,0.3289773300170237,0.0032897733001702374,0.00263181864013619,scenario,cyp_cystitis,
15.333333333333,brain,2.4686532570579467,0.988268104325,0.011731895675,0.2901521798502173,29.015217985021728,0.0574468716919564,5.74468716919564,0.24706702608125,24.706702608125,0.0032807390000532113,0.3280739000053211,0.0032807390000532104,0.0026245912000425684,scenario,cyp_cystitis,
15.416666666667,brain,2.4620239875064867,0.988296467016,0.011703532984,0.29005151243720906,29.005151243720906,0.057303194244278696,5.7303194244278695,0.247074116754,24.7074116754,0.003271957798560429,0.3271957798560429,0.003271957798560429,0.0026175662388483434,scenario,cyp_cystitis,
15.5,brain,2.455584698095904,0.98832479931,0.01167520069,0.2899539208933905,28.99539208933905,0.05716362808785404,5.716362808785404,0.2470811998275,24.70811998275,0.0032634280986580046,0.32634280986580044,0.0032634280986580046,0.002610742478926404,scenario,cyp_cystitis,
15.583333333333,brain,2.449333976969526,0.988353082358,0.011646917642,0.2898593795633545,28.98593795633545,0.05702814529847264,5.702814529847264,0.2470882705895,24.70882705895,0.0032551480430235763,0.32551480430235763,0.0032551480430235767,0.0026041184344188614,scenario,cyp_cystitis,
15.666666666667,brain,2.443270226023548,0.988381297307,0.011618702693,0.2897678596216635,28.976785962166353,0.05689671372655133,5.689671372655133,0.24709532432675,24.709532432675,0.0032471155271142547,0.3247115527114255,0.003247115527114255,0.0025976924216914044,scenario,cyp_cystitis,
15.75,brain,2.4373916707996575,0.988409425309,0.011590574691,0.28967932923494844,28.967932923494843,0.056769297210264594,5.676929721026459,0.24710235632725,24.710235632725,0.0032393282122614732,0.3239328212261473,0.003239328212261473,0.0025914625698091782,scenario,cyp_cystitis,
15.833333333333,brain,2.4316963703690786,0.988437447511,0.011562552489,0.2895937537189841,28.95937537189841,0.056645855788312154,5.664585578831216,0.24710936187775,24.710936187775,0.0032317835387574182,0.32317835387574184,0.003231783538757418,0.0025854268310059342,scenario,cyp_cystitis,
15.916666666667,brain,2.4261822271844435,0.988465345063,0.011534654937,0.289511095701168,28.951109570116802,0.056526345913890684,5.652634591389068,0.24711633626575,24.711633626575,0.003224478738901582,0.3224478738901582,0.003224478738901582,0.0025795829911212658,scenario,cyp_cystitis,
16.0,brain,2.420846996874932,0.988493099114,0.011506900886,0.2894313152791648,28.94313152791648,0.05641072066755312,5.641072066755312,0.2471232747785,24.71232747785,0.0032174108499747438,0.3217410849974744,0.0032174108499747433,0.0025739286799797948,scenario,cyp_cystitis,
16.083333333333,brain,2.4156882979614105,0.988520706816,0.011479293184,0.2893543748645906,28.935437486459058,0.056298930880787426,5.629893088078743,0.247130176704,24.7130176704,0.0032105767271093668,0.32105767271093666,0.0032105767271093668,0.0025684613816874934,scenario,cyp_cystitis,
16.166666666667,brain,2.4107036214711717,0.988548196135,0.011451803865,0.2892802436684935,28.928024366849346,0.05619092617965795,5.619092617965795,0.24713704903375,24.713704903375,0.003203973056029208,0.3203973056029208,0.003203973056029208,0.0025631784448233667,scenario,cyp_cystitis,
16.25,brain,2.405890340431211,0.988575557124,0.011424442876,0.28920887773975046,28.920887773975046,0.05608665127833393,5.608665127833393,0.247143889281,24.7143889281,0.0031975963656300584,0.3197596365630058,0.003197596365630059,0.002558077092504047,scenario,cyp_cystitis,
16.333333333333,brain,2.401245719220343,0.98860277745,0.01139722255,0.2891402305263824,28.91402305263824,0.055986048218509846,5.5986048218509845,0.2471506943625,24.71506943625,0.0031914430403753415,0.31914430403753413,0.0031914430403753415,0.0025531544323002735,scenario,cyp_cystitis,
16.416666666667,brain,2.396766922763205,0.988629844784,0.011370155216,0.2890742537279312,28.90742537279312,0.05588905670924163,5.588905670924163,0.247157461196,24.7157461196,0.003185509332483939,0.3185509332483939,0.003185509332483939,0.002548407465987151,scenario,cyp_cystitis,
16.5,brain,2.3924510255487936,0.988656746793,0.011343253207,0.2890108974431973,28.90108974431973,0.0557956143265964,5.5795614326596406,0.24716418669825,24.716418669825,0.003179791373887075,0.3179791373887075,0.003179791373887075,0.0025438330991096603,scenario,cyp_cystitis,
16.583333333333,brain,2.3882950204575257,0.988683471147,0.011316528853,0.28895011031955486,28.895011031955487,0.05570565671040654,5.5705656710406535,0.24717086778675,24.717086778675,0.0031742851879328978,0.31742851879328976,0.003174285187932898,0.0025394281503463186,scenario,cyp_cystitis,
16.666666666667,brain,2.3842958273834536,0.988710005514,0.011289994486,0.28889183969569326,28.889183969569327,0.055619117756257684,5.561911775625768,0.2471775013785,24.71775013785,0.0031689867008208705,0.31689867008208705,0.0031689867008208705,0.0025351893606566965,scenario,cyp_cystitis,
16.75,brain,2.3804503016380125,0.988736337564,0.011263662436,0.2888360317436639,28.88360317436639,0.055535929803551876,5.553592980355187,0.247184084391,24.7184084391,0.003163891752747779,0.3163891752747779,0.0031638917527477784,0.002531113402198223,scenario,cyp_cystitis,
16.833333333333,brain,2.376755242123008,0.988762454965,0.011237545035,0.2887826316050287,28.878263160502872,0.05545602381837163,5.5456023818371625,0.24719061374125,24.719061374125,0.003158996108748924,0.31589961087489243,0.0031589961087489238,0.0025271968869991393,scenario,cyp_cystitis,
16.916666666667,brain,2.373207399263023,0.988788345386,0.011211654614,0.28873158352529826,28.873158352529828,0.05537932957173098,5.537932957173098,0.2471970863465,24.71970863465,0.00315429546922134,0.315429546922134,0.00315429546922134,0.002523436375377072,scenario,cyp_cystitis,
17.0,brain,2.3698034826872716,0.988813996495,0.011186003505,0.2886828309829584,28.868283098295837,0.05530577581227782,5.530577581227782,0.24720349912375,24.720349912375,0.0031497854801157007,0.31497854801157005,0.0031497854801157007,0.0025198283840925607,scenario,cyp_cystitis,
17.083333333333,brain,2.3665401686522216,0.988839395963,0.011160604037,0.28863631681612617,28.863631681612617,0.05523529043383492,5.523529043383492,0.24720984899075,24.720984899075,0.0031454617427852816,0.31454617427852816,0.0031454617427852816,0.0025163693942282257,scenario,cyp_cystitis,
17.166666666667,brain,2.363414107198565,0.988864531458,0.011135468542,0.2885919833420293,28.85919833420293,0.055167800636705705,5.516780063670571,0.2472161328645,24.72161328645,0.0031413198234833623,0.3141319823483362,0.0031413198234833623,0.00251305585878669,scenario,cyp_cystitis,
17.25,brain,2.360421929036027,0.988889390648,0.011110609352,0.288549772474723,28.854977247472302,0.055103233083630694,5.51032330836307,0.247222347662,24.7222347662,0.003137355262500326,0.3137355262500326,0.0031373552625003263,0.002509884210000261,scenario,cyp_cystitis,
17.333333333333,brain,2.357560252150745,0.988913961202,0.011086038798,0.28850962583772205,28.850962583772205,0.0550415140496294,5.50415140496294,0.2472284903005,24.72284903005,0.003133563582933379,0.3133563582933379,0.003133563582933379,0.0025068508663467033,scenario,cyp_cystitis,
17.416666666667,brain,2.354825688131932,0.98893823079,0.01106176921,0.2884714848717613,28.847148487176128,0.05498256956568172,5.498256956568172,0.2472345576975,24.72345576975,0.003129940299084438,0.3129940299084438,0.0031299402990844377,0.0025039522392675505,scenario,cyp_cystitis,
17.5,brain,2.352214848214544,0.98896218708,0.01103781292,0.28843529093702863,28.843529093702863,0.05492632555603817,5.492632555603818,0.24724054677,24.724054677,0.003126480924481758,0.3126480924481758,0.0031264809244817577,0.0025011847395854064,scenario,cyp_cystitis,
17.583333333333,brain,2.349724349035751,0.988985818782,0.011014181218,0.2884009857160077,28.84009857160077,0.05487270802734363,5.487270802734363,0.2472464546955,24.724645469549998,0.0031231809795222963,0.31231809795222965,0.0031231809795222967,0.0024985447836178374,scenario,cyp_cystitis,
17.666666666667,brain,2.3473508181047906,0.989009171874,0.010990828126,0.2883685277009282,28.83685277009282,0.05482164630990425,5.482164630990425,0.2472522929685,24.72522929685,0.003120035998734194,0.3120035998734194,0.003120035998734194,0.0024960287989873554,scenario,cyp_cystitis,
17.75,brain,2.3450908989857764,0.989032272719,0.010967727281,0.2883378698577545,28.83378698577545,0.054773068904005996,5.4773068904006,0.24725806817975,24.725806817975,0.0031170415376587366,0.3117041537658737,0.0031170415376587366,0.0024936332301269894,scenario,cyp_cystitis,
17.833333333333,brain,2.3429412561939955,0.989055116079,0.010944883921,0.2883089562210194,28.830895622101938,0.05472690293502585,5.472690293502585,0.24726377901975,24.726377901975,0.003114193179352444,0.31141931793524436,0.003114193179352444,0.002491354543481955,scenario,cyp_cystitis,
17.916666666667,brain,2.3408985798077575,0.989077696718,0.010922303282,0.2882817311904606,28.828173119046056,0.05468307601461411,5.468307601461412,0.2472694241795,24.726942417950003,0.003111486540511976,0.3111486540511976,0.003111486540511976,0.002489189232409581,scenario,cyp_cystitis,
18.0,brain,2.33895958979785,0.989100009401,0.010899990599,0.2882561396054816,28.825613960548157,0.05464151634030878,5.464151634030879,0.24727500235025,24.727500235024998,0.0031089172772245303,0.31089172772245305,0.00310891727722453,0.0024871338217796243,scenario,cyp_cystitis,
18.083333333333,brain,2.3371210400774514,0.98912204889,0.01087795111,0.28823212681404875,28.823212681404875,0.054602152788731706,5.460215278873171,0.2472805122225,24.72805122225,0.0031064810903474634,0.3106481090347463,0.003106481090347464,0.0024851848722779713,scenario,cyp_cystitis,
18.166666666667,brain,2.3353797222766692,0.989143809949,0.010856190051,0.28820963873958194,28.820963873958195,0.05456491500310926,5.456491500310926,0.24728595248725,24.728595248725,0.0031041737305226437,0.31041737305226436,0.0031041737305226437,0.002483338984418115,scenario,cyp_cystitis,
18.25,brain,2.333732469245811,0.989165287341,0.010834712659,0.2881886219409442,28.818862194094418,0.05452973347425889,5.452973347425889,0.24729132183525,24.729132183525,0.0031019910028309283,0.31019910028309283,0.003101991002830928,0.0024815928022647424,scenario,cyp_cystitis,
18.333333333333,brain,2.3321761582921594,0.989186475831,0.010813524169,0.28816902366968344,28.816902366968343,0.054496539615911235,5.449653961591124,0.24729661895775,24.729661895775,0.0030999287710930827,0.3099928771093083,0.0030999287710930827,0.0024799430168744663,scenario,cyp_cystitis,
18.416666666667,brain,2.3307077141560937,0.989207370181,0.010792629819,0.28815079192053833,28.815079192053833,0.05446526583371778,5.446526583371778,0.24730184254525,24.730184254525,0.003097982961824859,0.3097982961824859,0.0030979829618248593,0.0024783863694598876,scenario,cyp_cystitis,
18.5,brain,2.3293241117323107,0.989227965155,0.010772034845,0.28813387548054314,28.813387548054315,0.05443584558905756,5.443584558905757,0.24730699128875,24.730699128875,0.003096149567853839,0.30961495678538387,0.0030961495678538393,0.0024769196542830715,scenario,cyp_cystitis,
18.583333333333,brain,2.3280223785424106,0.989248255518,0.010751744482,0.2881182239721709,28.811822397217092,0.05440821345689455,5.4408213456894545,0.2473120638795,24.73120638795,0.0030944246516063437,0.30944246516063434,0.0030944246516063437,0.002475539721285075,scenario,cyp_cystitis,
18.666666666667,brain,2.326799596965967,0.989268236031,0.010731763969,0.28810378789121305,28.810378789121305,0.0543823051779507,5.43823051779507,0.24731705900775,24.731705900775,0.0030928043480738326,0.30928043480738326,0.003092804348073832,0.002474243478459066,scenario,cyp_cystitis,
18.75,brain,2.32565290623706,0.98928790146,0.01071209854,0.28809051864475255,28.809051864475254,0.054358057706336685,5.435805770633668,0.247321975365,24.7321975365,0.0030912848674680346,0.3091284867468035,0.003091284867468035,0.0024730278939744284,scenario,cyp_cystitis,
18.833333333333,brain,2.3245795042136272,0.989307246567,0.010692753433,0.28807836858003066,28.807836858003068,0.054335409251040905,5.43354092510409,0.24732681164175,24.732681164175,0.0030898624975745697,0.308986249757457,0.0030898624975745697,0.002471889998059656,scenario,cyp_cystitis,
18.916666666667,brain,2.3235766489276437,0.989326266116,0.010673733884,0.28806729101395134,28.806729101395135,0.054314299313268415,5.431429931326841,0.247331566529,24.7331566529,0.003088533605815656,0.3088533605815656,0.0030885336058156564,0.0024708268846525255,scenario,cyp_cystitis,
19.0,brain,2.3226416599239443,0.989344954871,0.010655045129,0.2880572402566534,28.80572402566534,0.054294668718537845,5.429466871853784,0.24733623871775,24.733623871775002,0.0030872946410322967,0.30872946410322966,0.0030872946410322967,0.0024698357128258375,scenario,cyp_cystitis,
19.083333333333,brain,2.3217719193957587,0.989363307595,0.010636692405,0.28804817163190816,28.804817163190815,0.054276459644210844,5.427645964421084,0.24734082689875,24.734082689875,0.0030861421349966125,0.3086142134996612,0.003086142134996613,0.0024689137079972907,scenario,cyp_cystitis,
19.166666666667,brain,2.3209648731254906,0.989381319051,0.010618680949,0.2880400414947739,28.804004149477393,0.054259615642698523,5.425961564269852,0.24734532976275,24.734532976275002,0.003085072703665659,0.3085072703665659,0.003085072703665659,0.0024680581629325272,scenario,cyp_cystitis,
19.25,brain,2.320218031239043,0.989398984004,0.010601015996,0.2880328072463568,28.803280724635684,0.05424408166047578,5.424408166047578,0.247349746001,24.7349746001,0.003084083048187732,0.3084083048187732,0.003084083048187732,0.002467266438550186,scenario,cyp_cystitis,
19.333333333333,brain,2.3195289687821274,0.989416297217,0.010583702783,0.2880264273437814,28.802642734378143,0.054229804052708566,5.422980405270857,0.24735407430425,24.735407430425,0.0030831699556723557,0.3083169955672356,0.0030831699556723552,0.002466535964537884,scenario,cyp_cystitis,
19.416666666667,brain,2.318895326127288,0.989433253453,0.010566746547,0.2880208613090114,28.802086130901138,0.05421673059434853,5.421673059434854,0.24735831336325,24.735831336325003,0.0030823302997355344,0.30823302997355345,0.0030823302997355344,0.0024658642397884277,scenario,cyp_cystitis,
19.5,brain,2.3183148092201167,0.989449847476,0.010550152524,0.28801606973462596,28.801606973462597,0.0542048104875013,5.42048104875013,0.247362461869,24.736246186899997,0.0030815610408315213,0.30815610408315214,0.0030815610408315218,0.0024652488326652178,scenario,cyp_cystitis,
19.583333333333,brain,2.3177851896731547,0.98946607405,0.01053392595,0.28801201428640427,28.80120142864043,0.054193994365205674,5.4193994365205675,0.2473665185125,24.73665185125,0.0030808592263823703,0.30808592263823703,0.0030808592263823708,0.002464687381105897,scenario,cyp_cystitis,
19.666666666667,brain,2.317304304716152,0.989481927937,0.010518072063,0.2880086577031551,28.80086577031551,0.0541842342918735,5.41842342918735,0.24737048198425,24.737048198425,0.003080221990716777,0.3080221990716777,0.0030802219907167766,0.0024641775925734214,scenario,cyp_cystitis,
19.75,brain,2.3168700570110308,0.989497436383,0.010502563617,0.2880059732502766,28.80059732502766,0.05417548553936881,5.417548553936881,0.24737435909575,24.737435909575,0.003079646554829293,0.3079646554829293,0.0030796465548292924,0.002463717243863434,scenario,cyp_cystitis,
19.833333333333,brain,2.3164804143399,0.989512661452,0.010487338548,0.28800394539393115,28.800394539393114,0.05416770670790822,5.4167706707908225,0.247378165363,24.7378165363,0.0030791302259709817,0.3079130225970982,0.0030791302259709813,0.0024633041807767854,scenario,cyp_cystitis,
19.916666666667,brain,2.316133409174438,0.989527607009,0.010472392991,0.28800254272148873,28.800254272148873,0.05416085462565167,5.416085462565167,0.24738190175225,24.738190175225,0.0030786703970825586,0.30786703970825585,0.0030786703970825586,0.002462936317666047,scenario,cyp_cystitis,
20.0,brain,2.3158271381347086,0.989542275335,0.010457724665,0.28800173441297333,28.800173441297332,0.054154887438964426,5.415488743896443,0.24738556883375,24.738556883375,0.0030782645460807156,0.30782645460807156,0.0030782645460807165,0.002462611636864573,scenario,cyp_cystitis,
20.083333333333,brain,2.315559761345325,0.989556668709,0.010443331291,0.28800149069175474,28.800149069175475,0.05414976468600631,5.414976468600631,0.24738916717725,24.738916717725,0.003077910235008143,0.3077910235008143,0.003077910235008143,0.0024623281880065146,scenario,cyp_cystitis,
20.166666666667,brain,2.3153295016968167,0.989570789414,0.010429210586,0.288001782814877,28.8001782814877,0.05414544728183594,5.414544728183595,0.2473926973535,24.73926973535,0.0030776051090576568,0.30776051090576567,0.003077605109057657,0.002462084087246126,scenario,cyp_cystitis,
20.25,brain,2.31513464401974,0.989584639729,0.010415360271,0.28800258305780274,28.800258305780275,0.054141897500736974,5.414189750073698,0.24739615993225,24.739615993225,0.003077346895480462,0.30773468954804617,0.0030773468954804614,0.002461877516384369,scenario,cyp_cystitis,
20.333333333333,brain,2.314973534178906,0.989598221936,0.010401778064,0.2880038647021411,28.80038647021411,0.054139078957521486,5.413907895752149,0.247399555484,24.7399555484,0.0030771334023883194,0.30771334023883196,0.003077133402388319,0.0024617067219106555,scenario,cyp_cystitis,
20.416666666667,brain,2.314844578094947,0.989611538315,0.010388461685,0.28800560201862246,28.800560201862247,0.05413695658649661,5.413695658649661,0.24740288457875,24.740288457875,0.003076962517459207,0.3076962517459207,0.0030769625174592065,0.002461570013967365,scenario,cyp_cystitis,
20.5,brain,2.314746240700126,0.989624591147,0.010375408853,0.2880077702512597,28.800777025125967,0.05413549661934629,5.413549661934629,0.24740614778675,24.740614778675,0.0030768322065556483,0.3076832206555648,0.0030768322065556483,0.0024614657652445187,scenario,cyp_cystitis,
20.583333333333,brain,2.3146770448351033,0.989637382713,0.010362617287,0.2880103455993177,28.80103455993177,0.054134666561423586,5.413466656142359,0.24740934567825,24.740934567824997,0.0030767405122646,0.30767405122646,0.0030767405122646006,0.002461392409811681,scenario,cyp_cystitis,
20.666666666667,brain,2.3146355700931447,0.989649915293,0.010350084707,0.2880133051983654,28.801330519836537,0.05413443516682053,5.413443516682053,0.24741247882325,24.741247882325,0.003076685552367524,0.3076685552367524,0.003076685552367524,0.0024613484418940196,scenario,cyp_cystitis,
20.75,brain,2.3146204516179694,0.989662191168,0.010337808832,0.28801662710139003,28.801662710139002,0.05413477241252006,5.413477241252005,0.247415547792,24.7415547792,0.0030766655182488567,0.30766655182488567,0.003076665518248857,0.002461332414599086,scenario,cyp_cystitis,
20.833333333333,brain,2.3146303788611986,0.989674212619,0.010325787381,0.2880202902583282,28.80202902583282,0.0541356494714376,5.41356494714376,0.24741855315475,24.741855315475,0.003076678673250797,0.30766786732507967,0.0030766786732507974,0.0024613429386006382,scenario,cyp_cystitis,
20.916666666667,brain,2.314664094305115,0.989685981926,0.010314018074,0.2880242744949848,28.80242744949848,0.05413703868464638,5.413703868464638,0.2474214954815,24.74214954815,0.003076723350981982,0.3076723350981982,0.0030767233509819826,0.002461378680785586,scenario,cyp_cystitis,
21.0,brain,2.3147203921561577,0.989697501371,0.010302498629,0.28802856049259634,28.802856049259635,0.05413891353312847,5.413891353312847,0.24742437534275,24.742437534275,0.00307679795358726,0.30767979535872597,0.00307679795358726,0.0024614383628698082,scenario,cyp_cystitis,
21.083333333333,brain,2.314798117014346,0.989708773233,0.010291226767,0.288033129764635,28.803312976463502,0.054141248608513354,5.414124860851335,0.24742719330825,24.742719330825,0.00307690094998544,0.307690094998544,0.0030769009499854397,0.002461520759988352,scenario,cyp_cystitis,
21.166666666667,brain,2.3148961625235263,0.989719799795,0.010280200205,0.28803796463675707,28.803796463675706,0.05414401958400941,5.4144019584009415,0.24742994994875,24.742994994875,0.0030770308740815317,0.30770308740815316,0.0030770308740815312,0.002461624699265225,scenario,cyp_cystitis,
21.25,brain,2.3150134700070923,0.989730583336,0.010269416664,0.2880430482221178,28.80430482221178,0.054147203184157056,5.414720318415705,0.247432645834,24.7432645834,0.0030771863229596256,0.3077186322959626,0.0030771863229596256,0.0024617490583677005,scenario,cyp_cystitis,
21.333333333333,brain,2.315149027093587,0.989741126137,0.010258873863,0.28804836440056786,28.804836440056786,0.05415077715509043,5.415077715509043,0.24743528153425,24.743528153425,0.0030773659550622843,0.30773659550622845,0.0030773659550622848,0.002461892764049828,scenario,cyp_cystitis,
21.416666666667,brain,2.3153018663362785,0.98975143048,0.01024856952,0.2880538977956887,28.80538977956887,0.054154720234251594,5.415472023425159,0.24743785762,24.743785762,0.003077568488361862,0.3077568488361862,0.003077568488361862,0.0024620547906894896,scenario,cyp_cystitis,
21.5,brain,2.315471063830608,0.989761498644,0.010238501356,0.28805963375089877,28.805963375089878,0.05415901211986502,5.415901211986502,0.247440374661,24.7440374661,0.0030777926985289267,0.30777926985289267,0.0030777926985289267,0.0024622341588231415,scenario,cyp_cystitis,
21.583333333333,brain,2.3156557378331266,0.98977133291,0.01022866709,0.28806555830818337,28.806555830818336,0.05416363344091117,5.416363344091117,0.2474428332275,24.74428332275,0.0030780374171025973,0.3078037417102597,0.0030780374171025977,0.002462429933682078,scenario,cyp_cystitis,
21.666666666667,brain,2.315855047385284,0.98978093556,0.01021906444,0.2880716581851412,28.807165818514118,0.054168565726854905,5.41685657268549,0.24744523389,24.744523389,0.0030783015296672405,0.30783015296672406,0.0030783015296672405,0.0024626412237337926,scenario,cyp_cystitis,
21.75,brain,2.3160681909451917,0.989790308874,0.010209691126,0.288077920751564,28.807792075156403,0.05417379137741869,5.417379137741869,0.2474475772185,24.74475772185,0.0030785839740396863,0.30785839740396864,0.0030785839740396863,0.0024628671792317493,scenario,cyp_cystitis,
21.833333333333,brain,2.3162944050303005,0.989799457101,0.010200542899,0.2880843345807218,28.80843345807218,0.054179293740629075,5.417929374062908,0.24744986427525,24.744986427525,0.003078883738470856,0.30788837384708556,0.0030788837384708554,0.0024631069907766843,scenario,cyp_cystitis,
21.916666666667,brain,2.3165329628735956,0.98980839569,0.01019160431,0.2880908921139805,28.80908921139805,0.05418505758864065,5.4185057588640655,0.2474520989225,24.74520989225,0.003079199859865256,0.3079199859865256,0.0030791998598652557,0.0024633598878922047,scenario,cyp_cystitis,
22.0,brain,2.316783173095786,0.989817130445,0.010182869555,0.2880975835719472,28.80975835719472,0.05419106794759628,5.419106794759628,0.24745428261125,24.745428261125,0.0030795314220216355,0.3079531422021635,0.003079531422021635,0.0024636251376173083,scenario,cyp_cystitis,
22.083333333333,brain,2.317044378395736,0.989825664966,0.010174335034,0.28810439909847707,28.81043990984771,0.05419731047596946,5.419731047596946,0.2474564162415,24.74564162415,0.0030798775538977735,0.30798775538977735,0.0030798775538977735,0.002463902043118219,scenario,cyp_cystitis,
22.166666666667,brain,2.3173159542611033,0.989834002852,0.010165997148,0.28811132938055345,28.811132938055344,0.054203771556737924,5.420377155673792,0.247458500713,24.745850071299998,0.0030802374279020185,0.30802374279020184,0.0030802374279020185,0.002464189942321615,scenario,cyp_cystitis,
22.25,brain,2.317597307701035,0.989842147704,0.010157852296,0.28811836562821563,28.811836562821565,0.05421043826962085,5.4210438269620855,0.247460536926,24.7460536926,0.0030806102582140293,0.30806102582140293,0.0030806102582140293,0.0024644882065712236,scenario,cyp_cystitis,
22.333333333333,brain,2.3178878760025703,0.98985010312,0.01014989688,0.28812549955254296,28.812549955254298,0.05421729836339062,5.421729836339062,0.24746252578,24.746252578,0.0030809952991369067,0.30809952991369066,0.003080995299136907,0.0024647962393095258,scenario,cyp_cystitis,
22.416666666667,brain,2.3181871255121367,0.989857872701,0.010142127299,0.2881327233472487,28.81327233472487,0.054224340229331584,5.4224340229331585,0.24746446817525,24.746446817525,0.003081391843482556,0.3081391843482556,0.0030813918434825565,0.0024651134747860452,scenario,cyp_cystitis,
22.5,brain,2.3184945504434338,0.989865460045,0.010134539955,0.28814002966721186,28.814002966721187,0.05423155287461583,5.423155287461583,0.24746636501125,24.746636501125,0.003081799220992004,0.30817992209920037,0.0030817992209920043,0.0024654393767936035,scenario,cyp_cystitis,
22.583333333333,brain,2.3188096717128315,0.989872868752,0.010127131248,0.2881474116106611,28.81474116106611,0.05423892589688148,5.423892589688148,0.247468217188,24.7468217188,0.003082216796792152,0.3082216796792152,0.0030822167967921523,0.002465773437433722,scenario,cyp_cystitis,
22.666666666667,brain,2.3191320358031646,0.989880102423,0.010119897577,0.2881548627000771,28.81548627000771,0.054246449459102855,5.424644945910286,0.24747002560575,24.747002560574998,0.003082643969890156,0.3082643969890156,0.003082643969890156,0.0024661151759121248,scenario,cyp_cystitis,
22.75,brain,2.319461213656734,0.989887164655,0.010112835345,0.28816237686241036,28.816237686241035,0.05425411426488047,5.425411426488047,0.24747179116375,24.747179116375,0.003083080171706489,0.30830801717064893,0.003083080171706489,0.0024664641373651915,scenario,cyp_cystitis,
22.833333333333,brain,2.3197967995982016,0.989894059049,0.010105940951,0.2881699484135739,28.816994841357392,0.054261911535098524,5.426191153509852,0.24747351476225,24.747351476225,0.003083524864647614,0.30835248646476143,0.003083524864647614,0.0024668198917180916,scenario,cyp_cystitis,
22.916666666667,brain,2.320138410287814,0.989900789204,0.010099210796,0.28817757203936045,28.817757203936047,0.054269832984480584,5.426983298448058,0.247475197301,24.747519730100002,0.0030839775407188364,0.30839775407188363,0.003083977540718837,0.0024671820325750694,scenario,cyp_cystitis,
23.0,brain,2.3204856837053796,0.98990735872,0.01009264128,0.28818524277948526,28.818524277948526,0.054277870799313704,5.42778707993137,0.24747683968,24.747683968,0.0030844377201779015,0.30844377201779016,0.0030844377201779015,0.0024675501761423214,scenario,cyp_cystitis,
23.083333333333,brain,2.320838278165296,0.989913771196,0.010086228804,0.2881929560106858,28.81929560106858,0.05428601761558108,5.428601761558108,0.247478442799,24.7478442799,0.0030849049502297346,0.30849049502297343,0.003084904950229735,0.0024679239601837883,scenario,cyp_cystitis,
23.166666666667,brain,2.321195871362713,0.989920030232,0.010079969768,0.28820070743149906,28.820070743149905,0.05429426649799873,5.429426649799874,0.247480007558,24.7480007558,0.003085378803762439,0.3085378803762439,0.0030853788037624396,0.0024683030430099518,scenario,cyp_cystitis,
23.25,brain,2.3215581594509205,0.989926139427,0.010073860573,0.28820849304639,28.820849304639,0.054302610919520024,5.430261091952002,0.24748153485675,24.748153485675,0.0030858588781246614,0.30858588781246615,0.003085858878124662,0.00246868710249973,scenario,cyp_cystitis,
23.333333333333,brain,2.321924856149954,0.989932102381,0.010067897619,0.28821630915156043,28.821630915156042,0.05431104474174724,5.431104474174724,0.24748302559525,24.748302559525,0.003086344793944328,0.3086344793944328,0.0030863447939443274,0.002469075835155462,scenario,cyp_cystitis,
23.416666666667,brain,2.3222956918862177,0.989937922693,0.010062077307,0.2882241523201052,28.822415232010517,0.05431956219580694,5.4319562195806945,0.24748448067325,24.748448067325,0.0030868361939884797,0.308683619398848,0.0030868361939884793,0.0024694689551907835,scenario,cyp_cystitis,
23.5,brain,2.3226704129629416,0.989943603963,0.010056396037,0.2882320193888434,28.823201938884342,0.054328157864124545,5.432815786412455,0.24748590099075,24.748590099075,0.0030873327420639705,0.30873327420639707,0.0030873327420639705,0.0024698661936511765,scenario,cyp_cystitis,
23.583333333333,brain,2.3230487807612388,0.98994914979,0.01005085021,0.2882399074444907,28.82399074444907,0.05433682666265426,5.433682666265426,0.2474872874475,24.74872874475,0.003087834121958706,0.3087834121958706,0.0030878341219587064,0.0024702672975669654,scenario,cyp_cystitis,
23.666666666667,brain,2.3234305709713237,0.989954563774,0.010045436226,0.28824781381149533,28.824781381149535,0.054345563823993796,5.434556382399379,0.2474886409435,24.74886409435,0.0030883400364228584,0.30883400364228586,0.003088340036422859,0.0024706720291382874,scenario,cyp_cystitis,
23.75,brain,2.323815572853519,0.989959849514,0.010040150486,0.2882557360392027,28.82557360392027,0.054354364880936895,5.435436488093689,0.2474899623785,24.748996237849997,0.003088850206189552,0.30888502061895523,0.0030888502061895517,0.0024710801649516414,scenario,cyp_cystitis,
23.833333333333,brain,2.324203588528629,0.98996501061,0.01003498939,0.2882636718906702,28.82636718906702,0.05436322565089364,5.436322565089364,0.2474912526525,24.74912526525,0.0030893643690344625,0.30893643690344624,0.0030893643690344625,0.00247149149522757,scenario,cyp_cystitis,
23.916666666667,brain,2.3245944322970704,0.989970050806,0.010029949194,0.2882716193730175,28.82716193730175,0.05437214222868996,5.437214222868996,0.2474925127015,24.74925127015,0.00308988227887353,0.30898822788735303,0.0030898822788735306,0.0024719058230988247,scenario,cyp_cystitis,
24.0,brain,2.324987929986252,0.989974986596,0.010025013404,0.28827958039746016,28.827958039746015,0.05438111166461352,5.438111166461352,0.247493746649,24.7493746649,0.0030904037048981054,0.30904037048981053,0.0030904037048981054,0.0024723229639184844,scenario,cyp_cystitis,
