time_h,tissue,histamine_nm,R_surf,R_int,G_signal,G_signal_pct,G_signal_ligand,G_signal_ligand_pct,G_signal_constitutive,G_signal_constitutive_pct,beta_arr_signal,beta_arr_signal_pct,internalization_drive,k_int_eff_per_h,driver_type,driver_id,antagonist_concentration_nm
0.0,bladder,20.555449826912117,0.937479228481,0.062520771519,0.3491884503671566,34.91884503671566,0.3182257778348491,31.822577783484913,0.04687396142405,4.687396142405,0.026676120225272902,2.6676120225272903,0.026676120225272902,0.03334515028159113,scenario,cyp_cystitis,0.001
0.083333333333,bladder,19.469503483054474,0.937630449931,0.062369550069,0.33763496383417013,33.763496383417014,0.30605625403960013,30.605625403960012,0.046881522496550004,4.688152249655,0.0246640758047702,2.46640758047702,0.024664075804770196,0.030830094755962746,scenario,cyp_cystitis,26.556806673157148
0.166666666667,bladder,16.81134590056803,0.937993944933,0.062006055067,0.30895481745831127,30.895481745831127,0.27584749495964345,27.584749495964346,0.04689969724665,4.6899697246650005,0.020841050405749476,2.0841050405749475,0.020841050405749476,0.026051313007186844,scenario,cyp_cystitis,53.112613346632955
0.25,bladder,14.107898239165253,0.938701850886,0.061298149114,0.27719095072862887,27.71909507286289,0.24237458756245145,24.237458756245147,0.046935092544300006,4.69350925443,0.017124161522019152,1.7124161522019152,0.017124161522019152,0.02140520190252394,scenario,cyp_cystitis,79.66842001979009
0.333333333333,bladder,12.345407569589499,0.939678101487,0.060321898513,0.2547111867756288,25.47111867756288,0.2186602965276619,21.86602965276619,0.046983905074350005,4.6983905074350005,0.014661767812503243,1.4661767812503244,0.014661767812503243,0.018327209765629054,scenario,cyp_cystitis,106.22422669294728
0.416666666667,bladder,11.579078380413122,0.940797634086,0.059202365914,0.24429583077144712,24.429583077144713,0.20763784112331277,20.763784112331276,0.047039881704300006,4.703988170430001,0.013445844217875461,1.344584421787546,0.01344584421787546,0.016807305272344322,scenario,cyp_cystitis,132.78003336642303
0.5,bladder,11.417160458078335,0.941973960789,0.058026039211,0.24178336637041542,24.178336637041543,0.20493122982206888,20.493122982206888,0.04709869803945,4.709869803945,0.012960510482049149,1.2960510482049148,0.012960510482049149,0.016200638102561435,scenario,cyp_cystitis,159.33584003958023
0.583333333333,bladder,11.514853243236969,0.943109569279,0.056890430721,0.2427189290365403,24.27189290365403,0.20585626376062136,20.585626376062134,0.047155478463950004,4.715547846395,0.012781023366271174,1.2781023366271174,0.012781023366271176,0.01597627920783897,scenario,cyp_cystitis,185.89164671273733
0.666666666667,bladder,11.705727363009851,0.944207268424,0.055792731576,0.24486844432984434,24.486844432984434,0.208061137798573,20.8061137798573,0.047210363421200004,4.721036342120001,0.012709231542424095,1.2709231542424095,0.012709231542424093,0.015886539428030116,scenario,cyp_cystitis,212.44745338621308
0.75,bladder,11.936689170557148,0.945261370822,0.054738629178,0.2475081227471636,24.75081227471636,0.21078426758533012,21.078426758533013,0.0472630685411,4.726306854110001,0.012682561598537666,1.2682561598537665,0.012682561598537668,0.015853201998172084,scenario,cyp_cystitis,239.00326005937023
0.833333333333,bladder,12.196883947700995,0.946271590121,0.053728409879,0.2504827403633336,25.04827403633336,0.2138622745866144,21.386227458661438,0.04731357950605,4.731357950605,0.012687032423992387,1.2687032423992388,0.012687032423992387,0.015858790529990483,scenario,cyp_cystitis,265.55906673252736
0.916666666667,bladder,12.486246370197202,0.947237281006,0.052762718994,0.25377940543272065,25.377940543272064,0.21728162250781125,21.728162250781125,0.047361864050300004,4.736186405030001,0.012720657540976179,1.272065754097618,0.012720657540976179,0.015900821926220225,scenario,cyp_cystitis,292.11487340600337
1.0,bladder,12.806738294006486,0.948151596139,0.051848403861,0.25740828784169084,25.740828784169086,0.2210533768786746,22.10533768786746,0.047407579806950005,4.740757980695,0.01278360318918464,1.278360318918464,0.012783603189184638,0.0159795039864808,scenario,cyp_cystitis,318.6706800791604
1.083333333333,bladder,13.160635160454543,0.949011024631,0.050988975369,0.261645120962215,26.164512096221497,0.22546796813754208,22.54679681375421,0.04745055123155,4.745055123155,0.012973533717763653,1.2973533717763652,0.012973533717763655,0.01621691714720457,scenario,cyp_cystitis,335.01485912735734
1.166666666667,bladder,13.550267687212457,0.949815566482,0.050184433518,0.2662447639355269,26.624476393552687,0.23026735327518622,23.026735327518622,0.04749077832410001,4.749077832410001,0.013193135494841662,1.3193135494841663,0.013193135494841662,0.016491419368552078,scenario,cyp_cystitis,351.3590381757505
1.25,bladder,13.977975435917488,0.950565221693,0.049434778307,0.27121740296311536,27.121740296311536,0.2354622546089109,23.54622546089109,0.04752826108465,4.752826108464999,0.01344352295980612,1.344352295980612,0.01344352295980612,0.01680440369975765,scenario,cyp_cystitis,367.7032172239474
1.333333333333,bladder,14.446080872967489,0.951259990263,0.048740009737,0.2765702782543837,27.65702782543837,0.24106029341182494,24.106029341182495,0.04756299951315,4.756299951315,0.01372573210552001,1.372573210552001,0.01372573210552001,0.017157165131900014,scenario,cyp_cystitis,384.0473962721443
1.416666666667,bladder,14.956862625539502,0.951899872192,0.048100127808,0.28230729411822925,28.230729411822924,0.24706557948276767,24.706557948276767,0.047594993609600005,4.7594993609600005,0.014040699352988626,1.4040699352988626,0.014040699352988628,0.017550874191235785,scenario,cyp_cystitis,400.3915753205377
1.5,bladder,15.512526265224263,0.952482478646,0.047517521354,0.2884279473760198,28.842794737601977,0.2534777088881261,25.347770888812608,0.047624123932300005,4.762412393230001,0.014389239732987245,1.4389239732987245,0.014389239732987245,0.01798654966623406,scenario,cyp_cystitis,416.73575436873466
1.583333333333,bladder,16.115172667342524,0.953003144553,0.046996855447,0.2949269897656205,29.49269897656205,0.2602914026715479,26.029140267154787,0.04765015722765,4.765015722765,0.014772024524482752,1.4772024524482752,0.01477202452448275,0.01846503065560344,scenario,cyp_cystitis,433.0799334169314
1.666666666667,bladder,16.766764161833343,0.953461748438,0.046538251562,0.3017962730287573,30.179627302875726,0.2674980901124813,26.749809011248132,0.047673087421900004,4.76730874219,0.015189558641361274,1.5189558641361274,0.015189558641361272,0.01898694830170159,scenario,cyp_cystitis,449.42411246532487
1.75,bladder,17.469088762520904,0.953858290301,0.046141709699,0.3090233255702356,30.90233255702356,0.27508464321598486,27.508464321598485,0.047692914515050006,4.7692914515050004,0.015642158098986902,1.5642158098986902,0.015642158098986905,0.01955269762373363,scenario,cyp_cystitis,465.7682915135215
1.833333333333,bladder,18.22372282885462,0.954192770142,0.045807229858,0.31659126733848464,31.659126733848463,0.28303329350672063,28.303329350672062,0.0477096385071,4.77096385071,0.016129927923160627,1.6129927923160627,0.016129927923160627,0.02016240990395078,scenario,cyp_cystitis,482.11247056171874
1.916666666667,bladder,19.031992580948042,0.95446518796,0.04553481204,0.32447885945752636,32.44788594575264,0.29132168427318567,29.132168427318568,0.047723259398000005,4.772325939800001,0.01665274088933158,1.6652740889331579,0.01665274088933158,0.020815926111664475,scenario,cyp_cystitis,498.4566496101117
2.0,bladder,19.894934954180734,0.954673507256,0.045326492744,0.33265994570704543,33.26599457070454,0.29992238983604785,29.992238983604786,0.0477336753628,4.77336753628,0.017210217498856945,1.7210217498856946,0.017210217498856945,0.02151277187357118,scenario,cyp_cystitis,514.8008286583088
2.083333333333,bladder,20.81325834149058,0.954804177616,0.045195822384,0.34152616927824714,34.15261692782472,0.30924837936573385,30.924837936573386,0.0477402088808,4.77402088808,0.017962975474177245,1.7962975474177245,0.017962975474177245,0.022453719342721556,scenario,cyp_cystitis,517.1495629438754
2.166666666667,bladder,21.78730382779719,0.954854703178,0.045145296822,0.35062908770999174,35.06290877099917,0.318827739527465,31.8827739527465,0.047742735158900006,4.774273515890001,0.01875933956711856,1.875933956711856,0.018759339567118564,0.023449174458898204,scenario,cyp_cystitis,519.4982972294702
2.25,bladder,22.81700757075368,0.95482508394,0.04517491606,0.3599311664880645,35.99311664880645,0.3286209603063837,32.86209603063837,0.047741254197,4.774125419700001,0.019598834273969364,1.9598834273969363,0.019598834273969364,0.024498542842461703,scenario,cyp_cystitis,521.8470315150367
2.333333333333,bladder,23.901865022655258,0.954715319904,0.045284680096,0.3693919612350015,36.93919612350015,0.3385854686734753,33.85854686734753,0.047735765995200005,4.77357659952,0.02048060654221238,2.048060654221238,0.02048060654221238,0.025600758177765477,scenario,cyp_cystitis,524.1957658006037
2.416666666667,bladder,25.040897717868443,0.95452463205,0.04547536795,0.37896839594420306,37.89683959442031,0.3486759624649506,34.86759624649506,0.0477262316025,4.77262316025,0.021403404660710716,2.1403404660710716,0.021403404660710716,0.026754255825888397,scenario,cyp_cystitis,526.5445000861985
2.5,bladder,26.23262336791749,0.954250653123,0.045749346877,0.38861502342883647,38.86150234288365,0.35884472712914367,35.884472712914366,0.04771253265615,4.771253265615,0.02236556087886508,2.236556087886508,0.02236556087886508,0.027956951098581352,scenario,cyp_cystitis,528.8932343717652
2.583333333333,bladder,27.47503000998276,0.953893220147,0.046106779853,0.3982861774249565,39.828617742495645,0.3690437014922174,36.90437014922174,0.04769466100735,4.769466100735,0.023364978302306123,2.3364978302306123,0.023364978302306123,0.029206222877882652,scenario,cyp_cystitis,531.2419686573317
2.666666666667,bladder,28.765554942575232,0.953452333121,0.046547666879,0.4079358631914498,40.79358631914498,0.379224470037263,37.9224470037263,0.04767261665605,4.767261665605,0.024399122563001946,2.4399122563001945,0.024399122563001942,0.03049890320375243,scenario,cyp_cystitis,533.5907029429263
2.75,bladder,30.101069154732745,0.952927992047,0.047072007953,0.4175183257378443,41.751832573784434,0.3893388696163098,38.93388696163098,0.04764639960235,4.764639960235,0.025465018697884357,2.5465018697884356,0.025465018697884353,0.031831273372355445,scenario,cyp_cystitis,535.9394372284934
2.833333333333,bladder,31.477867910531376,0.952322194757,0.047677805243,0.4269895378383345,42.698953783833446,0.39934045063208895,39.93404506320889,0.04761610973785,4.761610973785,0.026559253592462514,2.6559253592462513,0.026559253592462518,0.03319906699057815,scenario,cyp_cystitis,538.2881715140596
2.916666666667,bladder,32.89166808858644,0.951637875511,0.048362124489,0.4363073521742556,43.63073521742556,0.4091846930512691,40.91846930512691,0.04758189377555,4.758189377555,0.02767798425589517,2.767798425589517,0.02767798425589517,0.034597480319868965,scenario,cyp_cystitis,540.6369057996545
3.0,bladder,34.33761279799859,0.950875060242,0.049124939758,0.4454302150708483,44.54302150708483,0.4188278547986824,41.88278547986824,0.0475437530121,4.7543753012100005,0.02881695209477798,2.881695209477798,0.028816952094777977,0.03602119011847247,scenario,cyp_cystitis,542.9856400852215
3.083333333333,bladder,35.810283697268886,0.950033748949,0.049966251051,0.45431879264519137,45.43187926451914,0.42822853178709624,42.82285317870962,0.04750168744745,4.750168744745,0.029971503245990724,2.9971503245990725,0.029971503245990728,0.03746437905748841,scenario,cyp_cystitis,545.3343743707883
3.166666666667,bladder,37.30372133199148,0.949114029098,0.050885970902,0.4629363396554452,46.293633965544515,0.4373480402111002,43.734804021110016,0.0474557014549,4.74557014549,0.03113661491705988,3.113661491705988,0.031136614917059883,0.038920768646324856,scenario,cyp_cystitis,547.6831086563827
3.25,bladder,38.81145368359,0.948124650464,0.051875349536,0.47125319987059766,47.12531998705977,0.4461547024709449,44.61547024709449,0.047406232523200004,4.740623252320001,0.03230692756975733,3.230692756975733,0.032306927569757324,0.04038365946219666,scenario,cyp_cystitis,550.0318429419494
3.333333333333,bladder,40.326532985625605,0.947071423761,0.052928576239,0.4792414802834909,47.92414802834909,0.45461885167941146,45.46188516794115,0.04735357118805,4.735357118805,0.033476782671079355,3.3476782671079355,0.033476782671079355,0.04184597833884919,scenario,cyp_cystitis,552.380577227516
3.416666666667,bladder,41.84158071859321,0.945954348988,0.054045651012,0.4868734994839067,48.68734994839067,0.46271134951000703,46.271134951000704,0.047297717449400006,4.729771744940001,0.03464026562830378,3.464026562830378,0.03464026562830379,0.04330033203537974,scenario,cyp_cystitis,554.7293115131112
3.5,bladder,43.34884054292372,0.944773426145,0.055226573855,0.49412457731938775,49.41245773193877,0.4704062168548819,47.04062168548819,0.047238671307250006,4.723867130725001,0.03579125342550269,3.579125342550269,0.03579125342550269,0.04473906678187836,scenario,cyp_cystitis,557.0780457986779
3.583333333333,bladder,44.840238774795814,0.943528655233,0.056471344767,0.5009729873481301,50.09729873481301,0.4776805837752423,47.768058377524234,0.047176432761650004,4.717643276165,0.03692346638909024,3.692346638909024,0.036923466389090234,0.04615433298636279,scenario,cyp_cystitis,559.4267800842443
3.666666666667,bladder,46.30745185369036,0.942231787773,0.057768212227,0.5074061881755554,50.740618817555536,0.48452063030200576,48.45206303020058,0.04711158938865,4.711158938865,0.03803052343185042,3.803052343185042,0.03803052343185042,0.04753815428981303,scenario,cyp_cystitis,561.775514369839
3.75,bladder,47.741980099450366,0.940896643329,0.059103356671,0.5134158224722656,51.341582247226555,0.49091683190085844,49.091683190085845,0.04704483216645,4.704483216645,0.03910600006122246,3.910600006122246,0.039106000061222466,0.048882500076528085,scenario,cyp_cystitis,564.1242486554058
3.833333333333,bladder,49.13522691208793,0.939523244158,0.060476755842,0.5189888048102501,51.89888048102501,0.49685541326563176,49.685541326563175,0.046976162207900005,4.6976162207900005,0.04014348838840507,4.014348838840507,0.04014348838840507,0.050179360485506336,scenario,cyp_cystitis,566.4729829409723
3.916666666667,bladder,50.47858243339961,0.938111590261,0.061888409739,0.5241143314528186,52.41143314528186,0.5023250020418617,50.23250020418617,0.04690557951305,4.690557951305,0.04113665834074019,4.113665834074019,0.04113665834074019,0.051420822925925244,scenario,cyp_cystitis,568.8217172265673
4.0,bladder,51.7635105705636,0.936661681637,0.063338318363,0.5287836850502999,52.87836850503,0.5073164220720525,50.731642207205255,0.04683308408185,4.683308408185001,0.0420793192619944,4.20793192619944,0.04207931926199441,0.05259914907749301,scenario,cyp_cystitis,571.1704515121339
4.083333333333,bladder,52.98163818012238,0.935178996911,0.064821003089,0.5332522444154603,53.32522444154603,0.5120982048104319,51.20982048104319,0.046758949845550006,4.675894984555001,0.04316853152087677,4.316853152087677,0.04316853152087677,0.05396066440109596,scenario,cyp_cystitis,565.7855966307209
4.166666666667,bladder,54.12484512923419,0.933674557507,0.066325442493,0.5372603093014149,53.72603093014149,0.516396401501121,51.6396401501121,0.04668372787535,4.6683727875350005,0.044204281506679335,4.4204281506679335,0.04420428150667934,0.05525535188334918,scenario,cyp_cystitis,560.4007417492433
4.25,bladder,55.1853538936598,0.93214867555,0.06785132445,0.5408045271668137,54.08045271668137,0.5202074667255934,52.02074667255934,0.046607433777500006,4.66074337775,0.04518029987232122,4.518029987232122,0.04518029987232122,0.05647537484040153,scenario,cyp_cystitis,555.0158868678303
4.333333333333,bladder,56.155817319328094,0.930601351039,0.069398648961,0.5438826367486014,54.38826367486014,0.5235290202070014,52.35290202070014,0.04653006755195,4.653006755195,0.046090595053620786,4.609059505362079,0.04609059505362079,0.05761324381702599,scenario,cyp_cystitis,549.6310319864175
4.416666666667,bladder,57.0294031682204,0.929032583973,0.070967416027,0.5464934500445989,54.649345004459896,0.5263598114167884,52.63598114167885,0.04645162919865001,4.645162919865001,0.04692951322063622,4.692951322063622,0.04692951322063621,0.05866189152579526,scenario,cyp_cystitis,544.2461771049398
4.5,bladder,57.799874091655,0.927446455269,0.072553544731,0.548639087692766,54.863908769276605,0.5287018578203326,52.87018578203326,0.046372322763450005,4.637232276345,0.04769179525641817,4.769179525641817,0.047691795256418174,0.05961474407052272,scenario,cyp_cystitis,538.8613222235267
4.583333333333,bladder,58.46166172381478,0.925860831908,0.074139168092,0.5503306445174058,55.03306445174058,0.5305658978126376,53.05658978126376,0.0462930415954,4.62930415954,0.048372630054385114,4.837263005438511,0.04837263005438512,0.060465787567981405,scenario,cyp_cystitis,533.4764673421137
4.666666666667,bladder,59.00993366533973,0.924285664637,0.075714335363,0.5515752394790661,55.157523947906604,0.531958901312859,53.19589013128589,0.046214283231850006,4.621428323185,0.04896770348357261,4.89677034835726,0.04896770348357261,0.06120962935446576,scenario,cyp_cystitis,528.0916124606363
4.75,bladder,59.44065223056165,0.922729962552,0.077270037448,0.5523799085748239,55.23799085748239,0.532887800470762,53.2887800470762,0.046136498127600005,4.61364981276,0.049473242435763475,4.947324243576348,0.04947324243576347,0.06184155304470433,scenario,cyp_cystitis,522.7067575792231
4.833333333333,bladder,59.750623959633124,0.921202734747,0.078797265253,0.5527520139902151,55.27520139902151,0.5333598707924896,53.33598707924896,0.04606013673735,4.606013673735,0.049886053437462254,4.988605343746225,0.04988605343746225,0.06235756679682781,scenario,cyp_cystitis,517.3219026978104
4.916666666667,bladder,59.937539046229546,0.919712990316,0.080287009684,0.5526991204071784,55.26991204071784,0.533382600938293,53.338260093829305,0.0459856495158,4.59856495158,0.05020355538170913,5.0203555381709135,0.05020355538170914,0.06275444422713643,scenario,cyp_cystitis,511.93704781633267
5.0,bladder,60.0,0.918268211557,0.081731788443,0.5522279743265538,55.222797432655376,0.5329626986828461,53.296269868284604,0.045913410577850006,4.591341057785001,0.05042380600918661,5.042380600918661,0.05042380600918661,0.06302975751148326,scenario,cyp_cystitis,506.55219293491984
5.083333333333,bladder,59.937539046229546,0.916872760866,0.083127239134,0.5513434651370904,55.13434651370904,0.5321050811513584,53.21050811513584,0.0458436380433,4.584363804330001,0.05054552184339334,5.054552184339334,0.05054552184339333,0.06318190230424166,scenario,cyp_cystitis,501.16733805350674
5.166666666667,bladder,59.750623959633124,0.915533779025,0.084466220975,0.5500521241518816,55.00521241518817,0.5308162475796123,53.08162475796123,0.045776688951250005,4.577668895125001,0.05056809136053088,5.056809136053088,0.05056809136053087,0.0632101142006636,scenario,cyp_cystitis,495.78248317202895
5.25,bladder,59.44065223056165,0.914258564615,0.085741435385,0.548360521673663,54.8360521673663,0.5291027299399085,52.910272993990844,0.04571292823075,4.571292823075,0.05049158125099985,5.049158125099985,0.05049158125099985,0.06311447656374981,scenario,cyp_cystitis,490.39762829061607
5.333333333333,bladder,59.00993366533973,0.913054416214,0.086945583786,0.5462751615683977,54.627516156839775,0.5269709902712607,52.69709902712607,0.0456527208107,4.56527208107,0.050316735705423186,5.031673570542319,0.05031673570542319,0.06289591963177898,scenario,cyp_cystitis,485.01277340920325
5.416666666667,bladder,58.46166172381478,0.911928632404,0.088071367596,0.5438024910676144,54.38024910676143,0.5244274309972783,52.44274309972783,0.0455964316202,4.55964316202,0.05004496873417432,5.004496873417432,0.05004496873417432,0.0625562109177179,scenario,cyp_cystitis,479.6279185277255
5.5,bladder,57.799874091655,0.910885759023,0.089114240977,0.5409472959398239,54.09472959398239,0.5214768505143936,52.14768505143936,0.04554428795115,4.554428795115,0.04967834960541165,4.967834960541165,0.049678349605411655,0.06209793700676457,scenario,cyp_cystitis,474.2430636463127
5.583333333333,bladder,57.0294031682204,0.909926719219,0.090073280781,0.537712276525792,53.7712276525792,0.5181220426998338,51.812204269983376,0.045496335960950006,4.549633596095001,0.04921958156248512,4.921958156248512,0.04921958156248512,0.0615244769531064,scenario,cyp_cystitis,468.85820876489964
5.666666666667,bladder,56.155817319328094,0.909056285073,0.090943714927,0.5341025816464053,53.41025816464053,0.5143681762029003,51.43681762029003,0.04545281425365,4.545281425364999,0.04867197405753617,4.867197405753617,0.04867197405753617,0.060839967571920214,scenario,cyp_cystitis,463.47335388342196
5.75,bladder,55.1853538936598,0.908279322827,0.091720677173,0.5301236608643244,53.012366086432436,0.5102207312873415,51.02207312873415,0.04541396614135,4.541396614135,0.048039408813569225,4.803940881356922,0.04803940881356923,0.060049261016961536,scenario,cyp_cystitis,458.088499002009
5.833333333333,bladder,54.12484512923419,0.907600698718,0.092399301282,0.525781326059425,52.57813260594249,0.5056855696037105,50.56855696037105,0.0453800349359,4.538003493590001,0.047326300101985595,4.73263001019856,0.04732630010198559,0.05915787512748198,scenario,cyp_cystitis,452.70364412059604
5.916666666667,bladder,52.98163818012238,0.907025278987,0.092974721013,0.5210818861822447,52.108188618224474,0.5007690760346261,50.07690760346261,0.045351263949350004,4.535126394935,0.046537549696186155,4.653754969618616,0.04653754969618615,0.058171937120232685,scenario,cyp_cystitis,447.31878923911836
6.0,bladder,51.7635105705636,0.906553553694,0.093446446306,0.5160298065563276,51.602980655632756,0.49547592512802907,49.54759251280291,0.0453276776847,4.53276776847,0.045678497032817414,4.567849703281741,0.04567849703281742,0.05709812129102178,scenario,cyp_cystitis,441.9339343577055
6.083333333333,bladder,50.47858243339961,0.906182670661,0.093817329339,0.5106285807870807,51.062858078708075,0.4898099444779271,48.98099444779271,0.04530913353305,4.530913353305,0.04475486517982654,4.475486517982654,0.04475486517982654,0.05594358147478318,scenario,cyp_cystitis,436.5490794762926
6.166666666667,bladder,49.13522691208793,0.905914349476,0.094085650524,0.504885439152959,50.4885439152959,0.4837786543991148,48.37786543991148,0.045295717473800005,4.52957174738,0.04377270327355421,4.377270327355421,0.04377270327355422,0.05471587909194277,scenario,cyp_cystitis,431.164224594815
6.25,bladder,47.741980099450366,0.905750334257,0.094249665743,0.4988089095635342,49.88089095635342,0.4773909398428255,47.73909398428255,0.04528751671285,4.528751671285,0.042738326143150554,4.273832614315055,0.042738326143150554,0.05342290767893819,scenario,cyp_cystitis,425.7793697134018
6.333333333333,bladder,46.30745185369036,0.905692369122,0.094307630878,0.4924090023132506,49.24090023132506,0.4706572461654217,47.06572461654217,0.045284618456100004,4.528461845610001,0.04165825188860676,4.165825188860675,0.041658251888606765,0.05207281486075846,scenario,cyp_cystitis,420.394514831989
6.416666666667,bladder,44.840238774795814,0.90574219724,0.09425780276,0.48569740647406395,48.5697406474064,0.4635897859074357,46.35897859074357,0.045287109862000005,4.5287109862,0.040539138217070635,4.053913821707064,0.040539138217070635,0.050673922771338295,scenario,cyp_cystitis,415.00965995051115
6.5,bladder,43.34884054292372,0.905897676474,0.094102323526,0.4786856265236557,47.86856265236557,0.4562007817894271,45.620078178942705,0.045294883823700005,4.52948838237,0.03938771836807568,3.938771836807568,0.039387718368075676,0.049234647960094594,scenario,cyp_cystitis,409.6248050690982
6.583333333333,bladder,41.84158071859321,0.906154813704,0.093845186296,0.4713863747231391,47.13863747231391,0.4485038253030938,44.85038253030938,0.0453077406852,4.53077406852,0.03821073747118225,3.821073747118225,0.03821073747118225,0.04776342183897781,scenario,cyp_cystitis,404.23995018768557
6.666666666667,bladder,40.326532985625605,0.906511617536,0.093488382464,0.46381578813426594,46.38157881342659,0.4405160076394379,44.05160076394379,0.0453255808768,4.53255808768,0.037014890178121096,3.7014890178121096,0.037014890178121096,0.04626861272265137,scenario,cyp_cystitis,398.8550953062076
6.75,bladder,38.81145368359,0.906965261182,0.093034738818,0.4559920543820465,45.59920543820465,0.43225662244520685,43.225662244520684,0.0453482630591,4.53482630591,0.03580676039372666,3.5806760393726664,0.035806760393726655,0.04475845049215832,scenario,cyp_cystitis,393.47024042479467
6.833333333333,bladder,37.30372133199148,0.90751208246,0.09248791754,0.44793554395673096,44.7935543956731,0.42374730508813785,42.374730508813784,0.045375604123000006,4.5375604123,0.034592763896295786,3.4592763896295784,0.034592763896295786,0.04324095487036973,scenario,cyp_cystitis,388.08538554338185
6.916666666667,bladder,35.810283697268886,0.908147583798,0.091852416202,0.4396688972644118,43.966889726441174,0.4150121242889598,41.501212428895975,0.0454073791899,4.540737918990001,0.0333790945885905,3.33790945885905,0.0333790945885905,0.04172386823573813,scenario,cyp_cystitis,382.70053066190417
7.0,bladder,34.33761279799859,0.908866432226,0.091133567774,0.43121705743014527,43.12170574301453,0.4060776166514161,40.60776166514161,0.045443321611300005,4.544332161130001,0.03217167505487932,3.217167505487932,0.03217167505487932,0.040214593818599154,scenario,cyp_cystitis,377.31567578049123
7.083333333333,bladder,32.89166808858644,0.909662459384,0.090337540616,0.4226072406992875,42.26072406992875,0.3969727555053553,39.69727555053553,0.045483122969200006,4.548312296920001,0.0309761120194862,3.09761120194862,0.030976112019486204,0.03872014002435775,scenario,cyp_cystitis,371.9308208990781
7.166666666667,bladder,31.477867910531376,0.910532610662,0.089467389338,0.41387063267007695,41.3870632670077,0.3877305285652389,38.77305285652389,0.0455266305331,4.55266305331,0.02979765721000579,2.979765721000579,0.029797657210005792,0.03724707151250724,scenario,cyp_cystitis,366.5459660176008
7.25,bladder,30.101069154732745,0.911475273858,0.088524726142,0.405041272209189,40.5041272209189,0.37838685106977793,37.83868510697779,0.045573763692900005,4.557376369290001,0.028641174024665112,2.864117402466511,0.028641174024665112,0.03580146753083139,scenario,cyp_cystitis,361.16111113618774
7.333333333333,bladder,28.765554942575232,0.91248500791,0.08751499209,0.3961533943027658,39.61533943027658,0.36897804621817454,36.89780462181746,0.0456242503955,4.56242503955,0.02751111029210949,2.751111029210949,0.02751111029210949,0.034388887865136865,scenario,cyp_cystitis,355.77625625477486
7.416666666667,bladder,27.47503000998276,0.913555874445,0.086444125555,0.38724267092546355,38.724267092546356,0.3595419760033827,35.954197600338276,0.045677793722250004,4.567779372225001,0.026411477296099817,2.641147729609982,0.026411477296099817,0.03301434662012477,scenario,cyp_cystitis,350.3914013732972
7.5,bladder,26.23262336791749,0.914681439295,0.085318560705,0.3783458030972002,37.83458030972002,0.35011761171836864,35.011761171836866,0.04573407196475,4.573407196475,0.02534583511926691,2.534583511926691,0.025345835119266906,0.031682293899083634,scenario,cyp_cystitis,345.0065464918843
7.583333333333,bladder,25.040897717868443,0.915854772502,0.084145227498,0.36950005155033705,36.95000515503371,0.34074453992130216,34.074453992130216,0.0457927386251,4.57927386251,0.024317284243609766,2.4317284243609767,0.024317284243609766,0.030396605304512207,scenario,cyp_cystitis,339.6216916104711
7.666666666667,bladder,23.901865022655258,0.917068448316,0.082931551684,0.3607427181628494,36.07427181628494,0.3314624165758415,33.146241657584156,0.0458534224158,4.58534224158,0.02332846323394107,2.332846323394107,0.023328463233941065,0.029160579042426332,scenario,cyp_cystitis,334.2368367289936
7.75,bladder,22.81700757075368,0.918314545193,0.081685454807,0.3521105926610111,35.21105926610111,0.3223103846330117,32.23103846330117,0.045915727259650006,4.591572725965,0.02238155222591064,2.238155222591064,0.02238155222591064,0.0279769402823883,scenario,cyp_cystitis,328.8519818475804
7.833333333333,bladder,21.78730382779719,0.919589742597,0.080410257403,0.34364128619240314,34.36412861924031,0.3133282095395296,31.33282095395296,0.045979487129850005,4.5979487129850005,0.02147828184634298,2.147828184634298,0.02147828184634298,0.026847852307928726,scenario,cyp_cystitis,323.4671269661677
7.916666666667,bladder,20.81325834149058,0.92089411322,0.07910588678,0.3353719790120264,33.537197901202646,0.3045550245800278,30.45550245800278,0.046044705661,4.604470566100001,0.020619947112517478,2.0619947112517476,0.020619947112517478,0.025774933890646848,scenario,cyp_cystitis,318.08227208468986
8.0,bladder,19.894934954180734,0.922222775521,0.077777224479,0.3273357419055634,32.73357419055634,0.29602589803106677,29.602589803106678,0.04611113877605,4.611113877605,0.01980742578949721,1.980742578949721,0.01980742578949721,0.024759282236871513,scenario,cyp_cystitis,312.697417203277
8.083333333333,bladder,19.031992580948042,0.923570810998,0.076429189002,0.31949676587328296,31.949676587328295,0.28770339507724524,28.770339507724525,0.046178540549900005,4.6178540549900005,0.019009551678908818,1.9009551678908818,0.019009551678908818,0.023761939598636022,scenario,cyp_cystitis,309.5313520828635
8.166666666667,bladder,18.22372282885462,0.924933281161,0.075066718839,0.31195036701366835,31.195036701366835,0.2796881083743351,27.968810837433512,0.04624666405805,4.624666405805,0.01826028561694372,1.8260285616943719,0.01826028561694372,0.02282535702117965,scenario,cyp_cystitis,306.36528696241214
8.25,bladder,17.469088762520904,0.92630522753,0.07369477247,0.30472028907368076,30.472028907368077,0.2720052923128219,27.20052923128219,0.0463152613765,4.63152613765,0.017559193674536948,1.7559193674536948,0.017559193674536948,0.021948992093171187,scenario,cyp_cystitis,303.19922184199885
8.333333333333,bladder,16.766764161833343,0.927681671636,0.072318328364,0.2978264327739237,29.782643277392367,0.2646761570443407,26.46761570443407,0.046384083581800004,4.63840835818,0.016905530986425894,1.6905530986425894,0.016905530986425894,0.021131913733032366,scenario,cyp_cystitis,300.03315672158556
8.416666666667,bladder,16.115172667342524,0.929057615019,0.070942384981,0.29128466231490036,29.128466231490037,0.2577176648041583,25.77176648041583,0.04645288075095,4.645288075094999,0.01629827578735918,1.629827578735918,0.01629827578735918,0.020372844734198974,scenario,cyp_cystitis,296.867091601134
8.5,bladder,15.512526265224263,0.930429597147,0.069570402853,0.2851071888089443,28.51071888089443,0.25114285152799404,25.114285152799404,0.04652147985735,4.6521479857350005,0.0157361639676489,1.57361639676489,0.015736163967648903,0.01967020495956113,scenario,cyp_cystitis,293.7010264807208
8.583333333333,bladder,14.9568626255395,0.93179564681,0.06820435319,0.27930250793891565,27.930250793891563,0.24496076378780596,24.496076378780597,0.046589782340500006,4.658978234050001,0.015217723570079597,1.5217723570079598,0.015217723570079597,0.019022154462599496,scenario,cyp_cystitis,290.5349613603074
8.666666666667,bladder,14.446080872967363,0.933152216303,0.066847783697,0.2738745566999784,27.38745566999784,0.2391757325103457,23.91757325103457,0.046657610815150005,4.665761081515001,0.014741308702679968,1.4741308702679967,0.01474130870267997,0.018426635878349962,scenario,cyp_cystitis,287.36889623985604
8.75,bladder,13.977975435911386,0.934495881075,0.065504118925,0.2688234417674964,26.88234417674964,0.23378805022499624,23.378805022499623,0.046724794053750004,4.672479405375,0.014305132400924007,1.4305132400924008,0.01430513240092401,0.01788141550115501,scenario,cyp_cystitis,284.2028311194426
8.833333333333,bladder,13.550267686983485,0.935823354965,0.064176645035,0.26414569943362515,26.414569943362515,0.22879424387934225,22.879424387934225,0.046791167748250005,4.679116774825,0.01390729803695087,1.390729803695087,0.01390729803695087,0.017384122546188586,scenario,cyp_cystitis,281.0367659990292
8.916666666667,bladder,13.160635153762957,0.937131490206,0.062868509794,0.2598346100902201,25.983461009022008,0.22418740587360012,22.418740587360013,0.0468565745103,4.68565745103,0.013545828940076157,1.3545828940076157,0.013545828940076157,0.016932286175095197,scenario,cyp_cystitis,277.8707008785777
9.0,bladder,12.806738141706688,0.938417277423,0.061582722577,0.25588055729543435,25.588055729543434,0.21995757202556246,21.995757202556245,0.04692086387115,4.692086387115,0.013218695959798566,1.3218695959798565,0.013218695959798564,0.016523369949748207,scenario,cyp_cystitis,274.70463575816433
9.083333333333,bladder,12.486243670618698,0.939677845635,0.060322154365,0.25227141650416696,25.227141650416694,0.21609213076043893,21.609213076043893,0.046983892281750005,4.698389228175,0.012923842768392665,1.2923842768392666,0.012923842768392665,0.016154803460490832,scenario,cyp_cystitis,271.5385706377511
9.166666666667,bladder,12.196846681169273,0.940911382768,0.059088617232,0.24899320269489303,24.8993202694893,0.21257645637525582,21.25764563752558,0.0470455691384,4.70455691384,0.012659208763350185,1.2659208763350185,0.012659208763350185,0.015824010954187732,scenario,cyp_cystitis,268.3725055172997
9.25,bladder,11.936288517583218,0.942117317148,0.057882682852,0.24603050787408817,24.60305078740882,0.2093943600175665,20.93943600175665,0.0471058658574,4.71058658574,0.012422749488803203,1.2422749488803202,0.012422749488803201,0.015528436861004002,scenario,cyp_cystitis,265.2064403968863
9.333333333333,bladder,11.702372736730853,0.943294173726,0.056705826274,0.24336633038087163,24.336633038087164,0.2065280228363912,20.652802283639122,0.0471647086863,4.71647086863,0.012212454549018733,1.2212454549018732,0.012212454549018734,0.015265568186273417,scenario,cyp_cystitis,262.04037527647296
9.416666666667,bladder,11.492978332054987,0.944440699105,0.055559300895,0.2409827604318126,24.09827604318126,0.20395865839638172,20.395865839638173,0.04722203495525,4.722203495525,0.01202636303526336,1.202636303526336,0.012026363035263358,0.015032953794079198,scenario,cyp_cystitis,258.87431015602147
9.5,bladder,11.306070492695913,0.945555880546,0.054444119454,0.23886133694123746,23.886133694123746,0.20166688727782892,20.16668872778289,0.04727779402730001,4.72777940273,0.011862576529116096,1.1862576529116096,0.011862576529116096,0.01482822066139512,scenario,cyp_cystitis,255.7082450356081
9.583333333333,bladder,11.139709044181245,0.94663894596,0.05336105404,0.23698336693836103,23.698336693836104,0.1996330733056432,19.96330733056432,0.047331947298,4.7331947298,0.011719269780715568,1.1719269780715569,0.011719269780715568,0.01464908722589446,scenario,cyp_cystitis,252.5421799151948
9.666666666667,bladder,10.99205473721796,0.947689363915,0.052310636085,0.23533020900609225,23.533020900609223,0.19783762190562343,19.783762190562342,0.047384468195750006,4.7384468195750005,0.011594699189364926,1.1594699189364928,0.011594699189364926,0.014493373986706158,scenario,cyp_cystitis,249.37611479474336
9.75,bladder,10.861373565581756,0.94870684363,0.05129315637,0.23388351881492547,23.388351881492547,0.19626123856150052,19.626123856150052,0.0474353421815,4.74353421815,0.011487209236404353,1.1487209236404352,0.011487209236404351,0.014359011545505439,scenario,cyp_cystitis,246.2100496743301
9.833333333333,bladder,10.746039303453825,0.949691013225,0.050308986775,0.23262537755188406,23.262537755188404,0.19488508093750953,19.48850809375095,0.047484550661250007,4.7484550661250005,0.01139523703681487,1.139523703681487,0.011395237036814871,0.01424404629601859,scenario,cyp_cystitis,243.0439845539165
9.916666666667,bladder,10.644534457199693,0.950641301346,0.049358698654,0.23153843513851727,23.153843513851726,0.19369091586443923,19.369091586443922,0.047532065067300004,4.753206506730001,0.01131731518700632,1.131731518700632,0.01131731518700632,0.0141466439837579,scenario,cyp_cystitis,239.87791943346514
10.0,bladder,10.555449826912115,0.95155781491,0.04844218509,0.23060625931175321,23.06062593117532,0.19266144059605603,19.2661440596056,0.04757789074550001,4.757789074550001,0.011252073092091438,1.125207309209144,0.011252073092091436,0.014065091365114295,scenario,cyp_cystitis,236.7118543130518
10.083333333333,bladder,10.477482869751306,0.952440884507,0.047559115493,0.22981332375611707,22.981332375611707,0.19178029424291274,19.178029424291275,0.047622044225350005,4.762204422535,0.011198236957370197,1.1198236957370198,0.011198236957370199,0.013997796196712748,scenario,cyp_cystitis,233.5457891926384
10.166666666667,bladder,10.40943505071845,0.95329105228,0.04670894772,0.2291450763697122,22.91450763697122,0.19103213026917074,19.103213026917075,0.047664552614,4.7664552614,0.011154628626302208,1.1154628626302208,0.011154628626302208,0.013943285782877759,scenario,cyp_cystitis,230.37972407218714
10.25,bladder,10.350208357468121,0.954109071919,0.045890928081,0.22858798402017158,22.858798402017158,0.19040266360444377,19.040266360444377,0.04770545359595,4.770545359595,0.011120163441490088,1.1120163441490087,0.011120163441490088,0.01390020430186261,scenario,cyp_cystitis,227.21365895177377
10.333333333333,bladder,10.298801144750488,0.954895908668,0.045104091332,0.2281295542951322,22.81295542951322,0.1898786935386655,18.98786935386655,0.0477447954334,4.77447954334,0.011093847296827018,1.1093847296827017,0.011093847296827018,0.013867309121033773,scenario,cyp_cystitis,224.04759383136036
10.416666666667,bladder,10.25430346155047,0.955652739318,0.044347260682,0.2277583377012417,22.77583377012417,0.18944810603720183,18.94481060372018,0.0477826369659,4.77826369659,0.01107477303851967,1.107477303851967,0.011074773038519671,0.013843466298149589,scenario,cyp_cystitis,220.88152871090895
10.5,bladder,10.215892000381654,0.956380952215,0.043619047785,0.2274639136442998,22.74639136442998,0.189099858982684,18.9099858982684,0.04781904761075,4.781904761075,0.011062116360698626,1.1062116360698626,0.011062116360698628,0.013827645450873284,scenario,cyp_cystitis,217.71546359049557
10.583333333333,bladder,10.182824794002768,0.957081784328,0.042918215672,0.22723677712894458,22.723677712894457,0.18882388201320482,18.88238820132048,0.0478540892164,4.78540892164,0.011055131328317484,1.1055131328317485,0.011055131328317484,0.013818914160396854,scenario,cyp_cystitis,214.54939847008214
10.666666666667,bladder,10.154435770411734,0.957753765623,0.042246234377,0.22706769609488328,22.70676960948833,0.18861053454077187,18.861053454077187,0.047887688281150004,4.788768828115001,0.011053145646436049,1.105314564643605,0.011053145646436047,0.013816432058045058,scenario,cyp_cystitis,211.3833333496307
10.75,bladder,10.13012926263627,0.958397082958,0.041602917042,0.2269487036125026,22.69487036125026,0.18845142048905536,18.845142048905537,0.0479198541479,4.79198541479,0.011055555781161292,1.1055555781161293,0.011055555781161292,0.013819444726451614,scenario,cyp_cystitis,208.21726822921744
10.833333333333,bladder,10.109374555909222,0.95901256021,0.04098743979,0.22687280270922697,22.687280270922695,0.18833913126181787,18.833913126181788,0.047950628010500006,4.79506280105,0.011061822023836198,1.1061822023836199,0.011061822023836198,0.013827277529795247,scenario,cyp_cystitis,205.051203108804
10.916666666667,bladder,10.091700541503593,0.9596011083,0.0403988917,0.22683378132103282,22.683378132103282,0.18826707990108718,18.82670799010872,0.047980055415,4.7980055415,0.01107146357677685,1.107146357677685,0.011071463576776849,0.013839329470971062,scenario,cyp_cystitis,201.8851379883526
11.0,bladder,10.076690533966223,0.960163725196,0.039836274804,0.2268261562150094,22.68261562150094,0.18822944205811518,18.822944205811517,0.0480081862598,4.80081862598,0.01108405372618766,1.108405372618766,0.011084053726187659,0.013855067157734574,scenario,cyp_cystitis,198.71907286793925
11.083333333333,bladder,10.063977296895043,0.96070149591,0.03929850409,0.22684511643988428,22.68451164398843,0.18822109646777294,18.822109646777292,0.0480350747955,4.80350747955,0.011099215156007898,1.1099215156007898,0.011099215156007898,0.013874018945009873,scenario,cyp_cystitis,195.55300774752592
11.166666666667,bladder,10.053238311833356,0.961215592499,0.038784407501,0.2268864674138337,22.68864674138337,0.1882375660935618,18.82375660935618,0.048060779624950006,4.806077962495,0.011116615445470412,1.1116615445470412,0.01111661544547041,0.013895769306838012,scenario,cyp_cystitis,192.38694262707457
11.25,bladder,10.044191315346753,0.961707274067,0.038292725933,0.22694657652428576,22.694657652428578,0.18827496086414292,18.827496086414293,0.04808536370335,4.808536370335,0.011135962783180865,1.1135962783180864,0.011135962783180865,0.013919953478976082,scenario,cyp_cystitis,189.22087750666122
11.333333333333,bladder,10.036590120944052,0.962177884958,0.037822115042,0.22702232048337345,22.702232048337343,0.18832992235312998,18.832992235312997,0.048108894247900005,4.810889424790001,0.01115700192159016,1.115700192159016,0.011157001921590158,0.013946252401987698,scenario,cyp_cystitis,186.05481238624782
11.416666666667,bladder,10.030220735187955,0.962627504167,0.037372495833,0.2271107171432937,22.71107171432937,0.18839930729994073,18.839930729994073,0.04813137520835001,4.813137520835001,0.011179510387838697,1.1179510387838698,0.011179510387838697,0.013974387984798371,scenario,cyp_cystitis,182.88874726579647
11.5,bladder,10.024897771075164,0.963055952622,0.036944047378,0.22720911662991874,22.720911662991874,0.18848033578823026,18.848033578823024,0.0481527976311,4.81527976311,0.011203294960105244,1.1203294960105243,0.011203294960105246,0.014004118700131558,scenario,cyp_cystitis,179.7226821453829
11.583333333333,bladder,10.020461156511425,0.96346399852,0.03653600148,0.2273154422257582,22.73154422257582,0.18857078136816655,18.857078136816654,0.048173199926,4.8173199926,0.011228188412744842,1.1228188412744842,0.011228188412744842,0.014035235515931051,scenario,cyp_cystitis,176.55661702496957
11.666666666667,bladder,10.016773131395112,0.963852420368,0.036147579632,0.2274279292480669,22.74279292480669,0.18866874550491256,18.866874550491257,0.0481926210184,4.819262101840001,0.011254046528592304,1.1254046528592303,0.011254046528592304,0.01406755816074038,scenario,cyp_cystitis,173.39055190451822
11.75,bladder,10.01371552337467,0.964222006985,0.035777993015,0.22754508838938764,22.754508838938765,0.18877261898961858,18.87726189896186,0.048211100349250004,4.821110034925001,0.011280745372799484,1.1280745372799483,0.011280745372799484,0.014100931715999354,scenario,cyp_cystitis,170.22448678410484
11.833333333333,bladder,10.01118728968604,0.964573557503,0.035426442497,0.2276656723621044,22.766567236210438,0.18888104682837303,18.8881046828373,0.048228677875150006,4.822867787515,0.011308178819371708,1.1308178819371708,0.011308178819371706,0.014135223524214632,scenario,cyp_cystitis,167.05842166369146
11.916666666667,bladder,10.009102310518342,0.964907881363,0.035092118637,0.22778864574146335,22.778864574146336,0.18899289649822457,18.899289649822457,0.048245394068150003,4.824539406815,0.011336256319089341,1.1336256319089342,0.011336256319089343,0.014170320398861678,scenario,cyp_cystitis,163.89235654324006
12.0,bladder,10.007387418011602,0.965225798319,0.034774201681,0.227913157865797,22.7913157865797,0.1891072294208916,18.91072294208916,0.04826128991595,4.8261289915950005,0.011364900895689391,1.1364900895689392,0.011364900895689391,0.01420612611961174,scenario,cyp_cystitis,160.7262914228267
12.083333333333,bladder,10.005980644179056,0.965528138437,0.034471861563,0.22798398331851555,22.798398331851555,0.18916586989122688,18.91658698912269,0.04827640692185001,4.827640692185001,0.011371476444556956,1.1371476444556956,0.011371476444556956,0.014214345555696194,scenario,cyp_cystitis,159.88431454903497
12.166666666667,bladder,10.004829670686105,0.965815697265,0.034184302735,0.22805501374105006,22.805501374105006,0.1892255040818948,18.92255040818948,0.04829078486325,4.829078486325001,0.011378349067240872,1.1378349067240872,0.01137834906724087,0.014222936334051087,scenario,cyp_cystitis,159.04233767523306
12.25,bladder,10.003890463430777,0.966089137451,0.033910862549,0.22812577374986379,22.81257737498638,0.18928559671296188,18.92855967129619,0.04830445687255,4.830445687255,0.011385469854613573,1.1385469854613572,0.011385469854613573,0.014231837318266966,scenario,cyp_cystitis,158.20036080144124
12.333333333333,bladder,10.003126075188744,0.966349235529,0.033650764471,0.22819591593586025,22.819591593586026,0.18934574122043185,18.934574122043184,0.04831746177645,4.831746177645,0.011392797737107892,1.1392797737107891,0.011392797737107892,0.014240997171384865,scenario,cyp_cystitis,157.35838392764936
12.416666666667,bladder,10.00250560014431,0.966596783737,0.033403216263,0.22826518290541467,22.82651829054147,0.18940562496691019,18.94056249669102,0.04832983918685,4.832983918685,0.011400298334889489,1.140029833488949,0.011400298334889489,0.014250372918611861,scenario,cyp_cystitis,156.5164070538475
12.5,bladder,10.002003264869648,0.966832577774,0.033167422226,0.2283333915108413,22.833339151084132,0.18946501328646453,18.946501328646452,0.0483416288887,4.83416288887,0.011407942956886082,1.1407942956886081,0.01140794295688608,0.0142599286961076,scenario,cyp_cystitis,155.67443018005568
12.583333333333,bladder,10.001597641188722,0.967057416796,0.032942583204,0.22840042167351904,22.840042167351903,0.18952373771970427,18.952373771970425,0.0483528708398,4.83528708398,0.011415707733009236,1.1415707733009235,0.011415707733009234,0.014269634666261542,scenario,cyp_cystitis,154.83245330626386
12.666666666667,bladder,10.001270967325809,0.967272103418,0.032727896582,0.22846620672736215,22.846620672736215,0.18958168584890753,18.958168584890753,0.0483636051709,4.83636051709,0.011423572864892897,1.1423572864892897,0.011423572864892897,0.014279466081116122,scenario,cyp_cystitis,153.99047643246195
12.75,bladder,10.001008564753828,0.967477443718,0.032522556282,0.22853072510989075,22.853072510989076,0.1896387925515692,18.96387925515692,0.0483738721859,4.83738721859,0.011431521981533905,1.1431521981533905,0.011431521981533906,0.014289402476917384,scenario,cyp_cystitis,153.14849955867027
12.833333333333,bladder,10.00079833919489,0.96767424723,0.03232575277,0.22859399323889837,22.859399323889836,0.18969503250252462,18.969503250252462,0.0483837123615,4.8383712361499995,0.01143954158731079,1.1439541587310789,0.01143954158731079,0.014299426984138486,scenario,cyp_cystitis,152.30652268487844
12.916666666667,bladder,10.000630355258853,0.967863284031,0.032136715969,0.22865604929515626,22.865604929515627,0.18975040536169083,18.975040536169082,0.04839316420155,4.839316420155,0.011447620590949637,1.1447620590949636,0.011447620590949639,0.014309525738687049,scenario,cyp_cystitis,151.4645458110765
13.0,bladder,10.000496475215293,0.968044307648,0.031955692352,0.2287167171947302,22.87167171947302,0.18980473874982126,18.980473874982128,0.0484022153824,4.84022153824,0.011455749905084514,1.1455749905084514,0.011455749905084512,0.014319687381355639,scenario,cyp_cystitis,150.62256893728468
13.083333333333,bladder,10.000390053365116,0.968217327068,0.031782672932,0.22877590267166412,22.87759026716641,0.1898579329665938,18.98579329665938,0.0484108663534,4.84108663534,0.01146392210709922,1.146392210709922,0.01146392210709922,0.014329902633874025,scenario,cyp_cystitis,149.78059206349286
13.166666666667,bladder,10.000305678398318,0.968382657375,0.031617342625,0.22883360156961827,22.883360156961828,0.18990996705354557,18.990996705354558,0.04841913286875,4.841913286875,0.011472131152924161,1.147213115292416,0.011472131152924161,0.014340163941155202,scenario,cyp_cystitis,148.93861518969095
13.25,bladder,10.00023895698661,0.968540571504,0.031459428496,0.2288898144644385,22.88898144644385,0.18996082725183,18.996082725183,0.0484270285752,4.84270285752,0.011480372136394502,1.1480372136394503,0.011480372136394502,0.014350465170493128,scenario,cyp_cystitis,148.09663831589927
13.333333333333,bladder,10.000186332658604,0.968691300244,0.031308699756,0.22894454405798104,22.894454405798104,0.19001050425871688,19.00105042587169,0.048434565012200004,4.84345650122,0.011488641087640496,1.1488641087640497,0.011488641087640496,0.014360801359550621,scenario,cyp_cystitis,147.2546614421074
13.416666666667,bladder,10.000144934738731,0.968835032233,0.031164967767,0.22899779300029446,22.899779300029447,0.19005899093541523,19.005899093541522,0.04844175161165001,4.844175161165,0.011496934804773927,1.1496934804773926,0.011496934804773927,0.014371168505967409,scenario,cyp_cystitis,146.41268456830554
13.5,bladder,10.000112452798351,0.968971913961,0.031028086039,0.2290495620792311,22.90495620792311,0.19010628040124328,19.010628040124327,0.048448595698050004,4.844859569805,0.01150525071386294,1.150525071386294,0.01150525071386294,0.014381563392328676,scenario,cyp_cystitis,145.57070769451366
13.583333333333,bladder,10.000087032669825,0.96910204977,0.03089795023,0.22909984871863548,22.909984871863546,0.1901523644527742,19.01523644527742,0.048455102488500004,4.84551024885,0.011513586752844172,1.1513586752844172,0.011513586752844172,0.014391983441055214,scenario,cyp_cystitis,144.72873082072192
13.666666666667,bladder,10.000067190613882,0.969225501854,0.030774498146,0.22914864573716093,22.91486457371609,0.1901972322573273,19.01972322573273,0.048461275092700005,4.8461275092700005,0.011521941275607758,1.1521941275607759,0.011521941275607756,0.014402426594509694,scenario,cyp_cystitis,143.8867539469201
13.75,bladder,10.000051742710555,0.969342589972,0.030657410028,0.22919601119142702,22.9196011191427,0.19024092809771267,19.02409280977127,0.0484671294986,4.84671294986,0.01153031297301876,1.153031297301876,0.011530312973018758,0.014412891216273448,scenario,cyp_cystitis,143.04477707312824
13.833333333333,bladder,10.000039746968076,0.969453952054,0.030546047946,0.22924208189822692,22.924208189822693,0.19028356241634412,19.028356241634413,0.0484726976027,4.847269760270001,0.011538700808103552,1.1538700808103552,0.011538700808103552,0.01442337601012944,scenario,cyp_cystitis,142.20280019933642
13.916666666667,bladder,10.000030456016578,0.969559806123,0.030440193877,0.22928689823945994,22.928689823945994,0.19032516624558943,19.032516624558944,0.04847799030615,4.847799030615,0.011547103963036225,1.1547103963036225,0.011547103963036223,0.014433879953795279,scenario,cyp_cystitis,141.36082332553448
14.0,bladder,10.00002327857858,0.969660345755,0.030339654245,0.2293304970916316,22.93304970916316,0.19036576821461224,19.036576821461225,0.04848301728775001,4.8483017287750005,0.011555521795920311,1.1555521795920312,0.01155552179592031,0.014444402244900387,scenario,cyp_cystitis,140.51884645174275
14.083333333333,bladder,10.000017748190436,0.969755747903,0.030244252097,0.2293729132220031,22.93729132220031,0.19040539560721378,19.040539560721378,0.04848778739515,4.848778739515,0.011563953805672276,1.1563953805672276,0.011563953805672276,0.014454942257090344,scenario,cyp_cystitis,139.67686957795092
14.166666666667,bladder,10.000013497892517,0.969846172905,0.030153827095,0.2294141789229182,22.94141789229182,0.19044407397649285,19.044407397649284,0.048492308645250004,4.849230864525,0.011572399603579175,1.1572399603579175,0.011572399603579175,0.01446549950447397,scenario,cyp_cystitis,138.83489270414904
14.25,bladder,10.000010239815106,0.96993176448,0.03006823552,0.22945432371393304,22.945432371393302,0.1904818268315085,19.04818268315085,0.048496588224,4.8496588224,0.011580858890336993,1.1580858890336994,0.011580858890336993,0.01447607361292124,scenario,cyp_cystitis,137.99291583035716
14.333333333333,bladder,10.000007748765679,0.970012649729,0.029987350271,0.2294933741028978,22.94933741028978,0.19051867538573453,19.051867538573454,0.04850063248645001,4.850063248645001,0.01158933143757381,1.158933143757381,0.011589331437573812,0.014486664296967265,scenario,cyp_cystitis,137.15093895656543
14.416666666667,bladder,10.000005849075201,0.970088939137,0.029911060863,0.229531353394347,22.9531353394347,0.19055463835526001,19.055463835526,0.04850444695685,4.850444695685,0.01159781707302773,1.159781707302773,0.011597817073027728,0.01449727134128466,scenario,cyp_cystitis,136.3089620827636
14.5,bladder,10.000004404089598,0.970160768563,0.029839231437,0.22956829147170138,22.956829147170136,0.19058974004584356,19.058974004584357,0.048508038428150005,4.850803842815001,0.011606315668694793,1.1606315668694793,0.011606315668694791,0.01450789458586849,scenario,cyp_cystitis,135.46698520897175
14.583333333333,bladder,10.000003307800819,0.970228558403,0.029771441597,0.2296042860095086,22.96042860095086,0.19062406114669328,19.06240611466933,0.04851142792015001,4.8511427920150005,0.011614827131382559,1.161482713138256,0.01161482713138256,0.0145185339142282,scenario,cyp_cystitis,134.6250083351799
14.666666666667,bladder,10.00000247820266,0.970292555111,0.029707444889,0.22963939389810806,22.963939389810804,0.19065764857111378,19.06576485711138,0.04851462775555,4.851462775555,0.011623351395203043,1.1623351395203043,0.011623351395203043,0.014529189244003803,scenario,cyp_cystitis,133.78303146137804
14.75,bladder,10.000001852032275,0.970352949105,0.029647050895,0.2296736590568133,22.96736590568133,0.1906905385279614,19.069053852796138,0.04851764745525,4.851764745525,0.011631888415626054,1.1631888415626055,0.011631888415626053,0.014539860519532566,scenario,cyp_cystitis,132.94105458758625
14.833333333333,bladder,10.000001380621228,0.970409927076,0.029590072924,0.22970712475014307,22.970712475014306,0.1907227667329927,19.07227667329927,0.048520496353800006,4.85204963538,0.011640438164784044,1.1640438164784044,0.011640438164784044,0.014550547705980054,scenario,cyp_cystitis,132.0990777137945
14.916666666667,bladder,10.000001026632022,0.970463671995,0.029536328005,0.22973983354177277,22.973983354177278,0.190754368360024,19.0754368360024,0.048523183599750004,4.852318359975,0.011649000627775043,1.1649000627775044,0.011649000627775042,0.014561250784718802,scenario,cyp_cystitis,131.25710083999255
15.0,bladder,10.000000761498987,0.970514363106,0.029485636894,0.2297718272553767,22.97718272553767,0.19078537800008075,19.078537800008075,0.048525718155300004,4.85257181553,0.011657575799760981,1.1657575799760982,0.01165757579976098,0.014571969749701225,scenario,cyp_cystitis,130.41512396620072
15.083333333333,bladder,10.0000005634276,0.970562175932,0.029437824068,0.22980314694664195,22.980314694664195,0.1908158296316231,19.08158296316231,0.0485281087966,4.85281087966,0.011666163683698164,1.1666163683698165,0.011666163683698164,0.014582704604622704,scenario,cyp_cystitis,129.5731470924089
15.166666666667,bladder,10.000000415835123,0.97060728227,0.02939271773,0.22983383287907438,22.98338328790744,0.19084575659534145,19.084575659534146,0.04853036411350001,4.853036411350001,0.011674764288566066,1.1674764288566066,0.011674764288566066,0.014593455360707582,scenario,cyp_cystitis,128.73117021860702
15.25,bladder,10.000000306138876,0.97064984986,0.02935015014,0.22986392442764317,22.986392442764316,0.1908751915101507,19.08751915101507,0.048532492493000005,4.8532492493,0.011683377627989839,1.168337762798984,0.011683377627989839,0.014604222034987298,scenario,cyp_cystitis,127.8891933448153
15.333333333333,bladder,10.000000224817473,0.970689942194,0.029310057806,0.2298934363359949,22.98934363359949,0.19090414655399462,19.090414655399464,0.0485344971097,4.8534497109700006,0.011692003719173104,1.1692003719173105,0.011692003719173104,0.01461500464896638,scenario,cyp_cystitis,127.04721647102352
15.416666666667,bladder,10.000000164685705,0.970727601643,0.029272398357,0.2299223783842804,22.99223783842804,0.1909326297917162,19.09326297917162,0.04853638008215,4.853638008215,0.011700642582072198,1.1700642582072198,0.011700642582072198,0.014625803227590248,scenario,cyp_cystitis,126.20523959722149
15.5,bladder,10.000000120336122,0.970762925092,0.029237074908,0.22995077329500735,22.995077329500734,0.19096066004253404,19.096066004253405,0.048538146254600005,4.85381462546,0.01170929423875972,1.170929423875972,0.011709294238759722,0.014636617798449653,scenario,cyp_cystitis,125.36326272342971
15.583333333333,bladder,10.000000087710257,0.970796000223,0.029203999777,0.22997864163807186,22.997864163807186,0.19098825434412828,19.098825434412827,0.048539800011150006,4.8539800011150005,0.011717958712936342,1.1717958712936343,0.011717958712936342,0.014647448391170428,scenario,cyp_cystitis,124.52128584963795
15.666666666667,bladder,10.000000063770381,0.97082690552,0.02917309448,0.23000600182622605,23.000600182622605,0.1910154279476064,19.10154279476064,0.048541345276,4.8541345276,0.011726636029556044,1.1726636029556043,0.011726636029556044,0.014658295036945055,scenario,cyp_cystitis,123.67930897583608
15.75,bladder,10.000000046248953,0.970855710265,0.029144289735,0.23003287010954127,23.003287010954125,0.19104219431188554,19.104219431188554,0.04854278551325,4.854278551325001,0.011735326214539824,1.1735326214539825,0.011735326214539826,0.014669157768174783,scenario,cyp_cystitis,122.83733210204426
15.833333333333,bladder,10.00000003345793,0.970882474539,0.029117525461,0.23005926057192716,23.005926057192717,0.19106856509997597,19.1068565099976,0.04854412372695,4.854412372695,0.011744029294558546,1.1744029294558544,0.011744029294558546,0.014680036618198182,scenario,cyp_cystitis,121.99535522825245
15.916666666667,bladder,10.000000024144072,0.970907249224,0.029092750776,0.23008518512855353,23.008518512855353,0.19109455017616161,19.109455017616163,0.0485453624612,4.85453624612,0.011752745296867331,1.175274529686733,0.011752745296867328,0.01469093162108416,scenario,cyp_cystitis,121.15337835445052
16.0,bladder,10.000000017379456,0.970930076001,0.029069923999,0.2301106535228351,23.01106535228351,0.1911201576029317,19.11201576029317,0.04854650380005,4.854650380005,0.011761474249180124,1.1761474249180124,0.011761474249180125,0.014701842811475158,scenario,cyp_cystitis,120.3114014806587
16.083333333333,bladder,10.000000012478896,0.9709510257,0.0290489743,0.23013568241403487,23.013568241403487,0.19114540118845774,19.114540118845774,0.048547551285000004,4.854755128500001,0.011770216179575967,1.1770216179575967,0.011770216179575965,0.014712770224469957,scenario,cyp_cystitis,119.46942460686694
16.166666666667,bladder,10.000000008937795,0.970970259706,0.029029740294,0.2301603099351473,23.01603099351473,0.19117031257878664,19.117031257878665,0.0485485129853,4.854851298530001,0.011778971116427677,1.1778971116427677,0.011778971116427677,0.014723713895534597,scenario,cyp_cystitis,118.62744773306511
16.25,bladder,10.000000006385557,0.970987837536,0.029012162464,0.23018455008535638,23.01845500853564,0.19119490337742778,19.11949033774278,0.048549391876800005,4.85493918768,0.011787739088348362,1.1787739088348361,0.011787739088348362,0.014734673860435452,scenario,cyp_cystitis,117.78547085927326
16.333333333333,bladder,10.000000004550735,0.971003809805,0.028996190195,0.23020841475965495,23.020841475965494,0.1912191834414789,19.12191834414789,0.04855019049025,4.855019049025,0.011796520124152292,1.1796520124152292,0.011796520124152292,0.014745650155190365,scenario,cyp_cystitis,116.9434939854814
16.416666666667,bladder,10.000000003235032,0.971018227129,0.028981772871,0.23023191585848138,23.02319158584814,0.19124316263371724,19.124316263371725,0.048550911356450004,4.855091135645,0.011805314252825003,1.1805314252825003,0.011805314252825003,0.014756642816031253,scenario,cyp_cystitis,116.10151711167963
16.5,bladder,10.000000002293982,0.971031140122,0.028968859878,0.23025506528672834,23.025506528672835,0.19126685082171405,19.126685082171406,0.048551557006100005,4.85515570061,0.01181412150350108,1.181412150350108,0.01181412150350108,0.01476765187937635,scenario,cyp_cystitis,115.2595402378878
16.583333333333,bladder,10.000000001622615,0.971042599399,0.028957400601,0.23027787495424903,23.027787495424903,0.1912902578782095,19.12902578782095,0.04855212996995,4.855212996995,0.011822941905448572,1.1822941905448572,0.01182294190544857,0.014778677381810712,scenario,cyp_cystitis,114.41756336409594
16.666666666667,bladder,10.000000001144867,0.971052655575,0.028947344425,0.23030035677546748,23.03003567754675,0.19131339368075526,19.131339368075526,0.04855263277875,4.855263277875,0.011831775488056803,1.1831775488056802,0.0118317754880568,0.014789719360071,scenario,cyp_cystitis,113.57558649029413
16.75,bladder,10.000000000805766,0.971061359264,0.028938640736,0.23032252266902906,23.032252266902905,0.191336268111399,19.1336268111399,0.0485530679632,4.85530679632,0.011840622280827355,1.1840622280827355,0.011840622280827355,0.014800777851034194,scenario,cyp_cystitis,112.73360961650224
16.833333333333,bladder,10.000000000565688,0.971068761082,0.028931238918,0.23034438455843204,23.034438455843205,0.19135889105719162,19.135889105719162,0.04855343805410001,4.85534380541,0.011849482313368407,1.1849482313368407,0.011849482313368407,0.01481185289171051,scenario,cyp_cystitis,111.8916327427105
16.916666666667,bladder,10.00000000039615,0.971074911643,0.028925088357,0.23036595437101928,23.03659543710193,0.19138127240933608,19.13812724093361,0.048553745582150004,4.855374558215001,0.011858355615389886,1.1858355615389886,0.011858355615389888,0.014822944519237359,scenario,cyp_cystitis,111.04965586890859
17.0,bladder,10.00000000027673,0.971079861562,0.028920138438,0.2303872440386463,23.03872440386463,0.19140342206373298,19.140342206373298,0.0485539930781,4.85539930781,0.011867242216699901,1.18672422166999,0.011867242216699901,0.014834052770874876,scenario,cyp_cystitis,110.20767899511677
17.083333333333,bladder,10.000000000192827,0.971083661454,0.028916338546,0.23040826549741536,23.040826549741535,0.191425349920753,19.142534992075298,0.048554183072700006,4.855418307270001,0.011876142147203141,1.1876142147203141,0.011876142147203143,0.01484517768400393,scenario,cyp_cystitis,109.36570212132494
17.166666666667,bladder,10.000000000134028,0.971086360305,0.028913639695,0.23042903030110767,23.042903030110768,0.19144706556406071,19.14470655640607,0.04855431801525,4.855431801525,0.011885055436898988,1.1885055436898988,0.011885055436898988,0.014856319296123735,scenario,cyp_cystitis,108.52372524752312
17.25,bladder,10.000000000092925,0.971088005477,0.028911994523,0.23044954962218583,23.044954962218583,0.19146857826140615,19.146857826140614,0.04855440027385,4.855440027385001,0.011893982115880157,1.1893982115880157,0.011893982115880155,0.014867477644850195,scenario,cyp_cystitis,107.68174837373127
17.333333333333,bladder,10.000000000064267,0.971088646853,0.028911353147,0.23046983523535516,23.046983523535516,0.19148989778179493,19.14898977817949,0.04855443234265,4.855443234265,0.011902922214332708,1.1902922214332707,0.011902922214332706,0.014878652767915883,scenario,cyp_cystitis,106.83977149993946
17.416666666667,bladder,10.000000000044336,0.971088334369,0.028911665631,0.23048989893203234,23.048989893203235,0.19151103390903404,19.151103390903405,0.048554416718450004,4.855441671845,0.01191187576253532,1.191187576253532,0.01191187576253532,0.01488984470316915,scenario,cyp_cystitis,105.99779462613756
17.5,bladder,10.000000000030509,0.97108711796,0.02891288204,0.23050975250752825,23.050975250752824,0.19153199643108237,19.153199643108238,0.048554355898,4.8554355898,0.011920842790858827,1.1920842790858828,0.011920842790858827,0.014901053488573533,scenario,cyp_cystitis,105.15581775234574
17.583333333333,bladder,10.000000000020943,0.97108504756,0.02891495244,0.23052940776104658,23.05294077610466,0.19155279514004903,19.155279514004903,0.048554252378000005,4.8554252378000005,0.01192982332976681,1.192982332976681,0.01192982332976681,0.014912279162208513,scenario,cyp_cystitis,104.31384087855392
17.666666666667,bladder,10.00000000001434,0.971082173105,0.028917826895,0.23054887649639433,23.054887649639433,0.19157343983278352,19.157343983278352,0.048554108655250006,4.855410865525,0.011938817409815372,1.1938817409815372,0.011938817409815372,0.014923521762269215,scenario,cyp_cystitis,103.47186400475213
17.75,bladder,10.000000000009795,0.97107854453,0.02892145547,0.23056817052126916,23.056817052126917,0.19159394031028332,19.15939403102833,0.0485539272265,4.85539272265,0.011947825061652961,1.1947825061652961,0.011947825061652961,0.014934781327066202,scenario,cyp_cystitis,102.62988713096033
17.833333333333,bladder,10.000000000006672,0.97107421177,0.02892578823,0.23058730164749836,23.058730164749836,0.191614306377893,19.1614306377893,0.0485537105885,4.85537105885,0.011956846316021246,1.1956846316021246,0.011956846316021246,0.014946057895026557,scenario,cyp_cystitis,101.78791025716852
17.916666666667,bladder,10.000000000004535,0.971069224761,0.028930775239,0.23060628169127712,23.06062816912771,0.1916345478455022,19.163454784550222,0.04855346123805,4.855346123805,0.011965881203755038,1.1965881203755038,0.01196588120375504,0.0149573515046938,scenario,cyp_cystitis,100.94593338336661
18.0,bladder,10.000000000003075,0.971063633436,0.028936366564,0.230625122472219,23.0625122472219,0.19165467452675686,19.165467452675685,0.048553181671800005,4.85531816718,0.011974929755782248,1.1974929755782249,0.01197492975578225,0.014968662194727813,scenario,cyp_cystitis,100.10395650957476
18.083333333333,bladder,10.000000000002078,0.971057487732,0.028942512268,0.23064383581502165,23.064383581502167,0.19167469624044386,19.167469624044386,0.0485528743866,4.85528743866,0.011983992003124843,1.1983992003124844,0.011983992003124843,0.014979990003906055,scenario,cyp_cystitis,99.261979635783
18.166666666667,bladder,10.000000000001402,0.971050837539,0.028949162461,0.23066243353735394,23.066243353735395,0.1916946228004252,19.16946228004252,0.04855254187695,4.855254187695,0.011993067976898851,1.1993067976898852,0.01199306797689885,0.014991334971123562,scenario,cyp_cystitis,98.42000276198111
18.25,bladder,10.000000000000943,0.97104364136,0.02895635864,0.2306809057511424,23.06809057511424,0.19171444598225518,19.171444598225516,0.048552182068,4.8552182068,0.012002157708314354,1.2002157708314354,0.012002157708314356,0.015002697135392946,scenario,cyp_cystitis,97.57802588818925
18.333333333333,bladder,10.000000000000632,0.971035848034,0.028964151966,0.23069924026887256,23.069924026887257,0.19173415564965532,19.17341556496553,0.0485517924017,4.85517924017,0.0120112612286765,1.20112612286765,0.012011261228676502,0.015014076535845628,scenario,cyp_cystitis,96.73604901439747
18.416666666667,bladder,10.000000000000425,0.971027481593,0.028972518407,0.230717442764719,23.0717442764719,0.19175375651059895,19.175375651059895,0.04855137407965,4.8551374079650005,0.012020378569385495,1.2020378569385495,0.012020378569385495,0.01502547321173187,scenario,cyp_cystitis,95.89407214059558
18.5,bladder,10.000000000000282,0.971018566071,0.028981433929,0.23073551891531446,23.073551891531448,0.19177325327554154,19.177325327554154,0.048550928303550005,4.855092830355001,0.012029509761936667,1.2029509761936668,0.012029509761936667,0.015036887202420834,scenario,cyp_cystitis,95.05209526680378
18.583333333333,bladder,10.000000000000188,0.9710091255,0.0289908745,0.23075347439880178,23.07534743988018,0.19179265065663345,19.179265065663344,0.048550456275,4.8550456275,0.012038654837921443,1.2038654837921443,0.012038654837921445,0.015048318547401806,scenario,cyp_cystitis,94.21011839301198
18.666666666667,bladder,10.000000000000126,0.970999183915,0.029000816085,0.23077131489602248,23.077131489602248,0.19181195336870788,19.181195336870786,0.04854995919575,4.854995919575,0.012047813829027405,1.2047813829027405,0.012047813829027403,0.015059767286284255,scenario,cyp_cystitis,93.36814151921016
18.75,bladder,10.000000000000083,0.970988765347,0.029011234653,0.23078904608885337,23.07890460888534,0.1918311661278983,19.18311661278983,0.048549438267350004,4.854943826735,0.012056986767038314,1.2056986767038314,0.012056986767038314,0.015071233458797892,scenario,cyp_cystitis,92.5261646454183
18.833333333333,bladder,10.000000000000055,0.970977893831,0.029022106169,0.2308066736621106,23.08066736621106,0.1918502936532217,19.18502936532217,0.04854889469155,4.854889469155,0.012066173683835136,1.2066173683835135,0.012066173683835137,0.015082717104793922,scenario,cyp_cystitis,91.68418777162647
18.916666666667,bladder,10.000000000000036,0.970966593398,0.029033406602,0.23082420330164843,23.082420330164844,0.19186934066499836,19.186934066499838,0.0485483296699,4.85483296699,0.012075374611396085,1.2075374611396084,0.012075374611396083,0.015094218264245104,scenario,cyp_cystitis,90.84221089782461
19.0,bladder,10.000000000000023,0.970954888083,0.029045111917,0.23084164069626129,23.08416406962613,0.19188831188643296,19.188831188643295,0.04854774440415,4.854774440415,0.012084589581796654,1.2084589581796654,0.012084589581796652,0.015105736977245815,scenario,cyp_cystitis,90.0002340240328
19.083333333333,bladder,10.000000000000016,0.970942801918,0.029057198082,0.2308589915360222,23.08589915360222,0.19190721204223393,19.190721204223394,0.0485471400959,4.854714009589999,0.012093818627210658,1.2093818627210657,0.012093818627210656,0.01511727328401332,scenario,cyp_cystitis,89.158257150241
19.166666666667,bladder,10.00000000000001,0.970930358936,0.029069641064,0.23087626151323423,23.087626151323423,0.19192604585940445,19.192604585940444,0.048546517946800004,4.8546517946800005,0.012103061779910263,1.2103061779910262,0.012103061779910265,0.015128827224887832,scenario,cyp_cystitis,88.31628027643914
19.25,bladder,10.000000000000007,0.970917581621,0.029082418379,0.23089345595382582,23.089345595382582,0.19194481776081668,19.194481776081666,0.04854587908105,4.854587908105,0.012112319072266056,1.2112319072266056,0.012112319072266058,0.015140398840332572,scenario,cyp_cystitis,87.47430340264732
19.333333333333,bladder,10.000000000000004,0.97090444015,0.02909555985,0.23091056774539828,23.09105677453983,0.19196352182936663,19.196352182936664,0.0485452220075,4.85452220075,0.012121590536748056,1.2121590536748055,0.012121590536748056,0.01515198817093507,scenario,cyp_cystitis,86.63232652885546
19.416666666667,bladder,10.000000000000004,0.970890923215,0.029109076785,0.23092759417687236,23.092759417687237,0.1919821558064446,19.198215580644458,0.048544546160750005,4.854454616075,0.012130876205925784,1.2130876205925785,0.012130876205925784,0.01516359525740723,scenario,cyp_cystitis,85.79034965505362
19.5,bladder,10.000000000000002,0.970877042927,0.029122957073,0.2309445381069416,23.09445381069416,0.19200072206378063,19.200072206378064,0.04854385214635,4.854385214635,0.012140176112468298,1.2140176112468297,0.012140176112468298,0.015175220140585373,scenario,cyp_cystitis,84.94837278126181
19.583333333333,bladder,10.000000000000002,0.970862811398,0.029137188602,0.23096140239553875,23.096140239553876,0.19201922297435658,19.201922297435658,0.0485431405699,4.85431405699,0.012149490289145252,1.2149490289145253,0.012149490289145254,0.015186862861431567,scenario,cyp_cystitis,84.10639590746999
19.666666666667,bladder,10.0,0.970848240738,0.029151759262,0.23097818990312186,23.097818990312184,0.19203766091181246,19.203766091181247,0.048542412036900004,4.85424120369,0.012158818768826936,1.2158818768826936,0.012158818768826938,0.015198523461033672,scenario,cyp_cystitis,83.26441903366812
19.75,bladder,10.0,0.970833343059,0.029166656941,0.2309949034916258,23.09949034916258,0.19205603825123768,19.205603825123767,0.048541667152950004,4.854166715295,0.01216816158448435,1.216816158448435,0.012168161584484352,0.01521020198060544,scenario,cyp_cystitis,82.42244215987633
19.833333333333,bladder,10.0,0.970818130473,0.029181869527,0.2310115460239884,23.10115460239884,0.19207435736877726,19.207435736877727,0.04854090652365001,4.8540906523650005,0.012177518769190229,1.217751876919023,0.012177518769190229,0.015221898461487787,scenario,cyp_cystitis,81.58046528608448
19.916666666667,bladder,10.0,0.97080261509,0.02919738491,0.2310281203636745,23.10281203636745,0.19209262064123633,19.209262064123635,0.048540130754500005,4.85401307545,0.012186890356119128,1.2186890356119129,0.01218689035611913,0.015233612945148911,scenario,cyp_cystitis,80.73848841228266
20.0,bladder,10.0,0.970786809022,0.029213190978,0.23104462937562742,23.104462937562744,0.19211083044687097,19.211083044687097,0.048539340451100005,4.853934045110001,0.01219627637854746,1.219627637854746,0.012196276378547458,0.015245345473184322,scenario,cyp_cystitis,79.89651153849083
20.083333333333,bladder,10.0,0.970770724379,0.029229275621,0.23106107592531916,23.106107592531917,0.19212898916459914,19.212898916459913,0.048538536218950004,4.853853621895,0.012205676869854574,1.2205676869854574,0.012205676869854574,0.015257096087318218,scenario,cyp_cystitis,79.05453466469899
20.166666666667,bladder,10.0,0.970754373274,0.029245626726,0.23107746287994024,23.107746287994026,0.19214709917498976,19.214709917498975,0.048537718663700005,4.853771866370001,0.012215091863522801,1.22150918635228,0.012215091863522803,0.015268864829403504,scenario,cyp_cystitis,78.21255779089715
20.25,bladder,10.0,0.970737767818,0.029262232182,0.23109379310720943,23.109379310720943,0.19216516285927307,19.216516285927305,0.04853688839090001,4.853688839090001,0.012224521393137533,1.2224521393137533,0.012224521393137535,0.01528065174142192,scenario,cyp_cystitis,77.3705809171053
20.333333333333,bladder,10.0,0.970720922653,0.029279077347,0.2311100700784345,23.11100700784345,0.1921831831008258,19.21831831008258,0.04853604613265,4.853604613265,0.012233965492388279,1.223396549238828,0.012233965492388277,0.015292456865485346,scenario,cyp_cystitis,76.5286040433135
20.416666666667,bladder,10.0,0.970703872174,0.029296127826,0.2311263019693651,23.11263019693651,0.19220116669543694,19.220116669543692,0.048535193608700004,4.85351936087,0.01224342419506874,1.224342419506874,0.012243424195068738,0.015304280243835924,scenario,cyp_cystitis,75.68662716951164
20.5,bladder,10.0,0.970686624046,0.029313375954,0.23114249059360173,23.114249059360173,0.19221911514873868,19.221911514873867,0.0485343312023,4.85343312023,0.01225289753507686,1.225289753507686,0.01225289753507686,0.015316121918846074,scenario,cyp_cystitis,74.84465029571984
20.583333333333,bladder,10.0,0.97066917827,0.02933082173,0.23115863594024902,23.1158635940249,0.1922370284492095,19.22370284492095,0.0485334589135,4.85334589135,0.012262385546415934,1.2262385546415935,0.012262385546415934,0.015327981933019917,scenario,cyp_cystitis,74.002673421928
20.666666666667,bladder,10.0,0.970651534845,0.029348465155,0.23117473799793056,23.117473799793057,0.19225490658492692,19.225490658492692,0.048532576742250005,4.853257674225,0.012271888263194643,1.2271888263194644,0.012271888263194643,0.015339860328993303,scenario,cyp_cystitis,73.16069654812614
20.75,bladder,10.0,0.970633693772,0.029366306228,0.2311907967557405,23.11907967557405,0.19227274954435844,19.227274954435845,0.0485316846886,4.85316846886,0.012281405719627157,1.2281405719627156,0.012281405719627157,0.015351757149533947,scenario,cyp_cystitis,72.3187196743343
20.833333333333,bladder,10.0,0.97061565505,0.02938434495,0.2312068122022924,23.12068122022924,0.19229055731557093,19.229055731557093,0.0485307827525,4.853078275250001,0.01229093795003419,1.229093795003419,0.01229093795003419,0.015363672437542738,scenario,cyp_cystitis,71.47674280054252
20.916666666667,bladder,10.0,0.97059741868,0.02940258132,0.23122278432667126,23.122278432667127,0.1923083298870224,19.23083298870224,0.048529870934000005,4.8529870934,0.012300484988843107,1.2300484988843108,0.012300484988843107,0.015375606236053883,scenario,cyp_cystitis,70.63476592674066
21.0,bladder,10.0,0.970578984661,0.029421015339,0.23123871311747998,23.123871311747997,0.1923260672467684,19.23260672467684,0.048528949233050005,4.8528949233050005,0.01231004687058797,1.231004687058797,0.012310046870587968,0.01538755858823496,scenario,cyp_cystitis,69.7927890529488
21.083333333333,bladder,10.0,0.970560352994,0.029439647006,0.23125459856379366,23.125459856379365,0.1923437693832565,19.23437693832565,0.0485280176497,4.852801764970001,0.01231962362991065,1.231962362991065,0.01231962362991065,0.015399529537388313,scenario,cyp_cystitis,68.95081217915701
21.166666666667,bladder,10.0,0.970541523678,0.029458476322,0.23127044065420607,23.127044065420606,0.1923614362845327,19.23614362845327,0.0485270761839,4.85270761839,0.012329215301560911,1.2329215301560912,0.012329215301560913,0.01541151912695114,scenario,cyp_cystitis,68.10883530535516
21.25,bladder,10.0,0.970522496714,0.029477503286,0.2312862393777815,23.12862393777815,0.19237906793903317,19.237906793903317,0.048526124835700006,4.852612483570001,0.012338821920396465,1.2338821920396466,0.012338821920396465,0.015423527400495582,scenario,cyp_cystitis,67.26685843156334
21.333333333333,bladder,10.0,0.970503272101,0.029496727899,0.23130199472310375,23.130199472310377,0.19239666433479344,19.239666433479343,0.04852516360505,4.852516360505,0.012348443521384108,1.234844352138411,0.012348443521384107,0.015435554401730132,scenario,cyp_cystitis,66.4248815577715
21.416666666667,bladder,10.0,0.97048384984,0.02951615016,0.23131770667922813,23.13177066792281,0.19241422546024015,19.241422546024015,0.048524192492000004,4.8524192492000005,0.012358080139599775,1.2358080139599774,0.012358080139599775,0.015447600174499719,scenario,cyp_cystitis,65.58290468396966
21.5,bladder,10.0,0.970464268935,0.029535731065,0.2313333845325028,23.13333845325028,0.19243175903763451,19.24317590376345,0.04852321344675001,4.852321344675,0.012367731810228632,1.2367731810228633,0.012367731810228634,0.015459664762785793,scenario,cyp_cystitis,64.74092781017784
21.583333333333,bladder,10.0,0.970444570464,0.029555429536,0.2313490380669742,23.13490380669742,0.19244927320397284,19.244927320397284,0.048522228523200005,4.852222852320001,0.01237739856856621,1.237739856856621,0.01237739856856621,0.01547174821070776,scenario,cyp_cystitis,63.898950936386036
21.666666666667,bladder,10.0,0.970424754431,0.029575245569,0.23136466727743735,23.136466727743734,0.19246676795356563,19.246676795356564,0.04852123772155,4.852123772155,0.012387080450018463,1.2387080450018464,0.012387080450018465,0.01548385056252308,scenario,cyp_cystitis,63.05697406258416
21.75,bladder,10.0,0.970404820839,0.029595179161,0.23138027215844598,23.1380272158446,0.19248424328052208,19.24842432805221,0.048520241041950005,4.852024104195,0.012396777490101868,1.239677749010187,0.012396777490101868,0.015495971862627335,scenario,cyp_cystitis,62.21499718879231
21.833333333333,bladder,10.0,0.970384769686,0.029615230314,0.23139585270335936,23.139585270335935,0.1925016991779572,19.25016991779572,0.0485192384843,4.85192384843,0.01240648972444456,1.240648972444456,0.01240648972444456,0.0155081121555557,scenario,cyp_cystitis,61.373020315000545
21.916666666667,bladder,10.0,0.970364600972,0.029635399028,0.23141140890601108,23.141140890601108,0.19251913563938008,19.251913563938007,0.0485182300486,4.85182300486,0.012416217188786395,1.2416217188786394,0.012416217188786395,0.015520271485982994,scenario,cyp_cystitis,60.53104344119864
22.0,bladder,10.0,0.970344314698,0.029655685302,0.2314269407604697,23.142694076046972,0.19253655265849443,19.253655265849442,0.048517215734900004,4.851721573490001,0.012425959918979075,1.2425959918979075,0.012425959918979075,0.015532449898723844,scenario,cyp_cystitis,59.68906656740686
22.083333333333,bladder,10.0,0.970323910864,0.029676089136,0.23144244826056323,23.144244826056322,0.19255395022880342,19.255395022880343,0.048516195543200004,4.85161955432,0.012435717950987258,1.2435717950987257,0.012435717950987258,0.015544647438734073,scenario,cyp_cystitis,58.84708969361502
22.166666666667,bladder,10.0,0.970303389469,0.029696610531,0.23145793139987855,23.145793139987855,0.19257132834360902,19.257132834360903,0.04851516947345,4.851516947345,0.012445491320888664,1.2445491320888664,0.012445491320888666,0.015556864151110832,scenario,cyp_cystitis,58.00511281981318
22.25,bladder,10.0,0.970282750514,0.029717249486,0.23147339017247595,23.147339017247596,0.19258868699660628,19.258868699660628,0.0485141375257,4.85141375257,0.012455280064874173,1.2455280064874172,0.012455280064874171,0.015569100081092715,scenario,cyp_cystitis,57.16313594602136
22.333333333333,bladder,10.0,0.970261993999,0.029738006001,0.2314888245721753,23.14888245721753,0.1926060261812898,19.26060261812898,0.048513099699950005,4.851309969995,0.012465084219248957,1.2465084219248956,0.012465084219248955,0.015581355274061194,scenario,cyp_cystitis,56.32115907222954
22.416666666667,bladder,10.0,0.970241119923,0.029758880077,0.23150423459255506,23.150423459255506,0.1926233458909527,19.26233458909527,0.04851205599615,4.8512055996150005,0.01247490382043259,1.247490382043259,0.01247490382043259,0.015593629775540739,scenario,cyp_cystitis,55.47918219842766
22.5,bladder,10.0,0.970220128286,0.029779871714,0.23151962022742867,23.151962022742868,0.1926406461190828,19.264064611908278,0.048511006414300006,4.85110064143,0.012484738904959155,1.2484738904959154,0.012484738904959157,0.015605923631198946,scenario,cyp_cystitis,54.63720532463586
22.583333333333,bladder,10.0,0.970199026879,0.029800973121,0.23153498332990569,23.15349833299057,0.19265792840626914,19.265792840626915,0.04850995134395,4.850995134395,0.012494589509478378,1.2494589509478378,0.01249458950947838,0.015618236886847974,scenario,cyp_cystitis,53.79522845084404
22.666666666667,bladder,10.0,0.970177848147,0.029822151853,0.23155033163786698,23.155033163786698,0.19267519919001788,19.26751991900179,0.048508892407350006,4.850889240735,0.012504455670755756,1.2504455670755756,0.012504455670755756,0.015630569588444696,scenario,cyp_cystitis,52.95325157704217
22.75,bladder,10.0,0.970156595658,0.029843404342,0.23156566599929929,23.156566599929928,0.19269245917515715,19.269245917515715,0.048507829782900004,4.850782978290001,0.012514337425672638,1.251433742567264,0.01251433742567264,0.0156429217820908,scenario,cyp_cystitis,52.11127470325035
22.833333333333,bladder,10.0,0.970135269412,0.029864730588,0.23158098641077118,23.158098641077117,0.19270970835807494,19.270970835807493,0.048506763470600005,4.85067634706,0.012524234811227412,1.2524234811227413,0.012524234811227412,0.015655293514034264,scenario,cyp_cystitis,51.26929782945854
22.916666666667,bladder,10.0,0.970113869409,0.029886130591,0.23159629286884978,23.15962928688498,0.19272694673515767,19.272694673515765,0.04850569347045,4.850569347045,0.012534147864535597,1.2534147864535596,0.012534147864535595,0.015667684830669493,scenario,cyp_cystitis,50.427320955656675
23.0,bladder,10.0,0.970092395649,0.029907604351,0.23161158537010001,23.161158537010003,0.1927441743027895,19.27441743027895,0.04850461978245,4.850461978245,0.012544076622829966,1.2544076622829965,0.012544076622829966,0.015680095778537458,scenario,cyp_cystitis,49.58534408186486
23.083333333333,bladder,10.0,0.970070848133,0.029929151867,0.23162686391132475,23.162686391132475,0.19276139105755238,19.276139105755238,0.04850354240665,4.850354240665,0.012554021123461712,1.2554021123461712,0.01255402112346171,0.015692526404327136,scenario,cyp_cystitis,48.74336720807304
23.166666666667,bladder,10.0,0.970049226859,0.029950773141,0.23164212848860896,23.164212848860895,0.19277859699543048,19.277859699543047,0.04850246134295,4.850246134295,0.012563981403900562,1.2563981403900562,0.012563981403900562,0.015704976754875703,scenario,cyp_cystitis,47.90139033427116
23.25,bladder,10.0,0.970027531829,0.029972468171,0.23165737909899056,23.165737909899057,0.19279579211320058,19.27957921132006,0.048501376591450006,4.850137659145001,0.012573957501734897,1.2573957501734896,0.012573957501734897,0.015717446877168622,scenario,cyp_cystitis,47.05941346047937
23.333333333333,bladder,10.0,0.970005763041,0.029994236959,0.2316726157385513,23.16726157385513,0.19281297640684347,19.281297640684347,0.04850028815205,4.850028815205,0.012583949454672932,1.2583949454672931,0.012583949454672932,0.015729936818341166,scenario,cyp_cystitis,46.21743658668754
23.416666666667,bladder,10.0,0.969983920497,0.030016079503,0.2316878384043269,23.168783840432692,0.1928301498731336,19.28301498731336,0.048499196024850005,4.849919602485,0.012593957300542845,1.2593957300542846,0.012593957300542845,0.015742446625678558,scenario,cyp_cystitis,45.375459712885664
23.5,bladder,10.0,0.969962004196,0.030037995804,0.23170304709263412,23.170304709263412,0.19284731250824644,19.284731250824645,0.0484981002098,4.84981002098,0.012603981077292877,1.2603981077292876,0.012603981077292877,0.015754976346616097,scenario,cyp_cystitis,44.53348283909386
23.583333333333,bladder,10.0,0.969940014137,0.030059985863,0.23171824179978906,23.171824179978906,0.1928644643083569,19.286446430835692,0.04849700070685001,4.849700070685,0.012614020822992544,1.2614020822992544,0.012614020822992546,0.01576752602874068,scenario,cyp_cystitis,43.691505965302035
23.666666666667,bladder,10.0,0.969917950826,0.030082049174,0.23173342264323865,23.173342264323864,0.19288160537046173,19.288160537046174,0.0484958975413,4.84958975413,0.01262407657583276,1.2624076575832759,0.012624076575832761,0.01578009571979095,scenario,cyp_cystitis,42.84952909150017
23.75,bladder,10.0,0.969895830037,0.030104169963,0.23174859338863296,23.174859338863296,0.1928987388281926,19.28987388281926,0.04849479150185,4.849479150185,0.01263414837412595,1.263414837412595,0.01263414837412595,0.015792685467657438,scenario,cyp_cystitis,42.00755221770837
23.833333333333,bladder,10.0,0.969873659269,0.030126340731,0.23176375582553474,23.176375582553472,0.19291586617061554,19.291586617061554,0.048493682963450004,4.849368296345,0.01264423625630727,1.264423625630727,0.01264423625630727,0.015805295320384088,scenario,cyp_cystitis,41.165575343916544
23.916666666667,bladder,10.0,0.969851438522,0.030148561478,0.23177890995199812,23.177890995199814,0.19293298739568224,19.293298739568225,0.0484925719261,4.84925719261,0.012654340260934732,1.265434026093473,0.012654340260934732,0.015817925326168415,scenario,cyp_cystitis,40.32359847011468
24.0,bladder,10.0,0.969829167797,0.030170832203,0.23179405576631457,23.179405576631456,0.19295010250154165,19.295010250154164,0.04849145838985,4.849145838985,0.01266446042668932,1.266446042668932,0.012664460426689322,0.015830575533361653,scenario,cyp_cystitis,39.48162159632287
0.0,spinal_coord,30.11270795402566,0.962834194672,0.037165805328,0.5508542733325095,55.08542733325095,0.41352763288601263,41.35276328860126,0.240708548668,24.0708548668,0.03860042106311194,3.860042106311194,0.03860042106311195,0.02702029474417836,scenario,cyp_cystitis,0.001
0.083333333333,spinal_coord,30.386474760650888,0.962860622687,0.037139377313,0.5520077652941627,55.200776529416274,0.41505681282988366,41.50568128298836,0.24071515567175,24.071515567175002,0.0383574767701088,3.83574767701088,0.038357476770108805,0.026850233739076163,scenario,cyp_cystitis,15.740301376827288
0.166666666667,spinal_coord,30.65840327059857,0.962887050702,0.037112949298,0.5531385251464833,55.31385251464833,0.4165556832946445,41.65556832946445,0.2407217626755,24.07217626755,0.03811963083851384,3.8119630838513845,0.03811963083851384,0.02668374158695969,scenario,cyp_cystitis,31.479602753843455
0.25,spinal_coord,30.92837120303389,0.962929844128,0.037070155872,0.5542557175015038,55.42557175015038,0.4180310086260051,41.80310086260051,0.240732461032,24.0732461032,0.037886511280730326,3.7886511280730324,0.037886511280730326,0.026520557896511227,scenario,cyp_cystitis,47.21890413067074
0.333333333333,spinal_coord,31.196256094140082,0.962978902554,0.037021097446,0.5553533247358526,55.535332473585264,0.4194781321298035,41.94781321298035,0.2407447256385,24.074472563849998,0.03765776751371603,3.765776751371603,0.03765776751371602,0.026360437259601216,scenario,cyp_cystitis,62.958205507498015
0.416666666667,spinal_coord,31.46193538758699,0.963028779802,0.036971220198,0.556427979973151,55.6427979973151,0.42089438003020124,42.08943800302013,0.2407571949505,24.07571949505,0.03743306892307765,3.743306892307765,0.03743306892307765,0.026203148246154353,scenario,cyp_cystitis,78.69750688451421
0.5,spinal_coord,31.72528652602372,0.963085617956,0.036914382044,0.5574830078565092,55.74830078565092,0.42228213782334556,42.22821378233456,0.240771404489,24.0771404489,0.037212103550234,3.7212103550234,0.037212103550234,0.026048472485163798,scenario,cyp_cystitis,94.43680826134151
0.583333333333,spinal_coord,31.986187043530556,0.963150677141,0.036849322859,0.5585189349198197,55.851893491981976,0.42364168751275966,42.36416875127597,0.24078766928525,24.078766928525,0.03699457689051238,3.699457689051238,0.03699457689051238,0.025896203823358666,scenario,cyp_cystitis,110.17610963816877
0.666666666667,spinal_coord,32.244514658877506,0.963223957357,0.036776042643,0.5595355671217224,55.95355671217224,0.42497277037662984,42.49727703766298,0.24080598933925,24.080598933925,0.036780210791444945,3.6780210791444947,0.03678021079144494,0.025746147554011455,scenario,cyp_cystitis,125.91541101518493
0.75,spinal_coord,32.50014736952159,0.963305458605,0.036694541395,0.5605327163921896,56.05327163921896,0.4262751356545862,42.62751356545862,0.24082636465125,24.082636465125002,0.03656874244162779,3.656874244162779,0.03656874244162779,0.02559811970913945,scenario,cyp_cystitis,141.65471239201221
0.833333333333,spinal_coord,32.75296354627107,0.963394986386,0.036605013614,0.5615100870957845,56.151008709578456,0.4275484539990461,42.75484539990461,0.2408487465965,24.084874659649998,0.03635992344153593,3.6359923441535926,0.03635992344153593,0.02545194640907515,scenario,cyp_cystitis,157.39401376883956
0.916666666667,spinal_coord,33.00284202845978,0.963492249822,0.036507750178,0.5624673322308775,56.24673322308775,0.42879235970050344,42.879235970050345,0.2408730624555,24.08730624555,0.03615351894866188,3.6153518948661882,0.03615351894866189,0.02530746326406332,scenario,cyp_cystitis,173.13331514585565
1.0,spinal_coord,33.24966221955765,0.963597246097,0.036402753903,0.5634042776479865,56.34042776479865,0.43000662149831537,43.000662149831534,0.24089931152425,24.089931152425002,0.03594930689007517,3.5949306890075166,0.03594930689007517,0.025164514823052615,scenario,cyp_cystitis,188.872616522683
1.083333333333,spinal_coord,33.493304183139614,0.963709975213,0.036290024787,0.5641933798126523,56.41933798126523,0.4310211813458697,43.102118134586966,0.24092749380325,24.092749380325,0.03562092239918861,3.562092239918861,0.035620922399188605,0.024934645679432023,scenario,cyp_cystitis,209.03632353908677
1.166666666667,spinal_coord,33.73364873905331,0.963830488811,0.036169511189,0.5649624733813612,56.496247338136115,0.4320064682381482,43.20064682381482,0.24095762220275,24.095762220275,0.0352997699218803,3.5299769921880304,0.0352997699218803,0.024709838945316212,scenario,cyp_cystitis,229.2000305557325
1.25,spinal_coord,33.97057755970685,0.963959437786,0.036040562214,0.5657117841354797,56.571178413547976,0.43296256625197305,43.2962566251973,0.2409898594465,24.09898594465,0.03498538531113295,3.4985385311132946,0.03498538531113295,0.024489769717793063,scenario,cyp_cystitis,249.36373757213633
1.333333333333,spinal_coord,34.203973266393895,0.964097018545,0.035902981455,0.5664412770271199,56.64412770271199,0.4338893631878265,43.38893631878265,0.24102425463625,24.102425463625,0.03467733425111342,3.467733425111342,0.034677334251113426,0.024274133975779398,scenario,cyp_cystitis,269.52744458854
1.416666666667,spinal_coord,34.433719525495434,0.964243231089,0.035756768911,0.5671508061922335,56.71508061922334,0.4347866645599779,43.47866645599779,0.24106080777225,24.106080777225,0.03437521005695092,3.437521005695092,0.03437521005695092,0.02406264703986564,scenario,cyp_cystitis,289.6911516051858
1.5,spinal_coord,34.65970114447569,0.964398075418,0.035601924582,0.5678402297890185,56.78402297890185,0.4356542812460247,43.56542812460247,0.2410995188545,24.109951885450002,0.034078631674215154,3.4078631674215156,0.034078631674215154,0.023855042171950606,scenario,cyp_cystitis,309.8548586215896
1.583333333333,spinal_coord,34.881804167585955,0.964560758894,0.035439241106,0.5685089426786698,56.85089426786698,0.4364916706068932,43.64916706068932,0.2411401897235,24.11401897235,0.03378724185712968,3.378724185712968,0.03378724185712968,0.023651069299990776,scenario,cyp_cystitis,330.01856563799345
1.666666666667,spinal_coord,35.099915971116204,0.964729562699,0.035270437301,0.56915579525342,56.915579525342,0.43729787277155996,43.72978727715599,0.24118239067475,24.118239067475,0.03350070550711082,3.3500705507110817,0.033500705507110824,0.023450493854977574,scenario,cyp_cystitis,350.18227265463906
1.75,spinal_coord,35.313925358109486,0.964904311311,0.035095688689,0.569780549247254,56.9780549247254,0.4380726285593386,43.80726285593386,0.24122607782775,24.122607782775,0.03321870815526201,3.321870815526201,0.03321870815526201,0.023253095708683405,scenario,cyp_cystitis,370.34597967104304
1.833333333333,spinal_coord,35.52372265245073,0.965083968371,0.034916031629,0.5703824611451507,57.03824611451507,0.4388152920698676,43.881529206986755,0.24127099209275,24.127099209275,0.032940954574323035,3.2940954574323036,0.03294095457432303,0.02305866820202612,scenario,cyp_cystitis,390.5096866874468
1.916666666667,spinal_coord,35.72919979217187,0.96526828003,0.03473171997,0.5709612520596886,57.09612520596886,0.43952557606958476,43.95255760695848,0.2413170700075,24.131707000749998,0.03266716750729267,3.266716750729267,0.03266716750729267,0.022867017255104868,scenario,cyp_cystitis,410.67339370409275
2.0,spinal_coord,35.93025042188743,0.965447170854,0.034552829146,0.5715108324386499,57.15108324386499,0.44019871963353313,44.01987196335331,0.2413617927135,24.13617927135,0.032397086501275436,3.2397086501275436,0.03239708650127543,0.0226779605508928,scenario,cyp_cystitis,430.8371007204964
2.083333333333,spinal_coord,36.12676998427123,0.965611698711,0.034388301289,0.5728014351153934,57.280143511539336,0.4418646805835245,44.18646805835245,0.24140292467775,24.140292467775,0.03273715408939165,3.2737154089391653,0.032737154089391644,0.02291600786257415,scenario,cyp_cystitis,423.21808642360986
2.166666666667,spinal_coord,36.31865581042011,0.965759431157,0.034240568843,0.5740551150133065,57.40551150133065,0.4434870096320753,44.348700963207534,0.24143985778925,24.143985778925,0.03307655897864307,3.307655897864307,0.03307655897864307,0.023153591285050148,scenario,cyp_cystitis,415.5990721266321
2.25,spinal_coord,36.50580720901905,0.965882080802,0.034117919198,0.5752667171771217,57.526671717712176,0.445061595968829,44.5061595968829,0.2414705202005,24.14705202005,0.03341520635124207,3.3415206351242075,0.03341520635124207,0.02339064444586945,scenario,cyp_cystitis,407.98005782974576
2.333333333333,spinal_coord,36.688125554219134,0.965978961248,0.034021038752,0.5764355942628514,57.64355942628514,0.4465878052678019,44.65878052678019,0.241494740312,24.1494740312,0.033753001403561904,3.3753001403561904,0.03375300140356191,0.023627100982493335,scenario,cyp_cystitis,400.3610435328596
2.416666666667,spinal_coord,36.86551437207959,0.966050652748,0.033949347252,0.5775618643202987,57.756186432029864,0.4480656015110649,44.80656015110649,0.241512663187,24.1512663187,0.03408984941554032,3.4089849415540323,0.03408984941554032,0.023862894590878224,scenario,cyp_cystitis,392.7420292358818
2.5,spinal_coord,37.0378794254904,0.966100483342,0.033899516658,0.578647304867082,57.864730486708204,0.4494962453754427,44.94962453754427,0.2415251208355,24.15251208355,0.03442565582055572,3.442565582055572,0.03442565582055572,0.024097959074389004,scenario,cyp_cystitis,385.12301493899514
2.583333333333,spinal_coord,37.20512879748852,0.966128982888,0.033871017112,0.5796920394960898,57.96920394960898,0.45087972503211987,45.08797250321199,0.241532245722,24.1532245722,0.034760326275753296,3.4760326275753295,0.034760326275753296,0.024332228393027306,scenario,cyp_cystitis,377.50400064210896
2.666666666667,spinal_coord,37.367172972826744,0.966136428064,0.033863571936,0.5806960519307753,58.069605193077535,0.4522159265530337,45.221592655303375,0.241534107016,24.153410701600002,0.03509376673269055,3.5093766732690552,0.03509376673269055,0.024565636712883386,scenario,cyp_cystitis,369.8849863451309
2.75,spinal_coord,37.52392491771433,0.966125787622,0.033874212378,0.5816609576255247,58.16609576255247,0.45350601429336623,45.35060142933662,0.2415314469055,24.15314469055,0.03542588350827976,3.542588350827976,0.03542588350827976,0.02479811845579583,scenario,cyp_cystitis,362.2659720482445
2.833333333333,spinal_coord,37.675300157646376,0.966097866252,0.033902133748,0.5825870882443093,58.258708824430926,0.45475016224174575,45.475016224174574,0.241524466563,24.1524466563,0.03575658335600568,3.5756583356005676,0.03575658335600568,0.025029608349203973,scenario,cyp_cystitis,354.6469577513584
2.916666666667,spinal_coord,37.8212168531894,0.966052668841,0.033947331159,0.583474304350954,58.347430435095404,0.45594818285427213,45.594818285427216,0.24151316721025,24.151316721025,0.03608577353728835,3.6085773537288346,0.036085773537288354,0.025260041476101846,scenario,cyp_cystitis,347.02794345438053
3.0,spinal_coord,37.961595873647255,0.965990651749,0.034009348251,0.5843227482179947,58.43227482179947,0.45710011370765946,45.71001137076595,0.24149766293725,24.149766293725,0.03641336189297002,3.6413361892970024,0.03641336189297002,0.025489353325079015,scenario,cyp_cystitis,339.408929157494
3.083333333333,spinal_coord,38.09636086852875,0.965913050667,0.034086949333,0.5851330442645242,58.513304426452414,0.45820637546369886,45.82063754636989,0.24147826266675,24.147826266674997,0.03673925691490446,3.6739256914904463,0.03673925691490446,0.025717479840433124,scenario,cyp_cystitis,331.78991486060784
3.166666666667,spinal_coord,38.22543833669517,0.965821175303,0.034178824697,0.5859058742196442,58.59058742196442,0.45926744052519236,45.92674405251923,0.24145529382575,24.145529382575003,0.03706336781752138,3.7063367817521375,0.03706336781752138,0.02594435747226496,scenario,cyp_cystitis,324.17090056362986
3.25,spinal_coord,38.348757693117534,0.965716335368,0.034283664632,0.5866419319310167,58.66419319310167,0.4602837974520222,46.028379745202216,0.241429083842,24.1429083842,0.03738560460934617,3.738560460934617,0.03738560460934617,0.026169923226542314,scenario,cyp_cystitis,316.55188626674357
3.333333333333,spinal_coord,38.46625133317101,0.96559984057,0.03440015943,0.5873419228042838,58.734192280428374,0.4612559502157117,46.12559502157117,0.2413999601425,24.139996014250002,0.03770587816445495,3.7705878164454947,0.037705878164454955,0.026394114715118468,scenario,cyp_cystitis,308.9328719698571
3.416666666667,spinal_coord,38.577854694356745,0.96547300062,0.03452699938,0.5880065632518681,58.80065632518681,0.4621844174624908,46.21844174624908,0.241368250155,24.136825015499998,0.03802410029374074,3.802410029374074,0.03802410029374074,0.026616870205618516,scenario,cyp_cystitis,301.31385767287924
3.5,spinal_coord,38.68350631538782,0.965337125227,0.034662874773,0.5886365801377675,58.86365801377676,0.46306973177469013,46.30697317746901,0.24133428130675,24.133428130675,0.03834018381597351,3.834018381597351,0.03834018381597351,0.026838128671181457,scenario,cyp_cystitis,293.694843375993
3.583333333333,spinal_coord,38.78314789257409,0.965193524101,0.034806475899,0.5892327102304045,58.92327102304045,0.46391243894020595,46.3912438940206,0.24129838102525,24.129838102525,0.038654042628636205,3.8654042628636205,0.03865404262863621,0.027057829840045348,scenario,cyp_cystitis,286.07582907910654
3.666666666667,spinal_coord,38.87672433340948,0.965043208389,0.034956791611,0.5897955171868258,58.97955171868258,0.46471295345276764,46.471295345276765,0.24126080209725,24.126080209725,0.03896559177841702,3.896559177841702,0.03896559177841702,0.02727591424489191,scenario,cyp_cystitis,278.45681478212873
3.75,spinal_coord,38.964183807306426,0.96488610555,0.03511389445,0.5903249096978763,59.03249096978763,0.46547117774716845,46.547117774716845,0.2412215263875,24.12215263875,0.03927474753134377,3.927474753134377,0.03927474753134377,0.02749232327194064,scenario,cyp_cystitis,270.8378004852425
3.833333333333,spinal_coord,39.04547779342067,0.964723035862,0.035276964138,0.5908213481564262,59.08213481564262,0.46618745225456826,46.61874522545683,0.2411807589655,24.11807589655,0.03958142744254527,3.9581427442545265,0.03958142744254526,0.02770699920978168,scenario,cyp_cystitis,263.21878618835603
3.916666666667,spinal_coord,39.12056112548439,0.964554942079,0.035445057921,0.5912853749355298,59.12853749355298,0.4668621858877063,46.68621858877063,0.24113873551975,24.113873551975,0.03988555042552563,3.9885550425525627,0.03988555042552563,0.027919885297867937,scenario,cyp_cystitis,255.5997718913782
4.0,spinal_coord,39.18939203360148,0.964382766952,0.035617233048,0.5917175392012262,59.17175392012262,0.4674957966176349,46.74957966176349,0.241095691738,24.1095691738,0.04018703682094109,4.018703682094109,0.04018703682094109,0.02813092577465876,scenario,cyp_cystitis,247.9807575944918
4.083333333333,spinal_coord,39.2519321829573,0.964207453233,0.035792546767,0.5920161909024654,59.20161909024654,0.46795243679228715,46.79524367922872,0.24105186330825,24.105186330825,0.04037549532585345,4.037549532585345,0.04037549532585345,0.028262846728097413,scenario,cyp_cystitis,243.89362655337726
4.166666666667,spinal_coord,39.308146709376544,0.964029943676,0.035970056324,0.5922839291045884,59.22839291045884,0.46836859091411787,46.83685909141179,0.241007485919,24.1007485919,0.04055885951628736,4.055885951628737,0.04055885951628737,0.028391201661401157,scenario,cyp_cystitis,239.8064955122137
4.25,spinal_coord,39.358004251692826,0.963851181033,0.036148818967,0.5925213230413789,59.252132304137895,0.46874470371083854,46.87447037108385,0.24096279525825,24.096279525825,0.04073705425635914,4.0737054256359135,0.04073705425635913,0.02851593797945139,scenario,cyp_cystitis,235.71936447109923
4.333333333333,spinal_coord,39.401476980892305,0.963672108055,0.036327891945,0.5927289465198615,59.27289465198615,0.46908122600814867,46.90812260081486,0.24091802701375,24.091802701375002,0.0409100068063689,4.09100068063689,0.0409100068063689,0.02863700476445823,scenario,cyp_cystitis,231.63223342998492
4.416666666667,spinal_coord,39.438540625981375,0.963493039584,0.036506960416,0.5929069911534111,59.290699115341106,0.46937830834321476,46.937830834321474,0.240873259896,24.0873259896,0.04107764687665001,4.107764687665001,0.04107764687665002,0.028754352813655012,scenario,cyp_cystitis,227.5451023888214
4.5,spinal_coord,39.46917449655254,0.963314034493,0.036685965507,0.5930554941372593,59.305549413725934,0.4696359806853458,46.96359806853458,0.24082850862325,24.082850862325,0.04123990667959974,4.123990667959974,0.04123990667959974,0.028867934675719815,scenario,cyp_cystitis,223.45797134770675
4.583333333333,spinal_coord,39.49336150202137,0.963135749034,0.036864250966,0.5931748633390328,59.31748633390328,0.46985456810737714,46.985456810737716,0.2407839372585,24.07839372585,0.04139672097986354,4.139672097986354,0.04139672097986354,0.02897770468590448,scenario,cyp_cystitis,219.37084030659233
4.666666666667,spinal_coord,39.51108816750157,0.96295883991,0.03704116009,0.5932655100803892,59.32655100803892,0.4700344001371856,47.00344001371856,0.2407397099775,24.07397099775,0.041548027142594555,4.154802714259455,0.04154802714259454,0.029083618999816176,scenario,cyp_cystitis,215.28370926542894
4.75,spinal_coord,39.52234464630329,0.962783963827,0.037216036173,0.5933278486071039,59.33278486071038,0.4701758102004718,47.017581020047174,0.24069599095675,24.069599095675002,0.04169376517976711,4.169376517976711,0.04169376517976711,0.029185635625836977,scenario,cyp_cystitis,211.19657822431444
4.833333333333,spinal_coord,39.52712472903853,0.962611777487,0.037388222513,0.5933622958375804,59.33622958375804,0.4702791352877738,47.02791352877738,0.24065294437175,24.065294437174998,0.04183387779452079,4.183387779452079,0.04183387779452079,0.02928371445616455,scenario,cyp_cystitis,207.10944718319993
4.916666666667,spinal_coord,39.52542584931821,0.962442937595,0.037557062405,0.5933692711272139,59.33692711272139,0.4703447156379519,47.03447156379519,0.24061073439875,24.061073439875,0.041968310423465806,4.196831042346581,0.041968310423465806,0.02937781729642606,scenario,cyp_cystitis,203.02231614203643
5.0,spinal_coord,39.51724908603707,0.962278100854,0.037721899146,0.5933491960326889,59.33491960326889,0.4703728944255853,47.037289442558524,0.2405695252135,24.05695252135,0.04209701127693285,4.209701127693285,0.04209701127693285,0.029467907893852993,scenario,cyp_cystitis,198.93518510092187
5.083333333333,spinal_coord,39.50259916224181,0.962117789505,0.037882210495,0.5933024111702547,59.33024111702547,0.4703639517253396,47.036395172533965,0.24052944737625,24.052944737625,0.04221993137714806,4.221993137714806,0.04221993137714806,0.02955395196400364,scenario,cyp_cystitis,194.84805405980745
5.166666666667,spinal_coord,39.481484440584396,0.961960870175,0.038039129825,0.5932282379083169,59.32282379083169,0.4703173604860893,47.03173604860893,0.24049021754375,24.049021754374998,0.042337024594273326,4.233702459427333,0.04233702459427332,0.02963591721599132,scenario,cyp_cystitis,190.76092301864395
5.25,spinal_coord,39.45391691536821,0.961807044151,0.038192955849,0.5931265139578693,59.31265139578693,0.4702330038934924,47.02330038934924,0.24045176103775,24.045176103775002,0.042448247680299415,4.244824768029941,0.04244824768029942,0.029713773376209594,scenario,cyp_cystitis,186.67379197752945
5.333333333333,spinal_coord,39.41991220119368,0.961656459236,0.038343540764,0.5929973542144612,59.29973542144612,0.4701109858739483,47.01109858739483,0.240414114809,24.0414114809,0.04255356030077664,4.255356030077664,0.04255356030077664,0.029787492210543644,scenario,cyp_cystitis,182.58666093641492
5.416666666667,spinal_coord,39.37948951822294,0.961509263233,0.038490736767,0.5928408753927707,59.284087539277074,0.46995141277936103,46.995141277936106,0.24037731580825,24.037731580825,0.04265292506433312,4.265292506433313,0.04265292506433312,0.029857047545033183,scenario,cyp_cystitis,178.4995298952514
5.5,spinal_coord,39.33267167408242,0.961365603945,0.038634396055,0.5926571959942935,59.265719599429346,0.469754393344058,46.9754393344058,0.24034140098625,24.034140098625002,0.04274630754997257,4.274630754997257,0.04274630754997257,0.029922415284980797,scenario,cyp_cystitis,174.412398854137
5.583333333333,spinal_coord,39.279485042421165,0.961225629176,0.038774370824,0.5924464362830227,59.24464362830227,0.4695200386520303,46.95200386520303,0.240306407294,24.030640729399998,0.0428336763321399,4.28336763321399,0.0428336763321399,0.02998357343249793,scenario,cyp_cystitis,170.32526781302244
5.666666666667,spinal_coord,39.21995953816186,0.961089486728,0.038910513272,0.592208718266036,59.220871826603606,0.4692484621120481,46.924846211204816,0.240272371682,24.0272371682,0.04291500300351538,4.291500300351538,0.04291500300351538,0.030040502102460766,scenario,cyp_cystitis,166.23813677185893
5.75,spinal_coord,39.15412858947422,0.960957324404,0.039042675596,0.5919441656851334,59.19441656851334,0.46893977944551135,46.89397794455113,0.240239331101,24.0239331101,0.04299026219553278,4.299026219553278,0.04299026219553278,0.030093183536872944,scenario,cyp_cystitis,162.15100573074446
5.833333333333,spinal_coord,39.08202910649963,0.960829264,0.039170736,0.5916528879988998,59.16528879988998,0.468594095998533,46.8594095998533,0.240207316,24.0207316,0.04305943159661458,4.305943159661458,0.04305943159661457,0.030141602117630197,scenario,cyp_cystitis,158.06387468962998
5.916666666667,spinal_coord,39.00370144688057,0.960705309724,0.039294690276,0.591334924049718,59.1334924049718,0.4682114621582907,46.82114621582907,0.240176327431,24.017632743100002,0.04312249196809437,4.312249196809437,0.04312249196809436,0.03018574437766605,scenario,cyp_cystitis,153.9767436484665
6.0,spinal_coord,38.91918937813531,0.960585459522,0.039414540478,0.5909903107412928,59.099031074129286,0.4677919278143904,46.779192781439036,0.2401463648805,24.01463648805,0.04317942715782661,4.317942715782661,0.04317942715782661,0.030225599010478627,scenario,cyp_cystitis,149.88961260735192
6.083333333333,spinal_coord,38.8285400369167,0.960469713392,0.039530286608,0.5906190882234276,59.06190882234276,0.46733554650057013,46.733554650057016,0.240117428348,24.0117428348,0.04323022411148048,4.323022411148048,0.043230224111480475,0.030261156878036332,scenario,cyp_cystitis,145.8024815662376
6.166666666667,spinal_coord,38.73180388522513,0.960358071335,0.039641928665,0.5902212987007045,59.02212987007045,0.4668423744892726,46.68423744892726,0.24008951783375,24.008951783375,0.04327487288149831,4.327487288149831,0.04327487288149831,0.030292411017048815,scenario,cyp_cystitis,141.71535052507392
6.25,spinal_coord,38.62903466362569,0.960250533351,0.039749466649,0.5897969865078746,58.97969865078746,0.4663124708934995,46.63124708934995,0.24006263333775,24.006263333775,0.043313366633722546,4.331336663372254,0.043313366633722546,0.03031935664360578,scenario,cyp_cystitis,137.62821948395947
6.333333333333,spinal_coord,38.520289341518094,0.96014709944,0.03985290056,0.5893461981952068,58.934619819520684,0.46574589778027575,46.57458977802757,0.24003677486,24.003677486,0.04334570165169253,4.334570165169253,0.043345701651692534,0.030341991156184772,scenario,cyp_cystitis,133.541088442845
6.416666666667,spinal_coord,38.405628064544786,0.960047769602,0.039952230398,0.5888689826200915,58.88689826200915,0.4651427202927885,46.51427202927885,0.2400119424005,24.00119424005,0.04337187733860101,4.337187733860101,0.043371877338601005,0.0303603141370207,scenario,cyp_cystitis,129.45395740168158
6.5,spinal_coord,38.285114099196115,0.959952543837,0.040047456163,0.5883653910454014,58.836539104540144,0.4645030067815353,46.450300678153525,0.23998813595925,23.998813595925,0.04339189621691897,4.339189621691897,0.04339189621691897,0.030374327351843276,scenario,cyp_cystitis,125.36682636056703
6.583333333333,spinal_coord,38.15881377467011,0.95986145041,0.04013854959,0.5878354945544303,58.78354945544303,0.4638268426025737,46.38268426025737,0.2399653626025,23.99653626025,0.04340576392569351,4.340576392569351,0.0434057639256935,0.03038403474798545,scenario,cyp_cystitis,121.27969531945254
6.666666666667,spinal_coord,38.026796422086264,0.959775040014,0.040224959986,0.5872796864633194,58.72796864633194,0.46311456861309247,46.311456861309246,0.2399437600035,23.99437600035,0.04341348921551917,4.341348921551917,0.04341348921551917,0.03038944245086342,scenario,cyp_cystitis,117.19256427828904
6.75,spinal_coord,37.88913431112054,0.959693525103,0.040306474897,0.5866981548241422,58.66981548241422,0.4623663647311897,46.23663647311897,0.23992338127575,23.992338127575,0.0434150839411949,4.34150839411949,0.04341508394119491,0.030390558758836433,scenario,cyp_cystitis,113.10543323717454
6.833333333333,spinal_coord,37.74590258412657,0.959616905678,0.040383094322,0.5860909601962538,58.60909601962538,0.46158231170233843,46.15823117023384,0.2399042264195,23.990422641949998,0.043410563052075496,4.34105630520755,0.0434105630520755,0.03038739413645285,scenario,cyp_cystitis,109.01830219606013
6.916666666667,spinal_coord,37.59717918785586,0.959545181739,0.040454818261,0.5854581659915122,58.54581659915122,0.460762494075683,46.0762494075683,0.23988629543475,23.988629543475,0.043399944580127935,4.339994458012794,0.04339994458012793,0.03037996120608955,scenario,cyp_cystitis,104.93117115489653
7.0,spinal_coord,37.44304480285065,0.959478353286,0.040521646714,0.5847998386120739,58.47998386120739,0.4599070003874318,45.990700038743185,0.2398695883215,23.98695883215,0.0433832496257082,4.33832496257082,0.043383249625708206,0.03036827473799574,scenario,cyp_cystitis,100.84404011378206
7.083333333333,spinal_coord,37.28358277058166,0.959416420318,0.040583579682,0.5841160475928668,58.41160475928668,0.4590159233511559,45.90159233511559,0.2398541050795,23.98541050795,0.043360502341072096,4.336050234107209,0.043360502341072096,0.030352351638750465,scenario,cyp_cystitis,96.75690907266763
7.166666666667,spinal_coord,37.11887901845451,0.959359382836,0.040640617164,0.583406865752372,58.3406865752372,0.4580893600578293,45.80893600578293,0.239839845709,23.9839845709,0.043331729911639326,4.3331729911639325,0.04333172991163932,0.03033221093814752,scenario,cyp_cystitis,92.66977803150411
7.25,spinal_coord,36.94902198276478,0.95930724084,0.04069275916,0.5826723693453957,58.26723693453957,0.45712741218052766,45.71274121805276,0.23982681021,23.982681020999998,0.043296962535031173,4.329696253503117,0.043296962535031173,0.03030787377452182,scenario,cyp_cystitis,88.58264699038958
7.333333333333,spinal_coord,36.77410252967898,0.95925999433,0.04074000567,0.5819126382236777,58.191263822367766,0.456130186188237,45.613018618823695,0.2398149985825,23.98149985825,0.043256233397898254,4.325623339789826,0.043256233397898254,0.030279363378528774,scenario,cyp_cystitis,84.4955159492751
7.416666666667,spinal_coord,36.59421387437547,0.959218082115,0.040781917885,0.581128021847149,58.112802184714894,0.45509800175786524,45.50980017578652,0.23980452052875,23.980452052875002,0.04320957865056775,4.3209578650567755,0.043209578650567744,0.030246705055397418,scenario,cyp_cystitis,80.40838490811163
7.5,spinal_coord,36.40945149842985,0.959182359353,0.040817640647,0.5803191240649646,58.03191240649645,0.45403137896895274,45.403137896895274,0.23979558983825,23.979558983825,0.043157037379534136,4.315703737953413,0.043157037379534136,0.030209926165673893,scenario,cyp_cystitis,76.32125386699715
7.583333333333,spinal_coord,36.219913065525944,0.959152848179,0.040847151821,0.5794860465671627,57.94860465671627,0.45293044602988364,45.29304460298837,0.23978821204475,23.978821204475,0.04309865157781319,4.309865157781319,0.04309865157781319,0.030169056104469228,scenario,cyp_cystitis,72.23412282588266
7.666666666667,spinal_coord,36.02569833563534,0.959129548591,0.040870451409,0.5786288816733658,57.86288816733658,0.4517953260341544,45.17953260341544,0.23978238714775,23.978238714775,0.043034466113198874,4.303446611319887,0.043034466113198874,0.03012412627923921,scenario,cyp_cystitis,68.14699178471918
7.75,spinal_coord,35.8269090777526,0.959112460591,0.040887539409,0.5777477259499642,57.77477259499641,0.4506261477362856,45.06261477362856,0.23977811514775,23.977811514775,0.042964528694449694,4.29645286944497,0.04296452869444969,0.03007517008611478,scenario,cyp_cystitis,64.05986074360469
7.833333333333,spinal_coord,35.62364898127051,0.959101584178,0.040898415822,0.5768426803959402,57.68426803959402,0.44942304580192033,44.94230458019203,0.2397753960445,23.977539604449998,0.04288888983542902,4.288888983542901,0.04288888983542902,0.03002222288480031,scenario,cyp_cystitis,59.97272970249021
7.916666666667,spinal_coord,35.416023566144844,0.959096919352,0.040903080648,0.5759138506394258,57.59138506394258,0.44818616106856773,44.81861610685677,0.239774229838,23.9774229838,0.042807602817247235,4.2807602817247234,0.04280760281724723,0.029965321972073057,scenario,cyp_cystitis,55.88559866132668
8.0,spinal_coord,35.20414009193764,0.959098466114,0.040901533886,0.5749613471355699,57.49613471355699,0.44691564080942653,44.691564080942655,0.2397746165285,23.97746165285,0.0427207236484366,4.27207236484366,0.0427207236484366,0.029904506553905617,scenario,cyp_cystitis,51.7984676202122
8.083333333333,spinal_coord,34.98810746582462,0.959106224462,0.040893775538,0.5738785717045826,57.387857170458254,0.4454693541187768,44.54693541187768,0.2397765561155,23.97765561155,0.04248823286479765,4.248823286479765,0.04248823286479765,0.029741763005358354,scenario,cyp_cystitis,51.31930574515317
8.166666666667,spinal_coord,34.76803614972147,0.959120503211,0.040879496789,0.5727725511187869,57.27725511187869,0.44398990042138253,44.39899004213825,0.23978012580275,23.978012580275,0.04225071644773606,4.225071644773606,0.04225071644773605,0.029575501513415235,scenario,cyp_cystitis,50.84014387008839
8.25,spinal_coord,34.544038066618164,0.95914467873,0.04085532127,0.5716454299731593,57.16454299731593,0.442479013720879,44.2479013720879,0.2397861696825,23.978616968249998,0.042008290663365984,4.200829066336598,0.04200829066336598,0.029405803464356183,scenario,cyp_cystitis,50.36098199502935
8.333333333333,spinal_coord,34.31622650620696,0.959179678204,0.040820321796,0.5704978858604209,57.04978858604209,0.4409372884125613,44.09372884125613,0.239794919551,23.9794919551,0.041761073690550626,4.176107369055063,0.041761073690550626,0.029232751583385435,scenario,cyp_cystitis,49.88182011997032
8.416666666667,spinal_coord,34.084716029962316,0.959225501632,0.040774498368,0.56933004726809,56.933004726809,0.4393648958134534,43.93648958134534,0.239806375408,23.9806375408,0.04150918553117522,4.150918553117522,0.04150918553117522,0.02905642987182265,scenario,cyp_cystitis,49.40265824490554
8.5,spinal_coord,33.84962237576058,0.959282149014,0.040717850986,0.5681420485916544,56.81420485916544,0.43776201511753915,43.77620151175392,0.2398205372535,23.98205372535,0.04125274791923636,4.125274791923636,0.04125274791923635,0.028876923543465445,scenario,cyp_cystitis,48.92349636984653
8.583333333333,spinal_coord,33.611062362123846,0.95934962035,0.04065037965,0.5669340303682696,56.693403036826965,0.4361288337076928,43.61288337076928,0.2398374050875,23.98374050875,0.04099188422880609,4.0991884228806095,0.04099188422880609,0.02869431896016426,scenario,cyp_cystitis,48.444334494787476
8.666666666667,spinal_coord,33.36915379224784,0.959427915641,0.04057208436,0.5657061395123694,56.570613951236936,0.4344655474694924,43.44655474694924,0.23985697891025,23.985697891025,0.04072671938101346,4.072671938101346,0.04072671938101346,0.02850870356670942,scenario,cyp_cystitis,47.965172619722715
8.75,spinal_coord,33.12401535789928,0.959517034885,0.040482965115,0.564458529548477,56.445852954847695,0.43277236110296935,43.27723611029693,0.23987925872125,23.987925872125,0.04045737975010729,4.045737975010729,0.040457379750107283,0.028320165825075096,scenario,cyp_cystitis,47.48601074466368
8.833333333333,spinal_coord,32.87576654326415,0.959616978084,0.040383021916,0.5631913608500354,56.31913608500354,0.4310494884387138,43.104948843871384,0.239904244521,23.9904244521,0.04018399306866114,4.018399306866114,0.040183993068661134,0.028128795148062793,scenario,cyp_cystitis,47.00684886960464
8.916666666667,spinal_coord,32.62452752890709,0.959727745237,0.040272254763,0.5619048008692954,56.19048008692954,0.42929715274672714,42.929715274672716,0.23993193630925,23.993193630925,0.03990668833207006,3.990668833207006,0.039906688332070055,0.027934681832449036,scenario,cyp_cystitis,46.52768699453987
9.0,spinal_coord,32.37041909592325,0.959847950231,0.040152049769,0.560598214814476,56.0598214814476,0.42751496967563474,42.751496967563476,0.23996198755775,23.996198755775,0.0396255957024045,3.96255957024045,0.03962559570240451,0.027737916991683154,scenario,cyp_cystitis,46.04852511948083
9.083333333333,spinal_coord,32.11356253036023,0.95997570626,0.04002429374,0.559270691838022,55.9270691838022,0.42570235369736276,42.570235369736274,0.239993926565,23.9993926565,0.03934084641168466,3.934084641168466,0.03934084641168466,0.027538592488179258,scenario,cyp_cystitis,45.56936324442181
9.166666666667,spinal_coord,31.85407952806846,0.960111002503,0.039888997497,0.5579224304357215,55.79224304357216,0.42385957307996197,42.3859573079962,0.24002775062575,24.002775062574997,0.03905257266472986,3.905257266472986,0.03905257266472986,0.0273368008653109,scenario,cyp_cystitis,45.09020136935702
9.25,spinal_coord,31.59209210005674,0.96025383896,0.03974616104,0.5565536439377282,55.65536439377282,0.4219869122636376,42.19869122636376,0.24006345974,24.006345974000002,0.03876090754165014,3.876090754165014,0.03876090754165014,0.027132635279155097,scenario,cyp_cystitis,44.61103949429799
9.333333333333,spinal_coord,31.327722478424782,0.960404215632,0.039595784368,0.5551645543861349,55.51645543861349,0.42008466730417987,42.008466730417986,0.240101053908,24.0101053908,0.038465984900043694,3.8465984900043693,0.038465984900043694,0.026926189430030584,scenario,cyp_cystitis,44.13187761923896
9.416666666667,spinal_coord,31.06109302302864,0.960562132517,0.039437867483,0.5537553927406562,55.37553927406562,0.4181531461485416,41.81531461485416,0.24014053312925,24.014053312925,0.03816793927705971,3.8167939277059713,0.03816793927705971,0.026717557493941797,scenario,cyp_cystitis,43.65271574417417
9.5,spinal_coord,30.792326128948886,0.960727589617,0.039272410383,0.5523263990853835,55.23263990853835,0.41619266890817797,41.6192668908178,0.24018189740425,24.018189740425,0.037866905791393395,3.7866905791393393,0.037866905791393395,0.026506834053975376,scenario,cyp_cystitis,43.17355386911516
9.583333333333,spinal_coord,30.52154413482765,0.96090058693,0.03909941307,0.5508778228207747,55.08778228207747,0.4142035681176995,41.42035681176995,0.2402251467325,24.02251467325,0.0375630200452774,3.75630200452774,0.03756302004527741,0.026294114031694186,scenario,cyp_cystitis,42.694391994056126
9.666666666667,spinal_coord,30.24886923222546,0.961081124458,0.038918875542,0.549409922858437,54.940992285843706,0.41218618899191606,41.218618899191604,0.2402702811145,24.02702811145,0.03725641802663204,3.7256418026632043,0.03725641802663204,0.026079492618642428,scenario,cyp_cystitis,42.21523011899133
9.75,spinal_coord,29.974423376060766,0.961268921232,0.038731078768,0.547922807648412,54.792280764841195,0.4101407697872159,41.01407697872159,0.240317230308,24.031723030800002,0.03694723601144003,3.6947236011440032,0.03694723601144003,0.02586306520800802,scenario,cyp_cystitis,41.73606824393231
9.833333333333,spinal_coord,29.698328196190843,0.961462085155,0.038537914845,0.5464156817655981,54.64156817655981,0.40806688063579744,40.80668806357974,0.24036552128875,24.036552128874998,0.03663561046640963,3.663561046640963,0.03663561046640963,0.025644927326486742,scenario,cyp_cystitis,41.256906368873274
9.916666666667,spinal_coord,29.42070491027929,0.961660263803,0.038339736197,0.54488864515882,54.488864515882,0.40596477227742656,40.59647722774265,0.24041506595075,24.041506595075,0.03632167795208952,3.6321677952089524,0.03632167795208952,0.025425174566462663,scenario,cyp_cystitis,40.777744493808505
10.0,spinal_coord,29.14167423800479,0.961863457175,0.038136542825,0.5433420097752817,54.33420097752817,0.4038348606420423,40.383486064204234,0.24046586429375,24.046586429375,0.03600557502649968,3.600557502649968,0.03600557502649968,0.025203902518549776,scenario,cyp_cystitis,40.298582618749464
10.083333333333,spinal_coord,28.861356316661777,0.962071665272,0.037928334728,0.5417760982335541,54.17760982335541,0.4016775758874055,40.16775758874055,0.240517916318,24.0517916318,0.035687438149340125,3.5687438149340127,0.03568743814934012,0.024981206704538083,scenario,cyp_cystitis,39.819420743690436
10.166666666667,spinal_coord,28.579870618291196,0.962284888093,0.037715111907,0.5401912439476928,54.01912439476928,0.3994933625659238,39.94933625659238,0.24057122202325,24.057122202324997,0.03536740358694066,3.536740358694066,0.035367403586940654,0.024757182510858455,scenario,cyp_cystitis,39.340258868625654
10.25,spinal_coord,28.297335868387226,0.962503125639,0.037496874361,0.5385877912440178,53.85877912440178,0.3972826797790237,39.72826797790237,0.24062578140975,24.062578140975,0.035045607318013296,3.5045607318013294,0.035045607318013296,0.024531925122609304,scenario,cyp_cystitis,38.861096993566626
10.333333333333,spinal_coord,28.01386996622164,0.96272637791,0.03727362209,0.5369660954611801,53.69660954611801,0.39504600131157347,39.504600131157346,0.2406815944775,24.068159447750002,0.03472218494026581,3.4722184940265812,0.03472218494026581,0.02430552945818607,scenario,cyp_cystitis,38.38193511850759
10.416666666667,spinal_coord,27.729589906916193,0.962954644905,0.037045355095,0.5353265230388318,53.532652303883175,0.392783815750109,39.278381575010904,0.24073866122625,24.073866122625002,0.03439727157803832,3.4397271578038318,0.03439727157803832,0.02407809010462682,scenario,cyp_cystitis,37.90277324344281
10.5,spinal_coord,27.444611705299284,0.963187926122,0.036812073878,0.5336694513152815,53.366945131528155,0.3904966263797087,39.04966263797087,0.2407969815305,24.07969815305,0.03407100179102025,3.4071001791020255,0.034071001791020246,0.023849701253714172,scenario,cyp_cystitis,37.42361136838379
10.583333333333,spinal_coord,27.15905032157928,0.963425352031,0.036574647969,0.5319947889992269,53.199478899922696,0.38818460132196925,38.818460132196925,0.24085633800775,24.085633800775,0.03374350948410221,3.3743509484102208,0.033743509484102215,0.023620456638871547,scenario,cyp_cystitis,36.944449493324754
10.666666666667,spinal_coord,26.87301958895602,0.963666133213,0.036333866787,0.5303025067527074,53.03025067527074,0.38584796459927656,38.58479645992766,0.24091653330325,24.091653330325,0.03341492781852134,3.341492781852134,0.033414927818521345,0.02339044947296494,scenario,cyp_cystitis,36.46528761825998
10.75,spinal_coord,26.586632143196866,0.96391026967,0.03608973033,0.5285930255913265,52.85930255913265,0.38348727756510204,38.3487277565102,0.2409775674175,24.09775674175,0.03308538912435255,3.308538912435255,0.03308538912435255,0.023159772387046782,scenario,cyp_cystitis,35.98612574320094
10.833333333333,spinal_coord,26.299999354199883,0.9641577614,0.0358422386,0.5268667780302739,52.68667780302739,0.38110311690703186,38.110311690703185,0.24103944035,24.103944034999998,0.03275502481439454,3.275502481439454,0.03275502481439454,0.022928517370076177,scenario,cyp_cystitis,35.5069638681419
10.916666666667,spinal_coord,26.0132312596562,0.964408608405,0.035591391595,0.5251242080750742,52.51242080750742,0.37869607463176563,37.869607463176564,0.24110215210125,24.110215210125,0.03242396529960504,3.242396529960504,0.03242396529960504,0.02269677570972353,scenario,cyp_cystitis,35.02780199307714
11.0,spinal_coord,25.726436500827752,0.964662810684,0.035337189316,0.5233657711858869,52.33657711858869,0.3762667580198492,37.62667580198492,0.241165702671,24.1165702671,0.0320923399061309,3.2092339906130896,0.032092339906130904,0.022464637934291633,scenario,cyp_cystitis,34.54864011801809
11.083333333333,spinal_coord,25.439722260452854,0.964920368236,0.035079631764,0.5215919342282864,52.15919342282864,0.37381578955904854,37.38157895590486,0.241230092059,24.1230092059,0.031760276793975944,3.1760276793975946,0.031760276793975944,0.02223219375578316,scenario,cyp_cystitis,34.06947824295906
11.166666666667,spinal_coord,25.15319420288181,0.965181281063,0.034818718937,0.5198031754048493,51.98031754048493,0.37134380685213236,37.13438068521324,0.24129532026575,24.129532026575003,0.031427902877454686,3.1427902877454685,0.031427902877454686,0.021999532014218278,scenario,cyp_cystitis,33.590316367894296
11.25,spinal_coord,24.86695641644836,0.965445549164,0.034554450836,0.517999984162,51.7999984162,0.3688514624946667,36.88514624946667,0.241361387291,24.1361387291,0.0310953437474704,3.10953437474704,0.0310953437474704,0.021766740623229277,scenario,cyp_cystitis,33.111154492835254
11.333333333333,spinal_coord,24.581111358079326,0.965712978013,0.034287021987,0.5161827571057007,51.618275710570074,0.366339350136601,36.6339350136601,0.24142824450325,24.142824450325,0.030762723595652984,3.0762723595652983,0.030762723595652984,0.021533906516957087,scenario,cyp_cystitis,32.63199261777622
11.416666666667,spinal_coord,24.295759800234364,0.965982589796,0.034017410204,0.5143514863638974,51.43514863638974,0.3638077852198632,36.380778521986315,0.241495647449,24.1495647449,0.030430165140497335,3.0430165140497336,0.03043016514049733,0.02130111559834813,scenario,cyp_cystitis,32.15283074271144
11.5,spinal_coord,24.011000780171315,0.966254249491,0.033745750509,0.512506630007306,51.2506630007306,0.36125742351274126,36.12574235127413,0.24156356237275,24.156356237275002,0.030097789555532436,3.0097789555532435,0.030097789555532432,0.0210684526888727,scenario,cyp_cystitis,31.673668867652413
11.583333333333,spinal_coord,23.72693155152946,0.966527957098,0.033472042902,0.5106487293342262,51.06487293342262,0.3586889867463017,35.86889867463017,0.2416319892745,24.16319892745,0.029765716399548257,2.976571639954826,0.02976571639954826,0.020836001479683782,scenario,cyp_cystitis,31.194506992593382
11.666666666667,spinal_coord,23.443647538312238,0.966803712615,0.033196287385,0.5087783362212283,50.87783362212283,0.3561032107566377,35.61032107566377,0.24170092815375,24.170092815375,0.029434063549012675,2.9434063549012675,0.02943406354901268,0.020603844484308874,scenario,cyp_cystitis,30.715345117528596
11.75,spinal_coord,23.161242291254588,0.967081516045,0.032918483955,0.5068960129009049,50.68960129009049,0.3535008451862066,35.35008451862066,0.24177037901125,24.177037901125,0.029102947132699227,2.9102947132699226,0.029102947132699227,0.020372062992889458,scenario,cyp_cystitis,30.23618324246957
11.833333333333,spinal_coord,22.87980744655767,0.967361367385,0.032638632615,0.5050023317073629,50.50023317073629,0.3508826531481504,35.08826531481504,0.24184034184625,24.184034184625,0.028772481468544085,2.8772481468544084,0.028772481468544085,0.02014073702798086,scenario,cyp_cystitis,29.757021367410534
11.916666666667,spinal_coord,22.59943268706182,0.967643266637,0.032356733363,0.5030978748108068,50.30978748108068,0.34824941086874245,34.82494108687425,0.24191081665925,24.191081665924997,0.02844277900285437,2.8442779002854373,0.028442779002854374,0.01990994530199806,scenario,cyp_cystitis,29.277859492345762
12.0,spinal_coord,22.32020570583325,0.967927213801,0.032072786199,0.5011832339198844,50.11832339198844,0.34560190729284584,34.560190729284585,0.24198180345025,24.198180345025,0.028113950251879027,2.8113950251879025,0.028113950251879023,0.019679765176315315,scenario,cyp_cystitis,28.79869761728673
12.083333333333,spinal_coord,22.042212172137784,0.968213207028,0.031786792972,0.499245583084334,49.9245583084334,0.34292304176977867,34.292304176977865,0.242053301757,24.2053301757,0.027773308582198668,2.777330858219867,0.02777330858219867,0.01944131600753907,scenario,cyp_cystitis,28.806822359522855
12.166666666667,spinal_coord,21.76553569986205,0.968500775672,0.031499224328,0.4972988067838987,49.72988067838987,0.34023148382119833,34.023148382119835,0.242125193918,24.2125193918,0.027434047958778702,2.7434047958778702,0.0274340479587787,0.019203833571145086,scenario,cyp_cystitis,28.81494710175908
12.25,spinal_coord,21.4902578183485,0.968789554811,0.031210445189,0.49534334337067265,49.534334337067264,0.3375279395572302,33.75279395572302,0.24219738870275,24.219738870275002,0.02709627149720827,2.709627149720827,0.027096271497208266,0.018967390048045783,scenario,cyp_cystitis,28.823071843995205
12.333333333333,spinal_coord,21.216457945608344,0.969079544444,0.030920455556,0.4933798283112951,49.33798283112951,0.3348132562670601,33.48132562670601,0.242269886111,24.2269886111,0.026760079985255248,2.6760079985255247,0.026760079985255245,0.01873205598967867,scenario,cyp_cystitis,28.831196586231332
12.416666666667,spinal_coord,20.944213363963016,0.969370744572,0.030629255428,0.49140890481620914,49.140890481620914,0.3320882915642788,33.20882915642788,0.242342686143,24.2342686143,0.026425571841128755,2.6425571841128757,0.02642557184112876,0.01849790028879013,scenario,cyp_cystitis,28.839321328467562
12.5,spinal_coord,20.673599198071607,0.969663155194,0.030336844806,0.48943122339632245,48.94312233963225,0.3293539127970966,32.935391279709656,0.2424157887985,24.24157887985,0.026092843074460855,2.6092843074460856,0.02609284307446085,0.018264990152122594,scenario,cyp_cystitis,28.847446070703693
12.583333333333,spinal_coord,20.404688395300088,0.969956776311,0.030043223689,0.48744744140187535,48.744744140187535,0.3266109964321671,32.661099643216716,0.24248919407775,24.248919407775,0.025761987249986518,2.576198724998652,0.025761987249986518,0.01803339107499056,scenario,cyp_cystitis,28.855570812939813
12.666666666667,spinal_coord,20.137551708473275,0.970251607922,0.029748392078,0.48545822253634996,48.545822253634995,0.32386042740779997,32.38604274078,0.2425629019805,24.256290198050003,0.02543309545400546,2.543309545400546,0.02543309545400546,0.01780316681780382,scenario,cyp_cystitis,28.863695555176037
12.75,spinal_coord,19.872257680958857,0.970547650027,0.029452349973,0.4834642363533691,48.34642363533691,0.3211030984621588,32.11030984621588,0.24263691250675,24.263691250675002,0.025106256263596,2.5106256263596,0.025106256263596,0.017574379384517197,scenario,cyp_cystitis,28.871820297412164
12.833333333333,spinal_coord,19.608872634031787,0.970844902627,0.029155097373,0.481466157731942,48.1466157731942,0.3183399094335894,31.83399094335894,0.24271122565675,24.271122565675,0.024781555718549435,2.4781555718549435,0.024781555718549435,0.017347089002984605,scenario,cyp_cystitis,28.879945039648295
12.916666666667,spinal_coord,19.3474606565507,0.971143140148,0.028856859852,0.47946455496331153,47.946455496331154,0.31557169323508205,31.557169323508205,0.242785785037,24.2785785037,0.024459077296095186,2.4459077296095186,0.024459077296095186,0.017121354107266628,scenario,cyp_cystitis,28.88806978188453
13.0,spinal_coord,19.088083596888502,0.971441391772,0.028558608228,0.47745963627239196,47.7459636272392,0.312799051105856,31.2799051105856,0.242860347943,24.286034794299997,0.024138901888376266,2.4138901888376267,0.024138901888376266,0.016897231321863385,scenario,cyp_cystitis,28.896194524120656
13.083333333333,spinal_coord,18.830801057058515,0.971739546163,0.028260453837,0.4754520426605091,47.54520426605091,0.3100228748263455,31.00228748263455,0.24293488654075,24.293488654075,0.023821107782632515,2.3821107782632516,0.023821107782632515,0.01667477544784276,scenario,cyp_cystitis,28.90431926635677
13.166666666667,spinal_coord,18.575670389059344,0.972037603321,0.027962396679,0.4734424733913226,47.34424733913226,0.3072440967480968,30.724409674809678,0.24300940083025,24.300940083025,0.02350577064414927,2.350577064414927,0.023505770644149274,0.01645403945090449,scenario,cyp_cystitis,28.912444008592995
13.25,spinal_coord,18.322746693374178,0.972335563246,0.027664436754,0.4714316301556159,47.14316301556159,0.3044636524588212,30.446365245882117,0.2430838908115,24.30838908115,0.023192963501920336,2.3192963501920336,0.023192963501920336,0.016235074451344235,scenario,cyp_cystitis,28.920568750829133
13.333333333333,spinal_coord,18.07208281955989,0.972633425938,0.027366574062,0.4694202164357477,46.94202164357477,0.3016824799349969,30.16824799349969,0.2431583564845,24.315835648449998,0.022882756736972393,2.2882756736972394,0.022882756736972393,0.016017929715880674,scenario,cyp_cystitis,28.928693493065257
13.416666666667,spinal_coord,17.823729368941265,0.972931191396,0.027068808604,0.4674089368566392,46.74089368566392,0.2989015186768523,29.890151867685226,0.243232797849,24.323279784900002,0.022575218073396134,2.2575218073396135,0.022575218073396134,0.015802652651377293,scenario,cyp_cystitis,28.936818235301477
13.5,spinal_coord,17.577734699340596,0.973228859621,0.026771140379,0.4653984965267197,46.539849652671975,0.2961217088286263,29.61217088286263,0.24330721490525,24.330721490525,0.02227041257202285,2.227041257202285,0.02227041257202285,0.015589288800415994,scenario,cyp_cystitis,28.944942977537607
13.583333333333,spinal_coord,17.334144931772798,0.973526430613,0.026473569387,0.46338960036508425,46.338960036508425,0.2933439902824457,29.33439902824457,0.24338160765325,24.338160765325,0.021968402626684116,2.1968402626684114,0.021968402626684116,0.01537788183867888,scenario,cyp_cystitis,28.953067719773735
13.666666666667,spinal_coord,17.093003959114462,0.973823903978,0.026176096022,0.46138295223485537,46.138295223485535,0.2905693016538072,29.056930165380717,0.2434559759945,24.34559759945,0.02166924796308782,2.166924796308782,0.021669247963087824,0.015168473574161475,scenario,cyp_cystitis,28.96119246200995
13.75,spinal_coord,16.85435345667236,0.974120670369,0.025879329631,0.45937896727297844,45.93789672729785,0.2877983995743046,28.779839957430458,0.24353016759225,24.353016759225,0.021373005640240146,2.137300564024015,0.021373005640240146,0.014961103948168101,scenario,cyp_cystitis,28.969317204246078
13.833333333333,spinal_coord,16.618232894577453,0.974416179746,0.025583820254,0.45737809155526,45.737809155526,0.28503206215834664,28.503206215834666,0.2436040449365,24.36040449365,0.021079730054342213,2.1079730054342214,0.02107973005434221,0.014755811038039546,scenario,cyp_cystitis,28.977441946482216
13.916666666667,spinal_coord,16.384679552006595,0.974710432109,0.025289567891,0.45538102998012775,45.538102998012775,0.28227122927050363,28.227122927050363,0.24367760802725,24.367760802724998,0.02078947294518361,2.0789472945183607,0.02078947294518361,0.014552631061628525,scenario,cyp_cystitis,28.98556668871844
14.0,spinal_coord,16.153728533153735,0.975003427459,0.024996572541,0.4533884837439647,45.33884837439647,0.2795168358389529,27.951683583895292,0.24375085686475,24.375085686475,0.02050228340495389,2.050228340495389,0.020502283404953893,0.014351598383467725,scenario,cyp_cystitis,28.993691430954573
14.083333333333,spinal_coord,15.925412784873572,0.975295165796,0.024704834204,0.4514011496271055,45.14011496271055,0.27676981090414066,27.676981090414067,0.243823791449,24.3823791449,0.02021820788939326,2.021820788939326,0.02021820788939326,0.01415274552257528,scenario,cyp_cystitis,29.001816173190686
14.166666666667,spinal_coord,15.699763115994323,0.975585647119,0.024414352881,0.449419719280969,44.941971928096905,0.274031076668292,27.4031076668292,0.24389641177975,24.389641177975,0.019937290231294015,1.9937290231294016,0.01993729023129401,0.013956103161905807,scenario,cyp_cystitis,29.00994091542692
14.25,spinal_coord,15.476808218218885,0.975874871429,0.024125128571,0.4474448785181705,44.74448785181705,0.271301547547894,27.130154754789398,0.24396871785725,24.396871785725,0.019659571656266927,1.9659571656266928,0.019659571656266927,0.013761700159386847,scenario,cyp_cystitis,29.01806565766304
14.333333333333,spinal_coord,15.25657468853495,0.976162838725,0.023837161275,0.44547730660244367,44.54773066024437,0.2685821292282582,26.85821292282582,0.24404070968125,24.404070968124998,0.019385090800686913,1.9385090800686913,0.019385090800686913,0.013569563560480839,scenario,cyp_cystitis,29.026190399899175
14.416666666667,spinal_coord,15.039087053126318,0.976449549008,0.023550450992,0.44351767554742083,44.35176755474208,0.26587371772722773,26.587371772722772,0.244112387252,24.4112387252,0.019113883731820373,1.9113883731820374,0.019113883731820373,0.013379718612274261,scenario,cyp_cystitis,29.034315142135398
14.5,spinal_coord,14.824367792702853,0.976734916057,0.023265083943,0.44156661043964746,44.156661043964746,0.26317717523386325,26.317717523386325,0.24418372901425,24.418372901425002,0.018845983970042304,1.8845983970042304,0.0188459839700423,0.013192188779029609,scenario,cyp_cystitis,29.04243988437152
14.583333333333,spinal_coord,14.612437369168479,0.977018342217,0.022981657783,0.4396244983329969,43.96244983329969,0.2604932170383292,26.049321703832916,0.24425458555425,24.425458555425,0.0185814225130522,1.8581422513052201,0.018581422513052205,0.013006995759136542,scenario,cyp_cystitis,29.050564626607652
14.666666666667,spinal_coord,14.403314253615598,0.977299713174,0.022700286826,0.4376919384665183,43.76919384665183,0.2578226802306911,25.78226802306911,0.2443249282935,24.43249282935,0.018320227862082865,1.8320227862082865,0.01832022786208286,0.012824159503458003,scenario,cyp_cystitis,29.058689368843883
14.75,spinal_coord,14.197014955562757,0.977579028926,0.022420971074,0.43576957196067284,43.57695719606728,0.25516641963889714,25.516641963889715,0.2443947572315,24.43947572315,0.018062426050005475,1.8062426050005476,0.018062426050005475,0.012643698235003832,scenario,cyp_cystitis,29.06681411108
14.833333333333,spinal_coord,13.993554053354469,0.977856289474,0.022143710526,0.4338580292379164,43.38580292379164,0.2525252758258885,25.25252758258885,0.2444640723685,24.44640723685,0.01780804067123604,1.780804067123604,0.01780804067123604,0.012465628469865228,scenario,cyp_cystitis,29.074938853316127
14.916666666667,spinal_coord,13.792944225708737,0.978131494819,0.021868505181,0.43195792937794864,43.19579293779486,0.24990007423093152,24.990007423093154,0.24453287370475,24.453287370475,0.017557092913429977,1.7557092913429977,0.01755709291342998,0.012289965039400986,scenario,cyp_cystitis,29.08306359555236
15.0,spinal_coord,13.595196284329264,0.978404644959,0.021595355041,0.4300698794895067,43.00698794895067,0.2472916243330089,24.729162433300893,0.24460116123975,24.460116123975002,0.017309601590865274,1.7309601590865273,0.017309601590865274,0.012116721113605691,scenario,cyp_cystitis,29.091188337788484
15.083333333333,spinal_coord,13.400319207501653,0.978675739895,0.021324260105,0.4281944741039394,42.81944741039394,0.2447007188402525,24.47007188402525,0.24466893497375,24.466893497375,0.017065583179416047,1.7065583179416046,0.01706558317941605,0.011945908225591235,scenario,cyp_cystitis,29.09931308002461
15.166666666667,spinal_coord,13.208320174657178,0.978944779627,0.021055220373,0.4263322945840641,42.633229458406404,0.2421281329030855,24.21281329030855,0.24473619490675,24.473619490675,0.01682505185309797,1.6825051853097972,0.01682505185309797,0.01177753629716858,scenario,cyp_cystitis,29.10743782226083
15.25,spinal_coord,13.01920460182205,0.979211764155,0.020788235845,0.42448390855613893,42.448390855613894,0.23957462335651858,23.957462335651858,0.24480294103875,24.480294103875,0.016588019522083705,1.6588019522083706,0.016588019522083705,0.011611613665458593,scenario,cyp_cystitis,29.115562564496955
15.333333333333,spinal_coord,12.832976177872734,0.979476482517,0.020523517483,0.42264977833210104,42.264977833210104,0.23704087693713471,23.704087693713472,0.24486912062925,24.486912062925,0.01635449587208883,1.6354495872088828,0.01635449587208883,0.01144814711046218,scenario,cyp_cystitis,29.123687306733093
15.416666666667,spinal_coord,12.64963690157968,0.979738631244,0.020261368756,0.42083031334790233,42.083031334790235,0.2345275407158698,23.45275407158698,0.244934657811,24.4934657811,0.016124488405105178,1.6124488405105177,0.01612448840510518,0.011287141883573626,scenario,cyp_cystitis,29.13181204896932
15.5,spinal_coord,12.469187119359093,0.979998207929,0.020001792071,0.4190260388140482,41.90260388140482,0.23203531577573092,23.20353157757309,0.24499955198225,24.499955198225003,0.01589800248137917,1.589800248137917,0.015898002481379167,0.011128601736965416,scenario,cyp_cystitis,29.139936791205447
15.583333333333,spinal_coord,12.291625563655405,0.980255212574,0.019744787426,0.41723746515262605,41.723746515262604,0.2295648826788347,22.956488267883472,0.2450638031435,24.50638031435,0.015675041362535325,1.5675041362535325,0.015675041362535325,0.010972528953774726,scenario,cyp_cystitis,29.148061533441567
15.666666666667,spinal_coord,12.116949391936163,0.980509645178,0.019490354822,0.41546508650413894,41.54650865041389,0.22711690027951856,22.711690027951857,0.2451274112945,24.51274112945,0.015455606255818771,1.545560625581877,0.01545560625581877,0.010818924379073138,scenario,cyp_cystitis,29.156186275677797
15.75,spinal_coord,11.945154226221536,0.98076150574,0.01923849426,0.41370938030920357,41.37093803092036,0.22469200516560472,22.469200516560473,0.245190376435,24.5190376435,0.015239696359354878,1.5239696359354877,0.015239696359354876,0.010667787451548413,scenario,cyp_cystitis,29.164311017913928
15.833333333333,spinal_coord,11.776234193073714,0.981010794262,0.018989205738,0.41197080691890176,41.19708069189018,0.22229081113786903,22.229081113786904,0.2452526985655,24.52526985655,0.015027308908327338,1.502730890832734,0.015027308908327338,0.010519116235829136,scenario,cyp_cystitis,29.17243576015005
15.916666666667,spinal_coord,11.610181964028126,0.981257510742,0.018742489258,0.41024980923079724,41.024980923079724,0.219913908727063,21.9913908727063,0.2453143776855,24.53143776855,0.014818439222046505,1.4818439222046504,0.014818439222046504,0.010372907455432552,scenario,cyp_cystitis,29.18056050238627
16.0,spinal_coord,11.446988796391697,0.981501655182,0.018498344818,0.40854681236163254,40.85468123616325,0.21756186475484338,21.756186475484338,0.2453754137955,24.537541379550003,0.014613080751807877,1.4613080751807876,0.014613080751807879,0.010229156526265515,scenario,cyp_cystitis,29.1886852446224
16.083333333333,spinal_coord,11.286644574336826,0.981743217548,0.018256782452,0.4068622191865211,40.68622191865211,0.21523521973269485,21.523521973269485,0.245435804387,24.5435804387,0.014411225129444483,1.4411225129444483,0.014411225129444483,0.010087857590611137,scenario,cyp_cystitis,29.196809986858536
16.166666666667,spinal_coord,11.129137850273638,0.981981985722,0.018018014278,0.40519633091588536,40.51963309158854,0.21293444598051378,21.293444598051376,0.2454954964305,24.54954964305,0.01421286221654392,1.421286221654392,0.014212862216543918,0.009949003551580743,scenario,cyp_cystitis,29.204934729094756
16.25,spinal_coord,10.974455886429423,0.982217874541,0.017782125459,0.40354948383857137,40.354948383857135,0.21066002027109512,21.066002027109512,0.24555446863525,24.555446863525,0.014017980154233053,1.4017980154233052,0.014017980154233054,0.009812586107963138,scenario,cyp_cystitis,29.21305947133088
16.333333333333,spinal_coord,10.822584696567871,0.982450884005,0.017549115995,0.40192203086056166,40.19220308605617,0.20841241314574885,20.841241314574884,0.24561272100125,24.561272100125002,0.013826565413437422,1.3826565413437422,0.01382656541343742,0.009678595789406193,scenario,cyp_cystitis,29.221184213567007
16.416666666667,spinal_coord,10.673509087831722,0.982681014112,0.017318985888,0.4003143058824063,40.03143058824063,0.20619206980587504,20.619206980587503,0.245670253528,24.5670253528,0.013638602845586234,1.3638602845586234,0.013638602845586234,0.009547021991910364,scenario,cyp_cystitis,29.22930895580323
16.5,spinal_coord,10.527212702642048,0.982908264864,0.017091735136,0.3987266236612297,39.87266236612297,0.2039994099269729,20.399940992697292,0.245727066216,24.5727066216,0.013454075733670082,1.3454075733670083,0.013454075733670082,0.009417853013569058,scenario,cyp_cystitis,29.237433698039368
16.583333333333,spinal_coord,10.38367806059096,0.98313263626,0.01686736374,0.3971592796997291,39.71592796997291,0.20183482751297205,20.183482751297205,0.245783159065,24.578315906500002,0.013272965843562558,1.3272965843562559,0.013272965843562558,0.00929107609049379,scenario,cyp_cystitis,29.245558440275488
16.666666666667,spinal_coord,10.242886600313069,0.983354128301,0.016645871699,0.3956125501726324,39.56125501726324,0.19969869079650984,19.969869079650984,0.24583853207525,24.583853207525,0.013095253475577918,1.309525347557792,0.013095253475577918,0.009166677432904542,scenario,cyp_cystitis,29.253683182511715
16.75,spinal_coord,10.104818721273466,0.983572740985,0.016427259015,0.39408669188126555,39.40866918812655,0.19759134218002067,19.759134218002067,0.24589318524625,24.589318524625,0.012920917516176756,1.2920917516176755,0.012920917516176755,0.009044642261323727,scenario,cyp_cystitis,29.261807924747846
16.833333333333,spinal_coord,9.969453825413627,0.983788474314,0.016211525686,0.3925819422446503,39.25819422446503,0.1955130982215338,19.551309822153378,0.2459471185785,24.594711857849997,0.012749935489735976,1.2749935489735975,0.012749935489735974,0.008924954842815181,scenario,cyp_cystitis,29.26993266698396
16.916666666667,spinal_coord,9.836770358642628,0.984001306834,0.015998693166,0.3910985107899709,39.10985107899709,0.19346424544196117,19.34642454419612,0.2460003267085,24.60003267085,0.012582283610357181,1.2582283610357181,0.012582283610357183,0.008807598527250028,scenario,cyp_cystitis,29.278057409220192
17.0,spinal_coord,9.706745852116285,0.984211152697,0.015788847303,0.38963656237333477,38.963656237333474,0.19144503226544635,19.144503226544636,0.24605278817425,24.605278817425,0.012417936833631125,1.2417936833631125,0.012417936833631127,0.008692555783541788,scenario,cyp_cystitis,29.286182151456316
17.083333333333,spinal_coord,9.57935696325052,0.984418002948,0.015581997052,0.3881962734689208,38.819627346892084,0.18945569697589446,18.945569697589445,0.246104500737,24.6104500737,0.0122568689082802,1.22568689082802,0.0122568689082802,0.008579808235796139,scenario,cyp_cystitis,29.294306893692447
17.166666666667,spinal_coord,9.45457951645868,0.984621857589,0.015378142411,0.38677780498767295,38.6777804987673,0.18749645412056393,18.749645412056392,0.24615546439725,24.615546439725,0.012099052427655901,1.20990524276559,0.012099052427655903,0.00846933669935913,scenario,cyp_cystitis,29.302431635928667
17.25,spinal_coord,9.332388543560498,0.984822716618,0.015177283382,0.3853812988414541,38.53812988414541,0.18556749291593877,18.556749291593878,0.2462056791545,24.62056791545,0.011944458881015049,1.194445888101505,0.011944458881015049,0.008361121216710534,scenario,cyp_cystitis,29.31055637816479
17.333333333333,spinal_coord,9.212758323814075,0.985020580036,0.014979419964,0.3840068781139385,38.40068781139385,0.18366897747325137,18.366897747325137,0.246255145009,24.6255145009,0.011793058704503086,1.1793058704503085,0.011793058704503088,0.008255141093152162,scenario,cyp_cystitis,29.318681120400917
17.416666666667,spinal_coord,9.095662423563184,0.985215447843,0.014784552157,0.38265464725473225,38.26546472547322,0.181801047058643,18.1801047058643,0.24630386196075,24.630386196074998,0.011644821331824744,1.1644821331824744,0.011644821331824744,0.00815137493227732,scenario,cyp_cystitis,29.326805862637155
17.5,spinal_coord,8.981073735452783,0.985407320039,0.014592679961,0.38132469230192223,38.13246923019222,0.179963816389563,17.9963816389563,0.24635183000975,24.635183000975,0.011499715244532409,1.149971524453241,0.011499715244532405,0.008049800671172683,scenario,cyp_cystitis,29.334930604873282
17.583333333333,spinal_coord,8.868964517169296,0.985596196624,0.014403803376,0.38001708112954796,38.001708112954795,0.1781573759647306,17.81573759647306,0.246399049156,24.6399049156,0.011357708021867351,1.1357708021867352,0.011357708021867351,0.007950395615307145,scenario,cyp_cystitis,29.343055347109406
17.666666666667,spinal_coord,8.759306429700697,0.985782077598,0.014217922402,0.37873186371964596,37.87318637196459,0.17638179242686128,17.638179242686128,0.2464455193995,24.64455193995,0.011218766390137774,1.1218766390137773,0.011218766390137774,0.007853136473096442,scenario,cyp_cystitis,29.351180089345622
17.75,spinal_coord,8.652070575074559,0.985964984339,0.014035015661,0.3774690806420117,37.746908064201165,0.17463711274301558,17.46371127430156,0.24649124608475,24.649124608475002,0.011082856271571032,1.108285627157103,0.011082856271571032,0.007757999390099721,scenario,cyp_cystitis,29.359304831581753
17.833333333333,spinal_coord,8.547227533535803,0.986144941873,0.013855058127,0.37622875646542875,37.62287564654287,0.1729233613295717,17.29233613295717,0.24653623546825,24.653623546825,0.010949942832582162,1.0949942832582162,0.010949942832582164,0.007664959982807514,scenario,cyp_cystitis,29.367429573817887
17.916666666667,spinal_coord,8.444747400162024,0.986321950237,0.013678049763,0.3750108891895346,37.501088918953464,0.17124053550704615,17.124053550704616,0.24658048755925,24.658048755924998,0.010819990531446713,1.0819990531446713,0.010819990531446715,0.0075739933720126995,scenario,cyp_cystitis,29.375554316054103
18.0,spinal_coord,8.3445998208798,0.986496009431,0.013503990569,0.3738154602241363,37.38154602241363,0.1695886104885151,16.95886104885151,0.24662400235775,24.662400235775,0.010692963165322415,1.0692963165322416,0.010692963165322415,0.00748507421572569,scenario,cyp_cystitis,29.38367905829023
18.083333333333,spinal_coord,8.246754027848851,0.986667119456,0.013332880544,0.3726424347804995,37.26424347804995,0.167967539888666,16.7967539888666,0.246666779864,24.6666779864,0.01056882391656891,1.056882391656891,0.010568823916568913,0.007398176741598238,scenario,cyp_cystitis,29.39180380052637
18.166666666667,spinal_coord,8.151178874214828,0.986835280312,0.013164719688,0.3714917622646976,37.14917622646976,0.16637725624893016,16.637725624893015,0.246708820078,24.6708820078,0.010447535398357794,1.0447535398357795,0.010447535398357796,0.007313274778850456,scenario,cyp_cystitis,29.399928542762584
18.25,spinal_coord,8.05784286819924,0.987000491998,0.012999508002,0.3703633766877157,37.036337668771566,0.16481767158428753,16.481767158428752,0.2467501229995,24.67501229995,0.010329059699524737,1.0329059699524736,0.010329059699524737,0.007230341789667315,scenario,cyp_cystitis,29.408053284998708
18.333333333333,spinal_coord,7.966714206498475,0.987162754515,0.012837245485,0.36925719709125215,36.92571970912522,0.16328867795000288,16.32886779500029,0.24679068862875,24.679068862875,0.010213358428619927,1.0213358428619927,0.010213358428619927,0.007149350900033948,scenario,cyp_cystitis,29.416178027234842
18.416666666667,spinal_coord,7.8777608069955,0.987322067862,0.012677932138,0.3681731279844316,36.817312798443155,0.16179014802524205,16.179014802524204,0.2468305169655,24.683051696550002,0.010100392757153522,1.0100392757153522,0.01010039275715352,0.007070274930007464,scenario,cyp_cystitis,29.424302769471065
18.5,spinal_coord,7.790950340757761,0.98747843711,0.01252156289,0.3671110616804813,36.71110616804813,0.1603219365373084,16.03219365373084,0.2468696092775,24.68696092775,0.00999012346199492,0.999012346199492,0.00999012346199492,0.006993086423396444,scenario,cyp_cystitis,29.43242751170719
18.583333333333,spinal_coord,7.706250263298134,0.987631979826,0.012368020174,0.3660709185468435,36.60709185468435,0.158883898120458,15.8883898120458,0.2469079949565,24.69079949565,0.009882510966889128,0.9882510966889129,0.00988251096688913,0.006917757676822391,scenario,cyp_cystitis,29.440552253943324
18.666666666667,spinal_coord,7.623627845105231,0.987782745277,0.012217254723,0.3650525800489868,36.50525800489868,0.15747585830631564,15.747585830631564,0.24694568631925,24.694568631925,0.009777515383091176,0.9777515383091175,0.009777515383091174,0.006844260768163821,scenario,cyp_cystitis,29.448676996179543
18.75,spinal_coord,7.543050201421407,0.987930733463,0.012069266537,0.36405589663387267,36.40558966338727,0.15609761769083022,15.609761769083022,0.24698268336575,24.698268336574998,0.009675096549084347,0.9675096549084347,0.009675096549084345,0.006772567584359041,scenario,cyp_cystitis,29.456801738415678
18.833333333333,spinal_coord,7.464484321250021,0.988075944384,0.011924055616,0.3630807065871763,36.308070658717625,0.15474896065490168,15.474896065490167,0.247018986096,24.7018986096,0.009575214069352333,0.9575214069352334,0.009575214069352333,0.006702649848546633,scenario,cyp_cystitis,29.464926480651805
18.916666666667,spinal_coord,7.38789709560079,0.988218378041,0.011781621959,0.3621268365250292,36.21268365250292,0.15342965601970562,15.342965601970562,0.24705459451025,24.705459451025,0.009477827352210335,0.9477827352210335,0.009477827352210335,0.006634479146547234,scenario,cyp_cystitis,29.473051222888024
19.0,spinal_coord,7.313255344956227,0.988358034433,0.011641965567,0.36119410188882284,36.119410188882284,0.15213945770743043,15.213945770743042,0.24708950860825,24.708950860825,0.00938289564666762,0.9382895646667619,0.00938289564666762,0.006568026952667333,scenario,cyp_cystitis,29.481175965124148
19.083333333333,spinal_coord,7.24052584594508,0.98849491356,0.01150508644,0.36028230744545753,36.02823074454575,0.15087810540727672,15.087810540727672,0.24712372839,24.712372839,0.009290378078298082,0.9290378078298082,0.009290378078298083,0.006503264654808658,scenario,cyp_cystitis,29.489300707360282
19.166666666667,spinal_coord,7.169675357234084,0.988629015422,0.011370984578,0.35939124778842746,35.939124778842746,0.14964532524390328,14.964532524390329,0.2471572538555,24.715725385549998,0.009200233684127836,0.9200233684127836,0.009200233684127836,0.0064401635788894854,scenario,cyp_cystitis,29.49742544959651
19.25,spinal_coord,7.1006706446252705,0.988760340019,0.011239659981,0.35852070784034884,35.852070784034886,0.1484408304474651,14.844083044746508,0.24719008500475,24.719008500475002,0.009112421446518642,0.9112421446518643,0.009112421446518642,0.006378695012563049,scenario,cyp_cystitis,29.505550191832626
19.333333333333,spinal_coord,7.033478505348929,0.988888923151,0.011111076849,0.35767047630386045,35.767047630386045,0.14726432735481396,14.726432735481396,0.24722223078775,24.722223078775,0.009026900326029812,0.9026900326029812,0.009026900326029812,0.006318830228220868,scenario,cyp_cystitis,29.513674934068753
19.416666666667,spinal_coord,6.968065791565691,0.989014958521,0.010985041479,0.3568403900598516,35.684039005985156,0.1461155339061355,14.61155339061355,0.24725373963025,24.725373963025,0.008943629293271313,0.8943629293271314,0.008943629293271313,0.006260540505289919,scenario,cyp_cystitis,29.52179967630499
19.5,spinal_coord,6.904399433069038,0.989138475134,0.010861524866,0.35603021787535866,35.603021787535866,0.14499413212247822,14.499413212247822,0.2472846187835,24.72846187835,0.00886256735973281,0.8862567359732809,0.00886256735973281,0.006203797151812966,scenario,cyp_cystitis,29.529924418541107
19.583333333333,spinal_coord,6.84244645918207,0.98925947299,0.01074052701,0.3552397103616833,35.52397103616833,0.1438997894855777,14.389978948557768,0.2473148682475,24.73148682475,0.008783673607576897,0.8783673607576897,0.008783673607576897,0.006148571525303828,scenario,cyp_cystitis,29.538049160777234
19.666666666667,spinal_coord,6.782174019864065,0.989377952089,0.010622047911,0.35446861098328564,35.44686109832856,0.14283216394804749,14.283216394804748,0.24734448802225,24.734448802225,0.008706907218412684,0.8706907218412684,0.008706907218412682,0.006094835052888877,scenario,cyp_cystitis,29.546173903013464
19.75,spinal_coord,6.72354940602172,0.989493912431,0.010506087569,0.35371665654475076,35.37166565447507,0.14179090458266766,14.179090458266765,0.24737347810775,24.737347810775002,0.008632227501039811,0.8632227501039811,0.008632227501039811,0.006042559250727868,scenario,cyp_cystitis,29.554298645249588
19.833333333333,spinal_coord,6.666540069022429,0.989607354016,0.010392645984,0.35298357767202504,35.2983577672025,0.14077565222403335,14.077565222403335,0.247401838504,24.7401838504,0.008559593918156482,0.8559593918156482,0.00855959391815648,0.005991715742709536,scenario,cyp_cystitis,29.56242338748572
19.916666666667,spinal_coord,6.611113639426852,0.989718276845,0.010281723155,0.3522690992876788,35.22690992876788,0.1397860401019051,13.978604010190509,0.24742956921125,24.742956921125,0.00848896611205049,0.8488966112050489,0.00848896611205049,0.005942276278435342,scenario,cyp_cystitis,29.570548129721942
20.0,spinal_coord,6.557237944938965,0.989826680916,0.010173319084,0.35157294107723713,35.157294107723715,0.13882169446431614,13.882169446431615,0.247456670229,24.7456670229,0.008420303929268435,0.8420303929268436,0.008420303929268435,0.005894212750487905,scenario,cyp_cystitis,29.578672871958066
20.083333333333,spinal_coord,6.504881027574084,0.989932566231,0.010067433769,0.3508948179515201,35.08948179515201,0.1378822351916935,13.788223519169348,0.24748314155775,24.748314155775,0.008353567444261252,0.8353567444261252,0.008353567444261252,0.005847497210982876,scenario,cyp_cystitis,29.5867976141942
20.166666666667,spinal_coord,6.45401116006358,0.990036033933,0.009963966067,0.3502344762762567,35.02344762762567,0.13696729039067562,13.696729039067563,0.24750900848325,24.750900848325,0.008288716982027747,0.8288716982027747,0.008288716982027749,0.005802101887419424,scenario,cyp_cystitis,29.594922356430423
20.25,spinal_coord,6.40459686149743,0.990137285866,0.009862714134,0.34959169381256494,34.959169381256494,0.13607649646141995,13.607649646141995,0.2475343214665,24.75343214665,0.008225713139755656,0.8225713139755656,0.008225713139755658,0.00575799919782896,scenario,cyp_cystitis,29.603047098666554
20.333333333333,spinal_coord,6.356606912207881,0.990236327617,0.009763672383,0.34896617518238726,34.89661751823873,0.13520945770418305,13.520945770418304,0.24755908190425,24.755908190425,0.00816451680746259,0.816451680746259,0.00816451680746259,0.005715161765223813,scenario,cyp_cystitis,29.611171840902678
20.416666666667,spinal_coord,6.310010367914096,0.990333159188,0.009666840812,0.3483576200345863,34.83576200345863,0.1343657736501151,13.436577365011509,0.247583289797,24.7583289797,0.008105089187660671,0.8105089187660671,0.008105089187660671,0.005673562431362469,scenario,cyp_cystitis,29.6192965831389
20.5,spinal_coord,6.26477657313159,0.990427780579,0.009572219421,0.34776572543520307,34.77657254352031,0.13354504038727072,13.354504038727072,0.24760694514475,24.760694514475002,0.008047391814048321,0.8047391814048321,0.008047391814048321,0.005633174269833824,scenario,cyp_cystitis,29.627421325375032
20.583333333333,spinal_coord,6.220875173852074,0.990520191788,0.009479808212,0.3471901862677577,34.71901862677577,0.13274685109434362,13.274685109434362,0.247630047947,24.7630047947,0.00799138656923516,0.799138656923516,0.00799138656923516,0.005593970598464612,scenario,cyp_cystitis,29.635546067611163
20.666666666667,spinal_coord,6.178276129514559,0.990610392817,0.009389607183,0.34663069562445037,34.66306956244504,0.1319707965602671,13.19707965602671,0.24765259820425,24.765259820425,0.007937035701525595,0.7937035701525594,0.007937035701525595,0.005555924991067916,scenario,cyp_cystitis,29.643670809847375
20.75,spinal_coord,6.1369497242737365,0.990698383665,0.009301616335,0.34608694518121774,34.60869451812177,0.13121646568662365,13.121646568662365,0.24767459591625,24.767459591625,0.007884301840767896,0.7884301840767896,0.007884301840767896,0.005519011288537527,scenario,cyp_cystitis,29.651795552083517
20.833333333333,spinal_coord,6.0968665775733095,0.990784164332,0.009215835668,0.34555862556474887,34.555862556474885,0.13048344597566514,13.048344597566514,0.247696041083,24.7696041083,0.007833148013277867,0.7833148013277866,0.007833148013277867,0.005483203609294506,scenario,cyp_cystitis,29.65992029431963
20.916666666667,spinal_coord,6.057997654045799,0.990867735235,0.009132264765,0.3450454268509553,34.50454268509553,0.1297713240562737,12.977132405627371,0.24771693380875,24.771693380875,0.007783537655863964,0.7783537655863964,0.007783537655863965,0.005448476359104775,scenario,cyp_cystitis,29.668045036555856
21.0,spinal_coord,6.020314272746736,0.990949276619,0.009050723381,0.34454710128535015,34.45471012853501,0.1290797095074669,12.907970950746689,0.24773731915475,24.773731915475,0.00773543462896358,0.773543462896358,0.007735434628963582,0.005414804240274507,scenario,cyp_cystitis,29.676169778791984
21.083333333333,spinal_coord,5.9837881157325965,0.991028936888,0.008971063112,0.34406338966122585,34.40633896612258,0.12840820725230118,12.840820725230117,0.247757234222,24.7757234222,0.0076888032289020875,0.7688803228902088,0.007688803228902087,0.005382162260231461,scenario,cyp_cystitis,29.68429452102811
21.166666666667,spinal_coord,5.948391236004444,0.991106716043,0.008893283957,0.3435939813338391,34.35939813338391,0.1277564030974521,12.77564030974521,0.24777667901075,24.777667901075002,0.0076436081993025325,0.7643608199302533,0.0076436081993025325,0.005350525739511772,scenario,cyp_cystitis,29.69241926326434
21.25,spinal_coord,5.914096064826724,0.991182614083,0.008817385917,0.34313856628150313,34.31385662815031,0.1271238836810042,12.712388368100418,0.24779565352075,24.779565352075,0.007599814741657967,0.7599814741657966,0.007599814741657967,0.005319870319160576,scenario,cyp_cystitis,29.700544005500465
21.333333333333,spinal_coord,5.880875418431942,0.991256631009,0.008743368991,0.3426968353971638,34.269683539716375,0.12651023685988505,12.651023685988505,0.24781415775225,24.781415775225,0.007557388525080128,0.7557388525080128,0.007557388525080127,0.005290171967556089,scenario,cyp_cystitis,29.7086687477366
21.416666666667,spinal_coord,5.8487025041333744,0.99132876682,0.00867123318,0.342268480764646,34.2268480764646,0.12591505207952802,12.591505207952803,0.247832191705,24.7832191705,0.007516295695252919,0.7516295695252919,0.007516295695252919,0.005261406986677043,scenario,cyp_cystitis,29.716793489972826
21.5,spinal_coord,5.817550925856456,0.991399021516,0.008600978484,0.341853195924738,34.1853195924738,0.12533792072765068,12.533792072765069,0.247849755379,24.7849755379,0.007476502882604496,0.7476502882604495,0.007476502882604496,0.005233552017823146,scenario,cyp_cystitis,29.724918232208942
21.583333333333,spinal_coord,5.787394689100677,0.991467395098,0.008532604902,0.3414506761276563,34.14506761276563,0.12477843647087504,12.477843647087504,0.2478668487745,24.78668487745,0.007437977209713356,0.7437977209713356,0.007437977209713356,0.005206584046799349,scenario,cyp_cystitis,29.73304297444507
21.666666666667,spinal_coord,5.758208205354036,0.991533887565,0.008466112435,0.3410606185720797,34.10606185720797,0.12423619557443959,12.423619557443958,0.24788347189125,24.788347189125002,0.007400686297977019,0.7400686297977019,0.00740068629797702,0.0051804804085839136,scenario,cyp_cystitis,29.7411677166813
21.75,spinal_coord,5.729966295971669,0.991598512592,0.008401487408,0.3406827273322164,34.06827273322164,0.12371079891228845,12.371079891228845,0.247899628148,24.789962814800003,0.007364598273558546,0.7364598273558546,0.007364598273558546,0.005155218791490982,scenario,cyp_cystitis,29.749292458917434
21.833333333333,spinal_coord,5.7026441955311995,0.99166149844,0.00833850156,0.3403167824945124,34.03167824945124,0.12320187717934988,12.320187717934989,0.24791537461,24.791537460999997,0.007329681772627479,0.7329681772627479,0.007329681772627479,0.005130777240839234,scenario,cyp_cystitis,29.75741720115355
21.916666666667,spinal_coord,5.6762175546866445,0.991722926366,0.008277073634,0.33996251600369887,33.99625160036989,0.12270904588293184,12.270904588293185,0.2479307315915,24.79307315915,0.007295905945923649,0.729590594592365,0.00729590594592365,0.005107134162146555,scenario,cyp_cystitis,29.765541943389778
22.0,spinal_coord,5.650662442533102,0.99178279637,0.00821720363,0.339619634665148,33.9619634665148,0.12223191409686397,12.223191409686397,0.2479456990925,24.79456990925,0.00726324046266009,0.726324046266009,0.007263240462660091,0.005084268323862063,scenario,cyp_cystitis,29.7736666856259
22.083333333333,spinal_coord,5.625955348495276,0.991841108451,0.008158891549,0.3392878482735906,33.92878482735906,0.12177009488112077,12.177009488112077,0.24796027711275,24.796027711275002,0.0072316555137824316,0.7231655513782431,0.00723165551378243,0.005062158859647701,scenario,cyp_cystitis,29.781791427862032
22.166666666667,spinal_coord,5.602073183761232,0.991897862609,0.008102137391,0.33896686978123863,33.89668697812386,0.12132320550531817,12.132320550531816,0.24797446565225,24.797446565225002,0.007201121814612807,0.7201121814612808,0.007201121814612807,0.005040785270228965,scenario,cyp_cystitis,29.789916170098262
22.25,spinal_coord,5.578993282273968,0.991953058846,0.008046941154,0.3386564154543123,33.86564154543123,0.12089086765708307,12.089086765708307,0.2479882647115,24.79882647115,0.007171610606895096,0.7171610606895096,0.007171610606895096,0.005020127424826567,scenario,cyp_cystitis,29.798040912334383
22.333333333333,spinal_coord,5.556693401294146,0.99200669716,0.00799330284,0.33835620501613484,33.835620501613484,0.12047270763484641,12.04727076348464,0.24800167429,24.800167429000002,0.00714309366025934,0.714309366025934,0.00714309366025934,0.005000165562181537,scenario,cyp_cystitis,29.806165654570517
22.416666666667,spinal_coord,5.535151721554708,0.992058777551,0.007941222449,0.3380659617836087,33.80659617836087,0.12006835652781164,12.006835652781165,0.24801469438775,24.801469438775,0.007115543273132621,0.7115543273132621,0.00711554327313262,0.004980880291192834,scenario,cyp_cystitis,29.814290396806737
22.5,spinal_coord,5.5143468470201755,0.992109300021,0.007890699979,0.3377854127911425,33.77854127911425,0.11967745038118997,11.967745038118997,0.24802732500525,24.802732500525,0.007088932273113571,0.7088932273113571,0.007088932273113571,0.004962252591179499,scenario,cyp_cystitis,29.822415139042857
22.583333333333,spinal_coord,5.4942578042639445,0.992158306927,0.007841693073,0.3375143033120478,33.75143033120478,0.11929963544039703,11.929963544039703,0.24803957673175,24.803957673175,0.007063234016828383,0.7063234016828384,0.007063234016828384,0.004944263811779868,scenario,cyp_cystitis,29.83053988127899
22.666666666667,spinal_coord,5.4748640414835945,0.992206022891,0.007793977109,0.33725244445859137,33.72524444585914,0.11893458498112186,11.893458498112185,0.24805150572275,24.805150572275,0.007038422389294756,0.7038422389294756,0.007038422389294755,0.004926895672506328,scenario,cyp_cystitis,29.838664623515214
22.75,spinal_coord,5.45614542716691,0.992252480824,0.007747519176,0.3369995860196092,33.69995860196092,0.11858195441814562,11.858195441814562,0.248063120206,24.8063120206,0.007014471802810852,0.7014471802810852,0.007014471802810853,0.0049101302619675965,scenario,cyp_cystitis,29.84678936575135
22.833333333333,spinal_coord,5.4380822484217965,0.992297680725,0.007702319275,0.3367554707081043,33.67554707081043,0.1182414007024724,11.824140070247239,0.24807442018125,24.807442018125002,0.006991357195387041,0.6991357195387041,0.00699135719538704,0.004893950036770928,scenario,cyp_cystitis,29.854914107987472
22.916666666667,spinal_coord,5.420655208989209,0.992341622595,0.007658377405,0.33651984544246794,33.651984544246794,0.1179125863916239,11.79125863916239,0.24808540564875,24.808540564875,0.006969054028745676,0.6969054028745676,0.006969054028745676,0.004878337820121973,scenario,cyp_cystitis,29.863038850223695
23.0,spinal_coord,5.4038454269515475,0.992384306433,0.007615693567,0.33629246141131347,33.62924614113135,0.11759517973741795,11.759517973741795,0.24809607660825,24.809607660825,0.006947538285905745,0.6947538285905744,0.006947538285905745,0.004863276800134021,scenario,cyp_cystitis,29.871163592459823
23.083333333333,spinal_coord,5.387634432149399,0.99242573224,0.00757426776,0.3360730741325691,33.60730741325691,0.11728885476342546,11.728885476342546,0.24810643306,24.810643306,0.00692678646836973,0.692678646836973,0.00692678646836973,0.004848750527858811,scenario,cyp_cystitis,29.879288334695953
23.166666666667,spinal_coord,5.372004163324724,0.992465900016,0.007534099984,0.33586144350210156,33.586144350210155,0.11699329133080208,11.699329133080209,0.248116475004,24.8116475004,0.006906775592936654,0.6906775592936654,0.006906775592936653,0.004834742915055657,scenario,cyp_cystitis,29.88741307693218
23.25,spinal_coord,5.3569369650025775,0.99250480976,0.00749519024,0.33565733383554397,33.565733383554395,0.11670817519405863,11.670817519405862,0.24812620244,24.812620244,0.006887483188157682,0.6887483188157681,0.006887483188157683,0.004821238231710378,scenario,cyp_cystitis,29.895537819168307
23.333333333333,spinal_coord,5.342415584123766,0.992542461473,0.007457538527,0.3354605139036093,33.54605139036093,0.11643319804714576,11.643319804714576,0.24813561536825,24.813561536825,0.006868887290450931,0.6868887290450931,0.006868887290450931,0.004808221103315652,scenario,cyp_cystitis,29.903662561404428
23.416666666667,spinal_coord,5.328423166445452,0.992578929333,0.007421070667,0.3352707820138576,33.52707820138576,0.11616806624081019,11.616806624081018,0.24814473233325,24.814473233325,0.006850966439898131,0.6850966439898131,0.006850966439898131,0.004795676507928692,scenario,cyp_cystitis,29.911787303640658
23.5,spinal_coord,5.314943252721308,0.992614394346,0.007385605654,0.33508797698051546,33.508797698051545,0.11591250452535394,11.591250452535395,0.2481535985865,24.815359858649998,0.006833699675738781,0.6833699675738781,0.00683369967573878,0.004783589773017146,scenario,cyp_cystitis,29.91991204587678
23.583333333333,spinal_coord,5.301959774673021,0.992648864709,0.007351135291,0.33491188369504943,33.49118836950494,0.1156662233570659,11.56662233570659,0.24816221617725,24.816221617725002,0.006817066531577698,0.6817066531577698,0.006817066531577697,0.004771946572104387,scenario,cyp_cystitis,29.92803678811291
23.666666666667,spinal_coord,5.289457050769009,0.99268234042,0.00731765958,0.33474228881142243,33.474228881142245,0.11542893827522989,11.542893827522988,0.248170585105,24.8170585105,0.006801047030327073,0.6801047030327073,0.0068010470303270735,0.004760732921228951,scenario,cyp_cystitis,29.936161530349136
23.75,spinal_coord,5.277419781821376,0.992714821482,0.007285178518,0.3345789835197064,33.45789835197064,0.11520037086560855,11.520037086560855,0.2481787053705,24.81787053705,0.006785621678897894,0.6785621678897894,0.006785621678897895,0.004749935175228526,scenario,cyp_cystitis,29.944286272585266
23.833333333333,spinal_coord,5.265833046412166,0.992746307893,0.007253692107,0.3344217635378375,33.44217635378375,0.11498024875278326,11.498024875278325,0.24818657697325,24.818657697325,0.0067707714626556595,0.6770771462655659,0.0067707714626556595,0.004739540023858961,scenario,cyp_cystitis,29.952411014821383
23.916666666667,spinal_coord,5.254682296163679,0.992776799653,0.007223200347,0.3342704291037393,33.42704291037393,0.11476830558731903,11.476830558731903,0.24819419991325,24.819419991325002,0.006756477839660026,0.6756477839660026,0.006756477839660025,0.004729534487762017,scenario,cyp_cystitis,29.96053575705761
24.0,spinal_coord,5.243953350863091,0.992806296763,0.007193703237,0.3341247849596455,33.41247849596455,0.11456428102519396,11.456428102519396,0.24820157419075,24.820157419075002,0.006742722734702186,0.6742722734702186,0.006742722734702186,0.00471990591429153,scenario,cyp_cystitis,29.96866049929374
0.0,ganglia,11.656835765612096,0.946112943067,0.053887056933,0.28676037672030874,28.676037672030873,0.21349898045956525,21.349898045956525,0.09461129430670001,9.46112943067,0.02278250491253005,2.278250491253005,0.02278250491253005,0.028478131140662562,scenario,cyp_cystitis,0.001
0.083333333333,ganglia,11.796638323404085,0.946223536149,0.053776463851,0.2868620392442718,28.68620392442718,0.21359965069930198,21.359965069930198,0.09462235361490001,9.462235361490002,0.021590264665107457,2.1590264665107455,0.02159026466510746,0.026987830831384327,scenario,cyp_cystitis,69.18057364034587
0.166666666667,ganglia,11.945120209704273,0.946411764911,0.053588235089,0.28709396868644305,28.709396868644305,0.21383643577260336,21.383643577260337,0.0946411764911,9.46411764911,0.02055515805562886,2.055515805562886,0.02055515805562886,0.025693947569536073,scenario,cyp_cystitis,138.36014728152188
0.25,ganglia,12.10247502746497,0.946653633851,0.053346366149,0.28744763653539773,28.744763653539774,0.21420252572255302,21.4202525722553,0.09466536338510001,9.46653633851,0.019650947656006452,1.9650947656006452,0.019650947656006452,0.024563684570008064,scenario,cyp_cystitis,207.5397209218676
0.333333333333,ganglia,12.268864414419467,0.946969623228,0.053030376772,0.28792761381651283,28.79276138165128,0.21470072388190314,21.470072388190314,0.0946969623228,9.46969623228,0.018856942470054112,1.8856942470054112,0.01885694247005411,0.023571178087567635,scenario,cyp_cystitis,276.7192945622135
0.416666666667,ganglia,12.44441425079423,0.947342700172,0.052657299828,0.28852666603794097,28.8526666037941,0.21532488446748996,21.532488446748996,0.0947342700172,9.47342700172,0.018156588771123944,1.8156588771123943,0.018156588771123944,0.02269573596390493,scenario,cyp_cystitis,345.8988682033896
0.5,ganglia,12.62921088141795,0.947765556838,0.052234443162,0.2892400565448302,28.92400565448302,0.21607055651225573,21.607055651225572,0.0947765556838,9.47765556838,0.017536468308940855,1.7536468308940856,0.017536468308940855,0.02192058538617607,scenario,cyp_cystitis,415.07844184373533
0.583333333333,ganglia,12.82329739423903,0.948226100961,0.051773899039,0.2900611104879402,29.00611104879402,0.21693166710204467,21.693166710204466,0.0948226100961,9.482261009610001,0.016985572872612452,1.698557287261245,0.016985572872612452,0.021231966090765567,scenario,cyp_cystitis,484.258015484081
0.666666666667,ganglia,13.026669999823143,0.948722131123,0.051277868877,0.2909856786728783,29.098567867287827,0.21790385062286474,21.790385062286475,0.0948722131123,9.48722131123,0.016494770257453016,1.6494770257453015,0.01649477025745302,0.020618462821816275,scenario,cyp_cystitis,553.4375891252573
0.75,ganglia,13.239274558639224,0.949245860425,0.050754139575,0.29200740441522577,29.200740441522576,0.21898090930302858,21.898090930302857,0.09492458604250001,9.49245860425,0.016056405293205293,1.6056405293205294,0.016056405293205296,0.02007050661650662,scenario,cyp_cystitis,622.6171627656028
0.833333333333,ganglia,13.46100330462692,0.949787597032,0.050212402968,0.29311882893192837,29.311882893192838,0.22015563247636483,22.015563247636482,0.09497875970320001,9.49787597032,0.015663997799909787,1.5663997799909786,0.015663997799909783,0.01957999724988723,scenario,cyp_cystitis,691.7967364059485
0.916666666667,ganglia,13.69169181457557,0.950337269983,0.049662730017,0.29431185138575555,29.431185138575554,0.2214201382082839,22.142013820828392,0.09503372699830001,9.50337269983,0.015312011183197692,1.5312011183197691,0.015312011183197692,0.019140013978997113,scenario,cyp_cystitis,760.976310047125
1.0,ganglia,13.931116273382507,0.950875665439,0.049124334561,0.2955750046427785,29.55750046427785,0.22276382010986504,22.276382010986502,0.0950875665439,9.50875665439,0.014995673240923605,1.4995673240923606,0.014995673240923607,0.01874459155115451,scenario,cyp_cystitis,830.1558836874706
1.083333333333,ganglia,14.178991085056683,0.951384461328,0.048615538672,0.2988833472223854,29.88833472223854,0.22638322343287262,22.63832234328726,0.09513844613280001,9.513844613280002,0.015414669124374843,1.5414669124374842,0.015414669124374843,0.01926833640546855,scenario,cyp_cystitis,811.3170664023908
1.166666666667,ganglia,14.434966878317999,0.951847954923,0.048152045077,0.3022558995752941,30.225589957529408,0.23007900453666005,23.007900453666004,0.09518479549230001,9.518479549230001,0.01585085928550194,1.585085928550194,0.015850859285501936,0.01981357410687742,scenario,cyp_cystitis,792.4782491170848
1.25,ganglia,14.698628954013888,0.952253941553,0.047746058447,0.3056821108328495,30.56821108328495,0.23384079630838833,23.384079630838833,0.09522539415530001,9.522539415530002,0.016304303775574507,1.6304303775574507,0.016304303775574507,0.020380379719468135,scenario,cyp_cystitis,773.6394318320051
1.333333333333,ganglia,14.969496219094417,0.952604900096,0.047395099904,0.3091553732649104,30.915537326491037,0.23766098139478928,23.766098139478927,0.0952604900096,9.52604900096,0.01677499189294259,1.677499189294259,0.01677499189294259,0.02096873986617824,scenario,cyp_cystitis,754.8006145469253
1.416666666667,ganglia,15.247020648517363,0.952895807284,0.047104192716,0.31266603412155447,31.266603412155447,0.24152939265906048,24.15293926590605,0.0952895807284,9.52895807284,0.017262838182196757,1.7262838182196756,0.017262838182196757,0.021578547727745947,scenario,cyp_cystitis,735.9617972616194
1.5,ganglia,15.530587312457335,0.953120392128,0.046879607872,0.3162033787693841,31.620337876938407,0.24543482172953782,24.54348217295378,0.09531203921280001,9.531203921280001,0.01776767884730994,1.776767884730994,0.017767678847309936,0.02220959855913742,scenario,cyp_cystitis,717.1229799765397
1.583333333333,ganglia,15.819515001344072,0.953279548242,0.046720451758,0.3197584771336451,31.97584771336451,0.2493672470104945,24.93672470104945,0.0953279548242,9.532795482420001,0.01828926864285469,1.828926864285469,0.01828926864285469,0.02286158580356836,scenario,cyp_cystitis,698.2841626914596
1.666666666667,ganglia,16.11305747556327,0.953380288375,0.046619711625,0.3233240158540347,32.33240158540347,0.2533177633517052,25.33177633517052,0.0953380288375,9.53380288375,0.018827278305148538,1.8827278305148538,0.018827278305148538,0.02353409788143567,scenario,cyp_cystitis,679.4453454061539
1.75,ganglia,16.41040536044475,0.953423720501,0.046576279499,0.3268903515082743,32.68903515082743,0.25727553273130477,25.727553273130475,0.0953423720501,9.534237205010001,0.01938129258225732,1.938129258225732,0.01938129258225732,0.02422661572782165,scenario,cyp_cystitis,660.6065281210738
1.833333333333,ganglia,16.710688700235174,0.953411401386,0.046588598614,0.3304476688379473,33.04476688379473,0.2612294763326081,26.12294763326081,0.09534114013860001,9.534114013860002,0.019950808917728987,1.9950808917728986,0.019950808917728984,0.02493851114716123,scenario,cyp_cystitis,641.7677108359942
1.916666666667,ganglia,17.01298017716557,0.953351402333,0.046648597667,0.3339881822886336,33.398818228863355,0.2651700467281484,26.517004672814842,0.0953351402333,9.53351402333,0.020535236837709032,2.053523683770903,0.020535236837709032,0.02566904604713629,scenario,cyp_cystitis,622.9288935506883
2.0,ganglia,17.31629899386088,0.953246321098,0.046753678902,0.33750208294332834,33.750208294332836,0.26908605648169814,26.908605648169814,0.09532463210980001,9.532463210980001,0.021133898085288778,2.113389808528878,0.021133898085288778,0.02641737260661097,scenario,cyp_cystitis,604.0900762656084
2.083333333333,ganglia,17.619615409020476,0.95309615768,0.04690384232,0.3407210492207374,34.07210492207374,0.27267937050304153,27.267937050304152,0.09530961576800001,9.530961576800001,0.021616869231622773,2.1616869231622773,0.02161686923162277,0.027021086539528463,scenario,cyp_cystitis,594.933503284008
2.166666666667,ganglia,17.92185590763087,0.95290091208,0.04709908792,0.3438864770183483,34.38864770183483,0.2762182064559425,27.62182064559425,0.09529009120800001,9.529009120800001,0.02210363563728197,2.210363563728197,0.022103635637281967,0.027629544546602457,scenario,cyp_cystitis,585.7769303022972
2.25,ganglia,18.221908978378078,0.952660584297,0.047339415703,0.3469876734605642,34.69876734605642,0.27969068336762687,27.969068336762685,0.0952660584297,9.52660584297,0.02259291261644174,2.259291261644174,0.022592912616441738,0.028241140770552172,scenario,cyp_cystitis,576.6203573206968
2.333333333333,ganglia,18.518631462245693,0.952375239007,0.047624760993,0.350014063022672,35.0014063022672,0.28308504346885777,28.308504346885776,0.0952375239007,9.523752390070001,0.023083352290518576,2.3083352290518575,0.02308335229051858,0.028854190363148225,scenario,cyp_cystitis,567.4637843390962
2.416666666667,ganglia,18.810855427653223,0.952053597962,0.047946402038,0.3529584374332849,35.29584374332849,0.2863923084856499,28.63923084856499,0.0952053597962,9.52053597962,0.02357355038289891,2.357355038289891,0.023573550382898906,0.029466937978623632,scenario,cyp_cystitis,558.3072113573857
2.5,ganglia,19.097395519345884,0.951701798219,0.048298201781,0.35581294875723624,35.58129487572362,0.289603076594818,28.9603076594818,0.09517017982190001,9.517017982190001,0.024062053747671463,2.406205374767146,0.024062053747671456,0.03007756718458932,scenario,cyp_cystitis,549.150638375785
2.583333333333,ganglia,19.377056720433863,0.951319839776,0.048680160224,0.3585677799911231,35.85677799911231,0.2927064400150257,29.27064400150257,0.0951319839776,9.51319839776,0.024547368579999975,2.4547368579999973,0.02454736857999997,0.030684210724999966,scenario,cyp_cystitis,539.9940653941838
2.666666666667,ganglia,19.64864245964744,0.950907722635,0.049092277365,0.36121343176680215,36.12134317668021,0.2956918438925579,29.569184389255792,0.0950907722635,9.50907722635,0.025027969246102105,2.5027969246102106,0.025027969246102105,0.03128496155762763,scenario,cyp_cystitis,530.8374924124737
2.75,ganglia,19.91096298944101,0.950465446794,0.049534553206,0.36374076960675983,36.374076960675986,0.29854913880817757,29.854913880817758,0.0950465446794,9.50465446794,0.025502307662098638,2.550230766209864,0.025502307662098638,0.0318778845776233,scenario,cyp_cystitis,521.6809194308729
2.833333333333,ganglia,20.16284395487763,0.949993012255,0.050006987745,0.3661410668734995,36.61410668734995,0.30126862849777725,30.126862849777723,0.0949993012255,9.49993012255,0.025968823142925423,2.596882314292542,0.025968823142925427,0.032461028928656786,scenario,cyp_cystitis,512.5243464492723
2.916666666667,ganglia,20.40313506839496,0.949495444418,0.050504555582,0.3684079932027212,36.84079932027212,0.303842720845468,30.384272084546797,0.09494954444180001,9.494954444180001,0.026425952635197446,2.6425952635197447,0.026425952635197446,0.03303244079399681,scenario,cyp_cystitis,503.36777346756173
3.0,ganglia,20.630718801955,0.948980450927,0.051019549073,0.3705367954478941,37.05367954478941,0.30626527817243787,30.626527817243787,0.0948980450927,9.48980450927,0.026872141241956124,2.6872141241956125,0.026872141241956124,0.03359017655244516,scenario,cyp_cystitis,494.21120048596106
3.083333333333,ganglia,20.844519005524162,0.948448115742,0.051551884258,0.37252030353696414,37.25203035369641,0.30852832440307126,30.852832440307125,0.09484481157420001,9.484481157420001,0.02730585294223222,2.7305852942232223,0.02730585294223222,0.03413231617779028,scenario,cyp_cystitis,485.0546275043604
3.166666666667,ganglia,21.043509359420973,0.947898438864,0.052101561136,0.374351839630235,37.4351839630235,0.31062443971537224,31.062443971537224,0.09478984388640001,9.47898438864,0.027725581404413748,2.7725581404413746,0.027725581404413748,0.03465697675551718,scenario,cyp_cystitis,475.8980545226497
3.25,ganglia,21.2267215680805,0.947331420293,0.052668579707,0.3760252715523292,37.60252715523292,0.31254681058114353,31.254681058114354,0.0947331420293,9.47331420293,0.028129860790010962,2.8129860790010963,0.028129860790010962,0.035162325987513704,scenario,cyp_cystitis,466.7414815410492
3.333333333333,ganglia,21.393253203996338,0.946747060028,0.053252939972,0.37753503034116653,37.753503034116655,0.3142892492648517,31.42892492648517,0.09467470600280001,9.46747060028,0.028517276443127362,2.8517276443127364,0.02851727644312736,0.0356465955539092,scenario,cyp_cystitis,457.58490855944854
3.416666666667,ganglia,21.542275113065536,0.946146640937,0.053853359063,0.37887663828245594,37.88766382824559,0.31584663798750656,31.584663798750658,0.09461466409370001,9.46146640937,0.0288864753608281,2.88864753608281,0.0288864753608281,0.036108094201035126,scenario,cyp_cystitis,448.42833557773787
3.5,ganglia,21.673038296443224,0.945535663828,0.054464336172,0.3800479096385462,38.00479096385462,0.3172159369508291,31.721593695082912,0.0945535663828,9.455356638280001,0.029236176341029523,2.9236176341029525,0.029236176341029523,0.036545220426286905,scenario,cyp_cystitis,439.27176259613736
3.583333333333,ganglia,21.784880189061457,0.944917540902,0.055082459098,0.38104644183131475,38.10464418313148,0.3183940974901275,31.83940974901275,0.0944917540902,9.44917540902,0.029565179707060137,2.9565179707060136,0.029565179707060137,0.03695647463382517,scenario,cyp_cystitis,430.1151896145368
3.666666666667,ganglia,21.877230261174674,0.944295449864,0.055704550136,0.3818703498386384,38.18703498386384,0.31937867205804266,31.937867205804267,0.09442954498640001,9.44295449864,0.029872376511672183,2.9872376511672183,0.029872376511672186,0.037340470639590236,scenario,cyp_cystitis,420.958616632826
3.75,ganglia,21.94961487670749,0.943672568418,0.056327431582,0.38251835815263413,38.25183581526341,0.32016789034537124,32.016789034537126,0.0943672568418,9.43672568418,0.030156757128296015,3.0156757128296015,0.030156757128296015,0.03769594641037002,scenario,cyp_cystitis,411.8020436512256
3.833333333333,ganglia,22.001661350531073,0.943052074268,0.056947925732,0.38298979741901906,38.2989797419019,0.3207606555469101,32.076065554691006,0.0943052074268,9.43052074268,0.03041741914327011,3.041741914327011,0.03041741914327011,0.038021773929087635,scenario,cyp_cystitis,402.64547066962507
3.916666666667,ganglia,22.033101156021594,0.942437145117,0.057562854883,0.3832845995756168,38.32845995756168,0.32115653895990753,32.115653895990754,0.09424371451170001,9.424371451170002,0.030653574469628665,3.0653574469628664,0.03065357446962867,0.03831696808703584,scenario,cyp_cystitis,393.4888976879145
4.0,ganglia,22.043772244291013,0.941830958671,0.058169041329,0.3834032917649118,38.34032917649118,0.32135577321979086,32.135577321979085,0.0941830958671,9.41830958671,0.030864555610971168,3.0864555610971167,0.030864555610971168,0.03858069451371396,scenario,cyp_cystitis,384.3323247063137
4.083333333333,ganglia,22.033620447061974,0.941236692631,0.058763307369,0.3831933953156302,38.31933953156302,0.3211885845028113,32.11885845028113,0.09412366926310001,9.41236692631,0.03093769977819884,3.093769977819884,0.03093769977819884,0.03867212472274855,scenario,cyp_cystitis,380.31922642744547
4.166666666667,ganglia,22.00269994618764,0.940657260926,0.059342739074,0.3828100001560511,38.28100001560511,0.32082697118161235,32.082697118161235,0.0940657260926,9.40657260926,0.03098292101668272,3.0982921016682723,0.030982921016682728,0.03872865127085341,scenario,cyp_cystitis,376.3061281485288
4.25,ganglia,21.95117280413198,0.940095426128,0.059904573872,0.38225533312677173,38.22553331267717,0.3202731005710797,32.02731005710797,0.0940095426128,9.40095426128,0.03100020404560931,3.100020404560931,0.031000204045609315,0.03875025505701164,scenario,cyp_cystitis,372.2930298696605
4.333333333333,ganglia,21.87930756109512,0.939554236753,0.060445763247,0.38153229862389815,38.153229862389814,0.3195298610539979,31.952986105399788,0.0939554236753,9.39554236753,0.03098967462613103,3.098967462613103,0.030989674626131027,0.03873709328266378,scenario,cyp_cystitis,368.27993159079216
4.416666666667,ganglia,21.787476915782673,0.939036742396,0.060963257604,0.38064435325860285,38.06443532586029,0.31860075446555874,31.860075446555875,0.0939036742396,9.39036742396,0.030951598559935067,3.095159855993507,0.030951598559935074,0.03868949819991884,scenario,cyp_cystitis,364.2668333118758
4.5,ganglia,21.676154517847422,0.938545992651,0.061454007349,0.3795954954044085,37.959549540440854,0.31748988459923166,31.748988459923165,0.09385459926510001,9.38545992651,0.030886379564188368,3.088637956418837,0.030886379564188368,0.038607974455235464,scenario,cyp_cystitis,360.2537350330074
4.583333333333,ganglia,21.545910910613188,0.938085037112,0.061914962888,0.3783902544636597,37.83902544636597,0.3162019452805108,31.620194528051083,0.0938085037112,9.380850371120001,0.030794556045028332,3.0794556045028334,0.030794556045028332,0.038493195056285415,scenario,cyp_cystitis,356.2406367541391
4.666666666667,ganglia,21.39740867272712,0.937656925376,0.062343074624,0.377033679287168,37.7033679287168,0.31474220749952,31.474220749951996,0.0937656925376,9.37656925376,0.030676796803215747,3.0676796803215747,0.030676796803215747,0.03834599600401968,scenario,cyp_cystitis,352.22753847522273
4.75,ganglia,21.23139681661444,0.937264707036,0.062735292964,0.3755313255779909,37.55313255779909,0.31311650541598984,31.311650541598983,0.0937264707036,9.372647070360001,0.030533895716619158,3.0533895716619157,0.03053389571661916,0.038167369645773955,scenario,cyp_cystitis,348.21444019635413
4.833333333333,ganglia,21.048704509959766,0.936911233447,0.063088766553,0.37388916298209707,37.38891629820971,0.3113311551526634,31.13311551526634,0.0936911233447,9.369112334470001,0.030366765454743115,3.0366765454743114,0.03036676545474311,0.03795845681842889,scenario,cyp_cystitis,344.20134191748605
4.916666666667,ganglia,20.850234193852625,0.936592317294,0.063407682706,0.3721108438838545,37.21108438838545,0.30939068017161614,30.939068017161613,0.09365923172940001,9.36592317294,0.030176430290511248,3.0176430290511247,0.030176430290511244,0.03772053786313906,scenario,cyp_cystitis,340.1882436385694
5.0,ganglia,20.6369541774427,0.93630569344,0.06369430656,0.3702012973010243,37.02012973010243,0.3073008088411381,30.730080884113807,0.093630569344,9.363056934400001,0.029964018083704407,2.9964018083704405,0.029964018083704413,0.03745502260463052,scenario,cyp_cystitis,336.1751453597012
5.083333333333,ganglia,20.40989079399801,0.936052121491,0.063947878509,0.36816713459811634,36.81671345981164,0.30506880272112924,30.506880272112923,0.0936052121491,9.360521214910001,0.02973075151881124,2.973075151881124,0.029730751518811237,0.03716343939851405,scenario,cyp_cystitis,332.1620470808328
5.166666666667,ganglia,20.17012020714065,0.935832361054,0.064167638946,0.3660154190844479,36.60154190844479,0.30270242553227544,30.270242553227543,0.09358323610540001,9.358323610540001,0.02947793868754358,2.947793868754358,0.02947793868754358,0.036847423359429476,scenario,cyp_cystitis,328.1489488019164
5.25,ganglia,19.918759958499223,0.935647171738,0.064352828262,0.3637536447054335,36.375364470543346,0.30020991947959275,30.020991947959274,0.09356471717380001,9.356471717380002,0.029206963112590703,2.9206963112590705,0.0292069631125907,0.036508703890738375,scenario,cyp_cystitis,324.13585052304785
5.333333333333,ganglia,19.656960349228978,0.935497313148,0.064502686852,0.3613897116660152,36.13897116660152,0.29759997816801687,29.759997816801686,0.0935497313148,9.35497313148,0.028919273314408255,2.8919273314408254,0.02891927331440826,0.03614909164301032,scenario,cyp_cystitis,320.12275224417954
5.416666666667,ganglia,19.385895747862204,0.935383544894,0.064616455106,0.35893189879013854,35.89318987901385,0.29488171588970946,29.488171588970946,0.09353835448940001,9.353835448940002,0.028616372026950755,2.8616372026950754,0.028616372026950755,0.03577046503368844,scenario,cyp_cystitis,316.1096539652631
5.5,ganglia,19.10675591554243,0.935306626581,0.064693373419,0.356388832446329,35.6388832446329,0.2920646330980322,29.206463309803222,0.0935306626581,9.35306626581,0.028299805170926184,2.8299805170926184,0.028299805170926184,0.03537475646365773,scenario,cyp_cystitis,312.0965556863948
5.583333333333,ganglia,18.820737437140103,0.935266718173,0.064733281827,0.3537692251379165,35.37692251379165,0.2891583925784627,28.915839257846272,0.09352667181730001,9.352667181730002,0.027971150694559434,2.7971150694559435,0.02797115069455944,0.034963938368199304,scenario,cyp_cystitis,308.0834574075265
5.666666666667,ganglia,18.529035343148685,0.935259840811,0.064740159189,0.3510805174195946,35.108051741959464,0.28617170370943845,28.617170370943846,0.09352598408110001,9.352598408110001,0.027632007392022744,2.7632007392022744,0.02763200739202274,0.034540009240028424,scenario,cyp_cystitis,304.07035912860994
5.75,ganglia,18.232835002429688,0.935284704404,0.064715295596,0.34833144056915544,34.83314405691554,0.2831144112541727,28.311441125417268,0.09352847044040001,9.35284704404,0.027283983808300584,2.7283983808300585,0.027283983808300584,0.03410497976037573,scenario,cyp_cystitis,300.0572608497417
5.833333333333,ganglia,17.933304360173597,0.935340800798,0.064659199202,0.34553122971177647,34.55312297117764,0.27999683292441824,27.999683292441823,0.0935340800798,9.35340800798,0.02692868733659713,2.692868733659713,0.02692868733659713,0.03366085917074641,scenario,cyp_cystitis,296.04416257087325
5.916666666667,ganglia,17.631586589010247,0.935427621843,0.064572378157,0.34268927778086783,34.268927778086784,0.2768294617739642,27.682946177396424,0.09354276218430001,9.35427621843,0.02656771361053854,2.656771361053854,0.026567713610538543,0.03320964201317318,scenario,cyp_cystitis,292.0310642919568
6.0,ganglia,17.328793213870586,0.935544659387,0.064455340613,0.33981508431497587,33.98150843149759,0.27362290930697314,27.362290930697313,0.09355446593870001,9.35544659387,0.026202636288079114,2.6202636288079115,0.026202636288079117,0.0327532953600989,scenario,cyp_cystitis,288.01796601308837
6.083333333333,ganglia,17.025997763388855,0.935691405278,0.064308594722,0.33691820156080116,33.69182015608011,0.2703878455922235,27.03878455922235,0.09356914052780001,9.35691405278,0.02583499731758904,2.583499731758904,0.02583499731758904,0.0322937466469863,scenario,cyp_cystitis,284.00486773422017
6.166666666667,ganglia,16.724229992490326,0.935867351365,0.064132648635,0.3340081783849984,33.40081783849984,0.26713493694277596,26.713493694277595,0.09358673513650001,9.35867351365,0.02546629776920609,2.546629776920609,0.025466297769206094,0.031832872211507615,scenario,cyp_cystitis,279.9917694553037
6.25,ganglia,16.424470712178756,0.936071989497,0.063928010503,0.33109450258576695,33.10945025857669,0.2638747818178522,26.38747818178522,0.0936071989497,9.36071989497,0.025097989305927645,2.5097989305927646,0.02509798930592765,0.03137248663240956,scenario,cyp_cystitis,275.97867117643534
6.333333333333,ganglia,16.127647253856058,0.936303919711,0.063696080289,0.3281862296817366,32.81862296817366,0.26061759745626284,26.061759745626283,0.09363039197110001,9.363039197110002,0.024731466359592426,2.4731466359592424,0.02473146635959243,0.030914332949490538,scenario,cyp_cystitis,271.96557289756703
6.416666666667,ganglia,15.834629586912904,0.93655982656,0.06344017344,0.3252915827531417,32.52915827531417,0.2573728889968241,25.737288899682408,0.093655982656,9.365598265600001,0.024368059067010613,2.4368059067010615,0.024368059067010617,0.03046007383376327,scenario,cyp_cystitis,267.95247461865057
6.5,ganglia,15.54622709966135,0.936838320759,0.063161679241,0.3224192465284552,32.24192465284552,0.2541504605028391,25.415046050283912,0.0936838320759,9.36838320759,0.024009027010849084,2.400902701084908,0.024009027010849084,0.030011283763561356,scenario,cyp_cystitis,263.93937633978203
6.583333333333,ganglia,15.263186045362307,0.937138141726,0.062861858274,0.3195776664645774,31.957766646457742,0.25095983587997495,25.095983587997495,0.0937138141726,9.37138141726,0.023655553799000317,2.3655553799000315,0.023655553799000313,0.02956944224875039,scenario,cyp_cystitis,259.9262780609138
6.666666666667,ganglia,14.986187647237514,0.937458028876,0.062541971124,0.3167749479455318,31.67749479455318,0.24781016117547974,24.781016117547974,0.09374580288760001,9.37458028876,0.02330874250523217,2.330874250523217,0.02330874250523217,0.02913592813154021,scenario,cyp_cystitis,255.9131797819972
6.75,ganglia,14.71584684876888,0.937796721627,0.062203278373,0.3140188039092879,31.40188039092879,0.24471014638509764,24.471014638509764,0.0937796721627,9.377967216270001,0.022969611982757956,2.2969611982757954,0.022969611982757952,0.028712014978447442,scenario,cyp_cystitis,251.90008150312903
6.833333333333,ganglia,14.452711688660354,0.938152959395,0.061847040605,0.3113165061611879,31.13165061611879,0.241668011357431,24.1668011357431,0.0938152959395,9.381529593949999,0.02263909405152074,2.263909405152074,0.02263909405152074,0.028298867564400927,scenario,cyp_cystitis,247.88698322426055
6.916666666667,ganglia,14.197263273628955,0.938525481598,0.061474518402,0.30867484111656374,30.867484111656374,0.23869143661862638,23.869143661862637,0.0938525481598,9.38525481598,0.02231803154960514,2.231803154960514,0.02231803154960514,0.027897539437006427,scenario,cyp_cystitis,243.87388494534412
7.0,ganglia,13.949916316499849,0.938913027651,0.061086972349,0.3061000706274757,30.61000706274757,0.2357875198470841,23.57875198470841,0.09389130276510001,9.38913027651,0.022007177229102025,2.2007177229102024,0.022007177229102025,0.027508971536377533,scenario,cyp_cystitis,239.86078666647578
7.083333333333,ganglia,13.711020202231445,0.939313701511,0.060686298489,0.3035976930803613,30.359769308036128,0.23296258103251252,23.29625810325125,0.09393137015110001,9.393137015110002,0.02170719346745026,2.1707193467450256,0.021707193467450262,0.027133991834312827,scenario,cyp_cystitis,235.84768838760743
7.166666666667,ganglia,13.480860540498945,0.939725362053,0.060274637947,0.3011725497598341,30.11725497598341,0.23022223728281568,23.022223728281567,0.0939725362053,9.39725362053,0.021418652756867676,2.1418652756867678,0.021418652756867676,0.026773315946084595,scenario,cyp_cystitis,231.834590108691
7.25,ganglia,13.259661160095153,0.940146464781,0.059853535219,0.29882907413595955,29.882907413595955,0.22757158628651059,22.75715862865106,0.0940146464781,9.40146464781,0.021142038926765503,2.1142038926765503,0.021142038926765503,0.026427548658456878,scenario,cyp_cystitis,227.82149182982275
7.333333333333,ganglia,13.047586497927075,0.94057546553,0.05942453447,0.2965710811626964,29.657108116269644,0.22501503845521825,22.501503845521825,0.09405754655300001,9.4057546553,0.02087774904743173,2.087774904743173,0.02087774904743173,0.02609718630928966,scenario,cyp_cystitis,223.80839355095426
7.416666666667,ganglia,12.844744333757726,0.941010820132,0.058989179868,0.294401759338482,29.440175933848202,0.22255630813920224,22.255630813920224,0.0941010820132,9.41010820132,0.020626095957798733,2.062609595779873,0.020626095957798733,0.02578261994724842,scenario,cyp_cystitis,219.79529527203795
7.5,ganglia,12.65118882082732,0.941450984421,0.058549015579,0.292323669582097,29.2323669582097,0.22019841237777443,22.01984123777744,0.0941450984421,9.41450984421,0.02038731135555334,2.038731135555334,0.02038731135555334,0.025484139194441674,scenario,cyp_cystitis,215.7821969931696
7.583333333333,ganglia,12.466923762286005,0.941894414231,0.058105585769,0.2903387506404336,29.033875064043357,0.2179436769081484,21.794367690814838,0.0941894414231,9.41894414231,0.020161549384516433,2.0161549384516433,0.02016154938451643,0.02520193673064554,scenario,cyp_cystitis,211.76909871430115
7.666666666667,ganglia,12.291906083908007,0.942339565395,0.057660434605,0.288448330740811,28.8448330740811,0.21579374911256777,21.579374911256778,0.09423395653950001,9.423395653950001,0.01994889065207189,1.994889065207189,0.01994889065207189,0.024936113315089863,scenario,cyp_cystitis,207.7560004353847
7.75,ganglia,12.126049454594236,0.942784959524,0.057215040476,0.2866531650885862,28.665316508858616,0.21374963237354017,21.374963237354017,0.09427849595240001,9.427849595240001,0.01974934660820402,1.974934660820402,0.01974934660820402,0.024686683260255023,scenario,cyp_cystitis,203.74290215651638
7.833333333333,ganglia,11.969228007854973,0.943230784847,0.056769215153,0.2849539416965974,28.49539416965974,0.2118120702354415,21.18120702354415,0.09432307848470001,9.43230784847,0.019562864217623956,1.9562864217623956,0.01956286421762396,0.02445358027202995,scenario,cyp_cystitis,199.72980387764804
7.916666666667,ganglia,11.821280119700983,0.943676657398,0.056323342602,0.28335062150318746,28.335062150318745,0.2099810619593194,20.99810619593194,0.0943676657398,9.43676657398,0.019389330857424635,1.9389330857424634,0.01938933085742463,0.024236663571780788,scenario,cyp_cystitis,195.71670559873155
8.0,ganglia,11.682012200931444,0.944121560647,0.055878439353,0.28184245888340564,28.184245888340563,0.20825589202078404,20.825589202078405,0.0944121560647,9.441215606470001,0.019228579374430822,1.9228579374430823,0.019228579374430822,0.024035724218038526,scenario,cyp_cystitis,191.7036073198632
8.083333333333,ganglia,11.55120246479946,0.944564478063,0.055435521937,0.28037178344125796,28.037178344125795,0.20657259514995327,20.657259514995328,0.09445644780630001,9.445644780630001,0.019042572371032622,1.9042572371032622,0.019042572371032622,0.02380321546379078,scenario,cyp_cystitis,190.0952912357615
8.166666666667,ganglia,11.428604634359198,0.945004393119,0.054995606881,0.27899392692215313,27.899392692215315,0.20499276401139238,20.499276401139237,0.0945004393119,9.450043931189999,0.018869293766953458,1.8869293766953459,0.018869293766953454,0.023586617208691818,scenario,cyp_cystitis,188.48697515164037
8.25,ganglia,11.313951557247922,0.945440289284,0.054559710716,0.27770677630104795,27.770677630104796,0.2035141637473866,20.35141637473866,0.09454402892840001,9.454402892840001,0.0187083756483913,1.8708375648391298,0.0187083756483913,0.023385469560489123,scenario,cyp_cystitis,186.87865906753854
8.333333333333,ganglia,11.206958699314848,0.945871150029,0.054128849971,0.27650786293973284,27.650786293973283,0.20213416437425866,20.213416437425867,0.09458711500290001,9.45871150029,0.018559418329703797,1.8559418329703796,0.018559418329703793,0.02319927291212974,scenario,cyp_cystitis,185.27034298343688
8.416666666667,ganglia,11.107327492282728,0.946295958824,0.053704041176,0.27539440564593953,27.539440564593953,0.20084978862615505,20.084978862615504,0.0946295958824,9.46295958824,0.018421995647067833,1.8421995647067833,0.018421995647067833,0.023027494558834793,scenario,cyp_cystitis,183.66202689931575
8.5,ganglia,11.014748514345273,0.946713958441,0.053286041559,0.2743634288617056,27.43634288617056,0.1996578144640062,19.96578144640062,0.0946713958441,9.46713958441,0.018295660038426857,1.8295660038426858,0.018295660038426857,0.022869575048033573,scenario,cyp_cystitis,182.05371081521403
8.583333333333,ganglia,10.928904486333725,0.947125857953,0.052874142047,0.27341215206826963,27.341215206826963,0.19855507363663288,19.85550736366329,0.09471258579530001,9.471258579530001,0.018179947375448164,1.8179947375448164,0.018179947375448164,0.022724934219310204,scenario,cyp_cystitis,180.4453947311123
8.666666666667,ganglia,10.84947306975132,0.947531287076,0.052468712924,0.27253729143965794,27.253729143965792,0.19753795859117548,19.75379585911755,0.0947531287076,9.47531287076,0.018074381519173184,1.8074381519173184,0.018074381519173188,0.022592976898966485,scenario,cyp_cystitis,178.83707864699113
8.75,ganglia,10.776129456441343,0.947929625654,0.052070374346,0.27173534394959287,27.173534394959287,0.1966026459824365,19.66026459824365,0.0947929625654,9.47929625654,0.017978478576805082,1.7978478576805081,0.017978478576805085,0.022473098221006356,scenario,cyp_cystitis,177.2287625628894
8.833333333333,ganglia,10.708548742985961,0.94832025353,0.05167974647,0.2710026980786737,27.10026980786737,0.19574519191741527,19.574519191741526,0.094832025353,9.4832025353,0.017891750842697406,1.7891750842697407,0.017891750842697406,0.02236468855337176,scenario,cyp_cystitis,175.6204464787876
8.916666666667,ganglia,10.646408086074203,0.948702550548,0.051297449452,0.2703356694881305,27.033566948813046,0.1949615715925894,19.49615715925894,0.09487025505480001,9.487025505480002,0.017813710411979943,1.7813710411979944,0.017813710411979943,0.02226713801497493,scenario,cyp_cystitis,174.0121303946666
9.0,ganglia,10.589388637931073,0.949075896552,0.050924103448,0.26973053413053405,26.973053413053407,0.19424771608370447,19.42477160837045,0.0949075896552,9.490758965520001,0.0177438724602315,1.77438724602315,0.017743872460231503,0.022179840575289378,scenario,cyp_cystitis,172.40381431056477
9.083333333333,ganglia,10.53717726352886,0.949439671386,0.050560328614,0.26918355861947396,26.918355861947397,0.1935995460898599,19.35995460898599,0.09494396713860001,9.49439671386,0.01768175818724723,1.768175818724723,0.017681758187247234,0.022102197734059043,scenario,cyp_cystitis,170.7954982264631
9.166666666667,ganglia,10.489468043672368,0.949793254893,0.050206745107,0.26869102774208914,26.869102774208915,0.19301300250309902,19.301300250309904,0.0949793254893,9.49793254893,0.017626897427184252,1.7626897427184252,0.017626897427184256,0.02203362178398032,scenario,cyp_cystitis,169.187182142342
9.25,ganglia,10.445963570099945,0.950136026918,0.049863973082,0.26824926905841073,26.824926905841075,0.1924840737406786,19.24840737406786,0.09501360269180001,9.501360269180001,0.017578830931111945,1.7578830931111944,0.017578830931111945,0.02197353866388993,scenario,cyp_cystitis,167.5788660582403
9.333333333333,ganglia,10.406376040533988,0.950467421138,0.049532578862,0.2678546897507312,26.78546897507312,0.19200883070770128,19.20088307077013,0.0950467421138,9.50467421138,0.01753711233131237,1.753711233131237,0.01753711233131237,0.021921390414140464,scenario,cyp_cystitis,165.97054997413838
9.416666666667,ganglia,10.370428163133576,0.950788506989,0.049211493011,0.26750424037563003,26.750424037563004,0.1915837663074778,19.15837663074778,0.0950788506989,9.50788506989,0.017501309799539795,1.7501309799539795,0.017501309799539795,0.021876637249424742,scenario,cyp_cystitis,164.3622338900173
9.5,ganglia,10.337853881014372,0.951099801916,0.048900198084,0.2671948128705649,26.71948128705649,0.19120536964329432,19.120536964329432,0.0951099801916,9.510998019159999,0.017471007413817432,1.7471007413817432,0.017471007413817432,0.02183875926727179,scenario,cyp_cystitis,162.75391780591565
9.583333333333,ganglia,10.308398928466579,0.951401139112,0.048598860888,0.26692321852879863,26.692321852879864,0.19087011624177622,19.08701162417762,0.0951401139112,9.51401139112,0.017445806250293842,1.7445806250293843,0.01744580625029384,0.021807257812867298,scenario,cyp_cystitis,161.1456017218139
9.666666666667,ganglia,10.281821231221809,0.95169235177,0.04830764823,0.2666863920679922,26.66863920679922,0.19057461876776913,19.057461876776912,0.095169235177,9.5169235177,0.01742532521819922,1.7425325218199221,0.01742532521819922,0.021781656522749028,scenario,cyp_cystitis,159.5372856376928
9.75,ganglia,10.257891163579803,0.951973273083,0.048026726917,0.26648140011553634,26.648140011553632,0.1903156364524848,19.031563645248482,0.0951973273083,9.51973273083,0.017409201657029097,1.7409201657029096,0.017409201657029097,0.02176150207128637,scenario,cyp_cystitis,157.92896955359097
9.833333333333,ganglia,10.236391675462642,0.952243736243,0.047756263757,0.2663054474735794,26.63054474735794,0.19009008205475494,19.009008205475496,0.0952243736243,9.52243736243,0.01739709171580768,1.739709171580768,0.01739709171580768,0.0217463646447596,scenario,cyp_cystitis,156.32065346948917
9.916666666667,ganglia,10.217118302527085,0.952503574444,0.047496425556,0.2661558813554748,26.61558813554748,0.1898950265678609,18.98950265678609,0.09525035744440001,9.52503574444,0.017388670534660224,1.7388670534660224,0.017388670534660224,0.02173583816832528,scenario,cyp_cystitis,154.71233738536824
10.0,ganglia,10.199879072334076,0.952752620879,0.047247379121,0.266030193786345,26.603019378634503,0.18972770188716112,18.97277018871611,0.0952752620879,9.52752620879,0.017383632248973088,1.7383632248973089,0.017383632248973088,0.02172954031121636,scenario,cyp_cystitis,153.1040213012664
10.083333333333,ganglia,10.184494319297936,0.952990708739,0.047009291261,0.26592602236671037,26.592602236671038,0.18958550165867816,18.958550165867816,0.09529907087390001,9.52990708739,0.017381689836201343,1.7381689836201344,0.017381689836201343,0.021727112295251677,scenario,cyp_cystitis,151.4957052171646
10.166666666667,ganglia,10.170796420730332,0.95321767122,0.04678232878,0.26584114959528476,26.584114959528478,0.18946598052587194,18.946598052587195,0.09532176712200001,9.5321767122,0.017382574824919048,1.7382574824919048,0.017382574824919048,0.02172821853114881,scenario,cyp_cystitis,149.88738913304363
10.25,ganglia,10.158629465761353,0.953434130666,0.046565869334,0.26577372091271884,26.577372091271883,0.1893670087179098,18.93670087179098,0.0953434130666,9.53434130666,0.017386036885029647,1.7386036885029648,0.017386036885029647,0.02173254610628706,scenario,cyp_cystitis,148.27907304894174
10.333333333333,ganglia,10.14784886830337,0.953641157772,0.046358842228,0.26572214628421637,26.572214628421637,0.1892867005633515,18.92867005633515,0.0953641157772,9.53641157772,0.017391843317209263,1.7391843317209263,0.017391843317209263,0.02173980414651158,scenario,cyp_cystitis,146.67075696484008
10.416666666667,ganglia,10.138320934536658,0.953838924336,0.046161075664,0.2656847209486505,26.568472094865047,0.18922314279450048,18.92231427945005,0.09538389243360001,9.538389243360001,0.017399778458667615,1.7399778458667616,0.017399778458667615,0.021749723073334518,scenario,cyp_cystitis,145.06244088071898
10.5,ganglia,10.129922394646735,0.95402759801,0.04597240199,0.26565987047372014,26.565987047372015,0.18917456741413347,18.917456741413346,0.095402759801,9.5402759801,0.017409643021216472,1.7409643021216472,0.017409643021216475,0.021762053776520594,scenario,cyp_cystitis,143.45412479661718
10.583333333333,ganglia,10.122539907764093,0.954207346446,0.045792653554,0.2656461466916715,26.564614669167153,0.18913934671896834,18.913934671896833,0.0954207346446,9.542073464460001,0.017421253376464822,1.7421253376464823,0.017421253376464826,0.021776566720581033,scenario,cyp_cystitis,141.84580871251538
10.666666666667,ganglia,10.116069548258643,0.954378337293,0.045621662707,0.26564222201770626,26.564222201770626,0.18911598698711804,18.911598698711803,0.09543783372930001,9.543783372930001,0.01743444080173336,1.743444080173336,0.01743444080173336,0.021793051002166698,scenario,cyp_cystitis,140.23749262839436
10.75,ganglia,10.110416280730691,0.954540738205,0.045459261795,0.26564688343587156,26.564688343587157,0.18910312179485728,18.91031217948573,0.0954540738205,9.54540738205,0.017449050699033197,1.7449050699033197,0.017449050699033197,0.021811313373791497,scenario,cyp_cystitis,138.62917654429265
10.833333333333,ganglia,10.10549343024018,0.954694716831,0.045305283169,0.26565902625595883,26.565902625595882,0.18909950508095427,18.909950508095427,0.09546947168310001,9.54694716831,0.017464941798201183,1.7464941798201183,0.017464941798201183,0.02183117724775148,scenario,cyp_cystitis,137.02086046019085
10.916666666667,ganglia,10.101222153534076,0.954840440823,0.045159559177,0.26567764775022035,26.567764775022034,0.18910400407546704,18.910400407546703,0.0954840440823,9.54840440823,0.01748198535404038,1.748198535404038,0.017481985354040375,0.02185248169255047,scenario,cyp_cystitis,135.41254437606975
11.0,ganglia,10.097530916272119,0.954978077832,0.045021922168,0.2657018407479051,26.57018407479051,0.18911559218300567,18.911559218300567,0.0954978077832,9.549780778319999,0.017500064346110008,1.7500064346110007,0.017500064346110008,0.02187508043263751,scenario,cyp_cystitis,133.804228291968
11.083333333333,ganglia,10.094354980528523,0.955107873435,0.044892126565,0.26573080894746676,26.573080894746674,0.18913335733774084,18.913335733774083,0.0955107873435,9.55107873435,0.017519072688647584,1.7519072688647583,0.017519072688647584,0.02189884086080948,scenario,cyp_cystitis,132.19591220786617
11.166666666667,ganglia,10.091635906165099,0.955230297572,0.044769702428,0.26576390138808226,26.576390138808225,0.1891565240343136,18.91565240343136,0.0955230297572,9.55230297572,0.01753891445699281,1.7538914456992811,0.01753891445699281,0.021923643071241013,scenario,cyp_cystitis,130.5875961237452
11.25,ganglia,10.089321069031179,0.955345609019,0.044654390981,0.2658004851672038,26.580048516720378,0.189184360294782,18.9184360294782,0.0955345609019,9.55345609019,0.017559503135846574,1.7559503135846575,0.017559503135846574,0.021949378919808218,scenario,cyp_cystitis,128.97928003964344
11.333333333333,ganglia,10.087363198355543,0.955454044854,0.044545955146,0.2658399922380077,26.58399922380077,0.18921620861400856,18.921620861400857,0.0955454044854,9.55454044854,0.01758076089372809,1.758076089372809,0.01758076089372809,0.021975951117160112,scenario,cyp_cystitis,127.37096395554168
11.416666666667,ganglia,10.085719935155696,0.955555842157,0.044444157843,0.2658819197541586,26.58819197541586,0.18925148393162064,18.925148393162065,0.0955555842157,9.55555842157,0.01760261788709229,1.760261788709229,0.01760261788709229,0.022003272358865362,scenario,cyp_cystitis,125.76264787142054
11.5,ganglia,10.084353412999194,0.955651238007,0.044348761993,0.2659258246317041,26.592582463170412,0.1892896675900045,18.928966759000453,0.09556512380070001,9.55651238007,0.017625011596759155,1.7625011596759155,0.01762501159675916,0.02203126449594895,scenario,cyp_cystitis,124.15433178731887
11.583333333333,ganglia,10.083229862013553,0.955740469485,0.044259530515,0.2659713183875994,26.597131838759942,0.1893303015989993,18.93303015989993,0.09557404694850001,9.557404694850002,0.017647886198570772,1.7647886198570772,0.017647886198570772,0.022059857748213466,scenario,cyp_cystitis,122.546015703217
11.666666666667,ganglia,10.082319236653213,0.955823773669,0.044176226331,0.26601806226409463,26.601806226409465,0.18937298321910515,18.937298321910514,0.0955823773669,9.55823773669,0.01767119196952654,1.767119196952654,0.017671191969526545,0.02208898996190818,scenario,cyp_cystitis,120.93769961909597
11.75,ganglia,10.08159486739188,0.955901387639,0.044098612361,0.2660657626516123,26.60657626516123,0.18941735987523586,18.941735987523586,0.0955901387639,9.55901387639,0.017694884730073683,1.7694884730073683,0.01769488473007368,0.0221186059125921,scenario,cyp_cystitis,119.32938353499424
11.833333333333,ganglia,10.081033136215778,0.955973548474,0.044026451526,0.2661141668079628,26.611416680796278,0.18946312440062532,18.94631244006253,0.0955973548474,9.559735484740001,0.017718925322724715,1.7718925322724715,0.017718925322724715,0.022148656653405895,scenario,cyp_cystitis,117.72106745089246
11.916666666667,ganglia,10.08061317554471,0.956040515421,0.043959484579,0.26616306504763504,26.616306504763504,0.18951001500615003,18.951001500615003,0.0956040515421,9.56040515421,0.01774327912673144,1.774327912673144,0.01774327912673144,0.022179098908414296,scenario,cyp_cystitis,116.11275136677133
12.0,ganglia,10.08031659000002,0.95610278611,0.04389721389,0.2662123472574561,26.62123472574561,0.18955785405161785,18.955785405161784,0.09561027861100001,9.561027861100001,0.017767915608184887,1.7767915608184888,0.017767915608184883,0.022209894510231105,scenario,cyp_cystitis,114.5044352826696
12.083333333333,ganglia,10.080127200269255,0.956160713536,0.043839286464,0.2662369671402649,26.62369671402649,0.1895787730962943,18.95787730962943,0.09561607135360001,9.561607135360001,0.017775332912145086,1.7775332912145085,0.017775332912145086,0.022219166140181358,scenario,cyp_cystitis,114.01003091456302
12.166666666667,ganglia,10.080030808183084,0.956214586657,0.043785413343,0.266261722443021,26.626172244302097,0.18960029308591222,18.960029308591224,0.0956214586657,9.56214586657,0.0177829178369668,1.77829178369668,0.0177829178369668,0.0222286472962085,scenario,cyp_cystitis,113.51562654645056
12.25,ganglia,10.08001498201706,0.95626469443,0.04373530557,0.266286525179644,26.6286525179644,0.18962228415182666,18.962228415182665,0.095626469443,9.5626469443,0.017790649047466876,1.7790649047466875,0.017790649047466876,0.022238311309333597,scenario,cyp_cystitis,113.02122217834402
12.333333333333,ganglia,10.080068860956382,0.956311325812,0.043688674188,0.2663113085934712,26.631130859347117,0.18964464001363462,18.964464001363464,0.0956311325812,9.56311325812,0.017798507896156786,1.7798507896156786,0.017798507896156786,0.02224813487019598,scenario,cyp_cystitis,112.52681781023745
12.416666666667,ganglia,10.080182977612399,0.956354769762,0.043645230238,0.26633602477226154,26.633602477226155,0.18966727532895725,18.966727532895725,0.0956354769762,9.56354769762,0.017806478121116333,1.7806478121116334,0.01780647812111633,0.02225809765139541,scenario,cyp_cystitis,112.03241344212488
12.5,ganglia,10.08034909745189,0.956395315236,0.043604684764,0.266360642486242,26.6360642486242,0.1896901232918245,18.96901232918245,0.0956395315236,9.56395315236,0.01781454557243128,1.781454557243128,0.01781454557243128,0.0222681819655391,scenario,cyp_cystitis,111.53800907401833
12.583333333333,ganglia,10.080560073991519,0.956433251193,0.043566748807,0.2663851452394807,26.63851452394807,0.18971313346686744,18.971313346686745,0.09564332511930002,9.564332511930001,0.017822697965292737,1.7822697965292738,0.017822697965292737,0.02227837245661592,scenario,cyp_cystitis,111.0436047059118
12.666666666667,ganglia,10.080809718616942,0.95646886659,0.04353113341,0.26640952951367547,26.640952951367545,0.1897362698385283,18.973626983852828,0.09564688665900001,9.5646886659,0.017830924657858366,1.7830924657858367,0.01783092465785837,0.022288655822322964,scenario,cyp_cystitis,110.54920033779926
12.75,ganglia,10.081092683906714,0.956502450384,0.043497549616,0.26643380319474574,26.643380319474574,0.1897595090626064,18.975950906260643,0.0956502450384,9.56502450384,0.017839216452006736,1.7839216452006736,0.01783921645200674,0.022299020565008425,scenario,cyp_cystitis,110.05479596969272
12.833333333333,ganglia,10.081404359372652,0.956534291532,0.043465708468,0.26645798416541866,26.645798416541865,0.18978283890246517,18.978283890246516,0.0956534291532,9.56534291532,0.01784756541516379,1.784756541516379,0.01784756541516379,0.02230945676895474,scenario,cyp_cystitis,109.56039160158612
12.916666666667,ganglia,10.081740778568332,0.956564678993,0.043435321007,0.26648209905107795,26.648209905107795,0.1898062568353088,18.98062568353088,0.0956564678993,9.56564678993,0.017855964721440968,1.785596472144097,0.01785596472144097,0.022319955901801213,scenario,cyp_cystitis,109.0659872334736
13.0,ganglia,10.08209853656441,0.95659359991,0.04340640009,0.26650609801826664,26.650609801826665,0.18982970891918516,18.982970891918516,0.095659359991,9.5659359991,0.017864408510402278,1.7864408510402279,0.017864408510402278,0.022330510638002846,scenario,cyp_cystitis,108.5715828653671
13.083333333333,ganglia,10.082474716841213,0.956620452205,0.043379547795,0.26652977368502306,26.652977368502306,0.18985303162724784,18.985303162724783,0.09566204522050001,9.56620452205,0.017872891761861843,1.7872891761861842,0.017872891761861846,0.02234111470232731,scenario,cyp_cystitis,108.07717849726048
13.166666666667,ganglia,10.082866826704093,0.956645308258,0.043354691742,0.26655311229890494,26.655311229890494,0.18987620163678326,18.987620163678326,0.09566453082580001,9.56645308258,0.01788141018520096,1.7881410185200959,0.01788141018520096,0.022351762731501197,scenario,cyp_cystitis,107.582774129148
13.25,ganglia,10.08327274038431,0.956668281821,0.043331718179,0.26657611661414277,26.657611661414276,0.1898992093689364,18.98992093689364,0.09566682818210001,9.566682818210001,0.017889960121790772,1.788996012179077,0.017889960121790772,0.022362450152238464,scenario,cyp_cystitis,107.0883697610414
13.333333333333,ganglia,10.083690649046268,0.956689486647,0.043310513353,0.26659879368968603,26.659879368968603,0.18992205002776222,18.99220500277622,0.09566894866470001,9.566894866470001,0.017898538459202838,1.7898538459202837,0.017898538459202838,0.022373173074003546,scenario,cyp_cystitis,106.59396539293492
13.416666666667,ganglia,10.08411901697967,0.956709036488,0.043290963512,0.26662115429547295,26.662115429547296,0.18994472294074774,18.994472294074775,0.0956709036488,9.56709036488,0.01790714255598346,1.7907142555983462,0.01790714255598346,0.02238392819497933,scenario,cyp_cystitis,106.09956102482235
13.5,ganglia,10.084556543312322,0.956727045096,0.043272954904,0.2666432123941496,26.664321239414964,0.18996723098283289,18.99672309828329,0.09567270450960001,9.56727045096,0.01791577017586563,1.7915770175865628,0.01791577017586563,0.022394712719832035,scenario,cyp_cystitis,105.60515665671585
13.583333333333,ganglia,10.085002128634754,0.956743626223,0.043256373777,0.26666498468892613,26.666498468892613,0.18998958007402902,18.9989580074029,0.0956743626223,9.56743626223,0.017924419430385204,1.7924419430385203,0.017924419430385204,0.022405524287981503,scenario,cyp_cystitis,105.11075228860929
13.666666666667,ganglia,10.085454845981033,0.956758893623,0.043241106377,0.2666864902309174,26.66864902309174,0.1900117787429082,19.00117787429082,0.09567588936230001,9.56758893623,0.017933088728954893,1.7933088728954893,0.017933088728954896,0.02241636091119362,scenario,cyp_cystitis,104.61634792049672
13.75,ganglia,10.085913915661191,0.956772961046,0.043227038954,0.26670775007637415,26.670775007637417,0.19003383774641572,19.003383774641573,0.0956772961046,9.56772961046,0.01794177673553783,1.794177673553783,0.01794177673553783,0.02242722091942229,scenario,cyp_cystitis,104.12194355239019
13.833333333333,ganglia,10.086378683488832,0.956785942246,0.043214057754,0.266728786993779,26.6728786993779,0.19005576974353225,19.005576974353225,0.09567859422460001,9.567859422460002,0.017950482331143876,1.7950482331143875,0.01795048233114388,0.02243810291392985,scenario,cyp_cystitis,103.62753918428363
13.916666666667,ganglia,10.086848601992582,0.956797950975,0.043202049025,0.26674962520744355,26.674962520744355,0.1900775890110484,19.00775890110484,0.0956797950975,9.56797950975,0.01795920458144527,1.795920458144527,0.01795920458144527,0.022449005726806588,scenario,cyp_cystitis,103.13313481617108
14.0,ganglia,10.087323214242305,0.956809099038,0.043190900962,0.2667702896359052,26.677028963590523,0.1900993108134502,19.00993108134502,0.09568090990380002,9.568090990380002,0.017967942708882394,1.7967942708882394,0.017967942708882394,0.022459928386102994,scenario,cyp_cystitis,102.63873044806454
14.083333333333,ganglia,10.08780213996017,0.956819172455,0.043180827545,0.26679071540736454,26.679071540736455,0.19012088684651615,19.012088684651616,0.09568191724550001,9.568191724550001,0.01797669606869666,1.797669606869666,0.01797669606869666,0.022470870085870825,scenario,cyp_cystitis,102.14432607995805
14.166666666667,ganglia,10.088285063622454,0.956827986614,0.043172013386,0.26681084670239785,26.681084670239784,0.1901422756011087,19.014227560110868,0.0956827986614,9.568279866140001,0.017985464128385857,1.7985464128385857,0.017985464128385857,0.022481830160482323,scenario,cyp_cystitis,101.64992171184547
14.25,ganglia,10.08877172429117,0.956835570453,0.043164429547,0.2668306879810076,26.683068798100763,0.19016347881745288,19.01634788174529,0.09568355704530002,9.568355704530001,0.01799424645013598,1.799424645013598,0.017994246450135983,0.022492808062669976,scenario,cyp_cystitis,101.15551734373894
14.333333333333,ganglia,10.089261906944703,0.956841952908,0.043158047092,0.2668502443279549,26.68502443279549,0.19018449893017209,19.01844989301721,0.09568419529080001,9.568419529080002,0.018003042675835218,1.8003042675835217,0.018003042675835215,0.02250380334479402,scenario,cyp_cystitis,100.66111297563238
14.416666666667,ganglia,10.089755435103767,0.956847162917,0.043152837083,0.2668695213538087,26.68695213538087,0.1902053389578985,19.02053389578985,0.0956847162917,9.56847162917,0.01801185251431886,1.801185251431886,0.018011852514318864,0.02251481564289858,scenario,cyp_cystitis,100.16670860751984
14.5,ganglia,10.090252164573831,0.956851229417,0.043148770583,0.26688852510918526,26.688852510918526,0.1902260024083169,19.022600240831693,0.09568512294170001,9.56851229417,0.018020675730539233,1.8020675730539233,0.018020675730539233,0.02252584466317404,scenario,cyp_cystitis,99.67230423941331
14.583333333333,ganglia,10.090751978147365,0.956854181344,0.043145818656,0.2669072620128454,26.69072620128454,0.19024649319827264,19.024649319827265,0.09568541813440001,9.568541813440001,0.018029512136392426,1.8029512136392427,0.018029512136392426,0.022536890170490532,scenario,cyp_cystitis,99.17789987130674
14.666666666667,ganglia,10.091254781128884,0.956856047635,0.043143952365,0.2669257387915113,26.692573879151134,0.1902668155866792,19.02668155866792,0.0956856047635,9.568560476350001,0.018038361582964634,1.8038361582964635,0.018038361582964638,0.022547951978705797,scenario,cyp_cystitis,98.68349550319422
14.75,ganglia,10.09176049756372,0.956856857227,0.043143142773,0.26694396242839447,26.694396242839446,0.1902869741174383,19.02869741174383,0.0956856857227,9.568568572270001,0.01804722395399416,1.8047223953994158,0.018047223953994163,0.022559029942492703,scenario,cyp_cystitis,98.1890911350877
14.833333333333,ganglia,10.092269067067111,0.956856639058,0.043143360942,0.26696194012042984,26.696194012042984,0.19030697357181095,19.030697357181094,0.09568566390580001,9.568566390580001,0.018056099160371906,1.8056099160371906,0.018056099160371902,0.022570123950464878,scenario,cyp_cystitis,97.69468676698108
14.916666666667,ganglia,10.092780442163972,0.956855422063,0.043144577937,0.26697967924104477,26.697967924104475,0.19032681892749415,19.032681892749416,0.0956855422063,9.56855422063,0.018064987135524322,1.8064987135524322,0.018064987135524322,0.0225812339194054,scenario,cyp_cystitis,97.20028239886862
15.0,ganglia,10.093294586062182,0.956853235181,0.043146764819,0.2669971873118803,26.69971873118803,0.19034651532642258,19.034651532642258,0.0956853235181,9.56853235181,0.018073887831546648,1.8073887831546647,0.018073887831546644,0.022592359789433306,scenario,cyp_cystitis,96.70587803076205
15.083333333333,ganglia,10.093811470792911,0.956850112508,0.043149887492,0.26701447341551965,26.701447341551965,0.1903660690719107,19.03660690719107,0.0956850112508,9.568501125080001,0.01808280121597254,1.8082801215972542,0.018082801215972544,0.02260350151996568,scenario,cyp_cystitis,96.21147366265552
15.166666666667,ganglia,10.09433107566089,0.956846124651,0.043153875349,0.26703155692504543,26.703155692504545,0.19038549384438377,19.038549384438376,0.09568461246510002,9.568461246510001,0.018091727269079965,1.8091727269079965,0.018091727269079965,0.022614659086349957,scenario,cyp_cystitis,95.71706929454295
15.25,ganglia,10.094853385955812,0.956841316178,0.043158683822,0.26704845003271155,26.704845003271156,0.1904047982387906,19.04047982387906,0.0956841316178,9.56841316178,0.01810066598164981,1.8100665981649808,0.018100665981649812,0.022625832477062263,scenario,cyp_cystitis,95.22266492643642
15.333333333333,ganglia,10.095378391883312,0.956835724071,0.043164275929,0.26706516288343135,26.706516288343135,0.19042398941814592,19.042398941814593,0.09568357240710001,9.568357240710002,0.01810961735310627,1.810961735310627,0.01810961735310627,0.02263702169138284,scenario,cyp_cystitis,94.72826055832988
15.416666666667,ganglia,10.095906087679934,0.95682938531,0.04317061469,0.2670817056789807,26.708170567898073,0.19044307460886745,19.044307460886746,0.095682938531,9.5682938531,0.01811858138997578,1.8118581389975779,0.01811858138997578,0.022648226737469725,scenario,cyp_cystitis,94.23385619021732
15.5,ganglia,10.096436470882061,0.956822336876,0.043177663124,0.26709808866891527,26.709808866891528,0.19046206109035027,19.046206109035026,0.09568223368760001,9.568223368760002,0.018127558104613303,1.8127558104613302,0.018127558104613303,0.02265944763076663,scenario,cyp_cystitis,93.73945182211077
15.583333333333,ganglia,10.096969541723377,0.95681461575,0.04318538425,0.2671143221421185,26.71143221421185,0.1904809561856872,19.04809561856872,0.09568146157500002,9.568146157500001,0.018136547514152924,1.8136547514152925,0.01813654751415292,0.02267068439269115,scenario,cyp_cystitis,93.24504745400418
15.666666666667,ganglia,10.097505302639272,0.956806258913,0.043193741087,0.26713041642008056,26.713041642008058,0.19049976725420062,19.049976725420063,0.0956806258913,9.56806258913,0.018145549639643436,1.8145549639643437,0.018145549639643436,0.022681937049554294,scenario,cyp_cystitis,92.75064308589172
15.75,ganglia,10.09804375786008,0.956797303345,0.043202696655,0.2671463818511046,26.714638185110463,0.1905185016851162,19.05185016851162,0.0956797303345,9.56797303345,0.018154564505338606,1.8154564505338606,0.018154564505338606,0.022693205631673256,scenario,cyp_cystitis,92.25623871778512
15.833333333333,ganglia,10.098584913078042,0.956787786028,0.043212213972,0.2671622288066326,26.71622288066326,0.19053716689314731,19.053716689314733,0.0956787786028,9.56787786028,0.01816359213811654,1.8163592138116538,0.018163592138116535,0.02270449017264567,scenario,cyp_cystitis,91.7618343496786
15.916666666667,ganglia,10.099128775175092,0.956777743941,0.043222256059,0.2671779676761636,26.71779676761636,0.19055577031340398,19.0555770313404,0.09567777439410001,9.567777439410001,0.018172632567004174,1.8172632567004174,0.018172632567004174,0.022715790708755217,scenario,cyp_cystitis,91.2674299815661
16.0,ganglia,10.099675352000878,0.956767214066,0.043232785934,0.26719360886592514,26.719360886592515,0.19057431939925018,19.057431939925017,0.0956767214066,9.56767214066,0.018181685822789326,1.8181685822789326,0.018181685822789326,0.022727107278486657,scenario,cyp_cystitis,90.77302561345952
16.083333333333,ganglia,10.100224652192189,0.956756233383,0.043243766617,0.2672091627950378,26.720916279503783,0.19059282161859756,19.059282161859755,0.0956756233383,9.56756233383,0.018190751937705807,1.8190751937705807,0.018190751937705807,0.02273843992213226,scenario,cyp_cystitis,90.27862124535298
16.166666666667,ganglia,10.100776685026284,0.956744860731,0.043255139269,0.26722464599944484,26.722464599944484,0.1906112888070498,19.06112888070498,0.0956744860731,9.56744860731,0.01819983094517678,1.819983094517678,0.01819983094517678,0.022749788681470977,scenario,cyp_cystitis,89.7842168772405
16.25,ganglia,10.101331460302049,0.956733157189,0.043266842811,0.26724007565235763,26.724007565235762,0.19062973325939736,19.062973325939737,0.0956733157189,9.56733157189,0.018208922879606758,1.8208922879606757,0.018208922879606758,0.02276115359950845,scenario,cyp_cystitis,89.28981250913388
16.333333333333,ganglia,10.101888988243951,0.95672112426,0.04327887574,0.26725545229519054,26.725545229519053,0.1906481554102117,19.064815541021172,0.095672112426,9.5672112426,0.018218027776214264,1.8218027776214265,0.018218027776214264,0.02277253472026783,scenario,cyp_cystitis,88.79540814102735
16.416666666667,ganglia,10.102449279424503,0.956708761943,0.043291238057,0.267270776053959,26.7270776053959,0.19066655539962113,19.066655539962113,0.09567087619430001,9.567087619430001,0.01822714567089594,1.822714567089594,0.01822714567089594,0.022783932088619924,scenario,cyp_cystitis,88.30100377291481
16.5,ganglia,10.103012344701831,0.956696070238,0.043303929762,0.2672860470587556,26.728604705875558,0.19068493337217288,19.068493337217287,0.09566960702380001,9.566960702380001,0.01823627660011714,1.8236276600117138,0.01823627660011714,0.022795345750146426,scenario,cyp_cystitis,87.80659940480827
16.583333333333,ganglia,10.103578195169568,0.956683049146,0.043316950854,0.2673012654430695,26.73012654430695,0.19070328947607718,19.070328947607717,0.0956683049146,9.566830491460001,0.018245420600824878,1.8245420600824878,0.018245420600824874,0.022806775751031093,scenario,cyp_cystitis,87.3121950367017
16.666666666667,ganglia,10.104146842116634,0.956669698667,0.043330301333,0.26731643134267924,26.731643134267923,0.19072162386219918,19.07216238621992,0.09566696986670001,9.566696986670001,0.01825457771037728,1.825457771037728,0.018254577710377275,0.022818222137971595,scenario,cyp_cystitis,86.81779066858924
16.75,ganglia,10.104718296995058,0.9566560188,0.0433439812,0.2673315448952146,26.73315448952146,0.19073993668357178,19.07399366835718,0.09566560188,9.566560188,0.01826374796648706,1.826374796648706,0.01826374796648706,0.022829684958108824,scenario,cyp_cystitis,86.32338630048265
16.833333333333,ganglia,10.105292571394349,0.956642009546,0.043357990454,0.2673466062406461,26.73466062406461,0.1907582280956068,19.07582280956068,0.0956642009546,9.56642009546,0.018272931407177423,1.8272931407177424,0.018272931407177423,0.02284116425897178,scenario,cyp_cystitis,85.8289819323761
16.916666666667,ganglia,10.105869677021023,0.956627670904,0.043372329096,0.26736161551988796,26.736161551988797,0.19077649825498663,19.077649825498664,0.0956627670904,9.56627670904,0.018282128070746032,1.8282128070746033,0.018282128070746032,0.02285266008843254,scenario,cyp_cystitis,85.33457756426361
17.0,ganglia,10.106449625682341,0.956613002874,0.043386997126,0.26737657287541405,26.737657287541406,0.19079474732001558,19.079474732001557,0.0956613002874,9.56613002874,0.01829133799573647,1.829133799573647,0.01829133799573647,0.022864172494670588,scenario,cyp_cystitis,84.84017319615697
17.083333333333,ganglia,10.10703242927346,0.956598005457,0.043401994543,0.26739147845108324,26.739147845108324,0.19081297545042583,19.081297545042585,0.0956598005457,9.56598005457,0.018300561220916497,1.8300561220916496,0.018300561220916497,0.022875701526145622,scenario,cyp_cystitis,84.34576882805045
17.166666666667,ganglia,10.107618099767222,0.956582678653,0.043417321347,0.267406332391441,26.740633239144103,0.19083118280682332,19.08311828068233,0.0956582678653,9.56582678653,0.018309797785260092,1.8309797785260091,0.018309797785260092,0.022887247231575116,scenario,cyp_cystitis,83.85136445993795
17.25,ganglia,10.108206649206094,0.956567046475,0.043432953525,0.2674211415550434,26.74211415550434,0.19084937434171487,19.084937434171486,0.09565670464750001,9.565670464750001,0.018319047727933264,1.8319047727933264,0.018319047727933267,0.022898809659916586,scenario,cyp_cystitis,83.35696009183135
17.333333333333,ganglia,10.10879808969587,0.956551205496,0.043448794504,0.2674359330897247,26.743593308972468,0.1908675694890274,19.08675694890274,0.09565512054960001,9.565512054960001,0.018328311088283866,1.8328311088283866,0.018328311088283866,0.022910388860354833,scenario,cyp_cystitis,82.86255572372482
17.416666666667,ganglia,10.109392433400695,0.956535165855,0.043464834145,0.2674507099845437,26.745070998454366,0.19088577044338187,19.088577044338187,0.0956535165855,9.56535165855,0.018337587905832814,1.8337587905832815,0.01833758790583281,0.022921984882291014,scenario,cyp_cystitis,82.3681513556123
17.5,ganglia,10.109989692539136,0.956518927553,0.043481072447,0.267465472395229,26.7465472395229,0.1909039773776989,19.09039773776989,0.0956518927553,9.56518927553,0.018346878220267194,1.8346878220267193,0.018346878220267194,0.02293359777533399,scenario,cyp_cystitis,81.87374698750573
17.583333333333,ganglia,10.110589879381203,0.956502490589,0.043497509411,0.2674802204775899,26.74802204775899,0.190922190465211,19.0922190465211,0.09565024905890002,9.565024905890002,0.018356182071435877,1.8356182071435876,0.018356182071435877,0.022945227589294848,scenario,cyp_cystitis,81.37934261939917
17.666666666667,ganglia,10.111193006245964,0.956485854963,0.043514145037,0.2674949543883217,26.74949543883217,0.19094040988002414,19.094040988002416,0.09564858549630001,9.564858549630001,0.018365499499345354,1.8365499499345355,0.018365499499345354,0.02295687437418169,scenario,cyp_cystitis,80.88493825128666
17.75,ganglia,10.11179908549969,0.956469020676,0.043530979324,0.26750967428497985,26.750967428497987,0.19095863579708866,19.095863579708865,0.09564690206760001,9.564690206760002,0.018374830544156454,1.8374830544156455,0.018374830544156454,0.022968538180195567,scenario,cyp_cystitis,80.39053388318014
17.833333333333,ganglia,10.1124081295545,0.956451987728,0.043548012272,0.2675243803254021,26.75243803254021,0.1909768683917801,19.09768683917801,0.0956451987728,9.56451987728,0.01838417524618286,1.8384175246182861,0.01838417524618286,0.022980219057728575,scenario,cyp_cystitis,79.89612951507354
17.916666666667,ganglia,10.113020150867243,0.956434756118,0.043565243882,0.26753907266769295,26.753907266769296,0.19099510783988105,19.099510783988105,0.0956434756118,9.56434756118,0.018393533645889155,1.8393533645889155,0.018393533645889155,0.022991917057361443,scenario,cyp_cystitis,79.40172514696106
18.0,ganglia,10.113635161938667,0.956417325846,0.043582674154,0.26755375147077004,26.755375147077004,0.1910133543179667,19.10133543179667,0.09564173258460001,9.564173258460002,0.018402905783889367,1.8402905783889367,0.018402905783889364,0.023003632229861706,scenario,cyp_cystitis,78.9073207788545
18.083333333333,ganglia,10.114253175312832,0.956399696913,0.043600303087,0.2675684168943569,26.75684168943569,0.19103160800339655,19.103160800339655,0.09563996969130001,9.56399696913,0.018412291700946836,1.8412291700946837,0.018412291700946836,0.023015364626183546,scenario,cyp_cystitis,78.41291641074787
18.166666666667,ganglia,10.114874203576628,0.956381869318,0.043618130682,0.26758306909813623,26.758306909813623,0.19104986907370694,19.104986907370694,0.0956381869318,9.56381869318,0.0184216914379734,1.8421691437973402,0.0184216914379734,0.02302711429746675,scenario,cyp_cystitis,77.91851204263544
18.25,ganglia,10.115498259359406,0.956363843062,0.043636156938,0.2675977082428628,26.759770824286278,0.19106813770740305,19.106813770740306,0.0956363843062,9.56363843062,0.018431105036028735,1.8431105036028734,0.01843110503602874,0.023038881295035923,scenario,cyp_cystitis,77.42410767452886
18.333333333333,ganglia,10.116125355332771,0.956345625079,0.043654374921,0.2676123364298493,26.761233642984926,0.19108641546883248,19.10864154688325,0.0956345625079,9.56345625079,0.01844053253632092,1.8440532536320922,0.018440532536320917,0.023050665670401146,scenario,cyp_cystitis,76.9297033064223
18.416666666667,ganglia,10.116755504210401,0.956327277593,0.043672722407,0.2676269712343244,26.76269712343244,0.1911047149722493,19.11047149722493,0.0956327277593,9.56327277593,0.018449973980206126,1.8449973980206127,0.01844997398020613,0.023062467475257663,scenario,cyp_cystitis,76.43529893830983
18.5,ganglia,10.11738871874788,0.95630881539,0.04369118461,0.2676416169607321,26.76416169607321,0.1911230393574801,19.11230393574801,0.09563088153900001,9.5630881539,0.018459429409188387,1.8459429409188388,0.01845942940918839,0.02307428676148549,scenario,cyp_cystitis,75.94089457020321
18.583333333333,ganglia,10.118025011742697,0.95629023847,0.04370976153,0.2676562737768103,26.765627377681028,0.19114138881090031,19.11413888109003,0.095629023847,9.562902384700001,0.01846889886492044,1.8468898864920438,0.01846889886492044,0.023086123581150548,scenario,cyp_cystitis,75.44649020209665
18.666666666667,ganglia,10.118664396034161,0.956271546834,0.043728453166,0.2676709418511014,26.76709418511014,0.19115976351966826,19.115976351966825,0.0956271546834,9.562715468339999,0.01847838238920367,1.8478382389203671,0.018478382389203667,0.023097977986504585,scenario,cyp_cystitis,74.95208583398416
18.75,ganglia,10.119306884503377,0.95625274048,0.04374725952,0.267685621351832,26.7685621351832,0.19117816367092444,19.117816367092445,0.095625274048,9.5625274048,0.01848788002398806,1.848788002398806,0.01848788002398806,0.023109850029985075,scenario,cyp_cystitis,74.4576814658776
18.833333333333,ganglia,10.119952490073292,0.95623381941,0.04376618059,0.26770031244887266,26.770031244887267,0.19119658945319182,19.11965894531918,0.09562338194100001,9.5623381941,0.01849739181137321,1.849739181137321,0.018497391811373214,0.02312173976421652,scenario,cyp_cystitis,73.96327709777103
18.916666666667,ganglia,10.120601225708691,0.956214783623,0.043785216377,0.267715015311778,26.771501531177798,0.1912150410549755,19.12150410549755,0.0956214783623,9.56214783623,0.018506917793608354,1.8506917793608353,0.01850691779360835,0.02313364724201044,scenario,cyp_cystitis,73.46887272965857
19.0,ganglia,10.121253104416212,0.956195633119,0.043804366881,0.26772973011090545,26.772973011090546,0.1912335186655616,19.12335186655616,0.09561956331190001,9.56195633119,0.018516458013092395,1.8516458013092394,0.018516458013092395,0.023145572516365495,scenario,cyp_cystitis,72.97446836155197
19.083333333333,ganglia,10.121908139244427,0.956176367899,0.043823632101,0.26774445701741734,26.774445701741733,0.19125202247501924,19.125202247501925,0.0956176367899,9.56176367899,0.018526012512375036,1.8526012512375036,0.018526012512375036,0.023157515640468796,scenario,cyp_cystitis,72.48006399344537
19.166666666667,ganglia,10.122566343283866,0.956156987961,0.043843012039,0.2677591962021598,26.775919620215983,0.19127055267339976,19.127055267339976,0.0956156987961,9.561569879610001,0.018535581334156774,1.8535581334156774,0.018535581334156774,0.02316947666769597,scenario,cyp_cystitis,71.98565962533291
19.25,ganglia,10.12322772966705,0.956137493307,0.043862506693,0.26777394783762265,26.777394783762265,0.19128910945213626,19.128910945213626,0.0956137493307,9.56137493307,0.018545164521289063,1.8545164521289064,0.01854516452128906,0.023181455651611324,scenario,cyp_cystitis,71.49125525722634
19.333333333333,ganglia,10.123892311568593,0.956117883936,0.043882116064,0.26778871209598104,26.778871209598105,0.1913076930026456,19.13076930026456,0.0956117883936,9.56117883936,0.018554762116775383,1.8554762116775383,0.018554762116775383,0.02319345264596923,scenario,cyp_cystitis,70.99685088911976
19.416666666667,ganglia,10.124560102205232,0.956098160637,0.043901839363,0.2678034893712145,26.780348937121452,0.1913263036750161,19.13263036750161,0.0956098160637,9.56098160637,0.018564374163771345,1.8564374163771344,0.018564374163771345,0.023205467704714183,scenario,cyp_cystitis,70.50244652100726
19.5,ganglia,10.12523111483587,0.956078347924,0.043921652076,0.26781828670378127,26.781828670378125,0.19134494656820142,19.13449465682014,0.09560783479240001,9.560783479240001,0.018574000705584806,1.8574000705584806,0.018574000705584806,0.023217500881981008,scenario,cyp_cystitis,70.00804215290069
19.583333333333,ganglia,10.125905362761683,0.956058457408,0.043941542592,0.2678331075220728,26.783310752207278,0.1913636242014142,19.13636242014142,0.0956058457408,9.56058457408,0.018583641785676997,1.8583641785676996,0.018583641785676997,0.023229552232096246,scenario,cyp_cystitis,69.51363778479411
19.666666666667,ganglia,10.126582859326158,0.95603848909,0.04396151091,0.2678479520032978,26.784795200329782,0.191382336771442,19.1382336771442,0.095603848909,9.5603848909,0.018593297447662593,1.8593297447662593,0.018593297447662596,0.023241621809578245,scenario,cyp_cystitis,69.01923341668163
19.75,ganglia,10.127263617915132,0.956018442971,0.043981557029,0.26786282032520203,26.786282032520205,0.19140108447566892,19.14010844756689,0.0956018442971,9.56018442971,0.018602967735309887,1.8602967735309888,0.018602967735309887,0.02325370966913736,scenario,cyp_cystitis,68.52482904857507
19.833333333333,ganglia,10.12794765195691,0.955998319049,0.044001680951,0.2678777126652292,26.78777126652292,0.19141986751147688,19.141986751147687,0.09559983190490001,9.559983190490001,0.018612652692541892,1.8612652692541891,0.018612652692541892,0.023265815865677365,scenario,cyp_cystitis,68.03042468046853
19.916666666667,ganglia,10.128634974922297,0.955978117324,0.044021882676,0.2678926292019216,26.789262920192158,0.19143868607724618,19.143868607724617,0.0955978117324,9.559781173240001,0.01862235236343644,1.8622352363436439,0.018622352363436442,0.023277940454295553,scenario,cyp_cystitis,67.53602031235603
20.0,ganglia,10.129325600324645,0.955957837798,0.044042162202,0.26790757011492006,26.790757011492005,0.1914575403723556,19.14575403723556,0.0955957837798,9.559578377980001,0.018632066792226336,1.8632066792226336,0.018632066792226336,0.02329008349028292,scenario,cyp_cystitis,67.04161594424941
20.083333333333,ganglia,10.130019541719962,0.955937480469,0.044062519531,0.26792253558328466,26.792253558328465,0.19147643059598293,19.147643059598295,0.0955937480469,9.55937480469,0.01864179602330047,1.8641796023300472,0.018641796023300468,0.023302245029125583,scenario,cyp_cystitis,66.54721157614286
20.166666666667,ganglia,10.130716812706952,0.955917045339,0.044082954661,0.2679375257877361,26.79375257877361,0.1914953569487068,19.149535694870682,0.09559170453390001,9.559170453390001,0.018651540101203942,1.8651540101203943,0.01865154010120394,0.023314425126504924,scenario,cyp_cystitis,66.05280720803037
20.25,ganglia,10.13141742692706,0.955896532406,0.044103467594,0.2679525409084137,26.795254090841368,0.19151431963090407,19.151431963090406,0.09558965324060001,9.55896532406,0.0186612990706382,1.86612990706382,0.0186612990706382,0.02332662383829775,scenario,cyp_cystitis,65.5584028399238
20.333333333333,ganglia,10.132121398064578,0.95587594167,0.04412405833,0.26796758112655844,26.796758112655844,0.1915333188439538,19.15333188439538,0.09558759416700001,9.558759416700001,0.018671072976462158,1.8671072976462157,0.018671072976462158,0.023338841220577698,scenario,cyp_cystitis,65.06399847181724
20.416666666667,ganglia,10.132828739846687,0.955855273133,0.044144726867,0.2679826466245133,26.79826466245133,0.19155235479023702,19.155235479023702,0.0955855273133,9.55855273133,0.018680861863692326,1.8680861863692326,0.01868086186369233,0.023351077329615413,scenario,cyp_cystitis,64.56959410370477
20.5,ganglia,10.133539466043498,0.955834526797,0.044165473203,0.26799773758516243,26.799773758516242,0.19157142767273605,19.157142767273605,0.0955834526797,9.558345267970001,0.018690665777502932,1.8690665777502933,0.018690665777502932,0.023363332221878665,scenario,cyp_cystitis,64.07518973559817
20.583333333333,ganglia,10.134253590468164,0.955813711643,0.044186288357,0.26801285670966973,26.801285670966973,0.19159053949485524,19.159053949485525,0.0955813711643,9.55813711643,0.018700484763227082,1.870048476322708,0.01870048476322708,0.02337560595403385,scenario,cyp_cystitis,63.58078536749162
20.666666666667,ganglia,10.134971126976916,0.955792836012,0.044207163988,0.26802800652105907,26.80280065210591,0.19160969213317675,19.160969213317674,0.09557928360120001,9.55792836012,0.018710318866356858,1.8710318866356859,0.018710318866356854,0.023387898582946067,scenario,cyp_cystitis,63.08638099937915
20.75,ganglia,10.135692089469103,0.955771899904,0.044228100096,0.26804318720442744,26.804318720442744,0.1916288857933638,19.16288857933638,0.0955771899904,9.55771899904,0.018720168132543447,1.8720168132543447,0.01872016813254345,0.023400210165679315,scenario,cyp_cystitis,62.59197663127257
20.833333333333,ganglia,10.136416491887303,0.955750903318,0.044249096682,0.26805839894514055,26.805839894514055,0.19164812068148948,19.164812068148947,0.0955750903318,9.55750903318,0.01873003260759832,1.873003260759832,0.01873003260759832,0.023412540759497898,scenario,cyp_cystitis,62.09757226316597
20.916666666667,ganglia,10.137144348217362,0.955729846254,0.044270153746,0.26807364192939376,26.807364192939374,0.19166739700443752,19.166739700443753,0.09557298462540001,9.55729846254,0.018739912337493322,1.8739912337493323,0.01873991233749332,0.02342489042186665,scenario,cyp_cystitis,61.6031678950535
21.0,ganglia,10.137875672488427,0.955708728713,0.044291271287,0.26808891634421195,26.808891634421194,0.1916867149699021,19.16867149699021,0.0955708728713,9.55708728713,0.018749807368360787,1.8749807368360787,0.018749807368360783,0.023437259210450978,scenario,cyp_cystitis,61.10876352694691
21.083333333333,ganglia,10.138610478773067,0.955687550695,0.044312449305,0.2681042223768899,26.81042223768899,0.19170607478598875,19.170607478598875,0.09556875506950001,9.55687550695,0.018759717746494757,1.8759717746494757,0.01875971774649476,0.02344964718311845,scenario,cyp_cystitis,60.614359158840344
21.166666666667,ganglia,10.1393487811873,0.955666312199,0.044333687801,0.2681195602149928,26.811956021499277,0.1917254766612142,19.17254766612142,0.0955666312199,9.55666312199,0.01876964351835103,1.8769643518351031,0.01876964351835103,0.02346205439793879,scenario,cyp_cystitis,60.11995479072788
21.25,ganglia,10.140090593890625,0.955645013225,0.044354986775,0.268134930046916,26.8134930046916,0.1917449208049067,19.174492080490673,0.0955645013225,9.55645013225,0.018779584730547322,1.8779584730547323,0.018779584730547322,0.023474480913184152,scenario,cyp_cystitis,59.625550422621316
21.333333333333,ganglia,10.140835931086148,0.955623653774,0.044376346226,0.268150332061888,26.815033206188797,0.19176440742720882,19.17644074272088,0.09556236537740001,9.55623653774,0.01878954142986442,1.8789541429864423,0.01878954142986442,0.023486926787330525,scenario,cyp_cystitis,59.13114605451471
21.416666666667,ganglia,10.141584807020607,0.955602233846,0.044397766154,0.2681657664494078,26.81657664494078,0.19178393673867536,19.178393673867536,0.0955602233846,9.55602233846,0.01879951366324634,1.879951366324634,0.01879951366324634,0.023499392079057924,scenario,cyp_cystitis,58.63674168640226
21.5,ganglia,10.142337235984405,0.955580753439,0.044419246561,0.26818123339896516,26.818123339896516,0.19180350895007237,19.180350895007237,0.0955580753439,9.55580753439,0.018809501477800365,1.8809501477800366,0.01880950147780036,0.02351187684725045,scenario,cyp_cystitis,58.14233731829566
21.583333333333,ganglia,10.143093232311724,0.955559212556,0.044440787444,0.26819673310200576,26.819673310200574,0.19182312427378417,19.182312427378417,0.0955559212556,9.55559212556,0.0188195049207983,1.88195049207983,0.018819504920798296,0.02352438115099787,scenario,cyp_cystitis,57.64793295018907
21.666666666667,ganglia,10.143852810380562,0.955537614769,0.044462385231,0.2682122667523203,26.82122667523203,0.19184278363935586,19.184278363935586,0.0955537614769,9.555376147690001,0.018829524039676568,1.8829524039676568,0.018829524039676568,0.02353690504959571,scenario,cyp_cystitis,57.15352858207662
21.75,ganglia,10.144615984612756,0.955515966711,0.044484033289,0.2682278364038448,26.82278364038448,0.1918624885919386,19.18624885919386,0.09555159667110001,9.55515966711,0.018839558882036297,1.8839558882036298,0.018839558882036297,0.023549448602545372,scenario,cyp_cystitis,56.65912421397005
21.833333333333,ganglia,10.145382769474107,0.95549426853,0.04450573147,0.268243442291088,26.8243442291088,0.1918822393756533,19.18822393756533,0.095549426853,9.5549426853,0.018849609495644553,1.8849609495644553,0.018849609495644556,0.023562011869555696,scenario,cyp_cystitis,56.164719845863445
21.916666666667,ganglia,10.146153179474396,0.955472520227,0.044527479773,0.26825908460785775,26.825908460785776,0.1919020362057308,19.19020362057308,0.09554725202270001,9.554725202270001,0.01885967592843442,1.8859675928434418,0.01885967592843442,0.023574594910543024,scenario,cyp_cystitis,55.670315477750975
22.0,ganglia,10.14692722916743,0.955450721801,0.044549278199,0.2682747635479573,26.82747635479573,0.1919218792976192,19.19218792976192,0.0955450721801,9.55450721801,0.018869758228505132,1.8869758228505131,0.01886975822850513,0.02358719778563141,scenario,cyp_cystitis,55.1759111096444
22.083333333333,ganglia,10.14770493315114,0.955428873253,0.044571126747,0.26829047930631034,26.829047930631035,0.19194176886778927,19.194176886778926,0.0955428873253,9.55428873253,0.018879856444123256,1.8879856444123255,0.018879856444123256,0.02359982055515407,scenario,cyp_cystitis,54.68150674153784
22.166666666667,ganglia,10.14848630606762,0.955406974582,0.044593025418,0.2683062320778374,26.830623207783738,0.19196170513293043,19.196170513293044,0.0955406974582,9.55406974582,0.018889970623722833,1.8889970623722834,0.018889970623722836,0.023612463279653544,scenario,cyp_cystitis,54.18710237342534
22.25,ganglia,10.149271362603155,0.955385025788,0.044614974212,0.2683220220582978,26.83220220582978,0.1919816883105531,19.19816883105531,0.0955385025788,9.55385025788,0.018900100815905457,1.8900100815905456,0.018900100815905457,0.02362512601988182,scenario,cyp_cystitis,53.69269800531878
22.333333333333,ganglia,10.15006011748833,0.955363026872,0.044636973128,0.26833784944429173,26.833784944429173,0.19200171861899082,19.200171861899083,0.09553630268720001,9.553630268720001,0.018910247069441503,1.8910247069441504,0.018910247069441503,0.023637808836801878,scenario,cyp_cystitis,53.1982936372122
22.416666666667,ganglia,10.15085258549806,0.955340977833,0.044659022167,0.2683537144324172,26.83537144324172,0.19202179627679686,19.202179627679687,0.0955340977833,9.55340977833,0.01892040943327023,1.892040943327023,0.018920409433270228,0.023650511791587784,scenario,cyp_cystitis,52.703889269099726
22.5,ganglia,10.151648781451614,0.955318878672,0.044681121328,0.2683696172203928,26.83696172203928,0.19204192150354757,19.204192150354757,0.09553188786720002,9.553188786720002,0.018930587956499895,1.8930587956499896,0.018930587956499895,0.02366323494562487,scenario,cyp_cystitis,52.209484900993154
22.583333333333,ganglia,10.152448720212734,0.955296729389,0.044703270611,0.26838555800621744,26.838555800621744,0.19206209451924156,19.206209451924156,0.09552967293890001,9.552967293890001,0.01894078268840896,1.8940782688408961,0.01894078268840896,0.0236759783605112,scenario,cyp_cystitis,51.71508053288657
22.666666666667,ganglia,10.153252416689655,0.955274529982,0.044725470018,0.2684015369878884,26.84015369878884,0.1920823155440982,19.208231554409817,0.09552745299820001,9.552745299820002,0.018950993678446226,1.8950993678446226,0.018950993678446226,0.023688742098057783,scenario,cyp_cystitis,51.22067616477408
22.75,ganglia,10.154059885835133,0.955252281695,0.044747718305,0.26841755471407797,26.841755471407797,0.19210258504953104,19.210258504953103,0.0955252281695,9.55252281695,0.018961220976230903,1.8961220976230901,0.018961220976230903,0.023701526220288628,scenario,cyp_cystitis,50.72627179666751
22.833333333333,ganglia,10.154871142646558,0.955229988914,0.044770011086,0.2684336126170844,26.84336126170844,0.19212290413964933,19.212290413964933,0.09552299889140001,9.55229988914,0.018971464631553858,1.8971464631553858,0.018971464631553858,0.023714330789442323,scenario,cyp_cystitis,50.231867428560925
22.916666666667,ganglia,10.155686202165976,0.955207652021,0.044792347979,0.26844971100490256,26.844971100490255,0.19214327311422502,19.2143273114225,0.09552076520210001,9.55207652021,0.018981724694377727,1.8981724694377728,0.018981724694377727,0.02372715586797216,scenario,cyp_cystitis,49.73746306044847
23.0,ganglia,10.156505079480116,0.955185271017,0.044814728983,0.2684658500790411,26.84658500790411,0.1921636921970457,19.21636921970457,0.0955185271017,9.55185271017,0.018992001214837018,1.8992001214837018,0.01899200121483702,0.023740001518546276,scenario,cyp_cystitis,49.243058692341876
23.083333333333,ganglia,10.157327789720501,0.955162845902,0.044837154098,0.2684820300412928,26.848203004129278,0.19218416161232535,19.218416161232536,0.0955162845902,9.551628459020002,0.01900229424323932,1.900229424323932,0.019002294243239324,0.023752867804049154,scenario,cyp_cystitis,48.7486543242353
23.166666666667,ganglia,10.158154348063466,0.955140376676,0.044859623324,0.26849825109401443,26.849825109401444,0.1922046815849049,19.22046815849049,0.09551403766760001,9.551403766760002,0.01901260383006544,1.901260383006544,0.01901260383006544,0.0237657547875818,scenario,cyp_cystitis,48.25424995612283
23.25,ganglia,10.158984769730191,0.955117863338,0.044882136662,0.26851451343984534,26.851451343984532,0.19222525234005036,19.222525234005037,0.0955117863338,9.551178633380001,0.019022930025969508,1.9022930025969509,0.019022930025969505,0.02377866253246188,scenario,cyp_cystitis,47.75984558801624
23.333333333333,ganglia,10.159819069986801,0.955095305889,0.044904694111,0.2685308172825527,26.85308172825527,0.19224587410405852,19.224587410405853,0.09550953058890001,9.55095305889,0.019033272881780174,1.9033272881780174,0.019033272881780177,0.023791591102225222,scenario,cyp_cystitis,47.26544121990968
23.416666666667,ganglia,10.160657264144398,0.955072704329,0.044927295671,0.26854716282618757,26.854716282618757,0.19226654710365282,19.22665471036528,0.09550727043290001,9.550727043290001,0.01904363244850077,1.904363244850077,0.019043632448500773,0.023804540560625965,scenario,cyp_cystitis,46.771036851797206
23.5,ganglia,10.161499367559069,0.955050058658,0.044949941342,0.2685635502753654,26.856355027536537,0.19228727156618375,19.228727156618376,0.0955050058658,9.55050058658,0.019054008777309388,1.9054008777309388,0.019054008777309388,0.023817510971636736,scenario,cyp_cystitis,46.276632483690626
23.583333333333,ganglia,10.162345395632011,0.955027368876,0.044972631124,0.26857997983526805,26.857997983526804,0.19230804771963114,19.230804771963115,0.09550273688760001,9.55027368876,0.019064401919560107,1.9064401919560108,0.019064401919560103,0.02383050239945013,scenario,cyp_cystitis,45.782228115584054
23.666666666667,ganglia,10.16319536380954,0.955004634982,0.044995365018,0.26859645171136165,26.859645171136165,0.19232887579240182,19.23288757924018,0.0955004634982,9.55004634982,0.019074811926783116,1.9074811926783115,0.019074811926783116,0.023843514908478896,scenario,cyp_cystitis,45.28782374747157
23.75,ganglia,10.164049287583119,0.954981856978,0.045018143022,0.2686129661105213,26.861296611052133,0.1923497560141348,19.234975601413478,0.0954981856978,9.54981856978,0.01908523885068485,1.908523885068485,0.019085238850684846,0.023856548563356058,scenario,cyp_cystitis,44.793419379364984
23.833333333333,ganglia,10.164907182489456,0.954959035438,0.045040964562,0.2686295234010925,26.862952340109246,0.19237068873032498,19.2370688730325,0.0954959035438,9.54959035438,0.01909568274314917,1.909568274314917,0.019095682743149166,0.02386960342893646,scenario,cyp_cystitis,44.29901501125841
23.916666666667,ganglia,10.165769064110538,0.954936174319,0.045063825681,0.2686461249037602,26.86461249037602,0.19239167496873355,19.239167496873357,0.0954936174319,9.549361743190001,0.019106143656237518,1.9106143656237518,0.019106143656237518,0.023882679570296897,scenario,cyp_cystitis,43.80461064314594
24.0,ganglia,10.166634948073634,0.954913274369,0.045086725631,0.26866277103731295,26.866277103731296,0.19241271511156993,19.24127151115699,0.0954913274369,9.54913274369,0.019116621642189018,1.9116621642189018,0.01911662164218902,0.023895777052736277,scenario,cyp_cystitis,43.31020627503937
0.0,brain,2.3516004500665,0.990096927836,0.009903072164,0.2887560624540819,28.875606245408193,0.05497577399344257,5.497577399344257,0.247524231959,24.7524231959,0.003125663724795627,0.3125663724795627,0.003125663724795627,0.002500530979836502,scenario,cyp_cystitis,0.001
0.083333333333,brain,2.357656627499595,0.990099965394,0.009900034606,0.28881973145084955,28.881973145084956,0.055059653469799394,5.50596534697994,0.2475249913485,24.75249913485,0.003115770566165964,0.3115770566165964,0.003115770566165964,0.002492616452932771,scenario,cyp_cystitis,5.769695580901224
0.166666666667,brain,2.363891729580689,0.990103002953,0.009896997047,0.2888862253779027,28.88862253779027,0.05514729951953692,5.514729951953692,0.24752575073825,24.752575073825,0.0031062244358578983,0.31062244358578983,0.0031062244358578983,0.0024849795486863186,scenario,cyp_cystitis,11.538391161871669
0.25,brain,2.3703080005505575,0.990106040512,0.009893959488,0.28895557155531293,28.895557155531293,0.05523874856975054,5.523874856975055,0.247526510128,24.7526510128,0.003097022370062245,0.30970223700622446,0.0030970223700622444,0.0024776178960497957,scenario,cyp_cystitis,17.307086742772892
0.333333333333,brain,2.3769075378267432,0.99010907807,0.00989092193,0.2890277946812341,28.902779468123406,0.055334033551645394,5.533403355164539,0.2475272695175,24.752726951750002,0.0030881612811615514,0.3088161281161551,0.003088161281161552,0.002470529024929242,scenario,cyp_cystitis,23.07578232367411
0.416666666667,brain,2.3836922822083872,0.990112115629,0.009887884371,0.2891029166839965,28.91029166839965,0.055433183702328644,5.543318370232864,0.24752802890725,24.752802890725,0.0030796379485693672,0.3079637948569367,0.0030796379485693672,0.002463710358855494,scenario,cyp_cystitis,28.844477904644556
0.5,brain,2.3906640080243307,0.990115635243,0.009884364757,0.28918109736483333,28.918109736483334,0.055536251405444416,5.553625140544441,0.24752890881075,24.752890881075,0.003071449009803801,0.3071449009803801,0.003071449009803801,0.002457159207843041,scenario,cyp_cystitis,34.61317348554577
0.583333333333,brain,2.3978243132491177,0.99012079109,0.00987920891,0.28926268997464616,28.926268997464614,0.055643322936194894,5.56433229361949,0.2475301977725,24.75301977725,0.0030635909518159543,0.30635909518159543,0.0030635909518159543,0.0024508727614527635,scenario,cyp_cystitis,40.38186906644701
0.666666666667,brain,2.4051746096103477,0.990125946937,0.009874053063,0.2893472294978033,28.93472294978033,0.05575432368473775,5.575432368473774,0.24753148673425,24.753148673425,0.003056060102596893,0.3056060102596893,0.003056060102596893,0.0024448480820775144,scenario,cyp_cystitis,46.150564647417454
0.75,brain,2.4127161127140027,0.990131102784,0.009868897216,0.2894347253252319,28.94347253252319,0.05586926617230919,5.586926617230919,0.247532775696,24.753277569599998,0.0030488526230842902,0.30488526230842905,0.0030488526230842902,0.0024390820984674325,scenario,cyp_cystitis,51.91926022831868
0.833333333333,brain,2.4204498322155157,0.990136258631,0.009863741369,0.2895251833482613,28.952518334826127,0.05598815825401502,5.598815825401502,0.24753406465775,24.753406465775,0.00304196449939043,0.304196449939043,0.00304196449939043,0.002433571599512344,scenario,cyp_cystitis,57.68795580921988
0.916666666667,brain,2.4283765620628395,0.990141414478,0.009858585522,0.2896186058189226,28.961860581892264,0.05611100293256355,5.611100293256355,0.2475353536195,24.75353536195,0.0030353915353757894,0.30353915353757893,0.0030353915353757894,0.0024283132283006315,scenario,cyp_cystitis,63.45665139019035
1.0,brain,2.4364968708409505,0.990146474478,0.009853525522,0.2897149631687375,28.97149631687375,0.056237792732316695,5.623779273231669,0.2475366186195,24.75366186195,0.003029129345589951,0.3029129345589951,0.0030291293455899505,0.0024233034764719608,scenario,cyp_cystitis,69.22534697109157
1.083333333333,brain,2.4448110922481963,0.99015074645,0.00984925355,0.2898605202425119,28.98605202425119,0.0564304448400159,5.64304448400159,0.2475376866125,24.75376866125,0.0030431364064153416,0.30431364064153416,0.003043136406415341,0.002434509125132273,scenario,cyp_cystitis,67.92066828081764
1.166666666667,brain,2.453319315732974,0.990154093032,0.009845906968,0.2900089765011712,29.000897650117118,0.05662727099089496,5.662727099089496,0.247538523258,24.7538523258,0.00305741837243916,0.305741837243916,0.00305741837243916,0.002445934697951328,scenario,cyp_cystitis,66.61598959052802
1.25,brain,2.462021377322392,0.990156514223,0.009843485777,0.2901603269285187,29.016032692851866,0.0568282644970249,5.68282644970249,0.24753912855575,24.753912855575,0.003071976027486811,0.30719760274868113,0.003071976027486811,0.002457580821989449,scenario,cyp_cystitis,65.31131090025409
1.333333333333,brain,2.4709168506752754,0.990158010023,0.009841989977,0.2903145621269533,29.03145621269533,0.05703341282827101,5.703341282827101,0.24753950250575,24.753950250575,0.0030868098320403826,0.30868098320403825,0.003086809832040383,0.0024694478656323068,scenario,cyp_cystitis,64.0066322099801
1.416666666667,brain,2.480005038389541,0.990158580432,0.009841419568,0.2904716681807553,29.04716681807553,0.05724269743034043,5.724269743034043,0.247539645108,24.7539645108,0.0031019199104629024,0.31019199104629025,0.0031019199104629024,0.002481535928370322,scenario,cyp_cystitis,62.701953519690534
1.5,brain,2.4892849635970196,0.990158225451,0.009841774549,0.2906316265254939,29.06316265254939,0.05745609355032519,5.745609355032519,0.24753955636275,24.753955636275,0.003117306038491939,0.31173060384919393,0.0031173060384919395,0.002493844830793552,scenario,cyp_cystitis,61.397274829416595
1.583333333333,brain,2.498755361879247,0.990156945079,0.009843054921,0.29079441382235843,29.079441382235842,0.05767357007014456,5.767357007014455,0.24753923626975,24.753923626975,0.003132967631047237,0.3132967631047237,0.003132967631047237,0.00250637410483779,scenario,cyp_cystitis,60.09259613914259
1.666666666667,brain,2.508414673534907,0.990154739316,0.009845260684,0.29096000184085696,29.096000184085696,0.057895089349142635,5.789508934914264,0.247538684829,24.7538684829,0.003148903730392678,0.3148903730392678,0.0031489037303926784,0.0025191229843141427,scenario,cyp_cystitis,58.78791744885303
1.75,brain,2.5182610362325386,0.99015159634,0.00984840366,0.29112835387154906,29.112835387154906,0.0581206063820654,5.81206063820654,0.247537899085,24.7537899085,0.0031651129946981727,0.31651129946981726,0.0031651129946981727,0.002532090395758538,scenario,cyp_cystitis,57.483238758579084
1.833333333333,brain,2.528292278082242,0.990147482094,0.009852517906,0.2912994215489647,29.129942154896472,0.05835006803395295,5.835006803395295,0.2475368705235,24.753687052350003,0.0031815936870476336,0.31815936870476336,0.003181593687047633,0.0025452749496381066,scenario,cyp_cystitis,56.1785600683051
1.916666666667,brain,2.538505911156729,0.99014239444,0.00985760556,0.2914731606780417,29.14731606780417,0.058583416090722255,5.858341609072226,0.24753559861,24.753559861,0.0031983436649341214,0.3198343664934121,0.003198343664934121,0.002558674931947297,scenario,cyp_cystitis,54.87388137801554
2.0,brain,2.548899125494862,0.990136333378,0.009863666622,0.2916495224033103,29.164952240331033,0.058820585411747124,5.882058541174713,0.2475340833445,24.75340833445,0.0032153603702883993,0.3215360370288399,0.0032153603702883998,0.00257228829623072,scenario,cyp_cystitis,53.56920268774157
2.083333333333,brain,2.559468783620552,0.990129298908,0.009870701092,0.29182675588448437,29.182675588448436,0.05905924154331251,5.9059241543312515,0.247532324727,24.753232472700002,0.0032318860952598835,0.3231886095259884,0.003231886095259884,0.0025855088762079073,scenario,cyp_cystitis,52.51105055518928
2.166666666667,brain,2.5702114156059612,0.990121291031,0.009878708969,0.29200648432702714,29.200648432702714,0.05930154875903618,5.930154875903618,0.24753032275775,24.753032275775,0.0032486624556936506,0.32486624556936505,0.00324866245569365,0.00259892996455492,scenario,cyp_cystitis,51.4528984226243
2.25,brain,2.5811232147105727,0.990112309746,0.009887690254,0.292188642300723,29.2188642300723,0.059547419818964026,5.954741981896403,0.2475280774365,24.75280774365,0.003265685384710524,0.3265685384710524,0.0032656853847105242,0.0026125483077684194,scenario,cyp_cystitis,50.394746290072014
2.333333333333,brain,2.592200033626985,0.990102355054,0.009897644946,0.2923731588493899,29.23731588493899,0.05979676011451988,5.979676011451987,0.2475255887635,24.75255887635,0.0032829503694104547,0.32829503694104545,0.0032829503694104542,0.0026263602955283634,scenario,cyp_cystitis,49.33659415751971
2.416666666667,brain,2.6034373813598677,0.990091426954,0.009908573046,0.2925599574550579,29.255995745505793,0.06004946762207724,6.004946762207724,0.2475228567385,24.75228567385,0.003300452444775124,0.3300452444775124,0.003300452444775124,0.002640361955820099,scenario,cyp_cystitis,48.278442024954735
2.5,brain,2.614830420766855,0.990079557795,0.009920442205,0.2927489655806661,29.274896558066608,0.06030543484255476,6.030543484255476,0.24751988944875,24.751988944875,0.0033181861883743004,0.33181861883743,0.0033181861883743004,0.0026545489506994407,scenario,cyp_cystitis,47.220289892402434
2.583333333333,brain,2.6263739667890977,0.990066787079,0.009933212921,0.2929401072352392,29.29401072352392,0.060564547287319005,6.0564547287319,0.24751669676975,24.751669676975,0.0033361457159167807,0.33361457159167807,0.0033361457159167807,0.002668916572733425,scenario,cyp_cystitis,46.16213775985014
2.666666666667,brain,2.638062485394194,0.990053114901,0.009946885099,0.29313328919706877,29.313328919706876,0.0608266806290917,6.08266806290917,0.24751327872525,24.751327872525,0.0033543246776795922,0.3354324677679592,0.003354324677679592,0.002683459742143674,scenario,cyp_cystitis,45.103985627285155
2.75,brain,2.649890093256345,0.990038541263,0.009961458737,0.2933284126359575,29.33284126359575,0.061091703093609985,6.109170309360999,0.24750963531575,24.750963531575,0.003372716255853172,0.3372716255853172,0.003372716255853172,0.0026981730046825377,scenario,cyp_cystitis,44.04583349473286
2.833333333333,brain,2.6618505581971483,0.990023066164,0.009976933836,0.2935253731656049,29.35253731656049,0.06135947549947317,6.135947549947317,0.247505766541,24.7505766541,0.003391313162838688,0.3391313162838688,0.0033913131628386882,0.0027130505302709507,scenario,cyp_cystitis,42.98768136218059
2.916666666667,brain,2.6739373004048828,0.990006689605,0.009993310395,0.2937240608837993,29.372406088379932,0.061629851310065716,6.162985131006572,0.24750167240125,24.750167240125002,0.003410107640525754,0.3410107640525754,0.0034101076405257534,0.002728086112420603,scenario,cyp_cystitis,41.92952922961558
3.0,brain,2.686143394452087,0.989989411584,0.010010588416,0.29392436042278847,29.392436042278845,0.061902676702384626,6.1902676702384625,0.247497352896,24.7497352896,0.0034290914605825716,0.3429091460582572,0.003429091460582572,0.002743273168466058,scenario,cyp_cystitis,40.8713770970633
3.083333333333,brain,2.6984615721293905,0.989971232102,0.010028767898,0.29412615101624,29.412615101624002,0.06217779065431999,6.217779065431999,0.2474928080255,24.74928080255,0.003448255925788421,0.3448255925788421,0.003448255925788421,0.002758604740630737,scenario,cyp_cystitis,39.813224964511015
3.166666666667,brain,2.7108842261075567,0.989952154463,0.010047845537,0.2943293075589808,29.432930755898077,0.06245502525764109,6.24550252576411,0.24748803861575,24.748803861575,0.0034675918724298596,0.34675918724298593,0.0034675918724298605,0.0027740734979438885,scenario,cyp_cystitis,38.75507283194603
3.25,brain,2.7234034144414156,0.989932292981,0.010067707019,0.2945337327485895,29.45337327485895,0.06273421267111937,6.273421267111937,0.24748307324525,24.748307324525,0.0034870896737854546,0.34870896737854545,0.0034870896737854546,0.0027896717390283638,scenario,cyp_cystitis,37.696920699393736
3.333333333333,brain,2.736010865927203,0.989911704063,0.010088295937,0.2947393070159799,29.47393070159799,0.06301517466697316,6.301517466697317,0.24747792601575,24.747792601575,0.0035067392447212927,0.35067392447212925,0.0035067392447212927,0.0028053913957770344,scenario,cyp_cystitis,36.638768566841456
3.416666666667,brain,2.7486979863184056,0.98989038771,0.01010961229,0.29494588903101493,29.494588903101494,0.06329772280468655,6.329772280468656,0.2474725969275,24.74725969275,0.0035265300474103386,0.35265300474103384,0.0035265300474103386,0.002821224037928271,scenario,cyp_cystitis,35.580616434276465
3.5,brain,2.7614558654067745,0.98986834392,0.01013165608,0.29515333259267146,29.515333259267145,0.06358166215022859,6.358166215022859,0.24746708598,24.746708598,0.0035464510981919185,0.35464510981919184,0.0035464510981919176,0.002837160878553534,scenario,cyp_cystitis,34.52246430172417
3.583333333333,brain,2.774275284972706,0.989845572694,0.010154427306,0.2953614867767952,29.53614867767952,0.06386679147106027,6.386679147106027,0.2474613931735,24.74613931735,0.003566490975584588,0.3566490975584588,0.0035664909755845882,0.0028531927804676706,scenario,cyp_cystitis,33.464312169171876
3.666666666667,brain,2.7871467276024733,0.989822074032,0.010177925968,0.29557019609416335,29.557019609416336,0.06415290344821778,6.415290344821778,0.247455518508,24.7455518508,0.003586637829455981,0.3586637829455981,0.0035866378294559806,0.0028693102635647845,scenario,cyp_cystitis,32.406160036606884
3.75,brain,2.800060386371205,0.989797847934,0.010202152066,0.29577930066317615,29.577930066317613,0.06443978490623481,6.443978490623481,0.2474494619835,24.74494619835,0.003606879391356194,0.36068793913561936,0.0036068793913561934,0.002885503513084955,scenario,cyp_cystitis,31.348007904054594
3.833333333333,brain,2.8130061753878555,0.9897728944,0.0102271056,0.29598863639520356,29.598863639520356,0.0647272170602714,6.472721706027141,0.2474432236,24.74432236,0.0036272029860179556,0.36272029860179555,0.003627202986017955,0.0029017623888143644,scenario,cyp_cystitis,30.289855771502314
3.916666666667,brain,2.825973741191457,0.98974721343,0.01025278657,0.29619803519258414,29.619803519258415,0.0650149757801122,6.50149757801122,0.2474368033575,24.74368033575,0.0036475955440167,0.36475955440167,0.0036475955440167,0.0029180764352133605,scenario,cyp_cystitis,29.23170363893733
4.0,brain,2.8389524749893047,0.989720805024,0.010279194976,0.2964073251590019,29.640732515900194,0.06530283187066925,6.530283187066925,0.247430201256,24.743020125599998,0.0036680436155865606,0.3668043615586561,0.00366804361558656,0.0029344348924692483,scenario,cyp_cystitis,28.17355150638503
4.083333333333,brain,2.851931525724922,0.989693669182,0.010306330818,0.2966109717054074,29.66109717054074,0.06558340587987652,6.558340587987652,0.2474234172955,24.74234172955,0.0036860188298235507,0.3686018829823551,0.003686018829823551,0.002948815063858841,scenario,cyp_cystitis,27.818678671174304
4.166666666667,brain,2.864899813956624,0.989665805904,0.010334194096,0.29681411082973763,29.681411082973764,0.06586354580498355,6.586354580498355,0.247416451476,24.7416451476,0.003703991948459661,0.37039919484596606,0.003703991948459661,0.002963193558767729,scenario,cyp_cystitis,27.463805835959317
4.25,brain,2.8778460465288256,0.98963721519,0.01036278481,0.2970165607962282,29.70165607962282,0.0661430093316376,6.61430093316376,0.2474093037975,24.74093037975,0.0037219484189917715,0.3721948418991772,0.003721948418991771,0.002977558735193417,scenario,cyp_cystitis,27.108933000748593
4.333333333333,brain,2.8907587320154238,0.98960789704,0.01039210296,0.2972181371027638,29.72181371027638,0.06642155045701838,6.642155045701838,0.24740197426,24.740197425999998,0.0037398734153455257,0.37398734153455254,0.0037398734153455252,0.0029918987322764203,scenario,cyp_cystitis,26.754060165537865
4.416666666667,brain,2.90362619690756,0.989577851454,0.010422148546,0.29741865274833806,29.741865274833806,0.06669891984645075,6.6698919846450755,0.2473944628635,24.73944628635,0.0037577518583119377,0.3757751858311938,0.0037577518583119377,0.0030062014866495505,scenario,cyp_cystitis,26.399187330322892
4.5,brain,2.9164366025194814,0.989547078432,0.010452921568,0.2976179185100939,29.761791851009388,0.06697486520279189,6.697486520279189,0.247386769608,24.7386769608,0.003775568436943313,0.3775568436943313,0.003775568436943313,0.0030204547495546507,scenario,cyp_cystitis,26.044314495112154
4.583333333333,brain,2.9291779625834495,0.989515577974,0.010484422026,0.29781574322939447,29.78157432293945,0.0672491316478593,6.72491316478593,0.2473788944935,24.73788944935,0.003793307630873024,0.3793307630873024,0.003793307630873024,0.0030346461046984194,scenario,cyp_cystitis,25.68944165990143
4.666666666667,brain,2.9418381614977918,0.989483444998,0.010516555002,0.2980119626936133,29.80119626936133,0.06752146859215104,6.752146859215104,0.2473708612495,24.73708612495,0.003810953733514367,0.38109537335143673,0.0038109537335143675,0.003048762986811494,scenario,cyp_cystitis,25.334568824686446
4.75,brain,2.9544049731937436,0.989450966122,0.010549033878,0.29820646920505844,29.820646920505844,0.06779163689941128,6.779163689941129,0.2473627415305,24.73627415305,0.0038284908760960767,0.3828490876096077,0.0038284908760960767,0.0030627927008768617,scenario,cyp_cystitis,24.97969598947572
4.833333333333,brain,2.9668660805841163,0.989418160867,0.010581839133,0.2983990737159635,29.839907371596354,0.0680593779989514,6.80593779989514,0.24735454021675,24.735454021675,0.0038459030524886496,0.38459030524886495,0.00384590305248865,0.00307672244199092,scenario,cyp_cystitis,24.624823154265
4.916666666667,brain,2.979209095550283,0.989385029234,0.010614970766,0.29858958058467117,29.858958058467117,0.06832443103489491,6.832443103489491,0.2473462573085,24.73462573085,0.0038631741447666735,0.38631741447666734,0.0038631741447666735,0.003090539315813339,scenario,cyp_cystitis,24.269950319050015
5.0,brain,2.9914215794257273,0.989351571223,0.010648428777,0.29877779377091856,29.877779377091855,0.06858653462022475,6.858653462022475,0.24733789280575,24.733789280575,0.003880287949454966,0.38802879494549664,0.0038802879494549665,0.0031042303595639736,scenario,cyp_cystitis,23.915077483839287
5.083333333333,brain,3.003491063932063,0.989317786832,0.010682213168,0.2989635171611413,29.89635171611413,0.06884542727085505,6.884542727085504,0.247329446708,24.7329446708,0.0038972282044032313,0.38972282044032314,0.003897228204403231,0.003117782563522585,scenario,cyp_cystitis,23.560204648628552
5.166666666667,brain,3.015405072517315,0.989283676063,0.010716323937,0.29914655490007347,29.91465549000735,0.06910084784576465,6.910084784576465,0.24732091901575,24.732091901575,0.0039139786162255144,0.39139786162255147,0.0039139786162255144,0.0031311828929804116,scenario,cyp_cystitis,23.205331813413572
5.25,brain,3.0271511420482957,0.989249238916,0.010750761084,0.2993267117221556,29.932671172215557,0.06935253599087413,6.935253599087413,0.247312309729,24.7312309729,0.003930522888243702,0.3930522888243702,0.003930522888243701,0.003144418310594961,scenario,cyp_cystitis,22.850458978202848
5.333333333333,brain,3.0387168448069133,0.989214475389,0.010785524611,0.2995037932874173,29.95037932874173,0.06960023258688974,6.960023258688974,0.24730361884725,24.730361884725,0.0039468447488716476,0.39468447488716474,0.0039468447488716476,0.003157475799097318,scenario,cyp_cystitis,22.495586142992117
5.416666666667,brain,3.0500898107347214,0.989179385485,0.010820614515,0.29967760652130687,29.967760652130686,0.06984368020007582,6.984368020007582,0.24729484637125,24.729484637124997,0.003962927980368784,0.39629279803687845,0.003962927980368784,0.0031703423842950277,scenario,cyp_cystitis,22.140713307777137
5.5,brain,3.0612577498723788,0.989143969201,0.010856030799,0.2998479599501107,29.98479599501107,0.07008262353314758,7.008262353314758,0.24728599230025,24.728599230025,0.003978756447895492,0.39787564478954923,0.0039787564478954915,0.0031830051583163935,scenario,cyp_cystitis,21.785840472566406
5.583333333333,brain,3.0722084749391296,0.989108226539,0.010891773461,0.30001466404327665,30.001466404327665,0.07031680987803554,7.031680987803554,0.24727705663475,24.727705663475,0.003994314128800328,0.39943141288003275,0.003994314128800329,0.003195451303040263,scenario,cyp_cystitis,21.43096763735569
5.666666666667,brain,3.082929923992595,0.989072157498,0.010927842502,0.30017753154936644,30.017753154936642,0.07054598956648858,7.054598956648858,0.2472680393745,24.72680393745,0.004009585142062417,0.4009585142062417,0.004009585142062417,0.0032076681136499335,scenario,cyp_cystitis,21.076094802140695
5.75,brain,3.093410183111869,0.989035762079,0.010964237921,0.3003363778345288,30.033637783452882,0.07076991641970506,7.076991641970507,0.24725894051975,24.725894051975,0.004024553777816148,0.4024553777816148,0.004024553777816147,0.0032196430222529177,scenario,cyp_cystitis,20.721221966929978
5.833333333333,brain,3.103637509045892,0.988999040281,0.011000959719,0.30049102121602245,30.049102121602246,0.07098834819436323,7.098834819436322,0.24724976007025,24.724976007025003,0.004039204526883794,0.4039204526883794,0.004039204526883794,0.003231363621507035,scenario,cyp_cystitis,20.366349131719247
5.916666666667,brain,3.113600351765024,0.988961992105,0.011038007895,0.3006412832950886,30.06412832950886,0.07120104702511813,7.120104702511814,0.24724049802625,24.724049802625,0.004053522110235933,0.40535221102359326,0.004053522110235933,0.0032428176881887463,scenario,cyp_cystitis,20.011476296504263
6.0,brain,3.123287376856844,0.988924617549,0.011075382451,0.30078698928321984,30.078698928321984,0.07140777986129315,7.140777986129315,0.24723115438725,24.723115438725,0.004067491508303743,0.40674915083037433,0.004067491508303744,0.0032539932066429954,scenario,cyp_cystitis,19.656603461293535
6.083333333333,brain,3.1326874877067437,0.988886924247,0.011113075753,0.3009279706499075,30.09279706499075,0.07160831945087666,7.160831945087666,0.24722173106175,24.722173106175,0.004081097990066628,0.40810979900666283,0.004081097990066628,0.0032648783920533027,scenario,cyp_cystitis,19.301730626082804
6.166666666667,brain,3.1417898474007084,0.988849213783,0.011150786217,0.30106415261688585,30.106415261688586,0.07180246556151448,7.180246556151449,0.24721230344575,24.721230344574998,0.004094327141833795,0.40943271418337945,0.004094327141833795,0.003275461713467036,scenario,cyp_cystitis,18.946857790867824
6.25,brain,3.150583900291158,0.988811642116,0.011188357884,0.30119542078519657,30.119542078519657,0.07199001367492872,7.199001367492872,0.247202910529,24.720291052900002,0.004107164895643269,0.4107164895643269,0.00410716489564327,0.003285731916514616,scenario,cyp_cystitis,18.591984955657093
6.333333333333,brain,3.1590593931668813,0.988774209245,0.011225790755,0.30132161817314684,30.132161817314685,0.07217075448252912,7.217075448252912,0.24719355231125,24.719355231125,0.004119597557201841,0.4119597557201841,0.004119597557201841,0.003295678045761473,scenario,cyp_cystitis,18.23711212044637
6.416666666667,brain,3.1672063959658256,0.98873691517,0.01126308483,0.30144259294858883,30.144259294858884,0.0723444855414518,7.23444855414518,0.2471842287925,24.71842287925,0.004131611833285882,0.41316118332858814,0.004131611833285882,0.0033052894666287056,scenario,cyp_cystitis,17.882239285231382
6.5,brain,3.1750153219733726,0.988699759892,0.011300240108,0.30155819871631423,30.155819871631422,0.07251101165775234,7.251101165775234,0.247174939973,24.7174939973,0.004143194858528233,0.4143194858528233,0.004143194858528233,0.0033145558868225866,scenario,cyp_cystitis,17.52736645002066
6.583333333333,brain,3.182476947449482,0.988662743411,0.011337256589,0.3016682947956739,30.16682947956739,0.07267014525723191,7.267014525723191,0.24716568585275,24.716568585275,0.004154334221517213,0.41543342215172135,0.0041543342215172125,0.0033234673772137703,scenario,cyp_cystitis,17.172493614809934
6.666666666667,brain,3.1895824306267793,0.988625865725,0.011374134275,0.30177274648862257,30.177274648862255,0.07282170674316343,7.282170674316343,0.24715646643125,24.715646643124998,0.004165017990131395,0.41650179901313955,0.004165017990131395,0.0033320143921051165,scenario,cyp_cystitis,16.817620779594954
6.75,brain,3.19632333002585,0.988589126837,0.011410873163,0.30187142533968025,30.187142533968025,0.07296552484057367,7.296552484057367,0.24714728170925,24.714728170925,0.00417523473603956,0.417523473603956,0.00417523473603956,0.003340187788831648,scenario,cyp_cystitis,16.462747944384226
6.833333333333,brain,3.202691622035344,0.988552526745,0.011447473255,0.3019642093795563,30.196420937955633,0.07310143692440843,7.310143692440843,0.24713813168625,24.713813168625002,0.004184973558296759,0.41849735582967595,0.0041849735582967585,0.003347978846637407,scenario,cyp_cystitis,16.1078751091735
6.916666666667,brain,3.2086797177041544,0.988516065449,0.011483934551,0.3020509833621791,30.20509833621791,0.07322928933323884,7.322928933323884,0.24712901636225,24.712901636225,0.004194224105966334,0.4194224105966334,0.004194224105966334,0.003355379284773067,scenario,cyp_cystitis,15.753002273958511
7.0,brain,3.214280478697365,0.988479742949,0.011520257051,0.302131638986633,30.213163898663296,0.07334893766584397,7.334893766584397,0.24711993573725,24.711993573725,0.004202976599703753,0.4202976599703753,0.004202976599703754,0.003362381279763004,scenario,cyp_cystitis,15.398129438747784
7.083333333333,brain,3.2194872323695645,0.988443559247,0.011556440753,0.3022060751074317,30.220607510743168,0.07346024706090896,7.346024706090897,0.24711088981175,24.711088981175,0.004211221852240458,0.4211221852240458,0.004211221852240458,0.003368977481792367,scenario,cyp_cystitis,15.043256603537063
7.166666666667,brain,3.224293785909701,0.98840751434,0.01159248566,0.3022741979286194,30.227419792861944,0.07356309245815928,7.356309245815929,0.247101878585,24.7101878585,0.004218951287705912,0.4218951287705912,0.004218951287705913,0.0033751610301647307,scenario,cyp_cystitis,14.688383768322076
7.25,brain,3.2286944395162678,0.98837160823,0.01162839177,0.302335921189177,30.233592118917702,0.07365735884223604,7.365735884223604,0.2470929020575,24.70929020575,0.00422615695973244,0.422615695973244,0.004226156959732439,0.003380925567785952,scenario,cyp_cystitis,14.333510933111354
7.333333333333,brain,3.232683998563986,0.988335840917,0.011664159083,0.3023911663288995,30.23911663288995,0.07374294146619934,7.374294146619934,0.24708396022925,24.708396022925,0.004232831568290246,0.42328315682902456,0.004232831568290246,0.0033862652546321967,scenario,cyp_cystitis,13.978638097900625
7.416666666667,brain,3.236257784724621,0.9883002124,0.0116997876,0.3024398626419582,30.243986264195822,0.07381974605594427,7.381974605594427,0.2470750531,24.70750531,0.004238968475201331,0.42389684752013307,0.0042389684752013315,0.0033911747801610654,scenario,cyp_cystitis,13.623765262685641
7.5,brain,3.239411646009211,0.988264722679,0.011735277321,0.30248194741564305,30.248194741564305,0.07388768899452404,7.388768899452404,0.24706618066975,24.706618066975,0.004244561718287317,0.4244561718287317,0.004244561718287317,0.0033956493746298538,scenario,cyp_cystitis,13.268892427474912
7.583333333333,brain,3.242141965701829,0.988229406199,0.011770593801,0.3025173765970516,30.251737659705157,0.07394670006306878,7.394670006306877,0.24705735154975,24.705735154975,0.0042496060241097285,0.42496060241097283,0.0042496060241097285,0.003399684819287783,scenario,cyp_cystitis,12.91401959226419
7.666666666667,brain,3.2444456701571895,0.988194389854,0.011805610146,0.30254614266540636,30.254614266540635,0.07399672693587514,7.399672693587514,0.2470485974635,24.70485974635,0.004254096819263508,0.4254096819263508,0.0042540968192635075,0.003403277455410806,scenario,cyp_cystitis,12.5591467570492
7.75,brain,3.2463202354390726,0.988159719235,0.011840280765,0.3025682215340975,30.25682215340975,0.07403772230046336,7.403772230046337,0.24703992980875,24.703992980875,0.004258030240190879,0.4258030240190879,0.004258030240190878,0.0034064241921527025,scenario,cyp_cystitis,12.204273921838475
7.833333333333,brain,3.24776369277962,0.988125432569,0.011874567431,0.30258359524748624,30.258359524748624,0.07406964947364829,7.406964947364829,0.24703135814225,24.703135814225,0.00426140314148658,0.426140314148658,0.004261403141486581,0.0034091225131892646,scenario,cyp_cystitis,11.849401086627752
7.916666666667,brain,3.248774632842489,0.988091568084,0.011908431916,0.30259225429064907,30.259225429064905,0.07409248302619872,7.409248302619872,0.247022892021,24.7022892021,0.004264213102668671,0.4264213102668671,0.00426421310266867,0.003411370482134936,scenario,cyp_cystitis,11.494528251412769
8.0,brain,3.249352208777296,0.98805816401,0.01194183599,0.30259419762863565,30.259419762863565,0.07410620883484752,7.410620883484752,0.2470145410025,24.70145410025,0.00426645843339521,0.42664584333952105,0.00426645843339521,0.0034131667467161685,scenario,cyp_cystitis,11.13965541620204
8.083333333333,brain,3.249496138056081,0.988025258575,0.011974741425,0.30258729337714696,30.258729337714698,0.07410797164452926,7.410797164452926,0.24700631464375,24.700631464375,0.004267086785261199,0.4267086785261199,0.004267086785261199,0.003413669428208959,scenario,cyp_cystitis,11.034903157725399
8.166666666667,brain,3.2492067030859966,0.987992890006,0.012007109994,0.3025736970211236,30.257369702112356,0.07410063269283144,7.410063269283144,0.2469982225015,24.69982225015,0.00426714856279606,0.426714856279606,0.00426714856279606,0.003413718850236848,scenario,cyp_cystitis,10.930150899247499
8.25,brain,3.2484847505965915,0.987961096533,0.012038903467,0.3025534337532012,30.25534337532012,0.07408421282660163,7.408421282660163,0.24699027413325,24.699027413325002,0.004266644697439349,0.4266644697439349,0.004266644697439349,0.0034133157579514795,scenario,cyp_cystitis,10.825398640770864
8.333333333333,brain,3.247331689803395,0.987929916383,0.012070083617,0.30252653723029016,30.252653723029017,0.07405874417938686,7.405874417938686,0.24698247909575,24.698247909575,0.004265576854799874,0.4265576854799874,0.004265576854799873,0.003412461483839899,scenario,cyp_cystitis,10.720646382294222
8.416666666667,brain,3.245749489353445,0.987899387786,0.012100612214,0.3024930495296203,30.24930495296203,0.07402427011082709,7.402427011082708,0.2469748469465,24.697484694649997,0.004263947431064221,0.4263947431064221,0.0042639474310642205,0.0034111579448513766,scenario,cyp_cystitis,10.615894123816322
8.5,brain,3.2437406730621086,0.987869548968,0.012130451032,0.30245302108433086,30.245302108433087,0.07398084512310778,7.398084512310778,0.246967387242,24.696738724200003,0.004261759547834068,0.42617595478340686,0.004261759547834068,0.0034094076382672547,scenario,cyp_cystitis,10.511141865339683
8.583333333333,brain,3.241308314453833,0.987840438159,0.012159561841,0.3024065106073313,30.240651060733132,0.07392853475677508,7.392853475677508,0.24696010953975,24.696010953975,0.004259017045407424,0.4259017045407424,0.004259017045407423,0.0034072136363259386,scenario,cyp_cystitis,10.40638960686304
8.666666666667,brain,3.2384560301236935,0.987812093587,0.012187906413,0.30235358499475695,30.235358499475694,0.0738674154640093,7.38674154640093,0.24695302339675,24.695302339675,0.004255724474524305,0.4255724474524305,0.004255724474524304,0.0034045795796194436,scenario,cyp_cystitis,10.301637348385148
8.75,brain,3.235187971939761,0.987784553481,0.012215446519,0.30229431921629635,30.229431921629633,0.07379757446139514,7.3797574461395135,0.24694613837025,24.694613837025,0.004251887086601514,0.42518870866015146,0.004251887086601514,0.0034015096692812117,scenario,cyp_cystitis,10.196885089908506
8.833333333333,brain,3.23150881810939,0.987757856067,0.012242143933,0.30222879618776144,30.222879618776144,0.07371910956134864,7.3719109561348635,0.24693946401675,24.693946401675,0.004247510822485219,0.4247510822485219,0.00424751082248522,0.003398008657988176,scenario,cyp_cystitis,10.092132831431865
8.916666666667,brain,3.2274237631369553,0.987732039576,0.012267960424,0.30215710663203904,30.215710663203904,0.07363212898405204,7.363212898405204,0.246933009894,24.6933009894,0.004242602299755565,0.42426022997555646,0.004242602299755564,0.0033940818398044514,scenario,cyp_cystitis,9.987380572953969
9.0,brain,3.22293850670302,0.987707142235,0.012292857765,0.3020793489198953,30.20793489198953,0.0735367511481937,7.353675114819371,0.24692678555875,24.692678555875,0.0042371687986209215,0.42371687986209217,0.0042371687986209215,0.0033897350388967375,scenario,cyp_cystitis,9.882628314477325
9.083333333333,brain,3.2180592414976896,0.987683202273,0.012316797727,0.301995628900806,30.1995628900806,0.07343310444340798,7.343310444340798,0.24692080056825,24.692080056825,0.004231218246442965,0.4231218246442965,0.004231218246442966,0.003384974597154373,scenario,cyp_cystitis,9.777876056000684
9.166666666667,brain,3.212792640045408,0.987660257918,0.012339742082,0.3019060597169046,30.19060597169046,0.07332132698320613,7.332132698320613,0.2469150644795,24.69150644795,0.004224759200939477,0.4224759200939477,0.004224759200939476,0.003379807360751581,scenario,cyp_cystitis,9.673123797522791
9.25,brain,3.2071458405600692,0.987638347398,0.012361652602,0.30181076160447856,30.181076160447855,0.07320156633997138,7.320156633997138,0.2469095868495,24.69095868495,0.004217800832114027,0.4217800832114027,0.004217800832114026,0.003374240665691221,scenario,cyp_cystitis,9.56837153904615
9.333333333333,brain,3.2011264318717547,0.987617508942,0.012382491058,0.3017098616822703,30.17098616822703,0.07307397926236042,7.3073979262360425,0.2469043772355,24.690437723549998,0.00421035290296492,0.42103529029649206,0.0042103529029649195,0.003368282322371936,scenario,cyp_cystitis,9.46361928056951
9.416666666667,brain,3.194742437470758,0.987597780778,0.012402219222,0.3016034937262083,30.160349372620832,0.07293873137561113,7.293873137561113,0.2468994451945,24.68994451945,0.00420242574903128,0.420242574903128,0.004202425749031279,0.0033619405992250232,scenario,cyp_cystitis,9.358867022091612
9.5,brain,3.1880022987153804,0.987579201134,0.012420798866,0.3014917979329493,30.149179793294927,0.07279599686593236,7.279599686593236,0.2468948002835,24.68948002835,0.0041940302568354475,0.41940302568354476,0.004194030256835448,0.003355224205468359,scenario,cyp_cystitis,9.254114763614973
9.583333333333,brain,3.1809148572518713,0.98756180489,0.01243819511,0.3013749196498693,30.13749196498693,0.07264595790315906,7.264595790315906,0.2468904512225,24.68904512225,0.0041851778412833485,0.41851778412833485,0.004185177841283349,0.0033481422730266795,scenario,cyp_cystitis,9.149362505138333
9.666666666667,brain,3.1734893366991086,0.987545444503,0.012454555497,0.3012529544906202,30.125295449062016,0.07248879115316025,7.248879115316025,0.24688636112575,24.688636112575,0.0041758804220899046,0.4175880422089905,0.004175880422089905,0.0033407043376719246,scenario,cyp_cystitis,9.044610246660435
9.75,brain,3.165735323650484,0.987530030135,0.012469969865,0.3011260214006028,30.11260214006028,0.07232468515580372,7.232468515580372,0.24688250753375,24.688250753374998,0.004166150399296594,0.41661503992965937,0.004166150399296594,0.003332920319437275,scenario,cyp_cystitis,8.939857988183794
9.833333333333,brain,3.157662748046807,0.987515570352,0.012484429648,0.3009942747553197,30.09942747553197,0.07215384288975964,7.215384288975963,0.246878892588,24.6878892588,0.004156000627950091,0.4156000627950091,0.004156000627950091,0.003324800502360073,scenario,cyp_cystitis,8.835105729707154
9.916666666667,brain,3.149281862978003,0.987502073721,0.012497926279,0.3008578740325908,30.08578740325908,0.07197647413645443,7.197647413645443,0.24687551843025,24.687551843025,0.004145444392016032,0.4145444392016032,0.004145444392016032,0.003316355513612826,scenario,cyp_cystitis,8.730353471229256
10.0,brain,3.1406032239702952,0.987489548808,0.012510451192,0.30071698351666276,30.071698351666278,0.07179279508621703,7.179279508621702,0.246872387202,24.6872387202,0.00413449537760073,0.41344953776007304,0.00413449537760073,0.0033075963020805844,scenario,cyp_cystitis,8.625601212752617
10.083333333333,brain,3.131637667816319,0.98747800418,0.01252199582,0.3005717719959235,30.05717719959235,0.07160302793456468,7.160302793456467,0.246869501045,24.6869501045,0.004123167645554774,0.41231676455547744,0.004123167645554774,0.0032985341164438195,scenario,cyp_cystitis,8.520848954275975
10.166666666667,brain,3.1223962910092533,0.987467448404,0.012532551596,0.3004224124528609,30.04224124528609,0.07140740046914787,7.140740046914787,0.246866862101,24.6866862101,0.004111475603537142,0.4111475603537142,0.004111475603537142,0.0032891804828297138,scenario,cyp_cystitis,8.416096695798075
10.25,brain,3.1128904278400116,0.987457890046,0.012542109954,0.3002690817479289,30.026908174792887,0.07120614564857179,7.1206145648571795,0.2468644725115,24.68644725115,0.004099433977616012,0.4099433977616012,0.004099433977616013,0.0032795471820928103,scenario,cyp_cystitis,8.311344437321436
10.333333333333,brain,3.1031316282167,0.987449337672,0.012550662328,0.30011196029868636,30.011196029868636,0.07099950117424848,7.099950117424848,0.246862334418,24.686233441800002,0.004087057783482817,0.40870577834828165,0.004087057783482817,0.0032696462267862536,scenario,cyp_cystitis,8.206592178844799
10.416666666667,brain,3.093131635268787,0.987441799849,0.012558200151,0.2999512317544186,29.99512317544186,0.07078770905622483,7.078770905622483,0.24686044996225,24.686044996225,0.004074362297360243,0.4074362297360243,0.004074362297360242,0.0032594898378881937,scenario,cyp_cystitis,8.101839920366901
10.5,brain,3.0829023627955046,0.987435285145,0.012564714855,0.2997870826667176,29.97870826667176,0.07057101517395684,7.057101517395684,0.24685882128625,24.685882128625,0.004061363026681373,0.40613630266813733,0.004061363026681373,0.003249090421345099,scenario,cyp_cystitis,7.9970876618902595
10.583333333333,brain,3.0724558726175224,0.987429802125,0.012570197875,0.2996197021558992,29.961970215589922,0.07034966883286563,7.034966883286563,0.24685745053125,24.685745053125,0.0040480756806165865,0.40480756806165863,0.0040480756806165865,0.0032384605444932693,scenario,cyp_cystitis,7.89233540341362
10.666666666667,brain,3.0618043518938247,0.987425359355,0.012574640645,0.29944928157774303,29.944928157774303,0.0701239223186574,7.01239223186574,0.24685633983875,24.685633983875,0.004034516140528672,0.4034516140528672,0.004034516140528671,0.003227612912422937,scenario,cyp_cystitis,7.787583144935721
10.75,brain,3.050960090461893,0.987421965404,0.012578034596,0.2992760141883103,29.927601418831028,0.06989403044974711,6.989403044974711,0.246855491351,24.6855491351,0.0040207004304318025,0.4020700430431802,0.004020700430431803,0.003216560344345443,scenario,cyp_cystitis,7.682830886459081
10.833333333333,brain,3.0399354582582716,0.987419628836,0.012580371164,0.29910009480521055,29.910009480521055,0.06966025012828075,6.966025012828076,0.246854907209,24.6854907209,0.004006644687528866,0.4006644687528866,0.004006644687528865,0.003205315750023092,scenario,cyp_cystitis,7.578078627982441
10.916666666667,brain,3.028742882879082,0.987418358219,0.012581641781,0.29892171947434876,29.892171947434875,0.06942283989279831,6.942283989279831,0.24685458955475,24.685458955475,0.003992365132904827,0.3992365132904827,0.003992365132904827,0.003193892106323862,scenario,cyp_cystitis,7.473326369504542
11.0,brain,3.0173948273354467,0.98741816212,0.01258183788,0.2987410851335399,29.874108513353992,0.06918205947138659,6.9182059471386586,0.24685454053,24.685454053,0.003977878042448114,0.3977878042448114,0.003977878042448114,0.0031823024339584917,scenario,cyp_cystitis,7.368574111027901
11.083333333333,brain,3.0059037680572276,0.987419049104,0.012580950896,0.29855838927922806,29.855838927922807,0.06893816933763741,6.893816933763741,0.246854762276,24.6854762276,0.003963199718070015,0.39631997180700146,0.003963199718070015,0.003170559774456012,scenario,cyp_cystitis,7.263821852551262
11.166666666667,brain,2.9942821732006237,0.987421027228,0.012578972772,0.29837382948332214,29.837382948332213,0.06869143023509622,6.869143023509622,0.246855256807,24.6855256807,0.003948346459294976,0.39483464592949763,0.003948346459294976,0.0031586771674359812,scenario,cyp_cystitis,7.159069594073365
11.25,brain,2.9825424813098618,0.987423993505,0.012576006495,0.29818756968663285,29.818756968663283,0.06844209508051045,6.844209508051045,0.24685599837625,24.685599837625,0.0039333345352879,0.39333345352879,0.0039333345352879,0.0031466676282303203,scenario,cyp_cystitis,7.054317335596725
11.333333333333,brain,2.9706970803812265,0.987427858052,0.012572141948,0.2979997774496662,29.799977744966622,0.06819041724888834,6.819041724888835,0.246856964513,24.6856964513,0.003918180157382104,0.3918180157382104,0.003918180157382104,0.0031345441259056834,scenario,cyp_cystitis,6.949565077120084
11.416666666667,brain,2.9587582873794833,0.987432609603,0.012567390397,0.29781064338299024,29.781064338299025,0.06793665464298695,6.793665464298695,0.24685815240075,24.685815240075,0.0039028994521739606,0.3902899452173961,0.0039028994521739606,0.0031223195617391688,scenario,cyp_cystitis,6.844812818642186
11.5,brain,2.946738328250865,0.987438236889,0.012561763111,0.2976203570635233,29.76203570635233,0.06768106378836437,6.768106378836437,0.24685955922225,24.685955922225,0.003887508435242758,0.3887508435242758,0.003887508435242758,0.0031100067481942065,scenario,cyp_cystitis,6.7400605601655466
11.583333333333,brain,2.9346493184744533,0.987444728642,0.012555271358,0.29742910673006534,29.742910673006534,0.06742389942608715,6.742389942608715,0.2468611821605,24.686118216049998,0.0038720229855513572,0.3872022985551357,0.003872022985551357,0.0030976183884410856,scenario,cyp_cystitis,6.635308301688906
11.666666666667,brain,2.9225032441953083,0.987452073594,0.012547926406,0.29723707898434415,29.723707898434416,0.06716541411445887,6.716541411445887,0.2468630183985,24.68630183985,0.003856458820585223,0.3856458820585223,0.003856458820585223,0.003085167056468179,scenario,cyp_cystitis,6.530556043211009
11.75,brain,2.910311943976391,0.987460260478,0.012539739522,0.2970444585003246,29.704445850032464,0.06690585784109952,6.6905857841099525,0.2468650651195,24.68650651195,0.0038408314722793223,0.38408314722793224,0.003840831472279322,0.003072665177823458,scenario,cyp_cystitis,6.425803784734368
11.833333333333,brain,2.898087091203702,0.987469278025,0.012530721975,0.2968514277405794,29.685142774057937,0.0666454776457725,6.66454776457725,0.24686731950625,24.686731950625,0.0038251562637790742,0.3825156263779074,0.003825156263779074,0.003060125011023259,scenario,cyp_cystitis,6.321051526257728
11.916666666667,brain,2.8858401771803925,0.987479114966,0.012520885034,0.29665816668306777,29.66581666830678,0.06638451725542367,6.638451725542367,0.2468697787415,24.686977874150003,0.0038094482870832088,0.38094482870832086,0.0038094482870832088,0.0030475586296665673,scenario,cyp_cystitis,6.21629926777983
12.0,brain,2.8735824949389768,0.987489760035,0.012510239965,0.29646485255765986,29.646485255765988,0.06612321673187982,6.6123216731879815,0.24687244000875,24.687244000875,0.0037937223816079304,0.379372238160793,0.0037937223816079313,0.0030349779052863454,scenario,cyp_cystitis,6.11154700930319
12.083333333333,brain,2.8613251237979966,0.987501201963,0.012498798037,0.2962710666964496,29.62710666964496,0.06586102160759948,6.586102160759948,0.24687530049075,24.687530049074997,0.003777704157172665,0.3777704157172665,0.003777704157172665,0.0030221633257381322,scenario,cyp_cystitis,6.084036012745812
12.166666666667,brain,2.8490789146906854,0.987513429481,0.012486570519,0.29607757733291085,29.607757733291084,0.06559895995021449,6.559895995021449,0.24687835737025,24.687835737024997,0.00376169922354849,0.376169922354849,0.0037616992235484895,0.0030093593788387916,scenario,cyp_cystitis,6.056525016188106
12.25,brain,2.836854476286379,0.987526431323,0.012473568677,0.29588455196094055,29.588455196094053,0.06533725884025406,6.533725884025405,0.24688160783075,24.688160783075,0.0037457215381646583,0.3745721538164658,0.0037457215381646583,0.002996577230531727,scenario,cyp_cystitis,6.029014019630727
12.333333333333,brain,2.824662161922597,0.987540196219,0.012459803781,0.29569215436378976,29.569215436378975,0.06507614041205298,6.507614041205298,0.24688504905475,24.688504905475,0.003729784725872673,0.3729784725872673,0.003729784725872673,0.0029838277806981386,scenario,cyp_cystitis,6.001503023073352
12.416666666667,brain,2.8125120573668334,0.987554712903,0.012445287097,0.29550054440675666,29.550054440675666,0.06481582157467557,6.481582157467557,0.24688867822575,24.688867822575,0.0037139020627372874,0.37139020627372876,0.0037139020627372874,0.00297112165018983,scenario,cyp_cystitis,5.973992026515643
12.5,brain,2.8004139694202728,0.987569970105,0.012430029895,0.29530987783717905,29.530987783717904,0.0645565137479054,6.45565137479054,0.24689249252625,24.689249252625,0.003698086460926251,0.3698086460926251,0.0036980864609262513,0.0029584691687410012,scenario,cyp_cystitis,5.946481029958267
12.583333333333,brain,2.7883774153728726,0.987585956558,0.012414043442,0.2951203061012921,29.51203061012921,0.06429842261572279,6.429842261572278,0.2468964891395,24.68964891395,0.0036823504547120333,0.36823504547120334,0.003682350454712034,0.0029458803637696274,scenario,cyp_cystitis,5.91897003340089
12.666666666667,brain,2.776411613320355,0.987602660993,0.012397339007,0.29493197617016964,29.493197617016964,0.0640417478958929,6.404174789589289,0.24690066524825,24.690066524825,0.003666706187600237,0.3666706187600237,0.003666706187600237,0.00293336495008019,scenario,cyp_cystitis,5.891459036843184
12.75,brain,2.7645254733469486,0.987620072144,0.012379927856,0.29474503038152705,29.474503038152704,0.0637866831273694,6.378668312736941,0.246905018036,24.6905018036,0.0036511654005905976,0.36511654005905975,0.003651165400590598,0.0029209323204724786,scenario,cyp_cystitis,5.863948040285806
12.833333333333,brain,2.752727589575055,0.987638138648,0.012361861352,0.29455959433336815,29.455959433336815,0.06353341289515751,6.353341289515751,0.246909534662,24.6909534662,0.003635739421572968,0.3635739421572968,0.0036357394215729686,0.0029085915372583752,scenario,cyp_cystitis,5.836437043728428
12.916666666667,brain,2.741026233084211,0.987656802604,0.012343197396,0.2943757867913797,29.43757867913797,0.06328211485383964,6.328211485383964,0.246914200651,24.6914200651,0.003620439155862258,0.3620439155862258,0.003620439155862258,0.0028963513246898064,scenario,cyp_cystitis,5.80892604717072
13.0,brain,2.7294293456952117,0.987676044507,0.012323955493,0.29419373295855333,29.419373295855333,0.06303296244240444,6.303296244240444,0.24691901112675,24.691901112674998,0.003605275077867716,0.3605275077867716,0.003605275077867716,0.002884220062294173,scenario,cyp_cystitis,5.781415050613344
13.083333333333,brain,2.7179445346128244,0.987695844857,0.012304155143,0.29401355290316983,29.40135529031698,0.06278612225189308,6.278612225189308,0.24692396121425,24.692396121425002,0.003590257223888765,0.35902572238887653,0.0035902572238887646,0.002872205779111012,scenario,cyp_cystitis,5.753904054055967
13.166666666667,brain,2.706579067921825,0.987716184151,0.012283815849,0.29383536146260286,29.383536146260287,0.06254175389980378,6.254175389980378,0.24692904603775,24.692904603775002,0.0035753951860312506,0.35753951860312505,0.003575395186031251,0.002860316148825001,scenario,cyp_cystitis,5.726393057498259
13.25,brain,2.695339870924929,0.987737042887,0.012262957113,0.2936592681639771,29.365926816397707,0.062300009922969427,6.230000992296943,0.24693426072175,24.693426072175,0.0035606981072298623,0.3560698107229862,0.0035606981072298623,0.00284855848578389,scenario,cyp_cystitis,5.698882060940883
13.333333333333,brain,2.68423352330901,0.987758401564,0.012241598436,0.2934853771568191,29.34853771568191,0.06206103568775879,6.2061035687758785,0.246939600391,24.6939600391,0.0035461746773596163,0.35461746773596164,0.003546174677359616,0.002836939741887693,scenario,cyp_cystitis,5.671371064383505
13.416666666667,brain,2.6732662571274926,0.987780240679,0.012219759321,0.29331378715793105,29.331378715793104,0.061824969317574724,6.1824969317574725,0.24694506016975,24.694506016975,0.003531833130421169,0.3531833130421169,0.0035318331304211694,0.0028254665043369355,scenario,cyp_cystitis,5.643860067825798
13.5,brain,2.6624439555810393,0.987802540732,0.012197459268,0.29314459141158444,29.314459141158444,0.061591941638112546,6.159194163811255,0.246950635183,24.6950635183,0.003517681242777172,0.3517681242777172,0.003517681242777172,0.0028141449942217377,scenario,cyp_cystitis,5.616349071268422
13.583333333333,brain,2.6517721525768074,0.987825282219,0.012174717781,0.292977877658886,29.2977877658886,0.06136207613884802,6.136207613884801,0.24695632055475,24.695632055475,0.003503726332414382,0.3503726332414382,0.0035037263324143825,0.0028029810659315063,scenario,cyp_cystitis,5.5888380747110435
13.666666666667,brain,2.6412560330482657,0.987848445639,0.012151554361,0.2928137281238537,29.28137281238537,0.061135488952138294,6.113548895213829,0.24696211140975,24.696211140975,0.0034899752592084683,0.3489975259208468,0.0034899752592084687,0.002791980207366775,scenario,cyp_cystitis,5.561327078153336
13.75,brain,2.6309004340122364,0.987872011491,0.012127988509,0.29265221950879755,29.265221950879756,0.06091228884806339,6.091228884806339,0.24696800287275,24.696800287275,0.0034764344261614057,0.34764344261614055,0.003476434426161405,0.002781147540929124,scenario,cyp_cystitis,5.533816081595959
13.833333333333,brain,2.62070984633839,0.987895960273,0.012104039727,0.29249342300226416,29.249342300226417,0.06069257724535221,6.069257724535221,0.24697399006825,24.697399006825,0.0034631097815794477,0.34631097815794476,0.0034631097815794477,0.0027704878252635583,scenario,cyp_cystitis,5.506305085038583
13.916666666667,brain,2.6106884172083276,0.987920272482,0.012079727518,0.29233740429896277,29.233740429896276,0.06047644823795034,6.047644823795034,0.2469800681205,24.69800681205,0.0034500068221620787,0.3450006822162079,0.003450006822162079,0.0027600054577296635,scenario,cyp_cystitis,5.478794088480875
14.0,brain,2.600839953236595,0.987944928618,0.012055071382,0.2921842236321903,29.218422363219034,0.06026398863692041,6.026398863692041,0.2469862321545,24.69862321545,0.0034371305969660444,0.34371305969660443,0.003437130596966045,0.002749704477572836,scenario,cyp_cystitis,5.451283091923498
14.083333333333,brain,2.5911679242249366,0.987969909177,0.012030090823,0.2920339358139243,29.20339358139243,0.06005527802623237,6.005527802623237,0.24699247729425,24.699247729425,0.0034244857122071493,0.3424485712207149,0.0034244857122071493,0.0027395885697657197,scenario,cyp_cystitis,5.42377209536612
14.166666666667,brain,2.581675467523202,0.987995194659,0.012004805341,0.29188659028991093,29.188659028991093,0.05985038883354788,5.985038883354788,0.24699879866475,24.699879866475,0.003412076336865211,0.34120763368652113,0.0034120763368652115,0.0027296610694921694,scenario,cyp_cystitis,5.396261098808414
14.25,brain,2.5723653929661126,0.988020765561,0.011979234439,0.29174223120043147,29.17422312004315,0.059649386413575256,5.964938641357525,0.24700519139025,24.700519139025,0.003399906209051997,0.3399906209051997,0.0033999062090519965,0.0027199249672415974,scenario,cyp_cystitis,5.368750102251036
14.333333333333,brain,2.5632401883544125,0.988046602382,0.011953397618,0.29160089745427015,29.160089745427015,0.05945232914502687,5.945232914502687,0.2470116505955,24.70116505955,0.0033879786431010527,0.3387978643101053,0.003387978643101053,0.0027103829144808425,scenario,cyp_cystitis,5.341239105693661
14.416666666667,brain,2.554302025451304,0.988072682589,0.011927317411,0.29146262191545497,29.146262191545496,0.05925926835760662,5.925926835760662,0.24701817064725,24.701817064725002,0.003376296537341349,0.3376296537341349,0.003376296537341349,0.0027010372298730792,scenario,cyp_cystitis,5.313728109135952
14.5,brain,2.545552766461368,0.988098982019,0.011901017981,0.29132743190925203,29.132743190925204,0.059070248539336005,5.9070248539336,0.24702474550475,24.702474550475,0.003364862382511832,0.3364862382511832,0.0033648623825118314,0.002691889906009465,scenario,cyp_cystitis,5.286217112578575
14.583333333333,brain,2.5369939709589078,0.988125480407,0.011874519593,0.29119535095095656,29.119535095095657,0.05888530779894209,5.888530779894209,0.24703137010175,24.703137010175,0.0033536782707735417,0.3353678270773542,0.0033536782707735417,0.0026829426166188335,scenario,cyp_cystitis,5.258706116021198
14.666666666667,brain,2.5286269032352138,0.988152157511,0.011847842489,0.2910663977080452,29.10663977080452,0.058704477773726955,5.8704477773726955,0.24703803937775,24.703803937775,0.0033427459052792897,0.33427459052792896,0.0033427459052792906,0.0026741967242234327,scenario,cyp_cystitis,5.231195119463491
14.75,brain,2.5204525400310933,0.988178993092,0.011821006908,0.2909405861078597,29.09405861078597,0.058527783779813,5.8527783779813,0.247044748273,24.7044748273,0.0033320666102567005,0.33320666102567004,0.0033320666102567,0.0026656532882053602,scenario,cyp_cystitis,5.203684122906114
14.833333333333,brain,2.512471578621129,0.988205966909,0.011794033091,0.2908179254563971,29.08179254563971,0.05835524497219617,5.835524497219617,0.24705149172725,24.705149172725,0.003321641341560559,0.3321641341560559,0.0033216413415605595,0.002657313073248448,scenario,cyp_cystitis,5.176173126348736
14.916666666667,brain,2.5046844452188273,0.988233058722,0.011766941278,0.29069842056563255,29.069842056563257,0.05818687451351012,5.818687451351012,0.2470582646805,24.70582646805,0.0033114706976538986,0.3311470697653899,0.003311470697653898,0.0026491765581231185,scenario,cyp_cystitis,5.148662129791029
15.0,brain,2.4970913036692184,0.988260248292,0.011739751708,0.2905820718855869,29.058207188558686,0.05802267975011584,5.802267975011584,0.247065062073,24.7065062073,0.003301554930973807,0.33015549309738074,0.003301554930973807,0.002641243944779046,scenario,cyp_cystitis,5.121151133233652
15.083333333333,brain,2.4896920643958977,0.988287515377,0.011712484623,0.2904688756403014,29.04688756403014,0.057862662394735156,5.786266239473516,0.24707187884425,24.707187884425,0.0032918939596385064,0.32918939596385066,0.003291893959638507,0.0026335151677108056,scenario,cyp_cystitis,5.0936401366762745
15.166666666667,brain,2.482486393572338,0.988314839738,0.011685160262,0.29035882397133284,29.035882397133285,0.05770681871577714,5.770681871577714,0.2470787099345,24.70787099345,0.0032824873794558883,0.32824873794558884,0.0032824873794558883,0.002625989903564711,scenario,cyp_cystitis,5.0661291401185675
15.25,brain,2.4754737224851824,0.988342201135,0.011657798865,0.2902519050823431,29.02519050823431,0.05755513973145744,5.755513973145744,0.24708555028375,24.708555028375002,0.003273334476190943,0.32733344761909433,0.003273334476190943,0.0026186675809527545,scenario,cyp_cystitis,5.038618143561192
15.333333333333,brain,2.4686532570579467,0.988369579328,0.011630420672,0.2901481033886586,29.01481033886586,0.057407611408878144,5.740761140887814,0.247092394832,24.709239483199998,0.0032644342380504245,0.32644342380504243,0.0032644342380504245,0.00261154739044034,scenario,cyp_cystitis,5.0111071470038135
15.416666666667,brain,2.4620239875064867,0.988396954075,0.011603045925,0.29004739966895743,29.00473996689574,0.057264214866943226,5.726421486694322,0.24709923851875,24.709923851874997,0.0032557853683468866,0.3255785368346887,0.0032557853683468866,0.0026046282946775093,scenario,cyp_cystitis,4.983596150446106
15.5,brain,2.455584698095904,0.988424305138,0.011575694862,0.2899497712217885,28.99497712217885,0.05712492658305137,5.712492658305137,0.2471060762845,24.71060762845,0.0032473862983020273,0.32473862983020274,0.0032473862983020273,0.002597909038641622,scenario,cyp_cystitis,4.956085153888729
15.583333333333,brain,2.449333976969526,0.988451612276,0.011548387724,0.2898551920202505,28.98551920202505,0.05698971860166734,5.6989718601667345,0.247112903069,24.7112903069,0.003239235199950528,0.3239235199950528,0.003239235199950528,0.0025913881599604225,scenario,cyp_cystitis,4.928574157331352
15.666666666667,brain,2.443270226023548,0.988478855249,0.011521144751,0.28976363287140944,28.976363287140945,0.05685855874554589,5.685855874554589,0.24711971381225,24.711971381225002,0.0032313299991094183,0.3231329999109418,0.0032313299991094183,0.002585063999287535,scenario,cyp_cystitis,4.901063160773645
15.75,brain,2.4373916707996575,0.988506013816,0.011493986184,0.289675061574979,28.9675061574979,0.056731410827971986,5.673141082797199,0.247126503454,24.7126503454,0.003223668388376325,0.3223668388376325,0.0032236683883763244,0.00257893471070106,scenario,cyp_cystitis,4.873552164216267
15.833333333333,brain,2.4316963703690786,0.988533067738,0.011466932262,0.2895894430840187,28.95894430840187,0.056608234866024926,5.660823486602492,0.2471332669345,24.71332669345,0.0032162478401214414,0.3216247840121441,0.0032162478401214405,0.0025729982720971525,scenario,cyp_cystitis,4.846041167658891
15.916666666667,brain,2.4261822271844435,0.988559996774,0.011440003226,0.2895067396637085,28.95067396637085,0.05648898729361135,5.648898729361135,0.2471399991935,24.713999919349998,0.0032090656194419223,0.32090656194419226,0.003209065619441922,0.0025672524955535378,scenario,cyp_cystitis,4.818530171101183
16.0,brain,2.420846996874932,0.98858681159,0.01141318841,0.28942692010016086,28.942692010016085,0.05637362293688116,5.637362293688116,0.2471467028975,24.71467028975,0.0032021187970461404,0.320211879704614,0.0032021187970461404,0.0025616950376369124,scenario,cyp_cystitis,4.7910191745438055
16.083333333333,brain,2.4156882979614105,0.9886135526,0.0113864474,0.2893499595068491,28.93499595068491,0.0562620951424655,5.6262095142465505,0.24715338815,24.715338815,0.00319540426203695,0.319540426203695,0.0031954042620369496,0.00255632340962956,scenario,cyp_cystitis,4.763508177986428
16.166666666667,brain,2.4107036214711717,0.988640207464,0.011359792536,0.28927581533090374,28.927581533090375,0.05615435128653832,5.615435128653832,0.247160051866,24.7160051866,0.003188918734566852,0.3188918734566852,0.003188918734566852,0.0025511349876534816,scenario,cyp_cystitis,4.735997181428722
16.25,brain,2.405890340431211,0.98866676263,0.01133323737,0.28920444260928474,28.920444260928473,0.056050335935713,5.6050335935713,0.2471666906575,24.71666906575,0.0031826587783370685,0.31826587783370686,0.003182658778337069,0.0025461270226696552,scenario,cyp_cystitis,4.708486184871345
16.333333333333,brain,2.401245719220343,0.988693204548,0.011306795452,0.28913579447890336,28.913579447890335,0.05594999112253779,5.594999112253779,0.247173301137,24.7173301137,0.0031766208129143944,0.31766208129143947,0.0031766208129143944,0.002541296650331516,scenario,cyp_cystitis,4.680975188313966
16.416666666667,brain,2.396766922763205,0.988719519666,0.011280480334,0.28906982232786554,28.906982232786554,0.05585325654848739,5.585325654848739,0.2471798799165,24.717987991650002,0.0031708011258432065,0.3170801125843207,0.0031708011258432065,0.0025366409006745655,scenario,cyp_cystitis,4.65346419175626
16.5,brain,2.3924510255487936,0.988745694434,0.011254305566,0.2890064759465524,28.900647594655236,0.05576006978406982,5.576006978406982,0.2471864236085,24.718642360849998,0.0031651958845295806,0.3165195884529581,0.0031651958845295806,0.0025321567076236648,scenario,cyp_cystitis,4.625953195198883
16.583333333333,brain,2.3882950204575257,0.988771715301,0.011228284699,0.2889457036738487,28.89457036738487,0.055670366464798275,5.567036646479828,0.24719292882525,24.719292882525,0.0031598011478761795,0.31598011478761795,0.0031598011478761795,0.002527840918300944,scenario,cyp_cystitis,4.598442198641505
16.666666666667,brain,2.3842958273834536,0.988797568717,0.011202431283,0.28888745254177395,28.888745254177394,0.05558408048336524,5.558408048336524,0.24719939217925,24.719939217925,0.0031546128776500705,0.31546128776500704,0.003154612877650071,0.0025236903021200567,scenario,cyp_cystitis,4.570931202083799
16.75,brain,2.3804503016380125,0.98882324113,0.01117675887,0.2888316684153319,28.883166841533193,0.05550114417710926,5.550114417710926,0.2472058102825,24.72058102825,0.003149626949565305,0.3149626949565305,0.003149626949565305,0.002519701559652244,scenario,cyp_cystitis,4.543420205526421
16.833333333333,brain,2.376755242123008,0.988848718989,0.011151281011,0.288778296130559,28.8778296130559,0.055421488511078684,5.542148851107869,0.24721217974725,24.721217974725,0.0031448391640638584,0.31448391640638584,0.0031448391640638584,0.0025158713312510867,scenario,cyp_cystitis,4.515909208969044
16.916666666667,brain,2.373207399263023,0.988873988744,0.011126011256,0.288727279627945,28.8727279627945,0.05534504325592662,5.534504325592661,0.247218497186,24.7218497186,0.0031402452567817645,0.31402452567817646,0.0031402452567817645,0.002512196205425412,scenario,cyp_cystitis,4.4883982124113375
17.0,brain,2.3698034826872716,0.988899036844,0.011100963156,0.2886785620813259,28.867856208132594,0.0552717371604345,5.52717371604345,0.247224759211,24.722475921100003,0.003135840908687101,0.3135840908687101,0.003135840908687101,0.002508672726949681,scenario,cyp_cystitis,4.46088721585396
17.083333333333,brain,2.3665401686522216,0.988923849738,0.011076150262,0.28863208602353607,28.86320860235361,0.05520149811871479,5.520149811871479,0.2472309624345,24.723096243449998,0.0031316217558782057,0.31316217558782056,0.0031316217558782057,0.002505297404702565,scenario,cyp_cystitis,4.433376219296582
17.166666666667,brain,2.363414107198565,0.988948413875,0.011051586125,0.2885877934675176,28.85877934675176,0.05513425333169014,5.513425333169014,0.24723710346875,24.723710346875,0.003127583399033449,0.3127583399033449,0.003127583399033449,0.002502066719226759,scenario,cyp_cystitis,4.405865222738877
17.25,brain,2.360421929036027,0.988972715705,0.011027284295,0.28854562602333717,28.854562602333715,0.05506992946278287,5.506992946278287,0.24724317892625,24.724317892625,0.0031237214125038213,0.31237214125038215,0.0031237214125038213,0.0024989771300030572,scenario,cyp_cystitis,4.378354226181498
17.333333333333,brain,2.357560252150745,0.988996741676,0.011003258324,0.28850552500954124,28.850552500954123,0.05500845278738828,5.500845278738828,0.247249185419,24.724918541900003,0.0031200313530412066,0.31200313530412066,0.0031200313530412066,0.0024960250824329656,scenario,cyp_cystitis,4.350843229624121
17.416666666667,brain,2.354825688131932,0.989020478238,0.010979521762,0.2884674315619812,28.84674315619812,0.05494974933664158,5.4949749336641585,0.2472551195595,24.72551195595,0.0031165087681578364,0.31165087681578363,0.003116508768157836,0.002493207014526269,scenario,cyp_cystitis,4.323332233066415
17.5,brain,2.352214848214544,0.989043911839,0.010956088161,0.28843128673565743,28.843128673565744,0.054893745034543244,5.489374503454324,0.24726097795975,24.726097795975,0.003113149204112451,0.3113149204112451,0.003113149204112451,0.0024905193632899607,scenario,cyp_cystitis,4.2958212365090365
17.583333333333,brain,2.349724349035751,0.98906702893,0.01093297107,0.2883970316044854,28.839703160448536,0.054840365829313883,5.484036582931388,0.2472667572325,24.72667572325,0.003109948213520116,0.3109948213520116,0.0031099482135201165,0.0024879585708160934,scenario,cyp_cystitis,4.268310239951659
17.666666666667,brain,2.3473508181047906,0.989089815959,0.010910184041,0.28836460735312575,28.836460735312574,0.054789537817834334,5.478953781783433,0.24727245398975,24.727245398975,0.0031069013625849916,0.31069013625849917,0.003106901362584992,0.002485521090067994,scenario,cyp_cystitis,4.240799243393953
17.75,brain,2.3450908989857764,0.989112259375,0.010887740625,0.2883339553669799,28.833395536697992,0.05474118736430653,5.474118736430653,0.24727806484375,24.727806484375,0.003104004237955337,0.3104004237955337,0.0031040042379553373,0.0024832033903642702,scenario,cyp_cystitis,4.2132882468365755
17.833333333333,brain,2.3429412561939955,0.989134345628,0.010865654372,0.2883050173162618,28.83050173162618,0.05469524121234907,5.469524121234906,0.247283586407,24.728358640699998,0.0031012524532013737,0.31012524532013735,0.0031012524532013737,0.002481001962561099,scenario,cyp_cystitis,4.185777250279198
17.916666666667,brain,2.3408985798077575,0.989156061167,0.010843938833,0.28827773523475064,28.827773523475063,0.05465162659066754,5.4651626590667535,0.24728901529175,24.728901529174998,0.0030986416549185444,0.3098641654918544,0.0030986416549185444,0.0024789133239348357,scenario,cyp_cystitis,4.158266253721491
18.0,brain,2.33895958979785,0.98917739244,0.01082260756,0.2882520515944129,28.825205159441293,0.054610271312550515,5.461027131255052,0.24729434811,24.729434811,0.0030961675284588127,0.30961675284588125,0.0030961675284588122,0.00247693402276705,scenario,cyp_cystitis,4.130755257164114
18.083333333333,brain,2.3371210400774514,0.989198325898,0.010801674102,0.2882279093765122,28.82279093765122,0.054571103869349644,5.457110386934964,0.2472995814745,24.729958147450002,0.003093825803293637,0.3093825803293637,0.003093825803293637,0.00247506064263491,scenario,cyp_cystitis,4.103244260606736
18.166666666667,brain,2.3353797222766692,0.989218891625,0.010781108375,0.28820526484837533,28.820526484837533,0.05453405592283378,5.453405592283378,0.24730472290625,24.730472290625,0.003091612258014019,0.30916122580140193,0.0030916122580140187,0.002473289806411215,scenario,cyp_cystitis,4.07573326404903
18.25,brain,2.333732469245811,0.989239184122,0.010760815878,0.2881840936729605,28.81840936729605,0.054499063523280676,5.4499063523280675,0.2473097960305,24.73097960305,0.0030895227249729358,0.30895227249729357,0.003089522724972935,0.0024716181799783483,scenario,cyp_cystitis,4.048222267491653
18.333333333333,brain,2.3321761582921594,0.989259205254,0.010740794746,0.2881643452090261,28.81643452090261,0.05446605852736815,5.446605852736814,0.2473148013135,24.73148013135,0.003087553094576398,0.3087553094576398,0.003087553094576398,0.0024700424756611186,scenario,cyp_cystitis,4.0207112709342745
18.416666666667,brain,2.3307077141560937,0.989278952763,0.010721047237,0.28814596835694506,28.814596835694505,0.05443497355492669,5.443497355492669,0.24731973819075,24.731973819075,0.0030856993192307325,0.30856993192307325,0.003085699319230733,0.0024685594553845863,scenario,cyp_cystitis,3.9932002743765684
18.5,brain,2.3293241117323107,0.989298424389,0.010701575611,0.2881289128071291,28.81289128071291,0.05440574227983882,5.440574227983882,0.24732460609725,24.732460609725,0.0030839574169535954,0.30839574169535955,0.0030839574169535954,0.0024671659335628766,scenario,cyp_cystitis,3.9656892778191906
18.583333333333,brain,2.3280223785424106,0.989317617875,0.010682382125,0.28811312908493925,28.811312908493925,0.05437829948825232,5.4378299488252315,0.24732940446875,24.732940446875002,0.003082323474656953,0.30823234746569533,0.003082323474656953,0.002465858779725563,scenario,cyp_cystitis,3.9381782812618127
18.666666666667,brain,2.326799596965967,0.989336530962,0.010663469038,0.28809856858858407,28.809856858858407,0.05435258113077879,5.435258113077879,0.2473341327405,24.73341327405,0.00308079365111131,0.308079365111131,0.003080793651111309,0.0024646349208890476,scenario,cyp_cystitis,3.9106672847041075
18.75,brain,2.32565290623706,0.989355161392,0.010644838608,0.2880851836253653,28.808518362536528,0.054328524369820344,5.432852436982034,0.247338790348,24.733879034799997,0.003079364179600371,0.30793641796003707,0.003079364179600371,0.002463491343680297,scenario,cyp_cystitis,3.88315628814673
18.833333333333,brain,2.3245795042136272,0.989373506906,0.010626493094,0.28807292744260266,28.807292744260266,0.054306067621470215,5.430606762147021,0.2473433767265,24.73433767265,0.003078031370275775,0.3078031370275775,0.003078031370275775,0.0024624250962206203,scenario,cyp_cystitis,3.8556452915893518
18.916666666667,brain,2.3235766489276437,0.989391565246,0.010608434754,0.28806175425599356,28.806175425599356,0.05428515059265811,5.428515059265811,0.2473478913115,24.734789131150002,0.0030767916122224088,0.30767916122224087,0.0030767916122224088,0.002461433289777927,scenario,cyp_cystitis,3.8281342950316453
19.0,brain,2.3226416599239443,0.989409334153,0.010590665847,0.28805161927320583,28.805161927320583,0.05426571431327444,5.426571431327444,0.24735233353825,24.735233353825002,0.0030756413752445816,0.30756413752445816,0.0030756413752445816,0.0024605131001956652,scenario,cyp_cystitis,3.800623298474268
19.083333333333,brain,2.3217719193957587,0.989426811369,0.010573188631,0.28804247871516847,28.804247871516846,0.05424770116389129,5.424770116389129,0.24735670284225,24.735670284225,0.003074577211383674,0.3074577211383674,0.0030745772113836734,0.002459661769106939,scenario,cyp_cystitis,3.77311230191689
19.166666666667,brain,2.3209648731254906,0.989443994636,0.010556005364,0.2880342898331649,28.803428983316493,0.05423105489888661,5.423105489888661,0.247360998659,24.736099865899998,0.003073595756178462,0.3073595756178462,0.0030735957561784616,0.0024588766049427695,scenario,cyp_cystitis,3.7456013053591843
19.25,brain,2.320218031239043,0.989460881695,0.010539118305,0.288027010922741,28.802701092274102,0.05421572066532133,5.421572066532133,0.24736522042375,24.736522042375,0.003072693729679053,0.3072693729679053,0.0030726937296790533,0.002458154983743243,scenario,cyp_cystitis,3.718090308801806
19.333333333333,brain,2.3195289687821274,0.989477470287,0.010522529713,0.28802060133515145,28.802060133515145,0.054201645017868595,5.42016450178686,0.24736936757175,24.736936757175,0.003071867937225542,0.3071867937225542,0.003071867937225542,0.0024574943497804335,scenario,cyp_cystitis,3.6905793122444286
19.416666666667,brain,2.318895326127288,0.989493758155,0.010506241845,0.2880150214862019,28.80150214862019,0.05418877592993589,5.418877592993589,0.24737343953875,24.737343953874998,0.0030711152700028718,0.30711152700028715,0.003071115270002872,0.002456892216002298,scenario,cyp_cystitis,3.6630683156867225
19.5,brain,2.3183148092201167,0.98950974304,0.01049025696,0.2880102328605903,28.80102328605903,0.05417706280078706,5.417706280078706,0.24737743576,24.737743576,0.0030704327053830685,0.3070432705383068,0.003070432705383068,0.0024563461643064546,scenario,cyp_cystitis,3.6355573191293447
19.583333333333,brain,2.3177851896731547,0.989525422683,0.010474577317,0.28800619801538535,28.800619801538534,0.054166456459513804,5.41664564595138,0.24738135567075,24.738135567075002,0.0030698173070660517,0.30698173070660517,0.0030698173070660517,0.0024558538456528416,scenario,cyp_cystitis,3.6080463225719677
19.666666666667,brain,2.317304304716152,0.989540794825,0.010459205175,0.2880028805804597,28.800288058045968,0.054156909165612936,5.415690916561293,0.24738519870625,24.738519870625,0.003069266225030428,0.3069266225030428,0.0030692662250304276,0.002455412980024342,scenario,cyp_cystitis,3.580535326014261
19.75,brain,2.3168700570110308,0.98955585721,0.01044414279,0.28800024525747414,28.800024525747414,0.05414837460663224,5.4148374606632235,0.2473889643025,24.738896430249998,0.003068776695305276,0.3068776695305276,0.0030687766953052765,0.0024550213562442216,scenario,cyp_cystitis,3.5530243294568837
19.833333333333,brain,2.3164804143399,0.989570607577,0.010429392423,0.2879982578134806,28.79982578134806,0.05414080789230744,5.414080789230744,0.24739265189425,24.739265189425,0.0030683460395739453,0.30683460395739454,0.003068346039573945,0.002454676831659156,scenario,cyp_cystitis,3.525513332899506
19.916666666667,brain,2.316133409174438,0.989585043669,0.010414956331,0.2879968850774327,28.79968850774327,0.05413416554691027,5.413416554691027,0.24739626091725,24.739626091725,0.0030679716646208046,0.30679716646208044,0.0030679716646208046,0.002454377331696644,scenario,cyp_cystitis,3.4980023363418002
20.0,brain,2.3158271381347086,0.989599163228,0.010400836772,0.2879960949307207,28.79960949307207,0.054128405498294264,5.4128405498294265,0.247399790807,24.7399790807,0.0030676510616315994,0.30676510616315994,0.0030676510616315994,0.0024541208493052795,scenario,cyp_cystitis,3.4704913397844224
20.083333333333,brain,2.315559761345325,0.989612963994,0.010387036006,0.2879958562971018,28.79958562971018,0.054123487064802384,5.4123487064802385,0.2474032409985,24.74032409985,0.003067381805357855,0.3067381805357855,0.003067381805357855,0.002453905444286284,scenario,cyp_cystitis,3.442980343227044
20.166666666667,brain,2.3153295016968167,0.989626443709,0.010373556291,0.2879961391324517,28.79961391324517,0.05411937094026892,5.411937094026892,0.24740661092725,24.740661092725,0.003067161553155681,0.3067161553155681,0.0030671615531556815,0.0024537292425245456,scenario,cyp_cystitis,3.415469346669338
20.25,brain,2.31513464401974,0.989639600116,0.010360399884,0.28799691441155484,28.799691441155485,0.05411601917673973,5.4116019176739725,0.247409900029,24.740990002900002,0.0030669880439089347,0.3066988043908935,0.0030669880439089343,0.0024535904351271477,scenario,cyp_cystitis,3.3879583501119606
20.333333333333,brain,2.314973534178906,0.989652448152,0.010347551848,0.2879981591171292,28.799815911712923,0.054113396105505654,5.411339610550566,0.247413112038,24.741311203800002,0.0030668590968464782,0.3066859096846478,0.0030668590968464782,0.0024534872774771826,scenario,cyp_cystitis,3.3604473535545827
20.416666666667,brain,2.314844578094947,0.989665039347,0.010334960653,0.287999861869352,28.7999861869352,0.05411146937680266,5.411146937680266,0.24741625983675,24.741625983675,0.003066772610263051,0.3066772610263051,0.0030667726102630508,0.002453418088210441,scenario,cyp_cystitis,3.3329363569968766
20.5,brain,2.314746240700126,0.989677380177,0.010322619823,0.2880019991492184,28.80019991492184,0.0541102054732912,5.4110205473291195,0.24741934504425,24.741934504425,0.0030667265601528803,0.30667265601528804,0.00306672656015288,0.002453381248122304,scenario,cyp_cystitis,3.305425360439499
20.583333333333,brain,2.3146770448351033,0.989689473794,0.010310526206,0.2880045474249347,28.80045474249347,0.054109571968579614,5.410957196857962,0.2474223684485,24.742236844849998,0.0030667189987648954,0.3066718998764895,0.0030667189987648954,0.0024533751990119166,scenario,cyp_cystitis,3.2779143638821213
20.666666666667,brain,2.3146355700931447,0.989701323353,0.010298676647,0.28800748410148286,28.800748410148287,0.05410953768431051,5.410953768431051,0.24742533083825,24.742533083825,0.003066748053088111,0.3066748053088111,0.003066748053088111,0.002453398442470489,scenario,cyp_cystitis,3.250403367324415
20.75,brain,2.3146204516179694,0.989712932009,0.010287067991,0.28801078750030407,28.801078750030406,0.05411007266407207,5.411007266407207,0.24742823300225,24.742823300225,0.003066811923275352,0.3066811923275352,0.0030668119232753516,0.0024534495386202815,scenario,cyp_cystitis,3.2228923707670374
20.833333333333,brain,2.3146303788611986,0.989724302917,0.010275697083,0.28801443683914507,28.801443683914506,0.05411114814652678,5.411114814652678,0.24743107572925,24.743107572925,0.003066908881013221,0.30669088810132206,0.003066908881013221,0.002453527104810577,scenario,cyp_cystitis,3.1953813742096595
20.916666666667,brain,2.314664094305115,0.98973543923,0.01026456077,0.2880184122107106,28.80184122107106,0.05411273653761418,5.411273653761418,0.2474338598075,24.74338598075,0.0030670372678458188,0.30670372678458185,0.0030670372678458188,0.0024536298142766554,scenario,cyp_cystitis,3.167870377651954
21.0,brain,2.3147203921561577,0.989746344104,0.010253655896,0.2880226945628319,28.80226945628319,0.054114811382442576,5.411481138244258,0.247436586026,24.7436586026,0.0030671954934594205,0.30671954934594203,0.0030671954934594205,0.0024537563947675364,scenario,cyp_cystitis,3.140359381094576
21.083333333333,brain,2.314798117014346,0.989757020692,0.010242979308,0.28802726567500325,28.802726567500326,0.054117347336004366,5.411734733600436,0.247439255173,24.7439255173,0.0030673820339349464,0.30673820339349467,0.003067382033934947,0.002453905627147958,scenario,cyp_cystitis,3.1128483845371986
21.166666666667,brain,2.3148961625235263,0.989767472149,0.010232527851,0.2880321081377712,28.80321081377712,0.05412032013402829,5.412032013402829,0.24744186803725,24.744186803725,0.003067595429974708,0.30675954299747077,0.003067595429974708,0.0024540763439797665,scenario,cyp_cystitis,3.0853373879794916
21.25,brain,2.3150134700070923,0.98977770163,0.01022229837,0.2880372053298183,28.80372053298183,0.05412370656309107,5.412370656309107,0.2474444254075,24.74444254075,0.003067834285109568,0.3067834285109568,0.003067834285109568,0.0024542674280876547,scenario,cyp_cystitis,3.057826391422114
21.333333333333,brain,2.315149027093587,0.989787712289,0.010212287711,0.28804254139514396,28.804254139514395,0.054127484430525265,5.412748443052527,0.24744692807225,24.744692807225,0.003068097263892361,0.3068097263892361,0.003068097263892362,0.0024544778111138896,scenario,cyp_cystitis,3.0303153948647368
21.416666666667,brain,2.3153018663362785,0.989797507281,0.010202492719,0.28804810122099495,28.804810122099493,0.05413163253432656,5.413163253432656,0.24744937682025,24.744937682025,0.003068383090082974,0.3068383090082974,0.0030683830900829745,0.00245470647206638,scenario,cyp_cystitis,3.0028043983070307
21.5,brain,2.315471063830608,0.98980708976,0.01019291024,0.2880538704145742,28.80538704145742,0.05413613063276558,5.413613063276558,0.24745177244,24.745177244,0.0030686905448302254,0.30686905448302254,0.0030686905448302254,0.0024549524358641805,scenario,cyp_cystitis,2.975293401749653
21.583333333333,brain,2.3156557378331266,0.98981646288,0.01018353712,0.2880598352806276,28.80598352806276,0.05414095941417015,5.414095941417015,0.24745411572,24.745411572000002,0.0030690184648553805,0.30690184648553803,0.0030690184648553805,0.0024552147718843046,scenario,cyp_cystitis,2.9477824051922754
21.666666666667,brain,2.315855047385284,0.989825629797,0.010174370203,0.28806598279938334,28.806598279938335,0.05414610046684446,5.414610046684446,0.24745640744925,24.745640744924998,0.003069365740641692,0.30693657406416924,0.0030693657406416918,0.0024554925925133536,scenario,cyp_cystitis,2.920271408634569
21.75,brain,2.3160681909451917,0.989834593664,0.010165406336,0.2880723006025692,28.807230060256924,0.05415153624875898,5.415153624875898,0.247458648416,24.7458648416,0.0030697313146341378,0.30697313146341376,0.0030697313146341378,0.0024557850517073106,scenario,cyp_cystitis,2.8927604120771915
21.833333333333,brain,2.3162944050303005,0.989843357636,0.010156642364,0.28807877695250594,28.807877695250596,0.05415725005800793,5.415725005800793,0.247460839409,24.7460839409,0.003070114179453247,0.3070114179453247,0.0030701141794532475,0.002456091343562598,scenario,cyp_cystitis,2.8652494155198136
21.916666666667,brain,2.3165329628735956,0.989851924868,0.010148075132,0.2880854007193726,28.808540071937262,0.05416322600316348,5.416322600316348,0.247462981217,24.7462981217,0.0030705133761264342,0.3070513376126434,0.0030705133761264342,0.0024564107009011475,scenario,cyp_cystitis,2.8377384189621075
22.0,brain,2.316783173095786,0.989860298513,0.010139701487,0.2880921613587246,28.80921613587246,0.05416944897396616,5.416944897396616,0.24746507462825,24.746507462824997,0.003070927992340154,0.3070927992340154,0.0030709279923401534,0.002456742393872123,scenario,cyp_cystitis,2.81022742240473
22.083333333333,brain,2.317044378395736,0.989868481727,0.010131518273,0.2880990488913394,28.809904889133943,0.05417590461278587,5.417590461278587,0.24746712043175,24.746712043175002,0.0030713571607158376,0.30713571607158374,0.003071357160715837,0.00245708572857267,scenario,cyp_cystitis,2.7827164258473522
22.166666666667,brain,2.3173159542611033,0.989876477664,0.010123522336,0.2881060538804757,28.810605388047573,0.05418257928596761,5.418257928596761,0.247469119416,24.7469119416,0.003071800057112228,0.30718000571122284,0.003071800057112228,0.0024574400456897827,scenario,cyp_cystitis,2.755205429289646
22.25,brain,2.317597307701035,0.989884289478,0.010115710522,0.28811316741152637,28.811316741152638,0.05418946005603517,5.418946005603517,0.2474710723695,24.74710723695,0.0030722558989565467,0.3072255898956547,0.0030722558989565467,0.0024578047191652374,scenario,cyp_cystitis,2.7276944327322683
22.333333333333,brain,2.3178878760025703,0.989891920324,0.010108079676,0.288120381071764,28.812038107176402,0.05419653465435202,5.419653465435202,0.247472980081,24.7472980081,0.0030727239436067104,0.30727239436067105,0.0030727239436067113,0.0024581791548853693,scenario,cyp_cystitis,2.700183436174891
22.416666666667,brain,2.3181871255121367,0.989899373357,0.010100626643,0.28812768692991253,28.812768692991252,0.054203791454216735,5.420379145421673,0.24747484333925,24.747484333924998,0.0030732034867464136,0.30732034867464136,0.003073203486746414,0.0024585627893971315,scenario,cyp_cystitis,2.6726724396171844
22.5,brain,2.3184945504434338,0.989906651496,0.010093348504,0.2881350774477469,28.81350774477469,0.05421121943166254,5.421121943166254,0.247476662874,24.7476662874,0.003073693860814807,0.30736938608148073,0.003073693860814807,0.002458955088651846,scenario,cyp_cystitis,2.645161443059807
22.583333333333,brain,2.3188096717128315,0.989913756949,0.010086243051,0.28814254532256667,28.814254532256665,0.05421880811375555,5.421880811375555,0.24747843923725,24.747843923725,0.003074194433472279,0.3074194433472279,0.003074194433472279,0.0024593555467778234,scenario,cyp_cystitis,2.617650446502429
22.666666666667,brain,2.3191320358031646,0.989920692659,0.010079307341,0.2881500838892908,28.81500838892908,0.054226547632721084,5.422654763272108,0.24748017316475,24.748017316475,0.0030747046061034957,0.30747046061034955,0.0030747046061034952,0.0024597636848827965,scenario,cyp_cystitis,2.590139449944723
22.75,brain,2.319461213656734,0.989927461654,0.010072538346,0.28815768691295535,28.815768691295535,0.05423442866594046,5.423442866594046,0.2474818654135,24.74818654135,0.0030752238123587876,0.3075223812358788,0.0030752238123587876,0.00246017904988703,scenario,cyp_cystitis,2.5626284533873456
22.833333333333,brain,2.3197967995982016,0.98993406696,0.01006593304,0.2881653485455673,28.81653485455673,0.05424244240742307,5.424244240742307,0.24748351674,24.748351674,0.0030757515167348154,0.30757515167348154,0.003075751516734815,0.0024606012133878523,scenario,cyp_cystitis,2.5351174568299677
22.916666666667,brain,2.320138410287814,0.989940511604,0.010059488396,0.28817306330965353,28.81730633096535,0.05425058054487138,5.425058054487137,0.247485127901,24.7485127901,0.003076287213195076,0.30762872131950764,0.0030762872131950758,0.002461029770556061,scenario,cyp_cystitis,2.5076064602722616
23.0,brain,2.3204856837053796,0.989946798614,0.010053201386,0.2881808260814423,28.81808260814423,0.054258835237256366,5.425883523725637,0.2474866996535,24.74866996535,0.0030768304238308255,0.30768304238308253,0.0030768304238308246,0.00246146433906466,scenario,cyp_cystitis,2.4800954637148838
23.083333333333,brain,2.320838278165296,0.989952931017,0.010047068983,0.28818863207397377,28.818863207397378,0.05426719909296504,5.426719909296504,0.24748823275425,24.748823275425,0.003077380697562834,0.3077380697562834,0.003077380697562834,0.0024619045580502675,scenario,cyp_cystitis,2.4525844671575063
23.166666666667,brain,2.321195871362713,0.989958911839,0.010041088161,0.28819647682130645,28.819647682130643,0.054275665148741915,5.427566514874192,0.24748972795975,24.748972795975,0.003077937608884079,0.30779376088840793,0.003077937608884079,0.0024623500871072635,scenario,cyp_cystitis,2.4250734705998003
23.25,brain,2.3215581594509205,0.989964744109,0.010035255891,0.28820435616440226,28.820435616440225,0.05428422684953634,5.428422684953635,0.24749118602725,24.749118602725,0.0030785007566435053,0.3078500756643505,0.0030785007566435053,0.0024628006053148046,scenario,cyp_cystitis,2.3975624740424224
23.333333333333,brain,2.321924856149954,0.989970430852,0.010029569148,0.2882122662343252,28.821226623432523,0.054292878028433654,5.4292878028433655,0.247492607713,24.7492607713,0.003079069762870861,0.3079069762870861,0.003079069762870861,0.002463255810296689,scenario,cyp_cystitis,2.3700514774850445
23.416666666667,brain,2.3222956918862177,0.989975975096,0.010024024904,0.2882202034400276,28.82202034400276,0.05430161288803679,5.430161288803679,0.247493993774,24.7493993774,0.003079644271642342,0.3079644271642342,0.0030796442716423417,0.0024637154173138736,scenario,cyp_cystitis,2.3425404809273385
23.5,brain,2.3226704129629416,0.989981379869,0.010018620131,0.2882281644537341,28.822816445373412,0.05431042598197878,5.431042598197878,0.24749534496725,24.749534496725,0.0030802239479868184,0.3080223947986818,0.0030802239479868184,0.0024641791583894547,scenario,cyp_cystitis,2.315029484369961
23.583333333333,brain,2.3230487807612388,0.989986648197,0.010013351803,0.288236146197123,28.823614619712302,0.054319312197164,5.4319312197164,0.24749666204925,24.749666204925,0.0030808084768323358,0.30808084768323357,0.0030808084768323358,0.0024646467814658686,scenario,cyp_cystitis,2.287518487812583
23.666666666667,brain,2.3234305709713237,0.989991783107,0.010008216893,0.2882441458294617,28.82441458294617,0.054328266736948884,5.432826673694889,0.24749794577675,24.749794577675,0.0030813975619923286,0.30813975619923284,0.003081397561992328,0.0024651180495938625,scenario,cyp_cystitis,2.260007491254877
23.75,brain,2.323815572853519,0.989996787626,0.010003212374,0.28825216073506965,28.825216073506965,0.05433728510475958,5.433728510475958,0.2474991969065,24.74991969065,0.0030819909251910437,0.3081990925191044,0.0030819909251910437,0.0024655927401528352,scenario,cyp_cystitis,2.2324964946974992
23.833333333333,brain,2.324203588528629,0.990001664782,0.009998335218,0.28826018851185065,28.826018851185065,0.05434636308846751,5.434636308846751,0.2475004161955,24.75004161955,0.003082588305127651,0.3082588305127651,0.0030825883051276504,0.0024660706441021205,scenario,cyp_cystitis,2.204985498140122
23.916666666667,brain,2.3245944322970704,0.990006417602,0.009993582398,0.2882682269594258,28.826822695942578,0.05435549674523434,5.435549674523434,0.2475016044005,24.75016044005,0.0030831894565782093,0.3083189456578209,0.003083189456578209,0.002466551565262567,scenario,cyp_cystitis,2.1774745015824157
24.0,brain,2.324987929986252,0.990011049112,0.009988950888,0.2882762740683177,28.82762740683177,0.054364682387090225,5.436468238709023,0.247502762278,24.7502762278,0.0030837941495348523,0.30837941495348525,0.0030837941495348523,0.002467035319627882,scenario,cyp_cystitis,2.149963505025038
